Random seed = 694959942
/p/work/rditljtd/automl_zero/baseline_full.db3
evol_id:69756
SQLite Version: 3.4.0

Creating database for run.
/p/work/rditljtd/automl_zero/baseline_full.db3
Running evolution experiment (on the T_search tasks)...
indivs=200, elapsed_secs=0, mean=0.500000, stdev=0.000000, best fit=0.500000, best_overall=0.500000, mean_diversity=0.000000,
indivs=10255, elapsed_secs=6, mean=0.507922, stdev=0.007191, best fit=0.557400, best_overall=0.557400, mean_diversity=0.247049,
indivs=20362, elapsed_secs=11, mean=0.507542, stdev=0.051903, best fit=0.557400, best_overall=0.557400, mean_diversity=0.316205,
indivs=30482, elapsed_secs=16, mean=0.534175, stdev=0.066242, best fit=0.582000, best_overall=0.582000, mean_diversity=0.172231,
indivs=40597, elapsed_secs=22, mean=0.534189, stdev=0.033446, best fit=0.585300, best_overall=0.585300, mean_diversity=0.160875,
indivs=50624, elapsed_secs=31, mean=0.541746, stdev=0.043874, best fit=0.585300, best_overall=0.585300, mean_diversity=0.110428,
indivs=60648, elapsed_secs=37, mean=0.512966, stdev=0.055112, best fit=0.588200, best_overall=0.588200, mean_diversity=0.130037,
indivs=70729, elapsed_secs=44, mean=0.520799, stdev=0.078800, best fit=0.588200, best_overall=0.588200, mean_diversity=0.206835,
indivs=80875, elapsed_secs=52, mean=0.544669, stdev=0.063214, best fit=0.588200, best_overall=0.588200, mean_diversity=0.159182,
indivs=90898, elapsed_secs=60, mean=0.617478, stdev=0.051822, best fit=0.669200, best_overall=0.669200, mean_diversity=0.152988,
indivs=101070, elapsed_secs=76, mean=0.620242, stdev=0.095574, best fit=0.669400, best_overall=0.669400, mean_diversity=0.121571,
indivs=111221, elapsed_secs=92, mean=0.624659, stdev=0.091135, best fit=0.669400, best_overall=0.669400, mean_diversity=0.173627,
indivs=121361, elapsed_secs=107, mean=0.614489, stdev=0.093333, best fit=0.669400, best_overall=0.669400, mean_diversity=0.102788,
indivs=131439, elapsed_secs=123, mean=0.611315, stdev=0.128480, best fit=0.669400, best_overall=0.669400, mean_diversity=0.242539,
indivs=141536, elapsed_secs=140, mean=0.624049, stdev=0.061094, best fit=0.669400, best_overall=0.669400, mean_diversity=0.133103,
indivs=151615, elapsed_secs=159, mean=0.611967, stdev=0.090206, best fit=0.669400, best_overall=0.669400, mean_diversity=0.205968,
indivs=161651, elapsed_secs=174, mean=0.598063, stdev=0.059513, best fit=0.669500, best_overall=0.669500, mean_diversity=0.088152,
indivs=171800, elapsed_secs=188, mean=0.625673, stdev=0.103445, best fit=0.669500, best_overall=0.669500, mean_diversity=0.168023,
indivs=181824, elapsed_secs=204, mean=0.615092, stdev=0.112370, best fit=0.669500, best_overall=0.669500, mean_diversity=0.077857,
indivs=191999, elapsed_secs=222, mean=0.614400, stdev=0.117646, best fit=0.669500, best_overall=0.669500, mean_diversity=0.124133,
indivs=202068, elapsed_secs=241, mean=0.595315, stdev=0.060546, best fit=0.669500, best_overall=0.669500, mean_diversity=0.170954,
indivs=212148, elapsed_secs=258, mean=0.616772, stdev=0.066252, best fit=0.669500, best_overall=0.669500, mean_diversity=0.083951,
indivs=222322, elapsed_secs=273, mean=0.632419, stdev=0.071011, best fit=0.669500, best_overall=0.669500, mean_diversity=0.104195,
indivs=232380, elapsed_secs=289, mean=0.613022, stdev=0.064433, best fit=0.669500, best_overall=0.669500, mean_diversity=0.161139,
indivs=242468, elapsed_secs=304, mean=0.618538, stdev=0.056151, best fit=0.669500, best_overall=0.669500, mean_diversity=0.212061,
indivs=252477, elapsed_secs=323, mean=0.611258, stdev=0.076766, best fit=0.669500, best_overall=0.669500, mean_diversity=0.140638,
indivs=262519, elapsed_secs=345, mean=0.605778, stdev=0.130557, best fit=0.669800, best_overall=0.669800, mean_diversity=0.159466,
indivs=272522, elapsed_secs=378, mean=0.622471, stdev=0.077371, best fit=0.669900, best_overall=0.669900, mean_diversity=0.117643,
indivs=282618, elapsed_secs=415, mean=0.602930, stdev=0.123892, best fit=0.669900, best_overall=0.669900, mean_diversity=0.134841,
indivs=292655, elapsed_secs=453, mean=0.623497, stdev=0.096218, best fit=0.669900, best_overall=0.669900, mean_diversity=0.119231,
indivs=302808, elapsed_secs=498, mean=0.620887, stdev=0.073311, best fit=0.669900, best_overall=0.669900, mean_diversity=0.147312,
indivs=312936, elapsed_secs=534, mean=0.611042, stdev=0.073451, best fit=0.669900, best_overall=0.669900, mean_diversity=0.117338,
indivs=323047, elapsed_secs=568, mean=0.599811, stdev=0.110272, best fit=0.670000, best_overall=0.670000, mean_diversity=0.189786,
indivs=333190, elapsed_secs=602, mean=0.601632, stdev=0.137264, best fit=0.670000, best_overall=0.670000, mean_diversity=0.128171,
indivs=343201, elapsed_secs=638, mean=0.606726, stdev=0.130861, best fit=0.670000, best_overall=0.670000, mean_diversity=0.069864,
indivs=353311, elapsed_secs=667, mean=0.598026, stdev=0.131542, best fit=0.670000, best_overall=0.670000, mean_diversity=0.131740,
indivs=363390, elapsed_secs=695, mean=0.627313, stdev=0.068469, best fit=0.670000, best_overall=0.670000, mean_diversity=0.166214,
indivs=373434, elapsed_secs=729, mean=0.614448, stdev=0.071407, best fit=0.670000, best_overall=0.670000, mean_diversity=0.120723,
indivs=383530, elapsed_secs=762, mean=0.593813, stdev=0.154809, best fit=0.670000, best_overall=0.670000, mean_diversity=0.224783,
indivs=393575, elapsed_secs=801, mean=0.594217, stdev=0.107151, best fit=0.670000, best_overall=0.670000, mean_diversity=0.152984,
indivs=403674, elapsed_secs=833, mean=0.611703, stdev=0.129993, best fit=0.670000, best_overall=0.670000, mean_diversity=0.067942,
indivs=413685, elapsed_secs=863, mean=0.612016, stdev=0.092923, best fit=0.670000, best_overall=0.670000, mean_diversity=0.155130,
indivs=423751, elapsed_secs=898, mean=0.614580, stdev=0.128524, best fit=0.670100, best_overall=0.670100, mean_diversity=0.126520,
indivs=433853, elapsed_secs=928, mean=0.601266, stdev=0.120142, best fit=0.670100, best_overall=0.670100, mean_diversity=0.160690,
indivs=443900, elapsed_secs=959, mean=0.606243, stdev=0.091702, best fit=0.670100, best_overall=0.670100, mean_diversity=0.106958,
indivs=454002, elapsed_secs=999, mean=0.616124, stdev=0.104730, best fit=0.670100, best_overall=0.670100, mean_diversity=0.263624,
indivs=464145, elapsed_secs=1031, mean=0.612535, stdev=0.128831, best fit=0.670100, best_overall=0.670100, mean_diversity=0.210866,
indivs=474282, elapsed_secs=1066, mean=0.598288, stdev=0.138921, best fit=0.670100, best_overall=0.670100, mean_diversity=0.109086,
indivs=484282, elapsed_secs=1098, mean=0.599147, stdev=0.092798, best fit=0.670100, best_overall=0.670100, mean_diversity=0.145263,
indivs=494392, elapsed_secs=1123, mean=0.607548, stdev=0.129909, best fit=0.670100, best_overall=0.670100, mean_diversity=0.166987,
indivs=504450, elapsed_secs=1152, mean=0.627590, stdev=0.113871, best fit=0.670100, best_overall=0.670100, mean_diversity=0.124486,
indivs=514572, elapsed_secs=1177, mean=0.618473, stdev=0.058837, best fit=0.670200, best_overall=0.670200, mean_diversity=0.190318,
indivs=524653, elapsed_secs=1200, mean=0.617460, stdev=0.115289, best fit=0.672300, best_overall=0.672300, mean_diversity=0.165783,
indivs=534732, elapsed_secs=1230, mean=0.594259, stdev=0.112853, best fit=0.672300, best_overall=0.672300, mean_diversity=0.144177,
indivs=544736, elapsed_secs=1265, mean=0.625943, stdev=0.066970, best fit=0.672300, best_overall=0.672300, mean_diversity=0.074887,
indivs=554867, elapsed_secs=1309, mean=0.604588, stdev=0.094662, best fit=0.672300, best_overall=0.672300, mean_diversity=0.124223,
indivs=564951, elapsed_secs=1353, mean=0.608877, stdev=0.051354, best fit=0.672300, best_overall=0.672300, mean_diversity=0.089555,
indivs=575012, elapsed_secs=1394, mean=0.613075, stdev=0.131019, best fit=0.672500, best_overall=0.672500, mean_diversity=0.237543,
indivs=585113, elapsed_secs=1436, mean=0.597305, stdev=0.129306, best fit=0.672500, best_overall=0.672500, mean_diversity=0.153070,
indivs=595142, elapsed_secs=1473, mean=0.625988, stdev=0.098372, best fit=0.672700, best_overall=0.672700, mean_diversity=0.066576,
indivs=605276, elapsed_secs=1507, mean=0.638207, stdev=0.071397, best fit=0.672700, best_overall=0.672700, mean_diversity=0.204530,
indivs=615396, elapsed_secs=1548, mean=0.603986, stdev=0.144950, best fit=0.672700, best_overall=0.672700, mean_diversity=0.080254,
indivs=625424, elapsed_secs=1587, mean=0.592098, stdev=0.117075, best fit=0.672700, best_overall=0.672700, mean_diversity=0.119215,
indivs=635475, elapsed_secs=1621, mean=0.603453, stdev=0.132969, best fit=0.672700, best_overall=0.672700, mean_diversity=0.089328,
indivs=645568, elapsed_secs=1659, mean=0.603393, stdev=0.158316, best fit=0.672700, best_overall=0.672700, mean_diversity=0.094830,
indivs=655616, elapsed_secs=1684, mean=0.578887, stdev=0.127164, best fit=0.672700, best_overall=0.672700, mean_diversity=0.126527,
indivs=665641, elapsed_secs=1712, mean=0.606780, stdev=0.058718, best fit=0.672700, best_overall=0.672700, mean_diversity=0.168342,
indivs=675678, elapsed_secs=1740, mean=0.627743, stdev=0.062143, best fit=0.672700, best_overall=0.672700, mean_diversity=0.114126,
indivs=685787, elapsed_secs=1776, mean=0.634587, stdev=0.067626, best fit=0.672700, best_overall=0.672700, mean_diversity=0.062486,
indivs=695858, elapsed_secs=1817, mean=0.615173, stdev=0.152971, best fit=0.672700, best_overall=0.672700, mean_diversity=0.079929,
indivs=705931, elapsed_secs=1850, mean=0.613078, stdev=0.114394, best fit=0.672700, best_overall=0.672700, mean_diversity=0.107838,
indivs=716019, elapsed_secs=1879, mean=0.614142, stdev=0.111441, best fit=0.672700, best_overall=0.672700, mean_diversity=0.098273,
indivs=726043, elapsed_secs=1914, mean=0.620606, stdev=0.126570, best fit=0.672700, best_overall=0.672700, mean_diversity=0.081922,
indivs=736045, elapsed_secs=1943, mean=0.593102, stdev=0.128435, best fit=0.672700, best_overall=0.672700, mean_diversity=0.169497,
indivs=746095, elapsed_secs=1984, mean=0.594690, stdev=0.088814, best fit=0.673100, best_overall=0.673100, mean_diversity=0.146991,
indivs=756127, elapsed_secs=2022, mean=0.599105, stdev=0.122844, best fit=0.673100, best_overall=0.673100, mean_diversity=0.122243,
indivs=766184, elapsed_secs=2059, mean=0.613688, stdev=0.154386, best fit=0.673100, best_overall=0.673100, mean_diversity=0.113674,
indivs=776309, elapsed_secs=2103, mean=0.622706, stdev=0.078754, best fit=0.673100, best_overall=0.673100, mean_diversity=0.184985,
indivs=786310, elapsed_secs=2140, mean=0.586351, stdev=0.124747, best fit=0.673100, best_overall=0.673100, mean_diversity=0.095675,
indivs=796359, elapsed_secs=2174, mean=0.632514, stdev=0.107950, best fit=0.673100, best_overall=0.673100, mean_diversity=0.101321,
indivs=806472, elapsed_secs=2202, mean=0.605767, stdev=0.154746, best fit=0.673100, best_overall=0.673100, mean_diversity=0.191954,
indivs=816622, elapsed_secs=2227, mean=0.592545, stdev=0.140172, best fit=0.673100, best_overall=0.673100, mean_diversity=0.118681,
indivs=826734, elapsed_secs=2248, mean=0.631883, stdev=0.090212, best fit=0.673100, best_overall=0.673100, mean_diversity=0.106443,
indivs=836740, elapsed_secs=2293, mean=0.626676, stdev=0.097280, best fit=0.673100, best_overall=0.673100, mean_diversity=0.105924,
indivs=846748, elapsed_secs=2330, mean=0.604391, stdev=0.143654, best fit=0.673100, best_overall=0.673100, mean_diversity=0.099519,
indivs=856819, elapsed_secs=2364, mean=0.592770, stdev=0.119137, best fit=0.673100, best_overall=0.673100, mean_diversity=0.137338,
indivs=866994, elapsed_secs=2404, mean=0.632736, stdev=0.095618, best fit=0.673100, best_overall=0.673100, mean_diversity=0.102229,
indivs=877009, elapsed_secs=2444, mean=0.628729, stdev=0.077118, best fit=0.673100, best_overall=0.673100, mean_diversity=0.108400,
indivs=887160, elapsed_secs=2478, mean=0.613605, stdev=0.118724, best fit=0.673100, best_overall=0.673100, mean_diversity=0.186147,
indivs=897327, elapsed_secs=2505, mean=0.622090, stdev=0.127973, best fit=0.673100, best_overall=0.673100, mean_diversity=0.119146,
indivs=907361, elapsed_secs=2540, mean=0.597617, stdev=0.081632, best fit=0.673100, best_overall=0.673100, mean_diversity=0.156878,
indivs=917395, elapsed_secs=2568, mean=0.637864, stdev=0.067581, best fit=0.673100, best_overall=0.673100, mean_diversity=0.085832,
indivs=927409, elapsed_secs=2594, mean=0.590891, stdev=0.152049, best fit=0.673100, best_overall=0.673100, mean_diversity=0.181100,
indivs=937504, elapsed_secs=2619, mean=0.612944, stdev=0.091399, best fit=0.673100, best_overall=0.673100, mean_diversity=0.251911,
indivs=947603, elapsed_secs=2656, mean=0.619443, stdev=0.080345, best fit=0.673100, best_overall=0.673100, mean_diversity=0.207940,
indivs=957678, elapsed_secs=2700, mean=0.625319, stdev=0.065068, best fit=0.673100, best_overall=0.673100, mean_diversity=0.225417,
indivs=967680, elapsed_secs=2723, mean=0.588608, stdev=0.126806, best fit=0.673100, best_overall=0.673100, mean_diversity=0.096925,
indivs=977740, elapsed_secs=2750, mean=0.609942, stdev=0.165650, best fit=0.673100, best_overall=0.673100, mean_diversity=0.155705,
indivs=987813, elapsed_secs=2782, mean=0.607581, stdev=0.146059, best fit=0.673100, best_overall=0.673100, mean_diversity=0.090547,
indivs=997937, elapsed_secs=2819, mean=0.608399, stdev=0.145264, best fit=0.673100, best_overall=0.673100, mean_diversity=0.105000,
indivs=1008060, elapsed_secs=2847, mean=0.620843, stdev=0.098852, best fit=0.673100, best_overall=0.673100, mean_diversity=0.088253,
indivs=1018225, elapsed_secs=2876, mean=0.608767, stdev=0.138318, best fit=0.673100, best_overall=0.673100, mean_diversity=0.144044,
indivs=1028250, elapsed_secs=2915, mean=0.603294, stdev=0.140194, best fit=0.673100, best_overall=0.673100, mean_diversity=0.125988,
indivs=1038320, elapsed_secs=2960, mean=0.589680, stdev=0.174395, best fit=0.673100, best_overall=0.673100, mean_diversity=0.055519,
indivs=1048412, elapsed_secs=3018, mean=0.587975, stdev=0.129963, best fit=0.673100, best_overall=0.673100, mean_diversity=0.094465,
indivs=1058415, elapsed_secs=3065, mean=0.608667, stdev=0.156053, best fit=0.673100, best_overall=0.673100, mean_diversity=0.138271,
indivs=1068415, elapsed_secs=3102, mean=0.613071, stdev=0.126232, best fit=0.673100, best_overall=0.673100, mean_diversity=0.078820,
indivs=1078504, elapsed_secs=3142, mean=0.609813, stdev=0.117773, best fit=0.673100, best_overall=0.673100, mean_diversity=0.111333,
indivs=1088665, elapsed_secs=3191, mean=0.553801, stdev=0.213217, best fit=0.673100, best_overall=0.673100, mean_diversity=0.082329,
indivs=1098718, elapsed_secs=3236, mean=0.599702, stdev=0.126793, best fit=0.673100, best_overall=0.673100, mean_diversity=0.110734,
indivs=1108839, elapsed_secs=3283, mean=0.601095, stdev=0.116041, best fit=0.673100, best_overall=0.673100, mean_diversity=0.105576,
indivs=1118953, elapsed_secs=3318, mean=0.624980, stdev=0.095461, best fit=0.673100, best_overall=0.673100, mean_diversity=0.122436,
indivs=1129037, elapsed_secs=3348, mean=0.608356, stdev=0.091154, best fit=0.673100, best_overall=0.673100, mean_diversity=0.162214,
indivs=1139057, elapsed_secs=3381, mean=0.619292, stdev=0.072982, best fit=0.673100, best_overall=0.673100, mean_diversity=0.147775,
indivs=1149120, elapsed_secs=3427, mean=0.622179, stdev=0.139701, best fit=0.673100, best_overall=0.673100, mean_diversity=0.064696,
indivs=1159221, elapsed_secs=3453, mean=0.612388, stdev=0.118705, best fit=0.673100, best_overall=0.673100, mean_diversity=0.087528,
indivs=1169384, elapsed_secs=3477, mean=0.620625, stdev=0.128421, best fit=0.673100, best_overall=0.673100, mean_diversity=0.108551,
indivs=1179455, elapsed_secs=3509, mean=0.594277, stdev=0.101109, best fit=0.673100, best_overall=0.673100, mean_diversity=0.167230,
indivs=1189566, elapsed_secs=3553, mean=0.633777, stdev=0.123494, best fit=0.673100, best_overall=0.673100, mean_diversity=0.077830,
indivs=1199652, elapsed_secs=3585, mean=0.625270, stdev=0.115382, best fit=0.673100, best_overall=0.673100, mean_diversity=0.140870,
indivs=1209674, elapsed_secs=3603, mean=0.638292, stdev=0.067624, best fit=0.673100, best_overall=0.673100, mean_diversity=0.199088,
indivs=1219731, elapsed_secs=3637, mean=0.610638, stdev=0.125766, best fit=0.673100, best_overall=0.673100, mean_diversity=0.108030,
indivs=1229790, elapsed_secs=3674, mean=0.614962, stdev=0.087654, best fit=0.673100, best_overall=0.673100, mean_diversity=0.113020,
indivs=1239849, elapsed_secs=3705, mean=0.616383, stdev=0.131272, best fit=0.673100, best_overall=0.673100, mean_diversity=0.277583,
indivs=1249875, elapsed_secs=3740, mean=0.602638, stdev=0.154948, best fit=0.673100, best_overall=0.673100, mean_diversity=0.165132,
indivs=1260029, elapsed_secs=3769, mean=0.617394, stdev=0.115635, best fit=0.673100, best_overall=0.673100, mean_diversity=0.125054,
indivs=1270067, elapsed_secs=3805, mean=0.641642, stdev=0.087495, best fit=0.673100, best_overall=0.673100, mean_diversity=0.251277,
indivs=1280188, elapsed_secs=3833, mean=0.616253, stdev=0.131459, best fit=0.673100, best_overall=0.673100, mean_diversity=0.144515,
indivs=1290370, elapsed_secs=3863, mean=0.604476, stdev=0.167344, best fit=0.673100, best_overall=0.673100, mean_diversity=0.083104,
indivs=1300409, elapsed_secs=3894, mean=0.621059, stdev=0.095520, best fit=0.673100, best_overall=0.673100, mean_diversity=0.178899,
indivs=1310498, elapsed_secs=3922, mean=0.598672, stdev=0.099668, best fit=0.673100, best_overall=0.673100, mean_diversity=0.071632,
indivs=1320537, elapsed_secs=3961, mean=0.617555, stdev=0.075132, best fit=0.673200, best_overall=0.673200, mean_diversity=0.207992,
indivs=1330642, elapsed_secs=3999, mean=0.624075, stdev=0.081756, best fit=0.673200, best_overall=0.673200, mean_diversity=0.205524,
indivs=1340659, elapsed_secs=4039, mean=0.576620, stdev=0.203223, best fit=0.673200, best_overall=0.673200, mean_diversity=0.144198,
indivs=1350718, elapsed_secs=4076, mean=0.595947, stdev=0.176023, best fit=0.673200, best_overall=0.673200, mean_diversity=0.213295,
indivs=1360745, elapsed_secs=4103, mean=0.622195, stdev=0.129633, best fit=0.673200, best_overall=0.673200, mean_diversity=0.101786,
indivs=1370784, elapsed_secs=4137, mean=0.581825, stdev=0.087427, best fit=0.673200, best_overall=0.673200, mean_diversity=0.114353,
indivs=1380860, elapsed_secs=4171, mean=0.595549, stdev=0.123971, best fit=0.673200, best_overall=0.673200, mean_diversity=0.263510,
indivs=1390873, elapsed_secs=4203, mean=0.583823, stdev=0.134608, best fit=0.673200, best_overall=0.673200, mean_diversity=0.188438,
indivs=1400922, elapsed_secs=4243, mean=0.597645, stdev=0.171076, best fit=0.673200, best_overall=0.673200, mean_diversity=0.160041,
indivs=1411002, elapsed_secs=4265, mean=0.620662, stdev=0.096369, best fit=0.673200, best_overall=0.673200, mean_diversity=0.116260,
indivs=1421133, elapsed_secs=4288, mean=0.602864, stdev=0.081712, best fit=0.673200, best_overall=0.673200, mean_diversity=0.115449,
indivs=1431183, elapsed_secs=4321, mean=0.612521, stdev=0.095369, best fit=0.673200, best_overall=0.673200, mean_diversity=0.135603,
indivs=1441362, elapsed_secs=4354, mean=0.601651, stdev=0.166077, best fit=0.673200, best_overall=0.673200, mean_diversity=0.260679,
indivs=1451472, elapsed_secs=4388, mean=0.622440, stdev=0.126774, best fit=0.673200, best_overall=0.673200, mean_diversity=0.180361,
indivs=1461496, elapsed_secs=4415, mean=0.618092, stdev=0.093637, best fit=0.673200, best_overall=0.673200, mean_diversity=0.109079,
indivs=1471632, elapsed_secs=4438, mean=0.608025, stdev=0.107920, best fit=0.673200, best_overall=0.673200, mean_diversity=0.126625,
indivs=1481765, elapsed_secs=4467, mean=0.617721, stdev=0.147969, best fit=0.673200, best_overall=0.673200, mean_diversity=0.149373,
indivs=1491864, elapsed_secs=4498, mean=0.614887, stdev=0.108911, best fit=0.673200, best_overall=0.673200, mean_diversity=0.136472,
indivs=1501921, elapsed_secs=4536, mean=0.620879, stdev=0.124797, best fit=0.673200, best_overall=0.673200, mean_diversity=0.164466,
indivs=1511959, elapsed_secs=4569, mean=0.584450, stdev=0.157338, best fit=0.673200, best_overall=0.673200, mean_diversity=0.091693,
indivs=1522129, elapsed_secs=4618, mean=0.618425, stdev=0.115203, best fit=0.673200, best_overall=0.673200, mean_diversity=0.097126,
indivs=1532131, elapsed_secs=4653, mean=0.593978, stdev=0.120660, best fit=0.673200, best_overall=0.673200, mean_diversity=0.158843,
indivs=1542246, elapsed_secs=4697, mean=0.608485, stdev=0.120461, best fit=0.673200, best_overall=0.673200, mean_diversity=0.194240,
indivs=1552274, elapsed_secs=4721, mean=0.561085, stdev=0.192539, best fit=0.673200, best_overall=0.673200, mean_diversity=0.110665,
indivs=1562279, elapsed_secs=4749, mean=0.585629, stdev=0.103416, best fit=0.673200, best_overall=0.673200, mean_diversity=0.093672,
indivs=1572369, elapsed_secs=4778, mean=0.616760, stdev=0.115075, best fit=0.673200, best_overall=0.673200, mean_diversity=0.107068,
indivs=1582406, elapsed_secs=4810, mean=0.613712, stdev=0.093353, best fit=0.673200, best_overall=0.673200, mean_diversity=0.321735,
indivs=1592449, elapsed_secs=4839, mean=0.599185, stdev=0.125698, best fit=0.673200, best_overall=0.673200, mean_diversity=0.342407,
indivs=1602451, elapsed_secs=4874, mean=0.587616, stdev=0.177066, best fit=0.673200, best_overall=0.673200, mean_diversity=0.169059,
indivs=1612509, elapsed_secs=4904, mean=0.600635, stdev=0.126846, best fit=0.673200, best_overall=0.673200, mean_diversity=0.165435,
indivs=1622645, elapsed_secs=4942, mean=0.608390, stdev=0.143818, best fit=0.673200, best_overall=0.673200, mean_diversity=0.175860,
indivs=1632758, elapsed_secs=4966, mean=0.620106, stdev=0.059477, best fit=0.673200, best_overall=0.673200, mean_diversity=0.138477,
indivs=1642857, elapsed_secs=5000, mean=0.592775, stdev=0.132330, best fit=0.673200, best_overall=0.673200, mean_diversity=0.148021,
indivs=1652928, elapsed_secs=5024, mean=0.602997, stdev=0.115662, best fit=0.673200, best_overall=0.673200, mean_diversity=0.102281,
indivs=1662967, elapsed_secs=5060, mean=0.579835, stdev=0.143059, best fit=0.673200, best_overall=0.673200, mean_diversity=0.113068,
indivs=1673067, elapsed_secs=5091, mean=0.614415, stdev=0.085456, best fit=0.673200, best_overall=0.673200, mean_diversity=0.125305,
indivs=1683079, elapsed_secs=5116, mean=0.580636, stdev=0.106363, best fit=0.673200, best_overall=0.673200, mean_diversity=0.134549,
indivs=1693171, elapsed_secs=5156, mean=0.624013, stdev=0.125310, best fit=0.673200, best_overall=0.673200, mean_diversity=0.143364,
indivs=1703287, elapsed_secs=5189, mean=0.617288, stdev=0.130159, best fit=0.673200, best_overall=0.673200, mean_diversity=0.118526,
indivs=1713351, elapsed_secs=5225, mean=0.629098, stdev=0.099903, best fit=0.673200, best_overall=0.673200, mean_diversity=0.146183,
indivs=1723487, elapsed_secs=5262, mean=0.591033, stdev=0.185446, best fit=0.673200, best_overall=0.673200, mean_diversity=0.131633,
indivs=1733601, elapsed_secs=5303, mean=0.599951, stdev=0.166588, best fit=0.673200, best_overall=0.673200, mean_diversity=0.168254,
indivs=1743715, elapsed_secs=5330, mean=0.608770, stdev=0.113928, best fit=0.673200, best_overall=0.673200, mean_diversity=0.123590,
indivs=1753762, elapsed_secs=5355, mean=0.599151, stdev=0.135024, best fit=0.673200, best_overall=0.673200, mean_diversity=0.345728,
indivs=1763851, elapsed_secs=5388, mean=0.610849, stdev=0.112562, best fit=0.673200, best_overall=0.673200, mean_diversity=0.103779,
indivs=1773913, elapsed_secs=5408, mean=0.607294, stdev=0.124667, best fit=0.673200, best_overall=0.673200, mean_diversity=0.155795,
indivs=1783966, elapsed_secs=5433, mean=0.617890, stdev=0.085881, best fit=0.673200, best_overall=0.673200, mean_diversity=0.130696,
indivs=1793967, elapsed_secs=5457, mean=0.581713, stdev=0.177120, best fit=0.673200, best_overall=0.673200, mean_diversity=0.128967,
indivs=1804022, elapsed_secs=5487, mean=0.577351, stdev=0.185784, best fit=0.673200, best_overall=0.673200, mean_diversity=0.194456,
indivs=1814087, elapsed_secs=5541, mean=0.587084, stdev=0.162369, best fit=0.673200, best_overall=0.673200, mean_diversity=0.154301,
indivs=1824109, elapsed_secs=5594, mean=0.564794, stdev=0.157404, best fit=0.673200, best_overall=0.673200, mean_diversity=0.082832,
indivs=1834193, elapsed_secs=5628, mean=0.579419, stdev=0.132961, best fit=0.673200, best_overall=0.673200, mean_diversity=0.125114,
indivs=1844339, elapsed_secs=5670, mean=0.640623, stdev=0.067590, best fit=0.673200, best_overall=0.673200, mean_diversity=0.186488,
indivs=1854428, elapsed_secs=5692, mean=0.600237, stdev=0.165841, best fit=0.673200, best_overall=0.673200, mean_diversity=0.139007,
indivs=1864443, elapsed_secs=5716, mean=0.595061, stdev=0.146308, best fit=0.673200, best_overall=0.673200, mean_diversity=0.121566,
indivs=1874605, elapsed_secs=5745, mean=0.610732, stdev=0.114865, best fit=0.673200, best_overall=0.673200, mean_diversity=0.119964,
indivs=1884654, elapsed_secs=5784, mean=0.593510, stdev=0.124047, best fit=0.673200, best_overall=0.673200, mean_diversity=0.149659,
indivs=1894729, elapsed_secs=5807, mean=0.613320, stdev=0.073816, best fit=0.673200, best_overall=0.673200, mean_diversity=0.115592,
indivs=1904736, elapsed_secs=5842, mean=0.573798, stdev=0.155411, best fit=0.673200, best_overall=0.673200, mean_diversity=0.143874,
indivs=1914840, elapsed_secs=5886, mean=0.582130, stdev=0.176571, best fit=0.673200, best_overall=0.673200, mean_diversity=0.230601,
indivs=1924879, elapsed_secs=5925, mean=0.596150, stdev=0.166035, best fit=0.673200, best_overall=0.673200, mean_diversity=0.154108,
indivs=1934886, elapsed_secs=5949, mean=0.598624, stdev=0.167158, best fit=0.673200, best_overall=0.673200, mean_diversity=0.140545,
indivs=1944936, elapsed_secs=5977, mean=0.591436, stdev=0.146395, best fit=0.673200, best_overall=0.673200, mean_diversity=0.217340,
indivs=1955044, elapsed_secs=5997, mean=0.588239, stdev=0.151664, best fit=0.673200, best_overall=0.673200, mean_diversity=0.129335,
indivs=1965084, elapsed_secs=6018, mean=0.610732, stdev=0.115241, best fit=0.673200, best_overall=0.673200, mean_diversity=0.152215,
indivs=1975259, elapsed_secs=6039, mean=0.615051, stdev=0.142860, best fit=0.673200, best_overall=0.673200, mean_diversity=0.274619,
indivs=1985268, elapsed_secs=6072, mean=0.603520, stdev=0.137139, best fit=0.673200, best_overall=0.673200, mean_diversity=0.120710,
indivs=1995377, elapsed_secs=6100, mean=0.620310, stdev=0.097573, best fit=0.673200, best_overall=0.673200, mean_diversity=0.121948,
indivs=2005451, elapsed_secs=6125, mean=0.595899, stdev=0.101722, best fit=0.673200, best_overall=0.673200, mean_diversity=0.214940,
indivs=2015495, elapsed_secs=6147, mean=0.587243, stdev=0.104731, best fit=0.673300, best_overall=0.673300, mean_diversity=0.082634,
indivs=2025552, elapsed_secs=6183, mean=0.597423, stdev=0.152946, best fit=0.673300, best_overall=0.673300, mean_diversity=0.119639,
indivs=2035650, elapsed_secs=6214, mean=0.633153, stdev=0.124513, best fit=0.673300, best_overall=0.673300, mean_diversity=0.137051,
indivs=2045730, elapsed_secs=6244, mean=0.590303, stdev=0.145301, best fit=0.673300, best_overall=0.673300, mean_diversity=0.118534,
indivs=2055737, elapsed_secs=6274, mean=0.574818, stdev=0.211532, best fit=0.673300, best_overall=0.673300, mean_diversity=0.164053,
indivs=2065904, elapsed_secs=6304, mean=0.605350, stdev=0.166410, best fit=0.673300, best_overall=0.673300, mean_diversity=0.169781,
indivs=2076031, elapsed_secs=6331, mean=0.592394, stdev=0.154377, best fit=0.673300, best_overall=0.673300, mean_diversity=0.355684,
indivs=2086049, elapsed_secs=6352, mean=0.603630, stdev=0.118725, best fit=0.673300, best_overall=0.673300, mean_diversity=0.170674,
indivs=2096121, elapsed_secs=6382, mean=0.579834, stdev=0.194431, best fit=0.673300, best_overall=0.673300, mean_diversity=0.153606,
indivs=2106128, elapsed_secs=6409, mean=0.590764, stdev=0.130298, best fit=0.673300, best_overall=0.673300, mean_diversity=0.232759,
indivs=2116242, elapsed_secs=6443, mean=0.607261, stdev=0.130375, best fit=0.673300, best_overall=0.673300, mean_diversity=0.156356,
indivs=2126307, elapsed_secs=6463, mean=0.601859, stdev=0.111683, best fit=0.673300, best_overall=0.673300, mean_diversity=0.159050,
indivs=2136344, elapsed_secs=6489, mean=0.581680, stdev=0.124609, best fit=0.673300, best_overall=0.673300, mean_diversity=0.259964,
indivs=2146465, elapsed_secs=6522, mean=0.579521, stdev=0.183706, best fit=0.673300, best_overall=0.673300, mean_diversity=0.155773,
indivs=2156561, elapsed_secs=6558, mean=0.603510, stdev=0.099139, best fit=0.673300, best_overall=0.673300, mean_diversity=0.137437,
indivs=2166678, elapsed_secs=6591, mean=0.587856, stdev=0.072154, best fit=0.673300, best_overall=0.673300, mean_diversity=0.091601,
indivs=2176793, elapsed_secs=6621, mean=0.602071, stdev=0.116942, best fit=0.673300, best_overall=0.673300, mean_diversity=0.123952,
indivs=2186854, elapsed_secs=6653, mean=0.607335, stdev=0.115905, best fit=0.673300, best_overall=0.673300, mean_diversity=0.145382,
indivs=2197009, elapsed_secs=6689, mean=0.598673, stdev=0.146444, best fit=0.673300, best_overall=0.673300, mean_diversity=0.130971,
indivs=2207161, elapsed_secs=6716, mean=0.607770, stdev=0.124656, best fit=0.673300, best_overall=0.673300, mean_diversity=0.144534,
indivs=2217172, elapsed_secs=6744, mean=0.591418, stdev=0.084619, best fit=0.673300, best_overall=0.673300, mean_diversity=0.104019,
indivs=2227253, elapsed_secs=6769, mean=0.606975, stdev=0.075798, best fit=0.673300, best_overall=0.673300, mean_diversity=0.108719,
indivs=2237265, elapsed_secs=6800, mean=0.608964, stdev=0.106626, best fit=0.673300, best_overall=0.673300, mean_diversity=0.122587,
indivs=2247378, elapsed_secs=6830, mean=0.608904, stdev=0.116255, best fit=0.673300, best_overall=0.673300, mean_diversity=0.143363,
indivs=2257435, elapsed_secs=6855, mean=0.550134, stdev=0.194462, best fit=0.673300, best_overall=0.673300, mean_diversity=0.129335,
indivs=2267441, elapsed_secs=6887, mean=0.609660, stdev=0.070815, best fit=0.673300, best_overall=0.673300, mean_diversity=0.175882,
indivs=2277471, elapsed_secs=6920, mean=0.565916, stdev=0.130303, best fit=0.673300, best_overall=0.673300, mean_diversity=0.179415,
indivs=2287534, elapsed_secs=6944, mean=0.614550, stdev=0.077722, best fit=0.673300, best_overall=0.673300, mean_diversity=0.130649,
indivs=2297543, elapsed_secs=6954, mean=0.580128, stdev=0.120908, best fit=0.673300, best_overall=0.673300, mean_diversity=0.239188,
indivs=2307644, elapsed_secs=6969, mean=0.592129, stdev=0.071519, best fit=0.673300, best_overall=0.673300, mean_diversity=0.210641,
indivs=2317709, elapsed_secs=6990, mean=0.598561, stdev=0.144293, best fit=0.673300, best_overall=0.673300, mean_diversity=0.103704,
indivs=2327763, elapsed_secs=7007, mean=0.615442, stdev=0.088605, best fit=0.673300, best_overall=0.673300, mean_diversity=0.161240,
indivs=2337920, elapsed_secs=7033, mean=0.619496, stdev=0.079200, best fit=0.673300, best_overall=0.673300, mean_diversity=0.127249,
indivs=2347957, elapsed_secs=7056, mean=0.550991, stdev=0.180928, best fit=0.673300, best_overall=0.673300, mean_diversity=0.194577,
indivs=2357962, elapsed_secs=7073, mean=0.595528, stdev=0.144351, best fit=0.673300, best_overall=0.673300, mean_diversity=0.125245,
indivs=2367995, elapsed_secs=7096, mean=0.611926, stdev=0.067256, best fit=0.673300, best_overall=0.673300, mean_diversity=0.145070,
indivs=2377999, elapsed_secs=7111, mean=0.603743, stdev=0.054786, best fit=0.673300, best_overall=0.673300, mean_diversity=0.118837,
indivs=2388019, elapsed_secs=7130, mean=0.626317, stdev=0.066712, best fit=0.673300, best_overall=0.673300, mean_diversity=0.107560,
indivs=2398041, elapsed_secs=7149, mean=0.618438, stdev=0.098194, best fit=0.673300, best_overall=0.673300, mean_diversity=0.134022,
indivs=2408070, elapsed_secs=7172, mean=0.601805, stdev=0.062435, best fit=0.673300, best_overall=0.673300, mean_diversity=0.181564,
indivs=2418179, elapsed_secs=7198, mean=0.610941, stdev=0.087225, best fit=0.673300, best_overall=0.673300, mean_diversity=0.188957,
indivs=2428279, elapsed_secs=7224, mean=0.614833, stdev=0.077506, best fit=0.673300, best_overall=0.673300, mean_diversity=0.159825,
indivs=2438335, elapsed_secs=7248, mean=0.565952, stdev=0.179361, best fit=0.673300, best_overall=0.673300, mean_diversity=0.165105,
indivs=2448388, elapsed_secs=7282, mean=0.606278, stdev=0.118716, best fit=0.673300, best_overall=0.673300, mean_diversity=0.078932,
indivs=2458480, elapsed_secs=7307, mean=0.607260, stdev=0.100605, best fit=0.673300, best_overall=0.673300, mean_diversity=0.226722,
indivs=2468608, elapsed_secs=7328, mean=0.607223, stdev=0.072929, best fit=0.673300, best_overall=0.673300, mean_diversity=0.111146,
indivs=2478705, elapsed_secs=7345, mean=0.628189, stdev=0.068303, best fit=0.673300, best_overall=0.673300, mean_diversity=0.131577,
indivs=2488782, elapsed_secs=7366, mean=0.592966, stdev=0.095098, best fit=0.673300, best_overall=0.673300, mean_diversity=0.199179,
indivs=2498887, elapsed_secs=7390, mean=0.595992, stdev=0.138216, best fit=0.673300, best_overall=0.673300, mean_diversity=0.158367,
indivs=2508987, elapsed_secs=7415, mean=0.610093, stdev=0.095960, best fit=0.673300, best_overall=0.673300, mean_diversity=0.132643,
indivs=2519132, elapsed_secs=7445, mean=0.606289, stdev=0.128897, best fit=0.673300, best_overall=0.673300, mean_diversity=0.183693,
indivs=2529184, elapsed_secs=7477, mean=0.617472, stdev=0.097295, best fit=0.673300, best_overall=0.673300, mean_diversity=0.176674,
indivs=2539237, elapsed_secs=7503, mean=0.592712, stdev=0.061537, best fit=0.673300, best_overall=0.673300, mean_diversity=0.075409,
indivs=2549366, elapsed_secs=7530, mean=0.604107, stdev=0.079558, best fit=0.673300, best_overall=0.673300, mean_diversity=0.138203,
indivs=2559393, elapsed_secs=7554, mean=0.606834, stdev=0.110844, best fit=0.673300, best_overall=0.673300, mean_diversity=0.281078,
indivs=2569507, elapsed_secs=7575, mean=0.592590, stdev=0.091887, best fit=0.673300, best_overall=0.673300, mean_diversity=0.201977,
indivs=2579588, elapsed_secs=7606, mean=0.568377, stdev=0.181853, best fit=0.673300, best_overall=0.673300, mean_diversity=0.166568,
indivs=2589675, elapsed_secs=7638, mean=0.579963, stdev=0.131629, best fit=0.673300, best_overall=0.673300, mean_diversity=0.166910,
indivs=2599756, elapsed_secs=7674, mean=0.590999, stdev=0.126439, best fit=0.673300, best_overall=0.673300, mean_diversity=0.132337,
indivs=2609787, elapsed_secs=7702, mean=0.616636, stdev=0.070801, best fit=0.673300, best_overall=0.673300, mean_diversity=0.193911,
indivs=2619870, elapsed_secs=7729, mean=0.607461, stdev=0.097098, best fit=0.673300, best_overall=0.673300, mean_diversity=0.170353,
indivs=2629994, elapsed_secs=7757, mean=0.612150, stdev=0.074458, best fit=0.673300, best_overall=0.673300, mean_diversity=0.146126,
indivs=2640039, elapsed_secs=7784, mean=0.596403, stdev=0.151216, best fit=0.673300, best_overall=0.673300, mean_diversity=0.172567,
indivs=2650054, elapsed_secs=7813, mean=0.594252, stdev=0.085643, best fit=0.673300, best_overall=0.673300, mean_diversity=0.313165,
indivs=2660154, elapsed_secs=7848, mean=0.607776, stdev=0.121946, best fit=0.673300, best_overall=0.673300, mean_diversity=0.248410,
indivs=2670171, elapsed_secs=7877, mean=0.622135, stdev=0.110441, best fit=0.673300, best_overall=0.673300, mean_diversity=0.088138,
indivs=2680175, elapsed_secs=7901, mean=0.589639, stdev=0.152061, best fit=0.673300, best_overall=0.673300, mean_diversity=0.157680,
indivs=2690240, elapsed_secs=7927, mean=0.586135, stdev=0.116703, best fit=0.673300, best_overall=0.673300, mean_diversity=0.136083,
indivs=2700314, elapsed_secs=7953, mean=0.597173, stdev=0.141997, best fit=0.673300, best_overall=0.673300, mean_diversity=0.212930,
indivs=2710378, elapsed_secs=7976, mean=0.605333, stdev=0.147763, best fit=0.673300, best_overall=0.673300, mean_diversity=0.335486,
indivs=2720383, elapsed_secs=7993, mean=0.632325, stdev=0.064677, best fit=0.673300, best_overall=0.673300, mean_diversity=0.105976,
indivs=2730427, elapsed_secs=8019, mean=0.590086, stdev=0.115559, best fit=0.673300, best_overall=0.673300, mean_diversity=0.155060,
indivs=2740559, elapsed_secs=8044, mean=0.615470, stdev=0.126240, best fit=0.673300, best_overall=0.673300, mean_diversity=0.228993,
indivs=2750581, elapsed_secs=8068, mean=0.581580, stdev=0.095610, best fit=0.673300, best_overall=0.673300, mean_diversity=0.212188,
indivs=2760616, elapsed_secs=8094, mean=0.594863, stdev=0.118445, best fit=0.673300, best_overall=0.673300, mean_diversity=0.208000,
indivs=2770709, elapsed_secs=8120, mean=0.581005, stdev=0.131321, best fit=0.673300, best_overall=0.673300, mean_diversity=0.113706,
indivs=2780790, elapsed_secs=8143, mean=0.602080, stdev=0.091616, best fit=0.673300, best_overall=0.673300, mean_diversity=0.282036,
indivs=2790825, elapsed_secs=8177, mean=0.598055, stdev=0.061273, best fit=0.673300, best_overall=0.673300, mean_diversity=0.210561,
indivs=2800826, elapsed_secs=8196, mean=0.575467, stdev=0.148055, best fit=0.673300, best_overall=0.673300, mean_diversity=0.173089,
indivs=2810916, elapsed_secs=8224, mean=0.602909, stdev=0.130477, best fit=0.673300, best_overall=0.673300, mean_diversity=0.173673,
indivs=2820982, elapsed_secs=8260, mean=0.595030, stdev=0.059229, best fit=0.673300, best_overall=0.673300, mean_diversity=0.132658,
indivs=2831124, elapsed_secs=8286, mean=0.591596, stdev=0.138225, best fit=0.673300, best_overall=0.673300, mean_diversity=0.172940,
indivs=2841138, elapsed_secs=8310, mean=0.569206, stdev=0.164158, best fit=0.673300, best_overall=0.673300, mean_diversity=0.117699,
indivs=2851235, elapsed_secs=8343, mean=0.565643, stdev=0.142723, best fit=0.673300, best_overall=0.673300, mean_diversity=0.127677,
indivs=2861317, elapsed_secs=8376, mean=0.591553, stdev=0.143559, best fit=0.673300, best_overall=0.673300, mean_diversity=0.231790,
indivs=2871332, elapsed_secs=8398, mean=0.568861, stdev=0.105641, best fit=0.673300, best_overall=0.673300, mean_diversity=0.201017,
indivs=2881394, elapsed_secs=8414, mean=0.614788, stdev=0.068534, best fit=0.673300, best_overall=0.673300, mean_diversity=0.184841,
indivs=2891539, elapsed_secs=8439, mean=0.612940, stdev=0.095206, best fit=0.673300, best_overall=0.673300, mean_diversity=0.205197,
indivs=2901656, elapsed_secs=8470, mean=0.611912, stdev=0.113060, best fit=0.673300, best_overall=0.673300, mean_diversity=0.158911,
indivs=2911766, elapsed_secs=8498, mean=0.585390, stdev=0.154220, best fit=0.673300, best_overall=0.673300, mean_diversity=0.254222,
indivs=2921823, elapsed_secs=8524, mean=0.598494, stdev=0.124682, best fit=0.673300, best_overall=0.673300, mean_diversity=0.147080,
indivs=2931833, elapsed_secs=8542, mean=0.613705, stdev=0.113801, best fit=0.673300, best_overall=0.673300, mean_diversity=0.324425,
indivs=2941895, elapsed_secs=8556, mean=0.590920, stdev=0.064364, best fit=0.673300, best_overall=0.673300, mean_diversity=0.268223,
indivs=2951898, elapsed_secs=8572, mean=0.616675, stdev=0.093763, best fit=0.673300, best_overall=0.673300, mean_diversity=0.111921,
indivs=2961915, elapsed_secs=8586, mean=0.595754, stdev=0.083098, best fit=0.673300, best_overall=0.673300, mean_diversity=0.112396,
indivs=2971994, elapsed_secs=8597, mean=0.624033, stdev=0.093013, best fit=0.673300, best_overall=0.673300, mean_diversity=0.166170,
indivs=2981996, elapsed_secs=8608, mean=0.615782, stdev=0.094570, best fit=0.673300, best_overall=0.673300, mean_diversity=0.276536,
indivs=2992054, elapsed_secs=8622, mean=0.574579, stdev=0.122997, best fit=0.673300, best_overall=0.673300, mean_diversity=0.163129,
indivs=3002085, elapsed_secs=8633, mean=0.613310, stdev=0.067484, best fit=0.673300, best_overall=0.673300, mean_diversity=0.253496,
indivs=3012186, elapsed_secs=8649, mean=0.587225, stdev=0.063035, best fit=0.673300, best_overall=0.673300, mean_diversity=0.191980,
indivs=3022288, elapsed_secs=8666, mean=0.625826, stdev=0.076994, best fit=0.673300, best_overall=0.673300, mean_diversity=0.227004,
indivs=3032339, elapsed_secs=8686, mean=0.619585, stdev=0.092990, best fit=0.673300, best_overall=0.673300, mean_diversity=0.242321,
indivs=3042340, elapsed_secs=8701, mean=0.607740, stdev=0.069963, best fit=0.673300, best_overall=0.673300, mean_diversity=0.160256,
indivs=3052359, elapsed_secs=8716, mean=0.620443, stdev=0.080805, best fit=0.673300, best_overall=0.673300, mean_diversity=0.180207,
indivs=3062383, elapsed_secs=8729, mean=0.624701, stdev=0.071690, best fit=0.673300, best_overall=0.673300, mean_diversity=0.152515,
indivs=3072434, elapsed_secs=8743, mean=0.605083, stdev=0.111595, best fit=0.673300, best_overall=0.673300, mean_diversity=0.127241,
indivs=3082440, elapsed_secs=8757, mean=0.585974, stdev=0.136868, best fit=0.673300, best_overall=0.673300, mean_diversity=0.220185,
indivs=3092466, elapsed_secs=8770, mean=0.612296, stdev=0.062205, best fit=0.673300, best_overall=0.673300, mean_diversity=0.183393,
indivs=3102635, elapsed_secs=8781, mean=0.622068, stdev=0.072020, best fit=0.673300, best_overall=0.673300, mean_diversity=0.180000,
indivs=3112718, elapsed_secs=8794, mean=0.619934, stdev=0.091396, best fit=0.673300, best_overall=0.673300, mean_diversity=0.175263,
indivs=3122737, elapsed_secs=8810, mean=0.581688, stdev=0.114774, best fit=0.673300, best_overall=0.673300, mean_diversity=0.171022,
indivs=3132884, elapsed_secs=8820, mean=0.585022, stdev=0.163156, best fit=0.673300, best_overall=0.673300, mean_diversity=0.121496,
indivs=3142906, elapsed_secs=8841, mean=0.604256, stdev=0.079169, best fit=0.673300, best_overall=0.673300, mean_diversity=0.161630,
indivs=3152953, elapsed_secs=8853, mean=0.582495, stdev=0.125928, best fit=0.673300, best_overall=0.673300, mean_diversity=0.184862,
indivs=3163046, elapsed_secs=8866, mean=0.604635, stdev=0.063264, best fit=0.673300, best_overall=0.673300, mean_diversity=0.177074,
indivs=3173077, elapsed_secs=8880, mean=0.619720, stdev=0.067593, best fit=0.673300, best_overall=0.673300, mean_diversity=0.222211,
indivs=3183157, elapsed_secs=8896, mean=0.631880, stdev=0.069297, best fit=0.673300, best_overall=0.673300, mean_diversity=0.195371,
indivs=3193276, elapsed_secs=8913, mean=0.614812, stdev=0.076720, best fit=0.673300, best_overall=0.673300, mean_diversity=0.214238,
indivs=3203364, elapsed_secs=8925, mean=0.606391, stdev=0.072730, best fit=0.673300, best_overall=0.673300, mean_diversity=0.218679,
indivs=3213505, elapsed_secs=8934, mean=0.608128, stdev=0.096088, best fit=0.673300, best_overall=0.673300, mean_diversity=0.195476,
indivs=3223631, elapsed_secs=8944, mean=0.605065, stdev=0.078213, best fit=0.673300, best_overall=0.673300, mean_diversity=0.185590,
indivs=3233682, elapsed_secs=8964, mean=0.601160, stdev=0.057154, best fit=0.673300, best_overall=0.673300, mean_diversity=0.126238,
indivs=3243716, elapsed_secs=8981, mean=0.630866, stdev=0.088750, best fit=0.673300, best_overall=0.673300, mean_diversity=0.120258,
indivs=3253738, elapsed_secs=9000, mean=0.601197, stdev=0.107662, best fit=0.673300, best_overall=0.673300, mean_diversity=0.250342,
indivs=3263776, elapsed_secs=9029, mean=0.620536, stdev=0.067419, best fit=0.673900, best_overall=0.673900, mean_diversity=0.191942,
indivs=3273829, elapsed_secs=9047, mean=0.624106, stdev=0.073135, best fit=0.674900, best_overall=0.674900, mean_diversity=0.128824,
indivs=3283967, elapsed_secs=9063, mean=0.619682, stdev=0.091266, best fit=0.675000, best_overall=0.675000, mean_diversity=0.140060,
indivs=3293979, elapsed_secs=9082, mean=0.620457, stdev=0.078147, best fit=0.675000, best_overall=0.675000, mean_diversity=0.138700,
indivs=3303983, elapsed_secs=9101, mean=0.621350, stdev=0.075679, best fit=0.675000, best_overall=0.675000, mean_diversity=0.149821,
indivs=3314046, elapsed_secs=9114, mean=0.611129, stdev=0.115146, best fit=0.675000, best_overall=0.675000, mean_diversity=0.127273,
indivs=3324147, elapsed_secs=9131, mean=0.600447, stdev=0.098685, best fit=0.675100, best_overall=0.675100, mean_diversity=0.106643,
indivs=3334255, elapsed_secs=9147, mean=0.620233, stdev=0.113993, best fit=0.675200, best_overall=0.675200, mean_diversity=0.166372,
indivs=3344414, elapsed_secs=9172, mean=0.623297, stdev=0.102752, best fit=0.675200, best_overall=0.675200, mean_diversity=0.148972,
indivs=3354448, elapsed_secs=9194, mean=0.605649, stdev=0.064386, best fit=0.675500, best_overall=0.675500, mean_diversity=0.122619,
indivs=3364590, elapsed_secs=9216, mean=0.616248, stdev=0.083091, best fit=0.675500, best_overall=0.675500, mean_diversity=0.112339,
indivs=3374695, elapsed_secs=9238, mean=0.611854, stdev=0.093624, best fit=0.675500, best_overall=0.675500, mean_diversity=0.139963,
indivs=3384788, elapsed_secs=9261, mean=0.620131, stdev=0.088195, best fit=0.675500, best_overall=0.675500, mean_diversity=0.098552,
indivs=3394850, elapsed_secs=9292, mean=0.615424, stdev=0.066448, best fit=0.675800, best_overall=0.675800, mean_diversity=0.182757,
indivs=3404920, elapsed_secs=9329, mean=0.577714, stdev=0.187471, best fit=0.676000, best_overall=0.676000, mean_diversity=0.143886,
indivs=3415040, elapsed_secs=9367, mean=0.634667, stdev=0.055278, best fit=0.676000, best_overall=0.676000, mean_diversity=0.133452,
indivs=3425196, elapsed_secs=9402, mean=0.626289, stdev=0.107209, best fit=0.676000, best_overall=0.676000, mean_diversity=0.079005,
indivs=3435216, elapsed_secs=9439, mean=0.606732, stdev=0.126207, best fit=0.676000, best_overall=0.676000, mean_diversity=0.126988,
indivs=3445296, elapsed_secs=9473, mean=0.640070, stdev=0.081318, best fit=0.676000, best_overall=0.676000, mean_diversity=0.184730,
indivs=3455462, elapsed_secs=9514, mean=0.601621, stdev=0.146164, best fit=0.676000, best_overall=0.676000, mean_diversity=0.112607,
indivs=3465540, elapsed_secs=9546, mean=0.603959, stdev=0.081415, best fit=0.676000, best_overall=0.676000, mean_diversity=0.092542,
indivs=3475694, elapsed_secs=9582, mean=0.637934, stdev=0.086292, best fit=0.676000, best_overall=0.676000, mean_diversity=0.101787,
indivs=3485826, elapsed_secs=9615, mean=0.591086, stdev=0.185471, best fit=0.676000, best_overall=0.676000, mean_diversity=0.117412,
indivs=3495867, elapsed_secs=9653, mean=0.590988, stdev=0.088798, best fit=0.676000, best_overall=0.676000, mean_diversity=0.091769,
indivs=3505966, elapsed_secs=9694, mean=0.592650, stdev=0.105835, best fit=0.676000, best_overall=0.676000, mean_diversity=0.157126,
indivs=3516136, elapsed_secs=9729, mean=0.615253, stdev=0.101858, best fit=0.676000, best_overall=0.676000, mean_diversity=0.082332,
indivs=3526236, elapsed_secs=9775, mean=0.615211, stdev=0.105056, best fit=0.676000, best_overall=0.676000, mean_diversity=0.128506,
indivs=3536321, elapsed_secs=9811, mean=0.599254, stdev=0.123978, best fit=0.676000, best_overall=0.676000, mean_diversity=0.127329,
indivs=3546385, elapsed_secs=9848, mean=0.592352, stdev=0.114460, best fit=0.676200, best_overall=0.676200, mean_diversity=0.122724,
indivs=3556446, elapsed_secs=9892, mean=0.595456, stdev=0.158063, best fit=0.676200, best_overall=0.676200, mean_diversity=0.155628,
indivs=3566526, elapsed_secs=9936, mean=0.575558, stdev=0.101735, best fit=0.676200, best_overall=0.676200, mean_diversity=0.120469,
indivs=3576599, elapsed_secs=9976, mean=0.616573, stdev=0.066532, best fit=0.676200, best_overall=0.676200, mean_diversity=0.212740,
indivs=3586749, elapsed_secs=10009, mean=0.616142, stdev=0.095662, best fit=0.676200, best_overall=0.676200, mean_diversity=0.073727,
indivs=3596893, elapsed_secs=10044, mean=0.605932, stdev=0.145991, best fit=0.676200, best_overall=0.676200, mean_diversity=0.150000,
indivs=3607026, elapsed_secs=10093, mean=0.620121, stdev=0.109667, best fit=0.676200, best_overall=0.676200, mean_diversity=0.242741,
indivs=3617171, elapsed_secs=10133, mean=0.589436, stdev=0.155092, best fit=0.676200, best_overall=0.676200, mean_diversity=0.240699,
indivs=3627187, elapsed_secs=10165, mean=0.597232, stdev=0.175750, best fit=0.676200, best_overall=0.676200, mean_diversity=0.153058,
indivs=3637312, elapsed_secs=10199, mean=0.587237, stdev=0.156487, best fit=0.676200, best_overall=0.676200, mean_diversity=0.102449,
indivs=3647397, elapsed_secs=10232, mean=0.603476, stdev=0.125237, best fit=0.676200, best_overall=0.676200, mean_diversity=0.131623,
indivs=3657543, elapsed_secs=10272, mean=0.574501, stdev=0.185137, best fit=0.676200, best_overall=0.676200, mean_diversity=0.098338,
indivs=3667575, elapsed_secs=10307, mean=0.581572, stdev=0.167164, best fit=0.676200, best_overall=0.676200, mean_diversity=0.126405,
indivs=3677621, elapsed_secs=10346, mean=0.587440, stdev=0.118812, best fit=0.676200, best_overall=0.676200, mean_diversity=0.093567,
indivs=3687657, elapsed_secs=10384, mean=0.588961, stdev=0.109960, best fit=0.676200, best_overall=0.676200, mean_diversity=0.195724,
indivs=3697698, elapsed_secs=10417, mean=0.565821, stdev=0.157492, best fit=0.676200, best_overall=0.676200, mean_diversity=0.116848,
indivs=3707726, elapsed_secs=10459, mean=0.599162, stdev=0.062409, best fit=0.676200, best_overall=0.676200, mean_diversity=0.090969,
indivs=3717738, elapsed_secs=10496, mean=0.576442, stdev=0.172287, best fit=0.676200, best_overall=0.676200, mean_diversity=0.126875,
indivs=3727853, elapsed_secs=10533, mean=0.601487, stdev=0.135872, best fit=0.676200, best_overall=0.676200, mean_diversity=0.113612,
indivs=3737951, elapsed_secs=10568, mean=0.595774, stdev=0.084127, best fit=0.676200, best_overall=0.676200, mean_diversity=0.142045,
indivs=3748101, elapsed_secs=10601, mean=0.542926, stdev=0.229390, best fit=0.676200, best_overall=0.676200, mean_diversity=0.111074,
indivs=3758210, elapsed_secs=10635, mean=0.598798, stdev=0.110165, best fit=0.676200, best_overall=0.676200, mean_diversity=0.188629,
indivs=3768248, elapsed_secs=10671, mean=0.591285, stdev=0.151251, best fit=0.676200, best_overall=0.676200, mean_diversity=0.126398,
indivs=3778351, elapsed_secs=10706, mean=0.596150, stdev=0.078910, best fit=0.676200, best_overall=0.676200, mean_diversity=0.113417,
indivs=3788432, elapsed_secs=10739, mean=0.605927, stdev=0.131181, best fit=0.676600, best_overall=0.676600, mean_diversity=0.109410,
indivs=3798531, elapsed_secs=10779, mean=0.560904, stdev=0.189793, best fit=0.676600, best_overall=0.676600, mean_diversity=0.167630,
indivs=3808544, elapsed_secs=10814, mean=0.598661, stdev=0.098237, best fit=0.676600, best_overall=0.676600, mean_diversity=0.153274,
indivs=3818677, elapsed_secs=10851, mean=0.629128, stdev=0.109921, best fit=0.676600, best_overall=0.676600, mean_diversity=0.134772,
indivs=3828717, elapsed_secs=10887, mean=0.578247, stdev=0.185044, best fit=0.676600, best_overall=0.676600, mean_diversity=0.157082,
indivs=3838812, elapsed_secs=10926, mean=0.576037, stdev=0.121599, best fit=0.676600, best_overall=0.676600, mean_diversity=0.218025,
indivs=3848822, elapsed_secs=10960, mean=0.617430, stdev=0.086746, best fit=0.676600, best_overall=0.676600, mean_diversity=0.132456,
indivs=3858862, elapsed_secs=10996, mean=0.563418, stdev=0.205846, best fit=0.676600, best_overall=0.676600, mean_diversity=0.176048,
indivs=3868973, elapsed_secs=11035, mean=0.615448, stdev=0.110417, best fit=0.676600, best_overall=0.676600, mean_diversity=0.065763,
indivs=3879049, elapsed_secs=11074, mean=0.589097, stdev=0.128049, best fit=0.676600, best_overall=0.676600, mean_diversity=0.182298,
indivs=3889132, elapsed_secs=11105, mean=0.587427, stdev=0.148847, best fit=0.676600, best_overall=0.676600, mean_diversity=0.104674,
indivs=3899153, elapsed_secs=11140, mean=0.627036, stdev=0.110634, best fit=0.676600, best_overall=0.676600, mean_diversity=0.133750,
indivs=3909214, elapsed_secs=11179, mean=0.614880, stdev=0.103695, best fit=0.676600, best_overall=0.676600, mean_diversity=0.154213,
indivs=3919282, elapsed_secs=11220, mean=0.577033, stdev=0.194923, best fit=0.676600, best_overall=0.676600, mean_diversity=0.176333,
indivs=3929289, elapsed_secs=11254, mean=0.618865, stdev=0.096761, best fit=0.676600, best_overall=0.676600, mean_diversity=0.151198,
indivs=3939416, elapsed_secs=11287, mean=0.621972, stdev=0.094836, best fit=0.676600, best_overall=0.676600, mean_diversity=0.244078,
indivs=3949475, elapsed_secs=11323, mean=0.616127, stdev=0.114591, best fit=0.676600, best_overall=0.676600, mean_diversity=0.137264,
indivs=3959521, elapsed_secs=11357, mean=0.576446, stdev=0.192645, best fit=0.676600, best_overall=0.676600, mean_diversity=0.156679,
indivs=3969679, elapsed_secs=11393, mean=0.609871, stdev=0.115075, best fit=0.676600, best_overall=0.676600, mean_diversity=0.124444,
indivs=3979796, elapsed_secs=11434, mean=0.605538, stdev=0.125350, best fit=0.676600, best_overall=0.676600, mean_diversity=0.111929,
indivs=3989879, elapsed_secs=11468, mean=0.582432, stdev=0.133901, best fit=0.676600, best_overall=0.676600, mean_diversity=0.210129,
indivs=3999923, elapsed_secs=11502, mean=0.599616, stdev=0.115618, best fit=0.676600, best_overall=0.676600, mean_diversity=0.134662,
indivs=4009953, elapsed_secs=11537, mean=0.600329, stdev=0.090880, best fit=0.676600, best_overall=0.676600, mean_diversity=0.186580,
indivs=4019962, elapsed_secs=11574, mean=0.603596, stdev=0.064773, best fit=0.676600, best_overall=0.676600, mean_diversity=0.280600,
indivs=4029971, elapsed_secs=11612, mean=0.586304, stdev=0.163264, best fit=0.676600, best_overall=0.676600, mean_diversity=0.147370,
indivs=4040021, elapsed_secs=11644, mean=0.590624, stdev=0.168368, best fit=0.676600, best_overall=0.676600, mean_diversity=0.129481,
indivs=4050184, elapsed_secs=11680, mean=0.611814, stdev=0.126511, best fit=0.676600, best_overall=0.676600, mean_diversity=0.176776,
indivs=4060341, elapsed_secs=11719, mean=0.621094, stdev=0.075280, best fit=0.676600, best_overall=0.676600, mean_diversity=0.142315,
indivs=4070393, elapsed_secs=11760, mean=0.581472, stdev=0.177731, best fit=0.676600, best_overall=0.676600, mean_diversity=0.143598,
indivs=4080413, elapsed_secs=11799, mean=0.574436, stdev=0.181515, best fit=0.676600, best_overall=0.676600, mean_diversity=0.159416,
indivs=4090449, elapsed_secs=11835, mean=0.622789, stdev=0.096258, best fit=0.676600, best_overall=0.676600, mean_diversity=0.176791,
indivs=4100458, elapsed_secs=11873, mean=0.604786, stdev=0.131147, best fit=0.676600, best_overall=0.676600, mean_diversity=0.187216,
indivs=4110535, elapsed_secs=11904, mean=0.618162, stdev=0.109723, best fit=0.676600, best_overall=0.676600, mean_diversity=0.145016,
indivs=4120538, elapsed_secs=11942, mean=0.585639, stdev=0.132693, best fit=0.676600, best_overall=0.676600, mean_diversity=0.129146,
indivs=4130620, elapsed_secs=11979, mean=0.592380, stdev=0.107209, best fit=0.676600, best_overall=0.676600, mean_diversity=0.180237,
indivs=4140692, elapsed_secs=12017, mean=0.585051, stdev=0.138116, best fit=0.676600, best_overall=0.676600, mean_diversity=0.227535,
indivs=4150768, elapsed_secs=12054, mean=0.585090, stdev=0.155770, best fit=0.676600, best_overall=0.676600, mean_diversity=0.121749,
indivs=4160872, elapsed_secs=12091, mean=0.605787, stdev=0.143082, best fit=0.676600, best_overall=0.676600, mean_diversity=0.105875,
indivs=4170959, elapsed_secs=12122, mean=0.596861, stdev=0.147293, best fit=0.676600, best_overall=0.676600, mean_diversity=0.150063,
indivs=4180985, elapsed_secs=12157, mean=0.608614, stdev=0.117735, best fit=0.676600, best_overall=0.676600, mean_diversity=0.242979,
indivs=4191136, elapsed_secs=12192, mean=0.546347, stdev=0.210284, best fit=0.676600, best_overall=0.676600, mean_diversity=0.184571,
indivs=4201241, elapsed_secs=12233, mean=0.605018, stdev=0.126108, best fit=0.676600, best_overall=0.676600, mean_diversity=0.125286,
indivs=4211299, elapsed_secs=12268, mean=0.589623, stdev=0.135154, best fit=0.676600, best_overall=0.676600, mean_diversity=0.228351,
indivs=4221456, elapsed_secs=12304, mean=0.586099, stdev=0.141105, best fit=0.676600, best_overall=0.676600, mean_diversity=0.133357,
indivs=4231491, elapsed_secs=12341, mean=0.598734, stdev=0.117166, best fit=0.676600, best_overall=0.676600, mean_diversity=0.212870,
indivs=4241528, elapsed_secs=12378, mean=0.571336, stdev=0.158597, best fit=0.676600, best_overall=0.676600, mean_diversity=0.122523,
indivs=4251586, elapsed_secs=12416, mean=0.597612, stdev=0.145088, best fit=0.676600, best_overall=0.676600, mean_diversity=0.196368,
indivs=4261724, elapsed_secs=12452, mean=0.609848, stdev=0.079628, best fit=0.676600, best_overall=0.676600, mean_diversity=0.132132,
indivs=4271798, elapsed_secs=12486, mean=0.605739, stdev=0.095753, best fit=0.676600, best_overall=0.676600, mean_diversity=0.100217,
indivs=4281819, elapsed_secs=12525, mean=0.600879, stdev=0.089642, best fit=0.676600, best_overall=0.676600, mean_diversity=0.167639,
indivs=4291882, elapsed_secs=12560, mean=0.573331, stdev=0.194404, best fit=0.676600, best_overall=0.676600, mean_diversity=0.137012,
indivs=4302031, elapsed_secs=12593, mean=0.592371, stdev=0.138634, best fit=0.676600, best_overall=0.676600, mean_diversity=0.165228,
indivs=4312193, elapsed_secs=12631, mean=0.615565, stdev=0.096148, best fit=0.676600, best_overall=0.676600, mean_diversity=0.090559,
indivs=4322210, elapsed_secs=12665, mean=0.613644, stdev=0.096106, best fit=0.676600, best_overall=0.676600, mean_diversity=0.087684,
indivs=4332293, elapsed_secs=12707, mean=0.608003, stdev=0.123774, best fit=0.676600, best_overall=0.676600, mean_diversity=0.222591,
indivs=4342460, elapsed_secs=12743, mean=0.611035, stdev=0.142235, best fit=0.676600, best_overall=0.676600, mean_diversity=0.112750,
indivs=4352597, elapsed_secs=12776, mean=0.619712, stdev=0.098757, best fit=0.676600, best_overall=0.676600, mean_diversity=0.197017,
indivs=4362691, elapsed_secs=12817, mean=0.625751, stdev=0.112539, best fit=0.676600, best_overall=0.676600, mean_diversity=0.173617,
indivs=4372756, elapsed_secs=12856, mean=0.611496, stdev=0.129556, best fit=0.676600, best_overall=0.676600, mean_diversity=0.208984,
indivs=4382828, elapsed_secs=12890, mean=0.610533, stdev=0.086304, best fit=0.676600, best_overall=0.676600, mean_diversity=0.155224,
indivs=4392841, elapsed_secs=12931, mean=0.617692, stdev=0.098125, best fit=0.676600, best_overall=0.676600, mean_diversity=0.183832,
indivs=4402986, elapsed_secs=12971, mean=0.613907, stdev=0.116324, best fit=0.676600, best_overall=0.676600, mean_diversity=0.126464,
indivs=4413114, elapsed_secs=13012, mean=0.593709, stdev=0.185220, best fit=0.676600, best_overall=0.676600, mean_diversity=0.122024,
indivs=4423265, elapsed_secs=13047, mean=0.616680, stdev=0.129341, best fit=0.676600, best_overall=0.676600, mean_diversity=0.173519,
indivs=4433358, elapsed_secs=13084, mean=0.597864, stdev=0.175103, best fit=0.676600, best_overall=0.676600, mean_diversity=0.187128,
indivs=4443365, elapsed_secs=13116, mean=0.619417, stdev=0.116420, best fit=0.676600, best_overall=0.676600, mean_diversity=0.161391,
indivs=4453466, elapsed_secs=13153, mean=0.584152, stdev=0.133525, best fit=0.676600, best_overall=0.676600, mean_diversity=0.136654,
indivs=4463590, elapsed_secs=13195, mean=0.591057, stdev=0.163524, best fit=0.676600, best_overall=0.676600, mean_diversity=0.247519,
indivs=4473596, elapsed_secs=13233, mean=0.615731, stdev=0.106733, best fit=0.676600, best_overall=0.676600, mean_diversity=0.117062,
indivs=4483640, elapsed_secs=13269, mean=0.589319, stdev=0.090892, best fit=0.676600, best_overall=0.676600, mean_diversity=0.299808,
indivs=4493765, elapsed_secs=13307, mean=0.630545, stdev=0.092729, best fit=0.676600, best_overall=0.676600, mean_diversity=0.080597,
indivs=4503909, elapsed_secs=13350, mean=0.593394, stdev=0.163873, best fit=0.676600, best_overall=0.676600, mean_diversity=0.184882,
indivs=4513962, elapsed_secs=13385, mean=0.606020, stdev=0.147073, best fit=0.676600, best_overall=0.676600, mean_diversity=0.160361,
indivs=4524014, elapsed_secs=13423, mean=0.581052, stdev=0.120266, best fit=0.676600, best_overall=0.676600, mean_diversity=0.171778,
indivs=4534113, elapsed_secs=13462, mean=0.584750, stdev=0.105539, best fit=0.676600, best_overall=0.676600, mean_diversity=0.089714,
indivs=4544145, elapsed_secs=13502, mean=0.592079, stdev=0.105613, best fit=0.676600, best_overall=0.676600, mean_diversity=0.161340,
indivs=4554149, elapsed_secs=13540, mean=0.575450, stdev=0.161144, best fit=0.676600, best_overall=0.676600, mean_diversity=0.078652,
indivs=4564179, elapsed_secs=13573, mean=0.567582, stdev=0.172794, best fit=0.676600, best_overall=0.676600, mean_diversity=0.101317,
indivs=4574281, elapsed_secs=13621, mean=0.596055, stdev=0.161806, best fit=0.676600, best_overall=0.676600, mean_diversity=0.219932,
indivs=4584386, elapsed_secs=13662, mean=0.604918, stdev=0.107300, best fit=0.676600, best_overall=0.676600, mean_diversity=0.167012,
indivs=4594459, elapsed_secs=13704, mean=0.620288, stdev=0.096855, best fit=0.676600, best_overall=0.676600, mean_diversity=0.204558,
indivs=4604585, elapsed_secs=13749, mean=0.571000, stdev=0.182089, best fit=0.676600, best_overall=0.676600, mean_diversity=0.192286,
indivs=4614623, elapsed_secs=13790, mean=0.592853, stdev=0.120856, best fit=0.676600, best_overall=0.676600, mean_diversity=0.160526,
indivs=4624627, elapsed_secs=13828, mean=0.605024, stdev=0.110917, best fit=0.676600, best_overall=0.676600, mean_diversity=0.110964,
indivs=4634671, elapsed_secs=13863, mean=0.614697, stdev=0.095755, best fit=0.676600, best_overall=0.676600, mean_diversity=0.175618,
indivs=4644723, elapsed_secs=13903, mean=0.610382, stdev=0.112247, best fit=0.676600, best_overall=0.676600, mean_diversity=0.171170,
indivs=4654821, elapsed_secs=13944, mean=0.578445, stdev=0.200146, best fit=0.676600, best_overall=0.676600, mean_diversity=0.184882,
indivs=4664911, elapsed_secs=13982, mean=0.607300, stdev=0.113184, best fit=0.676600, best_overall=0.676600, mean_diversity=0.172422,
indivs=4675062, elapsed_secs=14019, mean=0.617478, stdev=0.085964, best fit=0.676600, best_overall=0.676600, mean_diversity=0.206925,
indivs=4685170, elapsed_secs=14058, mean=0.602183, stdev=0.074641, best fit=0.676600, best_overall=0.676600, mean_diversity=0.147415,
indivs=4695243, elapsed_secs=14096, mean=0.607502, stdev=0.064697, best fit=0.676600, best_overall=0.676600, mean_diversity=0.231220,
indivs=4705311, elapsed_secs=14128, mean=0.597625, stdev=0.138797, best fit=0.676600, best_overall=0.676600, mean_diversity=0.209020,
indivs=4715376, elapsed_secs=14163, mean=0.608949, stdev=0.113950, best fit=0.676600, best_overall=0.676600, mean_diversity=0.164155,
indivs=4725405, elapsed_secs=14199, mean=0.608550, stdev=0.078117, best fit=0.676600, best_overall=0.676600, mean_diversity=0.113129,
indivs=4735468, elapsed_secs=14238, mean=0.582045, stdev=0.140773, best fit=0.676600, best_overall=0.676600, mean_diversity=0.178917,
indivs=4745566, elapsed_secs=14278, mean=0.572218, stdev=0.176325, best fit=0.676600, best_overall=0.676600, mean_diversity=0.168376,
indivs=4755662, elapsed_secs=14313, mean=0.609297, stdev=0.096280, best fit=0.676600, best_overall=0.676600, mean_diversity=0.265442,
indivs=4765749, elapsed_secs=14352, mean=0.593340, stdev=0.087214, best fit=0.676600, best_overall=0.676600, mean_diversity=0.210000,
indivs=4775786, elapsed_secs=14391, mean=0.614233, stdev=0.117144, best fit=0.676600, best_overall=0.676600, mean_diversity=0.233801,
indivs=4785880, elapsed_secs=14426, mean=0.595847, stdev=0.175552, best fit=0.676600, best_overall=0.676600, mean_diversity=0.123476,
indivs=4795944, elapsed_secs=14464, mean=0.601036, stdev=0.109718, best fit=0.676600, best_overall=0.676600, mean_diversity=0.201750,
indivs=4806003, elapsed_secs=14500, mean=0.540608, stdev=0.217180, best fit=0.676600, best_overall=0.676600, mean_diversity=0.130917,
indivs=4816030, elapsed_secs=14542, mean=0.597630, stdev=0.128237, best fit=0.676600, best_overall=0.676600, mean_diversity=0.132605,
indivs=4826142, elapsed_secs=14580, mean=0.588765, stdev=0.170776, best fit=0.676600, best_overall=0.676600, mean_diversity=0.186488,
indivs=4836229, elapsed_secs=14611, mean=0.618780, stdev=0.091401, best fit=0.676600, best_overall=0.676600, mean_diversity=0.175161,
indivs=4846273, elapsed_secs=14644, mean=0.595399, stdev=0.086133, best fit=0.676600, best_overall=0.676600, mean_diversity=0.151913,
indivs=4856274, elapsed_secs=14681, mean=0.579309, stdev=0.180325, best fit=0.676600, best_overall=0.676600, mean_diversity=0.116085,
indivs=4866379, elapsed_secs=14717, mean=0.579617, stdev=0.146462, best fit=0.676600, best_overall=0.676600, mean_diversity=0.107972,
indivs=4876442, elapsed_secs=14751, mean=0.563884, stdev=0.165681, best fit=0.676600, best_overall=0.676600, mean_diversity=0.192922,
indivs=4886482, elapsed_secs=14785, mean=0.598348, stdev=0.118085, best fit=0.676600, best_overall=0.676600, mean_diversity=0.263500,
indivs=4896626, elapsed_secs=14826, mean=0.584593, stdev=0.156460, best fit=0.676600, best_overall=0.676600, mean_diversity=0.103509,
indivs=4906654, elapsed_secs=14863, mean=0.596988, stdev=0.118379, best fit=0.676600, best_overall=0.676600, mean_diversity=0.106829,
indivs=4916693, elapsed_secs=14898, mean=0.603296, stdev=0.084095, best fit=0.676600, best_overall=0.676600, mean_diversity=0.170131,
indivs=4926848, elapsed_secs=14935, mean=0.628364, stdev=0.100908, best fit=0.676600, best_overall=0.676600, mean_diversity=0.142530,
indivs=4936914, elapsed_secs=14970, mean=0.612127, stdev=0.140598, best fit=0.676600, best_overall=0.676600, mean_diversity=0.180811,
indivs=4947041, elapsed_secs=15005, mean=0.591301, stdev=0.149573, best fit=0.676600, best_overall=0.676600, mean_diversity=0.259259,
indivs=4957096, elapsed_secs=15047, mean=0.603466, stdev=0.135534, best fit=0.676600, best_overall=0.676600, mean_diversity=0.264667,
indivs=4967247, elapsed_secs=15084, mean=0.552213, stdev=0.206891, best fit=0.676600, best_overall=0.676600, mean_diversity=0.213962,
indivs=4977307, elapsed_secs=15123, mean=0.616040, stdev=0.112024, best fit=0.676600, best_overall=0.676600, mean_diversity=0.116462,
indivs=4987312, elapsed_secs=15161, mean=0.594266, stdev=0.107998, best fit=0.676600, best_overall=0.676600, mean_diversity=0.141974,
indivs=4997413, elapsed_secs=15196, mean=0.597961, stdev=0.088295, best fit=0.676600, best_overall=0.676600, mean_diversity=0.199360,
indivs=5007495, elapsed_secs=15235, mean=0.601147, stdev=0.097307, best fit=0.676600, best_overall=0.676600, mean_diversity=0.136884,
indivs=5017617, elapsed_secs=15274, mean=0.575589, stdev=0.184776, best fit=0.676600, best_overall=0.676600, mean_diversity=0.121188,
indivs=5027617, elapsed_secs=15314, mean=0.572941, stdev=0.162561, best fit=0.676600, best_overall=0.676600, mean_diversity=0.154343,
indivs=5037686, elapsed_secs=15345, mean=0.578066, stdev=0.129610, best fit=0.676600, best_overall=0.676600, mean_diversity=0.122096,
indivs=5047763, elapsed_secs=15387, mean=0.582448, stdev=0.153354, best fit=0.676600, best_overall=0.676600, mean_diversity=0.143498,
indivs=5057843, elapsed_secs=15417, mean=0.596069, stdev=0.076133, best fit=0.676600, best_overall=0.676600, mean_diversity=0.125536,
indivs=5067923, elapsed_secs=15455, mean=0.559662, stdev=0.213544, best fit=0.676600, best_overall=0.676600, mean_diversity=0.176993,
indivs=5078033, elapsed_secs=15487, mean=0.614767, stdev=0.105328, best fit=0.676600, best_overall=0.676600, mean_diversity=0.188498,
indivs=5088138, elapsed_secs=15524, mean=0.572969, stdev=0.186843, best fit=0.676600, best_overall=0.676600, mean_diversity=0.129249,
indivs=5098225, elapsed_secs=15563, mean=0.597410, stdev=0.125232, best fit=0.676600, best_overall=0.676600, mean_diversity=0.188051,
indivs=5108235, elapsed_secs=15600, mean=0.607768, stdev=0.116284, best fit=0.676600, best_overall=0.676600, mean_diversity=0.096585,
indivs=5118249, elapsed_secs=15635, mean=0.563800, stdev=0.200264, best fit=0.676600, best_overall=0.676600, mean_diversity=0.120683,
indivs=5128268, elapsed_secs=15673, mean=0.606860, stdev=0.098241, best fit=0.676600, best_overall=0.676600, mean_diversity=0.148534,
indivs=5138324, elapsed_secs=15708, mean=0.547332, stdev=0.208362, best fit=0.676600, best_overall=0.676600, mean_diversity=0.120769,
indivs=5148419, elapsed_secs=15745, mean=0.616387, stdev=0.100574, best fit=0.676600, best_overall=0.676600, mean_diversity=0.202361,
indivs=5158549, elapsed_secs=15785, mean=0.598521, stdev=0.143412, best fit=0.676600, best_overall=0.676600, mean_diversity=0.099215,
indivs=5168671, elapsed_secs=15824, mean=0.558543, stdev=0.212875, best fit=0.676600, best_overall=0.676600, mean_diversity=0.227532,
indivs=5178699, elapsed_secs=15867, mean=0.572786, stdev=0.188022, best fit=0.676600, best_overall=0.676600, mean_diversity=0.201960,
indivs=5188758, elapsed_secs=15899, mean=0.602875, stdev=0.114613, best fit=0.676600, best_overall=0.676600, mean_diversity=0.166875,
indivs=5198811, elapsed_secs=15936, mean=0.607908, stdev=0.175469, best fit=0.676600, best_overall=0.676600, mean_diversity=0.174722,
indivs=5208881, elapsed_secs=15976, mean=0.611959, stdev=0.075741, best fit=0.676600, best_overall=0.676600, mean_diversity=0.163636,
indivs=5218928, elapsed_secs=16015, mean=0.610955, stdev=0.112618, best fit=0.676600, best_overall=0.676600, mean_diversity=0.173266,
indivs=5228958, elapsed_secs=16046, mean=0.596703, stdev=0.120647, best fit=0.676600, best_overall=0.676600, mean_diversity=0.080141,
indivs=5239043, elapsed_secs=16084, mean=0.601115, stdev=0.101038, best fit=0.676600, best_overall=0.676600, mean_diversity=0.118144,
indivs=5249187, elapsed_secs=16121, mean=0.576720, stdev=0.178005, best fit=0.676600, best_overall=0.676600, mean_diversity=0.141238,
indivs=5259305, elapsed_secs=16153, mean=0.616193, stdev=0.092391, best fit=0.676600, best_overall=0.676600, mean_diversity=0.157850,
indivs=5269429, elapsed_secs=16190, mean=0.610176, stdev=0.091993, best fit=0.676600, best_overall=0.676600, mean_diversity=0.165238,
indivs=5279489, elapsed_secs=16225, mean=0.590353, stdev=0.092592, best fit=0.676600, best_overall=0.676600, mean_diversity=0.152255,
indivs=5289601, elapsed_secs=16261, mean=0.610535, stdev=0.110807, best fit=0.676600, best_overall=0.676600, mean_diversity=0.123922,
indivs=5299725, elapsed_secs=16299, mean=0.595457, stdev=0.149320, best fit=0.676600, best_overall=0.676600, mean_diversity=0.166095,
indivs=5309825, elapsed_secs=16335, mean=0.616427, stdev=0.098224, best fit=0.676600, best_overall=0.676600, mean_diversity=0.152664,
indivs=5320001, elapsed_secs=16368, mean=0.634839, stdev=0.069738, best fit=0.676600, best_overall=0.676600, mean_diversity=0.191042,
indivs=5330108, elapsed_secs=16410, mean=0.599833, stdev=0.101229, best fit=0.676600, best_overall=0.676600, mean_diversity=0.189430,
indivs=5340167, elapsed_secs=16451, mean=0.612128, stdev=0.092428, best fit=0.676600, best_overall=0.676600, mean_diversity=0.209160,
indivs=5350221, elapsed_secs=16489, mean=0.597251, stdev=0.127855, best fit=0.676600, best_overall=0.676600, mean_diversity=0.277304,
indivs=5360312, elapsed_secs=16527, mean=0.607242, stdev=0.116281, best fit=0.676600, best_overall=0.676600, mean_diversity=0.157576,
indivs=5370392, elapsed_secs=16558, mean=0.604496, stdev=0.060176, best fit=0.676600, best_overall=0.676600, mean_diversity=0.168692,
indivs=5380538, elapsed_secs=16592, mean=0.614700, stdev=0.083353, best fit=0.676600, best_overall=0.676600, mean_diversity=0.122845,
indivs=5390673, elapsed_secs=16631, mean=0.607140, stdev=0.112544, best fit=0.676600, best_overall=0.676600, mean_diversity=0.159073,
indivs=5400775, elapsed_secs=16663, mean=0.589215, stdev=0.145857, best fit=0.676600, best_overall=0.676600, mean_diversity=0.108865,
indivs=5410870, elapsed_secs=16704, mean=0.604508, stdev=0.105080, best fit=0.676600, best_overall=0.676600, mean_diversity=0.098972,
indivs=5420985, elapsed_secs=16739, mean=0.550269, stdev=0.201310, best fit=0.676600, best_overall=0.676600, mean_diversity=0.134581,
indivs=5431053, elapsed_secs=16775, mean=0.598025, stdev=0.119803, best fit=0.676600, best_overall=0.676600, mean_diversity=0.130442,
indivs=5441070, elapsed_secs=16819, mean=0.623923, stdev=0.077800, best fit=0.676600, best_overall=0.676600, mean_diversity=0.120565,
indivs=5451226, elapsed_secs=16854, mean=0.614292, stdev=0.111987, best fit=0.676600, best_overall=0.676600, mean_diversity=0.119903,
indivs=5461286, elapsed_secs=16891, mean=0.595262, stdev=0.135513, best fit=0.676600, best_overall=0.676600, mean_diversity=0.207244,
indivs=5471399, elapsed_secs=16930, mean=0.569167, stdev=0.189703, best fit=0.676600, best_overall=0.676600, mean_diversity=0.210398,
indivs=5481432, elapsed_secs=16965, mean=0.584692, stdev=0.151980, best fit=0.676600, best_overall=0.676600, mean_diversity=0.136855,
indivs=5491522, elapsed_secs=17003, mean=0.610996, stdev=0.123268, best fit=0.676600, best_overall=0.676600, mean_diversity=0.230260,
indivs=5501579, elapsed_secs=17047, mean=0.595522, stdev=0.121981, best fit=0.676600, best_overall=0.676600, mean_diversity=0.111655,
indivs=5511666, elapsed_secs=17084, mean=0.592259, stdev=0.176380, best fit=0.676600, best_overall=0.676600, mean_diversity=0.238341,
indivs=5521691, elapsed_secs=17122, mean=0.574532, stdev=0.139937, best fit=0.676600, best_overall=0.676600, mean_diversity=0.148531,
indivs=5531822, elapsed_secs=17156, mean=0.601985, stdev=0.120393, best fit=0.676600, best_overall=0.676600, mean_diversity=0.107500,
indivs=5541841, elapsed_secs=17191, mean=0.600300, stdev=0.166019, best fit=0.676600, best_overall=0.676600, mean_diversity=0.119738,
indivs=5551886, elapsed_secs=17224, mean=0.618801, stdev=0.098309, best fit=0.676600, best_overall=0.676600, mean_diversity=0.169858,
indivs=5561963, elapsed_secs=17262, mean=0.596850, stdev=0.085055, best fit=0.676600, best_overall=0.676600, mean_diversity=0.151648,
indivs=5571995, elapsed_secs=17301, mean=0.616097, stdev=0.097449, best fit=0.676600, best_overall=0.676600, mean_diversity=0.139367,
indivs=5582142, elapsed_secs=17334, mean=0.580985, stdev=0.177274, best fit=0.676600, best_overall=0.676600, mean_diversity=0.156738,
indivs=5592142, elapsed_secs=17371, mean=0.625075, stdev=0.095135, best fit=0.676600, best_overall=0.676600, mean_diversity=0.189364,
indivs=5602193, elapsed_secs=17405, mean=0.610633, stdev=0.097728, best fit=0.676600, best_overall=0.676600, mean_diversity=0.107344,
indivs=5612213, elapsed_secs=17446, mean=0.613751, stdev=0.074551, best fit=0.676600, best_overall=0.676600, mean_diversity=0.147991,
indivs=5622213, elapsed_secs=17484, mean=0.593150, stdev=0.146192, best fit=0.676600, best_overall=0.676600, mean_diversity=0.153720,
indivs=5632280, elapsed_secs=17521, mean=0.601649, stdev=0.110493, best fit=0.676600, best_overall=0.676600, mean_diversity=0.158563,
indivs=5642378, elapsed_secs=17558, mean=0.589902, stdev=0.150771, best fit=0.676600, best_overall=0.676600, mean_diversity=0.138526,
indivs=5652378, elapsed_secs=17598, mean=0.600233, stdev=0.117162, best fit=0.676600, best_overall=0.676600, mean_diversity=0.161116,
indivs=5662503, elapsed_secs=17645, mean=0.595633, stdev=0.142217, best fit=0.676600, best_overall=0.676600, mean_diversity=0.101727,
indivs=5672682, elapsed_secs=17686, mean=0.589763, stdev=0.185645, best fit=0.676600, best_overall=0.676600, mean_diversity=0.120978,
indivs=5682802, elapsed_secs=17723, mean=0.576932, stdev=0.150866, best fit=0.676600, best_overall=0.676600, mean_diversity=0.216158,
indivs=5692832, elapsed_secs=17767, mean=0.599206, stdev=0.096825, best fit=0.676600, best_overall=0.676600, mean_diversity=0.166276,
indivs=5702859, elapsed_secs=17800, mean=0.620518, stdev=0.092240, best fit=0.676600, best_overall=0.676600, mean_diversity=0.136804,
indivs=5712959, elapsed_secs=17837, mean=0.620370, stdev=0.090071, best fit=0.676600, best_overall=0.676600, mean_diversity=0.167592,
indivs=5723027, elapsed_secs=17873, mean=0.615474, stdev=0.090340, best fit=0.676600, best_overall=0.676600, mean_diversity=0.153025,
indivs=5733088, elapsed_secs=17915, mean=0.623527, stdev=0.090758, best fit=0.676600, best_overall=0.676600, mean_diversity=0.249000,
indivs=5743242, elapsed_secs=17950, mean=0.571677, stdev=0.192583, best fit=0.676600, best_overall=0.676600, mean_diversity=0.203135,
indivs=5753331, elapsed_secs=17988, mean=0.604406, stdev=0.103351, best fit=0.676600, best_overall=0.676600, mean_diversity=0.155566,
indivs=5763436, elapsed_secs=18024, mean=0.619467, stdev=0.072486, best fit=0.676600, best_overall=0.676600, mean_diversity=0.181429,
indivs=5773510, elapsed_secs=18058, mean=0.577696, stdev=0.105448, best fit=0.676600, best_overall=0.676600, mean_diversity=0.139487,
indivs=5783512, elapsed_secs=18094, mean=0.581585, stdev=0.185945, best fit=0.676600, best_overall=0.676600, mean_diversity=0.179441,
indivs=5793566, elapsed_secs=18131, mean=0.562599, stdev=0.192806, best fit=0.676600, best_overall=0.676600, mean_diversity=0.310136,
indivs=5803610, elapsed_secs=18169, mean=0.568474, stdev=0.166711, best fit=0.676600, best_overall=0.676600, mean_diversity=0.122529,
indivs=5813646, elapsed_secs=18209, mean=0.595219, stdev=0.111057, best fit=0.676600, best_overall=0.676600, mean_diversity=0.167564,
indivs=5823760, elapsed_secs=18244, mean=0.566246, stdev=0.188247, best fit=0.676600, best_overall=0.676600, mean_diversity=0.206091,
indivs=5833776, elapsed_secs=18284, mean=0.597828, stdev=0.093930, best fit=0.676600, best_overall=0.676600, mean_diversity=0.154332,
indivs=5843795, elapsed_secs=18321, mean=0.600734, stdev=0.073582, best fit=0.676600, best_overall=0.676600, mean_diversity=0.144330,
indivs=5853797, elapsed_secs=18354, mean=0.565362, stdev=0.193173, best fit=0.676600, best_overall=0.676600, mean_diversity=0.138462,
indivs=5863851, elapsed_secs=18394, mean=0.609480, stdev=0.115704, best fit=0.676600, best_overall=0.676600, mean_diversity=0.132536,
indivs=5873884, elapsed_secs=18436, mean=0.581835, stdev=0.156468, best fit=0.676600, best_overall=0.676600, mean_diversity=0.239951,
indivs=5883892, elapsed_secs=18481, mean=0.583643, stdev=0.122725, best fit=0.676600, best_overall=0.676600, mean_diversity=0.145212,
indivs=5893931, elapsed_secs=18521, mean=0.588515, stdev=0.101810, best fit=0.676600, best_overall=0.676600, mean_diversity=0.201628,
indivs=5904008, elapsed_secs=18558, mean=0.601233, stdev=0.084807, best fit=0.676600, best_overall=0.676600, mean_diversity=0.308380,
indivs=5914163, elapsed_secs=18594, mean=0.607899, stdev=0.079377, best fit=0.676600, best_overall=0.676600, mean_diversity=0.166748,
indivs=5924181, elapsed_secs=18627, mean=0.563958, stdev=0.137647, best fit=0.676600, best_overall=0.676600, mean_diversity=0.219286,
indivs=5934235, elapsed_secs=18666, mean=0.594617, stdev=0.117871, best fit=0.676600, best_overall=0.676600, mean_diversity=0.185382,
indivs=5944361, elapsed_secs=18708, mean=0.610505, stdev=0.098445, best fit=0.676600, best_overall=0.676600, mean_diversity=0.120480,
indivs=5954413, elapsed_secs=18742, mean=0.594597, stdev=0.086809, best fit=0.676600, best_overall=0.676600, mean_diversity=0.207869,
indivs=5964522, elapsed_secs=18778, mean=0.582169, stdev=0.157474, best fit=0.676600, best_overall=0.676600, mean_diversity=0.076801,
indivs=5974565, elapsed_secs=18811, mean=0.585521, stdev=0.119913, best fit=0.676600, best_overall=0.676600, mean_diversity=0.214286,
indivs=5984634, elapsed_secs=18851, mean=0.594191, stdev=0.109806, best fit=0.676600, best_overall=0.676600, mean_diversity=0.115094,
indivs=5994651, elapsed_secs=18883, mean=0.607108, stdev=0.095284, best fit=0.676600, best_overall=0.676600, mean_diversity=0.171398,
indivs=6004696, elapsed_secs=18916, mean=0.593393, stdev=0.107133, best fit=0.676600, best_overall=0.676600, mean_diversity=0.154752,
indivs=6014743, elapsed_secs=18947, mean=0.622554, stdev=0.095236, best fit=0.676600, best_overall=0.676600, mean_diversity=0.151503,
indivs=6024902, elapsed_secs=18984, mean=0.604984, stdev=0.117023, best fit=0.676600, best_overall=0.676600, mean_diversity=0.128596,
indivs=6034922, elapsed_secs=19022, mean=0.593854, stdev=0.114042, best fit=0.676600, best_overall=0.676600, mean_diversity=0.161509,
indivs=6045015, elapsed_secs=19060, mean=0.587821, stdev=0.144936, best fit=0.676600, best_overall=0.676600, mean_diversity=0.152128,
indivs=6055119, elapsed_secs=19099, mean=0.573686, stdev=0.176565, best fit=0.676600, best_overall=0.676600, mean_diversity=0.156939,
indivs=6065131, elapsed_secs=19138, mean=0.616595, stdev=0.076926, best fit=0.676600, best_overall=0.676600, mean_diversity=0.180683,
indivs=6075267, elapsed_secs=19175, mean=0.605515, stdev=0.125681, best fit=0.676600, best_overall=0.676600, mean_diversity=0.163437,
indivs=6085322, elapsed_secs=19213, mean=0.613203, stdev=0.107562, best fit=0.676600, best_overall=0.676600, mean_diversity=0.193192,
indivs=6095323, elapsed_secs=19247, mean=0.592062, stdev=0.116779, best fit=0.676600, best_overall=0.676600, mean_diversity=0.166610,
indivs=6105468, elapsed_secs=19283, mean=0.605005, stdev=0.081426, best fit=0.676600, best_overall=0.676600, mean_diversity=0.113228,
indivs=6115602, elapsed_secs=19324, mean=0.590956, stdev=0.174143, best fit=0.676600, best_overall=0.676600, mean_diversity=0.188793,
indivs=6125762, elapsed_secs=19362, mean=0.595510, stdev=0.158243, best fit=0.676600, best_overall=0.676600, mean_diversity=0.102238,
indivs=6135893, elapsed_secs=19398, mean=0.546484, stdev=0.223166, best fit=0.676600, best_overall=0.676600, mean_diversity=0.138428,
indivs=6146009, elapsed_secs=19437, mean=0.611475, stdev=0.112724, best fit=0.676600, best_overall=0.676600, mean_diversity=0.096179,
indivs=6156032, elapsed_secs=19481, mean=0.621058, stdev=0.106572, best fit=0.676600, best_overall=0.676600, mean_diversity=0.272941,
indivs=6166166, elapsed_secs=19523, mean=0.588498, stdev=0.124999, best fit=0.676600, best_overall=0.676600, mean_diversity=0.185894,
indivs=6176175, elapsed_secs=19563, mean=0.606799, stdev=0.123022, best fit=0.676600, best_overall=0.676600, mean_diversity=0.121287,
indivs=6186208, elapsed_secs=19599, mean=0.583046, stdev=0.129595, best fit=0.676600, best_overall=0.676600, mean_diversity=0.131319,
indivs=6196341, elapsed_secs=19630, mean=0.563622, stdev=0.192846, best fit=0.676600, best_overall=0.676600, mean_diversity=0.266875,
indivs=6206403, elapsed_secs=19665, mean=0.593051, stdev=0.110277, best fit=0.676600, best_overall=0.676600, mean_diversity=0.099833,
indivs=6216481, elapsed_secs=19701, mean=0.581974, stdev=0.115515, best fit=0.676600, best_overall=0.676600, mean_diversity=0.251319,
indivs=6226544, elapsed_secs=19737, mean=0.607608, stdev=0.114087, best fit=0.676600, best_overall=0.676600, mean_diversity=0.224000,
indivs=6236639, elapsed_secs=19774, mean=0.605447, stdev=0.089411, best fit=0.676600, best_overall=0.676600, mean_diversity=0.157909,
indivs=6246679, elapsed_secs=19805, mean=0.585938, stdev=0.103657, best fit=0.676600, best_overall=0.676600, mean_diversity=0.150769,
indivs=6256800, elapsed_secs=19842, mean=0.550734, stdev=0.209123, best fit=0.676600, best_overall=0.676600, mean_diversity=0.174892,
indivs=6266875, elapsed_secs=19880, mean=0.598629, stdev=0.112599, best fit=0.676600, best_overall=0.676600, mean_diversity=0.129772,
indivs=6276978, elapsed_secs=19914, mean=0.574009, stdev=0.084169, best fit=0.676600, best_overall=0.676600, mean_diversity=0.200750,
indivs=6287129, elapsed_secs=19956, mean=0.608859, stdev=0.141437, best fit=0.676600, best_overall=0.676600, mean_diversity=0.131118,
indivs=6297204, elapsed_secs=19992, mean=0.617954, stdev=0.089803, best fit=0.676600, best_overall=0.676600, mean_diversity=0.124795,
indivs=6307341, elapsed_secs=20034, mean=0.611304, stdev=0.142158, best fit=0.676600, best_overall=0.676600, mean_diversity=0.228583,
indivs=6317506, elapsed_secs=20080, mean=0.619994, stdev=0.114182, best fit=0.676600, best_overall=0.676600, mean_diversity=0.173321,
indivs=6327656, elapsed_secs=20117, mean=0.609980, stdev=0.136947, best fit=0.676600, best_overall=0.676600, mean_diversity=0.156859,
indivs=6337758, elapsed_secs=20158, mean=0.602568, stdev=0.065118, best fit=0.676600, best_overall=0.676600, mean_diversity=0.134967,
indivs=6347901, elapsed_secs=20194, mean=0.567217, stdev=0.188921, best fit=0.676600, best_overall=0.676600, mean_diversity=0.091068,
indivs=6357922, elapsed_secs=20229, mean=0.584611, stdev=0.176223, best fit=0.676600, best_overall=0.676600, mean_diversity=0.177970,
indivs=6368064, elapsed_secs=20264, mean=0.610307, stdev=0.117394, best fit=0.676600, best_overall=0.676600, mean_diversity=0.162056,
indivs=6378174, elapsed_secs=20300, mean=0.567779, stdev=0.192203, best fit=0.676600, best_overall=0.676600, mean_diversity=0.271146,
indivs=6388321, elapsed_secs=20333, mean=0.591482, stdev=0.155668, best fit=0.676600, best_overall=0.676600, mean_diversity=0.121538,
indivs=6398447, elapsed_secs=20369, mean=0.586798, stdev=0.123948, best fit=0.676600, best_overall=0.676600, mean_diversity=0.164392,
indivs=6408462, elapsed_secs=20400, mean=0.599727, stdev=0.102651, best fit=0.676600, best_overall=0.676600, mean_diversity=0.153237,
indivs=6418627, elapsed_secs=20440, mean=0.570700, stdev=0.183903, best fit=0.676600, best_overall=0.676600, mean_diversity=0.233835,
indivs=6428757, elapsed_secs=20477, mean=0.618737, stdev=0.065346, best fit=0.676600, best_overall=0.676600, mean_diversity=0.161238,
indivs=6438847, elapsed_secs=20514, mean=0.601126, stdev=0.100588, best fit=0.676600, best_overall=0.676600, mean_diversity=0.133855,
indivs=6448911, elapsed_secs=20551, mean=0.589748, stdev=0.153719, best fit=0.676600, best_overall=0.676600, mean_diversity=0.230680,
indivs=6458976, elapsed_secs=20592, mean=0.586351, stdev=0.105798, best fit=0.676600, best_overall=0.676600, mean_diversity=0.145532,
indivs=6468993, elapsed_secs=20637, mean=0.619798, stdev=0.078252, best fit=0.676600, best_overall=0.676600, mean_diversity=0.145257,
indivs=6479079, elapsed_secs=20670, mean=0.615458, stdev=0.108447, best fit=0.676600, best_overall=0.676600, mean_diversity=0.072353,
indivs=6489212, elapsed_secs=20705, mean=0.604411, stdev=0.102017, best fit=0.676600, best_overall=0.676600, mean_diversity=0.229586,
indivs=6499329, elapsed_secs=20746, mean=0.609255, stdev=0.117719, best fit=0.676600, best_overall=0.676600, mean_diversity=0.216425,
indivs=6509436, elapsed_secs=20779, mean=0.588825, stdev=0.177547, best fit=0.676600, best_overall=0.676600, mean_diversity=0.253436,
indivs=6519469, elapsed_secs=20820, mean=0.602957, stdev=0.156915, best fit=0.676600, best_overall=0.676600, mean_diversity=0.070082,
indivs=6529545, elapsed_secs=20860, mean=0.582169, stdev=0.159464, best fit=0.676600, best_overall=0.676600, mean_diversity=0.165905,
indivs=6539661, elapsed_secs=20894, mean=0.613219, stdev=0.078884, best fit=0.676600, best_overall=0.676600, mean_diversity=0.121054,
indivs=6549778, elapsed_secs=20931, mean=0.614903, stdev=0.103070, best fit=0.676600, best_overall=0.676600, mean_diversity=0.183061,
indivs=6559882, elapsed_secs=20968, mean=0.609696, stdev=0.079984, best fit=0.676600, best_overall=0.676600, mean_diversity=0.134040,
indivs=6569965, elapsed_secs=21010, mean=0.611423, stdev=0.065885, best fit=0.676600, best_overall=0.676600, mean_diversity=0.071119,
indivs=6580017, elapsed_secs=21049, mean=0.587972, stdev=0.128107, best fit=0.676600, best_overall=0.676600, mean_diversity=0.177452,
indivs=6590115, elapsed_secs=21087, mean=0.598907, stdev=0.062180, best fit=0.676600, best_overall=0.676600, mean_diversity=0.102133,
indivs=6600206, elapsed_secs=21121, mean=0.593188, stdev=0.134185, best fit=0.676600, best_overall=0.676600, mean_diversity=0.097155,
indivs=6610325, elapsed_secs=21152, mean=0.601310, stdev=0.114492, best fit=0.676600, best_overall=0.676600, mean_diversity=0.144356,
indivs=6620386, elapsed_secs=21187, mean=0.582561, stdev=0.155035, best fit=0.676600, best_overall=0.676600, mean_diversity=0.107042,
indivs=6630388, elapsed_secs=21220, mean=0.568103, stdev=0.143280, best fit=0.676600, best_overall=0.676600, mean_diversity=0.231619,
indivs=6640402, elapsed_secs=21258, mean=0.622510, stdev=0.127711, best fit=0.676600, best_overall=0.676600, mean_diversity=0.153490,
indivs=6650410, elapsed_secs=21292, mean=0.616682, stdev=0.067678, best fit=0.676600, best_overall=0.676600, mean_diversity=0.139024,
indivs=6660506, elapsed_secs=21329, mean=0.575304, stdev=0.127250, best fit=0.676600, best_overall=0.676600, mean_diversity=0.141492,
indivs=6670509, elapsed_secs=21367, mean=0.543382, stdev=0.209977, best fit=0.676600, best_overall=0.676600, mean_diversity=0.131179,
indivs=6680517, elapsed_secs=21401, mean=0.587489, stdev=0.092638, best fit=0.676600, best_overall=0.676600, mean_diversity=0.163824,
indivs=6690546, elapsed_secs=21441, mean=0.605555, stdev=0.060146, best fit=0.676600, best_overall=0.676600, mean_diversity=0.119593,
indivs=6700607, elapsed_secs=21480, mean=0.617569, stdev=0.116860, best fit=0.676600, best_overall=0.676600, mean_diversity=0.170474,
indivs=6710620, elapsed_secs=21515, mean=0.616678, stdev=0.095407, best fit=0.676600, best_overall=0.676600, mean_diversity=0.122992,
indivs=6720788, elapsed_secs=21548, mean=0.566540, stdev=0.210882, best fit=0.676600, best_overall=0.676600, mean_diversity=0.195215,
indivs=6730862, elapsed_secs=21588, mean=0.620007, stdev=0.078792, best fit=0.676600, best_overall=0.676600, mean_diversity=0.174545,
indivs=6740884, elapsed_secs=21628, mean=0.585142, stdev=0.137877, best fit=0.676600, best_overall=0.676600, mean_diversity=0.122835,
indivs=6750979, elapsed_secs=21669, mean=0.586813, stdev=0.123583, best fit=0.676600, best_overall=0.676600, mean_diversity=0.160731,
indivs=6761041, elapsed_secs=21704, mean=0.593944, stdev=0.077049, best fit=0.676600, best_overall=0.676600, mean_diversity=0.170393,
indivs=6771132, elapsed_secs=21746, mean=0.582655, stdev=0.114416, best fit=0.676600, best_overall=0.676600, mean_diversity=0.167951,
indivs=6781154, elapsed_secs=21780, mean=0.568595, stdev=0.154885, best fit=0.676600, best_overall=0.676600, mean_diversity=0.164137,
indivs=6791281, elapsed_secs=21815, mean=0.618768, stdev=0.094173, best fit=0.676600, best_overall=0.676600, mean_diversity=0.116503,
indivs=6801306, elapsed_secs=21852, mean=0.604988, stdev=0.068616, best fit=0.676600, best_overall=0.676600, mean_diversity=0.225829,
indivs=6811375, elapsed_secs=21890, mean=0.594213, stdev=0.128171, best fit=0.676600, best_overall=0.676600, mean_diversity=0.154759,
indivs=6821492, elapsed_secs=21926, mean=0.594961, stdev=0.099938, best fit=0.676600, best_overall=0.676600, mean_diversity=0.233862,
indivs=6831636, elapsed_secs=21966, mean=0.537929, stdev=0.219716, best fit=0.676600, best_overall=0.676600, mean_diversity=0.150839,
indivs=6841741, elapsed_secs=22006, mean=0.613590, stdev=0.098845, best fit=0.676600, best_overall=0.676600, mean_diversity=0.140758,
indivs=6851793, elapsed_secs=22044, mean=0.571782, stdev=0.124982, best fit=0.676600, best_overall=0.676600, mean_diversity=0.201377,
indivs=6861843, elapsed_secs=22079, mean=0.565920, stdev=0.194575, best fit=0.676600, best_overall=0.676600, mean_diversity=0.175775,
indivs=6871956, elapsed_secs=22117, mean=0.590980, stdev=0.156275, best fit=0.676600, best_overall=0.676600, mean_diversity=0.158265,
indivs=6882011, elapsed_secs=22151, mean=0.579191, stdev=0.108615, best fit=0.676600, best_overall=0.676600, mean_diversity=0.109042,
indivs=6892163, elapsed_secs=22189, mean=0.601523, stdev=0.127707, best fit=0.676600, best_overall=0.676600, mean_diversity=0.142604,
indivs=6902246, elapsed_secs=22225, mean=0.578290, stdev=0.107039, best fit=0.676600, best_overall=0.676600, mean_diversity=0.201017,
indivs=6912327, elapsed_secs=22259, mean=0.565738, stdev=0.168690, best fit=0.676600, best_overall=0.676600, mean_diversity=0.140747,
indivs=6922450, elapsed_secs=22295, mean=0.618336, stdev=0.069593, best fit=0.676600, best_overall=0.676600, mean_diversity=0.161215,
indivs=6932583, elapsed_secs=22339, mean=0.607286, stdev=0.075583, best fit=0.676600, best_overall=0.676600, mean_diversity=0.142872,
indivs=6942673, elapsed_secs=22377, mean=0.600348, stdev=0.163325, best fit=0.676600, best_overall=0.676600, mean_diversity=0.224412,
indivs=6952840, elapsed_secs=22413, mean=0.604954, stdev=0.146271, best fit=0.676600, best_overall=0.676600, mean_diversity=0.258171,
indivs=6962877, elapsed_secs=22450, mean=0.580615, stdev=0.178637, best fit=0.676600, best_overall=0.676600, mean_diversity=0.162744,
indivs=6972972, elapsed_secs=22491, mean=0.540962, stdev=0.208043, best fit=0.676600, best_overall=0.676600, mean_diversity=0.178961,
indivs=6983104, elapsed_secs=22534, mean=0.566829, stdev=0.206344, best fit=0.676600, best_overall=0.676600, mean_diversity=0.169431,
indivs=6993263, elapsed_secs=22574, mean=0.588371, stdev=0.156880, best fit=0.676600, best_overall=0.676600, mean_diversity=0.161745,
indivs=7003322, elapsed_secs=22608, mean=0.582411, stdev=0.170323, best fit=0.676600, best_overall=0.676600, mean_diversity=0.140651,
indivs=7013387, elapsed_secs=22652, mean=0.605158, stdev=0.143432, best fit=0.676600, best_overall=0.676600, mean_diversity=0.186006,
indivs=7023466, elapsed_secs=22693, mean=0.574649, stdev=0.177005, best fit=0.676600, best_overall=0.676600, mean_diversity=0.208593,
indivs=7033487, elapsed_secs=22729, mean=0.619081, stdev=0.086076, best fit=0.676600, best_overall=0.676600, mean_diversity=0.230909,
indivs=7043509, elapsed_secs=22772, mean=0.593836, stdev=0.118090, best fit=0.676600, best_overall=0.676600, mean_diversity=0.131500,
indivs=7053583, elapsed_secs=22807, mean=0.582759, stdev=0.118537, best fit=0.676600, best_overall=0.676600, mean_diversity=0.098396,
indivs=7063734, elapsed_secs=22845, mean=0.613436, stdev=0.114487, best fit=0.676600, best_overall=0.676600, mean_diversity=0.119617,
indivs=7073864, elapsed_secs=22878, mean=0.594920, stdev=0.099166, best fit=0.676600, best_overall=0.676600, mean_diversity=0.109125,
indivs=7083976, elapsed_secs=22913, mean=0.585180, stdev=0.155514, best fit=0.676600, best_overall=0.676600, mean_diversity=0.136623,
indivs=7093986, elapsed_secs=22950, mean=0.579041, stdev=0.110374, best fit=0.676600, best_overall=0.676600, mean_diversity=0.134448,
indivs=7104016, elapsed_secs=22993, mean=0.619437, stdev=0.080101, best fit=0.676600, best_overall=0.676600, mean_diversity=0.175641,
indivs=7114142, elapsed_secs=23029, mean=0.611631, stdev=0.103482, best fit=0.676600, best_overall=0.676600, mean_diversity=0.165733,
indivs=7124215, elapsed_secs=23067, mean=0.586625, stdev=0.200641, best fit=0.676600, best_overall=0.676600, mean_diversity=0.177795,
indivs=7134325, elapsed_secs=23103, mean=0.587720, stdev=0.100895, best fit=0.676600, best_overall=0.676600, mean_diversity=0.167666,
indivs=7144343, elapsed_secs=23144, mean=0.617476, stdev=0.111811, best fit=0.676600, best_overall=0.676600, mean_diversity=0.144635,
indivs=7154359, elapsed_secs=23177, mean=0.589237, stdev=0.162409, best fit=0.676600, best_overall=0.676600, mean_diversity=0.357385,
indivs=7164391, elapsed_secs=23219, mean=0.598088, stdev=0.109816, best fit=0.676600, best_overall=0.676600, mean_diversity=0.144290,
indivs=7174520, elapsed_secs=23253, mean=0.591835, stdev=0.110205, best fit=0.676600, best_overall=0.676600, mean_diversity=0.118312,
indivs=7184611, elapsed_secs=23288, mean=0.584850, stdev=0.148621, best fit=0.676600, best_overall=0.676600, mean_diversity=0.239291,
indivs=7194663, elapsed_secs=23325, mean=0.603874, stdev=0.107989, best fit=0.676600, best_overall=0.676600, mean_diversity=0.099685,
indivs=7204729, elapsed_secs=23361, mean=0.627079, stdev=0.073045, best fit=0.676600, best_overall=0.676600, mean_diversity=0.190766,
indivs=7214792, elapsed_secs=23405, mean=0.585932, stdev=0.154024, best fit=0.676600, best_overall=0.676600, mean_diversity=0.227548,
indivs=7224872, elapsed_secs=23445, mean=0.592665, stdev=0.098408, best fit=0.676600, best_overall=0.676600, mean_diversity=0.216013,
indivs=7234962, elapsed_secs=23480, mean=0.581237, stdev=0.174829, best fit=0.676600, best_overall=0.676600, mean_diversity=0.141440,
indivs=7245070, elapsed_secs=23512, mean=0.592708, stdev=0.084025, best fit=0.676600, best_overall=0.676600, mean_diversity=0.179803,
indivs=7255122, elapsed_secs=23546, mean=0.585710, stdev=0.121936, best fit=0.676600, best_overall=0.676600, mean_diversity=0.153267,
indivs=7265137, elapsed_secs=23582, mean=0.595735, stdev=0.140552, best fit=0.676600, best_overall=0.676600, mean_diversity=0.205676,
indivs=7275250, elapsed_secs=23623, mean=0.603890, stdev=0.115187, best fit=0.676600, best_overall=0.676600, mean_diversity=0.133414,
indivs=7285399, elapsed_secs=23661, mean=0.557621, stdev=0.200991, best fit=0.676600, best_overall=0.676600, mean_diversity=0.156329,
indivs=7295468, elapsed_secs=23702, mean=0.594702, stdev=0.155469, best fit=0.676600, best_overall=0.676600, mean_diversity=0.110333,
indivs=7305642, elapsed_secs=23738, mean=0.580098, stdev=0.177020, best fit=0.676600, best_overall=0.676600, mean_diversity=0.151732,
indivs=7315700, elapsed_secs=23776, mean=0.585363, stdev=0.160694, best fit=0.676600, best_overall=0.676600, mean_diversity=0.227951,
indivs=7325861, elapsed_secs=23815, mean=0.611170, stdev=0.128287, best fit=0.676600, best_overall=0.676600, mean_diversity=0.109582,
indivs=7335879, elapsed_secs=23849, mean=0.616782, stdev=0.070100, best fit=0.676600, best_overall=0.676600, mean_diversity=0.204683,
indivs=7346049, elapsed_secs=23887, mean=0.619112, stdev=0.084950, best fit=0.676600, best_overall=0.676600, mean_diversity=0.208208,
indivs=7356092, elapsed_secs=23924, mean=0.570617, stdev=0.175890, best fit=0.676600, best_overall=0.676600, mean_diversity=0.128382,
indivs=7366119, elapsed_secs=23963, mean=0.615500, stdev=0.093718, best fit=0.676600, best_overall=0.676600, mean_diversity=0.216935,
indivs=7376189, elapsed_secs=24002, mean=0.614051, stdev=0.089108, best fit=0.676600, best_overall=0.676600, mean_diversity=0.232917,
indivs=7386350, elapsed_secs=24046, mean=0.574213, stdev=0.202356, best fit=0.676600, best_overall=0.676600, mean_diversity=0.182673,
indivs=7396360, elapsed_secs=24082, mean=0.574180, stdev=0.176172, best fit=0.676600, best_overall=0.676600, mean_diversity=0.208613,
indivs=7406395, elapsed_secs=24123, mean=0.589991, stdev=0.123224, best fit=0.676600, best_overall=0.676600, mean_diversity=0.217207,
indivs=7416501, elapsed_secs=24159, mean=0.587591, stdev=0.092549, best fit=0.676600, best_overall=0.676600, mean_diversity=0.161444,
indivs=7426502, elapsed_secs=24194, mean=0.605616, stdev=0.106840, best fit=0.676600, best_overall=0.676600, mean_diversity=0.193971,
indivs=7436564, elapsed_secs=24230, mean=0.607356, stdev=0.085029, best fit=0.676600, best_overall=0.676600, mean_diversity=0.185688,
indivs=7446571, elapsed_secs=24265, mean=0.583614, stdev=0.173481, best fit=0.676600, best_overall=0.676600, mean_diversity=0.132407,
indivs=7456633, elapsed_secs=24305, mean=0.590577, stdev=0.136212, best fit=0.676600, best_overall=0.676600, mean_diversity=0.215641,
indivs=7466775, elapsed_secs=24339, mean=0.620412, stdev=0.089122, best fit=0.676600, best_overall=0.676600, mean_diversity=0.130143,
indivs=7476806, elapsed_secs=24375, mean=0.575705, stdev=0.194536, best fit=0.676600, best_overall=0.676600, mean_diversity=0.168222,
indivs=7486899, elapsed_secs=24412, mean=0.580899, stdev=0.171537, best fit=0.676600, best_overall=0.676600, mean_diversity=0.090325,
indivs=7497059, elapsed_secs=24448, mean=0.614333, stdev=0.109365, best fit=0.676600, best_overall=0.676600, mean_diversity=0.184043,
indivs=7507156, elapsed_secs=24485, mean=0.613129, stdev=0.112259, best fit=0.676600, best_overall=0.676600, mean_diversity=0.180837,
indivs=7517305, elapsed_secs=24531, mean=0.622567, stdev=0.117285, best fit=0.676600, best_overall=0.676600, mean_diversity=0.193920,
indivs=7527421, elapsed_secs=24568, mean=0.579262, stdev=0.121685, best fit=0.676600, best_overall=0.676600, mean_diversity=0.170591,
indivs=7537554, elapsed_secs=24607, mean=0.585858, stdev=0.174982, best fit=0.676600, best_overall=0.676600, mean_diversity=0.115738,
indivs=7547617, elapsed_secs=24648, mean=0.578806, stdev=0.141649, best fit=0.676600, best_overall=0.676600, mean_diversity=0.114504,
indivs=7557731, elapsed_secs=24685, mean=0.588785, stdev=0.111283, best fit=0.676600, best_overall=0.676600, mean_diversity=0.238045,
indivs=7567824, elapsed_secs=24717, mean=0.583299, stdev=0.144157, best fit=0.676600, best_overall=0.676600, mean_diversity=0.163632,
indivs=7577975, elapsed_secs=24751, mean=0.596265, stdev=0.144539, best fit=0.676600, best_overall=0.676600, mean_diversity=0.122783,
indivs=7588082, elapsed_secs=24784, mean=0.574566, stdev=0.141646, best fit=0.676600, best_overall=0.676600, mean_diversity=0.109571,
indivs=7598117, elapsed_secs=24819, mean=0.589949, stdev=0.163325, best fit=0.676600, best_overall=0.676600, mean_diversity=0.149139,
indivs=7608133, elapsed_secs=24854, mean=0.609142, stdev=0.089724, best fit=0.676600, best_overall=0.676600, mean_diversity=0.148983,
indivs=7618154, elapsed_secs=24892, mean=0.575627, stdev=0.125163, best fit=0.676600, best_overall=0.676600, mean_diversity=0.199357,
indivs=7628255, elapsed_secs=24930, mean=0.625250, stdev=0.117366, best fit=0.676600, best_overall=0.676600, mean_diversity=0.130372,
indivs=7638317, elapsed_secs=24968, mean=0.606821, stdev=0.071882, best fit=0.676600, best_overall=0.676600, mean_diversity=0.210252,
indivs=7648386, elapsed_secs=25004, mean=0.606710, stdev=0.085718, best fit=0.676600, best_overall=0.676600, mean_diversity=0.163827,
indivs=7658417, elapsed_secs=25038, mean=0.606231, stdev=0.086853, best fit=0.676600, best_overall=0.676600, mean_diversity=0.136701,
indivs=7668561, elapsed_secs=25075, mean=0.591358, stdev=0.149633, best fit=0.676600, best_overall=0.676600, mean_diversity=0.207406,
indivs=7678610, elapsed_secs=25109, mean=0.580889, stdev=0.176044, best fit=0.676600, best_overall=0.676600, mean_diversity=0.210096,
indivs=7688689, elapsed_secs=25140, mean=0.581785, stdev=0.122255, best fit=0.676600, best_overall=0.676600, mean_diversity=0.139644,
indivs=7698823, elapsed_secs=25175, mean=0.607925, stdev=0.105826, best fit=0.676600, best_overall=0.676600, mean_diversity=0.160954,
indivs=7708990, elapsed_secs=25213, mean=0.566094, stdev=0.209850, best fit=0.676600, best_overall=0.676600, mean_diversity=0.224286,
indivs=7719115, elapsed_secs=25247, mean=0.609871, stdev=0.085478, best fit=0.676600, best_overall=0.676600, mean_diversity=0.258186,
indivs=7729155, elapsed_secs=25287, mean=0.605503, stdev=0.150715, best fit=0.676600, best_overall=0.676600, mean_diversity=0.280451,
indivs=7739224, elapsed_secs=25320, mean=0.577893, stdev=0.122426, best fit=0.676600, best_overall=0.676600, mean_diversity=0.181340,
indivs=7749238, elapsed_secs=25353, mean=0.612137, stdev=0.089356, best fit=0.676600, best_overall=0.676600, mean_diversity=0.261885,
indivs=7759373, elapsed_secs=25391, mean=0.596334, stdev=0.114180, best fit=0.676600, best_overall=0.676600, mean_diversity=0.156934,
indivs=7769444, elapsed_secs=25428, mean=0.601157, stdev=0.122580, best fit=0.676600, best_overall=0.676600, mean_diversity=0.206621,
indivs=7779510, elapsed_secs=25463, mean=0.593613, stdev=0.120825, best fit=0.676600, best_overall=0.676600, mean_diversity=0.131478,
indivs=7789569, elapsed_secs=25502, mean=0.588815, stdev=0.130076, best fit=0.676600, best_overall=0.676600, mean_diversity=0.125271,
indivs=7799583, elapsed_secs=25535, mean=0.621946, stdev=0.063959, best fit=0.676600, best_overall=0.676600, mean_diversity=0.189083,
indivs=7809620, elapsed_secs=25575, mean=0.594357, stdev=0.106823, best fit=0.676600, best_overall=0.676600, mean_diversity=0.133555,
indivs=7819644, elapsed_secs=25618, mean=0.594661, stdev=0.130901, best fit=0.676600, best_overall=0.676600, mean_diversity=0.144498,
indivs=7829700, elapsed_secs=25659, mean=0.592515, stdev=0.160153, best fit=0.676600, best_overall=0.676600, mean_diversity=0.180327,
indivs=7839777, elapsed_secs=25695, mean=0.595730, stdev=0.077366, best fit=0.676600, best_overall=0.676600, mean_diversity=0.231481,
indivs=7849819, elapsed_secs=25729, mean=0.607287, stdev=0.092453, best fit=0.676600, best_overall=0.676600, mean_diversity=0.158159,
indivs=7859901, elapsed_secs=25768, mean=0.587703, stdev=0.105358, best fit=0.676600, best_overall=0.676600, mean_diversity=0.164417,
indivs=7870052, elapsed_secs=25809, mean=0.611208, stdev=0.117165, best fit=0.676600, best_overall=0.676600, mean_diversity=0.132785,
indivs=7880143, elapsed_secs=25842, mean=0.607365, stdev=0.137494, best fit=0.676600, best_overall=0.676600, mean_diversity=0.091824,
indivs=7890143, elapsed_secs=25883, mean=0.537944, stdev=0.234161, best fit=0.676600, best_overall=0.676600, mean_diversity=0.130409,
indivs=7900288, elapsed_secs=25921, mean=0.620120, stdev=0.094662, best fit=0.676600, best_overall=0.676600, mean_diversity=0.070097,
indivs=7910438, elapsed_secs=25960, mean=0.582731, stdev=0.164088, best fit=0.676600, best_overall=0.676600, mean_diversity=0.169401,
indivs=7920550, elapsed_secs=26002, mean=0.603229, stdev=0.154109, best fit=0.676600, best_overall=0.676600, mean_diversity=0.163495,
indivs=7930717, elapsed_secs=26041, mean=0.593675, stdev=0.186190, best fit=0.676600, best_overall=0.676600, mean_diversity=0.125148,
indivs=7940793, elapsed_secs=26077, mean=0.626794, stdev=0.094146, best fit=0.676600, best_overall=0.676600, mean_diversity=0.140902,
indivs=7950880, elapsed_secs=26110, mean=0.569136, stdev=0.163873, best fit=0.676600, best_overall=0.676600, mean_diversity=0.174517,
indivs=7960936, elapsed_secs=26150, mean=0.611141, stdev=0.114122, best fit=0.676600, best_overall=0.676600, mean_diversity=0.157897,
indivs=7971048, elapsed_secs=26188, mean=0.597174, stdev=0.135965, best fit=0.676600, best_overall=0.676600, mean_diversity=0.216087,
indivs=7981172, elapsed_secs=26225, mean=0.602818, stdev=0.119077, best fit=0.676600, best_overall=0.676600, mean_diversity=0.138714,
indivs=7991192, elapsed_secs=26261, mean=0.580500, stdev=0.120352, best fit=0.676600, best_overall=0.676600, mean_diversity=0.253822,
indivs=8001242, elapsed_secs=26294, mean=0.600814, stdev=0.143726, best fit=0.676600, best_overall=0.676600, mean_diversity=0.131133,
indivs=8011398, elapsed_secs=26325, mean=0.595273, stdev=0.146377, best fit=0.676600, best_overall=0.676600, mean_diversity=0.141173,
indivs=8021483, elapsed_secs=26366, mean=0.617039, stdev=0.127889, best fit=0.676600, best_overall=0.676600, mean_diversity=0.163553,
indivs=8031545, elapsed_secs=26407, mean=0.595904, stdev=0.087111, best fit=0.676600, best_overall=0.676600, mean_diversity=0.111838,
indivs=8041546, elapsed_secs=26440, mean=0.602069, stdev=0.069554, best fit=0.676600, best_overall=0.676600, mean_diversity=0.083231,
indivs=8051630, elapsed_secs=26474, mean=0.622927, stdev=0.110733, best fit=0.676600, best_overall=0.676600, mean_diversity=0.123030,
indivs=8061761, elapsed_secs=26520, mean=0.607094, stdev=0.127977, best fit=0.676600, best_overall=0.676600, mean_diversity=0.103616,
indivs=8071823, elapsed_secs=26560, mean=0.618050, stdev=0.114486, best fit=0.676600, best_overall=0.676600, mean_diversity=0.114780,
indivs=8081871, elapsed_secs=26596, mean=0.600528, stdev=0.112552, best fit=0.676600, best_overall=0.676600, mean_diversity=0.119315,
indivs=8091878, elapsed_secs=26628, mean=0.597026, stdev=0.096093, best fit=0.676600, best_overall=0.676600, mean_diversity=0.154127,
indivs=8101906, elapsed_secs=26670, mean=0.581418, stdev=0.118750, best fit=0.676600, best_overall=0.676600, mean_diversity=0.156723,
indivs=8111920, elapsed_secs=26710, mean=0.606739, stdev=0.095421, best fit=0.676600, best_overall=0.676600, mean_diversity=0.136364,
indivs=8122017, elapsed_secs=26747, mean=0.597587, stdev=0.088459, best fit=0.676600, best_overall=0.676600, mean_diversity=0.171151,
indivs=8132123, elapsed_secs=26791, mean=0.590110, stdev=0.104787, best fit=0.676600, best_overall=0.676600, mean_diversity=0.143433,
indivs=8142179, elapsed_secs=26826, mean=0.608005, stdev=0.143036, best fit=0.676600, best_overall=0.676600, mean_diversity=0.182878,
indivs=8152258, elapsed_secs=26873, mean=0.595832, stdev=0.147879, best fit=0.676600, best_overall=0.676600, mean_diversity=0.140876,
indivs=8162361, elapsed_secs=26909, mean=0.600673, stdev=0.102242, best fit=0.676600, best_overall=0.676600, mean_diversity=0.167135,
indivs=8172418, elapsed_secs=26945, mean=0.604046, stdev=0.062734, best fit=0.676600, best_overall=0.676600, mean_diversity=0.180966,
indivs=8182557, elapsed_secs=26982, mean=0.603695, stdev=0.107811, best fit=0.676600, best_overall=0.676600, mean_diversity=0.136911,
indivs=8192575, elapsed_secs=27023, mean=0.598841, stdev=0.088718, best fit=0.676600, best_overall=0.676600, mean_diversity=0.147226,
indivs=8202587, elapsed_secs=27059, mean=0.576243, stdev=0.154647, best fit=0.676600, best_overall=0.676600, mean_diversity=0.144515,
indivs=8212622, elapsed_secs=27101, mean=0.608564, stdev=0.124816, best fit=0.676600, best_overall=0.676600, mean_diversity=0.112007,
indivs=8222660, elapsed_secs=27133, mean=0.601847, stdev=0.084226, best fit=0.676600, best_overall=0.676600, mean_diversity=0.149820,
indivs=8232686, elapsed_secs=27167, mean=0.573454, stdev=0.133967, best fit=0.676600, best_overall=0.676600, mean_diversity=0.139646,
indivs=8242749, elapsed_secs=27205, mean=0.573675, stdev=0.157975, best fit=0.676600, best_overall=0.676600, mean_diversity=0.159295,
indivs=8252888, elapsed_secs=27238, mean=0.609324, stdev=0.156336, best fit=0.676600, best_overall=0.676600, mean_diversity=0.154381,
indivs=8262974, elapsed_secs=27273, mean=0.586505, stdev=0.132178, best fit=0.676600, best_overall=0.676600, mean_diversity=0.111368,
indivs=8273006, elapsed_secs=27306, mean=0.594832, stdev=0.120871, best fit=0.676600, best_overall=0.676600, mean_diversity=0.117456,
indivs=8283088, elapsed_secs=27343, mean=0.604729, stdev=0.103796, best fit=0.676600, best_overall=0.676600, mean_diversity=0.152582,
indivs=8293200, elapsed_secs=27387, mean=0.569644, stdev=0.203365, best fit=0.676600, best_overall=0.676600, mean_diversity=0.165922,
indivs=8303291, elapsed_secs=27424, mean=0.562738, stdev=0.207530, best fit=0.676600, best_overall=0.676600, mean_diversity=0.095970,
indivs=8313343, elapsed_secs=27461, mean=0.612335, stdev=0.114437, best fit=0.676600, best_overall=0.676600, mean_diversity=0.133693,
indivs=8323444, elapsed_secs=27501, mean=0.603955, stdev=0.081336, best fit=0.676600, best_overall=0.676600, mean_diversity=0.092764,
indivs=8333576, elapsed_secs=27537, mean=0.570376, stdev=0.194048, best fit=0.676600, best_overall=0.676600, mean_diversity=0.116475,
indivs=8343614, elapsed_secs=27575, mean=0.628550, stdev=0.088929, best fit=0.676600, best_overall=0.676600, mean_diversity=0.124118,
indivs=8353677, elapsed_secs=27610, mean=0.625555, stdev=0.069495, best fit=0.676600, best_overall=0.676600, mean_diversity=0.154958,
indivs=8363701, elapsed_secs=27642, mean=0.618767, stdev=0.128485, best fit=0.676600, best_overall=0.676600, mean_diversity=0.255498,
indivs=8373772, elapsed_secs=27679, mean=0.598660, stdev=0.142973, best fit=0.676600, best_overall=0.676600, mean_diversity=0.137695,
indivs=8383881, elapsed_secs=27716, mean=0.604955, stdev=0.116119, best fit=0.676600, best_overall=0.676600, mean_diversity=0.171230,
indivs=8393977, elapsed_secs=27753, mean=0.611850, stdev=0.109263, best fit=0.676600, best_overall=0.676600, mean_diversity=0.220412,
indivs=8404028, elapsed_secs=27793, mean=0.607073, stdev=0.127791, best fit=0.676600, best_overall=0.676600, mean_diversity=0.138878,
indivs=8414031, elapsed_secs=27831, mean=0.601094, stdev=0.089982, best fit=0.676600, best_overall=0.676600, mean_diversity=0.134247,
indivs=8424155, elapsed_secs=27870, mean=0.606238, stdev=0.154176, best fit=0.676600, best_overall=0.676600, mean_diversity=0.201703,
indivs=8434173, elapsed_secs=27900, mean=0.614059, stdev=0.102336, best fit=0.676600, best_overall=0.676600, mean_diversity=0.115169,
indivs=8444333, elapsed_secs=27934, mean=0.594449, stdev=0.166449, best fit=0.676600, best_overall=0.676600, mean_diversity=0.107863,
indivs=8454462, elapsed_secs=27971, mean=0.558947, stdev=0.190326, best fit=0.676600, best_overall=0.676600, mean_diversity=0.147523,
indivs=8464546, elapsed_secs=28013, mean=0.585162, stdev=0.178141, best fit=0.676600, best_overall=0.676600, mean_diversity=0.119278,
indivs=8474633, elapsed_secs=28048, mean=0.586483, stdev=0.163530, best fit=0.676600, best_overall=0.676600, mean_diversity=0.083944,
indivs=8484661, elapsed_secs=28086, mean=0.626724, stdev=0.067273, best fit=0.676600, best_overall=0.676600, mean_diversity=0.182866,
indivs=8494759, elapsed_secs=28126, mean=0.589438, stdev=0.166118, best fit=0.676600, best_overall=0.676600, mean_diversity=0.210975,
indivs=8504860, elapsed_secs=28162, mean=0.596091, stdev=0.116389, best fit=0.676600, best_overall=0.676600, mean_diversity=0.214270,
indivs=8514933, elapsed_secs=28199, mean=0.600832, stdev=0.085215, best fit=0.676600, best_overall=0.676600, mean_diversity=0.249816,
indivs=8524958, elapsed_secs=28233, mean=0.559724, stdev=0.188696, best fit=0.676600, best_overall=0.676600, mean_diversity=0.235672,
indivs=8535086, elapsed_secs=28269, mean=0.561144, stdev=0.192950, best fit=0.676600, best_overall=0.676600, mean_diversity=0.138186,
indivs=8545102, elapsed_secs=28307, mean=0.608408, stdev=0.093871, best fit=0.676600, best_overall=0.676600, mean_diversity=0.129383,
indivs=8555238, elapsed_secs=28343, mean=0.572283, stdev=0.165779, best fit=0.676600, best_overall=0.676600, mean_diversity=0.091095,
indivs=8565326, elapsed_secs=28383, mean=0.588326, stdev=0.107688, best fit=0.676600, best_overall=0.676600, mean_diversity=0.151824,
indivs=8575489, elapsed_secs=28428, mean=0.582979, stdev=0.169783, best fit=0.676600, best_overall=0.676600, mean_diversity=0.150707,
indivs=8585574, elapsed_secs=28469, mean=0.604045, stdev=0.098796, best fit=0.676600, best_overall=0.676600, mean_diversity=0.164822,
indivs=8595707, elapsed_secs=28504, mean=0.614973, stdev=0.102975, best fit=0.676600, best_overall=0.676600, mean_diversity=0.309167,
indivs=8605786, elapsed_secs=28544, mean=0.621399, stdev=0.105703, best fit=0.676600, best_overall=0.676600, mean_diversity=0.197330,
indivs=8615877, elapsed_secs=28585, mean=0.595594, stdev=0.124694, best fit=0.676600, best_overall=0.676600, mean_diversity=0.202292,
indivs=8625912, elapsed_secs=28623, mean=0.621097, stdev=0.077577, best fit=0.676600, best_overall=0.676600, mean_diversity=0.146267,
indivs=8636078, elapsed_secs=28665, mean=0.620692, stdev=0.097428, best fit=0.676600, best_overall=0.676600, mean_diversity=0.126157,
indivs=8646231, elapsed_secs=28702, mean=0.534894, stdev=0.222374, best fit=0.676600, best_overall=0.676600, mean_diversity=0.124246,
indivs=8656305, elapsed_secs=28738, mean=0.593781, stdev=0.104225, best fit=0.676600, best_overall=0.676600, mean_diversity=0.240542,
indivs=8666401, elapsed_secs=28774, mean=0.593045, stdev=0.120229, best fit=0.676600, best_overall=0.676600, mean_diversity=0.197283,
indivs=8676404, elapsed_secs=28811, mean=0.621039, stdev=0.107844, best fit=0.676600, best_overall=0.676600, mean_diversity=0.206597,
indivs=8686494, elapsed_secs=28845, mean=0.609589, stdev=0.151683, best fit=0.676600, best_overall=0.676600, mean_diversity=0.136514,
indivs=8696534, elapsed_secs=28877, mean=0.598321, stdev=0.119480, best fit=0.676600, best_overall=0.676600, mean_diversity=0.099172,
indivs=8706670, elapsed_secs=28913, mean=0.613263, stdev=0.124245, best fit=0.676600, best_overall=0.676600, mean_diversity=0.150412,
indivs=8716783, elapsed_secs=28954, mean=0.613379, stdev=0.142417, best fit=0.676600, best_overall=0.676600, mean_diversity=0.159766,
indivs=8726942, elapsed_secs=29001, mean=0.589068, stdev=0.165750, best fit=0.676600, best_overall=0.676600, mean_diversity=0.149432,
indivs=8737058, elapsed_secs=29039, mean=0.620235, stdev=0.092067, best fit=0.676600, best_overall=0.676600, mean_diversity=0.158952,
indivs=8747164, elapsed_secs=29072, mean=0.608013, stdev=0.092173, best fit=0.676600, best_overall=0.676600, mean_diversity=0.167095,
indivs=8757287, elapsed_secs=29108, mean=0.580877, stdev=0.157023, best fit=0.676600, best_overall=0.676600, mean_diversity=0.124945,
indivs=8767332, elapsed_secs=29144, mean=0.575605, stdev=0.120517, best fit=0.676600, best_overall=0.676600, mean_diversity=0.125267,
indivs=8777358, elapsed_secs=29179, mean=0.570508, stdev=0.144138, best fit=0.676600, best_overall=0.676600, mean_diversity=0.130663,
indivs=8787504, elapsed_secs=29218, mean=0.587988, stdev=0.159620, best fit=0.676600, best_overall=0.676600, mean_diversity=0.165092,
indivs=8797630, elapsed_secs=29254, mean=0.610078, stdev=0.116335, best fit=0.676600, best_overall=0.676600, mean_diversity=0.136890,
indivs=8807766, elapsed_secs=29291, mean=0.613097, stdev=0.110036, best fit=0.676600, best_overall=0.676600, mean_diversity=0.127527,
indivs=8817943, elapsed_secs=29328, mean=0.585204, stdev=0.172260, best fit=0.676600, best_overall=0.676600, mean_diversity=0.142323,
indivs=8828107, elapsed_secs=29368, mean=0.583106, stdev=0.155595, best fit=0.676600, best_overall=0.676600, mean_diversity=0.213607,
indivs=8838151, elapsed_secs=29406, mean=0.589564, stdev=0.171460, best fit=0.676600, best_overall=0.676600, mean_diversity=0.168945,
indivs=8848282, elapsed_secs=29441, mean=0.612690, stdev=0.094774, best fit=0.676600, best_overall=0.676600, mean_diversity=0.139822,
indivs=8858404, elapsed_secs=29473, mean=0.600727, stdev=0.105344, best fit=0.676600, best_overall=0.676600, mean_diversity=0.120487,
indivs=8868477, elapsed_secs=29511, mean=0.599328, stdev=0.164643, best fit=0.676600, best_overall=0.676600, mean_diversity=0.115502,
indivs=8878499, elapsed_secs=29542, mean=0.589146, stdev=0.134451, best fit=0.676600, best_overall=0.676600, mean_diversity=0.202634,
indivs=8888637, elapsed_secs=29578, mean=0.602112, stdev=0.101149, best fit=0.676600, best_overall=0.676600, mean_diversity=0.128278,
indivs=8898655, elapsed_secs=29616, mean=0.611516, stdev=0.101255, best fit=0.676600, best_overall=0.676600, mean_diversity=0.115318,
indivs=8908756, elapsed_secs=29654, mean=0.598252, stdev=0.096936, best fit=0.676600, best_overall=0.676600, mean_diversity=0.120212,
indivs=8918785, elapsed_secs=29693, mean=0.592418, stdev=0.143903, best fit=0.676600, best_overall=0.676600, mean_diversity=0.173187,
indivs=8928821, elapsed_secs=29725, mean=0.611365, stdev=0.110239, best fit=0.676600, best_overall=0.676600, mean_diversity=0.134205,
indivs=8938981, elapsed_secs=29773, mean=0.598365, stdev=0.175121, best fit=0.676600, best_overall=0.676600, mean_diversity=0.169608,
indivs=8949022, elapsed_secs=29809, mean=0.601753, stdev=0.112496, best fit=0.676600, best_overall=0.676600, mean_diversity=0.138672,
indivs=8959081, elapsed_secs=29848, mean=0.603653, stdev=0.113705, best fit=0.676600, best_overall=0.676600, mean_diversity=0.112090,
indivs=8969105, elapsed_secs=29893, mean=0.574576, stdev=0.120661, best fit=0.676600, best_overall=0.676600, mean_diversity=0.130777,
indivs=8979130, elapsed_secs=29927, mean=0.605653, stdev=0.114552, best fit=0.676600, best_overall=0.676600, mean_diversity=0.134597,
indivs=8989229, elapsed_secs=29959, mean=0.615936, stdev=0.093504, best fit=0.676600, best_overall=0.676600, mean_diversity=0.098453,
indivs=8999252, elapsed_secs=29997, mean=0.590046, stdev=0.176336, best fit=0.676600, best_overall=0.676600, mean_diversity=0.121625,
indivs=9009329, elapsed_secs=30034, mean=0.565440, stdev=0.203999, best fit=0.676600, best_overall=0.676600, mean_diversity=0.195433,
indivs=9019383, elapsed_secs=30071, mean=0.619008, stdev=0.089242, best fit=0.676600, best_overall=0.676600, mean_diversity=0.097362,
indivs=9029433, elapsed_secs=30105, mean=0.600723, stdev=0.155408, best fit=0.676600, best_overall=0.676600, mean_diversity=0.122009,
indivs=9039518, elapsed_secs=30142, mean=0.554691, stdev=0.159861, best fit=0.676600, best_overall=0.676600, mean_diversity=0.170234,
indivs=9049576, elapsed_secs=30179, mean=0.611060, stdev=0.155166, best fit=0.676600, best_overall=0.676600, mean_diversity=0.118721,
indivs=9059674, elapsed_secs=30221, mean=0.613641, stdev=0.097989, best fit=0.676600, best_overall=0.676600, mean_diversity=0.176607,
indivs=9069749, elapsed_secs=30259, mean=0.597042, stdev=0.112654, best fit=0.676600, best_overall=0.676600, mean_diversity=0.163253,
indivs=9079914, elapsed_secs=30300, mean=0.591082, stdev=0.158616, best fit=0.676600, best_overall=0.676600, mean_diversity=0.140740,
indivs=9089978, elapsed_secs=30336, mean=0.607149, stdev=0.103700, best fit=0.676600, best_overall=0.676600, mean_diversity=0.083370,
indivs=9100013, elapsed_secs=30369, mean=0.568365, stdev=0.193857, best fit=0.676600, best_overall=0.676600, mean_diversity=0.154940,
indivs=9110102, elapsed_secs=30409, mean=0.590873, stdev=0.148611, best fit=0.676600, best_overall=0.676600, mean_diversity=0.154082,
indivs=9120118, elapsed_secs=30444, mean=0.581984, stdev=0.175246, best fit=0.676600, best_overall=0.676600, mean_diversity=0.155714,
indivs=9130197, elapsed_secs=30480, mean=0.619338, stdev=0.092903, best fit=0.676600, best_overall=0.676600, mean_diversity=0.134840,
indivs=9140275, elapsed_secs=30517, mean=0.568581, stdev=0.154693, best fit=0.676600, best_overall=0.676600, mean_diversity=0.119004,
indivs=9150301, elapsed_secs=30558, mean=0.586390, stdev=0.106813, best fit=0.676600, best_overall=0.676600, mean_diversity=0.125975,
indivs=9160398, elapsed_secs=30598, mean=0.594875, stdev=0.165204, best fit=0.676600, best_overall=0.676600, mean_diversity=0.141504,
indivs=9170455, elapsed_secs=30633, mean=0.575730, stdev=0.154609, best fit=0.676600, best_overall=0.676600, mean_diversity=0.135208,
indivs=9180513, elapsed_secs=30673, mean=0.609675, stdev=0.098055, best fit=0.676600, best_overall=0.676600, mean_diversity=0.171836,
indivs=9190662, elapsed_secs=30715, mean=0.579072, stdev=0.184457, best fit=0.676600, best_overall=0.676600, mean_diversity=0.115180,
indivs=9200673, elapsed_secs=30752, mean=0.617577, stdev=0.097090, best fit=0.676600, best_overall=0.676600, mean_diversity=0.175990,
indivs=9210792, elapsed_secs=30793, mean=0.608712, stdev=0.071684, best fit=0.676600, best_overall=0.676600, mean_diversity=0.211941,
indivs=9220831, elapsed_secs=30826, mean=0.602541, stdev=0.127093, best fit=0.676600, best_overall=0.676600, mean_diversity=0.122600,
indivs=9230858, elapsed_secs=30859, mean=0.572754, stdev=0.144051, best fit=0.676600, best_overall=0.676600, mean_diversity=0.139068,
indivs=9240979, elapsed_secs=30896, mean=0.615685, stdev=0.140760, best fit=0.676600, best_overall=0.676600, mean_diversity=0.162124,
indivs=9251014, elapsed_secs=30927, mean=0.601709, stdev=0.085680, best fit=0.676600, best_overall=0.676600, mean_diversity=0.123937,
indivs=9261021, elapsed_secs=30963, mean=0.606371, stdev=0.086334, best fit=0.676600, best_overall=0.676600, mean_diversity=0.176490,
indivs=9271165, elapsed_secs=31003, mean=0.572788, stdev=0.202798, best fit=0.676600, best_overall=0.676600, mean_diversity=0.148993,
indivs=9281189, elapsed_secs=31040, mean=0.566168, stdev=0.195234, best fit=0.676600, best_overall=0.676600, mean_diversity=0.113409,
indivs=9291205, elapsed_secs=31078, mean=0.617267, stdev=0.116701, best fit=0.676600, best_overall=0.676600, mean_diversity=0.233113,
indivs=9301238, elapsed_secs=31118, mean=0.583304, stdev=0.126757, best fit=0.676600, best_overall=0.676600, mean_diversity=0.106497,
indivs=9311311, elapsed_secs=31156, mean=0.608621, stdev=0.086899, best fit=0.676600, best_overall=0.676600, mean_diversity=0.157279,
indivs=9321463, elapsed_secs=31192, mean=0.608509, stdev=0.125496, best fit=0.676600, best_overall=0.676600, mean_diversity=0.156944,
indivs=9331497, elapsed_secs=31224, mean=0.571681, stdev=0.194147, best fit=0.676600, best_overall=0.676600, mean_diversity=0.224538,
indivs=9341593, elapsed_secs=31259, mean=0.613976, stdev=0.079600, best fit=0.676600, best_overall=0.676600, mean_diversity=0.138822,
indivs=9351608, elapsed_secs=31291, mean=0.604396, stdev=0.070353, best fit=0.676600, best_overall=0.676600, mean_diversity=0.253831,
indivs=9361732, elapsed_secs=31324, mean=0.613176, stdev=0.115115, best fit=0.676600, best_overall=0.676600, mean_diversity=0.140514,
indivs=9371814, elapsed_secs=31361, mean=0.590400, stdev=0.119225, best fit=0.676600, best_overall=0.676600, mean_diversity=0.242500,
indivs=9381816, elapsed_secs=31394, mean=0.584502, stdev=0.108527, best fit=0.676600, best_overall=0.676600, mean_diversity=0.116854,
indivs=9391914, elapsed_secs=31422, mean=0.590867, stdev=0.134333, best fit=0.676600, best_overall=0.676600, mean_diversity=0.237461,
indivs=9401947, elapsed_secs=31463, mean=0.616192, stdev=0.069564, best fit=0.676600, best_overall=0.676600, mean_diversity=0.140076,
indivs=9412008, elapsed_secs=31504, mean=0.592361, stdev=0.161301, best fit=0.676600, best_overall=0.676600, mean_diversity=0.119086,
indivs=9422076, elapsed_secs=31547, mean=0.554038, stdev=0.200086, best fit=0.676600, best_overall=0.676600, mean_diversity=0.171581,
indivs=9432124, elapsed_secs=31587, mean=0.597339, stdev=0.067001, best fit=0.676600, best_overall=0.676600, mean_diversity=0.151878,
indivs=9442222, elapsed_secs=31625, mean=0.590422, stdev=0.148428, best fit=0.676600, best_overall=0.676600, mean_diversity=0.120000,
indivs=9452314, elapsed_secs=31665, mean=0.620587, stdev=0.095195, best fit=0.676600, best_overall=0.676600, mean_diversity=0.124874,
indivs=9462425, elapsed_secs=31701, mean=0.610752, stdev=0.086328, best fit=0.676600, best_overall=0.676600, mean_diversity=0.144198,
indivs=9472555, elapsed_secs=31736, mean=0.615943, stdev=0.086332, best fit=0.676600, best_overall=0.676600, mean_diversity=0.141387,
indivs=9482598, elapsed_secs=31770, mean=0.583324, stdev=0.167876, best fit=0.676600, best_overall=0.676600, mean_diversity=0.120845,
indivs=9492660, elapsed_secs=31807, mean=0.566362, stdev=0.183479, best fit=0.676600, best_overall=0.676600, mean_diversity=0.113951,
indivs=9502721, elapsed_secs=31848, mean=0.606211, stdev=0.132009, best fit=0.676600, best_overall=0.676600, mean_diversity=0.181239,
indivs=9512737, elapsed_secs=31886, mean=0.589914, stdev=0.090153, best fit=0.676600, best_overall=0.676600, mean_diversity=0.186702,
indivs=9522749, elapsed_secs=31923, mean=0.600847, stdev=0.088236, best fit=0.676600, best_overall=0.676600, mean_diversity=0.109409,
indivs=9532852, elapsed_secs=31957, mean=0.602191, stdev=0.128194, best fit=0.676600, best_overall=0.676600, mean_diversity=0.168533,
indivs=9542964, elapsed_secs=31993, mean=0.561402, stdev=0.193785, best fit=0.676600, best_overall=0.676600, mean_diversity=0.204873,
indivs=9553040, elapsed_secs=32032, mean=0.582747, stdev=0.129122, best fit=0.676600, best_overall=0.676600, mean_diversity=0.211579,
indivs=9563216, elapsed_secs=32071, mean=0.607717, stdev=0.129671, best fit=0.676600, best_overall=0.676600, mean_diversity=0.146494,
indivs=9573294, elapsed_secs=32109, mean=0.587420, stdev=0.097512, best fit=0.676600, best_overall=0.676600, mean_diversity=0.193514,
indivs=9583408, elapsed_secs=32149, mean=0.585809, stdev=0.096469, best fit=0.676600, best_overall=0.676600, mean_diversity=0.180200,
indivs=9593445, elapsed_secs=32181, mean=0.606496, stdev=0.119066, best fit=0.676600, best_overall=0.676600, mean_diversity=0.164714,
indivs=9603459, elapsed_secs=32214, mean=0.615606, stdev=0.093749, best fit=0.676600, best_overall=0.676600, mean_diversity=0.168828,
indivs=9613584, elapsed_secs=32256, mean=0.622726, stdev=0.067034, best fit=0.676600, best_overall=0.676600, mean_diversity=0.171570,
indivs=9623635, elapsed_secs=32294, mean=0.573817, stdev=0.186216, best fit=0.676600, best_overall=0.676600, mean_diversity=0.159345,
indivs=9633698, elapsed_secs=32332, mean=0.599562, stdev=0.118023, best fit=0.676600, best_overall=0.676600, mean_diversity=0.145294,
indivs=9643720, elapsed_secs=32369, mean=0.595428, stdev=0.087954, best fit=0.676600, best_overall=0.676600, mean_diversity=0.119858,
indivs=9653791, elapsed_secs=32406, mean=0.545305, stdev=0.216080, best fit=0.676600, best_overall=0.676600, mean_diversity=0.144177,
indivs=9663816, elapsed_secs=32446, mean=0.607876, stdev=0.096777, best fit=0.676600, best_overall=0.676600, mean_diversity=0.175118,
indivs=9673842, elapsed_secs=32480, mean=0.617109, stdev=0.092758, best fit=0.676600, best_overall=0.676600, mean_diversity=0.199234,
indivs=9683891, elapsed_secs=32512, mean=0.577353, stdev=0.176078, best fit=0.676600, best_overall=0.676600, mean_diversity=0.146157,
indivs=9693945, elapsed_secs=32552, mean=0.613500, stdev=0.107500, best fit=0.676600, best_overall=0.676600, mean_diversity=0.166931,
indivs=9703990, elapsed_secs=32586, mean=0.590120, stdev=0.087474, best fit=0.676600, best_overall=0.676600, mean_diversity=0.157557,
indivs=9714094, elapsed_secs=32621, mean=0.587078, stdev=0.110869, best fit=0.676600, best_overall=0.676600, mean_diversity=0.151127,
indivs=9724206, elapsed_secs=32659, mean=0.602545, stdev=0.096633, best fit=0.676600, best_overall=0.676600, mean_diversity=0.240650,
indivs=9734258, elapsed_secs=32702, mean=0.595306, stdev=0.114352, best fit=0.676600, best_overall=0.676600, mean_diversity=0.201415,
indivs=9744285, elapsed_secs=32738, mean=0.600524, stdev=0.119089, best fit=0.676600, best_overall=0.676600, mean_diversity=0.154180,
indivs=9754371, elapsed_secs=32781, mean=0.617360, stdev=0.100993, best fit=0.676600, best_overall=0.676600, mean_diversity=0.141583,
indivs=9764435, elapsed_secs=32822, mean=0.574277, stdev=0.184684, best fit=0.676600, best_overall=0.676600, mean_diversity=0.133750,
indivs=9774532, elapsed_secs=32855, mean=0.604809, stdev=0.154960, best fit=0.676600, best_overall=0.676600, mean_diversity=0.134670,
indivs=9784559, elapsed_secs=32892, mean=0.591829, stdev=0.105059, best fit=0.676600, best_overall=0.676600, mean_diversity=0.204392,
indivs=9794720, elapsed_secs=32928, mean=0.614941, stdev=0.142670, best fit=0.676600, best_overall=0.676600, mean_diversity=0.178312,
indivs=9804856, elapsed_secs=32966, mean=0.602809, stdev=0.129831, best fit=0.676600, best_overall=0.676600, mean_diversity=0.186755,
indivs=9814860, elapsed_secs=33002, mean=0.629546, stdev=0.082476, best fit=0.676600, best_overall=0.676600, mean_diversity=0.125032,
indivs=9825022, elapsed_secs=33039, mean=0.622381, stdev=0.075740, best fit=0.676600, best_overall=0.676600, mean_diversity=0.160301,
indivs=9835126, elapsed_secs=33077, mean=0.605557, stdev=0.069171, best fit=0.676600, best_overall=0.676600, mean_diversity=0.146341,
indivs=9845152, elapsed_secs=33114, mean=0.609670, stdev=0.114041, best fit=0.676600, best_overall=0.676600, mean_diversity=0.098548,
indivs=9855203, elapsed_secs=33151, mean=0.610249, stdev=0.096765, best fit=0.676600, best_overall=0.676600, mean_diversity=0.183139,
indivs=9865239, elapsed_secs=33186, mean=0.596766, stdev=0.116784, best fit=0.676600, best_overall=0.676600, mean_diversity=0.137083,
indivs=9875283, elapsed_secs=33228, mean=0.608250, stdev=0.118749, best fit=0.676600, best_overall=0.676600, mean_diversity=0.160092,
indivs=9885385, elapsed_secs=33261, mean=0.609411, stdev=0.113178, best fit=0.676600, best_overall=0.676600, mean_diversity=0.151535,
indivs=9895410, elapsed_secs=33301, mean=0.635223, stdev=0.065884, best fit=0.676600, best_overall=0.676600, mean_diversity=0.154414,
indivs=9905438, elapsed_secs=33336, mean=0.588074, stdev=0.156274, best fit=0.676600, best_overall=0.676600, mean_diversity=0.143632,
indivs=9915466, elapsed_secs=33376, mean=0.604706, stdev=0.087690, best fit=0.676600, best_overall=0.676600, mean_diversity=0.169856,
indivs=9925556, elapsed_secs=33414, mean=0.605108, stdev=0.117126, best fit=0.676600, best_overall=0.676600, mean_diversity=0.153292,
indivs=9935591, elapsed_secs=33451, mean=0.617379, stdev=0.085509, best fit=0.676600, best_overall=0.676600, mean_diversity=0.086083,
indivs=9945700, elapsed_secs=33490, mean=0.617634, stdev=0.111156, best fit=0.676600, best_overall=0.676600, mean_diversity=0.150958,
indivs=9955747, elapsed_secs=33523, mean=0.622655, stdev=0.074302, best fit=0.676600, best_overall=0.676600, mean_diversity=0.083138,
indivs=9965780, elapsed_secs=33570, mean=0.609721, stdev=0.128962, best fit=0.676600, best_overall=0.676600, mean_diversity=0.116651,
indivs=9975824, elapsed_secs=33610, mean=0.593459, stdev=0.088718, best fit=0.676600, best_overall=0.676600, mean_diversity=0.203485,
indivs=9985971, elapsed_secs=33648, mean=0.609868, stdev=0.110004, best fit=0.676600, best_overall=0.676600, mean_diversity=0.123023,
indivs=9995975, elapsed_secs=33692, mean=0.595189, stdev=0.124914, best fit=0.676600, best_overall=0.676600, mean_diversity=0.210305,
indivs=10006019, elapsed_secs=33733, mean=0.595073, stdev=0.133730, best fit=0.676600, best_overall=0.676600, mean_diversity=0.149419,
indivs=10016104, elapsed_secs=33769, mean=0.598166, stdev=0.106123, best fit=0.676600, best_overall=0.676600, mean_diversity=0.109771,
indivs=10026250, elapsed_secs=33805, mean=0.615310, stdev=0.107229, best fit=0.676600, best_overall=0.676600, mean_diversity=0.204556,
indivs=10036266, elapsed_secs=33837, mean=0.600231, stdev=0.085525, best fit=0.676600, best_overall=0.676600, mean_diversity=0.157568,
indivs=10046423, elapsed_secs=33873, mean=0.585934, stdev=0.176090, best fit=0.676600, best_overall=0.676600, mean_diversity=0.134280,
indivs=10056544, elapsed_secs=33912, mean=0.595617, stdev=0.158075, best fit=0.676600, best_overall=0.676600, mean_diversity=0.155297,
indivs=10066620, elapsed_secs=33954, mean=0.596402, stdev=0.085104, best fit=0.676600, best_overall=0.676600, mean_diversity=0.121133,
indivs=10076674, elapsed_secs=33991, mean=0.571390, stdev=0.192918, best fit=0.676600, best_overall=0.676600, mean_diversity=0.206129,
indivs=10086702, elapsed_secs=34029, mean=0.600304, stdev=0.165718, best fit=0.676600, best_overall=0.676600, mean_diversity=0.184178,
indivs=10096792, elapsed_secs=34069, mean=0.564573, stdev=0.206073, best fit=0.676600, best_overall=0.676600, mean_diversity=0.153426,
indivs=10106843, elapsed_secs=34103, mean=0.644346, stdev=0.059136, best fit=0.676600, best_overall=0.676600, mean_diversity=0.096157,
indivs=10116970, elapsed_secs=34133, mean=0.560797, stdev=0.190682, best fit=0.676600, best_overall=0.676600, mean_diversity=0.239266,
indivs=10127095, elapsed_secs=34168, mean=0.607718, stdev=0.099695, best fit=0.676600, best_overall=0.676600, mean_diversity=0.289318,
indivs=10137220, elapsed_secs=34205, mean=0.619439, stdev=0.075697, best fit=0.676600, best_overall=0.676600, mean_diversity=0.092148,
indivs=10147309, elapsed_secs=34239, mean=0.558962, stdev=0.194650, best fit=0.676600, best_overall=0.676600, mean_diversity=0.124192,
indivs=10157414, elapsed_secs=34276, mean=0.578937, stdev=0.151373, best fit=0.676600, best_overall=0.676600, mean_diversity=0.099747,
indivs=10167467, elapsed_secs=34315, mean=0.576139, stdev=0.122615, best fit=0.676600, best_overall=0.676600, mean_diversity=0.193190,
indivs=10177485, elapsed_secs=34356, mean=0.613037, stdev=0.113688, best fit=0.676600, best_overall=0.676600, mean_diversity=0.209578,
indivs=10187539, elapsed_secs=34399, mean=0.580895, stdev=0.183349, best fit=0.676600, best_overall=0.676600, mean_diversity=0.243571,
indivs=10197673, elapsed_secs=34441, mean=0.620719, stdev=0.091382, best fit=0.676600, best_overall=0.676600, mean_diversity=0.122862,
indivs=10207687, elapsed_secs=34476, mean=0.586930, stdev=0.156934, best fit=0.676600, best_overall=0.676600, mean_diversity=0.104153,
indivs=10217726, elapsed_secs=34505, mean=0.624163, stdev=0.093560, best fit=0.676600, best_overall=0.676600, mean_diversity=0.115918,
indivs=10227862, elapsed_secs=34544, mean=0.614848, stdev=0.098376, best fit=0.676600, best_overall=0.676600, mean_diversity=0.162381,
indivs=10237897, elapsed_secs=34578, mean=0.605448, stdev=0.101535, best fit=0.676600, best_overall=0.676600, mean_diversity=0.197598,
indivs=10247923, elapsed_secs=34613, mean=0.614561, stdev=0.064631, best fit=0.676600, best_overall=0.676600, mean_diversity=0.229762,
indivs=10257925, elapsed_secs=34653, mean=0.580621, stdev=0.122799, best fit=0.676600, best_overall=0.676600, mean_diversity=0.080221,
indivs=10268071, elapsed_secs=34689, mean=0.570925, stdev=0.201751, best fit=0.676600, best_overall=0.676600, mean_diversity=0.140591,
indivs=10278100, elapsed_secs=34729, mean=0.615269, stdev=0.111776, best fit=0.676600, best_overall=0.676600, mean_diversity=0.139063,
indivs=10288230, elapsed_secs=34760, mean=0.588914, stdev=0.138793, best fit=0.676600, best_overall=0.676600, mean_diversity=0.211571,
indivs=10298329, elapsed_secs=34797, mean=0.590243, stdev=0.067877, best fit=0.676600, best_overall=0.676600, mean_diversity=0.156618,
indivs=10308461, elapsed_secs=34832, mean=0.610257, stdev=0.143114, best fit=0.676600, best_overall=0.676600, mean_diversity=0.166036,
indivs=10318519, elapsed_secs=34874, mean=0.604861, stdev=0.091008, best fit=0.676600, best_overall=0.676600, mean_diversity=0.126076,
indivs=10328570, elapsed_secs=34910, mean=0.577837, stdev=0.175650, best fit=0.676600, best_overall=0.676600, mean_diversity=0.240571,
indivs=10338713, elapsed_secs=34945, mean=0.554186, stdev=0.197949, best fit=0.676600, best_overall=0.676600, mean_diversity=0.208411,
indivs=10348726, elapsed_secs=34979, mean=0.594192, stdev=0.089635, best fit=0.676600, best_overall=0.676600, mean_diversity=0.207974,
indivs=10358775, elapsed_secs=35017, mean=0.609246, stdev=0.091203, best fit=0.676600, best_overall=0.676600, mean_diversity=0.163368,
indivs=10368862, elapsed_secs=35051, mean=0.588952, stdev=0.129432, best fit=0.676600, best_overall=0.676600, mean_diversity=0.174592,
indivs=10378876, elapsed_secs=35085, mean=0.591501, stdev=0.123094, best fit=0.676600, best_overall=0.676600, mean_diversity=0.187397,
indivs=10389019, elapsed_secs=35124, mean=0.588575, stdev=0.153384, best fit=0.676600, best_overall=0.676600, mean_diversity=0.161977,
indivs=10399088, elapsed_secs=35160, mean=0.592086, stdev=0.101225, best fit=0.676600, best_overall=0.676600, mean_diversity=0.119196,
indivs=10409144, elapsed_secs=35200, mean=0.605057, stdev=0.132255, best fit=0.676600, best_overall=0.676600, mean_diversity=0.133113,
indivs=10419189, elapsed_secs=35236, mean=0.601508, stdev=0.083816, best fit=0.676600, best_overall=0.676600, mean_diversity=0.150102,
indivs=10429259, elapsed_secs=35274, mean=0.623170, stdev=0.065993, best fit=0.676600, best_overall=0.676600, mean_diversity=0.119645,
indivs=10439359, elapsed_secs=35310, mean=0.620447, stdev=0.093228, best fit=0.676600, best_overall=0.676600, mean_diversity=0.116111,
indivs=10449401, elapsed_secs=35349, mean=0.603827, stdev=0.139684, best fit=0.676600, best_overall=0.676600, mean_diversity=0.175929,
indivs=10459460, elapsed_secs=35388, mean=0.610082, stdev=0.105148, best fit=0.676600, best_overall=0.676600, mean_diversity=0.112356,
indivs=10469476, elapsed_secs=35427, mean=0.599246, stdev=0.112711, best fit=0.676600, best_overall=0.676600, mean_diversity=0.215957,
indivs=10479547, elapsed_secs=35463, mean=0.604045, stdev=0.127718, best fit=0.676600, best_overall=0.676600, mean_diversity=0.201749,
indivs=10489624, elapsed_secs=35503, mean=0.593241, stdev=0.147430, best fit=0.676600, best_overall=0.676600, mean_diversity=0.133497,
indivs=10499776, elapsed_secs=35536, mean=0.631193, stdev=0.089796, best fit=0.676600, best_overall=0.676600, mean_diversity=0.142829,
indivs=10509877, elapsed_secs=35578, mean=0.598288, stdev=0.097775, best fit=0.676600, best_overall=0.676600, mean_diversity=0.139027,
indivs=10519878, elapsed_secs=35613, mean=0.586746, stdev=0.123679, best fit=0.676600, best_overall=0.676600, mean_diversity=0.223810,
indivs=10529878, elapsed_secs=35641, mean=0.600638, stdev=0.102307, best fit=0.676600, best_overall=0.676600, mean_diversity=0.148958,
indivs=10539884, elapsed_secs=35674, mean=0.596622, stdev=0.113683, best fit=0.676600, best_overall=0.676600, mean_diversity=0.218342,
indivs=10549990, elapsed_secs=35711, mean=0.594322, stdev=0.117261, best fit=0.676600, best_overall=0.676600, mean_diversity=0.120664,
indivs=10560100, elapsed_secs=35746, mean=0.596133, stdev=0.095086, best fit=0.676600, best_overall=0.676600, mean_diversity=0.204558,
indivs=10570241, elapsed_secs=35785, mean=0.634009, stdev=0.108569, best fit=0.676600, best_overall=0.676600, mean_diversity=0.209048,
indivs=10580274, elapsed_secs=35826, mean=0.598391, stdev=0.111807, best fit=0.676600, best_overall=0.676600, mean_diversity=0.212488,
indivs=10590336, elapsed_secs=35865, mean=0.622320, stdev=0.096241, best fit=0.676600, best_overall=0.676600, mean_diversity=0.159732,
indivs=10600361, elapsed_secs=35904, mean=0.621534, stdev=0.069886, best fit=0.676600, best_overall=0.676600, mean_diversity=0.179034,
indivs=10610415, elapsed_secs=35944, mean=0.571352, stdev=0.141327, best fit=0.676600, best_overall=0.676600, mean_diversity=0.137770,
indivs=10620428, elapsed_secs=35983, mean=0.591902, stdev=0.110295, best fit=0.676600, best_overall=0.676600, mean_diversity=0.154746,
indivs=10630528, elapsed_secs=36017, mean=0.586387, stdev=0.150260, best fit=0.676600, best_overall=0.676600, mean_diversity=0.127282,
indivs=10640630, elapsed_secs=36057, mean=0.597866, stdev=0.151583, best fit=0.676600, best_overall=0.676600, mean_diversity=0.264368,
indivs=10650706, elapsed_secs=36093, mean=0.608720, stdev=0.107613, best fit=0.676600, best_overall=0.676600, mean_diversity=0.163600,
indivs=10660768, elapsed_secs=36132, mean=0.581087, stdev=0.099330, best fit=0.676600, best_overall=0.676600, mean_diversity=0.138512,
indivs=10670828, elapsed_secs=36168, mean=0.612699, stdev=0.078264, best fit=0.676600, best_overall=0.676600, mean_diversity=0.097908,
indivs=10680978, elapsed_secs=36205, mean=0.616947, stdev=0.085441, best fit=0.676600, best_overall=0.676600, mean_diversity=0.130362,
indivs=10690996, elapsed_secs=36241, mean=0.566089, stdev=0.135720, best fit=0.676600, best_overall=0.676600, mean_diversity=0.118349,
indivs=10701040, elapsed_secs=36280, mean=0.625003, stdev=0.089118, best fit=0.676600, best_overall=0.676600, mean_diversity=0.197214,
indivs=10711061, elapsed_secs=36314, mean=0.579597, stdev=0.176734, best fit=0.676600, best_overall=0.676600, mean_diversity=0.177310,
indivs=10721201, elapsed_secs=36355, mean=0.553576, stdev=0.200830, best fit=0.676600, best_overall=0.676600, mean_diversity=0.169965,
indivs=10731231, elapsed_secs=36393, mean=0.595546, stdev=0.087837, best fit=0.676600, best_overall=0.676600, mean_diversity=0.139020,
indivs=10741271, elapsed_secs=36432, mean=0.590872, stdev=0.150401, best fit=0.676600, best_overall=0.676600, mean_diversity=0.128591,
indivs=10751275, elapsed_secs=36470, mean=0.619367, stdev=0.090396, best fit=0.676600, best_overall=0.676600, mean_diversity=0.146509,
indivs=10761290, elapsed_secs=36509, mean=0.601601, stdev=0.108899, best fit=0.676600, best_overall=0.676600, mean_diversity=0.182458,
indivs=10771290, elapsed_secs=36546, mean=0.615948, stdev=0.072867, best fit=0.676600, best_overall=0.676600, mean_diversity=0.108228,
indivs=10781303, elapsed_secs=36579, mean=0.583387, stdev=0.163296, best fit=0.676600, best_overall=0.676600, mean_diversity=0.117237,
indivs=10791420, elapsed_secs=36618, mean=0.612239, stdev=0.100653, best fit=0.676600, best_overall=0.676600, mean_diversity=0.139926,
indivs=10801508, elapsed_secs=36657, mean=0.538666, stdev=0.213522, best fit=0.676600, best_overall=0.676600, mean_diversity=0.165423,
indivs=10811600, elapsed_secs=36692, mean=0.607722, stdev=0.116030, best fit=0.676600, best_overall=0.676600, mean_diversity=0.135880,
indivs=10821747, elapsed_secs=36736, mean=0.548948, stdev=0.215628, best fit=0.676600, best_overall=0.676600, mean_diversity=0.137772,
indivs=10831849, elapsed_secs=36776, mean=0.602840, stdev=0.071815, best fit=0.676600, best_overall=0.676600, mean_diversity=0.177037,
indivs=10841890, elapsed_secs=36820, mean=0.590943, stdev=0.137998, best fit=0.676600, best_overall=0.676600, mean_diversity=0.165799,
indivs=10851996, elapsed_secs=36861, mean=0.585302, stdev=0.141359, best fit=0.676600, best_overall=0.676600, mean_diversity=0.145429,
indivs=10862054, elapsed_secs=36894, mean=0.600958, stdev=0.086045, best fit=0.676600, best_overall=0.676600, mean_diversity=0.191130,
indivs=10872162, elapsed_secs=36934, mean=0.594926, stdev=0.137633, best fit=0.676600, best_overall=0.676600, mean_diversity=0.227707,
indivs=10882220, elapsed_secs=36966, mean=0.599377, stdev=0.084876, best fit=0.676600, best_overall=0.676600, mean_diversity=0.224065,
indivs=10892345, elapsed_secs=36998, mean=0.596602, stdev=0.119166, best fit=0.676600, best_overall=0.676600, mean_diversity=0.175632,
indivs=10902396, elapsed_secs=37034, mean=0.607898, stdev=0.093540, best fit=0.676600, best_overall=0.676600, mean_diversity=0.176141,
indivs=10912434, elapsed_secs=37068, mean=0.600261, stdev=0.085808, best fit=0.676600, best_overall=0.676600, mean_diversity=0.147973,
indivs=10922526, elapsed_secs=37105, mean=0.588326, stdev=0.155454, best fit=0.676600, best_overall=0.676600, mean_diversity=0.157154,
indivs=10932564, elapsed_secs=37145, mean=0.583432, stdev=0.123424, best fit=0.676600, best_overall=0.676600, mean_diversity=0.194159,
indivs=10942722, elapsed_secs=37181, mean=0.618252, stdev=0.083013, best fit=0.676600, best_overall=0.676600, mean_diversity=0.143532,
indivs=10952741, elapsed_secs=37216, mean=0.600902, stdev=0.146564, best fit=0.676600, best_overall=0.676600, mean_diversity=0.161982,
indivs=10962781, elapsed_secs=37253, mean=0.613060, stdev=0.079001, best fit=0.676600, best_overall=0.676600, mean_diversity=0.163773,
indivs=10972805, elapsed_secs=37289, mean=0.583868, stdev=0.138425, best fit=0.676600, best_overall=0.676600, mean_diversity=0.195047,
indivs=10982909, elapsed_secs=37325, mean=0.614414, stdev=0.092063, best fit=0.676600, best_overall=0.676600, mean_diversity=0.145270,
indivs=10993024, elapsed_secs=37360, mean=0.558026, stdev=0.201974, best fit=0.676600, best_overall=0.676600, mean_diversity=0.186095,
indivs=11003052, elapsed_secs=37395, mean=0.574917, stdev=0.120750, best fit=0.676600, best_overall=0.676600, mean_diversity=0.171562,
indivs=11013158, elapsed_secs=37434, mean=0.603123, stdev=0.136062, best fit=0.676600, best_overall=0.676600, mean_diversity=0.133173,
indivs=11023235, elapsed_secs=37469, mean=0.580513, stdev=0.120566, best fit=0.676600, best_overall=0.676600, mean_diversity=0.153427,
indivs=11033277, elapsed_secs=37504, mean=0.595348, stdev=0.092592, best fit=0.676600, best_overall=0.676600, mean_diversity=0.147571,
indivs=11043301, elapsed_secs=37539, mean=0.596593, stdev=0.086101, best fit=0.676600, best_overall=0.676600, mean_diversity=0.123004,
indivs=11053335, elapsed_secs=37577, mean=0.601815, stdev=0.107196, best fit=0.676600, best_overall=0.676600, mean_diversity=0.233937,
indivs=11063360, elapsed_secs=37618, mean=0.573962, stdev=0.131458, best fit=0.676600, best_overall=0.676600, mean_diversity=0.189611,
indivs=11073468, elapsed_secs=37655, mean=0.621832, stdev=0.126036, best fit=0.676600, best_overall=0.676600, mean_diversity=0.100764,
indivs=11083482, elapsed_secs=37692, mean=0.574712, stdev=0.119213, best fit=0.676600, best_overall=0.676600, mean_diversity=0.159689,
indivs=11093502, elapsed_secs=37730, mean=0.584996, stdev=0.144778, best fit=0.676600, best_overall=0.676600, mean_diversity=0.140632,
indivs=11103548, elapsed_secs=37770, mean=0.597349, stdev=0.153187, best fit=0.676600, best_overall=0.676600, mean_diversity=0.101407,
indivs=11113651, elapsed_secs=37804, mean=0.612939, stdev=0.074793, best fit=0.676600, best_overall=0.676600, mean_diversity=0.147004,
indivs=11123785, elapsed_secs=37841, mean=0.593036, stdev=0.133952, best fit=0.676600, best_overall=0.676600, mean_diversity=0.198391,
indivs=11133842, elapsed_secs=37878, mean=0.598567, stdev=0.100585, best fit=0.676600, best_overall=0.676600, mean_diversity=0.120816,
indivs=11143949, elapsed_secs=37914, mean=0.565308, stdev=0.193987, best fit=0.676600, best_overall=0.676600, mean_diversity=0.086096,
indivs=11154056, elapsed_secs=37950, mean=0.579204, stdev=0.184708, best fit=0.676600, best_overall=0.676600, mean_diversity=0.198577,
indivs=11164185, elapsed_secs=37987, mean=0.574059, stdev=0.170966, best fit=0.676600, best_overall=0.676600, mean_diversity=0.174433,
indivs=11174352, elapsed_secs=38024, mean=0.614573, stdev=0.104301, best fit=0.676600, best_overall=0.676600, mean_diversity=0.193506,
indivs=11184492, elapsed_secs=38068, mean=0.579542, stdev=0.167199, best fit=0.676600, best_overall=0.676600, mean_diversity=0.199744,
indivs=11194547, elapsed_secs=38109, mean=0.584449, stdev=0.132600, best fit=0.676600, best_overall=0.676600, mean_diversity=0.120042,
indivs=11204691, elapsed_secs=38139, mean=0.608941, stdev=0.114153, best fit=0.676600, best_overall=0.676600, mean_diversity=0.253648,
indivs=11214786, elapsed_secs=38173, mean=0.599995, stdev=0.091848, best fit=0.676600, best_overall=0.676600, mean_diversity=0.179496,
indivs=11224804, elapsed_secs=38211, mean=0.600113, stdev=0.119511, best fit=0.676600, best_overall=0.676600, mean_diversity=0.193798,
indivs=11234872, elapsed_secs=38249, mean=0.562561, stdev=0.210261, best fit=0.676600, best_overall=0.676600, mean_diversity=0.121713,
indivs=11245033, elapsed_secs=38290, mean=0.577428, stdev=0.184128, best fit=0.676600, best_overall=0.676600, mean_diversity=0.133295,
indivs=11255035, elapsed_secs=38328, mean=0.600862, stdev=0.113874, best fit=0.676600, best_overall=0.676600, mean_diversity=0.147680,
indivs=11265187, elapsed_secs=38361, mean=0.614202, stdev=0.089293, best fit=0.676600, best_overall=0.676600, mean_diversity=0.197095,
indivs=11275311, elapsed_secs=38397, mean=0.552920, stdev=0.201211, best fit=0.676600, best_overall=0.676600, mean_diversity=0.205484,
indivs=11285389, elapsed_secs=38437, mean=0.623862, stdev=0.081314, best fit=0.676600, best_overall=0.676600, mean_diversity=0.134026,
indivs=11295428, elapsed_secs=38472, mean=0.605843, stdev=0.112636, best fit=0.676600, best_overall=0.676600, mean_diversity=0.177937,
indivs=11305482, elapsed_secs=38509, mean=0.610480, stdev=0.117790, best fit=0.676600, best_overall=0.676600, mean_diversity=0.137102,
indivs=11315511, elapsed_secs=38547, mean=0.607757, stdev=0.126488, best fit=0.676600, best_overall=0.676600, mean_diversity=0.178500,
indivs=11325554, elapsed_secs=38591, mean=0.608152, stdev=0.114180, best fit=0.676600, best_overall=0.676600, mean_diversity=0.110246,
indivs=11335670, elapsed_secs=38632, mean=0.603331, stdev=0.161182, best fit=0.676600, best_overall=0.676600, mean_diversity=0.219137,
indivs=11345726, elapsed_secs=38665, mean=0.610671, stdev=0.104043, best fit=0.676600, best_overall=0.676600, mean_diversity=0.187462,
indivs=11355830, elapsed_secs=38702, mean=0.626905, stdev=0.070936, best fit=0.676600, best_overall=0.676600, mean_diversity=0.239891,
indivs=11365848, elapsed_secs=38738, mean=0.594580, stdev=0.118037, best fit=0.676600, best_overall=0.676600, mean_diversity=0.168028,
indivs=11375871, elapsed_secs=38777, mean=0.603523, stdev=0.057991, best fit=0.676600, best_overall=0.676600, mean_diversity=0.108551,
indivs=11385978, elapsed_secs=38815, mean=0.566093, stdev=0.187510, best fit=0.676600, best_overall=0.676600, mean_diversity=0.222834,
indivs=11395994, elapsed_secs=38852, mean=0.618145, stdev=0.084098, best fit=0.676600, best_overall=0.676600, mean_diversity=0.179174,
indivs=11406113, elapsed_secs=38893, mean=0.603762, stdev=0.130585, best fit=0.676600, best_overall=0.676600, mean_diversity=0.128636,
indivs=11416166, elapsed_secs=38936, mean=0.598437, stdev=0.141863, best fit=0.676600, best_overall=0.676600, mean_diversity=0.124668,
indivs=11426256, elapsed_secs=38979, mean=0.600561, stdev=0.087687, best fit=0.676600, best_overall=0.676600, mean_diversity=0.158972,
indivs=11436289, elapsed_secs=39015, mean=0.597688, stdev=0.156491, best fit=0.676600, best_overall=0.676600, mean_diversity=0.259043,
indivs=11446378, elapsed_secs=39053, mean=0.612939, stdev=0.110629, best fit=0.676600, best_overall=0.676600, mean_diversity=0.144944,
indivs=11456443, elapsed_secs=39090, mean=0.610954, stdev=0.130140, best fit=0.676600, best_overall=0.676600, mean_diversity=0.155848,
indivs=11466456, elapsed_secs=39130, mean=0.600574, stdev=0.100755, best fit=0.676600, best_overall=0.676600, mean_diversity=0.152203,
indivs=11476584, elapsed_secs=39177, mean=0.578100, stdev=0.182995, best fit=0.676600, best_overall=0.676600, mean_diversity=0.198596,
indivs=11486750, elapsed_secs=39212, mean=0.620310, stdev=0.085779, best fit=0.676600, best_overall=0.676600, mean_diversity=0.193251,
indivs=11496798, elapsed_secs=39247, mean=0.582837, stdev=0.124481, best fit=0.676600, best_overall=0.676600, mean_diversity=0.204280,
indivs=11506852, elapsed_secs=39287, mean=0.563547, stdev=0.175494, best fit=0.676600, best_overall=0.676600, mean_diversity=0.172490,
indivs=11516967, elapsed_secs=39324, mean=0.615976, stdev=0.071153, best fit=0.676600, best_overall=0.676600, mean_diversity=0.234390,
indivs=11527089, elapsed_secs=39362, mean=0.588391, stdev=0.184141, best fit=0.676600, best_overall=0.676600, mean_diversity=0.152956,
indivs=11537154, elapsed_secs=39401, mean=0.603990, stdev=0.127836, best fit=0.676600, best_overall=0.676600, mean_diversity=0.236457,
indivs=11547288, elapsed_secs=39443, mean=0.599019, stdev=0.166391, best fit=0.676600, best_overall=0.676600, mean_diversity=0.136318,
indivs=11557308, elapsed_secs=39481, mean=0.603931, stdev=0.066311, best fit=0.676600, best_overall=0.676600, mean_diversity=0.152944,
indivs=11567347, elapsed_secs=39513, mean=0.622016, stdev=0.113534, best fit=0.676600, best_overall=0.676600, mean_diversity=0.098862,
indivs=11577354, elapsed_secs=39548, mean=0.613249, stdev=0.073725, best fit=0.676600, best_overall=0.676600, mean_diversity=0.121506,
indivs=11587499, elapsed_secs=39591, mean=0.617502, stdev=0.081842, best fit=0.676600, best_overall=0.676600, mean_diversity=0.146825,
indivs=11597611, elapsed_secs=39625, mean=0.599413, stdev=0.127199, best fit=0.676600, best_overall=0.676600, mean_diversity=0.070000,
indivs=11607650, elapsed_secs=39660, mean=0.602408, stdev=0.111324, best fit=0.676600, best_overall=0.676600, mean_diversity=0.110207,
indivs=11617806, elapsed_secs=39708, mean=0.611280, stdev=0.112318, best fit=0.676600, best_overall=0.676600, mean_diversity=0.205858,
indivs=11627858, elapsed_secs=39746, mean=0.613748, stdev=0.075754, best fit=0.676600, best_overall=0.676600, mean_diversity=0.149481,
indivs=11637977, elapsed_secs=39783, mean=0.569860, stdev=0.184497, best fit=0.676600, best_overall=0.676600, mean_diversity=0.197440,
indivs=11647997, elapsed_secs=39815, mean=0.613850, stdev=0.093508, best fit=0.676600, best_overall=0.676600, mean_diversity=0.137759,
indivs=11658022, elapsed_secs=39854, mean=0.605899, stdev=0.060404, best fit=0.676600, best_overall=0.676600, mean_diversity=0.181696,
indivs=11668099, elapsed_secs=39895, mean=0.584708, stdev=0.154785, best fit=0.676600, best_overall=0.676600, mean_diversity=0.145124,
indivs=11678193, elapsed_secs=39931, mean=0.600754, stdev=0.124546, best fit=0.676600, best_overall=0.676600, mean_diversity=0.158745,
indivs=11688208, elapsed_secs=39961, mean=0.609439, stdev=0.096266, best fit=0.676600, best_overall=0.676600, mean_diversity=0.101007,
indivs=11698347, elapsed_secs=39994, mean=0.615603, stdev=0.077282, best fit=0.676600, best_overall=0.676600, mean_diversity=0.148542,
indivs=11708441, elapsed_secs=40033, mean=0.595402, stdev=0.115303, best fit=0.676600, best_overall=0.676600, mean_diversity=0.147273,
indivs=11718539, elapsed_secs=40073, mean=0.568879, stdev=0.155307, best fit=0.676600, best_overall=0.676600, mean_diversity=0.150203,
indivs=11728558, elapsed_secs=40109, mean=0.614351, stdev=0.087088, best fit=0.676600, best_overall=0.676600, mean_diversity=0.177018,
indivs=11738673, elapsed_secs=40148, mean=0.576046, stdev=0.159813, best fit=0.676600, best_overall=0.676600, mean_diversity=0.098361,
indivs=11748725, elapsed_secs=40185, mean=0.590299, stdev=0.164206, best fit=0.676600, best_overall=0.676600, mean_diversity=0.209552,
indivs=11758729, elapsed_secs=40220, mean=0.587169, stdev=0.088925, best fit=0.676600, best_overall=0.676600, mean_diversity=0.107419,
indivs=11768866, elapsed_secs=40253, mean=0.600608, stdev=0.148314, best fit=0.676600, best_overall=0.676600, mean_diversity=0.144636,
indivs=11778894, elapsed_secs=40293, mean=0.567074, stdev=0.194609, best fit=0.676600, best_overall=0.676600, mean_diversity=0.145025,
indivs=11788933, elapsed_secs=40330, mean=0.591784, stdev=0.106005, best fit=0.676600, best_overall=0.676600, mean_diversity=0.105207,
indivs=11798939, elapsed_secs=40365, mean=0.600907, stdev=0.144151, best fit=0.676600, best_overall=0.676600, mean_diversity=0.151657,
indivs=11808995, elapsed_secs=40402, mean=0.601889, stdev=0.070288, best fit=0.676600, best_overall=0.676600, mean_diversity=0.115160,
indivs=11819086, elapsed_secs=40439, mean=0.604641, stdev=0.117677, best fit=0.676600, best_overall=0.676600, mean_diversity=0.199696,
indivs=11829115, elapsed_secs=40479, mean=0.596118, stdev=0.107821, best fit=0.676600, best_overall=0.676600, mean_diversity=0.155946,
indivs=11839138, elapsed_secs=40518, mean=0.616857, stdev=0.090112, best fit=0.676600, best_overall=0.676600, mean_diversity=0.105000,
indivs=11849155, elapsed_secs=40559, mean=0.592018, stdev=0.171968, best fit=0.676600, best_overall=0.676600, mean_diversity=0.125232,
indivs=11859168, elapsed_secs=40594, mean=0.611709, stdev=0.113251, best fit=0.676600, best_overall=0.676600, mean_diversity=0.216149,
indivs=11869298, elapsed_secs=40629, mean=0.617304, stdev=0.102698, best fit=0.676600, best_overall=0.676600, mean_diversity=0.177540,
indivs=11879345, elapsed_secs=40669, mean=0.596484, stdev=0.082077, best fit=0.676600, best_overall=0.676600, mean_diversity=0.173214,
indivs=11889464, elapsed_secs=40706, mean=0.604676, stdev=0.143861, best fit=0.676600, best_overall=0.676600, mean_diversity=0.093987,
indivs=11899595, elapsed_secs=40743, mean=0.607818, stdev=0.142811, best fit=0.676600, best_overall=0.676600, mean_diversity=0.194199,
indivs=11909641, elapsed_secs=40777, mean=0.629217, stdev=0.059408, best fit=0.676600, best_overall=0.676600, mean_diversity=0.108702,
indivs=11919691, elapsed_secs=40810, mean=0.610813, stdev=0.117337, best fit=0.676600, best_overall=0.676600, mean_diversity=0.145878,
indivs=11929827, elapsed_secs=40852, mean=0.565672, stdev=0.201226, best fit=0.676600, best_overall=0.676600, mean_diversity=0.207661,
indivs=11939839, elapsed_secs=40889, mean=0.579415, stdev=0.120013, best fit=0.676600, best_overall=0.676600, mean_diversity=0.163696,
indivs=11949976, elapsed_secs=40930, mean=0.575355, stdev=0.194093, best fit=0.676600, best_overall=0.676600, mean_diversity=0.138836,
indivs=11960110, elapsed_secs=40966, mean=0.589829, stdev=0.178772, best fit=0.676600, best_overall=0.676600, mean_diversity=0.133971,
indivs=11970146, elapsed_secs=41006, mean=0.616321, stdev=0.090470, best fit=0.676600, best_overall=0.676600, mean_diversity=0.083839,
indivs=11980185, elapsed_secs=41039, mean=0.575949, stdev=0.185982, best fit=0.676600, best_overall=0.676600, mean_diversity=0.287864,
indivs=11990185, elapsed_secs=41077, mean=0.591070, stdev=0.143062, best fit=0.676600, best_overall=0.676600, mean_diversity=0.147544,
indivs=12000189, elapsed_secs=41114, mean=0.578021, stdev=0.119993, best fit=0.676600, best_overall=0.676600, mean_diversity=0.156919,
indivs=12010319, elapsed_secs=41151, mean=0.618277, stdev=0.090322, best fit=0.676600, best_overall=0.676600, mean_diversity=0.107232,
indivs=12020400, elapsed_secs=41192, mean=0.611704, stdev=0.131040, best fit=0.676600, best_overall=0.676600, mean_diversity=0.098483,
indivs=12030523, elapsed_secs=41228, mean=0.583481, stdev=0.185535, best fit=0.676600, best_overall=0.676600, mean_diversity=0.113099,
indivs=12040600, elapsed_secs=41261, mean=0.609051, stdev=0.135911, best fit=0.676600, best_overall=0.676600, mean_diversity=0.187719,
indivs=12050736, elapsed_secs=41293, mean=0.616403, stdev=0.116233, best fit=0.676600, best_overall=0.676600, mean_diversity=0.092981,
indivs=12060802, elapsed_secs=41328, mean=0.603759, stdev=0.098671, best fit=0.676600, best_overall=0.676600, mean_diversity=0.153194,
indivs=12070902, elapsed_secs=41366, mean=0.605107, stdev=0.095201, best fit=0.676600, best_overall=0.676600, mean_diversity=0.132825,
indivs=12080956, elapsed_secs=41398, mean=0.600002, stdev=0.132563, best fit=0.676600, best_overall=0.676600, mean_diversity=0.169730,
indivs=12091054, elapsed_secs=41434, mean=0.564694, stdev=0.197900, best fit=0.676600, best_overall=0.676600, mean_diversity=0.127009,
indivs=12101099, elapsed_secs=41470, mean=0.599422, stdev=0.098012, best fit=0.676600, best_overall=0.676600, mean_diversity=0.107382,
indivs=12111192, elapsed_secs=41510, mean=0.607577, stdev=0.131666, best fit=0.676600, best_overall=0.676600, mean_diversity=0.147730,
indivs=12121348, elapsed_secs=41545, mean=0.621835, stdev=0.094137, best fit=0.676600, best_overall=0.676600, mean_diversity=0.194476,
indivs=12131386, elapsed_secs=41584, mean=0.583078, stdev=0.148357, best fit=0.676600, best_overall=0.676600, mean_diversity=0.202564,
indivs=12141473, elapsed_secs=41618, mean=0.557401, stdev=0.198421, best fit=0.676600, best_overall=0.676600, mean_diversity=0.167947,
indivs=12151542, elapsed_secs=41652, mean=0.605106, stdev=0.110191, best fit=0.676600, best_overall=0.676600, mean_diversity=0.170701,
indivs=12161599, elapsed_secs=41688, mean=0.603245, stdev=0.086989, best fit=0.676600, best_overall=0.676600, mean_diversity=0.137935,
indivs=12171622, elapsed_secs=41725, mean=0.609535, stdev=0.135086, best fit=0.676600, best_overall=0.676600, mean_diversity=0.166818,
indivs=12181714, elapsed_secs=41762, mean=0.608059, stdev=0.108515, best fit=0.676600, best_overall=0.676600, mean_diversity=0.139899,
indivs=12191846, elapsed_secs=41797, mean=0.625868, stdev=0.095617, best fit=0.676600, best_overall=0.676600, mean_diversity=0.125527,
indivs=12201984, elapsed_secs=41830, mean=0.589043, stdev=0.148746, best fit=0.676600, best_overall=0.676600, mean_diversity=0.199903,
indivs=12212071, elapsed_secs=41864, mean=0.583886, stdev=0.136155, best fit=0.676600, best_overall=0.676600, mean_diversity=0.203408,
indivs=12222181, elapsed_secs=41899, mean=0.608429, stdev=0.104238, best fit=0.676600, best_overall=0.676600, mean_diversity=0.245581,
indivs=12232250, elapsed_secs=41933, mean=0.569068, stdev=0.194137, best fit=0.676600, best_overall=0.676600, mean_diversity=0.124253,
indivs=12242344, elapsed_secs=41972, mean=0.616565, stdev=0.096414, best fit=0.676600, best_overall=0.676600, mean_diversity=0.260062,
indivs=12252433, elapsed_secs=42009, mean=0.610371, stdev=0.072695, best fit=0.676600, best_overall=0.676600, mean_diversity=0.128583,
indivs=12262469, elapsed_secs=42046, mean=0.634301, stdev=0.091408, best fit=0.676600, best_overall=0.676600, mean_diversity=0.164673,
indivs=12272492, elapsed_secs=42081, mean=0.601314, stdev=0.093701, best fit=0.676600, best_overall=0.676600, mean_diversity=0.181538,
indivs=12282560, elapsed_secs=42121, mean=0.597790, stdev=0.115922, best fit=0.676600, best_overall=0.676600, mean_diversity=0.244895,
indivs=12292629, elapsed_secs=42166, mean=0.612481, stdev=0.088390, best fit=0.676600, best_overall=0.676600, mean_diversity=0.201543,
indivs=12302646, elapsed_secs=42208, mean=0.620066, stdev=0.151529, best fit=0.676600, best_overall=0.676600, mean_diversity=0.129253,
indivs=12312677, elapsed_secs=42245, mean=0.551429, stdev=0.195996, best fit=0.676600, best_overall=0.676600, mean_diversity=0.100102,
indivs=12322679, elapsed_secs=42274, mean=0.603864, stdev=0.077067, best fit=0.676600, best_overall=0.676600, mean_diversity=0.162582,
indivs=12332747, elapsed_secs=42313, mean=0.610058, stdev=0.098830, best fit=0.676600, best_overall=0.676600, mean_diversity=0.145410,
indivs=12342865, elapsed_secs=42350, mean=0.607688, stdev=0.088574, best fit=0.676600, best_overall=0.676600, mean_diversity=0.100916,
indivs=12352964, elapsed_secs=42384, mean=0.596209, stdev=0.091847, best fit=0.676600, best_overall=0.676600, mean_diversity=0.238721,
indivs=12363077, elapsed_secs=42422, mean=0.605349, stdev=0.143436, best fit=0.676600, best_overall=0.676600, mean_diversity=0.139215,
indivs=12373217, elapsed_secs=42460, mean=0.578432, stdev=0.186179, best fit=0.676600, best_overall=0.676600, mean_diversity=0.126125,
indivs=12383302, elapsed_secs=42497, mean=0.604454, stdev=0.092144, best fit=0.676600, best_overall=0.676600, mean_diversity=0.174967,
indivs=12393430, elapsed_secs=42532, mean=0.592236, stdev=0.157121, best fit=0.676600, best_overall=0.676600, mean_diversity=0.146335,
indivs=12403472, elapsed_secs=42569, mean=0.596181, stdev=0.126062, best fit=0.676600, best_overall=0.676600, mean_diversity=0.283191,
indivs=12413628, elapsed_secs=42609, mean=0.616707, stdev=0.097908, best fit=0.676600, best_overall=0.676600, mean_diversity=0.168041,
indivs=12423676, elapsed_secs=42643, mean=0.570559, stdev=0.121841, best fit=0.676600, best_overall=0.676600, mean_diversity=0.202329,
indivs=12433762, elapsed_secs=42680, mean=0.601459, stdev=0.069646, best fit=0.676600, best_overall=0.676600, mean_diversity=0.181222,
indivs=12443792, elapsed_secs=42717, mean=0.625230, stdev=0.096069, best fit=0.676600, best_overall=0.676600, mean_diversity=0.079179,
indivs=12453835, elapsed_secs=42753, mean=0.568720, stdev=0.151351, best fit=0.676600, best_overall=0.676600, mean_diversity=0.223576,
indivs=12463929, elapsed_secs=42787, mean=0.576050, stdev=0.187832, best fit=0.676600, best_overall=0.676600, mean_diversity=0.133786,
indivs=12473969, elapsed_secs=42829, mean=0.588514, stdev=0.175854, best fit=0.676600, best_overall=0.676600, mean_diversity=0.140381,
indivs=12484040, elapsed_secs=42870, mean=0.540569, stdev=0.221726, best fit=0.676600, best_overall=0.676600, mean_diversity=0.152637,
indivs=12494099, elapsed_secs=42908, mean=0.611740, stdev=0.070081, best fit=0.676600, best_overall=0.676600, mean_diversity=0.184457,
indivs=12504187, elapsed_secs=42947, mean=0.595922, stdev=0.155953, best fit=0.676600, best_overall=0.676600, mean_diversity=0.186942,
indivs=12514277, elapsed_secs=42978, mean=0.559217, stdev=0.174409, best fit=0.676600, best_overall=0.676600, mean_diversity=0.150750,
indivs=12524422, elapsed_secs=43015, mean=0.591634, stdev=0.177787, best fit=0.676600, best_overall=0.676600, mean_diversity=0.231014,
indivs=12534479, elapsed_secs=43056, mean=0.558907, stdev=0.192999, best fit=0.676600, best_overall=0.676600, mean_diversity=0.208478,
indivs=12544525, elapsed_secs=43095, mean=0.591813, stdev=0.156359, best fit=0.676600, best_overall=0.676600, mean_diversity=0.129967,
indivs=12554593, elapsed_secs=43134, mean=0.608495, stdev=0.148254, best fit=0.676600, best_overall=0.676600, mean_diversity=0.142574,
indivs=12564722, elapsed_secs=43175, mean=0.581330, stdev=0.189130, best fit=0.676600, best_overall=0.676600, mean_diversity=0.172899,
indivs=12574768, elapsed_secs=43215, mean=0.595035, stdev=0.064904, best fit=0.676600, best_overall=0.676600, mean_diversity=0.258894,
indivs=12584900, elapsed_secs=43245, mean=0.592390, stdev=0.166408, best fit=0.676600, best_overall=0.676600, mean_diversity=0.133653,
indivs=12594938, elapsed_secs=43283, mean=0.622061, stdev=0.067069, best fit=0.676600, best_overall=0.676600, mean_diversity=0.170519,
indivs=12605090, elapsed_secs=43320, mean=0.592160, stdev=0.154919, best fit=0.678700, best_overall=0.678700, mean_diversity=0.153149,
indivs=12615112, elapsed_secs=43355, mean=0.622011, stdev=0.094231, best fit=0.678700, best_overall=0.678700, mean_diversity=0.123058,
indivs=12625166, elapsed_secs=43390, mean=0.592727, stdev=0.066269, best fit=0.678700, best_overall=0.678700, mean_diversity=0.120940,
indivs=12635263, elapsed_secs=43425, mean=0.602716, stdev=0.083075, best fit=0.678700, best_overall=0.678700, mean_diversity=0.113552,
indivs=12645358, elapsed_secs=43461, mean=0.600632, stdev=0.155158, best fit=0.678700, best_overall=0.678700, mean_diversity=0.150043,
indivs=12655379, elapsed_secs=43497, mean=0.602747, stdev=0.096708, best fit=0.678700, best_overall=0.678700, mean_diversity=0.145371,
indivs=12665470, elapsed_secs=43536, mean=0.625863, stdev=0.111198, best fit=0.678700, best_overall=0.678700, mean_diversity=0.110107,
indivs=12675570, elapsed_secs=43574, mean=0.597281, stdev=0.133824, best fit=0.678700, best_overall=0.678700, mean_diversity=0.192457,
indivs=12685666, elapsed_secs=43614, mean=0.595739, stdev=0.064828, best fit=0.678700, best_overall=0.678700, mean_diversity=0.148929,
indivs=12695703, elapsed_secs=43655, mean=0.613949, stdev=0.128000, best fit=0.678700, best_overall=0.678700, mean_diversity=0.152273,
indivs=12705738, elapsed_secs=43696, mean=0.610529, stdev=0.058266, best fit=0.678700, best_overall=0.678700, mean_diversity=0.124050,
indivs=12715779, elapsed_secs=43732, mean=0.597114, stdev=0.126094, best fit=0.678700, best_overall=0.678700, mean_diversity=0.138108,
indivs=12725873, elapsed_secs=43770, mean=0.620686, stdev=0.074030, best fit=0.678700, best_overall=0.678700, mean_diversity=0.147109,
indivs=12736009, elapsed_secs=43809, mean=0.610588, stdev=0.094128, best fit=0.678700, best_overall=0.678700, mean_diversity=0.141429,
indivs=12746097, elapsed_secs=43846, mean=0.616012, stdev=0.064945, best fit=0.678700, best_overall=0.678700, mean_diversity=0.145152,
indivs=12756119, elapsed_secs=43895, mean=0.615048, stdev=0.080352, best fit=0.678700, best_overall=0.678700, mean_diversity=0.179642,
indivs=12766141, elapsed_secs=43936, mean=0.590080, stdev=0.165939, best fit=0.678700, best_overall=0.678700, mean_diversity=0.135385,
indivs=12776234, elapsed_secs=43982, mean=0.616075, stdev=0.073250, best fit=0.678700, best_overall=0.678700, mean_diversity=0.211943,
indivs=12786309, elapsed_secs=44020, mean=0.621693, stdev=0.126283, best fit=0.678700, best_overall=0.678700, mean_diversity=0.181493,
indivs=12796365, elapsed_secs=44060, mean=0.601536, stdev=0.140051, best fit=0.678700, best_overall=0.678700, mean_diversity=0.228204,
indivs=12806493, elapsed_secs=44096, mean=0.603967, stdev=0.127620, best fit=0.678700, best_overall=0.678700, mean_diversity=0.114073,
indivs=12816540, elapsed_secs=44131, mean=0.616224, stdev=0.071975, best fit=0.678700, best_overall=0.678700, mean_diversity=0.161034,
indivs=12826650, elapsed_secs=44172, mean=0.582393, stdev=0.170702, best fit=0.678700, best_overall=0.678700, mean_diversity=0.157201,
indivs=12836740, elapsed_secs=44206, mean=0.609172, stdev=0.141868, best fit=0.678700, best_overall=0.678700, mean_diversity=0.133463,
indivs=12846811, elapsed_secs=44241, mean=0.608532, stdev=0.113500, best fit=0.678700, best_overall=0.678700, mean_diversity=0.164577,
indivs=12856917, elapsed_secs=44276, mean=0.608109, stdev=0.129078, best fit=0.680600, best_overall=0.680600, mean_diversity=0.116877,
indivs=12866984, elapsed_secs=44324, mean=0.600405, stdev=0.140072, best fit=0.680600, best_overall=0.680600, mean_diversity=0.180312,
indivs=12877013, elapsed_secs=44371, mean=0.615761, stdev=0.074543, best fit=0.680600, best_overall=0.680600, mean_diversity=0.145676,
indivs=12887164, elapsed_secs=44420, mean=0.611981, stdev=0.111749, best fit=0.680600, best_overall=0.680600, mean_diversity=0.119315,
indivs=12897277, elapsed_secs=44469, mean=0.589090, stdev=0.145742, best fit=0.680600, best_overall=0.680600, mean_diversity=0.130489,
indivs=12907339, elapsed_secs=44524, mean=0.618942, stdev=0.112541, best fit=0.680600, best_overall=0.680600, mean_diversity=0.169828,
indivs=12917516, elapsed_secs=44579, mean=0.601590, stdev=0.162359, best fit=0.681300, best_overall=0.681300, mean_diversity=0.139119,
indivs=12927607, elapsed_secs=44620, mean=0.603468, stdev=0.081696, best fit=0.681300, best_overall=0.681300, mean_diversity=0.107796,
indivs=12937676, elapsed_secs=44663, mean=0.617007, stdev=0.113522, best fit=0.681300, best_overall=0.681300, mean_diversity=0.235362,
indivs=12947746, elapsed_secs=44709, mean=0.594721, stdev=0.134407, best fit=0.681300, best_overall=0.681300, mean_diversity=0.162481,
indivs=12957873, elapsed_secs=44755, mean=0.604643, stdev=0.091980, best fit=0.681300, best_overall=0.681300, mean_diversity=0.120490,
indivs=12967921, elapsed_secs=44797, mean=0.609872, stdev=0.072568, best fit=0.681300, best_overall=0.681300, mean_diversity=0.117689,
indivs=12978021, elapsed_secs=44836, mean=0.593954, stdev=0.175189, best fit=0.681300, best_overall=0.681300, mean_diversity=0.117483,
indivs=12988124, elapsed_secs=44889, mean=0.620631, stdev=0.070984, best fit=0.681300, best_overall=0.681300, mean_diversity=0.158896,
indivs=12998133, elapsed_secs=44933, mean=0.614496, stdev=0.108816, best fit=0.681300, best_overall=0.681300, mean_diversity=0.162183,
indivs=13008299, elapsed_secs=44989, mean=0.588614, stdev=0.183271, best fit=0.681300, best_overall=0.681300, mean_diversity=0.121716,
indivs=13018457, elapsed_secs=45040, mean=0.616687, stdev=0.115164, best fit=0.681300, best_overall=0.681300, mean_diversity=0.131169,
indivs=13028522, elapsed_secs=45079, mean=0.608090, stdev=0.072735, best fit=0.681300, best_overall=0.681300, mean_diversity=0.118926,
indivs=13038607, elapsed_secs=45125, mean=0.600045, stdev=0.096576, best fit=0.681300, best_overall=0.681300, mean_diversity=0.155949,
indivs=13048714, elapsed_secs=45171, mean=0.567054, stdev=0.164880, best fit=0.681300, best_overall=0.681300, mean_diversity=0.189635,
indivs=13058890, elapsed_secs=45209, mean=0.607884, stdev=0.143132, best fit=0.681300, best_overall=0.681300, mean_diversity=0.126172,
indivs=13068951, elapsed_secs=45254, mean=0.596379, stdev=0.067350, best fit=0.681300, best_overall=0.681300, mean_diversity=0.143467,
indivs=13079007, elapsed_secs=45295, mean=0.606928, stdev=0.129787, best fit=0.681300, best_overall=0.681300, mean_diversity=0.082477,
indivs=13089013, elapsed_secs=45340, mean=0.595366, stdev=0.073360, best fit=0.681300, best_overall=0.681300, mean_diversity=0.210485,
indivs=13099106, elapsed_secs=45380, mean=0.617421, stdev=0.097479, best fit=0.681300, best_overall=0.681300, mean_diversity=0.142749,
indivs=13109193, elapsed_secs=45430, mean=0.611896, stdev=0.100668, best fit=0.681300, best_overall=0.681300, mean_diversity=0.094043,
indivs=13119354, elapsed_secs=45476, mean=0.626325, stdev=0.099648, best fit=0.681300, best_overall=0.681300, mean_diversity=0.147557,
indivs=13129487, elapsed_secs=45526, mean=0.626417, stdev=0.099360, best fit=0.681300, best_overall=0.681300, mean_diversity=0.108545,
indivs=13139653, elapsed_secs=45569, mean=0.624432, stdev=0.140106, best fit=0.681300, best_overall=0.681300, mean_diversity=0.132824,
indivs=13149808, elapsed_secs=45614, mean=0.589446, stdev=0.158333, best fit=0.681300, best_overall=0.681300, mean_diversity=0.186221,
indivs=13159892, elapsed_secs=45652, mean=0.627523, stdev=0.072514, best fit=0.681500, best_overall=0.681500, mean_diversity=0.183086,
indivs=13169924, elapsed_secs=45685, mean=0.614389, stdev=0.100958, best fit=0.681500, best_overall=0.681500, mean_diversity=0.232974,
indivs=13180020, elapsed_secs=45722, mean=0.602294, stdev=0.118106, best fit=0.681500, best_overall=0.681500, mean_diversity=0.133297,
indivs=13190081, elapsed_secs=45768, mean=0.627742, stdev=0.067352, best fit=0.681500, best_overall=0.681500, mean_diversity=0.159292,
indivs=13200105, elapsed_secs=45803, mean=0.611400, stdev=0.099199, best fit=0.681500, best_overall=0.681500, mean_diversity=0.118151,
indivs=13210130, elapsed_secs=45838, mean=0.611732, stdev=0.128506, best fit=0.681500, best_overall=0.681500, mean_diversity=0.201319,
indivs=13220274, elapsed_secs=45879, mean=0.624547, stdev=0.097478, best fit=0.681500, best_overall=0.681500, mean_diversity=0.213625,
indivs=13230290, elapsed_secs=45918, mean=0.596912, stdev=0.061797, best fit=0.681500, best_overall=0.681500, mean_diversity=0.173361,
indivs=13240322, elapsed_secs=45945, mean=0.624247, stdev=0.069117, best fit=0.681500, best_overall=0.681500, mean_diversity=0.170154,
indivs=13250443, elapsed_secs=45987, mean=0.625071, stdev=0.076652, best fit=0.681500, best_overall=0.681500, mean_diversity=0.116485,
indivs=13260508, elapsed_secs=46025, mean=0.589033, stdev=0.147773, best fit=0.681500, best_overall=0.681500, mean_diversity=0.143034,
indivs=13270550, elapsed_secs=46064, mean=0.585006, stdev=0.087934, best fit=0.681500, best_overall=0.681500, mean_diversity=0.200710,
indivs=13280667, elapsed_secs=46109, mean=0.620952, stdev=0.091668, best fit=0.681500, best_overall=0.681500, mean_diversity=0.162695,
indivs=13290696, elapsed_secs=46161, mean=0.620817, stdev=0.064115, best fit=0.681500, best_overall=0.681500, mean_diversity=0.168693,
indivs=13300702, elapsed_secs=46203, mean=0.605799, stdev=0.087597, best fit=0.681500, best_overall=0.681500, mean_diversity=0.135687,
indivs=13310708, elapsed_secs=46237, mean=0.617800, stdev=0.067099, best fit=0.681500, best_overall=0.681500, mean_diversity=0.130131,
indivs=13320822, elapsed_secs=46273, mean=0.616913, stdev=0.094748, best fit=0.681500, best_overall=0.681500, mean_diversity=0.180000,
indivs=13330875, elapsed_secs=46313, mean=0.607198, stdev=0.056867, best fit=0.681500, best_overall=0.681500, mean_diversity=0.146948,
indivs=13340932, elapsed_secs=46355, mean=0.617280, stdev=0.087416, best fit=0.681500, best_overall=0.681500, mean_diversity=0.092838,
indivs=13350978, elapsed_secs=46398, mean=0.612340, stdev=0.061642, best fit=0.681500, best_overall=0.681500, mean_diversity=0.144817,
indivs=13361013, elapsed_secs=46431, mean=0.606573, stdev=0.096079, best fit=0.681500, best_overall=0.681500, mean_diversity=0.139447,
indivs=13371038, elapsed_secs=46474, mean=0.607879, stdev=0.071708, best fit=0.681500, best_overall=0.681500, mean_diversity=0.205485,
indivs=13381097, elapsed_secs=46507, mean=0.615632, stdev=0.080576, best fit=0.681500, best_overall=0.681500, mean_diversity=0.233869,
indivs=13391195, elapsed_secs=46540, mean=0.635007, stdev=0.064815, best fit=0.681500, best_overall=0.681500, mean_diversity=0.150161,
indivs=13401226, elapsed_secs=46570, mean=0.615189, stdev=0.066355, best fit=0.681500, best_overall=0.681500, mean_diversity=0.293579,
indivs=13411397, elapsed_secs=46610, mean=0.614414, stdev=0.105582, best fit=0.681500, best_overall=0.681500, mean_diversity=0.187343,
indivs=13421555, elapsed_secs=46642, mean=0.622812, stdev=0.077947, best fit=0.681500, best_overall=0.681500, mean_diversity=0.110643,
indivs=13431638, elapsed_secs=46680, mean=0.620281, stdev=0.087177, best fit=0.681500, best_overall=0.681500, mean_diversity=0.140228,
indivs=13441786, elapsed_secs=46725, mean=0.626673, stdev=0.072931, best fit=0.681500, best_overall=0.681500, mean_diversity=0.188673,
indivs=13451803, elapsed_secs=46767, mean=0.622265, stdev=0.069235, best fit=0.681500, best_overall=0.681500, mean_diversity=0.195805,
indivs=13461869, elapsed_secs=46812, mean=0.598554, stdev=0.083176, best fit=0.681500, best_overall=0.681500, mean_diversity=0.164251,
indivs=13471953, elapsed_secs=46855, mean=0.627316, stdev=0.078606, best fit=0.681500, best_overall=0.681500, mean_diversity=0.163702,
indivs=13482044, elapsed_secs=46899, mean=0.617946, stdev=0.092202, best fit=0.681500, best_overall=0.681500, mean_diversity=0.210511,
indivs=13492088, elapsed_secs=46936, mean=0.594730, stdev=0.121114, best fit=0.681500, best_overall=0.681500, mean_diversity=0.133453,
indivs=13502150, elapsed_secs=46980, mean=0.629080, stdev=0.092491, best fit=0.681500, best_overall=0.681500, mean_diversity=0.167771,
indivs=13512228, elapsed_secs=47021, mean=0.570104, stdev=0.149351, best fit=0.681500, best_overall=0.681500, mean_diversity=0.167579,
indivs=13522250, elapsed_secs=47072, mean=0.585305, stdev=0.103623, best fit=0.681500, best_overall=0.681500, mean_diversity=0.147795,
indivs=13532321, elapsed_secs=47110, mean=0.632096, stdev=0.092244, best fit=0.681500, best_overall=0.681500, mean_diversity=0.153689,
indivs=13542411, elapsed_secs=47135, mean=0.595001, stdev=0.083084, best fit=0.681500, best_overall=0.681500, mean_diversity=0.177346,
indivs=13552484, elapsed_secs=47170, mean=0.620609, stdev=0.103293, best fit=0.681500, best_overall=0.681500, mean_diversity=0.152103,
indivs=13562517, elapsed_secs=47215, mean=0.596815, stdev=0.092099, best fit=0.681500, best_overall=0.681500, mean_diversity=0.164348,
indivs=13572669, elapsed_secs=47253, mean=0.606803, stdev=0.121658, best fit=0.681500, best_overall=0.681500, mean_diversity=0.247026,
indivs=13582677, elapsed_secs=47288, mean=0.607331, stdev=0.114810, best fit=0.681500, best_overall=0.681500, mean_diversity=0.185311,
indivs=13592718, elapsed_secs=47327, mean=0.601033, stdev=0.061883, best fit=0.681500, best_overall=0.681500, mean_diversity=0.154114,
indivs=13602847, elapsed_secs=47372, mean=0.607136, stdev=0.098746, best fit=0.681500, best_overall=0.681500, mean_diversity=0.135485,
indivs=13612883, elapsed_secs=47411, mean=0.623279, stdev=0.068193, best fit=0.681500, best_overall=0.681500, mean_diversity=0.182537,
indivs=13623017, elapsed_secs=47445, mean=0.616772, stdev=0.112103, best fit=0.681500, best_overall=0.681500, mean_diversity=0.150096,
indivs=13633183, elapsed_secs=47473, mean=0.619796, stdev=0.085535, best fit=0.681500, best_overall=0.681500, mean_diversity=0.171129,
indivs=13643271, elapsed_secs=47504, mean=0.600576, stdev=0.112972, best fit=0.681500, best_overall=0.681500, mean_diversity=0.173826,
indivs=13653290, elapsed_secs=47544, mean=0.622596, stdev=0.095344, best fit=0.681500, best_overall=0.681500, mean_diversity=0.150179,
indivs=13663312, elapsed_secs=47586, mean=0.600291, stdev=0.087828, best fit=0.681500, best_overall=0.681500, mean_diversity=0.158090,
indivs=13673375, elapsed_secs=47616, mean=0.585657, stdev=0.105785, best fit=0.681500, best_overall=0.681500, mean_diversity=0.154800,
indivs=13683500, elapsed_secs=47664, mean=0.608058, stdev=0.116780, best fit=0.681500, best_overall=0.681500, mean_diversity=0.146215,
indivs=13693570, elapsed_secs=47708, mean=0.606603, stdev=0.072589, best fit=0.681500, best_overall=0.681500, mean_diversity=0.125931,
indivs=13703670, elapsed_secs=47748, mean=0.633378, stdev=0.072571, best fit=0.681500, best_overall=0.681500, mean_diversity=0.153321,
indivs=13713699, elapsed_secs=47781, mean=0.619843, stdev=0.089431, best fit=0.681500, best_overall=0.681500, mean_diversity=0.142598,
indivs=13723725, elapsed_secs=47825, mean=0.592294, stdev=0.095260, best fit=0.681500, best_overall=0.681500, mean_diversity=0.135268,
indivs=13733728, elapsed_secs=47861, mean=0.624245, stdev=0.066893, best fit=0.681500, best_overall=0.681500, mean_diversity=0.133577,
indivs=13743809, elapsed_secs=47914, mean=0.613365, stdev=0.115003, best fit=0.681500, best_overall=0.681500, mean_diversity=0.207557,
indivs=13753940, elapsed_secs=47945, mean=0.615624, stdev=0.112992, best fit=0.681500, best_overall=0.681500, mean_diversity=0.184848,
indivs=13764057, elapsed_secs=47979, mean=0.621086, stdev=0.096620, best fit=0.681500, best_overall=0.681500, mean_diversity=0.161387,
indivs=13774117, elapsed_secs=48012, mean=0.615475, stdev=0.062521, best fit=0.681500, best_overall=0.681500, mean_diversity=0.209083,
indivs=13784192, elapsed_secs=48056, mean=0.599802, stdev=0.084160, best fit=0.681500, best_overall=0.681500, mean_diversity=0.200372,
indivs=13794254, elapsed_secs=48085, mean=0.614782, stdev=0.085204, best fit=0.681500, best_overall=0.681500, mean_diversity=0.147000,
indivs=13804313, elapsed_secs=48131, mean=0.616960, stdev=0.076470, best fit=0.681500, best_overall=0.681500, mean_diversity=0.136506,
indivs=13814320, elapsed_secs=48168, mean=0.591275, stdev=0.119285, best fit=0.681500, best_overall=0.681500, mean_diversity=0.107042,
indivs=13824464, elapsed_secs=48200, mean=0.623005, stdev=0.076110, best fit=0.681500, best_overall=0.681500, mean_diversity=0.126510,
indivs=13834522, elapsed_secs=48235, mean=0.609339, stdev=0.132081, best fit=0.681500, best_overall=0.681500, mean_diversity=0.095628,
indivs=13844548, elapsed_secs=48269, mean=0.547941, stdev=0.216698, best fit=0.681500, best_overall=0.681500, mean_diversity=0.109561,
indivs=13854716, elapsed_secs=48326, mean=0.615297, stdev=0.112428, best fit=0.681500, best_overall=0.681500, mean_diversity=0.231962,
indivs=13864770, elapsed_secs=48360, mean=0.614289, stdev=0.088209, best fit=0.681500, best_overall=0.681500, mean_diversity=0.217399,
indivs=13874814, elapsed_secs=48392, mean=0.620406, stdev=0.113475, best fit=0.681500, best_overall=0.681500, mean_diversity=0.154279,
indivs=13884867, elapsed_secs=48432, mean=0.633457, stdev=0.077382, best fit=0.681500, best_overall=0.681500, mean_diversity=0.134275,
indivs=13894913, elapsed_secs=48467, mean=0.595741, stdev=0.085452, best fit=0.681500, best_overall=0.681500, mean_diversity=0.087813,
indivs=13904997, elapsed_secs=48521, mean=0.608958, stdev=0.117168, best fit=0.681500, best_overall=0.681500, mean_diversity=0.187273,
indivs=13915072, elapsed_secs=48560, mean=0.607992, stdev=0.054751, best fit=0.681500, best_overall=0.681500, mean_diversity=0.064893,
indivs=13925209, elapsed_secs=48598, mean=0.610227, stdev=0.093430, best fit=0.681500, best_overall=0.681500, mean_diversity=0.144000,
indivs=13935305, elapsed_secs=48638, mean=0.602245, stdev=0.099340, best fit=0.681500, best_overall=0.681500, mean_diversity=0.088545,
indivs=13945329, elapsed_secs=48687, mean=0.601472, stdev=0.128878, best fit=0.681500, best_overall=0.681500, mean_diversity=0.115363,
indivs=13955428, elapsed_secs=48726, mean=0.586906, stdev=0.102744, best fit=0.681500, best_overall=0.681500, mean_diversity=0.146576,
indivs=13965524, elapsed_secs=48760, mean=0.620087, stdev=0.090097, best fit=0.681500, best_overall=0.681500, mean_diversity=0.114118,
indivs=13975636, elapsed_secs=48797, mean=0.626180, stdev=0.111373, best fit=0.681500, best_overall=0.681500, mean_diversity=0.092152,
indivs=13985663, elapsed_secs=48847, mean=0.577015, stdev=0.157150, best fit=0.681500, best_overall=0.681500, mean_diversity=0.226568,
indivs=13995766, elapsed_secs=48884, mean=0.615700, stdev=0.127906, best fit=0.681500, best_overall=0.681500, mean_diversity=0.169534,
indivs=14005890, elapsed_secs=48935, mean=0.630344, stdev=0.066086, best fit=0.681500, best_overall=0.681500, mean_diversity=0.198428,
indivs=14015944, elapsed_secs=48965, mean=0.614567, stdev=0.097429, best fit=0.681500, best_overall=0.681500, mean_diversity=0.089797,
indivs=14026069, elapsed_secs=49001, mean=0.625856, stdev=0.074297, best fit=0.681500, best_overall=0.681500, mean_diversity=0.187385,
indivs=14036170, elapsed_secs=49030, mean=0.607975, stdev=0.094797, best fit=0.681500, best_overall=0.681500, mean_diversity=0.074487,
indivs=14046173, elapsed_secs=49056, mean=0.600974, stdev=0.114110, best fit=0.681500, best_overall=0.681500, mean_diversity=0.252625,
indivs=14056190, elapsed_secs=49106, mean=0.607660, stdev=0.119572, best fit=0.681500, best_overall=0.681500, mean_diversity=0.190966,
indivs=14066359, elapsed_secs=49150, mean=0.637892, stdev=0.090502, best fit=0.681500, best_overall=0.681500, mean_diversity=0.249563,
indivs=14076432, elapsed_secs=49194, mean=0.600674, stdev=0.131567, best fit=0.681500, best_overall=0.681500, mean_diversity=0.161027,
indivs=14086435, elapsed_secs=49249, mean=0.595155, stdev=0.061929, best fit=0.681500, best_overall=0.681500, mean_diversity=0.116655,
indivs=14096482, elapsed_secs=49293, mean=0.612282, stdev=0.093768, best fit=0.681500, best_overall=0.681500, mean_diversity=0.124575,
indivs=14106598, elapsed_secs=49333, mean=0.630082, stdev=0.081106, best fit=0.681500, best_overall=0.681500, mean_diversity=0.154281,
indivs=14116661, elapsed_secs=49362, mean=0.613172, stdev=0.097153, best fit=0.681500, best_overall=0.681500, mean_diversity=0.227051,
indivs=14126768, elapsed_secs=49394, mean=0.628520, stdev=0.068535, best fit=0.681500, best_overall=0.681500, mean_diversity=0.189118,
indivs=14136883, elapsed_secs=49430, mean=0.595422, stdev=0.084417, best fit=0.681500, best_overall=0.681500, mean_diversity=0.159196,
indivs=14146913, elapsed_secs=49469, mean=0.602447, stdev=0.073944, best fit=0.681500, best_overall=0.681500, mean_diversity=0.215586,
indivs=14157047, elapsed_secs=49505, mean=0.613517, stdev=0.093180, best fit=0.681500, best_overall=0.681500, mean_diversity=0.191174,
indivs=14167092, elapsed_secs=49544, mean=0.614811, stdev=0.105225, best fit=0.681500, best_overall=0.681500, mean_diversity=0.139654,
indivs=14177151, elapsed_secs=49588, mean=0.606719, stdev=0.060183, best fit=0.681500, best_overall=0.681500, mean_diversity=0.135064,
indivs=14187181, elapsed_secs=49623, mean=0.622975, stdev=0.072641, best fit=0.681500, best_overall=0.681500, mean_diversity=0.175411,
indivs=14197209, elapsed_secs=49656, mean=0.631736, stdev=0.071729, best fit=0.681500, best_overall=0.681500, mean_diversity=0.153810,
indivs=14207298, elapsed_secs=49695, mean=0.594568, stdev=0.101091, best fit=0.681500, best_overall=0.681500, mean_diversity=0.179100,
indivs=14217382, elapsed_secs=49744, mean=0.613458, stdev=0.070686, best fit=0.681500, best_overall=0.681500, mean_diversity=0.117810,
indivs=14227416, elapsed_secs=49781, mean=0.612846, stdev=0.105017, best fit=0.681500, best_overall=0.681500, mean_diversity=0.312485,
indivs=14237512, elapsed_secs=49824, mean=0.604611, stdev=0.082660, best fit=0.681500, best_overall=0.681500, mean_diversity=0.150830,
indivs=14247554, elapsed_secs=49867, mean=0.592855, stdev=0.113064, best fit=0.681500, best_overall=0.681500, mean_diversity=0.236161,
indivs=14257582, elapsed_secs=49906, mean=0.617129, stdev=0.091760, best fit=0.681500, best_overall=0.681500, mean_diversity=0.124908,
indivs=14267606, elapsed_secs=49951, mean=0.643679, stdev=0.063823, best fit=0.681500, best_overall=0.681500, mean_diversity=0.173902,
indivs=14277749, elapsed_secs=49985, mean=0.603267, stdev=0.135023, best fit=0.681500, best_overall=0.681500, mean_diversity=0.162800,
Experiment done. Retrieving candidate algorithm.
Search fitness for candidate algorithm = 0.681500
Evaluating candidate algorithm from experiment (on T_select tasks)... 
Select fitness for candidate algorithm = 0.672400
Select fitness is the best so far. 

Final evaluation of best algorithm (on unseen tasks)...
Final evaluation fitness (on unseen data) = 0.658540
Algorithm found: 
def Setup():
  v1 = gaussian(0.56815, 0.376762, n_features)
  v8 = gaussian(0.437652, 0.726938, n_features)
  s4 = gaussian(0.0747188, 0.15187)
  s3 = uniform(-0.34486, -0.277586)
  v1 = gaussian(-0.475669, 0.689031, n_features)
def Predict():
  v6 = maximum(v8, v3)
  v8 = maximum(v6, v8)
  v6 = dot(m1, v3)
  v7 = maximum(v5, v6)
  s1 = s2 + s4
  s1 = dot(v2, v0)
  v5 = v5 + v5
  v7 = maximum(v7, v0)
  s1 = s1 + s4
def Learn():
  v3 = s0 * v0
  v8 = heaviside(v6, 1.0)
  s4 = s2 + s4
  s2 = s1 + s4
  v4 = v3 + v4
  v2 = v5 + v4
  m1 = outer(v2, v3)
  m0 = m0 + m0
  m0 = outer(v1, v5)
  v5 = v8 + v6
  m0 = m0 + m0
  s2 = s1 + s4
  m1 = m0 + m1
  s2 = s3 * s3

