Random seed = 694356798
/p/work/rditljtd/automl_zero/baseline_full.db3
evol_id:18599
SQLite Version: 3.4.0

Creating database for run.
/p/work/rditljtd/automl_zero/baseline_full.db3
Running evolution experiment (on the T_search tasks)...
indivs=200, elapsed_secs=0, mean=0.500000, stdev=0.000000, best fit=0.500000, best_overall=0.500000, mean_diversity=0.000000,
indivs=10303, elapsed_secs=14, mean=0.586061, stdev=0.065084, best fit=0.669000, best_overall=0.669000, mean_diversity=0.139689,
indivs=20350, elapsed_secs=32, mean=0.597627, stdev=0.132612, best fit=0.669600, best_overall=0.669600, mean_diversity=0.182328,
indivs=30472, elapsed_secs=46, mean=0.599732, stdev=0.089097, best fit=0.669600, best_overall=0.669600, mean_diversity=0.218238,
indivs=40542, elapsed_secs=65, mean=0.602872, stdev=0.052999, best fit=0.669600, best_overall=0.669600, mean_diversity=0.143518,
indivs=50706, elapsed_secs=90, mean=0.602093, stdev=0.128438, best fit=0.669600, best_overall=0.669600, mean_diversity=0.237486,
indivs=60730, elapsed_secs=110, mean=0.573141, stdev=0.145830, best fit=0.670300, best_overall=0.670300, mean_diversity=0.177143,
indivs=70815, elapsed_secs=125, mean=0.598133, stdev=0.156070, best fit=0.670500, best_overall=0.670500, mean_diversity=0.152312,
indivs=80882, elapsed_secs=138, mean=0.596752, stdev=0.138305, best fit=0.670500, best_overall=0.670500, mean_diversity=0.174433,
indivs=90932, elapsed_secs=155, mean=0.607344, stdev=0.124754, best fit=0.670500, best_overall=0.670500, mean_diversity=0.100897,
indivs=101044, elapsed_secs=170, mean=0.556276, stdev=0.217017, best fit=0.670600, best_overall=0.670600, mean_diversity=0.132249,
indivs=111142, elapsed_secs=186, mean=0.552475, stdev=0.182053, best fit=0.671800, best_overall=0.671800, mean_diversity=0.181773,
indivs=121265, elapsed_secs=202, mean=0.568882, stdev=0.173885, best fit=0.671800, best_overall=0.671800, mean_diversity=0.243953,
indivs=131273, elapsed_secs=218, mean=0.567871, stdev=0.127920, best fit=0.672000, best_overall=0.672000, mean_diversity=0.161921,
indivs=141315, elapsed_secs=241, mean=0.533570, stdev=0.182684, best fit=0.672100, best_overall=0.672100, mean_diversity=0.158312,
indivs=151362, elapsed_secs=266, mean=0.561709, stdev=0.217457, best fit=0.672100, best_overall=0.672100, mean_diversity=0.186410,
indivs=161476, elapsed_secs=286, mean=0.550041, stdev=0.174049, best fit=0.672100, best_overall=0.672100, mean_diversity=0.114739,
indivs=171480, elapsed_secs=309, mean=0.546434, stdev=0.161996, best fit=0.672100, best_overall=0.672100, mean_diversity=0.154737,
indivs=181598, elapsed_secs=330, mean=0.579343, stdev=0.180435, best fit=0.672100, best_overall=0.672100, mean_diversity=0.091899,
indivs=191635, elapsed_secs=351, mean=0.532013, stdev=0.234267, best fit=0.672100, best_overall=0.672100, mean_diversity=0.123039,
indivs=201663, elapsed_secs=369, mean=0.583485, stdev=0.131545, best fit=0.672100, best_overall=0.672100, mean_diversity=0.140121,
indivs=211773, elapsed_secs=390, mean=0.556207, stdev=0.179607, best fit=0.672100, best_overall=0.672100, mean_diversity=0.156853,
indivs=221849, elapsed_secs=409, mean=0.547995, stdev=0.189571, best fit=0.672100, best_overall=0.672100, mean_diversity=0.116701,
indivs=231929, elapsed_secs=431, mean=0.551014, stdev=0.169699, best fit=0.672100, best_overall=0.672100, mean_diversity=0.110973,
indivs=242019, elapsed_secs=448, mean=0.521938, stdev=0.227240, best fit=0.672100, best_overall=0.672100, mean_diversity=0.130038,
indivs=252091, elapsed_secs=468, mean=0.589344, stdev=0.173035, best fit=0.672100, best_overall=0.672100, mean_diversity=0.120468,
indivs=262113, elapsed_secs=492, mean=0.542608, stdev=0.156440, best fit=0.672100, best_overall=0.672100, mean_diversity=0.123522,
indivs=272234, elapsed_secs=512, mean=0.561957, stdev=0.196529, best fit=0.672100, best_overall=0.672100, mean_diversity=0.183486,
indivs=282279, elapsed_secs=534, mean=0.537100, stdev=0.201554, best fit=0.672100, best_overall=0.672100, mean_diversity=0.179397,
indivs=292332, elapsed_secs=554, mean=0.553166, stdev=0.183983, best fit=0.672100, best_overall=0.672100, mean_diversity=0.147175,
indivs=302360, elapsed_secs=577, mean=0.588022, stdev=0.174199, best fit=0.672100, best_overall=0.672100, mean_diversity=0.107925,
indivs=312378, elapsed_secs=597, mean=0.583916, stdev=0.167788, best fit=0.672100, best_overall=0.672100, mean_diversity=0.139139,
indivs=322460, elapsed_secs=616, mean=0.570652, stdev=0.179473, best fit=0.672100, best_overall=0.672100, mean_diversity=0.161176,
indivs=332539, elapsed_secs=637, mean=0.604740, stdev=0.095979, best fit=0.672100, best_overall=0.672100, mean_diversity=0.219109,
indivs=342701, elapsed_secs=659, mean=0.594315, stdev=0.145865, best fit=0.672100, best_overall=0.672100, mean_diversity=0.139877,
indivs=352800, elapsed_secs=679, mean=0.603770, stdev=0.163118, best fit=0.672100, best_overall=0.672100, mean_diversity=0.121176,
indivs=362821, elapsed_secs=704, mean=0.530187, stdev=0.178971, best fit=0.672100, best_overall=0.672100, mean_diversity=0.151333,
indivs=372847, elapsed_secs=726, mean=0.530453, stdev=0.233935, best fit=0.672100, best_overall=0.672100, mean_diversity=0.121318,
indivs=382971, elapsed_secs=748, mean=0.553422, stdev=0.203769, best fit=0.672100, best_overall=0.672100, mean_diversity=0.147957,
indivs=392994, elapsed_secs=770, mean=0.583697, stdev=0.137546, best fit=0.672100, best_overall=0.672100, mean_diversity=0.127676,
indivs=403128, elapsed_secs=791, mean=0.544111, stdev=0.217669, best fit=0.672100, best_overall=0.672100, mean_diversity=0.141088,
indivs=413146, elapsed_secs=809, mean=0.535968, stdev=0.174366, best fit=0.672100, best_overall=0.672100, mean_diversity=0.265087,
indivs=423215, elapsed_secs=828, mean=0.570675, stdev=0.201092, best fit=0.672100, best_overall=0.672100, mean_diversity=0.176000,
indivs=433282, elapsed_secs=851, mean=0.588584, stdev=0.149151, best fit=0.672100, best_overall=0.672100, mean_diversity=0.100775,
indivs=443435, elapsed_secs=881, mean=0.547779, stdev=0.212991, best fit=0.672100, best_overall=0.672100, mean_diversity=0.072355,
indivs=453512, elapsed_secs=903, mean=0.569801, stdev=0.191231, best fit=0.672100, best_overall=0.672100, mean_diversity=0.180205,
indivs=463605, elapsed_secs=928, mean=0.570932, stdev=0.145004, best fit=0.672100, best_overall=0.672100, mean_diversity=0.160240,
indivs=473760, elapsed_secs=952, mean=0.550895, stdev=0.229409, best fit=0.672100, best_overall=0.672100, mean_diversity=0.130991,
indivs=483850, elapsed_secs=972, mean=0.545771, stdev=0.168149, best fit=0.672100, best_overall=0.672100, mean_diversity=0.106007,
indivs=493891, elapsed_secs=993, mean=0.538395, stdev=0.171317, best fit=0.672100, best_overall=0.672100, mean_diversity=0.152980,
indivs=503938, elapsed_secs=1014, mean=0.547586, stdev=0.164327, best fit=0.672100, best_overall=0.672100, mean_diversity=0.144036,
indivs=514030, elapsed_secs=1037, mean=0.589677, stdev=0.128505, best fit=0.672100, best_overall=0.672100, mean_diversity=0.091515,
indivs=524110, elapsed_secs=1058, mean=0.564793, stdev=0.175662, best fit=0.672100, best_overall=0.672100, mean_diversity=0.097054,
indivs=534213, elapsed_secs=1079, mean=0.590515, stdev=0.165872, best fit=0.672100, best_overall=0.672100, mean_diversity=0.235187,
indivs=544220, elapsed_secs=1097, mean=0.602013, stdev=0.148421, best fit=0.672100, best_overall=0.672100, mean_diversity=0.153900,
indivs=554309, elapsed_secs=1118, mean=0.573829, stdev=0.145349, best fit=0.672100, best_overall=0.672100, mean_diversity=0.231531,
indivs=564447, elapsed_secs=1140, mean=0.586928, stdev=0.157238, best fit=0.672100, best_overall=0.672100, mean_diversity=0.209226,
indivs=574600, elapsed_secs=1163, mean=0.575757, stdev=0.191974, best fit=0.672100, best_overall=0.672100, mean_diversity=0.140088,
indivs=584615, elapsed_secs=1182, mean=0.569350, stdev=0.162210, best fit=0.672100, best_overall=0.672100, mean_diversity=0.117734,
indivs=594679, elapsed_secs=1204, mean=0.572252, stdev=0.177004, best fit=0.672100, best_overall=0.672100, mean_diversity=0.144158,
indivs=604822, elapsed_secs=1226, mean=0.571438, stdev=0.183556, best fit=0.672100, best_overall=0.672100, mean_diversity=0.125345,
indivs=614871, elapsed_secs=1245, mean=0.574553, stdev=0.180535, best fit=0.672100, best_overall=0.672100, mean_diversity=0.141845,
indivs=624934, elapsed_secs=1270, mean=0.606492, stdev=0.155477, best fit=0.672100, best_overall=0.672100, mean_diversity=0.105389,
indivs=634991, elapsed_secs=1288, mean=0.571098, stdev=0.199185, best fit=0.672200, best_overall=0.672200, mean_diversity=0.080377,
indivs=645029, elapsed_secs=1301, mean=0.531127, stdev=0.173902, best fit=0.672300, best_overall=0.672300, mean_diversity=0.142085,
indivs=655089, elapsed_secs=1317, mean=0.570786, stdev=0.215380, best fit=0.672400, best_overall=0.672400, mean_diversity=0.117580,
indivs=665168, elapsed_secs=1338, mean=0.549284, stdev=0.113300, best fit=0.672400, best_overall=0.672400, mean_diversity=0.134031,
indivs=675214, elapsed_secs=1362, mean=0.528591, stdev=0.128604, best fit=0.672400, best_overall=0.672400, mean_diversity=0.111768,
indivs=685316, elapsed_secs=1381, mean=0.503124, stdev=0.174700, best fit=0.672400, best_overall=0.672400, mean_diversity=0.124560,
indivs=695381, elapsed_secs=1404, mean=0.512989, stdev=0.148535, best fit=0.672400, best_overall=0.672400, mean_diversity=0.126982,
indivs=705532, elapsed_secs=1426, mean=0.571933, stdev=0.193166, best fit=0.672400, best_overall=0.672400, mean_diversity=0.070741,
indivs=715625, elapsed_secs=1446, mean=0.550576, stdev=0.218833, best fit=0.672400, best_overall=0.672400, mean_diversity=0.092725,
indivs=725772, elapsed_secs=1468, mean=0.580694, stdev=0.148618, best fit=0.672400, best_overall=0.672400, mean_diversity=0.173846,
indivs=735808, elapsed_secs=1489, mean=0.591098, stdev=0.167307, best fit=0.672400, best_overall=0.672400, mean_diversity=0.146423,
indivs=745903, elapsed_secs=1512, mean=0.550349, stdev=0.182784, best fit=0.672400, best_overall=0.672400, mean_diversity=0.191366,
indivs=756013, elapsed_secs=1531, mean=0.530731, stdev=0.192660, best fit=0.672400, best_overall=0.672400, mean_diversity=0.105409,
indivs=766067, elapsed_secs=1554, mean=0.590260, stdev=0.120562, best fit=0.672400, best_overall=0.672400, mean_diversity=0.131061,
indivs=776155, elapsed_secs=1576, mean=0.537117, stdev=0.141451, best fit=0.672400, best_overall=0.672400, mean_diversity=0.106316,
indivs=786213, elapsed_secs=1594, mean=0.556995, stdev=0.130524, best fit=0.672400, best_overall=0.672400, mean_diversity=0.133345,
indivs=796216, elapsed_secs=1612, mean=0.590935, stdev=0.174942, best fit=0.672400, best_overall=0.672400, mean_diversity=0.139184,
indivs=806375, elapsed_secs=1632, mean=0.606376, stdev=0.116781, best fit=0.672400, best_overall=0.672400, mean_diversity=0.084386,
indivs=816451, elapsed_secs=1651, mean=0.586022, stdev=0.178566, best fit=0.672400, best_overall=0.672400, mean_diversity=0.115211,
indivs=826614, elapsed_secs=1674, mean=0.550234, stdev=0.229694, best fit=0.672400, best_overall=0.672400, mean_diversity=0.130130,
indivs=836768, elapsed_secs=1695, mean=0.566390, stdev=0.191331, best fit=0.672400, best_overall=0.672400, mean_diversity=0.092414,
indivs=846769, elapsed_secs=1717, mean=0.564398, stdev=0.170732, best fit=0.672400, best_overall=0.672400, mean_diversity=0.090704,
indivs=856819, elapsed_secs=1743, mean=0.574811, stdev=0.179699, best fit=0.672400, best_overall=0.672400, mean_diversity=0.115292,
indivs=866849, elapsed_secs=1762, mean=0.580271, stdev=0.157595, best fit=0.672400, best_overall=0.672400, mean_diversity=0.138863,
indivs=876884, elapsed_secs=1784, mean=0.557070, stdev=0.216328, best fit=0.672400, best_overall=0.672400, mean_diversity=0.115204,
indivs=886928, elapsed_secs=1807, mean=0.540294, stdev=0.228946, best fit=0.672400, best_overall=0.672400, mean_diversity=0.067154,
indivs=896976, elapsed_secs=1829, mean=0.553134, stdev=0.178610, best fit=0.672400, best_overall=0.672400, mean_diversity=0.093132,
indivs=907054, elapsed_secs=1849, mean=0.604955, stdev=0.082690, best fit=0.672400, best_overall=0.672400, mean_diversity=0.106476,
indivs=917156, elapsed_secs=1868, mean=0.579794, stdev=0.152248, best fit=0.672400, best_overall=0.672400, mean_diversity=0.095692,
indivs=927239, elapsed_secs=1891, mean=0.561852, stdev=0.194244, best fit=0.672400, best_overall=0.672400, mean_diversity=0.109401,
indivs=937254, elapsed_secs=1910, mean=0.533293, stdev=0.142800, best fit=0.672400, best_overall=0.672400, mean_diversity=0.075673,
indivs=947361, elapsed_secs=1932, mean=0.534209, stdev=0.213524, best fit=0.672400, best_overall=0.672400, mean_diversity=0.166630,
indivs=957425, elapsed_secs=1950, mean=0.544437, stdev=0.160978, best fit=0.672400, best_overall=0.672400, mean_diversity=0.116474,
indivs=967512, elapsed_secs=1975, mean=0.579596, stdev=0.165699, best fit=0.672400, best_overall=0.672400, mean_diversity=0.113738,
indivs=977527, elapsed_secs=1995, mean=0.562156, stdev=0.203998, best fit=0.672400, best_overall=0.672400, mean_diversity=0.105017,
indivs=987598, elapsed_secs=2016, mean=0.559744, stdev=0.201326, best fit=0.672400, best_overall=0.672400, mean_diversity=0.138597,
indivs=997746, elapsed_secs=2034, mean=0.557379, stdev=0.193978, best fit=0.672400, best_overall=0.672400, mean_diversity=0.105697,
indivs=1007842, elapsed_secs=2055, mean=0.532394, stdev=0.193582, best fit=0.672400, best_overall=0.672400, mean_diversity=0.158263,
indivs=1017920, elapsed_secs=2077, mean=0.566336, stdev=0.173114, best fit=0.672400, best_overall=0.672400, mean_diversity=0.113688,
indivs=1027962, elapsed_secs=2096, mean=0.573790, stdev=0.197038, best fit=0.672400, best_overall=0.672400, mean_diversity=0.119296,
indivs=1037977, elapsed_secs=2117, mean=0.592477, stdev=0.114353, best fit=0.672400, best_overall=0.672400, mean_diversity=0.116538,
indivs=1048026, elapsed_secs=2138, mean=0.542798, stdev=0.229635, best fit=0.672400, best_overall=0.672400, mean_diversity=0.105610,
indivs=1058137, elapsed_secs=2163, mean=0.559214, stdev=0.181896, best fit=0.672400, best_overall=0.672400, mean_diversity=0.096131,
indivs=1068291, elapsed_secs=2185, mean=0.568674, stdev=0.194977, best fit=0.672400, best_overall=0.672400, mean_diversity=0.111786,
indivs=1078399, elapsed_secs=2208, mean=0.532838, stdev=0.217541, best fit=0.672400, best_overall=0.672400, mean_diversity=0.089819,
indivs=1088412, elapsed_secs=2229, mean=0.554119, stdev=0.230471, best fit=0.672400, best_overall=0.672400, mean_diversity=0.110000,
indivs=1098464, elapsed_secs=2247, mean=0.523626, stdev=0.182540, best fit=0.672400, best_overall=0.672400, mean_diversity=0.128346,
indivs=1108607, elapsed_secs=2270, mean=0.560999, stdev=0.186372, best fit=0.672400, best_overall=0.672400, mean_diversity=0.103500,
indivs=1118688, elapsed_secs=2290, mean=0.513850, stdev=0.163168, best fit=0.672400, best_overall=0.672400, mean_diversity=0.108940,
indivs=1128785, elapsed_secs=2310, mean=0.570772, stdev=0.201629, best fit=0.672400, best_overall=0.672400, mean_diversity=0.142535,
indivs=1138794, elapsed_secs=2331, mean=0.557942, stdev=0.175694, best fit=0.672400, best_overall=0.672400, mean_diversity=0.148597,
indivs=1148831, elapsed_secs=2354, mean=0.472980, stdev=0.200521, best fit=0.672400, best_overall=0.672400, mean_diversity=0.096625,
indivs=1158870, elapsed_secs=2373, mean=0.529909, stdev=0.184694, best fit=0.672400, best_overall=0.672400, mean_diversity=0.170725,
indivs=1168884, elapsed_secs=2398, mean=0.546233, stdev=0.161391, best fit=0.672400, best_overall=0.672400, mean_diversity=0.092403,
indivs=1178996, elapsed_secs=2417, mean=0.596787, stdev=0.142136, best fit=0.672400, best_overall=0.672400, mean_diversity=0.119558,
indivs=1189007, elapsed_secs=2444, mean=0.513603, stdev=0.148282, best fit=0.672400, best_overall=0.672400, mean_diversity=0.096710,
indivs=1199108, elapsed_secs=2465, mean=0.501124, stdev=0.188228, best fit=0.672400, best_overall=0.672400, mean_diversity=0.146222,
indivs=1209277, elapsed_secs=2483, mean=0.587489, stdev=0.175141, best fit=0.672400, best_overall=0.672400, mean_diversity=0.110333,
indivs=1219372, elapsed_secs=2503, mean=0.524380, stdev=0.161237, best fit=0.672400, best_overall=0.672400, mean_diversity=0.149007,
indivs=1229385, elapsed_secs=2524, mean=0.451133, stdev=0.218433, best fit=0.672400, best_overall=0.672400, mean_diversity=0.118545,
indivs=1239393, elapsed_secs=2544, mean=0.549466, stdev=0.197045, best fit=0.672400, best_overall=0.672400, mean_diversity=0.123866,
indivs=1249498, elapsed_secs=2565, mean=0.502282, stdev=0.164487, best fit=0.672400, best_overall=0.672400, mean_diversity=0.171071,
indivs=1259618, elapsed_secs=2592, mean=0.525923, stdev=0.221860, best fit=0.672400, best_overall=0.672400, mean_diversity=0.185072,
indivs=1269629, elapsed_secs=2613, mean=0.567499, stdev=0.133903, best fit=0.672400, best_overall=0.672400, mean_diversity=0.109868,
indivs=1279694, elapsed_secs=2633, mean=0.549353, stdev=0.229795, best fit=0.672400, best_overall=0.672400, mean_diversity=0.255902,
indivs=1289809, elapsed_secs=2654, mean=0.526332, stdev=0.153499, best fit=0.672400, best_overall=0.672400, mean_diversity=0.110341,
indivs=1299896, elapsed_secs=2676, mean=0.550658, stdev=0.149299, best fit=0.672400, best_overall=0.672400, mean_diversity=0.103746,
indivs=1310052, elapsed_secs=2697, mean=0.578727, stdev=0.192444, best fit=0.672400, best_overall=0.672400, mean_diversity=0.161164,
indivs=1320136, elapsed_secs=2720, mean=0.492722, stdev=0.188296, best fit=0.672400, best_overall=0.672400, mean_diversity=0.130941,
indivs=1330171, elapsed_secs=2745, mean=0.481637, stdev=0.201364, best fit=0.672400, best_overall=0.672400, mean_diversity=0.118320,
indivs=1340265, elapsed_secs=2767, mean=0.551627, stdev=0.184173, best fit=0.672400, best_overall=0.672400, mean_diversity=0.213174,
indivs=1350371, elapsed_secs=2791, mean=0.575702, stdev=0.182644, best fit=0.672400, best_overall=0.672400, mean_diversity=0.151429,
indivs=1360381, elapsed_secs=2812, mean=0.584046, stdev=0.178436, best fit=0.672400, best_overall=0.672400, mean_diversity=0.075672,
indivs=1370420, elapsed_secs=2834, mean=0.563136, stdev=0.144809, best fit=0.672400, best_overall=0.672400, mean_diversity=0.149596,
indivs=1380468, elapsed_secs=2853, mean=0.582539, stdev=0.163867, best fit=0.672400, best_overall=0.672400, mean_diversity=0.120952,
indivs=1390618, elapsed_secs=2873, mean=0.601422, stdev=0.123383, best fit=0.672400, best_overall=0.672400, mean_diversity=0.102355,
indivs=1400634, elapsed_secs=2893, mean=0.500819, stdev=0.204332, best fit=0.672400, best_overall=0.672400, mean_diversity=0.078741,
indivs=1410664, elapsed_secs=2916, mean=0.560407, stdev=0.205334, best fit=0.672400, best_overall=0.672400, mean_diversity=0.092012,
indivs=1420679, elapsed_secs=2938, mean=0.530847, stdev=0.158914, best fit=0.672400, best_overall=0.672400, mean_diversity=0.104960,
indivs=1430770, elapsed_secs=2957, mean=0.544608, stdev=0.189063, best fit=0.672400, best_overall=0.672400, mean_diversity=0.136989,
indivs=1440928, elapsed_secs=2980, mean=0.520995, stdev=0.234927, best fit=0.672400, best_overall=0.672400, mean_diversity=0.085840,
indivs=1450991, elapsed_secs=3001, mean=0.596625, stdev=0.136540, best fit=0.672400, best_overall=0.672400, mean_diversity=0.078952,
indivs=1461021, elapsed_secs=3021, mean=0.561703, stdev=0.194542, best fit=0.672400, best_overall=0.672400, mean_diversity=0.124412,
indivs=1471044, elapsed_secs=3042, mean=0.497565, stdev=0.174166, best fit=0.672400, best_overall=0.672400, mean_diversity=0.112905,
indivs=1481105, elapsed_secs=3060, mean=0.549541, stdev=0.210620, best fit=0.672400, best_overall=0.672400, mean_diversity=0.121503,
indivs=1491108, elapsed_secs=3082, mean=0.552207, stdev=0.216067, best fit=0.672400, best_overall=0.672400, mean_diversity=0.111473,
indivs=1501205, elapsed_secs=3104, mean=0.578349, stdev=0.185587, best fit=0.672400, best_overall=0.672400, mean_diversity=0.126550,
indivs=1511262, elapsed_secs=3125, mean=0.591553, stdev=0.164875, best fit=0.672400, best_overall=0.672400, mean_diversity=0.124574,
indivs=1521403, elapsed_secs=3147, mean=0.541645, stdev=0.204128, best fit=0.672400, best_overall=0.672400, mean_diversity=0.145244,
indivs=1531535, elapsed_secs=3171, mean=0.580749, stdev=0.181966, best fit=0.672400, best_overall=0.672400, mean_diversity=0.127580,
indivs=1541571, elapsed_secs=3191, mean=0.523490, stdev=0.184915, best fit=0.672400, best_overall=0.672400, mean_diversity=0.092972,
indivs=1551643, elapsed_secs=3214, mean=0.548477, stdev=0.215825, best fit=0.672400, best_overall=0.672400, mean_diversity=0.076493,
indivs=1561769, elapsed_secs=3235, mean=0.545742, stdev=0.187247, best fit=0.672400, best_overall=0.672400, mean_diversity=0.144938,
indivs=1571821, elapsed_secs=3256, mean=0.553115, stdev=0.188699, best fit=0.672400, best_overall=0.672400, mean_diversity=0.095520,
indivs=1581868, elapsed_secs=3278, mean=0.539807, stdev=0.183629, best fit=0.672400, best_overall=0.672400, mean_diversity=0.153196,
indivs=1591987, elapsed_secs=3298, mean=0.581998, stdev=0.168554, best fit=0.672400, best_overall=0.672400, mean_diversity=0.090714,
indivs=1602125, elapsed_secs=3319, mean=0.575902, stdev=0.163577, best fit=0.672400, best_overall=0.672400, mean_diversity=0.132889,
indivs=1612125, elapsed_secs=3339, mean=0.510644, stdev=0.183835, best fit=0.672400, best_overall=0.672400, mean_diversity=0.265912,
indivs=1622234, elapsed_secs=3359, mean=0.573671, stdev=0.193951, best fit=0.672400, best_overall=0.672400, mean_diversity=0.081250,
indivs=1632289, elapsed_secs=3381, mean=0.550529, stdev=0.178115, best fit=0.672400, best_overall=0.672400, mean_diversity=0.128671,
indivs=1642379, elapsed_secs=3402, mean=0.560876, stdev=0.143361, best fit=0.672400, best_overall=0.672400, mean_diversity=0.095420,
indivs=1652490, elapsed_secs=3425, mean=0.567408, stdev=0.187890, best fit=0.672400, best_overall=0.672400, mean_diversity=0.110632,
indivs=1662513, elapsed_secs=3446, mean=0.574819, stdev=0.183034, best fit=0.672400, best_overall=0.672400, mean_diversity=0.115071,
indivs=1672667, elapsed_secs=3466, mean=0.603669, stdev=0.150457, best fit=0.672400, best_overall=0.672400, mean_diversity=0.096211,
indivs=1682669, elapsed_secs=3487, mean=0.616994, stdev=0.133576, best fit=0.672400, best_overall=0.672400, mean_diversity=0.073457,
indivs=1692792, elapsed_secs=3506, mean=0.593553, stdev=0.167906, best fit=0.672400, best_overall=0.672400, mean_diversity=0.087021,
indivs=1702830, elapsed_secs=3525, mean=0.550321, stdev=0.159111, best fit=0.672400, best_overall=0.672400, mean_diversity=0.078195,
indivs=1712889, elapsed_secs=3546, mean=0.478104, stdev=0.194729, best fit=0.672400, best_overall=0.672400, mean_diversity=0.131983,
indivs=1722901, elapsed_secs=3569, mean=0.552120, stdev=0.207625, best fit=0.672400, best_overall=0.672400, mean_diversity=0.104091,
indivs=1733035, elapsed_secs=3589, mean=0.581945, stdev=0.145962, best fit=0.672400, best_overall=0.672400, mean_diversity=0.094157,
indivs=1743049, elapsed_secs=3608, mean=0.557091, stdev=0.217034, best fit=0.672400, best_overall=0.672400, mean_diversity=0.084423,
indivs=1753092, elapsed_secs=3627, mean=0.547858, stdev=0.208110, best fit=0.672400, best_overall=0.672400, mean_diversity=0.199409,
indivs=1763131, elapsed_secs=3647, mean=0.597477, stdev=0.163407, best fit=0.672400, best_overall=0.672400, mean_diversity=0.069970,
indivs=1773211, elapsed_secs=3668, mean=0.619375, stdev=0.121040, best fit=0.672400, best_overall=0.672400, mean_diversity=0.140717,
indivs=1783308, elapsed_secs=3692, mean=0.556342, stdev=0.172907, best fit=0.672400, best_overall=0.672400, mean_diversity=0.176729,
indivs=1793386, elapsed_secs=3716, mean=0.564976, stdev=0.190549, best fit=0.672400, best_overall=0.672400, mean_diversity=0.108557,
indivs=1803408, elapsed_secs=3738, mean=0.567447, stdev=0.208535, best fit=0.672400, best_overall=0.672400, mean_diversity=0.183402,
indivs=1813433, elapsed_secs=3760, mean=0.504137, stdev=0.196491, best fit=0.672400, best_overall=0.672400, mean_diversity=0.158189,
indivs=1823469, elapsed_secs=3782, mean=0.612249, stdev=0.136838, best fit=0.672400, best_overall=0.672400, mean_diversity=0.160845,
indivs=1833611, elapsed_secs=3806, mean=0.601287, stdev=0.177741, best fit=0.672400, best_overall=0.672400, mean_diversity=0.095132,
indivs=1843658, elapsed_secs=3827, mean=0.557129, stdev=0.155966, best fit=0.672400, best_overall=0.672400, mean_diversity=0.096143,
indivs=1853744, elapsed_secs=3848, mean=0.536866, stdev=0.203690, best fit=0.672400, best_overall=0.672400, mean_diversity=0.094558,
indivs=1863818, elapsed_secs=3867, mean=0.551651, stdev=0.175052, best fit=0.672400, best_overall=0.672400, mean_diversity=0.171094,
indivs=1873851, elapsed_secs=3889, mean=0.570988, stdev=0.165941, best fit=0.672400, best_overall=0.672400, mean_diversity=0.092702,
indivs=1883947, elapsed_secs=3915, mean=0.576057, stdev=0.189878, best fit=0.672400, best_overall=0.672400, mean_diversity=0.098912,
indivs=1894014, elapsed_secs=3937, mean=0.516967, stdev=0.181938, best fit=0.672400, best_overall=0.672400, mean_diversity=0.136405,
indivs=1904040, elapsed_secs=3957, mean=0.551063, stdev=0.173519, best fit=0.672400, best_overall=0.672400, mean_diversity=0.102944,
indivs=1914155, elapsed_secs=3979, mean=0.528414, stdev=0.157764, best fit=0.672400, best_overall=0.672400, mean_diversity=0.117182,
indivs=1924273, elapsed_secs=4001, mean=0.587553, stdev=0.151794, best fit=0.672400, best_overall=0.672400, mean_diversity=0.238947,
indivs=1934309, elapsed_secs=4020, mean=0.541822, stdev=0.193950, best fit=0.672400, best_overall=0.672400, mean_diversity=0.093431,
indivs=1944414, elapsed_secs=4041, mean=0.576852, stdev=0.148275, best fit=0.672400, best_overall=0.672400, mean_diversity=0.109368,
indivs=1954556, elapsed_secs=4063, mean=0.567361, stdev=0.203218, best fit=0.672400, best_overall=0.672400, mean_diversity=0.246748,
indivs=1964636, elapsed_secs=4083, mean=0.552229, stdev=0.205967, best fit=0.672400, best_overall=0.672400, mean_diversity=0.129268,
indivs=1974685, elapsed_secs=4105, mean=0.573080, stdev=0.186297, best fit=0.672400, best_overall=0.672400, mean_diversity=0.088293,
indivs=1984793, elapsed_secs=4125, mean=0.543119, stdev=0.159145, best fit=0.672400, best_overall=0.672400, mean_diversity=0.101213,
indivs=1994875, elapsed_secs=4145, mean=0.545181, stdev=0.137416, best fit=0.672400, best_overall=0.672400, mean_diversity=0.120421,
indivs=2005024, elapsed_secs=4166, mean=0.567372, stdev=0.194272, best fit=0.672400, best_overall=0.672400, mean_diversity=0.163102,
indivs=2015065, elapsed_secs=4184, mean=0.543658, stdev=0.216639, best fit=0.672400, best_overall=0.672400, mean_diversity=0.107098,
indivs=2025226, elapsed_secs=4210, mean=0.576432, stdev=0.172200, best fit=0.672400, best_overall=0.672400, mean_diversity=0.100391,
indivs=2035279, elapsed_secs=4231, mean=0.571784, stdev=0.138238, best fit=0.672400, best_overall=0.672400, mean_diversity=0.126966,
indivs=2045295, elapsed_secs=4251, mean=0.560941, stdev=0.198686, best fit=0.672400, best_overall=0.672400, mean_diversity=0.084510,
indivs=2055388, elapsed_secs=4271, mean=0.548957, stdev=0.156409, best fit=0.672400, best_overall=0.672400, mean_diversity=0.102234,
indivs=2065433, elapsed_secs=4295, mean=0.558863, stdev=0.208310, best fit=0.672400, best_overall=0.672400, mean_diversity=0.115496,
indivs=2075559, elapsed_secs=4317, mean=0.555966, stdev=0.190807, best fit=0.672400, best_overall=0.672400, mean_diversity=0.110047,
indivs=2085598, elapsed_secs=4339, mean=0.568104, stdev=0.203607, best fit=0.672400, best_overall=0.672400, mean_diversity=0.121866,
indivs=2095648, elapsed_secs=4361, mean=0.559648, stdev=0.202805, best fit=0.672400, best_overall=0.672400, mean_diversity=0.072347,
indivs=2105695, elapsed_secs=4383, mean=0.610843, stdev=0.142455, best fit=0.672400, best_overall=0.672400, mean_diversity=0.097956,
indivs=2115779, elapsed_secs=4401, mean=0.546279, stdev=0.160283, best fit=0.672400, best_overall=0.672400, mean_diversity=0.120630,
indivs=2125837, elapsed_secs=4429, mean=0.589829, stdev=0.176814, best fit=0.672400, best_overall=0.672400, mean_diversity=0.094876,
indivs=2135976, elapsed_secs=4449, mean=0.587982, stdev=0.178029, best fit=0.672400, best_overall=0.672400, mean_diversity=0.155017,
indivs=2146011, elapsed_secs=4471, mean=0.546374, stdev=0.139396, best fit=0.672400, best_overall=0.672400, mean_diversity=0.097032,
indivs=2156043, elapsed_secs=4494, mean=0.560095, stdev=0.153934, best fit=0.672400, best_overall=0.672400, mean_diversity=0.127799,
indivs=2166090, elapsed_secs=4516, mean=0.520968, stdev=0.173844, best fit=0.672400, best_overall=0.672400, mean_diversity=0.105550,
indivs=2176148, elapsed_secs=4538, mean=0.575552, stdev=0.178289, best fit=0.672400, best_overall=0.672400, mean_diversity=0.101014,
indivs=2186209, elapsed_secs=4563, mean=0.543021, stdev=0.164692, best fit=0.672400, best_overall=0.672400, mean_diversity=0.085643,
indivs=2196223, elapsed_secs=4584, mean=0.512934, stdev=0.168853, best fit=0.672400, best_overall=0.672400, mean_diversity=0.087651,
indivs=2206241, elapsed_secs=4604, mean=0.549363, stdev=0.197100, best fit=0.672400, best_overall=0.672400, mean_diversity=0.106553,
indivs=2216285, elapsed_secs=4627, mean=0.584504, stdev=0.192098, best fit=0.672400, best_overall=0.672400, mean_diversity=0.081295,
indivs=2226434, elapsed_secs=4649, mean=0.560137, stdev=0.207161, best fit=0.672400, best_overall=0.672400, mean_diversity=0.100307,
indivs=2236549, elapsed_secs=4669, mean=0.550046, stdev=0.152751, best fit=0.672400, best_overall=0.672400, mean_diversity=0.064618,
indivs=2246563, elapsed_secs=4692, mean=0.530632, stdev=0.162152, best fit=0.672400, best_overall=0.672400, mean_diversity=0.094325,
indivs=2256698, elapsed_secs=4711, mean=0.577796, stdev=0.153680, best fit=0.672400, best_overall=0.672400, mean_diversity=0.076656,
indivs=2266708, elapsed_secs=4731, mean=0.508582, stdev=0.170636, best fit=0.672400, best_overall=0.672400, mean_diversity=0.071913,
indivs=2276866, elapsed_secs=4751, mean=0.593246, stdev=0.162808, best fit=0.672400, best_overall=0.672400, mean_diversity=0.100997,
indivs=2286882, elapsed_secs=4772, mean=0.555976, stdev=0.176452, best fit=0.672400, best_overall=0.672400, mean_diversity=0.139129,
indivs=2296949, elapsed_secs=4795, mean=0.512571, stdev=0.175560, best fit=0.672400, best_overall=0.672400, mean_diversity=0.149162,
indivs=2306998, elapsed_secs=4817, mean=0.538083, stdev=0.136001, best fit=0.672400, best_overall=0.672400, mean_diversity=0.127447,
indivs=2317078, elapsed_secs=4838, mean=0.580830, stdev=0.171407, best fit=0.672400, best_overall=0.672400, mean_diversity=0.138512,
indivs=2327143, elapsed_secs=4862, mean=0.488856, stdev=0.209080, best fit=0.672400, best_overall=0.672400, mean_diversity=0.073007,
indivs=2337206, elapsed_secs=4885, mean=0.548917, stdev=0.161700, best fit=0.672400, best_overall=0.672400, mean_diversity=0.129890,
indivs=2347264, elapsed_secs=4906, mean=0.531866, stdev=0.196130, best fit=0.672400, best_overall=0.672400, mean_diversity=0.131050,
indivs=2357297, elapsed_secs=4924, mean=0.509613, stdev=0.215519, best fit=0.672400, best_overall=0.672400, mean_diversity=0.110729,
indivs=2367453, elapsed_secs=4943, mean=0.534839, stdev=0.234002, best fit=0.672400, best_overall=0.672400, mean_diversity=0.119602,
indivs=2377541, elapsed_secs=4964, mean=0.558070, stdev=0.203935, best fit=0.672400, best_overall=0.672400, mean_diversity=0.132595,
indivs=2387613, elapsed_secs=4985, mean=0.587124, stdev=0.169299, best fit=0.672400, best_overall=0.672400, mean_diversity=0.094280,
indivs=2397623, elapsed_secs=5004, mean=0.482394, stdev=0.235961, best fit=0.672400, best_overall=0.672400, mean_diversity=0.099631,
indivs=2407655, elapsed_secs=5023, mean=0.489569, stdev=0.179752, best fit=0.672400, best_overall=0.672400, mean_diversity=0.157050,
indivs=2417756, elapsed_secs=5045, mean=0.544941, stdev=0.126493, best fit=0.672400, best_overall=0.672400, mean_diversity=0.138482,
indivs=2427927, elapsed_secs=5063, mean=0.601653, stdev=0.162978, best fit=0.672400, best_overall=0.672400, mean_diversity=0.169760,
indivs=2438095, elapsed_secs=5085, mean=0.589173, stdev=0.157213, best fit=0.672400, best_overall=0.672400, mean_diversity=0.094344,
indivs=2448149, elapsed_secs=5104, mean=0.594276, stdev=0.169934, best fit=0.672400, best_overall=0.672400, mean_diversity=0.103994,
indivs=2458242, elapsed_secs=5124, mean=0.519268, stdev=0.185715, best fit=0.672400, best_overall=0.672400, mean_diversity=0.124042,
indivs=2468292, elapsed_secs=5143, mean=0.567130, stdev=0.162943, best fit=0.672400, best_overall=0.672400, mean_diversity=0.095263,
indivs=2478395, elapsed_secs=5162, mean=0.573250, stdev=0.149630, best fit=0.672400, best_overall=0.672400, mean_diversity=0.109630,
indivs=2488505, elapsed_secs=5182, mean=0.571441, stdev=0.186163, best fit=0.672400, best_overall=0.672400, mean_diversity=0.096351,
indivs=2498606, elapsed_secs=5204, mean=0.530657, stdev=0.130317, best fit=0.672400, best_overall=0.672400, mean_diversity=0.166034,
indivs=2508715, elapsed_secs=5225, mean=0.525929, stdev=0.164650, best fit=0.672400, best_overall=0.672400, mean_diversity=0.143133,
indivs=2518733, elapsed_secs=5245, mean=0.541805, stdev=0.153236, best fit=0.672400, best_overall=0.672400, mean_diversity=0.090214,
indivs=2528771, elapsed_secs=5264, mean=0.530974, stdev=0.117901, best fit=0.672400, best_overall=0.672400, mean_diversity=0.101632,
indivs=2538822, elapsed_secs=5288, mean=0.512583, stdev=0.153170, best fit=0.672400, best_overall=0.672400, mean_diversity=0.091211,
indivs=2548905, elapsed_secs=5311, mean=0.521090, stdev=0.180237, best fit=0.672400, best_overall=0.672400, mean_diversity=0.135033,
indivs=2559005, elapsed_secs=5331, mean=0.526173, stdev=0.198293, best fit=0.672400, best_overall=0.672400, mean_diversity=0.102462,
indivs=2569170, elapsed_secs=5355, mean=0.617755, stdev=0.110536, best fit=0.672400, best_overall=0.672400, mean_diversity=0.107619,
indivs=2579247, elapsed_secs=5375, mean=0.518024, stdev=0.165602, best fit=0.672400, best_overall=0.672400, mean_diversity=0.141141,
indivs=2589355, elapsed_secs=5400, mean=0.556189, stdev=0.133002, best fit=0.672400, best_overall=0.672400, mean_diversity=0.082398,
indivs=2599404, elapsed_secs=5419, mean=0.566229, stdev=0.188149, best fit=0.672400, best_overall=0.672400, mean_diversity=0.070802,
indivs=2609457, elapsed_secs=5441, mean=0.526203, stdev=0.182324, best fit=0.672400, best_overall=0.672400, mean_diversity=0.116376,
indivs=2619614, elapsed_secs=5463, mean=0.549180, stdev=0.230306, best fit=0.672400, best_overall=0.672400, mean_diversity=0.081591,
indivs=2629689, elapsed_secs=5482, mean=0.540132, stdev=0.168152, best fit=0.672400, best_overall=0.672400, mean_diversity=0.082968,
indivs=2639754, elapsed_secs=5501, mean=0.572364, stdev=0.162429, best fit=0.672400, best_overall=0.672400, mean_diversity=0.101695,
indivs=2649816, elapsed_secs=5523, mean=0.557250, stdev=0.205668, best fit=0.672400, best_overall=0.672400, mean_diversity=0.101851,
indivs=2659871, elapsed_secs=5545, mean=0.573491, stdev=0.172845, best fit=0.672400, best_overall=0.672400, mean_diversity=0.095607,
indivs=2670028, elapsed_secs=5565, mean=0.584867, stdev=0.167119, best fit=0.672400, best_overall=0.672400, mean_diversity=0.151851,
indivs=2680030, elapsed_secs=5591, mean=0.551739, stdev=0.214693, best fit=0.672400, best_overall=0.672400, mean_diversity=0.093675,
indivs=2690203, elapsed_secs=5610, mean=0.562550, stdev=0.200894, best fit=0.672400, best_overall=0.672400, mean_diversity=0.188462,
indivs=2700326, elapsed_secs=5631, mean=0.526226, stdev=0.180214, best fit=0.672400, best_overall=0.672400, mean_diversity=0.165714,
indivs=2710458, elapsed_secs=5652, mean=0.519564, stdev=0.223936, best fit=0.672400, best_overall=0.672400, mean_diversity=0.133591,
indivs=2720463, elapsed_secs=5673, mean=0.550613, stdev=0.181148, best fit=0.672400, best_overall=0.672400, mean_diversity=0.086140,
indivs=2730517, elapsed_secs=5693, mean=0.558435, stdev=0.214477, best fit=0.672400, best_overall=0.672400, mean_diversity=0.101863,
indivs=2740674, elapsed_secs=5713, mean=0.572593, stdev=0.190483, best fit=0.672400, best_overall=0.672400, mean_diversity=0.128248,
indivs=2750677, elapsed_secs=5732, mean=0.562465, stdev=0.200309, best fit=0.672400, best_overall=0.672400, mean_diversity=0.130600,
indivs=2760700, elapsed_secs=5754, mean=0.523587, stdev=0.186465, best fit=0.672400, best_overall=0.672400, mean_diversity=0.088553,
indivs=2770721, elapsed_secs=5775, mean=0.508557, stdev=0.193569, best fit=0.672400, best_overall=0.672400, mean_diversity=0.106419,
indivs=2780809, elapsed_secs=5796, mean=0.584735, stdev=0.133378, best fit=0.672400, best_overall=0.672400, mean_diversity=0.114276,
indivs=2790909, elapsed_secs=5817, mean=0.591061, stdev=0.159189, best fit=0.672400, best_overall=0.672400, mean_diversity=0.160000,
indivs=2801005, elapsed_secs=5838, mean=0.590250, stdev=0.171765, best fit=0.672400, best_overall=0.672400, mean_diversity=0.091373,
indivs=2811049, elapsed_secs=5860, mean=0.533852, stdev=0.149601, best fit=0.672400, best_overall=0.672400, mean_diversity=0.103519,
indivs=2821120, elapsed_secs=5877, mean=0.568430, stdev=0.161800, best fit=0.672400, best_overall=0.672400, mean_diversity=0.112356,
indivs=2831226, elapsed_secs=5904, mean=0.513378, stdev=0.209671, best fit=0.672400, best_overall=0.672400, mean_diversity=0.149011,
indivs=2841237, elapsed_secs=5926, mean=0.552009, stdev=0.216020, best fit=0.672400, best_overall=0.672400, mean_diversity=0.090444,
indivs=2851314, elapsed_secs=5948, mean=0.577502, stdev=0.175768, best fit=0.672400, best_overall=0.672400, mean_diversity=0.112489,
indivs=2861348, elapsed_secs=5967, mean=0.536170, stdev=0.185401, best fit=0.672400, best_overall=0.672400, mean_diversity=0.206682,
indivs=2871447, elapsed_secs=5988, mean=0.508502, stdev=0.215025, best fit=0.672400, best_overall=0.672400, mean_diversity=0.066007,
indivs=2881485, elapsed_secs=6008, mean=0.528436, stdev=0.166798, best fit=0.672400, best_overall=0.672400, mean_diversity=0.094126,
indivs=2891526, elapsed_secs=6028, mean=0.590451, stdev=0.164541, best fit=0.672400, best_overall=0.672400, mean_diversity=0.139457,
indivs=2901679, elapsed_secs=6049, mean=0.558709, stdev=0.202200, best fit=0.672400, best_overall=0.672400, mean_diversity=0.184074,
indivs=2911701, elapsed_secs=6069, mean=0.584637, stdev=0.186152, best fit=0.672400, best_overall=0.672400, mean_diversity=0.101308,
indivs=2921747, elapsed_secs=6099, mean=0.554242, stdev=0.172807, best fit=0.672400, best_overall=0.672400, mean_diversity=0.234903,
indivs=2931857, elapsed_secs=6121, mean=0.554665, stdev=0.174014, best fit=0.672400, best_overall=0.672400, mean_diversity=0.110489,
indivs=2941908, elapsed_secs=6141, mean=0.573056, stdev=0.164010, best fit=0.672400, best_overall=0.672400, mean_diversity=0.129350,
indivs=2951946, elapsed_secs=6160, mean=0.556547, stdev=0.200609, best fit=0.672400, best_overall=0.672400, mean_diversity=0.097462,
indivs=2961968, elapsed_secs=6182, mean=0.542120, stdev=0.207370, best fit=0.672400, best_overall=0.672400, mean_diversity=0.086301,
indivs=2972008, elapsed_secs=6203, mean=0.493076, stdev=0.178242, best fit=0.672400, best_overall=0.672400, mean_diversity=0.076029,
indivs=2982108, elapsed_secs=6224, mean=0.577908, stdev=0.158467, best fit=0.672400, best_overall=0.672400, mean_diversity=0.102390,
indivs=2992216, elapsed_secs=6244, mean=0.525773, stdev=0.183274, best fit=0.672400, best_overall=0.672400, mean_diversity=0.107708,
indivs=3002374, elapsed_secs=6265, mean=0.537788, stdev=0.225444, best fit=0.672400, best_overall=0.672400, mean_diversity=0.120909,
indivs=3012454, elapsed_secs=6285, mean=0.516889, stdev=0.163300, best fit=0.672400, best_overall=0.672400, mean_diversity=0.118697,
indivs=3022507, elapsed_secs=6306, mean=0.544207, stdev=0.163848, best fit=0.672400, best_overall=0.672400, mean_diversity=0.086890,
indivs=3032545, elapsed_secs=6326, mean=0.590278, stdev=0.170069, best fit=0.672400, best_overall=0.672400, mean_diversity=0.167368,
indivs=3042689, elapsed_secs=6348, mean=0.555285, stdev=0.185710, best fit=0.672400, best_overall=0.672400, mean_diversity=0.100029,
indivs=3052750, elapsed_secs=6367, mean=0.583953, stdev=0.179532, best fit=0.672400, best_overall=0.672400, mean_diversity=0.129707,
indivs=3062851, elapsed_secs=6386, mean=0.566864, stdev=0.188642, best fit=0.672400, best_overall=0.672400, mean_diversity=0.189330,
indivs=3072877, elapsed_secs=6408, mean=0.550056, stdev=0.098704, best fit=0.672400, best_overall=0.672400, mean_diversity=0.096395,
indivs=3082968, elapsed_secs=6426, mean=0.606617, stdev=0.142306, best fit=0.672400, best_overall=0.672400, mean_diversity=0.154636,
indivs=3092976, elapsed_secs=6445, mean=0.567328, stdev=0.139896, best fit=0.672400, best_overall=0.672400, mean_diversity=0.318165,
indivs=3103013, elapsed_secs=6465, mean=0.585235, stdev=0.147742, best fit=0.672400, best_overall=0.672400, mean_diversity=0.082844,
indivs=3113101, elapsed_secs=6485, mean=0.555151, stdev=0.150388, best fit=0.672400, best_overall=0.672400, mean_diversity=0.156212,
indivs=3123199, elapsed_secs=6508, mean=0.526199, stdev=0.134476, best fit=0.672400, best_overall=0.672400, mean_diversity=0.169900,
indivs=3133327, elapsed_secs=6529, mean=0.591653, stdev=0.152478, best fit=0.672400, best_overall=0.672400, mean_diversity=0.130632,
indivs=3143392, elapsed_secs=6550, mean=0.556286, stdev=0.143067, best fit=0.672400, best_overall=0.672400, mean_diversity=0.123716,
indivs=3153503, elapsed_secs=6574, mean=0.564832, stdev=0.181805, best fit=0.672400, best_overall=0.672400, mean_diversity=0.145647,
indivs=3163618, elapsed_secs=6596, mean=0.568023, stdev=0.158794, best fit=0.672400, best_overall=0.672400, mean_diversity=0.106422,
indivs=3173650, elapsed_secs=6622, mean=0.538674, stdev=0.218164, best fit=0.672400, best_overall=0.672400, mean_diversity=0.132594,
indivs=3183795, elapsed_secs=6645, mean=0.612055, stdev=0.141253, best fit=0.672400, best_overall=0.672400, mean_diversity=0.127751,
indivs=3193853, elapsed_secs=6665, mean=0.563870, stdev=0.131800, best fit=0.672400, best_overall=0.672400, mean_diversity=0.138841,
indivs=3203877, elapsed_secs=6686, mean=0.570039, stdev=0.193960, best fit=0.672400, best_overall=0.672400, mean_diversity=0.068664,
indivs=3213956, elapsed_secs=6705, mean=0.496396, stdev=0.183589, best fit=0.672400, best_overall=0.672400, mean_diversity=0.210245,
indivs=3224059, elapsed_secs=6728, mean=0.499945, stdev=0.188584, best fit=0.672400, best_overall=0.672400, mean_diversity=0.082469,
indivs=3234079, elapsed_secs=6749, mean=0.560515, stdev=0.195281, best fit=0.672400, best_overall=0.672400, mean_diversity=0.160738,
indivs=3244110, elapsed_secs=6769, mean=0.569523, stdev=0.181304, best fit=0.672400, best_overall=0.672400, mean_diversity=0.115355,
indivs=3254175, elapsed_secs=6792, mean=0.582708, stdev=0.155636, best fit=0.672400, best_overall=0.672400, mean_diversity=0.088389,
indivs=3264237, elapsed_secs=6816, mean=0.567082, stdev=0.179554, best fit=0.672400, best_overall=0.672400, mean_diversity=0.143186,
indivs=3274286, elapsed_secs=6835, mean=0.518819, stdev=0.164422, best fit=0.672400, best_overall=0.672400, mean_diversity=0.145847,
indivs=3284321, elapsed_secs=6856, mean=0.567224, stdev=0.168655, best fit=0.672400, best_overall=0.672400, mean_diversity=0.088387,
indivs=3294438, elapsed_secs=6877, mean=0.562693, stdev=0.203540, best fit=0.672400, best_overall=0.672400, mean_diversity=0.129595,
indivs=3304491, elapsed_secs=6899, mean=0.557526, stdev=0.199288, best fit=0.672400, best_overall=0.672400, mean_diversity=0.162857,
indivs=3314600, elapsed_secs=6923, mean=0.612631, stdev=0.127510, best fit=0.672400, best_overall=0.672400, mean_diversity=0.113934,
indivs=3324646, elapsed_secs=6941, mean=0.501725, stdev=0.157953, best fit=0.672400, best_overall=0.672400, mean_diversity=0.108371,
indivs=3334813, elapsed_secs=6964, mean=0.555813, stdev=0.223303, best fit=0.672400, best_overall=0.672400, mean_diversity=0.123757,
indivs=3344857, elapsed_secs=6983, mean=0.579103, stdev=0.187671, best fit=0.672400, best_overall=0.672400, mean_diversity=0.172319,
indivs=3354988, elapsed_secs=7005, mean=0.571786, stdev=0.178258, best fit=0.672400, best_overall=0.672400, mean_diversity=0.079509,
indivs=3365007, elapsed_secs=7026, mean=0.560939, stdev=0.194565, best fit=0.672400, best_overall=0.672400, mean_diversity=0.085794,
indivs=3375056, elapsed_secs=7049, mean=0.576618, stdev=0.179386, best fit=0.672400, best_overall=0.672400, mean_diversity=0.125899,
indivs=3385222, elapsed_secs=7074, mean=0.563105, stdev=0.199383, best fit=0.672400, best_overall=0.672400, mean_diversity=0.154787,
indivs=3395360, elapsed_secs=7095, mean=0.556726, stdev=0.186994, best fit=0.672400, best_overall=0.672400, mean_diversity=0.081218,
indivs=3405428, elapsed_secs=7117, mean=0.548809, stdev=0.160561, best fit=0.672400, best_overall=0.672400, mean_diversity=0.070058,
indivs=3415510, elapsed_secs=7138, mean=0.553394, stdev=0.214073, best fit=0.672400, best_overall=0.672400, mean_diversity=0.095194,
indivs=3425527, elapsed_secs=7161, mean=0.598673, stdev=0.164094, best fit=0.672400, best_overall=0.672400, mean_diversity=0.289262,
indivs=3435610, elapsed_secs=7181, mean=0.573178, stdev=0.182228, best fit=0.672400, best_overall=0.672400, mean_diversity=0.096209,
indivs=3445661, elapsed_secs=7203, mean=0.537419, stdev=0.170716, best fit=0.672400, best_overall=0.672400, mean_diversity=0.080962,
indivs=3455801, elapsed_secs=7224, mean=0.568365, stdev=0.194155, best fit=0.672400, best_overall=0.672400, mean_diversity=0.087044,
indivs=3465959, elapsed_secs=7244, mean=0.552633, stdev=0.199939, best fit=0.672400, best_overall=0.672400, mean_diversity=0.168067,
indivs=3475969, elapsed_secs=7265, mean=0.596849, stdev=0.152347, best fit=0.672400, best_overall=0.672400, mean_diversity=0.219393,
indivs=3486020, elapsed_secs=7288, mean=0.549600, stdev=0.188862, best fit=0.672400, best_overall=0.672400, mean_diversity=0.121121,
indivs=3496084, elapsed_secs=7309, mean=0.584584, stdev=0.177739, best fit=0.672400, best_overall=0.672400, mean_diversity=0.090453,
indivs=3506152, elapsed_secs=7337, mean=0.606131, stdev=0.140768, best fit=0.672400, best_overall=0.672400, mean_diversity=0.099937,
indivs=3516238, elapsed_secs=7356, mean=0.546360, stdev=0.173653, best fit=0.672400, best_overall=0.672400, mean_diversity=0.139876,
indivs=3526389, elapsed_secs=7379, mean=0.572202, stdev=0.185475, best fit=0.672400, best_overall=0.672400, mean_diversity=0.126692,
indivs=3536453, elapsed_secs=7398, mean=0.510843, stdev=0.150984, best fit=0.672400, best_overall=0.672400, mean_diversity=0.188241,
indivs=3546555, elapsed_secs=7417, mean=0.583092, stdev=0.188638, best fit=0.672400, best_overall=0.672400, mean_diversity=0.103069,
indivs=3556670, elapsed_secs=7438, mean=0.553222, stdev=0.209614, best fit=0.672400, best_overall=0.672400, mean_diversity=0.053272,
indivs=3566743, elapsed_secs=7457, mean=0.558580, stdev=0.199188, best fit=0.672400, best_overall=0.672400, mean_diversity=0.091479,
indivs=3576803, elapsed_secs=7476, mean=0.566845, stdev=0.159176, best fit=0.672400, best_overall=0.672400, mean_diversity=0.161856,
indivs=3586967, elapsed_secs=7500, mean=0.605469, stdev=0.160798, best fit=0.672400, best_overall=0.672400, mean_diversity=0.154305,
indivs=3596988, elapsed_secs=7524, mean=0.562750, stdev=0.214887, best fit=0.672400, best_overall=0.672400, mean_diversity=0.090502,
indivs=3607130, elapsed_secs=7542, mean=0.578388, stdev=0.196063, best fit=0.672400, best_overall=0.672400, mean_diversity=0.224367,
indivs=3617146, elapsed_secs=7565, mean=0.536686, stdev=0.131752, best fit=0.672400, best_overall=0.672400, mean_diversity=0.090056,
indivs=3627202, elapsed_secs=7586, mean=0.551230, stdev=0.180678, best fit=0.672400, best_overall=0.672400, mean_diversity=0.130272,
indivs=3637284, elapsed_secs=7608, mean=0.552405, stdev=0.183171, best fit=0.672400, best_overall=0.672400, mean_diversity=0.161404,
indivs=3647361, elapsed_secs=7628, mean=0.538788, stdev=0.164485, best fit=0.672400, best_overall=0.672400, mean_diversity=0.075397,
indivs=3657371, elapsed_secs=7647, mean=0.484572, stdev=0.220549, best fit=0.672400, best_overall=0.672400, mean_diversity=0.188875,
indivs=3667484, elapsed_secs=7669, mean=0.538935, stdev=0.199079, best fit=0.672400, best_overall=0.672400, mean_diversity=0.075870,
indivs=3677547, elapsed_secs=7689, mean=0.550431, stdev=0.185795, best fit=0.672400, best_overall=0.672400, mean_diversity=0.094804,
indivs=3687705, elapsed_secs=7716, mean=0.608851, stdev=0.144816, best fit=0.672400, best_overall=0.672400, mean_diversity=0.099470,
indivs=3697729, elapsed_secs=7738, mean=0.524372, stdev=0.226193, best fit=0.672400, best_overall=0.672400, mean_diversity=0.121780,
indivs=3707826, elapsed_secs=7759, mean=0.573832, stdev=0.159033, best fit=0.672400, best_overall=0.672400, mean_diversity=0.097963,
indivs=3717945, elapsed_secs=7776, mean=0.631450, stdev=0.066823, best fit=0.675000, best_overall=0.675000, mean_diversity=0.159318,
indivs=3728078, elapsed_secs=7799, mean=0.600793, stdev=0.189300, best fit=0.686500, best_overall=0.686500, mean_diversity=0.139516,
indivs=3738211, elapsed_secs=7826, mean=0.574265, stdev=0.180213, best fit=0.700100, best_overall=0.700100, mean_diversity=0.228599,
indivs=3748218, elapsed_secs=7850, mean=0.589772, stdev=0.134370, best fit=0.700100, best_overall=0.700100, mean_diversity=0.087517,
indivs=3758342, elapsed_secs=7876, mean=0.616295, stdev=0.163505, best fit=0.700400, best_overall=0.700400, mean_diversity=0.125779,
indivs=3768403, elapsed_secs=7900, mean=0.596912, stdev=0.093249, best fit=0.700400, best_overall=0.700400, mean_diversity=0.127391,
indivs=3778426, elapsed_secs=7925, mean=0.547864, stdev=0.182376, best fit=0.700700, best_overall=0.700700, mean_diversity=0.125785,
indivs=3788546, elapsed_secs=7950, mean=0.639235, stdev=0.159944, best fit=0.700700, best_overall=0.700700, mean_diversity=0.103649,
indivs=3798594, elapsed_secs=7969, mean=0.589481, stdev=0.150570, best fit=0.700700, best_overall=0.700700, mean_diversity=0.119295,
indivs=3808599, elapsed_secs=7991, mean=0.599453, stdev=0.184179, best fit=0.700700, best_overall=0.700700, mean_diversity=0.097908,
indivs=3818673, elapsed_secs=8010, mean=0.602137, stdev=0.168832, best fit=0.700700, best_overall=0.700700, mean_diversity=0.112840,
indivs=3828674, elapsed_secs=8031, mean=0.574201, stdev=0.161442, best fit=0.700700, best_overall=0.700700, mean_diversity=0.102242,
indivs=3838797, elapsed_secs=8050, mean=0.638391, stdev=0.149493, best fit=0.700700, best_overall=0.700700, mean_diversity=0.182925,
indivs=3848821, elapsed_secs=8069, mean=0.579063, stdev=0.133281, best fit=0.700700, best_overall=0.700700, mean_diversity=0.146797,
indivs=3858852, elapsed_secs=8088, mean=0.582001, stdev=0.158193, best fit=0.700700, best_overall=0.700700, mean_diversity=0.098523,
indivs=3868940, elapsed_secs=8107, mean=0.572881, stdev=0.192055, best fit=0.700700, best_overall=0.700700, mean_diversity=0.136944,
indivs=3878960, elapsed_secs=8128, mean=0.605325, stdev=0.174964, best fit=0.700700, best_overall=0.700700, mean_diversity=0.107582,
indivs=3889084, elapsed_secs=8146, mean=0.581692, stdev=0.208664, best fit=0.700700, best_overall=0.700700, mean_diversity=0.080496,
indivs=3899232, elapsed_secs=8166, mean=0.624572, stdev=0.151542, best fit=0.700700, best_overall=0.700700, mean_diversity=0.115801,
indivs=3909342, elapsed_secs=8186, mean=0.610400, stdev=0.116891, best fit=0.700700, best_overall=0.700700, mean_diversity=0.108706,
indivs=3919352, elapsed_secs=8205, mean=0.596757, stdev=0.193535, best fit=0.700700, best_overall=0.700700, mean_diversity=0.100942,
indivs=3929412, elapsed_secs=8224, mean=0.589669, stdev=0.211816, best fit=0.700700, best_overall=0.700700, mean_diversity=0.144097,
indivs=3939524, elapsed_secs=8246, mean=0.596689, stdev=0.185028, best fit=0.700700, best_overall=0.700700, mean_diversity=0.081155,
indivs=3949659, elapsed_secs=8269, mean=0.613582, stdev=0.142014, best fit=0.700700, best_overall=0.700700, mean_diversity=0.186142,
indivs=3959693, elapsed_secs=8289, mean=0.589604, stdev=0.132143, best fit=0.700700, best_overall=0.700700, mean_diversity=0.115071,
indivs=3969717, elapsed_secs=8311, mean=0.624599, stdev=0.144079, best fit=0.700700, best_overall=0.700700, mean_diversity=0.097492,
indivs=3979747, elapsed_secs=8328, mean=0.636170, stdev=0.155510, best fit=0.700700, best_overall=0.700700, mean_diversity=0.138600,
indivs=3989901, elapsed_secs=8349, mean=0.576919, stdev=0.225932, best fit=0.700700, best_overall=0.700700, mean_diversity=0.174694,
indivs=4000015, elapsed_secs=8367, mean=0.559211, stdev=0.185498, best fit=0.700700, best_overall=0.700700, mean_diversity=0.128371,
indivs=4010088, elapsed_secs=8385, mean=0.561388, stdev=0.168949, best fit=0.700700, best_overall=0.700700, mean_diversity=0.229512,
indivs=4020170, elapsed_secs=8405, mean=0.615564, stdev=0.174625, best fit=0.700700, best_overall=0.700700, mean_diversity=0.081929,
indivs=4030206, elapsed_secs=8424, mean=0.601196, stdev=0.115067, best fit=0.700700, best_overall=0.700700, mean_diversity=0.111553,
indivs=4040306, elapsed_secs=8443, mean=0.608593, stdev=0.172440, best fit=0.700700, best_overall=0.700700, mean_diversity=0.094785,
indivs=4050419, elapsed_secs=8463, mean=0.599073, stdev=0.166240, best fit=0.700700, best_overall=0.700700, mean_diversity=0.135133,
indivs=4060541, elapsed_secs=8483, mean=0.581070, stdev=0.209982, best fit=0.700700, best_overall=0.700700, mean_diversity=0.121848,
indivs=4070644, elapsed_secs=8505, mean=0.625920, stdev=0.086480, best fit=0.700700, best_overall=0.700700, mean_diversity=0.160080,
indivs=4080674, elapsed_secs=8526, mean=0.595894, stdev=0.140205, best fit=0.700700, best_overall=0.700700, mean_diversity=0.180245,
indivs=4090768, elapsed_secs=8545, mean=0.610264, stdev=0.056247, best fit=0.700700, best_overall=0.700700, mean_diversity=0.164326,
indivs=4100887, elapsed_secs=8564, mean=0.639065, stdev=0.130897, best fit=0.700700, best_overall=0.700700, mean_diversity=0.088130,
indivs=4111055, elapsed_secs=8583, mean=0.644033, stdev=0.139405, best fit=0.700700, best_overall=0.700700, mean_diversity=0.121162,
indivs=4121180, elapsed_secs=8600, mean=0.602318, stdev=0.211773, best fit=0.700700, best_overall=0.700700, mean_diversity=0.124977,
indivs=4131206, elapsed_secs=8619, mean=0.598057, stdev=0.171447, best fit=0.700700, best_overall=0.700700, mean_diversity=0.140802,
indivs=4141311, elapsed_secs=8639, mean=0.563569, stdev=0.247720, best fit=0.700700, best_overall=0.700700, mean_diversity=0.127797,
indivs=4151444, elapsed_secs=8662, mean=0.590901, stdev=0.166403, best fit=0.700700, best_overall=0.700700, mean_diversity=0.062669,
indivs=4161459, elapsed_secs=8687, mean=0.582002, stdev=0.192468, best fit=0.700700, best_overall=0.700700, mean_diversity=0.152253,
indivs=4171534, elapsed_secs=8706, mean=0.605194, stdev=0.098946, best fit=0.700700, best_overall=0.700700, mean_diversity=0.099643,
indivs=4181590, elapsed_secs=8724, mean=0.593669, stdev=0.184047, best fit=0.700700, best_overall=0.700700, mean_diversity=0.148741,
indivs=4191607, elapsed_secs=8746, mean=0.578538, stdev=0.130186, best fit=0.700700, best_overall=0.700700, mean_diversity=0.133727,
indivs=4201770, elapsed_secs=8765, mean=0.604422, stdev=0.167387, best fit=0.700700, best_overall=0.700700, mean_diversity=0.180462,
indivs=4211934, elapsed_secs=8785, mean=0.624709, stdev=0.172305, best fit=0.700700, best_overall=0.700700, mean_diversity=0.116879,
indivs=4221975, elapsed_secs=8803, mean=0.602532, stdev=0.140405, best fit=0.700700, best_overall=0.700700, mean_diversity=0.129917,
indivs=4232009, elapsed_secs=8823, mean=0.596273, stdev=0.195326, best fit=0.700700, best_overall=0.700700, mean_diversity=0.175368,
indivs=4242109, elapsed_secs=8843, mean=0.585384, stdev=0.210533, best fit=0.700700, best_overall=0.700700, mean_diversity=0.124025,
indivs=4252252, elapsed_secs=8862, mean=0.602609, stdev=0.141227, best fit=0.700700, best_overall=0.700700, mean_diversity=0.072765,
indivs=4262313, elapsed_secs=8880, mean=0.590770, stdev=0.175789, best fit=0.700700, best_overall=0.700700, mean_diversity=0.174968,
indivs=4272335, elapsed_secs=8898, mean=0.577993, stdev=0.129021, best fit=0.700700, best_overall=0.700700, mean_diversity=0.105811,
indivs=4282417, elapsed_secs=8918, mean=0.613981, stdev=0.191218, best fit=0.700700, best_overall=0.700700, mean_diversity=0.095305,
indivs=4292436, elapsed_secs=8944, mean=0.592010, stdev=0.224506, best fit=0.700700, best_overall=0.700700, mean_diversity=0.090968,
indivs=4302551, elapsed_secs=8964, mean=0.609772, stdev=0.164770, best fit=0.700700, best_overall=0.700700, mean_diversity=0.141095,
indivs=4312655, elapsed_secs=8987, mean=0.647173, stdev=0.104496, best fit=0.700700, best_overall=0.700700, mean_diversity=0.080566,
indivs=4322663, elapsed_secs=9006, mean=0.599047, stdev=0.191015, best fit=0.700700, best_overall=0.700700, mean_diversity=0.104046,
indivs=4332769, elapsed_secs=9027, mean=0.604155, stdev=0.168374, best fit=0.700700, best_overall=0.700700, mean_diversity=0.138008,
indivs=4342781, elapsed_secs=9046, mean=0.583374, stdev=0.131739, best fit=0.700700, best_overall=0.700700, mean_diversity=0.154901,
indivs=4352844, elapsed_secs=9066, mean=0.588839, stdev=0.186947, best fit=0.700700, best_overall=0.700700, mean_diversity=0.151504,
indivs=4362893, elapsed_secs=9086, mean=0.583631, stdev=0.195390, best fit=0.700700, best_overall=0.700700, mean_diversity=0.158152,
indivs=4372942, elapsed_secs=9106, mean=0.607128, stdev=0.175193, best fit=0.700700, best_overall=0.700700, mean_diversity=0.104063,
indivs=4383073, elapsed_secs=9126, mean=0.584900, stdev=0.219492, best fit=0.700700, best_overall=0.700700, mean_diversity=0.183822,
indivs=4393100, elapsed_secs=9144, mean=0.630400, stdev=0.161889, best fit=0.700700, best_overall=0.700700, mean_diversity=0.122818,
indivs=4403176, elapsed_secs=9164, mean=0.568621, stdev=0.149978, best fit=0.700700, best_overall=0.700700, mean_diversity=0.099783,
indivs=4413345, elapsed_secs=9184, mean=0.630326, stdev=0.162454, best fit=0.700700, best_overall=0.700700, mean_diversity=0.105318,
indivs=4423471, elapsed_secs=9204, mean=0.594586, stdev=0.166778, best fit=0.700700, best_overall=0.700700, mean_diversity=0.159044,
indivs=4433593, elapsed_secs=9225, mean=0.599108, stdev=0.212172, best fit=0.700700, best_overall=0.700700, mean_diversity=0.173836,
indivs=4443631, elapsed_secs=9245, mean=0.615277, stdev=0.162947, best fit=0.700700, best_overall=0.700700, mean_diversity=0.069433,
indivs=4453671, elapsed_secs=9265, mean=0.570229, stdev=0.189971, best fit=0.700700, best_overall=0.700700, mean_diversity=0.102699,
indivs=4463792, elapsed_secs=9283, mean=0.551269, stdev=0.194289, best fit=0.700700, best_overall=0.700700, mean_diversity=0.185516,
indivs=4473930, elapsed_secs=9304, mean=0.603344, stdev=0.172231, best fit=0.700700, best_overall=0.700700, mean_diversity=0.113481,
indivs=4483933, elapsed_secs=9323, mean=0.597579, stdev=0.155208, best fit=0.700700, best_overall=0.700700, mean_diversity=0.138178,
indivs=4493941, elapsed_secs=9343, mean=0.613423, stdev=0.185568, best fit=0.700700, best_overall=0.700700, mean_diversity=0.136805,
indivs=4503974, elapsed_secs=9364, mean=0.576765, stdev=0.233136, best fit=0.700700, best_overall=0.700700, mean_diversity=0.123922,
indivs=4513991, elapsed_secs=9383, mean=0.563166, stdev=0.142505, best fit=0.700700, best_overall=0.700700, mean_diversity=0.161080,
indivs=4524024, elapsed_secs=9404, mean=0.571654, stdev=0.169132, best fit=0.700700, best_overall=0.700700, mean_diversity=0.156751,
indivs=4534025, elapsed_secs=9425, mean=0.595154, stdev=0.227411, best fit=0.700700, best_overall=0.700700, mean_diversity=0.159068,
indivs=4544070, elapsed_secs=9444, mean=0.564595, stdev=0.152997, best fit=0.700700, best_overall=0.700700, mean_diversity=0.197987,
indivs=4554107, elapsed_secs=9463, mean=0.607558, stdev=0.194520, best fit=0.700700, best_overall=0.700700, mean_diversity=0.103788,
indivs=4564190, elapsed_secs=9482, mean=0.606566, stdev=0.165570, best fit=0.700700, best_overall=0.700700, mean_diversity=0.143105,
indivs=4574336, elapsed_secs=9501, mean=0.614839, stdev=0.145558, best fit=0.700700, best_overall=0.700700, mean_diversity=0.146257,
indivs=4584448, elapsed_secs=9520, mean=0.613335, stdev=0.146570, best fit=0.700700, best_overall=0.700700, mean_diversity=0.112896,
indivs=4594557, elapsed_secs=9538, mean=0.615542, stdev=0.122709, best fit=0.700700, best_overall=0.700700, mean_diversity=0.151567,
indivs=4604661, elapsed_secs=9558, mean=0.556362, stdev=0.197033, best fit=0.700700, best_overall=0.700700, mean_diversity=0.090377,
indivs=4614666, elapsed_secs=9577, mean=0.612056, stdev=0.160928, best fit=0.700700, best_overall=0.700700, mean_diversity=0.104009,
indivs=4624761, elapsed_secs=9599, mean=0.621672, stdev=0.132634, best fit=0.700700, best_overall=0.700700, mean_diversity=0.153450,
indivs=4634821, elapsed_secs=9619, mean=0.642025, stdev=0.146617, best fit=0.700700, best_overall=0.700700, mean_diversity=0.226389,
indivs=4644853, elapsed_secs=9638, mean=0.580652, stdev=0.122072, best fit=0.700700, best_overall=0.700700, mean_diversity=0.132613,
indivs=4654892, elapsed_secs=9660, mean=0.581068, stdev=0.189834, best fit=0.700700, best_overall=0.700700, mean_diversity=0.188197,
indivs=4665060, elapsed_secs=9679, mean=0.593323, stdev=0.203094, best fit=0.700700, best_overall=0.700700, mean_diversity=0.143968,
indivs=4675109, elapsed_secs=9697, mean=0.592589, stdev=0.210104, best fit=0.700700, best_overall=0.700700, mean_diversity=0.140000,
indivs=4685206, elapsed_secs=9716, mean=0.608981, stdev=0.195120, best fit=0.700700, best_overall=0.700700, mean_diversity=0.165256,
indivs=4695300, elapsed_secs=9735, mean=0.572900, stdev=0.144804, best fit=0.700700, best_overall=0.700700, mean_diversity=0.118951,
indivs=4705368, elapsed_secs=9753, mean=0.575867, stdev=0.225266, best fit=0.700700, best_overall=0.700700, mean_diversity=0.097808,
indivs=4715432, elapsed_secs=9773, mean=0.614624, stdev=0.193796, best fit=0.700700, best_overall=0.700700, mean_diversity=0.127816,
indivs=4725512, elapsed_secs=9791, mean=0.599079, stdev=0.165805, best fit=0.700700, best_overall=0.700700, mean_diversity=0.101625,
indivs=4735623, elapsed_secs=9810, mean=0.590617, stdev=0.209617, best fit=0.700700, best_overall=0.700700, mean_diversity=0.088644,
indivs=4745714, elapsed_secs=9829, mean=0.571073, stdev=0.196924, best fit=0.700700, best_overall=0.700700, mean_diversity=0.136061,
indivs=4755727, elapsed_secs=9852, mean=0.594325, stdev=0.190412, best fit=0.700700, best_overall=0.700700, mean_diversity=0.172915,
indivs=4765850, elapsed_secs=9873, mean=0.614997, stdev=0.155387, best fit=0.700700, best_overall=0.700700, mean_diversity=0.172060,
indivs=4775937, elapsed_secs=9890, mean=0.580910, stdev=0.140152, best fit=0.700700, best_overall=0.700700, mean_diversity=0.110672,
indivs=4786016, elapsed_secs=9911, mean=0.593135, stdev=0.130043, best fit=0.700700, best_overall=0.700700, mean_diversity=0.133381,
indivs=4796097, elapsed_secs=9935, mean=0.576921, stdev=0.225593, best fit=0.700700, best_overall=0.700700, mean_diversity=0.159198,
indivs=4806130, elapsed_secs=9954, mean=0.594903, stdev=0.123654, best fit=0.700700, best_overall=0.700700, mean_diversity=0.113200,
indivs=4816200, elapsed_secs=9979, mean=0.584383, stdev=0.196301, best fit=0.700700, best_overall=0.700700, mean_diversity=0.247126,
indivs=4826248, elapsed_secs=10001, mean=0.566666, stdev=0.159793, best fit=0.700700, best_overall=0.700700, mean_diversity=0.140157,
indivs=4836248, elapsed_secs=10022, mean=0.613599, stdev=0.130989, best fit=0.700700, best_overall=0.700700, mean_diversity=0.158021,
indivs=4846288, elapsed_secs=10043, mean=0.618239, stdev=0.160985, best fit=0.700700, best_overall=0.700700, mean_diversity=0.113117,
indivs=4856330, elapsed_secs=10061, mean=0.587861, stdev=0.116732, best fit=0.700700, best_overall=0.700700, mean_diversity=0.065524,
indivs=4866434, elapsed_secs=10082, mean=0.588671, stdev=0.210081, best fit=0.700700, best_overall=0.700700, mean_diversity=0.227169,
indivs=4876447, elapsed_secs=10104, mean=0.600746, stdev=0.146186, best fit=0.700700, best_overall=0.700700, mean_diversity=0.095294,
indivs=4886576, elapsed_secs=10122, mean=0.622692, stdev=0.172342, best fit=0.700700, best_overall=0.700700, mean_diversity=0.095704,
indivs=4896597, elapsed_secs=10141, mean=0.591693, stdev=0.098583, best fit=0.700700, best_overall=0.700700, mean_diversity=0.146950,
indivs=4906697, elapsed_secs=10160, mean=0.570260, stdev=0.164832, best fit=0.700700, best_overall=0.700700, mean_diversity=0.085433,
indivs=4916698, elapsed_secs=10178, mean=0.544008, stdev=0.173792, best fit=0.700700, best_overall=0.700700, mean_diversity=0.224789,
indivs=4926712, elapsed_secs=10198, mean=0.585930, stdev=0.121685, best fit=0.700700, best_overall=0.700700, mean_diversity=0.117321,
indivs=4936810, elapsed_secs=10217, mean=0.582550, stdev=0.115498, best fit=0.700700, best_overall=0.700700, mean_diversity=0.149803,
indivs=4946828, elapsed_secs=10236, mean=0.583681, stdev=0.174301, best fit=0.700700, best_overall=0.700700, mean_diversity=0.198412,
indivs=4956912, elapsed_secs=10256, mean=0.592124, stdev=0.198561, best fit=0.700700, best_overall=0.700700, mean_diversity=0.099961,
indivs=4966946, elapsed_secs=10276, mean=0.593213, stdev=0.199723, best fit=0.700700, best_overall=0.700700, mean_diversity=0.220067,
indivs=4977014, elapsed_secs=10298, mean=0.635441, stdev=0.135999, best fit=0.700700, best_overall=0.700700, mean_diversity=0.124912,
indivs=4987053, elapsed_secs=10318, mean=0.624125, stdev=0.150780, best fit=0.700700, best_overall=0.700700, mean_diversity=0.073636,
indivs=4997138, elapsed_secs=10337, mean=0.586179, stdev=0.135451, best fit=0.700700, best_overall=0.700700, mean_diversity=0.193309,
indivs=5007277, elapsed_secs=10359, mean=0.623337, stdev=0.166523, best fit=0.700700, best_overall=0.700700, mean_diversity=0.129570,
indivs=5017277, elapsed_secs=10379, mean=0.613862, stdev=0.176271, best fit=0.700700, best_overall=0.700700, mean_diversity=0.097312,
indivs=5027319, elapsed_secs=10395, mean=0.591132, stdev=0.194752, best fit=0.700700, best_overall=0.700700, mean_diversity=0.124495,
indivs=5037415, elapsed_secs=10414, mean=0.605367, stdev=0.184744, best fit=0.700700, best_overall=0.700700, mean_diversity=0.086488,
indivs=5047527, elapsed_secs=10437, mean=0.599758, stdev=0.141244, best fit=0.700700, best_overall=0.700700, mean_diversity=0.093738,
indivs=5057603, elapsed_secs=10457, mean=0.622461, stdev=0.175357, best fit=0.700700, best_overall=0.700700, mean_diversity=0.110897,
indivs=5067741, elapsed_secs=10477, mean=0.630076, stdev=0.104848, best fit=0.700700, best_overall=0.700700, mean_diversity=0.093030,
indivs=5077805, elapsed_secs=10495, mean=0.566834, stdev=0.224058, best fit=0.700700, best_overall=0.700700, mean_diversity=0.168303,
indivs=5087920, elapsed_secs=10514, mean=0.583504, stdev=0.199305, best fit=0.700700, best_overall=0.700700, mean_diversity=0.180773,
indivs=5098052, elapsed_secs=10533, mean=0.589769, stdev=0.154263, best fit=0.700700, best_overall=0.700700, mean_diversity=0.161926,
indivs=5108102, elapsed_secs=10556, mean=0.571367, stdev=0.220766, best fit=0.700700, best_overall=0.700700, mean_diversity=0.119164,
indivs=5118239, elapsed_secs=10579, mean=0.606821, stdev=0.166055, best fit=0.700700, best_overall=0.700700, mean_diversity=0.079388,
indivs=5128257, elapsed_secs=10595, mean=0.583892, stdev=0.169825, best fit=0.700700, best_overall=0.700700, mean_diversity=0.167246,
indivs=5138295, elapsed_secs=10615, mean=0.617749, stdev=0.175681, best fit=0.700700, best_overall=0.700700, mean_diversity=0.138403,
indivs=5148365, elapsed_secs=10635, mean=0.622783, stdev=0.166371, best fit=0.700700, best_overall=0.700700, mean_diversity=0.204242,
indivs=5158425, elapsed_secs=10654, mean=0.620328, stdev=0.136370, best fit=0.700700, best_overall=0.700700, mean_diversity=0.103421,
indivs=5168426, elapsed_secs=10676, mean=0.565944, stdev=0.239844, best fit=0.700700, best_overall=0.700700, mean_diversity=0.118058,
indivs=5178490, elapsed_secs=10693, mean=0.597080, stdev=0.181456, best fit=0.700700, best_overall=0.700700, mean_diversity=0.152489,
indivs=5188560, elapsed_secs=10714, mean=0.610279, stdev=0.130031, best fit=0.700700, best_overall=0.700700, mean_diversity=0.102506,
indivs=5198706, elapsed_secs=10734, mean=0.591099, stdev=0.187901, best fit=0.700900, best_overall=0.700900, mean_diversity=0.169756,
indivs=5208817, elapsed_secs=10756, mean=0.626659, stdev=0.146847, best fit=0.700900, best_overall=0.700900, mean_diversity=0.119417,
indivs=5218895, elapsed_secs=10771, mean=0.594860, stdev=0.120761, best fit=0.700900, best_overall=0.700900, mean_diversity=0.162954,
indivs=5228934, elapsed_secs=10788, mean=0.624200, stdev=0.103893, best fit=0.700900, best_overall=0.700900, mean_diversity=0.239886,
indivs=5238978, elapsed_secs=10812, mean=0.614622, stdev=0.164065, best fit=0.700900, best_overall=0.700900, mean_diversity=0.190302,
indivs=5249081, elapsed_secs=10831, mean=0.622941, stdev=0.162934, best fit=0.700900, best_overall=0.700900, mean_diversity=0.171449,
indivs=5259140, elapsed_secs=10845, mean=0.600427, stdev=0.109167, best fit=0.700900, best_overall=0.700900, mean_diversity=0.258397,
indivs=5269217, elapsed_secs=10864, mean=0.615161, stdev=0.124482, best fit=0.700900, best_overall=0.700900, mean_diversity=0.176890,
indivs=5279388, elapsed_secs=10888, mean=0.640061, stdev=0.106858, best fit=0.700900, best_overall=0.700900, mean_diversity=0.142759,
indivs=5289460, elapsed_secs=10912, mean=0.604544, stdev=0.184797, best fit=0.701200, best_overall=0.701200, mean_diversity=0.178454,
indivs=5299602, elapsed_secs=10933, mean=0.596486, stdev=0.194527, best fit=0.701200, best_overall=0.701200, mean_diversity=0.101383,
indivs=5309615, elapsed_secs=10957, mean=0.538809, stdev=0.167607, best fit=0.701200, best_overall=0.701200, mean_diversity=0.152078,
indivs=5319626, elapsed_secs=10976, mean=0.619804, stdev=0.129800, best fit=0.701200, best_overall=0.701200, mean_diversity=0.114241,
indivs=5329632, elapsed_secs=10997, mean=0.602419, stdev=0.141231, best fit=0.701200, best_overall=0.701200, mean_diversity=0.104059,
indivs=5339705, elapsed_secs=11017, mean=0.565266, stdev=0.161981, best fit=0.701200, best_overall=0.701200, mean_diversity=0.103022,
indivs=5349799, elapsed_secs=11037, mean=0.561660, stdev=0.239585, best fit=0.701200, best_overall=0.701200, mean_diversity=0.082521,
indivs=5359900, elapsed_secs=11056, mean=0.601993, stdev=0.163976, best fit=0.701200, best_overall=0.701200, mean_diversity=0.072822,
indivs=5370026, elapsed_secs=11076, mean=0.599796, stdev=0.199943, best fit=0.701200, best_overall=0.701200, mean_diversity=0.187746,
indivs=5380086, elapsed_secs=11098, mean=0.604150, stdev=0.111892, best fit=0.701200, best_overall=0.701200, mean_diversity=0.136122,
indivs=5390134, elapsed_secs=11118, mean=0.583094, stdev=0.168938, best fit=0.701200, best_overall=0.701200, mean_diversity=0.096205,
indivs=5400156, elapsed_secs=11141, mean=0.594894, stdev=0.102674, best fit=0.701200, best_overall=0.701200, mean_diversity=0.156250,
indivs=5410302, elapsed_secs=11159, mean=0.619725, stdev=0.129762, best fit=0.701200, best_overall=0.701200, mean_diversity=0.103333,
indivs=5420426, elapsed_secs=11178, mean=0.608182, stdev=0.116401, best fit=0.701200, best_overall=0.701200, mean_diversity=0.154762,
indivs=5430464, elapsed_secs=11196, mean=0.585526, stdev=0.132808, best fit=0.701200, best_overall=0.701200, mean_diversity=0.096084,
indivs=5440474, elapsed_secs=11215, mean=0.589746, stdev=0.122272, best fit=0.701200, best_overall=0.701200, mean_diversity=0.069619,
indivs=5450557, elapsed_secs=11235, mean=0.645202, stdev=0.147898, best fit=0.701200, best_overall=0.701200, mean_diversity=0.076612,
indivs=5460635, elapsed_secs=11251, mean=0.605603, stdev=0.159728, best fit=0.701200, best_overall=0.701200, mean_diversity=0.133828,
indivs=5470766, elapsed_secs=11273, mean=0.613597, stdev=0.183869, best fit=0.701200, best_overall=0.701200, mean_diversity=0.095533,
indivs=5480783, elapsed_secs=11291, mean=0.625019, stdev=0.161958, best fit=0.701200, best_overall=0.701200, mean_diversity=0.107386,
indivs=5490911, elapsed_secs=11315, mean=0.613371, stdev=0.161283, best fit=0.701200, best_overall=0.701200, mean_diversity=0.153814,
indivs=5500929, elapsed_secs=11338, mean=0.572857, stdev=0.133000, best fit=0.701200, best_overall=0.701200, mean_diversity=0.102320,
indivs=5510994, elapsed_secs=11358, mean=0.575443, stdev=0.129236, best fit=0.701200, best_overall=0.701200, mean_diversity=0.096436,
indivs=5521096, elapsed_secs=11376, mean=0.613771, stdev=0.183601, best fit=0.701200, best_overall=0.701200, mean_diversity=0.098821,
indivs=5531223, elapsed_secs=11395, mean=0.608887, stdev=0.130270, best fit=0.701200, best_overall=0.701200, mean_diversity=0.127528,
indivs=5541303, elapsed_secs=11413, mean=0.608646, stdev=0.161315, best fit=0.701200, best_overall=0.701200, mean_diversity=0.145874,
indivs=5551374, elapsed_secs=11438, mean=0.590376, stdev=0.195561, best fit=0.701200, best_overall=0.701200, mean_diversity=0.156907,
indivs=5561402, elapsed_secs=11457, mean=0.623547, stdev=0.119786, best fit=0.701200, best_overall=0.701200, mean_diversity=0.096466,
indivs=5571410, elapsed_secs=11479, mean=0.564035, stdev=0.175468, best fit=0.701200, best_overall=0.701200, mean_diversity=0.148201,
indivs=5581446, elapsed_secs=11500, mean=0.562147, stdev=0.148639, best fit=0.701200, best_overall=0.701200, mean_diversity=0.109012,
indivs=5591560, elapsed_secs=11520, mean=0.606089, stdev=0.180558, best fit=0.701200, best_overall=0.701200, mean_diversity=0.134216,
indivs=5601603, elapsed_secs=11539, mean=0.607263, stdev=0.181470, best fit=0.701200, best_overall=0.701200, mean_diversity=0.170055,
indivs=5611723, elapsed_secs=11559, mean=0.614863, stdev=0.183467, best fit=0.701200, best_overall=0.701200, mean_diversity=0.251762,
indivs=5621735, elapsed_secs=11584, mean=0.567187, stdev=0.159674, best fit=0.701200, best_overall=0.701200, mean_diversity=0.124725,
indivs=5631774, elapsed_secs=11603, mean=0.583019, stdev=0.131321, best fit=0.701200, best_overall=0.701200, mean_diversity=0.108712,
indivs=5641812, elapsed_secs=11624, mean=0.613674, stdev=0.174667, best fit=0.701200, best_overall=0.701200, mean_diversity=0.140302,
indivs=5651835, elapsed_secs=11646, mean=0.600682, stdev=0.184706, best fit=0.701200, best_overall=0.701200, mean_diversity=0.120287,
indivs=5661914, elapsed_secs=11666, mean=0.614029, stdev=0.185567, best fit=0.701200, best_overall=0.701200, mean_diversity=0.116082,
indivs=5671929, elapsed_secs=11685, mean=0.567253, stdev=0.169133, best fit=0.701200, best_overall=0.701200, mean_diversity=0.094038,
indivs=5682005, elapsed_secs=11704, mean=0.584147, stdev=0.173345, best fit=0.701200, best_overall=0.701200, mean_diversity=0.222600,
indivs=5692022, elapsed_secs=11723, mean=0.583304, stdev=0.130878, best fit=0.701200, best_overall=0.701200, mean_diversity=0.168892,
indivs=5702028, elapsed_secs=11747, mean=0.643944, stdev=0.137762, best fit=0.701200, best_overall=0.701200, mean_diversity=0.131986,
indivs=5712034, elapsed_secs=11767, mean=0.613268, stdev=0.175534, best fit=0.701200, best_overall=0.701200, mean_diversity=0.119512,
indivs=5722040, elapsed_secs=11789, mean=0.572596, stdev=0.140968, best fit=0.701200, best_overall=0.701200, mean_diversity=0.155750,
indivs=5732076, elapsed_secs=11810, mean=0.606947, stdev=0.176255, best fit=0.701200, best_overall=0.701200, mean_diversity=0.159198,
indivs=5742109, elapsed_secs=11833, mean=0.646332, stdev=0.119188, best fit=0.701200, best_overall=0.701200, mean_diversity=0.145986,
indivs=5752254, elapsed_secs=11851, mean=0.609756, stdev=0.193232, best fit=0.701200, best_overall=0.701200, mean_diversity=0.144238,
indivs=5762400, elapsed_secs=11870, mean=0.611021, stdev=0.185681, best fit=0.701200, best_overall=0.701200, mean_diversity=0.151683,
indivs=5772435, elapsed_secs=11892, mean=0.623995, stdev=0.163806, best fit=0.701200, best_overall=0.701200, mean_diversity=0.136597,
indivs=5782446, elapsed_secs=11911, mean=0.557779, stdev=0.166190, best fit=0.701200, best_overall=0.701200, mean_diversity=0.078385,
indivs=5792591, elapsed_secs=11931, mean=0.628996, stdev=0.145362, best fit=0.701200, best_overall=0.701200, mean_diversity=0.113879,
indivs=5802632, elapsed_secs=11951, mean=0.598963, stdev=0.087516, best fit=0.701200, best_overall=0.701200, mean_diversity=0.113234,
indivs=5812708, elapsed_secs=11970, mean=0.566026, stdev=0.153488, best fit=0.701200, best_overall=0.701200, mean_diversity=0.172410,
indivs=5822814, elapsed_secs=11993, mean=0.609620, stdev=0.175827, best fit=0.701200, best_overall=0.701200, mean_diversity=0.099682,
indivs=5832888, elapsed_secs=12013, mean=0.603505, stdev=0.124648, best fit=0.701200, best_overall=0.701200, mean_diversity=0.115249,
indivs=5842908, elapsed_secs=12034, mean=0.587327, stdev=0.108781, best fit=0.701200, best_overall=0.701200, mean_diversity=0.096861,
indivs=5853011, elapsed_secs=12052, mean=0.600680, stdev=0.145438, best fit=0.701200, best_overall=0.701200, mean_diversity=0.167105,
indivs=5863065, elapsed_secs=12070, mean=0.623891, stdev=0.156310, best fit=0.701200, best_overall=0.701200, mean_diversity=0.203560,
indivs=5873139, elapsed_secs=12092, mean=0.569783, stdev=0.146167, best fit=0.701200, best_overall=0.701200, mean_diversity=0.144149,
indivs=5883293, elapsed_secs=12111, mean=0.608166, stdev=0.153015, best fit=0.701200, best_overall=0.701200, mean_diversity=0.139926,
indivs=5893392, elapsed_secs=12135, mean=0.559103, stdev=0.179802, best fit=0.701200, best_overall=0.701200, mean_diversity=0.139609,
indivs=5903551, elapsed_secs=12157, mean=0.618007, stdev=0.184201, best fit=0.701200, best_overall=0.701200, mean_diversity=0.154649,
indivs=5913556, elapsed_secs=12174, mean=0.599919, stdev=0.144790, best fit=0.701200, best_overall=0.701200, mean_diversity=0.175592,
indivs=5923587, elapsed_secs=12195, mean=0.567066, stdev=0.159424, best fit=0.701200, best_overall=0.701200, mean_diversity=0.141076,
indivs=5933715, elapsed_secs=12217, mean=0.592307, stdev=0.203385, best fit=0.701200, best_overall=0.701200, mean_diversity=0.119333,
indivs=5943798, elapsed_secs=12234, mean=0.619876, stdev=0.174389, best fit=0.701200, best_overall=0.701200, mean_diversity=0.220350,
indivs=5953847, elapsed_secs=12254, mean=0.589141, stdev=0.086012, best fit=0.701200, best_overall=0.701200, mean_diversity=0.125249,
indivs=5963890, elapsed_secs=12275, mean=0.611250, stdev=0.158899, best fit=0.701200, best_overall=0.701200, mean_diversity=0.086367,
indivs=5974056, elapsed_secs=12296, mean=0.621491, stdev=0.157582, best fit=0.701200, best_overall=0.701200, mean_diversity=0.099656,
indivs=5984146, elapsed_secs=12316, mean=0.581972, stdev=0.130751, best fit=0.701200, best_overall=0.701200, mean_diversity=0.113920,
indivs=5994187, elapsed_secs=12336, mean=0.591901, stdev=0.203305, best fit=0.701200, best_overall=0.701200, mean_diversity=0.099858,
indivs=6004327, elapsed_secs=12358, mean=0.609157, stdev=0.175778, best fit=0.701200, best_overall=0.701200, mean_diversity=0.217069,
indivs=6014418, elapsed_secs=12378, mean=0.620371, stdev=0.132575, best fit=0.701200, best_overall=0.701200, mean_diversity=0.131677,
indivs=6024463, elapsed_secs=12398, mean=0.576545, stdev=0.125807, best fit=0.701200, best_overall=0.701200, mean_diversity=0.117904,
indivs=6034559, elapsed_secs=12421, mean=0.611571, stdev=0.186093, best fit=0.701200, best_overall=0.701200, mean_diversity=0.115523,
indivs=6044601, elapsed_secs=12442, mean=0.607128, stdev=0.147902, best fit=0.701200, best_overall=0.701200, mean_diversity=0.157098,
indivs=6054623, elapsed_secs=12462, mean=0.610842, stdev=0.147430, best fit=0.701200, best_overall=0.701200, mean_diversity=0.136866,
indivs=6064716, elapsed_secs=12488, mean=0.543282, stdev=0.256856, best fit=0.701200, best_overall=0.701200, mean_diversity=0.116644,
indivs=6074854, elapsed_secs=12509, mean=0.596949, stdev=0.169034, best fit=0.701200, best_overall=0.701200, mean_diversity=0.081846,
indivs=6084900, elapsed_secs=12530, mean=0.636044, stdev=0.139653, best fit=0.701200, best_overall=0.701200, mean_diversity=0.149200,
indivs=6094901, elapsed_secs=12549, mean=0.570357, stdev=0.145289, best fit=0.701200, best_overall=0.701200, mean_diversity=0.100595,
indivs=6104921, elapsed_secs=12568, mean=0.589044, stdev=0.116845, best fit=0.701200, best_overall=0.701200, mean_diversity=0.100219,
indivs=6115007, elapsed_secs=12590, mean=0.649793, stdev=0.119419, best fit=0.701200, best_overall=0.701200, mean_diversity=0.106000,
indivs=6125150, elapsed_secs=12613, mean=0.598373, stdev=0.177179, best fit=0.701200, best_overall=0.701200, mean_diversity=0.104836,
indivs=6135163, elapsed_secs=12634, mean=0.584354, stdev=0.220400, best fit=0.701200, best_overall=0.701200, mean_diversity=0.116611,
indivs=6145262, elapsed_secs=12652, mean=0.615385, stdev=0.155703, best fit=0.701200, best_overall=0.701200, mean_diversity=0.135000,
indivs=6155422, elapsed_secs=12676, mean=0.603132, stdev=0.177335, best fit=0.701200, best_overall=0.701200, mean_diversity=0.101923,
indivs=6165507, elapsed_secs=12697, mean=0.590085, stdev=0.136600, best fit=0.701200, best_overall=0.701200, mean_diversity=0.112378,
indivs=6175541, elapsed_secs=12718, mean=0.577441, stdev=0.117006, best fit=0.701200, best_overall=0.701200, mean_diversity=0.129795,
indivs=6185671, elapsed_secs=12739, mean=0.588070, stdev=0.169667, best fit=0.701200, best_overall=0.701200, mean_diversity=0.095950,
indivs=6195699, elapsed_secs=12760, mean=0.571907, stdev=0.151871, best fit=0.701200, best_overall=0.701200, mean_diversity=0.157437,
indivs=6205798, elapsed_secs=12780, mean=0.591307, stdev=0.168452, best fit=0.701200, best_overall=0.701200, mean_diversity=0.174942,
indivs=6215864, elapsed_secs=12801, mean=0.561346, stdev=0.153196, best fit=0.701200, best_overall=0.701200, mean_diversity=0.180531,
indivs=6225930, elapsed_secs=12820, mean=0.544103, stdev=0.202268, best fit=0.701200, best_overall=0.701200, mean_diversity=0.147783,
indivs=6236004, elapsed_secs=12840, mean=0.554953, stdev=0.198636, best fit=0.701200, best_overall=0.701200, mean_diversity=0.092278,
indivs=6246006, elapsed_secs=12863, mean=0.558043, stdev=0.168058, best fit=0.701200, best_overall=0.701200, mean_diversity=0.119301,
indivs=6256023, elapsed_secs=12882, mean=0.628374, stdev=0.135884, best fit=0.701200, best_overall=0.701200, mean_diversity=0.144096,
indivs=6266147, elapsed_secs=12903, mean=0.633978, stdev=0.126577, best fit=0.701200, best_overall=0.701200, mean_diversity=0.133675,
indivs=6276256, elapsed_secs=12921, mean=0.645769, stdev=0.123212, best fit=0.701200, best_overall=0.701200, mean_diversity=0.109451,
indivs=6286400, elapsed_secs=12942, mean=0.593789, stdev=0.205455, best fit=0.701200, best_overall=0.701200, mean_diversity=0.138485,
indivs=6296515, elapsed_secs=12964, mean=0.604520, stdev=0.147686, best fit=0.701200, best_overall=0.701200, mean_diversity=0.202724,
indivs=6306626, elapsed_secs=12986, mean=0.548036, stdev=0.238856, best fit=0.701200, best_overall=0.701200, mean_diversity=0.104256,
indivs=6316744, elapsed_secs=13004, mean=0.583364, stdev=0.219049, best fit=0.701200, best_overall=0.701200, mean_diversity=0.210245,
indivs=6326847, elapsed_secs=13021, mean=0.564743, stdev=0.146001, best fit=0.701200, best_overall=0.701200, mean_diversity=0.135552,
indivs=6336924, elapsed_secs=13041, mean=0.598426, stdev=0.203661, best fit=0.701200, best_overall=0.701200, mean_diversity=0.106558,
indivs=6346998, elapsed_secs=13064, mean=0.573289, stdev=0.139849, best fit=0.701200, best_overall=0.701200, mean_diversity=0.091125,
indivs=6357059, elapsed_secs=13081, mean=0.618072, stdev=0.146230, best fit=0.701200, best_overall=0.701200, mean_diversity=0.182332,
indivs=6367168, elapsed_secs=13101, mean=0.598375, stdev=0.194795, best fit=0.701200, best_overall=0.701200, mean_diversity=0.118763,
indivs=6377189, elapsed_secs=13120, mean=0.616507, stdev=0.130606, best fit=0.701200, best_overall=0.701200, mean_diversity=0.087143,
indivs=6387318, elapsed_secs=13139, mean=0.596962, stdev=0.136372, best fit=0.701200, best_overall=0.701200, mean_diversity=0.114185,
indivs=6397356, elapsed_secs=13158, mean=0.606384, stdev=0.196007, best fit=0.701200, best_overall=0.701200, mean_diversity=0.124375,
indivs=6407458, elapsed_secs=13175, mean=0.599831, stdev=0.107194, best fit=0.701200, best_overall=0.701200, mean_diversity=0.134572,
indivs=6417491, elapsed_secs=13194, mean=0.588254, stdev=0.182719, best fit=0.701200, best_overall=0.701200, mean_diversity=0.162770,
indivs=6427564, elapsed_secs=13215, mean=0.581507, stdev=0.177040, best fit=0.701200, best_overall=0.701200, mean_diversity=0.095359,
indivs=6437735, elapsed_secs=13233, mean=0.615860, stdev=0.176331, best fit=0.701200, best_overall=0.701200, mean_diversity=0.102062,
indivs=6447784, elapsed_secs=13255, mean=0.598439, stdev=0.174081, best fit=0.701200, best_overall=0.701200, mean_diversity=0.108082,
indivs=6457839, elapsed_secs=13277, mean=0.625665, stdev=0.163478, best fit=0.701200, best_overall=0.701200, mean_diversity=0.141667,
indivs=6467848, elapsed_secs=13296, mean=0.580539, stdev=0.210034, best fit=0.701200, best_overall=0.701200, mean_diversity=0.119839,
indivs=6477917, elapsed_secs=13317, mean=0.641680, stdev=0.122026, best fit=0.701200, best_overall=0.701200, mean_diversity=0.119016,
indivs=6487996, elapsed_secs=13337, mean=0.581341, stdev=0.133319, best fit=0.701200, best_overall=0.701200, mean_diversity=0.130085,
indivs=6498097, elapsed_secs=13356, mean=0.628826, stdev=0.106665, best fit=0.701200, best_overall=0.701200, mean_diversity=0.157056,
indivs=6508183, elapsed_secs=13373, mean=0.595312, stdev=0.150722, best fit=0.701200, best_overall=0.701200, mean_diversity=0.105545,
indivs=6518320, elapsed_secs=13396, mean=0.617144, stdev=0.185659, best fit=0.701200, best_overall=0.701200, mean_diversity=0.074628,
indivs=6528326, elapsed_secs=13418, mean=0.588661, stdev=0.101475, best fit=0.701200, best_overall=0.701200, mean_diversity=0.209502,
indivs=6538408, elapsed_secs=13441, mean=0.638295, stdev=0.115285, best fit=0.701200, best_overall=0.701200, mean_diversity=0.142686,
indivs=6548427, elapsed_secs=13463, mean=0.571310, stdev=0.132146, best fit=0.701200, best_overall=0.701200, mean_diversity=0.099180,
indivs=6558550, elapsed_secs=13482, mean=0.595737, stdev=0.185697, best fit=0.701200, best_overall=0.701200, mean_diversity=0.101650,
indivs=6568691, elapsed_secs=13500, mean=0.600675, stdev=0.146801, best fit=0.701200, best_overall=0.701200, mean_diversity=0.151750,
indivs=6578765, elapsed_secs=13520, mean=0.579720, stdev=0.122450, best fit=0.701200, best_overall=0.701200, mean_diversity=0.117456,
indivs=6588887, elapsed_secs=13536, mean=0.561723, stdev=0.192159, best fit=0.701200, best_overall=0.701200, mean_diversity=0.094594,
indivs=6599003, elapsed_secs=13556, mean=0.574300, stdev=0.200042, best fit=0.701200, best_overall=0.701200, mean_diversity=0.111833,
indivs=6609117, elapsed_secs=13580, mean=0.627933, stdev=0.162748, best fit=0.701200, best_overall=0.701200, mean_diversity=0.122590,
indivs=6619181, elapsed_secs=13599, mean=0.616807, stdev=0.149674, best fit=0.701200, best_overall=0.701200, mean_diversity=0.153482,
indivs=6629182, elapsed_secs=13620, mean=0.590398, stdev=0.165465, best fit=0.701200, best_overall=0.701200, mean_diversity=0.131106,
indivs=6639285, elapsed_secs=13644, mean=0.576604, stdev=0.144832, best fit=0.701200, best_overall=0.701200, mean_diversity=0.093445,
indivs=6649387, elapsed_secs=13665, mean=0.628601, stdev=0.090485, best fit=0.701200, best_overall=0.701200, mean_diversity=0.116506,
indivs=6659467, elapsed_secs=13687, mean=0.604633, stdev=0.168373, best fit=0.701200, best_overall=0.701200, mean_diversity=0.115429,
indivs=6669562, elapsed_secs=13707, mean=0.593797, stdev=0.195362, best fit=0.701200, best_overall=0.701200, mean_diversity=0.121878,
indivs=6679722, elapsed_secs=13728, mean=0.602288, stdev=0.184188, best fit=0.701200, best_overall=0.701200, mean_diversity=0.104474,
indivs=6689814, elapsed_secs=13750, mean=0.605722, stdev=0.091223, best fit=0.701200, best_overall=0.701200, mean_diversity=0.118528,
indivs=6699823, elapsed_secs=13772, mean=0.601641, stdev=0.152845, best fit=0.701200, best_overall=0.701200, mean_diversity=0.111825,
indivs=6709944, elapsed_secs=13794, mean=0.603556, stdev=0.163126, best fit=0.701200, best_overall=0.701200, mean_diversity=0.109524,
indivs=6720069, elapsed_secs=13817, mean=0.600463, stdev=0.185679, best fit=0.701200, best_overall=0.701200, mean_diversity=0.130462,
indivs=6730241, elapsed_secs=13836, mean=0.626182, stdev=0.180259, best fit=0.701200, best_overall=0.701200, mean_diversity=0.096960,
indivs=6740252, elapsed_secs=13858, mean=0.586650, stdev=0.211009, best fit=0.701200, best_overall=0.701200, mean_diversity=0.176970,
indivs=6750331, elapsed_secs=13873, mean=0.636877, stdev=0.136718, best fit=0.701200, best_overall=0.701200, mean_diversity=0.191349,
indivs=6760404, elapsed_secs=13893, mean=0.568605, stdev=0.171913, best fit=0.701200, best_overall=0.701200, mean_diversity=0.158383,
indivs=6770492, elapsed_secs=13914, mean=0.614855, stdev=0.184223, best fit=0.701200, best_overall=0.701200, mean_diversity=0.120053,
indivs=6780539, elapsed_secs=13934, mean=0.630332, stdev=0.161975, best fit=0.701200, best_overall=0.701200, mean_diversity=0.136140,
indivs=6790546, elapsed_secs=13955, mean=0.549601, stdev=0.181083, best fit=0.701200, best_overall=0.701200, mean_diversity=0.155546,
indivs=6800639, elapsed_secs=13972, mean=0.579159, stdev=0.120687, best fit=0.701200, best_overall=0.701200, mean_diversity=0.129948,
indivs=6810688, elapsed_secs=13991, mean=0.603602, stdev=0.149096, best fit=0.701200, best_overall=0.701200, mean_diversity=0.093776,
indivs=6820694, elapsed_secs=14012, mean=0.587421, stdev=0.197756, best fit=0.701200, best_overall=0.701200, mean_diversity=0.166403,
indivs=6830765, elapsed_secs=14031, mean=0.601423, stdev=0.080671, best fit=0.701200, best_overall=0.701200, mean_diversity=0.159418,
indivs=6840787, elapsed_secs=14051, mean=0.600259, stdev=0.181617, best fit=0.701200, best_overall=0.701200, mean_diversity=0.119783,
indivs=6850963, elapsed_secs=14072, mean=0.634655, stdev=0.149850, best fit=0.701200, best_overall=0.701200, mean_diversity=0.159590,
indivs=6861030, elapsed_secs=14091, mean=0.582399, stdev=0.206870, best fit=0.701200, best_overall=0.701200, mean_diversity=0.085072,
indivs=6871099, elapsed_secs=14110, mean=0.619103, stdev=0.176746, best fit=0.701200, best_overall=0.701200, mean_diversity=0.117020,
indivs=6881174, elapsed_secs=14131, mean=0.604562, stdev=0.204709, best fit=0.701200, best_overall=0.701200, mean_diversity=0.148818,
indivs=6891220, elapsed_secs=14152, mean=0.583553, stdev=0.147861, best fit=0.701200, best_overall=0.701200, mean_diversity=0.088655,
indivs=6901275, elapsed_secs=14172, mean=0.574737, stdev=0.137044, best fit=0.701200, best_overall=0.701200, mean_diversity=0.163254,
indivs=6911429, elapsed_secs=14191, mean=0.611996, stdev=0.168006, best fit=0.701200, best_overall=0.701200, mean_diversity=0.127848,
indivs=6921526, elapsed_secs=14213, mean=0.603481, stdev=0.082105, best fit=0.701200, best_overall=0.701200, mean_diversity=0.285701,
indivs=6931623, elapsed_secs=14237, mean=0.602819, stdev=0.186516, best fit=0.701200, best_overall=0.701200, mean_diversity=0.128485,
indivs=6941704, elapsed_secs=14257, mean=0.559445, stdev=0.144999, best fit=0.701200, best_overall=0.701200, mean_diversity=0.128087,
indivs=6951795, elapsed_secs=14280, mean=0.615056, stdev=0.165031, best fit=0.701200, best_overall=0.701200, mean_diversity=0.133961,
indivs=6961873, elapsed_secs=14300, mean=0.571675, stdev=0.152541, best fit=0.701200, best_overall=0.701200, mean_diversity=0.090150,
indivs=6971918, elapsed_secs=14322, mean=0.589772, stdev=0.115991, best fit=0.701200, best_overall=0.701200, mean_diversity=0.113738,
indivs=6982010, elapsed_secs=14342, mean=0.591130, stdev=0.101243, best fit=0.701200, best_overall=0.701200, mean_diversity=0.158579,
indivs=6992138, elapsed_secs=14365, mean=0.632215, stdev=0.163437, best fit=0.701200, best_overall=0.701200, mean_diversity=0.191719,
indivs=7002201, elapsed_secs=14385, mean=0.614628, stdev=0.171040, best fit=0.701200, best_overall=0.701200, mean_diversity=0.158780,
indivs=7012300, elapsed_secs=14404, mean=0.560961, stdev=0.205239, best fit=0.701200, best_overall=0.701200, mean_diversity=0.143762,
indivs=7022367, elapsed_secs=14424, mean=0.565568, stdev=0.163985, best fit=0.701200, best_overall=0.701200, mean_diversity=0.135091,
indivs=7032384, elapsed_secs=14442, mean=0.554773, stdev=0.162232, best fit=0.701200, best_overall=0.701200, mean_diversity=0.172596,
indivs=7042460, elapsed_secs=14462, mean=0.614668, stdev=0.150202, best fit=0.701200, best_overall=0.701200, mean_diversity=0.120496,
indivs=7052527, elapsed_secs=14483, mean=0.591676, stdev=0.167130, best fit=0.701200, best_overall=0.701200, mean_diversity=0.156000,
indivs=7062535, elapsed_secs=14505, mean=0.603325, stdev=0.104084, best fit=0.701200, best_overall=0.701200, mean_diversity=0.125000,
indivs=7072580, elapsed_secs=14525, mean=0.624437, stdev=0.163376, best fit=0.701200, best_overall=0.701200, mean_diversity=0.133419,
indivs=7082693, elapsed_secs=14544, mean=0.592696, stdev=0.197477, best fit=0.701200, best_overall=0.701200, mean_diversity=0.145345,
indivs=7092694, elapsed_secs=14566, mean=0.612696, stdev=0.150096, best fit=0.701200, best_overall=0.701200, mean_diversity=0.137879,
indivs=7102755, elapsed_secs=14585, mean=0.566429, stdev=0.174490, best fit=0.701200, best_overall=0.701200, mean_diversity=0.135816,
indivs=7112910, elapsed_secs=14605, mean=0.606695, stdev=0.190756, best fit=0.701200, best_overall=0.701200, mean_diversity=0.174214,
indivs=7123013, elapsed_secs=14625, mean=0.613590, stdev=0.147927, best fit=0.701200, best_overall=0.701200, mean_diversity=0.130631,
indivs=7133124, elapsed_secs=14642, mean=0.611130, stdev=0.125934, best fit=0.701200, best_overall=0.701200, mean_diversity=0.114658,
indivs=7143286, elapsed_secs=14660, mean=0.615281, stdev=0.164764, best fit=0.701200, best_overall=0.701200, mean_diversity=0.145894,
indivs=7153469, elapsed_secs=14680, mean=0.620997, stdev=0.185023, best fit=0.701200, best_overall=0.701200, mean_diversity=0.095981,
indivs=7163502, elapsed_secs=14700, mean=0.598007, stdev=0.163892, best fit=0.701200, best_overall=0.701200, mean_diversity=0.110122,
indivs=7173523, elapsed_secs=14720, mean=0.481994, stdev=0.246417, best fit=0.701200, best_overall=0.701200, mean_diversity=0.152124,
indivs=7183640, elapsed_secs=14744, mean=0.636653, stdev=0.150532, best fit=0.701200, best_overall=0.701200, mean_diversity=0.142438,
indivs=7193782, elapsed_secs=14763, mean=0.599250, stdev=0.170302, best fit=0.701200, best_overall=0.701200, mean_diversity=0.117135,
indivs=7203846, elapsed_secs=14786, mean=0.636499, stdev=0.149491, best fit=0.701200, best_overall=0.701200, mean_diversity=0.103266,
indivs=7213884, elapsed_secs=14805, mean=0.557616, stdev=0.167616, best fit=0.701200, best_overall=0.701200, mean_diversity=0.102637,
indivs=7224024, elapsed_secs=14827, mean=0.624762, stdev=0.128726, best fit=0.701200, best_overall=0.701200, mean_diversity=0.155833,
indivs=7234139, elapsed_secs=14845, mean=0.632001, stdev=0.153514, best fit=0.701200, best_overall=0.701200, mean_diversity=0.088990,
indivs=7244241, elapsed_secs=14865, mean=0.629050, stdev=0.138572, best fit=0.701200, best_overall=0.701200, mean_diversity=0.304539,
indivs=7254278, elapsed_secs=14884, mean=0.606674, stdev=0.158855, best fit=0.701200, best_overall=0.701200, mean_diversity=0.177511,
indivs=7264368, elapsed_secs=14903, mean=0.577041, stdev=0.118933, best fit=0.701200, best_overall=0.701200, mean_diversity=0.135649,
indivs=7274377, elapsed_secs=14926, mean=0.601876, stdev=0.194648, best fit=0.701200, best_overall=0.701200, mean_diversity=0.081089,
indivs=7284398, elapsed_secs=14944, mean=0.586213, stdev=0.180374, best fit=0.701200, best_overall=0.701200, mean_diversity=0.101466,
indivs=7294403, elapsed_secs=14963, mean=0.560735, stdev=0.176517, best fit=0.701200, best_overall=0.701200, mean_diversity=0.163121,
indivs=7304464, elapsed_secs=14982, mean=0.575334, stdev=0.186536, best fit=0.701200, best_overall=0.701200, mean_diversity=0.197076,
indivs=7314473, elapsed_secs=15004, mean=0.610943, stdev=0.142003, best fit=0.701200, best_overall=0.701200, mean_diversity=0.137778,
indivs=7324627, elapsed_secs=15022, mean=0.606408, stdev=0.184372, best fit=0.701200, best_overall=0.701200, mean_diversity=0.143418,
indivs=7334750, elapsed_secs=15041, mean=0.609340, stdev=0.186230, best fit=0.701200, best_overall=0.701200, mean_diversity=0.114219,
indivs=7344785, elapsed_secs=15061, mean=0.580635, stdev=0.111256, best fit=0.701200, best_overall=0.701200, mean_diversity=0.140000,
indivs=7354824, elapsed_secs=15080, mean=0.594720, stdev=0.102770, best fit=0.701200, best_overall=0.701200, mean_diversity=0.075458,
indivs=7364876, elapsed_secs=15098, mean=0.645597, stdev=0.104478, best fit=0.701200, best_overall=0.701200, mean_diversity=0.145201,
indivs=7374984, elapsed_secs=15119, mean=0.568077, stdev=0.163997, best fit=0.701200, best_overall=0.701200, mean_diversity=0.074275,
indivs=7385031, elapsed_secs=15137, mean=0.623916, stdev=0.155415, best fit=0.701200, best_overall=0.701200, mean_diversity=0.113080,
indivs=7395179, elapsed_secs=15156, mean=0.574443, stdev=0.218013, best fit=0.701200, best_overall=0.701200, mean_diversity=0.120945,
indivs=7405225, elapsed_secs=15180, mean=0.616204, stdev=0.161358, best fit=0.701200, best_overall=0.701200, mean_diversity=0.179381,
indivs=7415303, elapsed_secs=15200, mean=0.617219, stdev=0.129799, best fit=0.701200, best_overall=0.701200, mean_diversity=0.071149,
indivs=7425366, elapsed_secs=15221, mean=0.610853, stdev=0.177488, best fit=0.701200, best_overall=0.701200, mean_diversity=0.101452,
indivs=7435506, elapsed_secs=15243, mean=0.605632, stdev=0.172857, best fit=0.701200, best_overall=0.701200, mean_diversity=0.180417,
indivs=7445529, elapsed_secs=15264, mean=0.625064, stdev=0.123337, best fit=0.701200, best_overall=0.701200, mean_diversity=0.180900,
indivs=7455636, elapsed_secs=15285, mean=0.626404, stdev=0.147936, best fit=0.701200, best_overall=0.701200, mean_diversity=0.148151,
indivs=7465742, elapsed_secs=15305, mean=0.585599, stdev=0.119836, best fit=0.701200, best_overall=0.701200, mean_diversity=0.136407,
indivs=7475855, elapsed_secs=15324, mean=0.616676, stdev=0.176075, best fit=0.701200, best_overall=0.701200, mean_diversity=0.162195,
indivs=7485898, elapsed_secs=15343, mean=0.621861, stdev=0.180902, best fit=0.701200, best_overall=0.701200, mean_diversity=0.186329,
indivs=7495936, elapsed_secs=15363, mean=0.575949, stdev=0.145652, best fit=0.701200, best_overall=0.701200, mean_diversity=0.094847,
indivs=7506015, elapsed_secs=15382, mean=0.607536, stdev=0.189783, best fit=0.701200, best_overall=0.701200, mean_diversity=0.070828,
indivs=7516077, elapsed_secs=15406, mean=0.551362, stdev=0.172573, best fit=0.701200, best_overall=0.701200, mean_diversity=0.129243,
indivs=7526097, elapsed_secs=15426, mean=0.609493, stdev=0.185164, best fit=0.701200, best_overall=0.701200, mean_diversity=0.136949,
indivs=7536152, elapsed_secs=15447, mean=0.628054, stdev=0.147222, best fit=0.701200, best_overall=0.701200, mean_diversity=0.123060,
indivs=7546258, elapsed_secs=15468, mean=0.635033, stdev=0.108308, best fit=0.701200, best_overall=0.701200, mean_diversity=0.143783,
indivs=7556378, elapsed_secs=15485, mean=0.613237, stdev=0.093310, best fit=0.701200, best_overall=0.701200, mean_diversity=0.159284,
indivs=7566382, elapsed_secs=15507, mean=0.581991, stdev=0.199686, best fit=0.701200, best_overall=0.701200, mean_diversity=0.084631,
indivs=7576437, elapsed_secs=15527, mean=0.612793, stdev=0.162185, best fit=0.701200, best_overall=0.701200, mean_diversity=0.124895,
indivs=7586536, elapsed_secs=15547, mean=0.589500, stdev=0.107796, best fit=0.701200, best_overall=0.701200, mean_diversity=0.114842,
indivs=7596646, elapsed_secs=15568, mean=0.607452, stdev=0.186421, best fit=0.701200, best_overall=0.701200, mean_diversity=0.070675,
indivs=7606691, elapsed_secs=15592, mean=0.592264, stdev=0.204248, best fit=0.701200, best_overall=0.701200, mean_diversity=0.126934,
indivs=7616714, elapsed_secs=15612, mean=0.626181, stdev=0.099229, best fit=0.701200, best_overall=0.701200, mean_diversity=0.190319,
indivs=7626796, elapsed_secs=15633, mean=0.597277, stdev=0.208309, best fit=0.701200, best_overall=0.701200, mean_diversity=0.111752,
indivs=7636967, elapsed_secs=15657, mean=0.637422, stdev=0.148898, best fit=0.701200, best_overall=0.701200, mean_diversity=0.140836,
indivs=7646967, elapsed_secs=15675, mean=0.577422, stdev=0.180121, best fit=0.701200, best_overall=0.701200, mean_diversity=0.145421,
indivs=7657021, elapsed_secs=15694, mean=0.615332, stdev=0.183761, best fit=0.701200, best_overall=0.701200, mean_diversity=0.155048,
indivs=7667111, elapsed_secs=15713, mean=0.583820, stdev=0.124586, best fit=0.701200, best_overall=0.701200, mean_diversity=0.141061,
indivs=7677252, elapsed_secs=15732, mean=0.552647, stdev=0.234827, best fit=0.701200, best_overall=0.701200, mean_diversity=0.108547,
indivs=7687258, elapsed_secs=15752, mean=0.598328, stdev=0.201419, best fit=0.701200, best_overall=0.701200, mean_diversity=0.076932,
indivs=7697363, elapsed_secs=15772, mean=0.609790, stdev=0.143276, best fit=0.701200, best_overall=0.701200, mean_diversity=0.129097,
indivs=7707403, elapsed_secs=15793, mean=0.623033, stdev=0.138882, best fit=0.701200, best_overall=0.701200, mean_diversity=0.170394,
indivs=7717560, elapsed_secs=15816, mean=0.598049, stdev=0.203293, best fit=0.701200, best_overall=0.701200, mean_diversity=0.200251,
indivs=7727620, elapsed_secs=15836, mean=0.597790, stdev=0.120458, best fit=0.701200, best_overall=0.701200, mean_diversity=0.193553,
indivs=7737786, elapsed_secs=15856, mean=0.638195, stdev=0.126978, best fit=0.701200, best_overall=0.701200, mean_diversity=0.075377,
indivs=7747863, elapsed_secs=15877, mean=0.587587, stdev=0.118383, best fit=0.701200, best_overall=0.701200, mean_diversity=0.116452,
indivs=7758003, elapsed_secs=15898, mean=0.597807, stdev=0.203988, best fit=0.701200, best_overall=0.701200, mean_diversity=0.100925,
indivs=7768130, elapsed_secs=15918, mean=0.603306, stdev=0.211692, best fit=0.701200, best_overall=0.701200, mean_diversity=0.111144,
indivs=7778130, elapsed_secs=15938, mean=0.568717, stdev=0.165024, best fit=0.701200, best_overall=0.701200, mean_diversity=0.204700,
indivs=7788176, elapsed_secs=15957, mean=0.631823, stdev=0.147590, best fit=0.701200, best_overall=0.701200, mean_diversity=0.151262,
indivs=7798260, elapsed_secs=15979, mean=0.631083, stdev=0.161161, best fit=0.701200, best_overall=0.701200, mean_diversity=0.150745,
indivs=7808306, elapsed_secs=15999, mean=0.583325, stdev=0.202871, best fit=0.701200, best_overall=0.701200, mean_diversity=0.131373,
indivs=7818368, elapsed_secs=16016, mean=0.629366, stdev=0.082224, best fit=0.701200, best_overall=0.701200, mean_diversity=0.169351,
indivs=7828399, elapsed_secs=16035, mean=0.537216, stdev=0.236552, best fit=0.701200, best_overall=0.701200, mean_diversity=0.119254,
indivs=7838539, elapsed_secs=16052, mean=0.591309, stdev=0.172333, best fit=0.701200, best_overall=0.701200, mean_diversity=0.129853,
indivs=7848637, elapsed_secs=16073, mean=0.573819, stdev=0.227798, best fit=0.701200, best_overall=0.701200, mean_diversity=0.197692,
indivs=7858786, elapsed_secs=16093, mean=0.569334, stdev=0.225963, best fit=0.701200, best_overall=0.701200, mean_diversity=0.113182,
indivs=7868830, elapsed_secs=16112, mean=0.629771, stdev=0.139365, best fit=0.701200, best_overall=0.701200, mean_diversity=0.255667,
indivs=7878841, elapsed_secs=16130, mean=0.593865, stdev=0.133186, best fit=0.701200, best_overall=0.701200, mean_diversity=0.136375,
indivs=7888984, elapsed_secs=16148, mean=0.602590, stdev=0.170993, best fit=0.701200, best_overall=0.701200, mean_diversity=0.166923,
indivs=7899015, elapsed_secs=16172, mean=0.604398, stdev=0.180894, best fit=0.701200, best_overall=0.701200, mean_diversity=0.194060,
indivs=7909029, elapsed_secs=16189, mean=0.604032, stdev=0.191308, best fit=0.701200, best_overall=0.701200, mean_diversity=0.110925,
indivs=7919130, elapsed_secs=16206, mean=0.579737, stdev=0.159406, best fit=0.701200, best_overall=0.701200, mean_diversity=0.104621,
indivs=7929179, elapsed_secs=16225, mean=0.595041, stdev=0.124949, best fit=0.701200, best_overall=0.701200, mean_diversity=0.099773,
indivs=7939183, elapsed_secs=16246, mean=0.618720, stdev=0.174536, best fit=0.701200, best_overall=0.701200, mean_diversity=0.129677,
indivs=7949249, elapsed_secs=16268, mean=0.586785, stdev=0.167426, best fit=0.701200, best_overall=0.701200, mean_diversity=0.107099,
indivs=7959285, elapsed_secs=16286, mean=0.602304, stdev=0.082473, best fit=0.701200, best_overall=0.701200, mean_diversity=0.073347,
indivs=7969312, elapsed_secs=16304, mean=0.583443, stdev=0.180633, best fit=0.701200, best_overall=0.701200, mean_diversity=0.075507,
indivs=7979319, elapsed_secs=16325, mean=0.582430, stdev=0.210003, best fit=0.701200, best_overall=0.701200, mean_diversity=0.137727,
indivs=7989464, elapsed_secs=16346, mean=0.626365, stdev=0.163769, best fit=0.701200, best_overall=0.701200, mean_diversity=0.169510,
indivs=7999533, elapsed_secs=16363, mean=0.619225, stdev=0.148015, best fit=0.701200, best_overall=0.701200, mean_diversity=0.102336,
indivs=8009551, elapsed_secs=16382, mean=0.576983, stdev=0.210833, best fit=0.701200, best_overall=0.701200, mean_diversity=0.157766,
indivs=8019551, elapsed_secs=16405, mean=0.622491, stdev=0.150486, best fit=0.701200, best_overall=0.701200, mean_diversity=0.057202,
indivs=8029622, elapsed_secs=16426, mean=0.588578, stdev=0.117306, best fit=0.701200, best_overall=0.701200, mean_diversity=0.075523,
indivs=8039656, elapsed_secs=16445, mean=0.603842, stdev=0.167625, best fit=0.701200, best_overall=0.701200, mean_diversity=0.113291,
indivs=8049736, elapsed_secs=16464, mean=0.583331, stdev=0.124755, best fit=0.701200, best_overall=0.701200, mean_diversity=0.174978,
indivs=8059890, elapsed_secs=16484, mean=0.611149, stdev=0.179757, best fit=0.701200, best_overall=0.701200, mean_diversity=0.096318,
indivs=8070044, elapsed_secs=16507, mean=0.613156, stdev=0.164461, best fit=0.701200, best_overall=0.701200, mean_diversity=0.162715,
indivs=8080217, elapsed_secs=16529, mean=0.632822, stdev=0.142725, best fit=0.701200, best_overall=0.701200, mean_diversity=0.173598,
indivs=8090237, elapsed_secs=16548, mean=0.554412, stdev=0.167427, best fit=0.701200, best_overall=0.701200, mean_diversity=0.083238,
indivs=8100352, elapsed_secs=16568, mean=0.624459, stdev=0.143297, best fit=0.701200, best_overall=0.701200, mean_diversity=0.177991,
indivs=8110458, elapsed_secs=16586, mean=0.632759, stdev=0.150336, best fit=0.701200, best_overall=0.701200, mean_diversity=0.138560,
indivs=8120511, elapsed_secs=16607, mean=0.649965, stdev=0.102505, best fit=0.701200, best_overall=0.701200, mean_diversity=0.137344,
indivs=8130619, elapsed_secs=16629, mean=0.601644, stdev=0.091889, best fit=0.701200, best_overall=0.701200, mean_diversity=0.133160,
indivs=8140668, elapsed_secs=16647, mean=0.620855, stdev=0.138234, best fit=0.701200, best_overall=0.701200, mean_diversity=0.118947,
indivs=8150775, elapsed_secs=16667, mean=0.601227, stdev=0.121108, best fit=0.701200, best_overall=0.701200, mean_diversity=0.091574,
indivs=8160780, elapsed_secs=16689, mean=0.577200, stdev=0.133527, best fit=0.701200, best_overall=0.701200, mean_diversity=0.132353,
indivs=8170875, elapsed_secs=16711, mean=0.578871, stdev=0.211366, best fit=0.701200, best_overall=0.701200, mean_diversity=0.130526,
indivs=8180893, elapsed_secs=16729, mean=0.601125, stdev=0.149463, best fit=0.701200, best_overall=0.701200, mean_diversity=0.106903,
indivs=8190967, elapsed_secs=16747, mean=0.608318, stdev=0.120386, best fit=0.701200, best_overall=0.701200, mean_diversity=0.161525,
indivs=8201119, elapsed_secs=16772, mean=0.579785, stdev=0.213915, best fit=0.701200, best_overall=0.701200, mean_diversity=0.166891,
indivs=8211133, elapsed_secs=16794, mean=0.590532, stdev=0.114103, best fit=0.701200, best_overall=0.701200, mean_diversity=0.147460,
indivs=8221238, elapsed_secs=16814, mean=0.616484, stdev=0.136414, best fit=0.701200, best_overall=0.701200, mean_diversity=0.131531,
indivs=8231401, elapsed_secs=16832, mean=0.614974, stdev=0.174319, best fit=0.701200, best_overall=0.701200, mean_diversity=0.122640,
indivs=8241488, elapsed_secs=16850, mean=0.574542, stdev=0.223818, best fit=0.701200, best_overall=0.701200, mean_diversity=0.085226,
indivs=8251515, elapsed_secs=16873, mean=0.619193, stdev=0.168653, best fit=0.701200, best_overall=0.701200, mean_diversity=0.149758,
indivs=8261670, elapsed_secs=16894, mean=0.647695, stdev=0.122224, best fit=0.701200, best_overall=0.701200, mean_diversity=0.127583,
indivs=8271721, elapsed_secs=16912, mean=0.569264, stdev=0.165445, best fit=0.701200, best_overall=0.701200, mean_diversity=0.164662,
indivs=8281795, elapsed_secs=16932, mean=0.590958, stdev=0.127169, best fit=0.701200, best_overall=0.701200, mean_diversity=0.129410,
indivs=8291893, elapsed_secs=16953, mean=0.617731, stdev=0.132863, best fit=0.701200, best_overall=0.701200, mean_diversity=0.084034,
indivs=8302039, elapsed_secs=16971, mean=0.614863, stdev=0.193575, best fit=0.701200, best_overall=0.701200, mean_diversity=0.102520,
indivs=8312183, elapsed_secs=16991, mean=0.600026, stdev=0.175840, best fit=0.701200, best_overall=0.701200, mean_diversity=0.126417,
indivs=8322202, elapsed_secs=17012, mean=0.578671, stdev=0.144999, best fit=0.701200, best_overall=0.701200, mean_diversity=0.138872,
indivs=8332266, elapsed_secs=17032, mean=0.531587, stdev=0.224650, best fit=0.701200, best_overall=0.701200, mean_diversity=0.104870,
indivs=8342378, elapsed_secs=17051, mean=0.591170, stdev=0.194905, best fit=0.701200, best_overall=0.701200, mean_diversity=0.134014,
indivs=8352479, elapsed_secs=17071, mean=0.554558, stdev=0.204924, best fit=0.701200, best_overall=0.701200, mean_diversity=0.145616,
indivs=8362503, elapsed_secs=17089, mean=0.579083, stdev=0.140924, best fit=0.701200, best_overall=0.701200, mean_diversity=0.106196,
indivs=8372611, elapsed_secs=17109, mean=0.595296, stdev=0.174051, best fit=0.701200, best_overall=0.701200, mean_diversity=0.133505,
indivs=8382649, elapsed_secs=17126, mean=0.592629, stdev=0.156916, best fit=0.701200, best_overall=0.701200, mean_diversity=0.090157,
indivs=8392697, elapsed_secs=17145, mean=0.612673, stdev=0.063102, best fit=0.701200, best_overall=0.701200, mean_diversity=0.164337,
indivs=8402718, elapsed_secs=17165, mean=0.564454, stdev=0.167229, best fit=0.701200, best_overall=0.701200, mean_diversity=0.108667,
indivs=8412874, elapsed_secs=17185, mean=0.615043, stdev=0.183815, best fit=0.701200, best_overall=0.701200, mean_diversity=0.218125,
indivs=8422923, elapsed_secs=17202, mean=0.577547, stdev=0.136166, best fit=0.701200, best_overall=0.701200, mean_diversity=0.110270,
indivs=8433043, elapsed_secs=17223, mean=0.620300, stdev=0.123577, best fit=0.701200, best_overall=0.701200, mean_diversity=0.077832,
indivs=8443075, elapsed_secs=17243, mean=0.563253, stdev=0.183575, best fit=0.701200, best_overall=0.701200, mean_diversity=0.078704,
indivs=8453084, elapsed_secs=17262, mean=0.623587, stdev=0.110701, best fit=0.701200, best_overall=0.701200, mean_diversity=0.145043,
indivs=8463147, elapsed_secs=17283, mean=0.606024, stdev=0.194967, best fit=0.701200, best_overall=0.701200, mean_diversity=0.191142,
indivs=8473235, elapsed_secs=17302, mean=0.567953, stdev=0.223609, best fit=0.701200, best_overall=0.701200, mean_diversity=0.142596,
indivs=8483273, elapsed_secs=17321, mean=0.577981, stdev=0.119147, best fit=0.701200, best_overall=0.701200, mean_diversity=0.188151,
indivs=8493362, elapsed_secs=17342, mean=0.624268, stdev=0.165164, best fit=0.701200, best_overall=0.701200, mean_diversity=0.107472,
indivs=8503413, elapsed_secs=17358, mean=0.581585, stdev=0.124342, best fit=0.701200, best_overall=0.701200, mean_diversity=0.150393,
indivs=8513492, elapsed_secs=17379, mean=0.610745, stdev=0.048650, best fit=0.701200, best_overall=0.701200, mean_diversity=0.117409,
indivs=8523511, elapsed_secs=17400, mean=0.597228, stdev=0.126430, best fit=0.701200, best_overall=0.701200, mean_diversity=0.080496,
indivs=8533524, elapsed_secs=17421, mean=0.614178, stdev=0.115688, best fit=0.701200, best_overall=0.701200, mean_diversity=0.168300,
indivs=8543525, elapsed_secs=17443, mean=0.613639, stdev=0.120340, best fit=0.701200, best_overall=0.701200, mean_diversity=0.113598,
indivs=8553558, elapsed_secs=17462, mean=0.588060, stdev=0.163685, best fit=0.701200, best_overall=0.701200, mean_diversity=0.122663,
indivs=8563643, elapsed_secs=17486, mean=0.543540, stdev=0.191949, best fit=0.701200, best_overall=0.701200, mean_diversity=0.154955,
indivs=8573643, elapsed_secs=17506, mean=0.569250, stdev=0.152719, best fit=0.701200, best_overall=0.701200, mean_diversity=0.077452,
indivs=8583743, elapsed_secs=17526, mean=0.570213, stdev=0.189131, best fit=0.701200, best_overall=0.701200, mean_diversity=0.160343,
indivs=8593775, elapsed_secs=17548, mean=0.619053, stdev=0.161448, best fit=0.701200, best_overall=0.701200, mean_diversity=0.113288,
indivs=8603874, elapsed_secs=17566, mean=0.638645, stdev=0.133250, best fit=0.701200, best_overall=0.701200, mean_diversity=0.167990,
indivs=8613895, elapsed_secs=17586, mean=0.543284, stdev=0.166547, best fit=0.701200, best_overall=0.701200, mean_diversity=0.127426,
indivs=8623988, elapsed_secs=17603, mean=0.575232, stdev=0.138949, best fit=0.701200, best_overall=0.701200, mean_diversity=0.139661,
indivs=8634004, elapsed_secs=17625, mean=0.598545, stdev=0.108326, best fit=0.701200, best_overall=0.701200, mean_diversity=0.172572,
indivs=8644130, elapsed_secs=17647, mean=0.609955, stdev=0.185063, best fit=0.701200, best_overall=0.701200, mean_diversity=0.122522,
indivs=8654244, elapsed_secs=17670, mean=0.611333, stdev=0.149501, best fit=0.701200, best_overall=0.701200, mean_diversity=0.110413,
indivs=8664286, elapsed_secs=17687, mean=0.555098, stdev=0.182881, best fit=0.701200, best_overall=0.701200, mean_diversity=0.099049,
indivs=8674309, elapsed_secs=17707, mean=0.624870, stdev=0.183431, best fit=0.701200, best_overall=0.701200, mean_diversity=0.160839,
indivs=8684402, elapsed_secs=17728, mean=0.632382, stdev=0.122031, best fit=0.701200, best_overall=0.701200, mean_diversity=0.117372,
indivs=8694465, elapsed_secs=17751, mean=0.617943, stdev=0.134642, best fit=0.701200, best_overall=0.701200, mean_diversity=0.149748,
indivs=8704522, elapsed_secs=17775, mean=0.605420, stdev=0.127425, best fit=0.701200, best_overall=0.701200, mean_diversity=0.099098,
indivs=8714642, elapsed_secs=17801, mean=0.626390, stdev=0.135475, best fit=0.701200, best_overall=0.701200, mean_diversity=0.161214,
indivs=8724800, elapsed_secs=17819, mean=0.622836, stdev=0.165237, best fit=0.701200, best_overall=0.701200, mean_diversity=0.107938,
indivs=8734932, elapsed_secs=17839, mean=0.619329, stdev=0.146842, best fit=0.701200, best_overall=0.701200, mean_diversity=0.262524,
indivs=8745080, elapsed_secs=17860, mean=0.587979, stdev=0.203212, best fit=0.701200, best_overall=0.701200, mean_diversity=0.111020,
indivs=8755164, elapsed_secs=17881, mean=0.573258, stdev=0.196920, best fit=0.701200, best_overall=0.701200, mean_diversity=0.106256,
indivs=8765210, elapsed_secs=17901, mean=0.598003, stdev=0.160025, best fit=0.701200, best_overall=0.701200, mean_diversity=0.132267,
indivs=8775261, elapsed_secs=17925, mean=0.611013, stdev=0.132720, best fit=0.701200, best_overall=0.701200, mean_diversity=0.163810,
indivs=8785390, elapsed_secs=17944, mean=0.646495, stdev=0.122292, best fit=0.701200, best_overall=0.701200, mean_diversity=0.106901,
indivs=8795546, elapsed_secs=17963, mean=0.581788, stdev=0.209891, best fit=0.701200, best_overall=0.701200, mean_diversity=0.160374,
indivs=8805570, elapsed_secs=17986, mean=0.613075, stdev=0.142321, best fit=0.701200, best_overall=0.701200, mean_diversity=0.163750,
indivs=8815637, elapsed_secs=18008, mean=0.647159, stdev=0.136642, best fit=0.701200, best_overall=0.701200, mean_diversity=0.174298,
indivs=8825672, elapsed_secs=18027, mean=0.581742, stdev=0.211388, best fit=0.701200, best_overall=0.701200, mean_diversity=0.120083,
indivs=8835797, elapsed_secs=18046, mean=0.598581, stdev=0.177750, best fit=0.701200, best_overall=0.701200, mean_diversity=0.115125,
indivs=8845890, elapsed_secs=18066, mean=0.610838, stdev=0.172602, best fit=0.701200, best_overall=0.701200, mean_diversity=0.214176,
indivs=8855983, elapsed_secs=18087, mean=0.578326, stdev=0.109369, best fit=0.701200, best_overall=0.701200, mean_diversity=0.156842,
indivs=8866053, elapsed_secs=18105, mean=0.627240, stdev=0.164467, best fit=0.701200, best_overall=0.701200, mean_diversity=0.152033,
indivs=8876101, elapsed_secs=18123, mean=0.602368, stdev=0.146177, best fit=0.701200, best_overall=0.701200, mean_diversity=0.188354,
indivs=8886189, elapsed_secs=18144, mean=0.606087, stdev=0.143227, best fit=0.701200, best_overall=0.701200, mean_diversity=0.089930,
indivs=8896228, elapsed_secs=18166, mean=0.584770, stdev=0.218738, best fit=0.701200, best_overall=0.701200, mean_diversity=0.156512,
indivs=8906274, elapsed_secs=18187, mean=0.606874, stdev=0.195733, best fit=0.701200, best_overall=0.701200, mean_diversity=0.094400,
indivs=8916325, elapsed_secs=18209, mean=0.579160, stdev=0.130781, best fit=0.701200, best_overall=0.701200, mean_diversity=0.088908,
indivs=8926407, elapsed_secs=18229, mean=0.595172, stdev=0.192316, best fit=0.701200, best_overall=0.701200, mean_diversity=0.111992,
indivs=8936455, elapsed_secs=18250, mean=0.587246, stdev=0.123090, best fit=0.701200, best_overall=0.701200, mean_diversity=0.141088,
indivs=8946486, elapsed_secs=18269, mean=0.582746, stdev=0.170053, best fit=0.701200, best_overall=0.701200, mean_diversity=0.223425,
indivs=8956584, elapsed_secs=18293, mean=0.588634, stdev=0.102977, best fit=0.701200, best_overall=0.701200, mean_diversity=0.114792,
indivs=8966661, elapsed_secs=18315, mean=0.573739, stdev=0.147098, best fit=0.701200, best_overall=0.701200, mean_diversity=0.143866,
indivs=8976771, elapsed_secs=18335, mean=0.637464, stdev=0.161557, best fit=0.701200, best_overall=0.701200, mean_diversity=0.123846,
indivs=8986866, elapsed_secs=18356, mean=0.589534, stdev=0.182488, best fit=0.701200, best_overall=0.701200, mean_diversity=0.063885,
indivs=8996930, elapsed_secs=18377, mean=0.615547, stdev=0.137419, best fit=0.701200, best_overall=0.701200, mean_diversity=0.160510,
indivs=9007021, elapsed_secs=18398, mean=0.565566, stdev=0.218734, best fit=0.701200, best_overall=0.701200, mean_diversity=0.086888,
indivs=9017061, elapsed_secs=18418, mean=0.624666, stdev=0.112020, best fit=0.701200, best_overall=0.701200, mean_diversity=0.237879,
indivs=9027063, elapsed_secs=18440, mean=0.628055, stdev=0.122339, best fit=0.701200, best_overall=0.701200, mean_diversity=0.091736,
indivs=9037129, elapsed_secs=18459, mean=0.638794, stdev=0.101251, best fit=0.701200, best_overall=0.701200, mean_diversity=0.173674,
indivs=9047148, elapsed_secs=18480, mean=0.588426, stdev=0.119565, best fit=0.701200, best_overall=0.701200, mean_diversity=0.103529,
indivs=9057188, elapsed_secs=18499, mean=0.594861, stdev=0.202600, best fit=0.701200, best_overall=0.701200, mean_diversity=0.158515,
indivs=9067319, elapsed_secs=18517, mean=0.592305, stdev=0.185070, best fit=0.701200, best_overall=0.701200, mean_diversity=0.125161,
indivs=9077400, elapsed_secs=18533, mean=0.571608, stdev=0.142353, best fit=0.701200, best_overall=0.701200, mean_diversity=0.118063,
indivs=9087542, elapsed_secs=18555, mean=0.603569, stdev=0.173141, best fit=0.701200, best_overall=0.701200, mean_diversity=0.075403,
indivs=9097562, elapsed_secs=18574, mean=0.598941, stdev=0.194251, best fit=0.701200, best_overall=0.701200, mean_diversity=0.106556,
indivs=9107636, elapsed_secs=18594, mean=0.618834, stdev=0.166062, best fit=0.701200, best_overall=0.701200, mean_diversity=0.105000,
indivs=9117654, elapsed_secs=18614, mean=0.614860, stdev=0.181730, best fit=0.701200, best_overall=0.701200, mean_diversity=0.099790,
indivs=9127752, elapsed_secs=18634, mean=0.638663, stdev=0.136543, best fit=0.701200, best_overall=0.701200, mean_diversity=0.063655,
indivs=9137766, elapsed_secs=18652, mean=0.624129, stdev=0.090678, best fit=0.701200, best_overall=0.701200, mean_diversity=0.181983,
indivs=9147771, elapsed_secs=18671, mean=0.572067, stdev=0.132308, best fit=0.701200, best_overall=0.701200, mean_diversity=0.118403,
indivs=9157849, elapsed_secs=18690, mean=0.564189, stdev=0.145252, best fit=0.701200, best_overall=0.701200, mean_diversity=0.148943,
indivs=9167862, elapsed_secs=18710, mean=0.611764, stdev=0.168697, best fit=0.701200, best_overall=0.701200, mean_diversity=0.103733,
indivs=9177979, elapsed_secs=18730, mean=0.561503, stdev=0.174749, best fit=0.701200, best_overall=0.701200, mean_diversity=0.122316,
indivs=9188081, elapsed_secs=18753, mean=0.614886, stdev=0.152576, best fit=0.701200, best_overall=0.701200, mean_diversity=0.085176,
indivs=9198109, elapsed_secs=18771, mean=0.543599, stdev=0.174039, best fit=0.701200, best_overall=0.701200, mean_diversity=0.115802,
indivs=9208120, elapsed_secs=18789, mean=0.592498, stdev=0.113824, best fit=0.701200, best_overall=0.701200, mean_diversity=0.177348,
indivs=9218174, elapsed_secs=18807, mean=0.577088, stdev=0.142795, best fit=0.701200, best_overall=0.701200, mean_diversity=0.080082,
indivs=9228278, elapsed_secs=18828, mean=0.580405, stdev=0.160949, best fit=0.701200, best_overall=0.701200, mean_diversity=0.128154,
indivs=9238294, elapsed_secs=18847, mean=0.574490, stdev=0.216865, best fit=0.701200, best_overall=0.701200, mean_diversity=0.192460,
indivs=9248346, elapsed_secs=18867, mean=0.578607, stdev=0.131797, best fit=0.701200, best_overall=0.701200, mean_diversity=0.188415,
indivs=9258370, elapsed_secs=18887, mean=0.577764, stdev=0.201942, best fit=0.701200, best_overall=0.701200, mean_diversity=0.086414,
indivs=9268427, elapsed_secs=18908, mean=0.611025, stdev=0.166166, best fit=0.701200, best_overall=0.701200, mean_diversity=0.142723,
indivs=9278546, elapsed_secs=18930, mean=0.568582, stdev=0.189384, best fit=0.701200, best_overall=0.701200, mean_diversity=0.101387,
indivs=9288699, elapsed_secs=18948, mean=0.619454, stdev=0.151021, best fit=0.701200, best_overall=0.701200, mean_diversity=0.068957,
indivs=9298700, elapsed_secs=18968, mean=0.589396, stdev=0.144873, best fit=0.701200, best_overall=0.701200, mean_diversity=0.117042,
indivs=9308741, elapsed_secs=18989, mean=0.593383, stdev=0.165628, best fit=0.701200, best_overall=0.701200, mean_diversity=0.065502,
indivs=9318774, elapsed_secs=19008, mean=0.581028, stdev=0.129288, best fit=0.701200, best_overall=0.701200, mean_diversity=0.131404,
indivs=9328841, elapsed_secs=19029, mean=0.582630, stdev=0.130646, best fit=0.701200, best_overall=0.701200, mean_diversity=0.125455,
indivs=9338957, elapsed_secs=19050, mean=0.615428, stdev=0.133824, best fit=0.701200, best_overall=0.701200, mean_diversity=0.123659,
indivs=9348981, elapsed_secs=19068, mean=0.626220, stdev=0.154282, best fit=0.701200, best_overall=0.701200, mean_diversity=0.144330,
indivs=9358992, elapsed_secs=19090, mean=0.571073, stdev=0.142449, best fit=0.701200, best_overall=0.701200, mean_diversity=0.134203,
indivs=9369033, elapsed_secs=19110, mean=0.589982, stdev=0.201618, best fit=0.701200, best_overall=0.701200, mean_diversity=0.130906,
indivs=9379120, elapsed_secs=19131, mean=0.574402, stdev=0.119021, best fit=0.701200, best_overall=0.701200, mean_diversity=0.129098,
indivs=9389220, elapsed_secs=19151, mean=0.610532, stdev=0.178823, best fit=0.701200, best_overall=0.701200, mean_diversity=0.152887,
indivs=9399305, elapsed_secs=19168, mean=0.582174, stdev=0.129404, best fit=0.701200, best_overall=0.701200, mean_diversity=0.092206,
indivs=9409484, elapsed_secs=19190, mean=0.631417, stdev=0.138729, best fit=0.701200, best_overall=0.701200, mean_diversity=0.090412,
indivs=9419531, elapsed_secs=19209, mean=0.610817, stdev=0.184716, best fit=0.701200, best_overall=0.701200, mean_diversity=0.134955,
indivs=9429610, elapsed_secs=19231, mean=0.571790, stdev=0.235413, best fit=0.701200, best_overall=0.701200, mean_diversity=0.091695,
indivs=9439640, elapsed_secs=19254, mean=0.606142, stdev=0.175840, best fit=0.701200, best_overall=0.701200, mean_diversity=0.173459,
indivs=9449795, elapsed_secs=19274, mean=0.600609, stdev=0.195050, best fit=0.701200, best_overall=0.701200, mean_diversity=0.131418,
indivs=9459917, elapsed_secs=19295, mean=0.575677, stdev=0.247470, best fit=0.701200, best_overall=0.701200, mean_diversity=0.131617,
indivs=9469930, elapsed_secs=19314, mean=0.548098, stdev=0.180172, best fit=0.701200, best_overall=0.701200, mean_diversity=0.108625,
indivs=9480048, elapsed_secs=19333, mean=0.625526, stdev=0.152823, best fit=0.701200, best_overall=0.701200, mean_diversity=0.144137,
indivs=9490163, elapsed_secs=19353, mean=0.635227, stdev=0.147886, best fit=0.701200, best_overall=0.701200, mean_diversity=0.079249,
indivs=9500300, elapsed_secs=19373, mean=0.641338, stdev=0.106485, best fit=0.701200, best_overall=0.701200, mean_diversity=0.167375,
indivs=9510362, elapsed_secs=19390, mean=0.632162, stdev=0.137634, best fit=0.701200, best_overall=0.701200, mean_diversity=0.157330,
indivs=9520477, elapsed_secs=19411, mean=0.616409, stdev=0.125972, best fit=0.701200, best_overall=0.701200, mean_diversity=0.139038,
indivs=9530526, elapsed_secs=19431, mean=0.615961, stdev=0.184474, best fit=0.701200, best_overall=0.701200, mean_diversity=0.183526,
indivs=9540568, elapsed_secs=19452, mean=0.609304, stdev=0.175726, best fit=0.701200, best_overall=0.701200, mean_diversity=0.074038,
indivs=9550733, elapsed_secs=19471, mean=0.598531, stdev=0.186506, best fit=0.701200, best_overall=0.701200, mean_diversity=0.161398,
indivs=9560839, elapsed_secs=19492, mean=0.611789, stdev=0.163620, best fit=0.701200, best_overall=0.701200, mean_diversity=0.133681,
indivs=9571011, elapsed_secs=19510, mean=0.620056, stdev=0.166583, best fit=0.701200, best_overall=0.701200, mean_diversity=0.090061,
indivs=9581093, elapsed_secs=19529, mean=0.591442, stdev=0.168356, best fit=0.701200, best_overall=0.701200, mean_diversity=0.107624,
indivs=9591181, elapsed_secs=19549, mean=0.583873, stdev=0.185200, best fit=0.701200, best_overall=0.701200, mean_diversity=0.108220,
indivs=9601299, elapsed_secs=19572, mean=0.597432, stdev=0.186477, best fit=0.701200, best_overall=0.701200, mean_diversity=0.109505,
indivs=9611398, elapsed_secs=19591, mean=0.564397, stdev=0.168260, best fit=0.701200, best_overall=0.701200, mean_diversity=0.120500,
indivs=9621405, elapsed_secs=19610, mean=0.571283, stdev=0.130408, best fit=0.701200, best_overall=0.701200, mean_diversity=0.170500,
indivs=9631496, elapsed_secs=19628, mean=0.576806, stdev=0.139390, best fit=0.701200, best_overall=0.701200, mean_diversity=0.128933,
indivs=9641534, elapsed_secs=19648, mean=0.537892, stdev=0.228712, best fit=0.701200, best_overall=0.701200, mean_diversity=0.092552,
indivs=9651632, elapsed_secs=19670, mean=0.594131, stdev=0.203724, best fit=0.701200, best_overall=0.701200, mean_diversity=0.139719,
indivs=9661640, elapsed_secs=19690, mean=0.575414, stdev=0.152332, best fit=0.701200, best_overall=0.701200, mean_diversity=0.126205,
indivs=9671792, elapsed_secs=19709, mean=0.604512, stdev=0.166271, best fit=0.701200, best_overall=0.701200, mean_diversity=0.150427,
indivs=9681927, elapsed_secs=19730, mean=0.621030, stdev=0.153269, best fit=0.701200, best_overall=0.701200, mean_diversity=0.118035,
indivs=9692028, elapsed_secs=19752, mean=0.603078, stdev=0.185537, best fit=0.701200, best_overall=0.701200, mean_diversity=0.129457,
indivs=9702047, elapsed_secs=19778, mean=0.617172, stdev=0.112722, best fit=0.701200, best_overall=0.701200, mean_diversity=0.190279,
indivs=9712060, elapsed_secs=19803, mean=0.577663, stdev=0.215471, best fit=0.701200, best_overall=0.701200, mean_diversity=0.102256,
indivs=9722089, elapsed_secs=19825, mean=0.590225, stdev=0.119150, best fit=0.701200, best_overall=0.701200, mean_diversity=0.148167,
indivs=9732130, elapsed_secs=19843, mean=0.616001, stdev=0.159409, best fit=0.701200, best_overall=0.701200, mean_diversity=0.136703,
indivs=9742284, elapsed_secs=19861, mean=0.614921, stdev=0.151243, best fit=0.701200, best_overall=0.701200, mean_diversity=0.258586,
indivs=9752426, elapsed_secs=19887, mean=0.571692, stdev=0.230427, best fit=0.701200, best_overall=0.701200, mean_diversity=0.161797,
indivs=9762559, elapsed_secs=19908, mean=0.613259, stdev=0.175893, best fit=0.701200, best_overall=0.701200, mean_diversity=0.130398,
indivs=9772737, elapsed_secs=19928, mean=0.603588, stdev=0.197854, best fit=0.701200, best_overall=0.701200, mean_diversity=0.144386,
indivs=9782845, elapsed_secs=19949, mean=0.620112, stdev=0.135637, best fit=0.701200, best_overall=0.701200, mean_diversity=0.143077,
indivs=9792881, elapsed_secs=19968, mean=0.614400, stdev=0.166515, best fit=0.701200, best_overall=0.701200, mean_diversity=0.098131,
indivs=9802956, elapsed_secs=19988, mean=0.610185, stdev=0.134763, best fit=0.701200, best_overall=0.701200, mean_diversity=0.155026,
indivs=9812984, elapsed_secs=20010, mean=0.619178, stdev=0.174402, best fit=0.701200, best_overall=0.701200, mean_diversity=0.186458,
indivs=9823055, elapsed_secs=20030, mean=0.607648, stdev=0.149716, best fit=0.701200, best_overall=0.701200, mean_diversity=0.078409,
indivs=9833148, elapsed_secs=20051, mean=0.608841, stdev=0.103125, best fit=0.701200, best_overall=0.701200, mean_diversity=0.139545,
indivs=9843317, elapsed_secs=20071, mean=0.604424, stdev=0.201481, best fit=0.701200, best_overall=0.701200, mean_diversity=0.098014,
indivs=9853358, elapsed_secs=20090, mean=0.603321, stdev=0.157212, best fit=0.701200, best_overall=0.701200, mean_diversity=0.195774,
indivs=9863367, elapsed_secs=20111, mean=0.557454, stdev=0.142909, best fit=0.701200, best_overall=0.701200, mean_diversity=0.083057,
indivs=9873469, elapsed_secs=20132, mean=0.611656, stdev=0.175447, best fit=0.701200, best_overall=0.701200, mean_diversity=0.154949,
indivs=9883510, elapsed_secs=20151, mean=0.569256, stdev=0.150247, best fit=0.701200, best_overall=0.701200, mean_diversity=0.157434,
indivs=9893517, elapsed_secs=20172, mean=0.576317, stdev=0.132348, best fit=0.701200, best_overall=0.701200, mean_diversity=0.148205,
indivs=9903554, elapsed_secs=20192, mean=0.602694, stdev=0.110417, best fit=0.701200, best_overall=0.701200, mean_diversity=0.169765,
indivs=9913642, elapsed_secs=20212, mean=0.589009, stdev=0.127337, best fit=0.701200, best_overall=0.701200, mean_diversity=0.108724,
indivs=9923733, elapsed_secs=20232, mean=0.610869, stdev=0.190841, best fit=0.701200, best_overall=0.701200, mean_diversity=0.220000,
indivs=9933847, elapsed_secs=20253, mean=0.618671, stdev=0.174585, best fit=0.701200, best_overall=0.701200, mean_diversity=0.190287,
indivs=9943933, elapsed_secs=20272, mean=0.564429, stdev=0.144151, best fit=0.701200, best_overall=0.701200, mean_diversity=0.167194,
indivs=9953995, elapsed_secs=20291, mean=0.615347, stdev=0.164829, best fit=0.701200, best_overall=0.701200, mean_diversity=0.113158,
indivs=9964001, elapsed_secs=20314, mean=0.629529, stdev=0.151733, best fit=0.701200, best_overall=0.701200, mean_diversity=0.139527,
indivs=9974045, elapsed_secs=20335, mean=0.606332, stdev=0.192162, best fit=0.701200, best_overall=0.701200, mean_diversity=0.256087,
indivs=9984188, elapsed_secs=20360, mean=0.584916, stdev=0.198102, best fit=0.701200, best_overall=0.701200, mean_diversity=0.087465,
indivs=9994263, elapsed_secs=20380, mean=0.601608, stdev=0.173499, best fit=0.701200, best_overall=0.701200, mean_diversity=0.102264,
indivs=10004338, elapsed_secs=20401, mean=0.618994, stdev=0.160187, best fit=0.701200, best_overall=0.701200, mean_diversity=0.119205,
indivs=10014426, elapsed_secs=20421, mean=0.599523, stdev=0.121874, best fit=0.701200, best_overall=0.701200, mean_diversity=0.201458,
indivs=10024512, elapsed_secs=20439, mean=0.589819, stdev=0.164896, best fit=0.701200, best_overall=0.701200, mean_diversity=0.138861,
indivs=10034581, elapsed_secs=20458, mean=0.610749, stdev=0.115392, best fit=0.701200, best_overall=0.701200, mean_diversity=0.127644,
indivs=10044652, elapsed_secs=20477, mean=0.602362, stdev=0.137810, best fit=0.701200, best_overall=0.701200, mean_diversity=0.186935,
indivs=10054775, elapsed_secs=20496, mean=0.607915, stdev=0.135941, best fit=0.701200, best_overall=0.701200, mean_diversity=0.086032,
indivs=10064852, elapsed_secs=20516, mean=0.612646, stdev=0.129161, best fit=0.701200, best_overall=0.701200, mean_diversity=0.168571,
indivs=10075003, elapsed_secs=20538, mean=0.597455, stdev=0.195093, best fit=0.701200, best_overall=0.701200, mean_diversity=0.108084,
indivs=10085043, elapsed_secs=20558, mean=0.556583, stdev=0.216251, best fit=0.701200, best_overall=0.701200, mean_diversity=0.085448,
indivs=10095141, elapsed_secs=20578, mean=0.596660, stdev=0.129697, best fit=0.701200, best_overall=0.701200, mean_diversity=0.209167,
indivs=10105154, elapsed_secs=20599, mean=0.627113, stdev=0.098977, best fit=0.701200, best_overall=0.701200, mean_diversity=0.109098,
indivs=10115204, elapsed_secs=20623, mean=0.616653, stdev=0.157470, best fit=0.701200, best_overall=0.701200, mean_diversity=0.278728,
indivs=10125227, elapsed_secs=20648, mean=0.620677, stdev=0.166732, best fit=0.701200, best_overall=0.701200, mean_diversity=0.142438,
indivs=10135331, elapsed_secs=20667, mean=0.602724, stdev=0.195056, best fit=0.701200, best_overall=0.701200, mean_diversity=0.142634,
indivs=10145404, elapsed_secs=20685, mean=0.612779, stdev=0.149640, best fit=0.701200, best_overall=0.701200, mean_diversity=0.127778,
indivs=10155543, elapsed_secs=20704, mean=0.600312, stdev=0.194739, best fit=0.701200, best_overall=0.701200, mean_diversity=0.188849,
indivs=10165621, elapsed_secs=20724, mean=0.609823, stdev=0.173563, best fit=0.701200, best_overall=0.701200, mean_diversity=0.108220,
indivs=10175725, elapsed_secs=20744, mean=0.588824, stdev=0.209208, best fit=0.701200, best_overall=0.701200, mean_diversity=0.109813,
indivs=10185838, elapsed_secs=20764, mean=0.592326, stdev=0.184186, best fit=0.701200, best_overall=0.701200, mean_diversity=0.123520,
indivs=10195934, elapsed_secs=20785, mean=0.572882, stdev=0.138543, best fit=0.701200, best_overall=0.701200, mean_diversity=0.045492,
indivs=10205986, elapsed_secs=20805, mean=0.627896, stdev=0.177724, best fit=0.701200, best_overall=0.701200, mean_diversity=0.127538,
indivs=10216092, elapsed_secs=20829, mean=0.589315, stdev=0.133134, best fit=0.701200, best_overall=0.701200, mean_diversity=0.153505,
indivs=10226117, elapsed_secs=20851, mean=0.609104, stdev=0.186242, best fit=0.701200, best_overall=0.701200, mean_diversity=0.175061,
indivs=10236226, elapsed_secs=20872, mean=0.628076, stdev=0.158476, best fit=0.701200, best_overall=0.701200, mean_diversity=0.170847,
indivs=10246322, elapsed_secs=20893, mean=0.607983, stdev=0.185089, best fit=0.701200, best_overall=0.701200, mean_diversity=0.105254,
indivs=10256367, elapsed_secs=20914, mean=0.635923, stdev=0.150815, best fit=0.701200, best_overall=0.701200, mean_diversity=0.101533,
indivs=10266448, elapsed_secs=20934, mean=0.595876, stdev=0.107822, best fit=0.701200, best_overall=0.701200, mean_diversity=0.098653,
indivs=10276490, elapsed_secs=20952, mean=0.578221, stdev=0.189117, best fit=0.701200, best_overall=0.701200, mean_diversity=0.170308,
indivs=10286548, elapsed_secs=20973, mean=0.650336, stdev=0.132601, best fit=0.701200, best_overall=0.701200, mean_diversity=0.168664,
indivs=10296686, elapsed_secs=20994, mean=0.611804, stdev=0.181244, best fit=0.701200, best_overall=0.701200, mean_diversity=0.221245,
indivs=10306756, elapsed_secs=21014, mean=0.635339, stdev=0.149671, best fit=0.701200, best_overall=0.701200, mean_diversity=0.114139,
indivs=10316794, elapsed_secs=21037, mean=0.626106, stdev=0.089149, best fit=0.701200, best_overall=0.701200, mean_diversity=0.202012,
indivs=10326848, elapsed_secs=21057, mean=0.577605, stdev=0.119341, best fit=0.701200, best_overall=0.701200, mean_diversity=0.085189,
indivs=10336953, elapsed_secs=21078, mean=0.576630, stdev=0.135426, best fit=0.701200, best_overall=0.701200, mean_diversity=0.161543,
indivs=10346957, elapsed_secs=21099, mean=0.615502, stdev=0.173005, best fit=0.701200, best_overall=0.701200, mean_diversity=0.135740,
indivs=10356969, elapsed_secs=21119, mean=0.601176, stdev=0.111276, best fit=0.701200, best_overall=0.701200, mean_diversity=0.142764,
indivs=10367084, elapsed_secs=21140, mean=0.632509, stdev=0.150700, best fit=0.701200, best_overall=0.701200, mean_diversity=0.144067,
indivs=10377220, elapsed_secs=21158, mean=0.574572, stdev=0.167687, best fit=0.701200, best_overall=0.701200, mean_diversity=0.125185,
indivs=10387241, elapsed_secs=21179, mean=0.582792, stdev=0.220706, best fit=0.701200, best_overall=0.701200, mean_diversity=0.054932,
indivs=10397360, elapsed_secs=21199, mean=0.601532, stdev=0.126144, best fit=0.701200, best_overall=0.701200, mean_diversity=0.138944,
indivs=10407423, elapsed_secs=21218, mean=0.592495, stdev=0.133916, best fit=0.701200, best_overall=0.701200, mean_diversity=0.130375,
indivs=10417496, elapsed_secs=21237, mean=0.611231, stdev=0.165380, best fit=0.701200, best_overall=0.701200, mean_diversity=0.161312,
indivs=10427556, elapsed_secs=21257, mean=0.580535, stdev=0.207392, best fit=0.701200, best_overall=0.701200, mean_diversity=0.127194,
indivs=10437566, elapsed_secs=21276, mean=0.617304, stdev=0.174023, best fit=0.701200, best_overall=0.701200, mean_diversity=0.118560,
indivs=10447600, elapsed_secs=21301, mean=0.610235, stdev=0.186187, best fit=0.701200, best_overall=0.701200, mean_diversity=0.175885,
indivs=10457769, elapsed_secs=21323, mean=0.593505, stdev=0.203788, best fit=0.701200, best_overall=0.701200, mean_diversity=0.145621,
indivs=10467776, elapsed_secs=21343, mean=0.598790, stdev=0.171475, best fit=0.701200, best_overall=0.701200, mean_diversity=0.131772,
indivs=10477806, elapsed_secs=21363, mean=0.602548, stdev=0.165923, best fit=0.701200, best_overall=0.701200, mean_diversity=0.226667,
indivs=10487854, elapsed_secs=21382, mean=0.585601, stdev=0.169227, best fit=0.701200, best_overall=0.701200, mean_diversity=0.135450,
indivs=10497911, elapsed_secs=21399, mean=0.564010, stdev=0.158021, best fit=0.701200, best_overall=0.701200, mean_diversity=0.091519,
indivs=10507944, elapsed_secs=21422, mean=0.589404, stdev=0.111912, best fit=0.701200, best_overall=0.701200, mean_diversity=0.163861,
indivs=10517982, elapsed_secs=21442, mean=0.559580, stdev=0.185736, best fit=0.701200, best_overall=0.701200, mean_diversity=0.111354,
indivs=10528068, elapsed_secs=21464, mean=0.629420, stdev=0.134723, best fit=0.701200, best_overall=0.701200, mean_diversity=0.127672,
indivs=10538204, elapsed_secs=21483, mean=0.593192, stdev=0.219052, best fit=0.701200, best_overall=0.701200, mean_diversity=0.259944,
indivs=10548232, elapsed_secs=21503, mean=0.593088, stdev=0.165831, best fit=0.701200, best_overall=0.701200, mean_diversity=0.121034,
indivs=10558259, elapsed_secs=21522, mean=0.634073, stdev=0.147473, best fit=0.701200, best_overall=0.701200, mean_diversity=0.176614,
indivs=10568371, elapsed_secs=21544, mean=0.607077, stdev=0.193828, best fit=0.701200, best_overall=0.701200, mean_diversity=0.111190,
indivs=10578472, elapsed_secs=21563, mean=0.613526, stdev=0.134377, best fit=0.701200, best_overall=0.701200, mean_diversity=0.096736,
indivs=10588560, elapsed_secs=21580, mean=0.596776, stdev=0.201666, best fit=0.701200, best_overall=0.701200, mean_diversity=0.088746,
indivs=10598570, elapsed_secs=21602, mean=0.577899, stdev=0.209304, best fit=0.701200, best_overall=0.701200, mean_diversity=0.125423,
indivs=10608598, elapsed_secs=21623, mean=0.592850, stdev=0.162099, best fit=0.701200, best_overall=0.701200, mean_diversity=0.105248,
indivs=10618604, elapsed_secs=21644, mean=0.606662, stdev=0.211780, best fit=0.701200, best_overall=0.701200, mean_diversity=0.123857,
indivs=10628624, elapsed_secs=21665, mean=0.608319, stdev=0.177684, best fit=0.701200, best_overall=0.701200, mean_diversity=0.161088,
indivs=10638660, elapsed_secs=21682, mean=0.604233, stdev=0.186330, best fit=0.701200, best_overall=0.701200, mean_diversity=0.103636,
indivs=10648717, elapsed_secs=21702, mean=0.588807, stdev=0.132077, best fit=0.701200, best_overall=0.701200, mean_diversity=0.109087,
indivs=10658726, elapsed_secs=21724, mean=0.632631, stdev=0.121076, best fit=0.701200, best_overall=0.701200, mean_diversity=0.158193,
indivs=10668802, elapsed_secs=21747, mean=0.626128, stdev=0.134456, best fit=0.701200, best_overall=0.701200, mean_diversity=0.119279,
indivs=10678811, elapsed_secs=21767, mean=0.605451, stdev=0.108556, best fit=0.701200, best_overall=0.701200, mean_diversity=0.145412,
indivs=10688880, elapsed_secs=21788, mean=0.580221, stdev=0.167499, best fit=0.701200, best_overall=0.701200, mean_diversity=0.105081,
indivs=10699053, elapsed_secs=21809, mean=0.597629, stdev=0.197027, best fit=0.701200, best_overall=0.701200, mean_diversity=0.125798,
indivs=10709116, elapsed_secs=21831, mean=0.585202, stdev=0.221232, best fit=0.701200, best_overall=0.701200, mean_diversity=0.147463,
indivs=10719179, elapsed_secs=21850, mean=0.620985, stdev=0.065108, best fit=0.701200, best_overall=0.701200, mean_diversity=0.136322,
indivs=10729207, elapsed_secs=21868, mean=0.621669, stdev=0.153814, best fit=0.701200, best_overall=0.701200, mean_diversity=0.158996,
indivs=10739297, elapsed_secs=21888, mean=0.585064, stdev=0.128591, best fit=0.701200, best_overall=0.701200, mean_diversity=0.109082,
indivs=10749345, elapsed_secs=21910, mean=0.651609, stdev=0.119379, best fit=0.701200, best_overall=0.701200, mean_diversity=0.149614,
indivs=10759424, elapsed_secs=21931, mean=0.625681, stdev=0.174265, best fit=0.701200, best_overall=0.701200, mean_diversity=0.124922,
indivs=10769573, elapsed_secs=21953, mean=0.601889, stdev=0.182984, best fit=0.701200, best_overall=0.701200, mean_diversity=0.118368,
indivs=10779651, elapsed_secs=21973, mean=0.562831, stdev=0.188525, best fit=0.701200, best_overall=0.701200, mean_diversity=0.158259,
indivs=10789709, elapsed_secs=21994, mean=0.614573, stdev=0.178596, best fit=0.701200, best_overall=0.701200, mean_diversity=0.176338,
indivs=10799769, elapsed_secs=22013, mean=0.624247, stdev=0.143228, best fit=0.701200, best_overall=0.701200, mean_diversity=0.144011,
indivs=10809860, elapsed_secs=22036, mean=0.564688, stdev=0.146892, best fit=0.701200, best_overall=0.701200, mean_diversity=0.117421,
indivs=10819959, elapsed_secs=22057, mean=0.548729, stdev=0.185330, best fit=0.701200, best_overall=0.701200, mean_diversity=0.162733,
indivs=10829973, elapsed_secs=22075, mean=0.614850, stdev=0.139759, best fit=0.701200, best_overall=0.701200, mean_diversity=0.188756,
indivs=10840123, elapsed_secs=22094, mean=0.598377, stdev=0.202853, best fit=0.701200, best_overall=0.701200, mean_diversity=0.107143,
indivs=10850256, elapsed_secs=22114, mean=0.619767, stdev=0.193779, best fit=0.701200, best_overall=0.701200, mean_diversity=0.085203,
indivs=10860349, elapsed_secs=22137, mean=0.573516, stdev=0.156511, best fit=0.701200, best_overall=0.701200, mean_diversity=0.094659,
indivs=10870460, elapsed_secs=22156, mean=0.598471, stdev=0.155774, best fit=0.701200, best_overall=0.701200, mean_diversity=0.125776,
indivs=10880612, elapsed_secs=22178, mean=0.607018, stdev=0.164996, best fit=0.701200, best_overall=0.701200, mean_diversity=0.101414,
indivs=10890707, elapsed_secs=22198, mean=0.627260, stdev=0.163790, best fit=0.701200, best_overall=0.701200, mean_diversity=0.084677,
indivs=10900714, elapsed_secs=22216, mean=0.586632, stdev=0.178565, best fit=0.701200, best_overall=0.701200, mean_diversity=0.109243,
indivs=10910807, elapsed_secs=22235, mean=0.600712, stdev=0.173665, best fit=0.701200, best_overall=0.701200, mean_diversity=0.110282,
indivs=10920836, elapsed_secs=22254, mean=0.557311, stdev=0.158132, best fit=0.701200, best_overall=0.701200, mean_diversity=0.178770,
indivs=10930889, elapsed_secs=22276, mean=0.599029, stdev=0.152285, best fit=0.701200, best_overall=0.701200, mean_diversity=0.092887,
indivs=10941053, elapsed_secs=22297, mean=0.615735, stdev=0.169863, best fit=0.701200, best_overall=0.701200, mean_diversity=0.090558,
indivs=10951093, elapsed_secs=22317, mean=0.584461, stdev=0.205335, best fit=0.701200, best_overall=0.701200, mean_diversity=0.107195,
indivs=10961119, elapsed_secs=22340, mean=0.592424, stdev=0.136234, best fit=0.701200, best_overall=0.701200, mean_diversity=0.064145,
indivs=10971206, elapsed_secs=22362, mean=0.604664, stdev=0.191581, best fit=0.701200, best_overall=0.701200, mean_diversity=0.119091,
indivs=10981289, elapsed_secs=22383, mean=0.566351, stdev=0.173700, best fit=0.701200, best_overall=0.701200, mean_diversity=0.147240,
indivs=10991421, elapsed_secs=22404, mean=0.628296, stdev=0.169168, best fit=0.701200, best_overall=0.701200, mean_diversity=0.135089,
indivs=11001428, elapsed_secs=22426, mean=0.587650, stdev=0.186018, best fit=0.701200, best_overall=0.701200, mean_diversity=0.177328,
indivs=11011501, elapsed_secs=22445, mean=0.567249, stdev=0.146833, best fit=0.701200, best_overall=0.701200, mean_diversity=0.145231,
indivs=11021623, elapsed_secs=22466, mean=0.629262, stdev=0.112251, best fit=0.701200, best_overall=0.701200, mean_diversity=0.142174,
indivs=11031649, elapsed_secs=22484, mean=0.604496, stdev=0.145721, best fit=0.701200, best_overall=0.701200, mean_diversity=0.148220,
indivs=11041747, elapsed_secs=22501, mean=0.595014, stdev=0.120512, best fit=0.701200, best_overall=0.701200, mean_diversity=0.145288,
indivs=11051837, elapsed_secs=22522, mean=0.579517, stdev=0.138610, best fit=0.701200, best_overall=0.701200, mean_diversity=0.125704,
indivs=11061954, elapsed_secs=22542, mean=0.603505, stdev=0.147065, best fit=0.701200, best_overall=0.701200, mean_diversity=0.245571,
indivs=11072072, elapsed_secs=22562, mean=0.617715, stdev=0.155417, best fit=0.701200, best_overall=0.701200, mean_diversity=0.158037,
indivs=11082100, elapsed_secs=22581, mean=0.575149, stdev=0.223253, best fit=0.701200, best_overall=0.701200, mean_diversity=0.103726,
indivs=11092188, elapsed_secs=22599, mean=0.582858, stdev=0.197554, best fit=0.701200, best_overall=0.701200, mean_diversity=0.137345,
indivs=11102198, elapsed_secs=22618, mean=0.585502, stdev=0.100543, best fit=0.701200, best_overall=0.701200, mean_diversity=0.113128,
indivs=11112216, elapsed_secs=22634, mean=0.564000, stdev=0.148332, best fit=0.701200, best_overall=0.701200, mean_diversity=0.136308,
indivs=11122256, elapsed_secs=22655, mean=0.608366, stdev=0.191739, best fit=0.701200, best_overall=0.701200, mean_diversity=0.106585,
indivs=11132271, elapsed_secs=22675, mean=0.592808, stdev=0.162142, best fit=0.701200, best_overall=0.701200, mean_diversity=0.117866,
indivs=11142416, elapsed_secs=22694, mean=0.606376, stdev=0.156588, best fit=0.701200, best_overall=0.701200, mean_diversity=0.153650,
indivs=11152416, elapsed_secs=22714, mean=0.565081, stdev=0.164047, best fit=0.701200, best_overall=0.701200, mean_diversity=0.090617,
indivs=11162444, elapsed_secs=22735, mean=0.642874, stdev=0.135679, best fit=0.701200, best_overall=0.701200, mean_diversity=0.113400,
indivs=11172500, elapsed_secs=22756, mean=0.607352, stdev=0.194231, best fit=0.701200, best_overall=0.701200, mean_diversity=0.110613,
indivs=11182547, elapsed_secs=22776, mean=0.595538, stdev=0.195425, best fit=0.701200, best_overall=0.701200, mean_diversity=0.132347,
indivs=11192620, elapsed_secs=22795, mean=0.568491, stdev=0.168420, best fit=0.701200, best_overall=0.701200, mean_diversity=0.131857,
indivs=11202707, elapsed_secs=22809, mean=0.587648, stdev=0.119807, best fit=0.701200, best_overall=0.701200, mean_diversity=0.157926,
indivs=11212746, elapsed_secs=22825, mean=0.582983, stdev=0.135426, best fit=0.701200, best_overall=0.701200, mean_diversity=0.111719,
indivs=11222859, elapsed_secs=22846, mean=0.570207, stdev=0.187210, best fit=0.701200, best_overall=0.701200, mean_diversity=0.176598,
indivs=11232959, elapsed_secs=22867, mean=0.594347, stdev=0.101383, best fit=0.701200, best_overall=0.701200, mean_diversity=0.146943,
indivs=11243038, elapsed_secs=22886, mean=0.609738, stdev=0.176123, best fit=0.701200, best_overall=0.701200, mean_diversity=0.112408,
indivs=11253130, elapsed_secs=22902, mean=0.581105, stdev=0.176006, best fit=0.701200, best_overall=0.701200, mean_diversity=0.096492,
indivs=11263174, elapsed_secs=22921, mean=0.571666, stdev=0.148136, best fit=0.701200, best_overall=0.701200, mean_diversity=0.134936,
indivs=11273287, elapsed_secs=22942, mean=0.600428, stdev=0.159633, best fit=0.701200, best_overall=0.701200, mean_diversity=0.160968,
indivs=11283400, elapsed_secs=22963, mean=0.603045, stdev=0.176031, best fit=0.701200, best_overall=0.701200, mean_diversity=0.183202,
indivs=11293493, elapsed_secs=22980, mean=0.556407, stdev=0.181370, best fit=0.701200, best_overall=0.701200, mean_diversity=0.136361,
indivs=11303627, elapsed_secs=22999, mean=0.609158, stdev=0.162958, best fit=0.701200, best_overall=0.701200, mean_diversity=0.158017,
indivs=11313649, elapsed_secs=23018, mean=0.612132, stdev=0.144404, best fit=0.701200, best_overall=0.701200, mean_diversity=0.141020,
indivs=11323785, elapsed_secs=23038, mean=0.630320, stdev=0.086420, best fit=0.701200, best_overall=0.701200, mean_diversity=0.179510,
indivs=11333845, elapsed_secs=23059, mean=0.585755, stdev=0.146331, best fit=0.701200, best_overall=0.701200, mean_diversity=0.115076,
indivs=11343889, elapsed_secs=23079, mean=0.584299, stdev=0.155757, best fit=0.701200, best_overall=0.701200, mean_diversity=0.087244,
indivs=11353968, elapsed_secs=23098, mean=0.583148, stdev=0.117523, best fit=0.701200, best_overall=0.701200, mean_diversity=0.135844,
indivs=11364047, elapsed_secs=23117, mean=0.584191, stdev=0.235351, best fit=0.701200, best_overall=0.701200, mean_diversity=0.097700,
indivs=11374122, elapsed_secs=23136, mean=0.599861, stdev=0.204198, best fit=0.701200, best_overall=0.701200, mean_diversity=0.142978,
indivs=11384247, elapsed_secs=23155, mean=0.617879, stdev=0.164945, best fit=0.701200, best_overall=0.701200, mean_diversity=0.096653,
indivs=11394318, elapsed_secs=23178, mean=0.635444, stdev=0.124642, best fit=0.701200, best_overall=0.701200, mean_diversity=0.103680,
indivs=11404424, elapsed_secs=23201, mean=0.616328, stdev=0.185064, best fit=0.701200, best_overall=0.701200, mean_diversity=0.132184,
indivs=11414521, elapsed_secs=23219, mean=0.617211, stdev=0.165283, best fit=0.701200, best_overall=0.701200, mean_diversity=0.072884,
indivs=11424605, elapsed_secs=23240, mean=0.630712, stdev=0.159776, best fit=0.701200, best_overall=0.701200, mean_diversity=0.151176,
indivs=11434618, elapsed_secs=23261, mean=0.612574, stdev=0.170328, best fit=0.701200, best_overall=0.701200, mean_diversity=0.118365,
indivs=11444621, elapsed_secs=23282, mean=0.568425, stdev=0.148574, best fit=0.701200, best_overall=0.701200, mean_diversity=0.129101,
indivs=11454677, elapsed_secs=23302, mean=0.602898, stdev=0.130244, best fit=0.701200, best_overall=0.701200, mean_diversity=0.094306,
indivs=11464689, elapsed_secs=23323, mean=0.626048, stdev=0.143048, best fit=0.701200, best_overall=0.701200, mean_diversity=0.100810,
indivs=11474700, elapsed_secs=23342, mean=0.575790, stdev=0.158915, best fit=0.701200, best_overall=0.701200, mean_diversity=0.159118,
indivs=11484772, elapsed_secs=23361, mean=0.610650, stdev=0.194477, best fit=0.701200, best_overall=0.701200, mean_diversity=0.101373,
indivs=11494817, elapsed_secs=23380, mean=0.613513, stdev=0.181574, best fit=0.701200, best_overall=0.701200, mean_diversity=0.157565,
indivs=11504834, elapsed_secs=23401, mean=0.574571, stdev=0.226559, best fit=0.701200, best_overall=0.701200, mean_diversity=0.101947,
indivs=11514846, elapsed_secs=23420, mean=0.577148, stdev=0.226967, best fit=0.701200, best_overall=0.701200, mean_diversity=0.172722,
indivs=11524934, elapsed_secs=23442, mean=0.592595, stdev=0.133031, best fit=0.701200, best_overall=0.701200, mean_diversity=0.103776,
indivs=11534977, elapsed_secs=23459, mean=0.607553, stdev=0.180883, best fit=0.701200, best_overall=0.701200, mean_diversity=0.200176,
indivs=11545102, elapsed_secs=23481, mean=0.594703, stdev=0.186746, best fit=0.701200, best_overall=0.701200, mean_diversity=0.109937,
indivs=11555182, elapsed_secs=23501, mean=0.598280, stdev=0.159335, best fit=0.701200, best_overall=0.701200, mean_diversity=0.138151,
indivs=11565187, elapsed_secs=23520, mean=0.600996, stdev=0.174617, best fit=0.701200, best_overall=0.701200, mean_diversity=0.162199,
indivs=11575341, elapsed_secs=23542, mean=0.598752, stdev=0.205046, best fit=0.701200, best_overall=0.701200, mean_diversity=0.147552,
indivs=11585496, elapsed_secs=23560, mean=0.629124, stdev=0.141725, best fit=0.701200, best_overall=0.701200, mean_diversity=0.111534,
indivs=11595646, elapsed_secs=23581, mean=0.644975, stdev=0.122259, best fit=0.701200, best_overall=0.701200, mean_diversity=0.089105,
indivs=11605736, elapsed_secs=23602, mean=0.566639, stdev=0.131746, best fit=0.701200, best_overall=0.701200, mean_diversity=0.124000,
indivs=11615788, elapsed_secs=23620, mean=0.581492, stdev=0.129745, best fit=0.701200, best_overall=0.701200, mean_diversity=0.133151,
indivs=11625845, elapsed_secs=23642, mean=0.640973, stdev=0.100365, best fit=0.701200, best_overall=0.701200, mean_diversity=0.179209,
indivs=11635992, elapsed_secs=23659, mean=0.604292, stdev=0.192570, best fit=0.701200, best_overall=0.701200, mean_diversity=0.123175,
indivs=11646003, elapsed_secs=23679, mean=0.615284, stdev=0.130177, best fit=0.701200, best_overall=0.701200, mean_diversity=0.128934,
indivs=11656117, elapsed_secs=23698, mean=0.624531, stdev=0.150443, best fit=0.701200, best_overall=0.701200, mean_diversity=0.145547,
indivs=11666170, elapsed_secs=23718, mean=0.589360, stdev=0.203406, best fit=0.701200, best_overall=0.701200, mean_diversity=0.137430,
indivs=11676180, elapsed_secs=23739, mean=0.609318, stdev=0.204766, best fit=0.701200, best_overall=0.701200, mean_diversity=0.104014,
indivs=11686236, elapsed_secs=23756, mean=0.571436, stdev=0.189646, best fit=0.701200, best_overall=0.701200, mean_diversity=0.106194,
indivs=11696284, elapsed_secs=23776, mean=0.620998, stdev=0.153630, best fit=0.701200, best_overall=0.701200, mean_diversity=0.123700,
indivs=11706451, elapsed_secs=23796, mean=0.596250, stdev=0.194478, best fit=0.701200, best_overall=0.701200, mean_diversity=0.122952,
indivs=11716594, elapsed_secs=23815, mean=0.614902, stdev=0.153276, best fit=0.701200, best_overall=0.701200, mean_diversity=0.079521,
indivs=11726663, elapsed_secs=23836, mean=0.577936, stdev=0.135376, best fit=0.701200, best_overall=0.701200, mean_diversity=0.117548,
indivs=11736831, elapsed_secs=23857, mean=0.609585, stdev=0.208650, best fit=0.701200, best_overall=0.701200, mean_diversity=0.222807,
indivs=11746841, elapsed_secs=23881, mean=0.598453, stdev=0.192698, best fit=0.701200, best_overall=0.701200, mean_diversity=0.111394,
indivs=11756880, elapsed_secs=23903, mean=0.577471, stdev=0.110912, best fit=0.701200, best_overall=0.701200, mean_diversity=0.155152,
indivs=11766897, elapsed_secs=23921, mean=0.577591, stdev=0.195782, best fit=0.701200, best_overall=0.701200, mean_diversity=0.110894,
indivs=11776956, elapsed_secs=23941, mean=0.583286, stdev=0.119598, best fit=0.701200, best_overall=0.701200, mean_diversity=0.165579,
indivs=11787070, elapsed_secs=23961, mean=0.636106, stdev=0.108200, best fit=0.701200, best_overall=0.701200, mean_diversity=0.138025,
indivs=11797071, elapsed_secs=23979, mean=0.575251, stdev=0.201251, best fit=0.701200, best_overall=0.701200, mean_diversity=0.136760,
indivs=11807171, elapsed_secs=23998, mean=0.577877, stdev=0.156747, best fit=0.701200, best_overall=0.701200, mean_diversity=0.117782,
indivs=11817322, elapsed_secs=24017, mean=0.642054, stdev=0.121139, best fit=0.701200, best_overall=0.701200, mean_diversity=0.119857,
indivs=11827464, elapsed_secs=24037, mean=0.642744, stdev=0.135949, best fit=0.701200, best_overall=0.701200, mean_diversity=0.117231,
indivs=11837589, elapsed_secs=24055, mean=0.582688, stdev=0.172617, best fit=0.701200, best_overall=0.701200, mean_diversity=0.128771,
indivs=11847604, elapsed_secs=24077, mean=0.608538, stdev=0.123179, best fit=0.701200, best_overall=0.701200, mean_diversity=0.113175,
indivs=11857619, elapsed_secs=24096, mean=0.581560, stdev=0.169640, best fit=0.701200, best_overall=0.701200, mean_diversity=0.147719,
indivs=11867643, elapsed_secs=24117, mean=0.600447, stdev=0.157659, best fit=0.701200, best_overall=0.701200, mean_diversity=0.162561,
indivs=11877647, elapsed_secs=24137, mean=0.567133, stdev=0.190078, best fit=0.701200, best_overall=0.701200, mean_diversity=0.077553,
indivs=11887753, elapsed_secs=24155, mean=0.583222, stdev=0.207099, best fit=0.701200, best_overall=0.701200, mean_diversity=0.124160,
indivs=11897853, elapsed_secs=24181, mean=0.587974, stdev=0.122185, best fit=0.701200, best_overall=0.701200, mean_diversity=0.163729,
indivs=11907884, elapsed_secs=24202, mean=0.633302, stdev=0.143523, best fit=0.701200, best_overall=0.701200, mean_diversity=0.152888,
indivs=11917977, elapsed_secs=24222, mean=0.608674, stdev=0.154643, best fit=0.701200, best_overall=0.701200, mean_diversity=0.105200,
indivs=11928049, elapsed_secs=24247, mean=0.588983, stdev=0.120489, best fit=0.701200, best_overall=0.701200, mean_diversity=0.114241,
indivs=11938131, elapsed_secs=24265, mean=0.632230, stdev=0.106533, best fit=0.701200, best_overall=0.701200, mean_diversity=0.177753,
indivs=11948274, elapsed_secs=24287, mean=0.644443, stdev=0.074723, best fit=0.701200, best_overall=0.701200, mean_diversity=0.248230,
indivs=11958343, elapsed_secs=24308, mean=0.590486, stdev=0.194897, best fit=0.701200, best_overall=0.701200, mean_diversity=0.190396,
indivs=11968409, elapsed_secs=24326, mean=0.603503, stdev=0.071615, best fit=0.701200, best_overall=0.701200, mean_diversity=0.153768,
indivs=11978453, elapsed_secs=24348, mean=0.574651, stdev=0.145595, best fit=0.701200, best_overall=0.701200, mean_diversity=0.161084,
indivs=11988526, elapsed_secs=24368, mean=0.585734, stdev=0.090803, best fit=0.701200, best_overall=0.701200, mean_diversity=0.139633,
indivs=11998618, elapsed_secs=24388, mean=0.587216, stdev=0.127877, best fit=0.701200, best_overall=0.701200, mean_diversity=0.116969,
indivs=12008711, elapsed_secs=24408, mean=0.614592, stdev=0.175115, best fit=0.701200, best_overall=0.701200, mean_diversity=0.147265,
indivs=12018869, elapsed_secs=24428, mean=0.599997, stdev=0.187223, best fit=0.701200, best_overall=0.701200, mean_diversity=0.080078,
indivs=12028888, elapsed_secs=24447, mean=0.568030, stdev=0.143805, best fit=0.701200, best_overall=0.701200, mean_diversity=0.141018,
indivs=12038972, elapsed_secs=24467, mean=0.632851, stdev=0.139289, best fit=0.701200, best_overall=0.701200, mean_diversity=0.123038,
indivs=12049014, elapsed_secs=24490, mean=0.604731, stdev=0.182242, best fit=0.701200, best_overall=0.701200, mean_diversity=0.138500,
indivs=12059118, elapsed_secs=24512, mean=0.631282, stdev=0.164580, best fit=0.701200, best_overall=0.701200, mean_diversity=0.151221,
indivs=12069126, elapsed_secs=24530, mean=0.638887, stdev=0.132010, best fit=0.701200, best_overall=0.701200, mean_diversity=0.119327,
indivs=12079205, elapsed_secs=24553, mean=0.600736, stdev=0.202957, best fit=0.701200, best_overall=0.701200, mean_diversity=0.137222,
indivs=12089272, elapsed_secs=24578, mean=0.572496, stdev=0.202034, best fit=0.701200, best_overall=0.701200, mean_diversity=0.087781,
indivs=12099371, elapsed_secs=24598, mean=0.610558, stdev=0.163961, best fit=0.701200, best_overall=0.701200, mean_diversity=0.222529,
indivs=12109408, elapsed_secs=24619, mean=0.579157, stdev=0.214921, best fit=0.701200, best_overall=0.701200, mean_diversity=0.133400,
indivs=12119438, elapsed_secs=24643, mean=0.588591, stdev=0.219429, best fit=0.701200, best_overall=0.701200, mean_diversity=0.114000,
indivs=12129453, elapsed_secs=24662, mean=0.638847, stdev=0.136247, best fit=0.701200, best_overall=0.701200, mean_diversity=0.121301,
indivs=12139529, elapsed_secs=24681, mean=0.625318, stdev=0.121302, best fit=0.701200, best_overall=0.701200, mean_diversity=0.191200,
indivs=12149588, elapsed_secs=24702, mean=0.581566, stdev=0.145595, best fit=0.701200, best_overall=0.701200, mean_diversity=0.123631,
indivs=12159591, elapsed_secs=24722, mean=0.581875, stdev=0.114768, best fit=0.701200, best_overall=0.701200, mean_diversity=0.131023,
indivs=12169610, elapsed_secs=24743, mean=0.557165, stdev=0.235472, best fit=0.701200, best_overall=0.701200, mean_diversity=0.108440,
indivs=12179705, elapsed_secs=24762, mean=0.567727, stdev=0.233152, best fit=0.701200, best_overall=0.701200, mean_diversity=0.164024,
indivs=12189838, elapsed_secs=24783, mean=0.618320, stdev=0.149767, best fit=0.701200, best_overall=0.701200, mean_diversity=0.068286,
indivs=12199943, elapsed_secs=24804, mean=0.618613, stdev=0.117960, best fit=0.701200, best_overall=0.701200, mean_diversity=0.178225,
indivs=12210043, elapsed_secs=24824, mean=0.630638, stdev=0.079776, best fit=0.701200, best_overall=0.701200, mean_diversity=0.074587,
indivs=12220065, elapsed_secs=24842, mean=0.578868, stdev=0.183922, best fit=0.701200, best_overall=0.701200, mean_diversity=0.158915,
indivs=12230143, elapsed_secs=24863, mean=0.574169, stdev=0.132721, best fit=0.701200, best_overall=0.701200, mean_diversity=0.114829,
indivs=12240192, elapsed_secs=24884, mean=0.625756, stdev=0.173559, best fit=0.701200, best_overall=0.701200, mean_diversity=0.143111,
indivs=12250241, elapsed_secs=24901, mean=0.588722, stdev=0.187451, best fit=0.701200, best_overall=0.701200, mean_diversity=0.120539,
indivs=12260293, elapsed_secs=24923, mean=0.585045, stdev=0.125864, best fit=0.701200, best_overall=0.701200, mean_diversity=0.090043,
indivs=12270415, elapsed_secs=24941, mean=0.595079, stdev=0.160045, best fit=0.701200, best_overall=0.701200, mean_diversity=0.100937,
indivs=12280465, elapsed_secs=24963, mean=0.591372, stdev=0.181189, best fit=0.701200, best_overall=0.701200, mean_diversity=0.127441,
indivs=12290484, elapsed_secs=24983, mean=0.586534, stdev=0.204990, best fit=0.701200, best_overall=0.701200, mean_diversity=0.089345,
indivs=12300587, elapsed_secs=25002, mean=0.570125, stdev=0.187072, best fit=0.701200, best_overall=0.701200, mean_diversity=0.101359,
indivs=12310730, elapsed_secs=25023, mean=0.608238, stdev=0.211348, best fit=0.701200, best_overall=0.701200, mean_diversity=0.121034,
indivs=12320826, elapsed_secs=25043, mean=0.601817, stdev=0.158271, best fit=0.701200, best_overall=0.701200, mean_diversity=0.156286,
indivs=12330842, elapsed_secs=25061, mean=0.603438, stdev=0.095767, best fit=0.701200, best_overall=0.701200, mean_diversity=0.224138,
indivs=12340914, elapsed_secs=25085, mean=0.589707, stdev=0.128747, best fit=0.701200, best_overall=0.701200, mean_diversity=0.118610,
indivs=12351021, elapsed_secs=25105, mean=0.598504, stdev=0.157873, best fit=0.701200, best_overall=0.701200, mean_diversity=0.074448,
indivs=12361036, elapsed_secs=25128, mean=0.575052, stdev=0.135791, best fit=0.701200, best_overall=0.701200, mean_diversity=0.133425,
indivs=12371108, elapsed_secs=25149, mean=0.609781, stdev=0.180574, best fit=0.701200, best_overall=0.701200, mean_diversity=0.081625,
indivs=12381154, elapsed_secs=25169, mean=0.557293, stdev=0.171475, best fit=0.701200, best_overall=0.701200, mean_diversity=0.109628,
indivs=12391242, elapsed_secs=25186, mean=0.569883, stdev=0.156492, best fit=0.701200, best_overall=0.701200, mean_diversity=0.103644,
indivs=12401348, elapsed_secs=25205, mean=0.596023, stdev=0.133949, best fit=0.701200, best_overall=0.701200, mean_diversity=0.113319,
indivs=12411430, elapsed_secs=25225, mean=0.585416, stdev=0.146057, best fit=0.701200, best_overall=0.701200, mean_diversity=0.137516,
indivs=12421492, elapsed_secs=25246, mean=0.582308, stdev=0.133755, best fit=0.701200, best_overall=0.701200, mean_diversity=0.128324,
indivs=12431572, elapsed_secs=25269, mean=0.595584, stdev=0.160452, best fit=0.701200, best_overall=0.701200, mean_diversity=0.147647,
indivs=12441653, elapsed_secs=25290, mean=0.561725, stdev=0.165909, best fit=0.701200, best_overall=0.701200, mean_diversity=0.129159,
indivs=12451688, elapsed_secs=25309, mean=0.603341, stdev=0.149632, best fit=0.701200, best_overall=0.701200, mean_diversity=0.118549,
indivs=12461731, elapsed_secs=25328, mean=0.652401, stdev=0.131881, best fit=0.701200, best_overall=0.701200, mean_diversity=0.240311,
indivs=12471785, elapsed_secs=25348, mean=0.599966, stdev=0.085561, best fit=0.701200, best_overall=0.701200, mean_diversity=0.141239,
indivs=12481834, elapsed_secs=25367, mean=0.585035, stdev=0.210030, best fit=0.701200, best_overall=0.701200, mean_diversity=0.110682,
indivs=12491872, elapsed_secs=25385, mean=0.592535, stdev=0.194178, best fit=0.701200, best_overall=0.701200, mean_diversity=0.206667,
indivs=12501948, elapsed_secs=25404, mean=0.613733, stdev=0.108297, best fit=0.701200, best_overall=0.701200, mean_diversity=0.151500,
indivs=12511948, elapsed_secs=25425, mean=0.586736, stdev=0.219725, best fit=0.701200, best_overall=0.701200, mean_diversity=0.120764,
indivs=12522005, elapsed_secs=25446, mean=0.623230, stdev=0.063996, best fit=0.701200, best_overall=0.701200, mean_diversity=0.101111,
indivs=12532031, elapsed_secs=25463, mean=0.634401, stdev=0.125230, best fit=0.701200, best_overall=0.701200, mean_diversity=0.211882,
indivs=12542069, elapsed_secs=25485, mean=0.592928, stdev=0.201506, best fit=0.701200, best_overall=0.701200, mean_diversity=0.104359,
indivs=12552073, elapsed_secs=25505, mean=0.572500, stdev=0.143136, best fit=0.701200, best_overall=0.701200, mean_diversity=0.185422,
indivs=12562194, elapsed_secs=25524, mean=0.594003, stdev=0.213239, best fit=0.701200, best_overall=0.701200, mean_diversity=0.167230,
indivs=12572293, elapsed_secs=25544, mean=0.576235, stdev=0.142278, best fit=0.701200, best_overall=0.701200, mean_diversity=0.132635,
indivs=12582296, elapsed_secs=25565, mean=0.629925, stdev=0.151710, best fit=0.701200, best_overall=0.701200, mean_diversity=0.115895,
indivs=12592390, elapsed_secs=25584, mean=0.579115, stdev=0.162102, best fit=0.701200, best_overall=0.701200, mean_diversity=0.106327,
indivs=12602538, elapsed_secs=25606, mean=0.594517, stdev=0.212076, best fit=0.701200, best_overall=0.701200, mean_diversity=0.102939,
indivs=12612643, elapsed_secs=25623, mean=0.595286, stdev=0.188907, best fit=0.701200, best_overall=0.701200, mean_diversity=0.102880,
indivs=12622758, elapsed_secs=25645, mean=0.623070, stdev=0.113556, best fit=0.701200, best_overall=0.701200, mean_diversity=0.151419,
indivs=12632770, elapsed_secs=25666, mean=0.596806, stdev=0.115838, best fit=0.701200, best_overall=0.701200, mean_diversity=0.167803,
indivs=12642805, elapsed_secs=25687, mean=0.597892, stdev=0.165030, best fit=0.701200, best_overall=0.701200, mean_diversity=0.124208,
indivs=12652846, elapsed_secs=25710, mean=0.586360, stdev=0.202801, best fit=0.701200, best_overall=0.701200, mean_diversity=0.156488,
indivs=12662937, elapsed_secs=25735, mean=0.595260, stdev=0.121807, best fit=0.701200, best_overall=0.701200, mean_diversity=0.127314,
indivs=12672965, elapsed_secs=25757, mean=0.591428, stdev=0.135383, best fit=0.701200, best_overall=0.701200, mean_diversity=0.151103,
indivs=12683008, elapsed_secs=25779, mean=0.625708, stdev=0.161416, best fit=0.701200, best_overall=0.701200, mean_diversity=0.125865,
indivs=12693135, elapsed_secs=25800, mean=0.611707, stdev=0.185403, best fit=0.701200, best_overall=0.701200, mean_diversity=0.080492,
indivs=12703164, elapsed_secs=25823, mean=0.611918, stdev=0.185120, best fit=0.701200, best_overall=0.701200, mean_diversity=0.120794,
indivs=12713170, elapsed_secs=25842, mean=0.562841, stdev=0.177767, best fit=0.701200, best_overall=0.701200, mean_diversity=0.075502,
indivs=12723266, elapsed_secs=25862, mean=0.570731, stdev=0.126123, best fit=0.701200, best_overall=0.701200, mean_diversity=0.126906,
indivs=12733331, elapsed_secs=25883, mean=0.578770, stdev=0.133282, best fit=0.701200, best_overall=0.701200, mean_diversity=0.146618,
indivs=12743459, elapsed_secs=25905, mean=0.595463, stdev=0.194773, best fit=0.701200, best_overall=0.701200, mean_diversity=0.081352,
indivs=12753465, elapsed_secs=25925, mean=0.607188, stdev=0.163584, best fit=0.701200, best_overall=0.701200, mean_diversity=0.090438,
indivs=12763597, elapsed_secs=25946, mean=0.576924, stdev=0.224709, best fit=0.701200, best_overall=0.701200, mean_diversity=0.133234,
indivs=12773774, elapsed_secs=25966, mean=0.635326, stdev=0.130524, best fit=0.701200, best_overall=0.701200, mean_diversity=0.156994,
indivs=12783895, elapsed_secs=25986, mean=0.593104, stdev=0.168385, best fit=0.701200, best_overall=0.701200, mean_diversity=0.112098,
indivs=12793964, elapsed_secs=26008, mean=0.591941, stdev=0.132572, best fit=0.701200, best_overall=0.701200, mean_diversity=0.151538,
indivs=12804043, elapsed_secs=26026, mean=0.563818, stdev=0.155667, best fit=0.701200, best_overall=0.701200, mean_diversity=0.118559,
indivs=12814207, elapsed_secs=26047, mean=0.599068, stdev=0.200295, best fit=0.701200, best_overall=0.701200, mean_diversity=0.119910,
indivs=12824265, elapsed_secs=26069, mean=0.594530, stdev=0.188544, best fit=0.701200, best_overall=0.701200, mean_diversity=0.123846,
indivs=12834274, elapsed_secs=26086, mean=0.562180, stdev=0.179683, best fit=0.701200, best_overall=0.701200, mean_diversity=0.161270,
indivs=12844331, elapsed_secs=26108, mean=0.613617, stdev=0.171413, best fit=0.701200, best_overall=0.701200, mean_diversity=0.131446,
indivs=12854431, elapsed_secs=26128, mean=0.583682, stdev=0.185989, best fit=0.701200, best_overall=0.701200, mean_diversity=0.153378,
indivs=12864572, elapsed_secs=26152, mean=0.617838, stdev=0.154654, best fit=0.701200, best_overall=0.701200, mean_diversity=0.099630,
indivs=12874701, elapsed_secs=26172, mean=0.614611, stdev=0.161787, best fit=0.701200, best_overall=0.701200, mean_diversity=0.108646,
indivs=12884714, elapsed_secs=26191, mean=0.591824, stdev=0.165132, best fit=0.701200, best_overall=0.701200, mean_diversity=0.134541,
indivs=12894778, elapsed_secs=26209, mean=0.626237, stdev=0.133987, best fit=0.701200, best_overall=0.701200, mean_diversity=0.171865,
indivs=12904799, elapsed_secs=26229, mean=0.600443, stdev=0.128117, best fit=0.701200, best_overall=0.701200, mean_diversity=0.126992,
indivs=12914811, elapsed_secs=26249, mean=0.576141, stdev=0.122351, best fit=0.701200, best_overall=0.701200, mean_diversity=0.141480,
indivs=12924895, elapsed_secs=26270, mean=0.596185, stdev=0.196616, best fit=0.701200, best_overall=0.701200, mean_diversity=0.144583,
indivs=12934925, elapsed_secs=26289, mean=0.611428, stdev=0.183770, best fit=0.701200, best_overall=0.701200, mean_diversity=0.112009,
indivs=12945017, elapsed_secs=26314, mean=0.614614, stdev=0.178794, best fit=0.701200, best_overall=0.701200, mean_diversity=0.123965,
indivs=12955025, elapsed_secs=26337, mean=0.595487, stdev=0.197600, best fit=0.701200, best_overall=0.701200, mean_diversity=0.105107,
indivs=12965182, elapsed_secs=26359, mean=0.602109, stdev=0.186936, best fit=0.701200, best_overall=0.701200, mean_diversity=0.172826,
indivs=12975185, elapsed_secs=26383, mean=0.584196, stdev=0.194145, best fit=0.701200, best_overall=0.701200, mean_diversity=0.165897,
indivs=12985308, elapsed_secs=26403, mean=0.603265, stdev=0.147811, best fit=0.701200, best_overall=0.701200, mean_diversity=0.148829,
indivs=12995445, elapsed_secs=26425, mean=0.605736, stdev=0.195448, best fit=0.701200, best_overall=0.701200, mean_diversity=0.078073,
indivs=13005508, elapsed_secs=26444, mean=0.587316, stdev=0.101080, best fit=0.701200, best_overall=0.701200, mean_diversity=0.105967,
indivs=13015518, elapsed_secs=26462, mean=0.611973, stdev=0.165022, best fit=0.701200, best_overall=0.701200, mean_diversity=0.183782,
indivs=13025625, elapsed_secs=26482, mean=0.573536, stdev=0.209372, best fit=0.701200, best_overall=0.701200, mean_diversity=0.184027,
indivs=13035728, elapsed_secs=26504, mean=0.580610, stdev=0.156926, best fit=0.701200, best_overall=0.701200, mean_diversity=0.166311,
indivs=13045811, elapsed_secs=26522, mean=0.613287, stdev=0.161639, best fit=0.701200, best_overall=0.701200, mean_diversity=0.117621,
indivs=13055902, elapsed_secs=26542, mean=0.557007, stdev=0.238793, best fit=0.701200, best_overall=0.701200, mean_diversity=0.140000,
indivs=13066046, elapsed_secs=26562, mean=0.611488, stdev=0.158228, best fit=0.701200, best_overall=0.701200, mean_diversity=0.103665,
indivs=13076076, elapsed_secs=26586, mean=0.603721, stdev=0.156318, best fit=0.701200, best_overall=0.701200, mean_diversity=0.108394,
indivs=13086135, elapsed_secs=26605, mean=0.626677, stdev=0.152703, best fit=0.701200, best_overall=0.701200, mean_diversity=0.120124,
indivs=13096244, elapsed_secs=26625, mean=0.587564, stdev=0.151564, best fit=0.701200, best_overall=0.701200, mean_diversity=0.132581,
indivs=13106247, elapsed_secs=26645, mean=0.595587, stdev=0.201852, best fit=0.701200, best_overall=0.701200, mean_diversity=0.148289,
indivs=13116260, elapsed_secs=26666, mean=0.597849, stdev=0.181106, best fit=0.701200, best_overall=0.701200, mean_diversity=0.125086,
indivs=13126414, elapsed_secs=26688, mean=0.627288, stdev=0.122200, best fit=0.701200, best_overall=0.701200, mean_diversity=0.096813,
indivs=13136533, elapsed_secs=26708, mean=0.626239, stdev=0.123181, best fit=0.701200, best_overall=0.701200, mean_diversity=0.107402,
indivs=13146662, elapsed_secs=26733, mean=0.620457, stdev=0.098926, best fit=0.701200, best_overall=0.701200, mean_diversity=0.136068,
indivs=13156834, elapsed_secs=26754, mean=0.588505, stdev=0.204291, best fit=0.701200, best_overall=0.701200, mean_diversity=0.098385,
indivs=13166924, elapsed_secs=26775, mean=0.582762, stdev=0.130839, best fit=0.701200, best_overall=0.701200, mean_diversity=0.066631,
indivs=13177042, elapsed_secs=26796, mean=0.582806, stdev=0.210205, best fit=0.701200, best_overall=0.701200, mean_diversity=0.160861,
indivs=13187079, elapsed_secs=26817, mean=0.595720, stdev=0.109400, best fit=0.701200, best_overall=0.701200, mean_diversity=0.196305,
indivs=13197173, elapsed_secs=26841, mean=0.553801, stdev=0.169451, best fit=0.701200, best_overall=0.701200, mean_diversity=0.108840,
indivs=13207173, elapsed_secs=26863, mean=0.613715, stdev=0.118466, best fit=0.701200, best_overall=0.701200, mean_diversity=0.121849,
indivs=13217279, elapsed_secs=26885, mean=0.620291, stdev=0.160524, best fit=0.701200, best_overall=0.701200, mean_diversity=0.142028,
indivs=13227368, elapsed_secs=26904, mean=0.638730, stdev=0.118364, best fit=0.701200, best_overall=0.701200, mean_diversity=0.147160,
indivs=13237450, elapsed_secs=26925, mean=0.611528, stdev=0.176755, best fit=0.701200, best_overall=0.701200, mean_diversity=0.090968,
indivs=13247497, elapsed_secs=26950, mean=0.590093, stdev=0.201742, best fit=0.701200, best_overall=0.701200, mean_diversity=0.114801,
indivs=13257644, elapsed_secs=26972, mean=0.613519, stdev=0.136856, best fit=0.701200, best_overall=0.701200, mean_diversity=0.079942,
indivs=13267670, elapsed_secs=26993, mean=0.579904, stdev=0.186078, best fit=0.701200, best_overall=0.701200, mean_diversity=0.125952,
indivs=13277680, elapsed_secs=27014, mean=0.626142, stdev=0.160026, best fit=0.701200, best_overall=0.701200, mean_diversity=0.121795,
indivs=13287747, elapsed_secs=27037, mean=0.620637, stdev=0.170900, best fit=0.701200, best_overall=0.701200, mean_diversity=0.151831,
indivs=13297804, elapsed_secs=27058, mean=0.614796, stdev=0.166757, best fit=0.701200, best_overall=0.701200, mean_diversity=0.141875,
indivs=13307904, elapsed_secs=27079, mean=0.577079, stdev=0.173810, best fit=0.701200, best_overall=0.701200, mean_diversity=0.125630,
indivs=13317944, elapsed_secs=27098, mean=0.566948, stdev=0.164800, best fit=0.701200, best_overall=0.701200, mean_diversity=0.097057,
indivs=13328050, elapsed_secs=27116, mean=0.621878, stdev=0.164763, best fit=0.701200, best_overall=0.701200, mean_diversity=0.149320,
indivs=13338207, elapsed_secs=27135, mean=0.608247, stdev=0.184878, best fit=0.701200, best_overall=0.701200, mean_diversity=0.113316,
indivs=13348325, elapsed_secs=27156, mean=0.607838, stdev=0.105279, best fit=0.701200, best_overall=0.701200, mean_diversity=0.157233,
indivs=13358460, elapsed_secs=27175, mean=0.613122, stdev=0.148648, best fit=0.701200, best_overall=0.701200, mean_diversity=0.197167,
indivs=13368512, elapsed_secs=27196, mean=0.578176, stdev=0.138837, best fit=0.701200, best_overall=0.701200, mean_diversity=0.095082,
indivs=13378549, elapsed_secs=27213, mean=0.632467, stdev=0.140300, best fit=0.701200, best_overall=0.701200, mean_diversity=0.103361,
indivs=13388571, elapsed_secs=27234, mean=0.630606, stdev=0.160407, best fit=0.701200, best_overall=0.701200, mean_diversity=0.153857,
indivs=13398603, elapsed_secs=27255, mean=0.609977, stdev=0.126752, best fit=0.701200, best_overall=0.701200, mean_diversity=0.138528,
indivs=13408608, elapsed_secs=27274, mean=0.580799, stdev=0.138248, best fit=0.701200, best_overall=0.701200, mean_diversity=0.175031,
indivs=13418614, elapsed_secs=27296, mean=0.614991, stdev=0.161732, best fit=0.701200, best_overall=0.701200, mean_diversity=0.152483,
indivs=13428637, elapsed_secs=27316, mean=0.589032, stdev=0.206285, best fit=0.701200, best_overall=0.701200, mean_diversity=0.155904,
indivs=13438686, elapsed_secs=27333, mean=0.623168, stdev=0.114921, best fit=0.701200, best_overall=0.701200, mean_diversity=0.154534,
indivs=13448798, elapsed_secs=27352, mean=0.640985, stdev=0.088836, best fit=0.701200, best_overall=0.701200, mean_diversity=0.122164,
indivs=13458908, elapsed_secs=27372, mean=0.613155, stdev=0.175972, best fit=0.701200, best_overall=0.701200, mean_diversity=0.191972,
indivs=13469000, elapsed_secs=27392, mean=0.586938, stdev=0.209547, best fit=0.701200, best_overall=0.701200, mean_diversity=0.115959,
indivs=13479158, elapsed_secs=27411, mean=0.592948, stdev=0.202154, best fit=0.701200, best_overall=0.701200, mean_diversity=0.135433,
indivs=13489304, elapsed_secs=27431, mean=0.630067, stdev=0.126541, best fit=0.701200, best_overall=0.701200, mean_diversity=0.230599,
indivs=13499433, elapsed_secs=27451, mean=0.578216, stdev=0.226990, best fit=0.701200, best_overall=0.701200, mean_diversity=0.125242,
indivs=13509461, elapsed_secs=27470, mean=0.577931, stdev=0.154165, best fit=0.701200, best_overall=0.701200, mean_diversity=0.113725,
indivs=13519490, elapsed_secs=27489, mean=0.615873, stdev=0.146500, best fit=0.701200, best_overall=0.701200, mean_diversity=0.097653,
indivs=13529502, elapsed_secs=27511, mean=0.619232, stdev=0.116936, best fit=0.701200, best_overall=0.701200, mean_diversity=0.112347,
indivs=13539589, elapsed_secs=27531, mean=0.577482, stdev=0.147740, best fit=0.701200, best_overall=0.701200, mean_diversity=0.166791,
indivs=13549685, elapsed_secs=27552, mean=0.594496, stdev=0.142878, best fit=0.701200, best_overall=0.701200, mean_diversity=0.111794,
indivs=13559836, elapsed_secs=27573, mean=0.626458, stdev=0.121360, best fit=0.701200, best_overall=0.701200, mean_diversity=0.165688,
indivs=13569948, elapsed_secs=27595, mean=0.628624, stdev=0.127433, best fit=0.701200, best_overall=0.701200, mean_diversity=0.213717,
indivs=13580023, elapsed_secs=27618, mean=0.611035, stdev=0.159034, best fit=0.701200, best_overall=0.701200, mean_diversity=0.114302,
indivs=13590142, elapsed_secs=27638, mean=0.609824, stdev=0.195876, best fit=0.701200, best_overall=0.701200, mean_diversity=0.122249,
indivs=13600223, elapsed_secs=27659, mean=0.589716, stdev=0.115158, best fit=0.701200, best_overall=0.701200, mean_diversity=0.140872,
indivs=13610288, elapsed_secs=27679, mean=0.650768, stdev=0.146391, best fit=0.701200, best_overall=0.701200, mean_diversity=0.185727,
indivs=13620364, elapsed_secs=27701, mean=0.601887, stdev=0.110539, best fit=0.701200, best_overall=0.701200, mean_diversity=0.132468,
indivs=13630403, elapsed_secs=27719, mean=0.583170, stdev=0.111152, best fit=0.701200, best_overall=0.701200, mean_diversity=0.145819,
indivs=13640447, elapsed_secs=27741, mean=0.591770, stdev=0.212178, best fit=0.701200, best_overall=0.701200, mean_diversity=0.191659,
indivs=13650556, elapsed_secs=27762, mean=0.568112, stdev=0.186083, best fit=0.701200, best_overall=0.701200, mean_diversity=0.138756,
indivs=13660590, elapsed_secs=27782, mean=0.631141, stdev=0.171451, best fit=0.701200, best_overall=0.701200, mean_diversity=0.196019,
indivs=13670713, elapsed_secs=27805, mean=0.591371, stdev=0.167022, best fit=0.701200, best_overall=0.701200, mean_diversity=0.121178,
indivs=13680785, elapsed_secs=27828, mean=0.610878, stdev=0.188337, best fit=0.701200, best_overall=0.701200, mean_diversity=0.127269,
indivs=13690897, elapsed_secs=27846, mean=0.605039, stdev=0.136815, best fit=0.701200, best_overall=0.701200, mean_diversity=0.097836,
indivs=13701064, elapsed_secs=27869, mean=0.605076, stdev=0.174485, best fit=0.701200, best_overall=0.701200, mean_diversity=0.108235,
indivs=13711129, elapsed_secs=27890, mean=0.616201, stdev=0.155650, best fit=0.701200, best_overall=0.701200, mean_diversity=0.128458,
indivs=13721144, elapsed_secs=27907, mean=0.616348, stdev=0.130775, best fit=0.701200, best_overall=0.701200, mean_diversity=0.100496,
indivs=13731242, elapsed_secs=27928, mean=0.597028, stdev=0.192925, best fit=0.701200, best_overall=0.701200, mean_diversity=0.146823,
indivs=13741279, elapsed_secs=27949, mean=0.577769, stdev=0.120503, best fit=0.701200, best_overall=0.701200, mean_diversity=0.112531,
indivs=13751351, elapsed_secs=27970, mean=0.584787, stdev=0.120322, best fit=0.701200, best_overall=0.701200, mean_diversity=0.112746,
indivs=13761370, elapsed_secs=27991, mean=0.598072, stdev=0.204252, best fit=0.701200, best_overall=0.701200, mean_diversity=0.143299,
indivs=13771435, elapsed_secs=28011, mean=0.599476, stdev=0.176992, best fit=0.701200, best_overall=0.701200, mean_diversity=0.100000,
indivs=13781455, elapsed_secs=28029, mean=0.566218, stdev=0.163912, best fit=0.701200, best_overall=0.701200, mean_diversity=0.110326,
indivs=13791493, elapsed_secs=28051, mean=0.577589, stdev=0.110253, best fit=0.701200, best_overall=0.701200, mean_diversity=0.159431,
indivs=13801606, elapsed_secs=28072, mean=0.648788, stdev=0.100688, best fit=0.701200, best_overall=0.701200, mean_diversity=0.128127,
indivs=13811649, elapsed_secs=28094, mean=0.628645, stdev=0.100703, best fit=0.701200, best_overall=0.701200, mean_diversity=0.159067,
indivs=13821755, elapsed_secs=28116, mean=0.589604, stdev=0.185693, best fit=0.701200, best_overall=0.701200, mean_diversity=0.155851,
indivs=13831830, elapsed_secs=28136, mean=0.607080, stdev=0.159266, best fit=0.701200, best_overall=0.701200, mean_diversity=0.101500,
indivs=13841917, elapsed_secs=28157, mean=0.592297, stdev=0.176525, best fit=0.701200, best_overall=0.701200, mean_diversity=0.101633,
indivs=13852074, elapsed_secs=28178, mean=0.611790, stdev=0.175194, best fit=0.701200, best_overall=0.701200, mean_diversity=0.141208,
indivs=13862161, elapsed_secs=28201, mean=0.589467, stdev=0.125501, best fit=0.701200, best_overall=0.701200, mean_diversity=0.083857,
indivs=13872299, elapsed_secs=28225, mean=0.575432, stdev=0.200764, best fit=0.701200, best_overall=0.701200, mean_diversity=0.121674,
indivs=13882388, elapsed_secs=28246, mean=0.613099, stdev=0.130402, best fit=0.701200, best_overall=0.701200, mean_diversity=0.146444,
indivs=13892431, elapsed_secs=28267, mean=0.578879, stdev=0.177059, best fit=0.701200, best_overall=0.701200, mean_diversity=0.083117,
indivs=13902474, elapsed_secs=28288, mean=0.569011, stdev=0.143929, best fit=0.701200, best_overall=0.701200, mean_diversity=0.186981,
indivs=13912557, elapsed_secs=28314, mean=0.596661, stdev=0.195251, best fit=0.701200, best_overall=0.701200, mean_diversity=0.177014,
indivs=13922570, elapsed_secs=28335, mean=0.591094, stdev=0.154947, best fit=0.701200, best_overall=0.701200, mean_diversity=0.113439,
indivs=13932606, elapsed_secs=28355, mean=0.561465, stdev=0.174186, best fit=0.701200, best_overall=0.701200, mean_diversity=0.112085,
indivs=13942727, elapsed_secs=28375, mean=0.593677, stdev=0.187142, best fit=0.701200, best_overall=0.701200, mean_diversity=0.100965,
indivs=13952730, elapsed_secs=28397, mean=0.637552, stdev=0.122340, best fit=0.701200, best_overall=0.701200, mean_diversity=0.186615,
indivs=13962773, elapsed_secs=28422, mean=0.636174, stdev=0.135718, best fit=0.701200, best_overall=0.701200, mean_diversity=0.205400,
indivs=13972848, elapsed_secs=28446, mean=0.612628, stdev=0.137372, best fit=0.701200, best_overall=0.701200, mean_diversity=0.200039,
indivs=13982929, elapsed_secs=28464, mean=0.564865, stdev=0.154288, best fit=0.701200, best_overall=0.701200, mean_diversity=0.137008,
indivs=13992977, elapsed_secs=28485, mean=0.614994, stdev=0.186363, best fit=0.701200, best_overall=0.701200, mean_diversity=0.204375,
indivs=14003040, elapsed_secs=28508, mean=0.565912, stdev=0.170027, best fit=0.701200, best_overall=0.701200, mean_diversity=0.132794,
indivs=14013137, elapsed_secs=28529, mean=0.598035, stdev=0.119132, best fit=0.701200, best_overall=0.701200, mean_diversity=0.145941,
indivs=14023206, elapsed_secs=28548, mean=0.560399, stdev=0.182080, best fit=0.701200, best_overall=0.701200, mean_diversity=0.169101,
indivs=14033282, elapsed_secs=28570, mean=0.602168, stdev=0.142187, best fit=0.701200, best_overall=0.701200, mean_diversity=0.128105,
indivs=14043380, elapsed_secs=28593, mean=0.602801, stdev=0.132621, best fit=0.701200, best_overall=0.701200, mean_diversity=0.087751,
indivs=14053408, elapsed_secs=28612, mean=0.616187, stdev=0.161300, best fit=0.701200, best_overall=0.701200, mean_diversity=0.103483,
indivs=14063418, elapsed_secs=28632, mean=0.581304, stdev=0.119743, best fit=0.701200, best_overall=0.701200, mean_diversity=0.088814,
indivs=14073595, elapsed_secs=28654, mean=0.589810, stdev=0.219919, best fit=0.701200, best_overall=0.701200, mean_diversity=0.124661,
indivs=14083664, elapsed_secs=28675, mean=0.641710, stdev=0.134637, best fit=0.701200, best_overall=0.701200, mean_diversity=0.083784,
indivs=14093701, elapsed_secs=28697, mean=0.583456, stdev=0.131078, best fit=0.701200, best_overall=0.701200, mean_diversity=0.111933,
indivs=14103801, elapsed_secs=28718, mean=0.604710, stdev=0.168966, best fit=0.701200, best_overall=0.701200, mean_diversity=0.118755,
indivs=14113941, elapsed_secs=28740, mean=0.606259, stdev=0.173024, best fit=0.701200, best_overall=0.701200, mean_diversity=0.132780,
indivs=14124057, elapsed_secs=28760, mean=0.592526, stdev=0.195180, best fit=0.701200, best_overall=0.701200, mean_diversity=0.174444,
indivs=14134063, elapsed_secs=28781, mean=0.553816, stdev=0.169399, best fit=0.701200, best_overall=0.701200, mean_diversity=0.093295,
indivs=14144096, elapsed_secs=28805, mean=0.625544, stdev=0.138627, best fit=0.701200, best_overall=0.701200, mean_diversity=0.139096,
indivs=14154114, elapsed_secs=28827, mean=0.586680, stdev=0.209654, best fit=0.701200, best_overall=0.701200, mean_diversity=0.082776,
indivs=14164193, elapsed_secs=28846, mean=0.601968, stdev=0.196876, best fit=0.701200, best_overall=0.701200, mean_diversity=0.137265,
indivs=14174275, elapsed_secs=28867, mean=0.609259, stdev=0.195425, best fit=0.701200, best_overall=0.701200, mean_diversity=0.119888,
indivs=14184386, elapsed_secs=28886, mean=0.611228, stdev=0.181286, best fit=0.701200, best_overall=0.701200, mean_diversity=0.176289,
indivs=14194477, elapsed_secs=28907, mean=0.557756, stdev=0.184560, best fit=0.701200, best_overall=0.701200, mean_diversity=0.121734,
indivs=14204483, elapsed_secs=28927, mean=0.551275, stdev=0.247161, best fit=0.701200, best_overall=0.701200, mean_diversity=0.129500,
indivs=14214595, elapsed_secs=28946, mean=0.601516, stdev=0.171295, best fit=0.701200, best_overall=0.701200, mean_diversity=0.152082,
indivs=14224690, elapsed_secs=28966, mean=0.579127, stdev=0.122213, best fit=0.701200, best_overall=0.701200, mean_diversity=0.139627,
indivs=14234804, elapsed_secs=28986, mean=0.596026, stdev=0.145623, best fit=0.701200, best_overall=0.701200, mean_diversity=0.235345,
indivs=14244816, elapsed_secs=29011, mean=0.594672, stdev=0.184741, best fit=0.701200, best_overall=0.701200, mean_diversity=0.156932,
indivs=14254830, elapsed_secs=29031, mean=0.561840, stdev=0.141630, best fit=0.701200, best_overall=0.701200, mean_diversity=0.127154,
indivs=14264926, elapsed_secs=29050, mean=0.609199, stdev=0.107242, best fit=0.701200, best_overall=0.701200, mean_diversity=0.148043,
indivs=14274958, elapsed_secs=29070, mean=0.583383, stdev=0.129719, best fit=0.701200, best_overall=0.701200, mean_diversity=0.131261,
indivs=14285004, elapsed_secs=29091, mean=0.611958, stdev=0.088352, best fit=0.701200, best_overall=0.701200, mean_diversity=0.114000,
indivs=14295072, elapsed_secs=29113, mean=0.596842, stdev=0.158822, best fit=0.701200, best_overall=0.701200, mean_diversity=0.149633,
indivs=14305167, elapsed_secs=29134, mean=0.594039, stdev=0.085747, best fit=0.701200, best_overall=0.701200, mean_diversity=0.143018,
indivs=14315265, elapsed_secs=29153, mean=0.603305, stdev=0.186027, best fit=0.701200, best_overall=0.701200, mean_diversity=0.125314,
indivs=14325413, elapsed_secs=29174, mean=0.613846, stdev=0.175933, best fit=0.701200, best_overall=0.701200, mean_diversity=0.094172,
indivs=14335469, elapsed_secs=29195, mean=0.614742, stdev=0.134940, best fit=0.701200, best_overall=0.701200, mean_diversity=0.085026,
indivs=14345527, elapsed_secs=29215, mean=0.583261, stdev=0.117065, best fit=0.701200, best_overall=0.701200, mean_diversity=0.102533,
indivs=14355612, elapsed_secs=29238, mean=0.639630, stdev=0.136392, best fit=0.701200, best_overall=0.701200, mean_diversity=0.162606,
indivs=14365639, elapsed_secs=29260, mean=0.612193, stdev=0.059069, best fit=0.701200, best_overall=0.701200, mean_diversity=0.074726,
indivs=14375657, elapsed_secs=29278, mean=0.593480, stdev=0.178470, best fit=0.701200, best_overall=0.701200, mean_diversity=0.085775,
indivs=14385665, elapsed_secs=29297, mean=0.578272, stdev=0.160640, best fit=0.701200, best_overall=0.701200, mean_diversity=0.156036,
indivs=14395707, elapsed_secs=29316, mean=0.576294, stdev=0.147799, best fit=0.701200, best_overall=0.701200, mean_diversity=0.105414,
indivs=14405766, elapsed_secs=29337, mean=0.586751, stdev=0.148069, best fit=0.701200, best_overall=0.701200, mean_diversity=0.122073,
indivs=14415848, elapsed_secs=29359, mean=0.624584, stdev=0.135112, best fit=0.701200, best_overall=0.701200, mean_diversity=0.248539,
indivs=14425922, elapsed_secs=29382, mean=0.598019, stdev=0.168990, best fit=0.701200, best_overall=0.701200, mean_diversity=0.080491,
indivs=14435994, elapsed_secs=29405, mean=0.616482, stdev=0.148856, best fit=0.701200, best_overall=0.701200, mean_diversity=0.163373,
indivs=14446003, elapsed_secs=29428, mean=0.585870, stdev=0.118726, best fit=0.701200, best_overall=0.701200, mean_diversity=0.117521,
indivs=14456008, elapsed_secs=29448, mean=0.565904, stdev=0.165239, best fit=0.701200, best_overall=0.701200, mean_diversity=0.198182,
indivs=14466137, elapsed_secs=29467, mean=0.615314, stdev=0.165443, best fit=0.701200, best_overall=0.701200, mean_diversity=0.176806,
indivs=14476178, elapsed_secs=29484, mean=0.577772, stdev=0.160872, best fit=0.701200, best_overall=0.701200, mean_diversity=0.112899,
indivs=14486265, elapsed_secs=29503, mean=0.520125, stdev=0.222059, best fit=0.701200, best_overall=0.701200, mean_diversity=0.124920,
indivs=14496316, elapsed_secs=29521, mean=0.573282, stdev=0.138254, best fit=0.701200, best_overall=0.701200, mean_diversity=0.111053,
indivs=14506476, elapsed_secs=29544, mean=0.594899, stdev=0.201175, best fit=0.701200, best_overall=0.701200, mean_diversity=0.113194,
indivs=14516608, elapsed_secs=29568, mean=0.588264, stdev=0.201449, best fit=0.701200, best_overall=0.701200, mean_diversity=0.108087,
indivs=14526637, elapsed_secs=29587, mean=0.580834, stdev=0.209723, best fit=0.701200, best_overall=0.701200, mean_diversity=0.137136,
indivs=14536730, elapsed_secs=29605, mean=0.568599, stdev=0.150869, best fit=0.701200, best_overall=0.701200, mean_diversity=0.135288,
indivs=14546792, elapsed_secs=29627, mean=0.583062, stdev=0.120203, best fit=0.701200, best_overall=0.701200, mean_diversity=0.086813,
indivs=14556800, elapsed_secs=29650, mean=0.585836, stdev=0.124001, best fit=0.701200, best_overall=0.701200, mean_diversity=0.113385,
indivs=14566920, elapsed_secs=29668, mean=0.567555, stdev=0.174116, best fit=0.701200, best_overall=0.701200, mean_diversity=0.167286,
indivs=14576992, elapsed_secs=29688, mean=0.600505, stdev=0.204015, best fit=0.701200, best_overall=0.701200, mean_diversity=0.141389,
indivs=14587055, elapsed_secs=29709, mean=0.610753, stdev=0.195985, best fit=0.701200, best_overall=0.701200, mean_diversity=0.124737,
indivs=14597085, elapsed_secs=29731, mean=0.574200, stdev=0.133891, best fit=0.701200, best_overall=0.701200, mean_diversity=0.105540,
indivs=14607206, elapsed_secs=29751, mean=0.572915, stdev=0.213643, best fit=0.701200, best_overall=0.701200, mean_diversity=0.141186,
indivs=14617212, elapsed_secs=29772, mean=0.560263, stdev=0.163685, best fit=0.701200, best_overall=0.701200, mean_diversity=0.154831,
indivs=14627263, elapsed_secs=29794, mean=0.600373, stdev=0.195374, best fit=0.701200, best_overall=0.701200, mean_diversity=0.125579,
indivs=14637302, elapsed_secs=29815, mean=0.622029, stdev=0.115419, best fit=0.701200, best_overall=0.701200, mean_diversity=0.100329,
indivs=14647368, elapsed_secs=29834, mean=0.570641, stdev=0.198234, best fit=0.701200, best_overall=0.701200, mean_diversity=0.126522,
indivs=14657515, elapsed_secs=29857, mean=0.609633, stdev=0.175828, best fit=0.701200, best_overall=0.701200, mean_diversity=0.096256,
indivs=14667642, elapsed_secs=29879, mean=0.613276, stdev=0.164973, best fit=0.701200, best_overall=0.701200, mean_diversity=0.131274,
indivs=14677702, elapsed_secs=29899, mean=0.577091, stdev=0.158717, best fit=0.701200, best_overall=0.701200, mean_diversity=0.130346,
indivs=14687763, elapsed_secs=29922, mean=0.628951, stdev=0.169736, best fit=0.701200, best_overall=0.701200, mean_diversity=0.115135,
indivs=14697824, elapsed_secs=29942, mean=0.619044, stdev=0.164572, best fit=0.701200, best_overall=0.701200, mean_diversity=0.054091,
indivs=14707895, elapsed_secs=29965, mean=0.647844, stdev=0.146285, best fit=0.701200, best_overall=0.701200, mean_diversity=0.182356,
indivs=14717958, elapsed_secs=29988, mean=0.620071, stdev=0.126368, best fit=0.701200, best_overall=0.701200, mean_diversity=0.128312,
indivs=14727991, elapsed_secs=30009, mean=0.612786, stdev=0.159769, best fit=0.701200, best_overall=0.701200, mean_diversity=0.141634,
indivs=14738090, elapsed_secs=30031, mean=0.596878, stdev=0.084402, best fit=0.701200, best_overall=0.701200, mean_diversity=0.062213,
indivs=14748217, elapsed_secs=30054, mean=0.591711, stdev=0.195752, best fit=0.701200, best_overall=0.701200, mean_diversity=0.168543,
indivs=14758273, elapsed_secs=30072, mean=0.564055, stdev=0.155769, best fit=0.701200, best_overall=0.701200, mean_diversity=0.184037,
indivs=14768373, elapsed_secs=30092, mean=0.622321, stdev=0.175775, best fit=0.701200, best_overall=0.701200, mean_diversity=0.143320,
indivs=14778452, elapsed_secs=30112, mean=0.593508, stdev=0.161045, best fit=0.701200, best_overall=0.701200, mean_diversity=0.177423,
indivs=14788501, elapsed_secs=30134, mean=0.621669, stdev=0.144333, best fit=0.701200, best_overall=0.701200, mean_diversity=0.176452,
indivs=14798568, elapsed_secs=30154, mean=0.579062, stdev=0.215027, best fit=0.701200, best_overall=0.701200, mean_diversity=0.133559,
indivs=14808622, elapsed_secs=30172, mean=0.586666, stdev=0.147006, best fit=0.701200, best_overall=0.701200, mean_diversity=0.135994,
indivs=14818625, elapsed_secs=30190, mean=0.592633, stdev=0.196822, best fit=0.701200, best_overall=0.701200, mean_diversity=0.145641,
indivs=14828809, elapsed_secs=30210, mean=0.630822, stdev=0.171747, best fit=0.701200, best_overall=0.701200, mean_diversity=0.164081,
indivs=14838843, elapsed_secs=30229, mean=0.607105, stdev=0.182545, best fit=0.701200, best_overall=0.701200, mean_diversity=0.096542,
indivs=14848875, elapsed_secs=30248, mean=0.604907, stdev=0.189934, best fit=0.701200, best_overall=0.701200, mean_diversity=0.123490,
indivs=14859033, elapsed_secs=30268, mean=0.614431, stdev=0.175921, best fit=0.701200, best_overall=0.701200, mean_diversity=0.170833,
indivs=14869157, elapsed_secs=30288, mean=0.557652, stdev=0.228500, best fit=0.701200, best_overall=0.701200, mean_diversity=0.091792,
indivs=14879276, elapsed_secs=30313, mean=0.601853, stdev=0.129571, best fit=0.701200, best_overall=0.701200, mean_diversity=0.090225,
indivs=14889391, elapsed_secs=30334, mean=0.604067, stdev=0.125476, best fit=0.701200, best_overall=0.701200, mean_diversity=0.094290,
indivs=14899413, elapsed_secs=30354, mean=0.598923, stdev=0.180885, best fit=0.701200, best_overall=0.701200, mean_diversity=0.133435,
indivs=14909517, elapsed_secs=30374, mean=0.605432, stdev=0.141458, best fit=0.701200, best_overall=0.701200, mean_diversity=0.128390,
indivs=14919557, elapsed_secs=30393, mean=0.594865, stdev=0.089998, best fit=0.701200, best_overall=0.701200, mean_diversity=0.128247,
indivs=14929624, elapsed_secs=30414, mean=0.591688, stdev=0.087634, best fit=0.701200, best_overall=0.701200, mean_diversity=0.076677,
indivs=14939727, elapsed_secs=30431, mean=0.614672, stdev=0.184175, best fit=0.701200, best_overall=0.701200, mean_diversity=0.088341,
indivs=14949803, elapsed_secs=30452, mean=0.579187, stdev=0.207002, best fit=0.701200, best_overall=0.701200, mean_diversity=0.157696,
indivs=14959900, elapsed_secs=30469, mean=0.559849, stdev=0.166353, best fit=0.701200, best_overall=0.701200, mean_diversity=0.135208,
indivs=14970020, elapsed_secs=30488, mean=0.598202, stdev=0.151115, best fit=0.701200, best_overall=0.701200, mean_diversity=0.129966,
indivs=14980069, elapsed_secs=30509, mean=0.601463, stdev=0.092800, best fit=0.701200, best_overall=0.701200, mean_diversity=0.142183,
indivs=14990105, elapsed_secs=30530, mean=0.629687, stdev=0.139891, best fit=0.701200, best_overall=0.701200, mean_diversity=0.130644,
indivs=15000202, elapsed_secs=30549, mean=0.595386, stdev=0.206534, best fit=0.701200, best_overall=0.701200, mean_diversity=0.095441,
indivs=15010297, elapsed_secs=30570, mean=0.611074, stdev=0.174018, best fit=0.701200, best_overall=0.701200, mean_diversity=0.124500,
indivs=15020417, elapsed_secs=30588, mean=0.584395, stdev=0.157163, best fit=0.701200, best_overall=0.701200, mean_diversity=0.179899,
indivs=15030472, elapsed_secs=30611, mean=0.589831, stdev=0.219459, best fit=0.701200, best_overall=0.701200, mean_diversity=0.141746,
indivs=15040549, elapsed_secs=30630, mean=0.610570, stdev=0.137988, best fit=0.701200, best_overall=0.701200, mean_diversity=0.099167,
indivs=15050660, elapsed_secs=30647, mean=0.588992, stdev=0.144130, best fit=0.701200, best_overall=0.701200, mean_diversity=0.257957,
indivs=15060756, elapsed_secs=30666, mean=0.590529, stdev=0.149605, best fit=0.701200, best_overall=0.701200, mean_diversity=0.086190,
indivs=15070863, elapsed_secs=30687, mean=0.580381, stdev=0.133611, best fit=0.701200, best_overall=0.701200, mean_diversity=0.147000,
indivs=15080887, elapsed_secs=30705, mean=0.548768, stdev=0.192357, best fit=0.701200, best_overall=0.701200, mean_diversity=0.119741,
indivs=15090912, elapsed_secs=30724, mean=0.593916, stdev=0.119458, best fit=0.701200, best_overall=0.701200, mean_diversity=0.118345,
indivs=15101040, elapsed_secs=30745, mean=0.587079, stdev=0.221383, best fit=0.701200, best_overall=0.701200, mean_diversity=0.063426,
indivs=15111140, elapsed_secs=30766, mean=0.596296, stdev=0.169890, best fit=0.701200, best_overall=0.701200, mean_diversity=0.175413,
indivs=15121193, elapsed_secs=30786, mean=0.627815, stdev=0.152685, best fit=0.701200, best_overall=0.701200, mean_diversity=0.103950,
indivs=15131252, elapsed_secs=30804, mean=0.594591, stdev=0.190652, best fit=0.701200, best_overall=0.701200, mean_diversity=0.112427,
indivs=15141275, elapsed_secs=30822, mean=0.570517, stdev=0.194323, best fit=0.701200, best_overall=0.701200, mean_diversity=0.133628,
indivs=15151301, elapsed_secs=30842, mean=0.603857, stdev=0.160011, best fit=0.701200, best_overall=0.701200, mean_diversity=0.161266,
indivs=15161386, elapsed_secs=30863, mean=0.592301, stdev=0.082122, best fit=0.701200, best_overall=0.701200, mean_diversity=0.117066,
indivs=15171519, elapsed_secs=30885, mean=0.607374, stdev=0.175196, best fit=0.701200, best_overall=0.701200, mean_diversity=0.152095,
indivs=15181656, elapsed_secs=30904, mean=0.620904, stdev=0.163381, best fit=0.701200, best_overall=0.701200, mean_diversity=0.113930,
indivs=15191816, elapsed_secs=30924, mean=0.635521, stdev=0.108369, best fit=0.701200, best_overall=0.701200, mean_diversity=0.160403,
indivs=15201821, elapsed_secs=30946, mean=0.567599, stdev=0.157168, best fit=0.701200, best_overall=0.701200, mean_diversity=0.126307,
indivs=15211871, elapsed_secs=30964, mean=0.611362, stdev=0.054432, best fit=0.701200, best_overall=0.701200, mean_diversity=0.076631,
indivs=15222001, elapsed_secs=30985, mean=0.607212, stdev=0.144472, best fit=0.701200, best_overall=0.701200, mean_diversity=0.216909,
indivs=15232059, elapsed_secs=31004, mean=0.550938, stdev=0.158961, best fit=0.701200, best_overall=0.701200, mean_diversity=0.078559,
indivs=15242133, elapsed_secs=31026, mean=0.614587, stdev=0.183187, best fit=0.701200, best_overall=0.701200, mean_diversity=0.065564,
indivs=15252180, elapsed_secs=31045, mean=0.596254, stdev=0.158346, best fit=0.701200, best_overall=0.701200, mean_diversity=0.076266,
indivs=15262208, elapsed_secs=31067, mean=0.615098, stdev=0.155699, best fit=0.701200, best_overall=0.701200, mean_diversity=0.126774,
indivs=15272306, elapsed_secs=31092, mean=0.606603, stdev=0.150366, best fit=0.701200, best_overall=0.701200, mean_diversity=0.078082,
indivs=15282426, elapsed_secs=31112, mean=0.631531, stdev=0.106017, best fit=0.701200, best_overall=0.701200, mean_diversity=0.132907,
indivs=15292444, elapsed_secs=31134, mean=0.599784, stdev=0.100304, best fit=0.701200, best_overall=0.701200, mean_diversity=0.138268,
indivs=15302507, elapsed_secs=31153, mean=0.594305, stdev=0.204449, best fit=0.701200, best_overall=0.701200, mean_diversity=0.100226,
indivs=15312599, elapsed_secs=31172, mean=0.586967, stdev=0.157744, best fit=0.701200, best_overall=0.701200, mean_diversity=0.107183,
indivs=15322671, elapsed_secs=31192, mean=0.595533, stdev=0.166863, best fit=0.701200, best_overall=0.701200, mean_diversity=0.089835,
indivs=15332781, elapsed_secs=31211, mean=0.615385, stdev=0.114601, best fit=0.701200, best_overall=0.701200, mean_diversity=0.114292,
indivs=15342838, elapsed_secs=31229, mean=0.620636, stdev=0.117530, best fit=0.701200, best_overall=0.701200, mean_diversity=0.168762,
indivs=15352983, elapsed_secs=31249, mean=0.591950, stdev=0.192357, best fit=0.701200, best_overall=0.701200, mean_diversity=0.098156,
indivs=15362999, elapsed_secs=31267, mean=0.559439, stdev=0.175048, best fit=0.701200, best_overall=0.701200, mean_diversity=0.123590,
indivs=15373027, elapsed_secs=31287, mean=0.593504, stdev=0.170363, best fit=0.701200, best_overall=0.701200, mean_diversity=0.091419,
indivs=15383160, elapsed_secs=31307, mean=0.623147, stdev=0.163110, best fit=0.701200, best_overall=0.701200, mean_diversity=0.117851,
indivs=15393171, elapsed_secs=31326, mean=0.629462, stdev=0.151709, best fit=0.701200, best_overall=0.701200, mean_diversity=0.130100,
indivs=15403226, elapsed_secs=31343, mean=0.607965, stdev=0.165477, best fit=0.701200, best_overall=0.701200, mean_diversity=0.143360,
indivs=15413303, elapsed_secs=31362, mean=0.590451, stdev=0.161359, best fit=0.701200, best_overall=0.701200, mean_diversity=0.083704,
indivs=15423306, elapsed_secs=31382, mean=0.636446, stdev=0.122455, best fit=0.701200, best_overall=0.701200, mean_diversity=0.121034,
indivs=15433444, elapsed_secs=31403, mean=0.632725, stdev=0.151310, best fit=0.701200, best_overall=0.701200, mean_diversity=0.185500,
indivs=15443540, elapsed_secs=31423, mean=0.623496, stdev=0.173635, best fit=0.701200, best_overall=0.701200, mean_diversity=0.125045,
indivs=15453672, elapsed_secs=31445, mean=0.550219, stdev=0.223880, best fit=0.701200, best_overall=0.701200, mean_diversity=0.128974,
indivs=15463700, elapsed_secs=31465, mean=0.616112, stdev=0.175101, best fit=0.701200, best_overall=0.701200, mean_diversity=0.116625,
indivs=15473794, elapsed_secs=31485, mean=0.575731, stdev=0.135172, best fit=0.701200, best_overall=0.701200, mean_diversity=0.128925,
indivs=15483818, elapsed_secs=31508, mean=0.618273, stdev=0.148243, best fit=0.701200, best_overall=0.701200, mean_diversity=0.169060,
indivs=15493873, elapsed_secs=31528, mean=0.610273, stdev=0.137568, best fit=0.701200, best_overall=0.701200, mean_diversity=0.160000,
indivs=15503981, elapsed_secs=31545, mean=0.611563, stdev=0.178300, best fit=0.701200, best_overall=0.701200, mean_diversity=0.127762,
indivs=15514047, elapsed_secs=31561, mean=0.585261, stdev=0.154013, best fit=0.701200, best_overall=0.701200, mean_diversity=0.115915,
indivs=15524150, elapsed_secs=31580, mean=0.615779, stdev=0.110905, best fit=0.701200, best_overall=0.701200, mean_diversity=0.096129,
indivs=15534231, elapsed_secs=31599, mean=0.563380, stdev=0.200910, best fit=0.701200, best_overall=0.701200, mean_diversity=0.218736,
indivs=15544260, elapsed_secs=31622, mean=0.576433, stdev=0.134383, best fit=0.701200, best_overall=0.701200, mean_diversity=0.125436,
indivs=15554277, elapsed_secs=31643, mean=0.620939, stdev=0.154472, best fit=0.701200, best_overall=0.701200, mean_diversity=0.092237,
indivs=15564327, elapsed_secs=31663, mean=0.597063, stdev=0.188078, best fit=0.701200, best_overall=0.701200, mean_diversity=0.115443,
indivs=15574333, elapsed_secs=31683, mean=0.613384, stdev=0.184842, best fit=0.701200, best_overall=0.701200, mean_diversity=0.172695,
indivs=15584422, elapsed_secs=31699, mean=0.588708, stdev=0.205326, best fit=0.701200, best_overall=0.701200, mean_diversity=0.152061,
indivs=15594466, elapsed_secs=31721, mean=0.603696, stdev=0.198967, best fit=0.701200, best_overall=0.701200, mean_diversity=0.135112,
indivs=15604496, elapsed_secs=31744, mean=0.627776, stdev=0.151673, best fit=0.701200, best_overall=0.701200, mean_diversity=0.082632,
indivs=15614575, elapsed_secs=31765, mean=0.637076, stdev=0.110703, best fit=0.701200, best_overall=0.701200, mean_diversity=0.200226,
indivs=15624577, elapsed_secs=31785, mean=0.569773, stdev=0.156467, best fit=0.701200, best_overall=0.701200, mean_diversity=0.119712,
indivs=15634704, elapsed_secs=31804, mean=0.621185, stdev=0.164391, best fit=0.701200, best_overall=0.701200, mean_diversity=0.117949,
indivs=15644844, elapsed_secs=31825, mean=0.606219, stdev=0.194504, best fit=0.701200, best_overall=0.701200, mean_diversity=0.090593,
indivs=15654975, elapsed_secs=31848, mean=0.640232, stdev=0.110608, best fit=0.701200, best_overall=0.701200, mean_diversity=0.135200,
indivs=15665061, elapsed_secs=31869, mean=0.573150, stdev=0.132186, best fit=0.701200, best_overall=0.701200, mean_diversity=0.187867,
indivs=15675083, elapsed_secs=31889, mean=0.623149, stdev=0.149341, best fit=0.701200, best_overall=0.701200, mean_diversity=0.169444,
indivs=15685084, elapsed_secs=31909, mean=0.569071, stdev=0.161495, best fit=0.701200, best_overall=0.701200, mean_diversity=0.077794,
indivs=15695126, elapsed_secs=31927, mean=0.585870, stdev=0.132005, best fit=0.701200, best_overall=0.701200, mean_diversity=0.151140,
indivs=15705148, elapsed_secs=31946, mean=0.608682, stdev=0.195008, best fit=0.701200, best_overall=0.701200, mean_diversity=0.089534,
indivs=15715209, elapsed_secs=31966, mean=0.612591, stdev=0.176685, best fit=0.701200, best_overall=0.701200, mean_diversity=0.123782,
indivs=15725243, elapsed_secs=31989, mean=0.598271, stdev=0.122101, best fit=0.701200, best_overall=0.701200, mean_diversity=0.130996,
indivs=15735283, elapsed_secs=32010, mean=0.614858, stdev=0.161736, best fit=0.701200, best_overall=0.701200, mean_diversity=0.189556,
indivs=15745364, elapsed_secs=32030, mean=0.624295, stdev=0.151453, best fit=0.701200, best_overall=0.701200, mean_diversity=0.100896,
indivs=15755424, elapsed_secs=32051, mean=0.598347, stdev=0.136804, best fit=0.701200, best_overall=0.701200, mean_diversity=0.124764,
indivs=15765545, elapsed_secs=32071, mean=0.583307, stdev=0.220057, best fit=0.701200, best_overall=0.701200, mean_diversity=0.119781,
indivs=15775571, elapsed_secs=32089, mean=0.605575, stdev=0.136999, best fit=0.701200, best_overall=0.701200, mean_diversity=0.163783,
indivs=15785635, elapsed_secs=32108, mean=0.572318, stdev=0.156120, best fit=0.701200, best_overall=0.701200, mean_diversity=0.078554,
indivs=15795672, elapsed_secs=32132, mean=0.585724, stdev=0.122429, best fit=0.701200, best_overall=0.701200, mean_diversity=0.139037,
indivs=15805771, elapsed_secs=32153, mean=0.639013, stdev=0.099859, best fit=0.701200, best_overall=0.701200, mean_diversity=0.146240,
indivs=15815899, elapsed_secs=32174, mean=0.614798, stdev=0.154878, best fit=0.701200, best_overall=0.701200, mean_diversity=0.093268,
indivs=15825989, elapsed_secs=32195, mean=0.603220, stdev=0.153794, best fit=0.701200, best_overall=0.701200, mean_diversity=0.095719,
indivs=15836039, elapsed_secs=32213, mean=0.588860, stdev=0.127124, best fit=0.701200, best_overall=0.701200, mean_diversity=0.174658,
indivs=15846120, elapsed_secs=32231, mean=0.605811, stdev=0.109488, best fit=0.701200, best_overall=0.701200, mean_diversity=0.167838,
indivs=15856202, elapsed_secs=32247, mean=0.563630, stdev=0.161770, best fit=0.701200, best_overall=0.701200, mean_diversity=0.121648,
indivs=15866313, elapsed_secs=32265, mean=0.589883, stdev=0.171500, best fit=0.701200, best_overall=0.701200, mean_diversity=0.083738,
indivs=15876384, elapsed_secs=32286, mean=0.646260, stdev=0.123226, best fit=0.701200, best_overall=0.701200, mean_diversity=0.178345,
indivs=15886514, elapsed_secs=32304, mean=0.596470, stdev=0.203169, best fit=0.701200, best_overall=0.701200, mean_diversity=0.104263,
indivs=15896579, elapsed_secs=32325, mean=0.565782, stdev=0.173089, best fit=0.701200, best_overall=0.701200, mean_diversity=0.251095,
indivs=15906671, elapsed_secs=32347, mean=0.615869, stdev=0.167007, best fit=0.701200, best_overall=0.701200, mean_diversity=0.109916,
indivs=15916804, elapsed_secs=32367, mean=0.596078, stdev=0.177644, best fit=0.701200, best_overall=0.701200, mean_diversity=0.123973,
indivs=15926912, elapsed_secs=32386, mean=0.572601, stdev=0.180610, best fit=0.701200, best_overall=0.701200, mean_diversity=0.155350,
indivs=15936944, elapsed_secs=32406, mean=0.607170, stdev=0.152447, best fit=0.701200, best_overall=0.701200, mean_diversity=0.129234,
indivs=15947038, elapsed_secs=32427, mean=0.559762, stdev=0.169414, best fit=0.701200, best_overall=0.701200, mean_diversity=0.215817,
indivs=15957193, elapsed_secs=32448, mean=0.611944, stdev=0.174852, best fit=0.701200, best_overall=0.701200, mean_diversity=0.188170,
indivs=15967221, elapsed_secs=32472, mean=0.588862, stdev=0.211944, best fit=0.701200, best_overall=0.701200, mean_diversity=0.096748,
indivs=15977234, elapsed_secs=32493, mean=0.623243, stdev=0.174227, best fit=0.701200, best_overall=0.701200, mean_diversity=0.087778,
indivs=15987253, elapsed_secs=32513, mean=0.603002, stdev=0.191214, best fit=0.701200, best_overall=0.701200, mean_diversity=0.092419,
indivs=15997311, elapsed_secs=32532, mean=0.596809, stdev=0.161467, best fit=0.701200, best_overall=0.701200, mean_diversity=0.148118,
indivs=16007364, elapsed_secs=32555, mean=0.612396, stdev=0.185593, best fit=0.701200, best_overall=0.701200, mean_diversity=0.123552,
indivs=16017389, elapsed_secs=32574, mean=0.572851, stdev=0.139630, best fit=0.701200, best_overall=0.701200, mean_diversity=0.095259,
indivs=16027508, elapsed_secs=32591, mean=0.640599, stdev=0.107680, best fit=0.701200, best_overall=0.701200, mean_diversity=0.133098,
indivs=16037551, elapsed_secs=32614, mean=0.583791, stdev=0.116542, best fit=0.701200, best_overall=0.701200, mean_diversity=0.155535,
indivs=16047621, elapsed_secs=32636, mean=0.600812, stdev=0.198014, best fit=0.701200, best_overall=0.701200, mean_diversity=0.125608,
indivs=16057738, elapsed_secs=32654, mean=0.622557, stdev=0.150267, best fit=0.701200, best_overall=0.701200, mean_diversity=0.086738,
indivs=16067814, elapsed_secs=32673, mean=0.633204, stdev=0.118763, best fit=0.701200, best_overall=0.701200, mean_diversity=0.227444,
indivs=16077902, elapsed_secs=32695, mean=0.594346, stdev=0.108165, best fit=0.701200, best_overall=0.701200, mean_diversity=0.085623,
indivs=16087920, elapsed_secs=32715, mean=0.565597, stdev=0.158640, best fit=0.701200, best_overall=0.701200, mean_diversity=0.126866,
indivs=16098044, elapsed_secs=32734, mean=0.577714, stdev=0.178615, best fit=0.701200, best_overall=0.701200, mean_diversity=0.157986,
indivs=16108148, elapsed_secs=32751, mean=0.584490, stdev=0.108772, best fit=0.701200, best_overall=0.701200, mean_diversity=0.156623,
indivs=16118300, elapsed_secs=32772, mean=0.623526, stdev=0.153527, best fit=0.701200, best_overall=0.701200, mean_diversity=0.136805,
indivs=16128464, elapsed_secs=32795, mean=0.629597, stdev=0.139597, best fit=0.701200, best_overall=0.701200, mean_diversity=0.154083,
indivs=16138541, elapsed_secs=32815, mean=0.618821, stdev=0.149629, best fit=0.701200, best_overall=0.701200, mean_diversity=0.181774,
indivs=16148549, elapsed_secs=32838, mean=0.606674, stdev=0.124892, best fit=0.701200, best_overall=0.701200, mean_diversity=0.156109,
indivs=16158604, elapsed_secs=32855, mean=0.595808, stdev=0.177749, best fit=0.701200, best_overall=0.701200, mean_diversity=0.131297,
indivs=16168666, elapsed_secs=32876, mean=0.596377, stdev=0.202079, best fit=0.701200, best_overall=0.701200, mean_diversity=0.106828,
indivs=16178712, elapsed_secs=32895, mean=0.603623, stdev=0.174115, best fit=0.701200, best_overall=0.701200, mean_diversity=0.107490,
indivs=16188817, elapsed_secs=32916, mean=0.608058, stdev=0.191124, best fit=0.701200, best_overall=0.701200, mean_diversity=0.116840,
indivs=16198948, elapsed_secs=32937, mean=0.614481, stdev=0.152263, best fit=0.701200, best_overall=0.701200, mean_diversity=0.121769,
indivs=16209036, elapsed_secs=32956, mean=0.565521, stdev=0.169321, best fit=0.701200, best_overall=0.701200, mean_diversity=0.155106,
indivs=16219213, elapsed_secs=32978, mean=0.623019, stdev=0.153060, best fit=0.701200, best_overall=0.701200, mean_diversity=0.097930,
indivs=16229233, elapsed_secs=32996, mean=0.562866, stdev=0.151432, best fit=0.701200, best_overall=0.701200, mean_diversity=0.094057,
indivs=16239234, elapsed_secs=33014, mean=0.582515, stdev=0.170138, best fit=0.701200, best_overall=0.701200, mean_diversity=0.184025,
indivs=16249350, elapsed_secs=33033, mean=0.568587, stdev=0.193536, best fit=0.701200, best_overall=0.701200, mean_diversity=0.105060,
indivs=16259395, elapsed_secs=33054, mean=0.581017, stdev=0.182303, best fit=0.701200, best_overall=0.701200, mean_diversity=0.104315,
indivs=16269413, elapsed_secs=33074, mean=0.566979, stdev=0.162967, best fit=0.701200, best_overall=0.701200, mean_diversity=0.121475,
indivs=16279524, elapsed_secs=33093, mean=0.604772, stdev=0.133259, best fit=0.701200, best_overall=0.701200, mean_diversity=0.079185,
indivs=16289642, elapsed_secs=33114, mean=0.592454, stdev=0.155779, best fit=0.701200, best_overall=0.701200, mean_diversity=0.144364,
indivs=16299705, elapsed_secs=33135, mean=0.593100, stdev=0.118977, best fit=0.701200, best_overall=0.701200, mean_diversity=0.145288,
indivs=16309760, elapsed_secs=33155, mean=0.611839, stdev=0.101573, best fit=0.701200, best_overall=0.701200, mean_diversity=0.202096,
indivs=16319802, elapsed_secs=33175, mean=0.630703, stdev=0.162533, best fit=0.701200, best_overall=0.701200, mean_diversity=0.151356,
indivs=16329876, elapsed_secs=33196, mean=0.565784, stdev=0.194871, best fit=0.701200, best_overall=0.701200, mean_diversity=0.101682,
indivs=16339918, elapsed_secs=33215, mean=0.618708, stdev=0.132103, best fit=0.701200, best_overall=0.701200, mean_diversity=0.124077,
indivs=16349960, elapsed_secs=33235, mean=0.613170, stdev=0.166018, best fit=0.701200, best_overall=0.701200, mean_diversity=0.115340,
indivs=16360081, elapsed_secs=33254, mean=0.602468, stdev=0.179813, best fit=0.701200, best_overall=0.701200, mean_diversity=0.181788,
indivs=16370140, elapsed_secs=33275, mean=0.566068, stdev=0.156894, best fit=0.701200, best_overall=0.701200, mean_diversity=0.109410,
indivs=16380144, elapsed_secs=33301, mean=0.595790, stdev=0.116633, best fit=0.701200, best_overall=0.701200, mean_diversity=0.143402,
indivs=16390303, elapsed_secs=33320, mean=0.616393, stdev=0.161877, best fit=0.701200, best_overall=0.701200, mean_diversity=0.160183,
indivs=16400357, elapsed_secs=33344, mean=0.637672, stdev=0.121412, best fit=0.701200, best_overall=0.701200, mean_diversity=0.126948,
indivs=16410372, elapsed_secs=33367, mean=0.587812, stdev=0.088815, best fit=0.701200, best_overall=0.701200, mean_diversity=0.123483,
indivs=16420416, elapsed_secs=33387, mean=0.542067, stdev=0.223655, best fit=0.701200, best_overall=0.701200, mean_diversity=0.126966,
indivs=16430522, elapsed_secs=33411, mean=0.612298, stdev=0.170886, best fit=0.701200, best_overall=0.701200, mean_diversity=0.185920,
indivs=16440550, elapsed_secs=33433, mean=0.579455, stdev=0.152122, best fit=0.701200, best_overall=0.701200, mean_diversity=0.135991,
indivs=16450587, elapsed_secs=33455, mean=0.579790, stdev=0.203243, best fit=0.701200, best_overall=0.701200, mean_diversity=0.144651,
indivs=16460770, elapsed_secs=33474, mean=0.640406, stdev=0.147245, best fit=0.701200, best_overall=0.701200, mean_diversity=0.085493,
indivs=16470823, elapsed_secs=33493, mean=0.562861, stdev=0.161524, best fit=0.701200, best_overall=0.701200, mean_diversity=0.180000,
indivs=16480890, elapsed_secs=33514, mean=0.609280, stdev=0.190751, best fit=0.701200, best_overall=0.701200, mean_diversity=0.176277,
indivs=16490939, elapsed_secs=33535, mean=0.565468, stdev=0.158392, best fit=0.701200, best_overall=0.701200, mean_diversity=0.121020,
indivs=16501064, elapsed_secs=33556, mean=0.603668, stdev=0.117463, best fit=0.701200, best_overall=0.701200, mean_diversity=0.109492,
indivs=16511083, elapsed_secs=33576, mean=0.601319, stdev=0.185903, best fit=0.701200, best_overall=0.701200, mean_diversity=0.117560,
indivs=16521153, elapsed_secs=33596, mean=0.570483, stdev=0.196690, best fit=0.701200, best_overall=0.701200, mean_diversity=0.230868,
indivs=16531163, elapsed_secs=33619, mean=0.612258, stdev=0.160444, best fit=0.701200, best_overall=0.701200, mean_diversity=0.179239,
indivs=16541218, elapsed_secs=33640, mean=0.575965, stdev=0.163416, best fit=0.701200, best_overall=0.701200, mean_diversity=0.123816,
indivs=16551260, elapsed_secs=33656, mean=0.601769, stdev=0.179365, best fit=0.701200, best_overall=0.701200, mean_diversity=0.212804,
indivs=16561297, elapsed_secs=33682, mean=0.599891, stdev=0.141264, best fit=0.701200, best_overall=0.701200, mean_diversity=0.095168,
indivs=16571366, elapsed_secs=33703, mean=0.616984, stdev=0.164678, best fit=0.701200, best_overall=0.701200, mean_diversity=0.105152,
indivs=16581383, elapsed_secs=33723, mean=0.569835, stdev=0.186093, best fit=0.701200, best_overall=0.701200, mean_diversity=0.105504,
indivs=16591506, elapsed_secs=33742, mean=0.603295, stdev=0.158320, best fit=0.701200, best_overall=0.701200, mean_diversity=0.077458,
indivs=16601580, elapsed_secs=33765, mean=0.631800, stdev=0.114590, best fit=0.701200, best_overall=0.701200, mean_diversity=0.268011,
indivs=16611676, elapsed_secs=33783, mean=0.614571, stdev=0.129213, best fit=0.701200, best_overall=0.701200, mean_diversity=0.136310,
indivs=16621676, elapsed_secs=33806, mean=0.599329, stdev=0.152311, best fit=0.701200, best_overall=0.701200, mean_diversity=0.110201,
indivs=16631710, elapsed_secs=33826, mean=0.548564, stdev=0.186203, best fit=0.701200, best_overall=0.701200, mean_diversity=0.227255,
indivs=16641816, elapsed_secs=33844, mean=0.637725, stdev=0.115004, best fit=0.701200, best_overall=0.701200, mean_diversity=0.078562,
indivs=16651885, elapsed_secs=33865, mean=0.622965, stdev=0.174141, best fit=0.701200, best_overall=0.701200, mean_diversity=0.189325,
indivs=16661907, elapsed_secs=33884, mean=0.607366, stdev=0.164871, best fit=0.701200, best_overall=0.701200, mean_diversity=0.089929,
indivs=16671907, elapsed_secs=33904, mean=0.581531, stdev=0.180721, best fit=0.701200, best_overall=0.701200, mean_diversity=0.102366,
indivs=16681924, elapsed_secs=33922, mean=0.590281, stdev=0.200540, best fit=0.701200, best_overall=0.701200, mean_diversity=0.166063,
indivs=16692055, elapsed_secs=33943, mean=0.606184, stdev=0.203043, best fit=0.701200, best_overall=0.701200, mean_diversity=0.131646,
indivs=16702074, elapsed_secs=33963, mean=0.592705, stdev=0.090690, best fit=0.701200, best_overall=0.701200, mean_diversity=0.108724,
indivs=16712127, elapsed_secs=33982, mean=0.596916, stdev=0.189542, best fit=0.701200, best_overall=0.701200, mean_diversity=0.197059,
indivs=16722249, elapsed_secs=34002, mean=0.589051, stdev=0.158697, best fit=0.701200, best_overall=0.701200, mean_diversity=0.131495,
indivs=16732400, elapsed_secs=34022, mean=0.606587, stdev=0.188116, best fit=0.701200, best_overall=0.701200, mean_diversity=0.149161,
indivs=16742425, elapsed_secs=34042, mean=0.574653, stdev=0.125097, best fit=0.701200, best_overall=0.701200, mean_diversity=0.106058,
indivs=16752428, elapsed_secs=34063, mean=0.617124, stdev=0.157465, best fit=0.701200, best_overall=0.701200, mean_diversity=0.112213,
indivs=16762540, elapsed_secs=34082, mean=0.568687, stdev=0.180789, best fit=0.701200, best_overall=0.701200, mean_diversity=0.100498,
indivs=16772620, elapsed_secs=34106, mean=0.605826, stdev=0.162975, best fit=0.701200, best_overall=0.701200, mean_diversity=0.118120,
indivs=16782674, elapsed_secs=34126, mean=0.572693, stdev=0.175072, best fit=0.701200, best_overall=0.701200, mean_diversity=0.115847,
indivs=16792736, elapsed_secs=34145, mean=0.606393, stdev=0.193873, best fit=0.701200, best_overall=0.701200, mean_diversity=0.100931,
indivs=16802802, elapsed_secs=34166, mean=0.609304, stdev=0.160333, best fit=0.701200, best_overall=0.701200, mean_diversity=0.107019,
indivs=16812819, elapsed_secs=34185, mean=0.573919, stdev=0.199477, best fit=0.701200, best_overall=0.701200, mean_diversity=0.100730,
indivs=16822923, elapsed_secs=34204, mean=0.621654, stdev=0.151769, best fit=0.701200, best_overall=0.701200, mean_diversity=0.129886,
indivs=16833098, elapsed_secs=34223, mean=0.600313, stdev=0.189560, best fit=0.701200, best_overall=0.701200, mean_diversity=0.098028,
indivs=16843120, elapsed_secs=34244, mean=0.593896, stdev=0.193338, best fit=0.701200, best_overall=0.701200, mean_diversity=0.101686,
indivs=16853246, elapsed_secs=34263, mean=0.601531, stdev=0.195418, best fit=0.701200, best_overall=0.701200, mean_diversity=0.184009,
indivs=16863372, elapsed_secs=34282, mean=0.578288, stdev=0.175034, best fit=0.701200, best_overall=0.701200, mean_diversity=0.086418,
indivs=16873385, elapsed_secs=34300, mean=0.566332, stdev=0.140615, best fit=0.701200, best_overall=0.701200, mean_diversity=0.088602,
indivs=16883462, elapsed_secs=34322, mean=0.626636, stdev=0.168971, best fit=0.701200, best_overall=0.701200, mean_diversity=0.166205,
indivs=16893568, elapsed_secs=34340, mean=0.626970, stdev=0.126390, best fit=0.701200, best_overall=0.701200, mean_diversity=0.158347,
indivs=16903674, elapsed_secs=34361, mean=0.595589, stdev=0.207851, best fit=0.701200, best_overall=0.701200, mean_diversity=0.074217,
indivs=16913697, elapsed_secs=34382, mean=0.614848, stdev=0.143549, best fit=0.701200, best_overall=0.701200, mean_diversity=0.169679,
indivs=16923839, elapsed_secs=34403, mean=0.592990, stdev=0.211502, best fit=0.701200, best_overall=0.701200, mean_diversity=0.098652,
indivs=16933845, elapsed_secs=34421, mean=0.588337, stdev=0.200519, best fit=0.701200, best_overall=0.701200, mean_diversity=0.133236,
indivs=16943883, elapsed_secs=34447, mean=0.600365, stdev=0.103831, best fit=0.701200, best_overall=0.701200, mean_diversity=0.185633,
indivs=16953958, elapsed_secs=34465, mean=0.580296, stdev=0.142087, best fit=0.701200, best_overall=0.701200, mean_diversity=0.111503,
indivs=16964069, elapsed_secs=34486, mean=0.595274, stdev=0.195020, best fit=0.701200, best_overall=0.701200, mean_diversity=0.073069,
indivs=16974118, elapsed_secs=34505, mean=0.604404, stdev=0.181677, best fit=0.701200, best_overall=0.701200, mean_diversity=0.117541,
indivs=16984200, elapsed_secs=34524, mean=0.605419, stdev=0.161675, best fit=0.701200, best_overall=0.701200, mean_diversity=0.143868,
indivs=16994338, elapsed_secs=34543, mean=0.613731, stdev=0.149206, best fit=0.701200, best_overall=0.701200, mean_diversity=0.103953,
indivs=17004364, elapsed_secs=34564, mean=0.627652, stdev=0.153016, best fit=0.701200, best_overall=0.701200, mean_diversity=0.115875,
indivs=17014438, elapsed_secs=34584, mean=0.616785, stdev=0.171677, best fit=0.701200, best_overall=0.701200, mean_diversity=0.160403,
indivs=17024452, elapsed_secs=34602, mean=0.607591, stdev=0.175210, best fit=0.701200, best_overall=0.701200, mean_diversity=0.233893,
indivs=17034513, elapsed_secs=34626, mean=0.598317, stdev=0.174783, best fit=0.701200, best_overall=0.701200, mean_diversity=0.099261,
indivs=17044611, elapsed_secs=34644, mean=0.587921, stdev=0.132552, best fit=0.701200, best_overall=0.701200, mean_diversity=0.139273,
indivs=17054632, elapsed_secs=34663, mean=0.638727, stdev=0.142795, best fit=0.701200, best_overall=0.701200, mean_diversity=0.105196,
indivs=17064673, elapsed_secs=34682, mean=0.580390, stdev=0.133558, best fit=0.701200, best_overall=0.701200, mean_diversity=0.173873,
indivs=17074710, elapsed_secs=34702, mean=0.571710, stdev=0.154441, best fit=0.701200, best_overall=0.701200, mean_diversity=0.148541,
indivs=17084797, elapsed_secs=34720, mean=0.640249, stdev=0.097343, best fit=0.701200, best_overall=0.701200, mean_diversity=0.161132,
indivs=17094932, elapsed_secs=34741, mean=0.629569, stdev=0.148577, best fit=0.701200, best_overall=0.701200, mean_diversity=0.115512,
indivs=17105098, elapsed_secs=34764, mean=0.615387, stdev=0.167267, best fit=0.701200, best_overall=0.701200, mean_diversity=0.125445,
indivs=17115154, elapsed_secs=34784, mean=0.601678, stdev=0.095832, best fit=0.701200, best_overall=0.701200, mean_diversity=0.143470,
indivs=17125212, elapsed_secs=34805, mean=0.596508, stdev=0.204376, best fit=0.701200, best_overall=0.701200, mean_diversity=0.080145,
indivs=17135272, elapsed_secs=34824, mean=0.596421, stdev=0.198660, best fit=0.701200, best_overall=0.701200, mean_diversity=0.087374,
indivs=17145415, elapsed_secs=34842, mean=0.653411, stdev=0.076409, best fit=0.701200, best_overall=0.701200, mean_diversity=0.261544,
indivs=17155441, elapsed_secs=34862, mean=0.579379, stdev=0.217319, best fit=0.701200, best_overall=0.701200, mean_diversity=0.112306,
indivs=17165499, elapsed_secs=34884, mean=0.621836, stdev=0.152727, best fit=0.701200, best_overall=0.701200, mean_diversity=0.151604,
indivs=17175621, elapsed_secs=34906, mean=0.635900, stdev=0.122813, best fit=0.701200, best_overall=0.701200, mean_diversity=0.108685,
indivs=17185742, elapsed_secs=34926, mean=0.595172, stdev=0.113820, best fit=0.701200, best_overall=0.701200, mean_diversity=0.154923,
indivs=17195911, elapsed_secs=34950, mean=0.615352, stdev=0.190928, best fit=0.701200, best_overall=0.701200, mean_diversity=0.110000,
indivs=17205919, elapsed_secs=34969, mean=0.586854, stdev=0.121540, best fit=0.701200, best_overall=0.701200, mean_diversity=0.095700,
indivs=17216050, elapsed_secs=34991, mean=0.610802, stdev=0.173790, best fit=0.701200, best_overall=0.701200, mean_diversity=0.130810,
indivs=17226075, elapsed_secs=35007, mean=0.583663, stdev=0.216269, best fit=0.701200, best_overall=0.701200, mean_diversity=0.114976,
indivs=17236238, elapsed_secs=35028, mean=0.618743, stdev=0.175832, best fit=0.701200, best_overall=0.701200, mean_diversity=0.174757,
indivs=17246351, elapsed_secs=35048, mean=0.612940, stdev=0.163340, best fit=0.701200, best_overall=0.701200, mean_diversity=0.084027,
indivs=17256407, elapsed_secs=35068, mean=0.570097, stdev=0.155639, best fit=0.701200, best_overall=0.701200, mean_diversity=0.130567,
indivs=17266519, elapsed_secs=35087, mean=0.605816, stdev=0.155005, best fit=0.701200, best_overall=0.701200, mean_diversity=0.125734,
indivs=17276560, elapsed_secs=35107, mean=0.619973, stdev=0.169148, best fit=0.701200, best_overall=0.701200, mean_diversity=0.153487,
indivs=17286592, elapsed_secs=35127, mean=0.598088, stdev=0.176651, best fit=0.701200, best_overall=0.701200, mean_diversity=0.102891,
indivs=17296603, elapsed_secs=35146, mean=0.630719, stdev=0.159182, best fit=0.701200, best_overall=0.701200, mean_diversity=0.128012,
indivs=17306678, elapsed_secs=35166, mean=0.583852, stdev=0.186681, best fit=0.701200, best_overall=0.701200, mean_diversity=0.187311,
indivs=17316693, elapsed_secs=35186, mean=0.620946, stdev=0.171339, best fit=0.701200, best_overall=0.701200, mean_diversity=0.184074,
indivs=17326734, elapsed_secs=35208, mean=0.543495, stdev=0.181371, best fit=0.701200, best_overall=0.701200, mean_diversity=0.161045,
indivs=17336776, elapsed_secs=35227, mean=0.573877, stdev=0.145255, best fit=0.701200, best_overall=0.701200, mean_diversity=0.109689,
indivs=17346889, elapsed_secs=35248, mean=0.600520, stdev=0.136636, best fit=0.701200, best_overall=0.701200, mean_diversity=0.071572,
indivs=17356928, elapsed_secs=35270, mean=0.589862, stdev=0.148416, best fit=0.701200, best_overall=0.701200, mean_diversity=0.118176,
indivs=17367013, elapsed_secs=35287, mean=0.605165, stdev=0.162500, best fit=0.701200, best_overall=0.701200, mean_diversity=0.232031,
indivs=17377148, elapsed_secs=35307, mean=0.632537, stdev=0.129488, best fit=0.701200, best_overall=0.701200, mean_diversity=0.218227,
indivs=17387152, elapsed_secs=35330, mean=0.576733, stdev=0.131688, best fit=0.701200, best_overall=0.701200, mean_diversity=0.087548,
indivs=17397183, elapsed_secs=35352, mean=0.608163, stdev=0.194781, best fit=0.701200, best_overall=0.701200, mean_diversity=0.106796,
indivs=17407291, elapsed_secs=35374, mean=0.571000, stdev=0.148370, best fit=0.701200, best_overall=0.701200, mean_diversity=0.189552,
indivs=17417317, elapsed_secs=35394, mean=0.609061, stdev=0.186557, best fit=0.701200, best_overall=0.701200, mean_diversity=0.089565,
indivs=17427408, elapsed_secs=35413, mean=0.618530, stdev=0.105689, best fit=0.701200, best_overall=0.701200, mean_diversity=0.123710,
indivs=17437580, elapsed_secs=35443, mean=0.603241, stdev=0.194399, best fit=0.701200, best_overall=0.701200, mean_diversity=0.098625,
indivs=17447663, elapsed_secs=35464, mean=0.568162, stdev=0.153760, best fit=0.701200, best_overall=0.701200, mean_diversity=0.104122,
indivs=17457715, elapsed_secs=35484, mean=0.638965, stdev=0.150332, best fit=0.701200, best_overall=0.701200, mean_diversity=0.090904,
indivs=17467774, elapsed_secs=35502, mean=0.605608, stdev=0.184006, best fit=0.701200, best_overall=0.701200, mean_diversity=0.144104,
indivs=17477838, elapsed_secs=35524, mean=0.599277, stdev=0.189409, best fit=0.701200, best_overall=0.701200, mean_diversity=0.124606,
indivs=17487972, elapsed_secs=35545, mean=0.559208, stdev=0.204020, best fit=0.701200, best_overall=0.701200, mean_diversity=0.106046,
indivs=17498095, elapsed_secs=35566, mean=0.619219, stdev=0.165499, best fit=0.701200, best_overall=0.701200, mean_diversity=0.163655,
indivs=17508167, elapsed_secs=35584, mean=0.618041, stdev=0.166666, best fit=0.701200, best_overall=0.701200, mean_diversity=0.124329,
indivs=17518256, elapsed_secs=35605, mean=0.610610, stdev=0.177512, best fit=0.701200, best_overall=0.701200, mean_diversity=0.113229,
indivs=17528286, elapsed_secs=35627, mean=0.580692, stdev=0.129651, best fit=0.701200, best_overall=0.701200, mean_diversity=0.094541,
indivs=17538446, elapsed_secs=35648, mean=0.562492, stdev=0.232359, best fit=0.701200, best_overall=0.701200, mean_diversity=0.098444,
indivs=17548571, elapsed_secs=35667, mean=0.604708, stdev=0.153386, best fit=0.701200, best_overall=0.701200, mean_diversity=0.106702,
indivs=17558632, elapsed_secs=35686, mean=0.607418, stdev=0.120151, best fit=0.701200, best_overall=0.701200, mean_diversity=0.104505,
indivs=17568687, elapsed_secs=35706, mean=0.624414, stdev=0.146048, best fit=0.701200, best_overall=0.701200, mean_diversity=0.145342,
indivs=17578776, elapsed_secs=35727, mean=0.606133, stdev=0.181624, best fit=0.701200, best_overall=0.701200, mean_diversity=0.135721,
indivs=17588791, elapsed_secs=35746, mean=0.613111, stdev=0.165265, best fit=0.701200, best_overall=0.701200, mean_diversity=0.144163,
indivs=17598852, elapsed_secs=35762, mean=0.582187, stdev=0.099226, best fit=0.701200, best_overall=0.701200, mean_diversity=0.222593,
indivs=17608913, elapsed_secs=35784, mean=0.616083, stdev=0.162711, best fit=0.701200, best_overall=0.701200, mean_diversity=0.112958,
indivs=17618974, elapsed_secs=35804, mean=0.591279, stdev=0.195873, best fit=0.701200, best_overall=0.701200, mean_diversity=0.147184,
indivs=17629081, elapsed_secs=35822, mean=0.587315, stdev=0.141568, best fit=0.701200, best_overall=0.701200, mean_diversity=0.120531,
indivs=17639167, elapsed_secs=35842, mean=0.598268, stdev=0.147796, best fit=0.701200, best_overall=0.701200, mean_diversity=0.081063,
indivs=17649204, elapsed_secs=35863, mean=0.577567, stdev=0.209843, best fit=0.701200, best_overall=0.701200, mean_diversity=0.135860,
indivs=17659244, elapsed_secs=35883, mean=0.589836, stdev=0.118216, best fit=0.701200, best_overall=0.701200, mean_diversity=0.187558,
indivs=17669397, elapsed_secs=35903, mean=0.616136, stdev=0.144697, best fit=0.701200, best_overall=0.701200, mean_diversity=0.123495,
indivs=17679434, elapsed_secs=35921, mean=0.627121, stdev=0.161473, best fit=0.701200, best_overall=0.701200, mean_diversity=0.104276,
indivs=17689492, elapsed_secs=35939, mean=0.617942, stdev=0.155882, best fit=0.701200, best_overall=0.701200, mean_diversity=0.179136,
indivs=17699511, elapsed_secs=35960, mean=0.589315, stdev=0.202486, best fit=0.701200, best_overall=0.701200, mean_diversity=0.159520,
indivs=17709606, elapsed_secs=35977, mean=0.593827, stdev=0.196968, best fit=0.701200, best_overall=0.701200, mean_diversity=0.137819,
indivs=17719609, elapsed_secs=35996, mean=0.580961, stdev=0.209547, best fit=0.701200, best_overall=0.701200, mean_diversity=0.127304,
indivs=17729646, elapsed_secs=36016, mean=0.579579, stdev=0.176037, best fit=0.701200, best_overall=0.701200, mean_diversity=0.141161,
indivs=17739730, elapsed_secs=36040, mean=0.605820, stdev=0.174169, best fit=0.701200, best_overall=0.701200, mean_diversity=0.120469,
indivs=17749760, elapsed_secs=36064, mean=0.616723, stdev=0.168373, best fit=0.701200, best_overall=0.701200, mean_diversity=0.101293,
indivs=17759761, elapsed_secs=36084, mean=0.608282, stdev=0.151153, best fit=0.701200, best_overall=0.701200, mean_diversity=0.147468,
indivs=17769816, elapsed_secs=36101, mean=0.550716, stdev=0.192922, best fit=0.701200, best_overall=0.701200, mean_diversity=0.138554,
indivs=17779892, elapsed_secs=36120, mean=0.579835, stdev=0.133546, best fit=0.701200, best_overall=0.701200, mean_diversity=0.162376,
indivs=17790060, elapsed_secs=36141, mean=0.627857, stdev=0.140673, best fit=0.701200, best_overall=0.701200, mean_diversity=0.123513,
indivs=17800070, elapsed_secs=36160, mean=0.620437, stdev=0.169918, best fit=0.701200, best_overall=0.701200, mean_diversity=0.128306,
indivs=17810207, elapsed_secs=36179, mean=0.629637, stdev=0.079708, best fit=0.701200, best_overall=0.701200, mean_diversity=0.221257,
indivs=17820254, elapsed_secs=36201, mean=0.603598, stdev=0.131798, best fit=0.701200, best_overall=0.701200, mean_diversity=0.120082,
indivs=17830389, elapsed_secs=36220, mean=0.607334, stdev=0.152825, best fit=0.701200, best_overall=0.701200, mean_diversity=0.141793,
indivs=17840425, elapsed_secs=36239, mean=0.587397, stdev=0.129878, best fit=0.701200, best_overall=0.701200, mean_diversity=0.167032,
indivs=17850543, elapsed_secs=36259, mean=0.571059, stdev=0.225038, best fit=0.701200, best_overall=0.701200, mean_diversity=0.119610,
indivs=17860559, elapsed_secs=36278, mean=0.580740, stdev=0.146610, best fit=0.701200, best_overall=0.701200, mean_diversity=0.120366,
indivs=17870598, elapsed_secs=36298, mean=0.572004, stdev=0.140888, best fit=0.701200, best_overall=0.701200, mean_diversity=0.109492,
indivs=17880687, elapsed_secs=36315, mean=0.576882, stdev=0.147131, best fit=0.701200, best_overall=0.701200, mean_diversity=0.136781,
indivs=17890717, elapsed_secs=36334, mean=0.586649, stdev=0.143497, best fit=0.701200, best_overall=0.701200, mean_diversity=0.115059,
indivs=17900815, elapsed_secs=36358, mean=0.590655, stdev=0.217720, best fit=0.701200, best_overall=0.701200, mean_diversity=0.112161,
indivs=17910861, elapsed_secs=36379, mean=0.585326, stdev=0.141858, best fit=0.701200, best_overall=0.701200, mean_diversity=0.107695,
indivs=17920955, elapsed_secs=36398, mean=0.590426, stdev=0.201091, best fit=0.701200, best_overall=0.701200, mean_diversity=0.090496,
indivs=17930972, elapsed_secs=36418, mean=0.581460, stdev=0.106967, best fit=0.701200, best_overall=0.701200, mean_diversity=0.096515,
indivs=17941029, elapsed_secs=36435, mean=0.592303, stdev=0.158333, best fit=0.701200, best_overall=0.701200, mean_diversity=0.106314,
indivs=17951165, elapsed_secs=36456, mean=0.640623, stdev=0.133525, best fit=0.701200, best_overall=0.701200, mean_diversity=0.086754,
indivs=17961198, elapsed_secs=36477, mean=0.596194, stdev=0.106258, best fit=0.701200, best_overall=0.701200, mean_diversity=0.167470,
indivs=17971216, elapsed_secs=36499, mean=0.619827, stdev=0.168477, best fit=0.701200, best_overall=0.701200, mean_diversity=0.087724,
indivs=17981296, elapsed_secs=36518, mean=0.563036, stdev=0.174691, best fit=0.701200, best_overall=0.701200, mean_diversity=0.094631,
indivs=17991314, elapsed_secs=36537, mean=0.597991, stdev=0.204136, best fit=0.701200, best_overall=0.701200, mean_diversity=0.200619,
indivs=18001434, elapsed_secs=36556, mean=0.617175, stdev=0.164279, best fit=0.701200, best_overall=0.701200, mean_diversity=0.125840,
indivs=18011533, elapsed_secs=36574, mean=0.600897, stdev=0.116942, best fit=0.701200, best_overall=0.701200, mean_diversity=0.157706,
indivs=18021572, elapsed_secs=36593, mean=0.615489, stdev=0.175638, best fit=0.701200, best_overall=0.701200, mean_diversity=0.169869,
indivs=18031663, elapsed_secs=36616, mean=0.582426, stdev=0.188822, best fit=0.701200, best_overall=0.701200, mean_diversity=0.193198,
indivs=18041808, elapsed_secs=36635, mean=0.629182, stdev=0.137611, best fit=0.701200, best_overall=0.701200, mean_diversity=0.133441,
indivs=18051888, elapsed_secs=36651, mean=0.587530, stdev=0.167543, best fit=0.701200, best_overall=0.701200, mean_diversity=0.117974,
indivs=18061927, elapsed_secs=36676, mean=0.610661, stdev=0.181162, best fit=0.701200, best_overall=0.701200, mean_diversity=0.153333,
indivs=18072094, elapsed_secs=36698, mean=0.623559, stdev=0.173966, best fit=0.701200, best_overall=0.701200, mean_diversity=0.145779,
indivs=18082189, elapsed_secs=36722, mean=0.578556, stdev=0.153316, best fit=0.701200, best_overall=0.701200, mean_diversity=0.167151,
indivs=18092274, elapsed_secs=36746, mean=0.614185, stdev=0.172860, best fit=0.701200, best_overall=0.701200, mean_diversity=0.149399,
indivs=18102396, elapsed_secs=36766, mean=0.627335, stdev=0.163305, best fit=0.701200, best_overall=0.701200, mean_diversity=0.078841,
indivs=18112453, elapsed_secs=36785, mean=0.580095, stdev=0.153410, best fit=0.701200, best_overall=0.701200, mean_diversity=0.193765,
indivs=18122512, elapsed_secs=36805, mean=0.613412, stdev=0.171037, best fit=0.701200, best_overall=0.701200, mean_diversity=0.167521,
indivs=18132560, elapsed_secs=36826, mean=0.609875, stdev=0.172596, best fit=0.701200, best_overall=0.701200, mean_diversity=0.126311,
indivs=18142568, elapsed_secs=36846, mean=0.646781, stdev=0.133485, best fit=0.701200, best_overall=0.701200, mean_diversity=0.089362,
indivs=18152644, elapsed_secs=36867, mean=0.577171, stdev=0.122114, best fit=0.701200, best_overall=0.701200, mean_diversity=0.149382,
indivs=18162666, elapsed_secs=36888, mean=0.557498, stdev=0.145962, best fit=0.701200, best_overall=0.701200, mean_diversity=0.181514,
indivs=18172711, elapsed_secs=36907, mean=0.581466, stdev=0.175750, best fit=0.701200, best_overall=0.701200, mean_diversity=0.126809,
indivs=18182793, elapsed_secs=36932, mean=0.635379, stdev=0.137400, best fit=0.701200, best_overall=0.701200, mean_diversity=0.081590,
indivs=18192825, elapsed_secs=36952, mean=0.554871, stdev=0.206157, best fit=0.701200, best_overall=0.701200, mean_diversity=0.077481,
indivs=18202946, elapsed_secs=36974, mean=0.615819, stdev=0.165435, best fit=0.701200, best_overall=0.701200, mean_diversity=0.137026,
indivs=18212969, elapsed_secs=36994, mean=0.582781, stdev=0.123399, best fit=0.701200, best_overall=0.701200, mean_diversity=0.103172,
indivs=18223002, elapsed_secs=37015, mean=0.566882, stdev=0.219575, best fit=0.701200, best_overall=0.701200, mean_diversity=0.117847,
indivs=18233089, elapsed_secs=37037, mean=0.594507, stdev=0.192294, best fit=0.701200, best_overall=0.701200, mean_diversity=0.145873,
indivs=18243198, elapsed_secs=37059, mean=0.628963, stdev=0.147785, best fit=0.701200, best_overall=0.701200, mean_diversity=0.078216,
indivs=18253238, elapsed_secs=37083, mean=0.600314, stdev=0.161424, best fit=0.701200, best_overall=0.701200, mean_diversity=0.181739,
indivs=18263260, elapsed_secs=37100, mean=0.591677, stdev=0.122072, best fit=0.701200, best_overall=0.701200, mean_diversity=0.104128,
indivs=18273342, elapsed_secs=37119, mean=0.631282, stdev=0.137915, best fit=0.701200, best_overall=0.701200, mean_diversity=0.087450,
indivs=18283379, elapsed_secs=37138, mean=0.599272, stdev=0.210535, best fit=0.701200, best_overall=0.701200, mean_diversity=0.188649,
indivs=18293452, elapsed_secs=37160, mean=0.563709, stdev=0.187899, best fit=0.701200, best_overall=0.701200, mean_diversity=0.093492,
indivs=18303481, elapsed_secs=37181, mean=0.574753, stdev=0.171552, best fit=0.701200, best_overall=0.701200, mean_diversity=0.156579,
indivs=18313576, elapsed_secs=37198, mean=0.568091, stdev=0.171862, best fit=0.701200, best_overall=0.701200, mean_diversity=0.112425,
indivs=18323687, elapsed_secs=37218, mean=0.601053, stdev=0.169607, best fit=0.701200, best_overall=0.701200, mean_diversity=0.195888,
indivs=18333768, elapsed_secs=37238, mean=0.618399, stdev=0.145349, best fit=0.701200, best_overall=0.701200, mean_diversity=0.123655,
indivs=18343937, elapsed_secs=37261, mean=0.644666, stdev=0.117970, best fit=0.701200, best_overall=0.701200, mean_diversity=0.237198,
indivs=18354019, elapsed_secs=37283, mean=0.577399, stdev=0.219230, best fit=0.701200, best_overall=0.701200, mean_diversity=0.154579,
indivs=18364028, elapsed_secs=37307, mean=0.565424, stdev=0.240425, best fit=0.701200, best_overall=0.701200, mean_diversity=0.083830,
indivs=18374028, elapsed_secs=37328, mean=0.598566, stdev=0.193212, best fit=0.701200, best_overall=0.701200, mean_diversity=0.127735,
indivs=18384063, elapsed_secs=37344, mean=0.620844, stdev=0.158229, best fit=0.701200, best_overall=0.701200, mean_diversity=0.161043,
indivs=18394141, elapsed_secs=37366, mean=0.584408, stdev=0.151627, best fit=0.701200, best_overall=0.701200, mean_diversity=0.257530,
indivs=18404152, elapsed_secs=37391, mean=0.591035, stdev=0.168895, best fit=0.701200, best_overall=0.701200, mean_diversity=0.113913,
indivs=18414228, elapsed_secs=37410, mean=0.573512, stdev=0.132512, best fit=0.701200, best_overall=0.701200, mean_diversity=0.105246,
indivs=18424243, elapsed_secs=37429, mean=0.642604, stdev=0.122375, best fit=0.701200, best_overall=0.701200, mean_diversity=0.148377,
indivs=18434326, elapsed_secs=37450, mean=0.602575, stdev=0.173862, best fit=0.701200, best_overall=0.701200, mean_diversity=0.122419,
indivs=18444357, elapsed_secs=37471, mean=0.583168, stdev=0.153878, best fit=0.701200, best_overall=0.701200, mean_diversity=0.109328,
indivs=18454388, elapsed_secs=37489, mean=0.573686, stdev=0.135146, best fit=0.701200, best_overall=0.701200, mean_diversity=0.162843,
indivs=18464407, elapsed_secs=37510, mean=0.574567, stdev=0.139793, best fit=0.701200, best_overall=0.701200, mean_diversity=0.178537,
indivs=18474514, elapsed_secs=37534, mean=0.609899, stdev=0.193733, best fit=0.701200, best_overall=0.701200, mean_diversity=0.150302,
indivs=18484553, elapsed_secs=37554, mean=0.614414, stdev=0.136273, best fit=0.701200, best_overall=0.701200, mean_diversity=0.214132,
indivs=18494655, elapsed_secs=37572, mean=0.573313, stdev=0.156405, best fit=0.701200, best_overall=0.701200, mean_diversity=0.164674,
indivs=18504778, elapsed_secs=37593, mean=0.640967, stdev=0.138088, best fit=0.701200, best_overall=0.701200, mean_diversity=0.060647,
indivs=18514849, elapsed_secs=37612, mean=0.550087, stdev=0.172356, best fit=0.701200, best_overall=0.701200, mean_diversity=0.173172,
indivs=18524905, elapsed_secs=37633, mean=0.606315, stdev=0.181966, best fit=0.701200, best_overall=0.701200, mean_diversity=0.097439,
indivs=18534915, elapsed_secs=37651, mean=0.616152, stdev=0.162873, best fit=0.701200, best_overall=0.701200, mean_diversity=0.086390,
indivs=18545086, elapsed_secs=37671, mean=0.607289, stdev=0.185182, best fit=0.701200, best_overall=0.701200, mean_diversity=0.140294,
indivs=18555097, elapsed_secs=37692, mean=0.577088, stdev=0.104689, best fit=0.701200, best_overall=0.701200, mean_diversity=0.125491,
indivs=18565151, elapsed_secs=37714, mean=0.604806, stdev=0.206059, best fit=0.701200, best_overall=0.701200, mean_diversity=0.109416,
indivs=18575272, elapsed_secs=37734, mean=0.614139, stdev=0.135539, best fit=0.701200, best_overall=0.701200, mean_diversity=0.099496,
indivs=18585369, elapsed_secs=37756, mean=0.601096, stdev=0.116231, best fit=0.701200, best_overall=0.701200, mean_diversity=0.158171,
indivs=18595373, elapsed_secs=37779, mean=0.615183, stdev=0.155714, best fit=0.701200, best_overall=0.701200, mean_diversity=0.172601,
indivs=18605375, elapsed_secs=37800, mean=0.642339, stdev=0.083673, best fit=0.701200, best_overall=0.701200, mean_diversity=0.088354,
indivs=18615459, elapsed_secs=37820, mean=0.613180, stdev=0.119750, best fit=0.701200, best_overall=0.701200, mean_diversity=0.135918,
indivs=18625625, elapsed_secs=37841, mean=0.624160, stdev=0.161708, best fit=0.701200, best_overall=0.701200, mean_diversity=0.140684,
indivs=18635719, elapsed_secs=37863, mean=0.581811, stdev=0.172785, best fit=0.701200, best_overall=0.701200, mean_diversity=0.106140,
indivs=18645809, elapsed_secs=37882, mean=0.612011, stdev=0.154172, best fit=0.701200, best_overall=0.701200, mean_diversity=0.138934,
indivs=18655833, elapsed_secs=37899, mean=0.572292, stdev=0.134360, best fit=0.701200, best_overall=0.701200, mean_diversity=0.111282,
indivs=18665881, elapsed_secs=37921, mean=0.566865, stdev=0.156763, best fit=0.701200, best_overall=0.701200, mean_diversity=0.113462,
indivs=18676020, elapsed_secs=37943, mean=0.616817, stdev=0.167382, best fit=0.701200, best_overall=0.701200, mean_diversity=0.114958,
indivs=18686100, elapsed_secs=37965, mean=0.633447, stdev=0.115820, best fit=0.701200, best_overall=0.701200, mean_diversity=0.120813,
indivs=18696109, elapsed_secs=37986, mean=0.586142, stdev=0.133150, best fit=0.701200, best_overall=0.701200, mean_diversity=0.106840,
indivs=18706220, elapsed_secs=38008, mean=0.600095, stdev=0.196873, best fit=0.701200, best_overall=0.701200, mean_diversity=0.145596,
indivs=18716271, elapsed_secs=38027, mean=0.539956, stdev=0.181888, best fit=0.701200, best_overall=0.701200, mean_diversity=0.121569,
indivs=18726399, elapsed_secs=38048, mean=0.579131, stdev=0.178440, best fit=0.701200, best_overall=0.701200, mean_diversity=0.167796,
indivs=18736464, elapsed_secs=38067, mean=0.593326, stdev=0.185158, best fit=0.701200, best_overall=0.701200, mean_diversity=0.102783,
indivs=18746541, elapsed_secs=38086, mean=0.590451, stdev=0.152868, best fit=0.701200, best_overall=0.701200, mean_diversity=0.129267,
indivs=18756616, elapsed_secs=38104, mean=0.566029, stdev=0.155249, best fit=0.701200, best_overall=0.701200, mean_diversity=0.088016,
indivs=18766665, elapsed_secs=38123, mean=0.566543, stdev=0.147195, best fit=0.701200, best_overall=0.701200, mean_diversity=0.139097,
indivs=18776696, elapsed_secs=38142, mean=0.592058, stdev=0.137676, best fit=0.701200, best_overall=0.701200, mean_diversity=0.085902,
indivs=18786740, elapsed_secs=38163, mean=0.583226, stdev=0.118052, best fit=0.701200, best_overall=0.701200, mean_diversity=0.123061,
indivs=18796775, elapsed_secs=38183, mean=0.613078, stdev=0.162045, best fit=0.701200, best_overall=0.701200, mean_diversity=0.063952,
indivs=18806780, elapsed_secs=38208, mean=0.584339, stdev=0.213115, best fit=0.701200, best_overall=0.701200, mean_diversity=0.271600,
indivs=18816834, elapsed_secs=38228, mean=0.587967, stdev=0.198938, best fit=0.701200, best_overall=0.701200, mean_diversity=0.095309,
indivs=18826909, elapsed_secs=38247, mean=0.549042, stdev=0.169613, best fit=0.701200, best_overall=0.701200, mean_diversity=0.135840,
indivs=18836965, elapsed_secs=38267, mean=0.582233, stdev=0.131805, best fit=0.701200, best_overall=0.701200, mean_diversity=0.113876,
indivs=18846981, elapsed_secs=38289, mean=0.623027, stdev=0.078525, best fit=0.701200, best_overall=0.701200, mean_diversity=0.118824,
indivs=18857098, elapsed_secs=38308, mean=0.610518, stdev=0.154358, best fit=0.701200, best_overall=0.701200, mean_diversity=0.107764,
indivs=18867235, elapsed_secs=38326, mean=0.602812, stdev=0.147189, best fit=0.701200, best_overall=0.701200, mean_diversity=0.078310,
indivs=18877332, elapsed_secs=38346, mean=0.617431, stdev=0.164272, best fit=0.701200, best_overall=0.701200, mean_diversity=0.155271,
indivs=18887452, elapsed_secs=38363, mean=0.583698, stdev=0.208307, best fit=0.701200, best_overall=0.701200, mean_diversity=0.138625,
indivs=18897543, elapsed_secs=38382, mean=0.538502, stdev=0.182190, best fit=0.701200, best_overall=0.701200, mean_diversity=0.126419,
indivs=18907587, elapsed_secs=38403, mean=0.587190, stdev=0.137828, best fit=0.701200, best_overall=0.701200, mean_diversity=0.082288,
indivs=18917644, elapsed_secs=38424, mean=0.636741, stdev=0.124328, best fit=0.701200, best_overall=0.701200, mean_diversity=0.123919,
indivs=18927813, elapsed_secs=38444, mean=0.624273, stdev=0.150030, best fit=0.701200, best_overall=0.701200, mean_diversity=0.125118,
indivs=18937907, elapsed_secs=38462, mean=0.599790, stdev=0.169117, best fit=0.701200, best_overall=0.701200, mean_diversity=0.140051,
indivs=18947978, elapsed_secs=38480, mean=0.635622, stdev=0.143227, best fit=0.701200, best_overall=0.701200, mean_diversity=0.089476,
indivs=18958156, elapsed_secs=38501, mean=0.623728, stdev=0.184032, best fit=0.701200, best_overall=0.701200, mean_diversity=0.125322,
indivs=18968302, elapsed_secs=38521, mean=0.590359, stdev=0.203578, best fit=0.701200, best_overall=0.701200, mean_diversity=0.102857,
indivs=18978355, elapsed_secs=38539, mean=0.562077, stdev=0.159580, best fit=0.701200, best_overall=0.701200, mean_diversity=0.183741,
indivs=18988432, elapsed_secs=38557, mean=0.582511, stdev=0.130831, best fit=0.701200, best_overall=0.701200, mean_diversity=0.168819,
indivs=18998447, elapsed_secs=38577, mean=0.605338, stdev=0.208976, best fit=0.701200, best_overall=0.701200, mean_diversity=0.157608,
indivs=19008513, elapsed_secs=38597, mean=0.549769, stdev=0.175697, best fit=0.701200, best_overall=0.701200, mean_diversity=0.155372,
indivs=19018532, elapsed_secs=38618, mean=0.621433, stdev=0.147451, best fit=0.701200, best_overall=0.701200, mean_diversity=0.117576,
indivs=19028544, elapsed_secs=38639, mean=0.564746, stdev=0.198819, best fit=0.701200, best_overall=0.701200, mean_diversity=0.097905,
indivs=19038547, elapsed_secs=38659, mean=0.620073, stdev=0.106357, best fit=0.701200, best_overall=0.701200, mean_diversity=0.090459,
indivs=19048708, elapsed_secs=38681, mean=0.619408, stdev=0.173681, best fit=0.701200, best_overall=0.701200, mean_diversity=0.100000,
indivs=19058793, elapsed_secs=38702, mean=0.591475, stdev=0.104844, best fit=0.701200, best_overall=0.701200, mean_diversity=0.142460,
indivs=19068951, elapsed_secs=38720, mean=0.582089, stdev=0.219727, best fit=0.701200, best_overall=0.701200, mean_diversity=0.081597,
indivs=19078995, elapsed_secs=38737, mean=0.576941, stdev=0.172989, best fit=0.701200, best_overall=0.701200, mean_diversity=0.114831,
indivs=19089026, elapsed_secs=38758, mean=0.598050, stdev=0.116615, best fit=0.701200, best_overall=0.701200, mean_diversity=0.184753,
indivs=19099185, elapsed_secs=38779, mean=0.598861, stdev=0.190234, best fit=0.701200, best_overall=0.701200, mean_diversity=0.092095,
indivs=19109265, elapsed_secs=38802, mean=0.595453, stdev=0.199609, best fit=0.701200, best_overall=0.701200, mean_diversity=0.102876,
indivs=19119435, elapsed_secs=38822, mean=0.618347, stdev=0.163848, best fit=0.701200, best_overall=0.701200, mean_diversity=0.086833,
indivs=19129590, elapsed_secs=38840, mean=0.630535, stdev=0.169538, best fit=0.701200, best_overall=0.701200, mean_diversity=0.165853,
indivs=19139678, elapsed_secs=38860, mean=0.572592, stdev=0.144094, best fit=0.701200, best_overall=0.701200, mean_diversity=0.207099,
indivs=19149687, elapsed_secs=38879, mean=0.538078, stdev=0.256379, best fit=0.701200, best_overall=0.701200, mean_diversity=0.159610,
indivs=19159695, elapsed_secs=38900, mean=0.600184, stdev=0.151331, best fit=0.701200, best_overall=0.701200, mean_diversity=0.155105,
indivs=19169811, elapsed_secs=38922, mean=0.623493, stdev=0.167577, best fit=0.701200, best_overall=0.701200, mean_diversity=0.173436,
indivs=19179832, elapsed_secs=38938, mean=0.591530, stdev=0.205934, best fit=0.701200, best_overall=0.701200, mean_diversity=0.161818,
indivs=19189840, elapsed_secs=38960, mean=0.606524, stdev=0.153172, best fit=0.701200, best_overall=0.701200, mean_diversity=0.093434,
indivs=19199938, elapsed_secs=38981, mean=0.569059, stdev=0.160413, best fit=0.701200, best_overall=0.701200, mean_diversity=0.089898,
indivs=19210056, elapsed_secs=39001, mean=0.574152, stdev=0.185501, best fit=0.701200, best_overall=0.701200, mean_diversity=0.129747,
indivs=19220133, elapsed_secs=39020, mean=0.620041, stdev=0.166257, best fit=0.701200, best_overall=0.701200, mean_diversity=0.113944,
indivs=19230220, elapsed_secs=39038, mean=0.630826, stdev=0.095651, best fit=0.701200, best_overall=0.701200, mean_diversity=0.145259,
indivs=19240311, elapsed_secs=39056, mean=0.631141, stdev=0.150639, best fit=0.701200, best_overall=0.701200, mean_diversity=0.095939,
indivs=19250359, elapsed_secs=39077, mean=0.606263, stdev=0.165885, best fit=0.701200, best_overall=0.701200, mean_diversity=0.123927,
indivs=19260477, elapsed_secs=39098, mean=0.599853, stdev=0.140831, best fit=0.701200, best_overall=0.701200, mean_diversity=0.125728,
indivs=19270595, elapsed_secs=39120, mean=0.540053, stdev=0.232965, best fit=0.701200, best_overall=0.701200, mean_diversity=0.086010,
indivs=19280643, elapsed_secs=39138, mean=0.586789, stdev=0.141920, best fit=0.701200, best_overall=0.701200, mean_diversity=0.117633,
indivs=19290768, elapsed_secs=39158, mean=0.616167, stdev=0.187542, best fit=0.701200, best_overall=0.701200, mean_diversity=0.221378,
indivs=19300848, elapsed_secs=39180, mean=0.609684, stdev=0.181940, best fit=0.701200, best_overall=0.701200, mean_diversity=0.104028,
indivs=19310902, elapsed_secs=39201, mean=0.586436, stdev=0.134030, best fit=0.701200, best_overall=0.701200, mean_diversity=0.146441,
indivs=19320918, elapsed_secs=39221, mean=0.580567, stdev=0.210652, best fit=0.701200, best_overall=0.701200, mean_diversity=0.109018,
indivs=19330932, elapsed_secs=39240, mean=0.617136, stdev=0.169860, best fit=0.701200, best_overall=0.701200, mean_diversity=0.171508,
indivs=19340963, elapsed_secs=39260, mean=0.591388, stdev=0.179113, best fit=0.701200, best_overall=0.701200, mean_diversity=0.160776,
indivs=19351073, elapsed_secs=39280, mean=0.570956, stdev=0.165765, best fit=0.701200, best_overall=0.701200, mean_diversity=0.188153,
indivs=19361076, elapsed_secs=39304, mean=0.602245, stdev=0.185986, best fit=0.701200, best_overall=0.701200, mean_diversity=0.101481,
indivs=19371240, elapsed_secs=39327, mean=0.610810, stdev=0.194676, best fit=0.701200, best_overall=0.701200, mean_diversity=0.140881,
indivs=19381318, elapsed_secs=39347, mean=0.597631, stdev=0.180993, best fit=0.701200, best_overall=0.701200, mean_diversity=0.153156,
indivs=19391351, elapsed_secs=39366, mean=0.587747, stdev=0.136303, best fit=0.701200, best_overall=0.701200, mean_diversity=0.122327,
indivs=19401357, elapsed_secs=39388, mean=0.573914, stdev=0.227159, best fit=0.701200, best_overall=0.701200, mean_diversity=0.185446,
indivs=19411438, elapsed_secs=39411, mean=0.575603, stdev=0.183529, best fit=0.701200, best_overall=0.701200, mean_diversity=0.138347,
indivs=19421530, elapsed_secs=39428, mean=0.641125, stdev=0.125046, best fit=0.701200, best_overall=0.701200, mean_diversity=0.134481,
indivs=19431548, elapsed_secs=39449, mean=0.613099, stdev=0.167229, best fit=0.701200, best_overall=0.701200, mean_diversity=0.117373,
indivs=19441619, elapsed_secs=39469, mean=0.588886, stdev=0.129190, best fit=0.701200, best_overall=0.701200, mean_diversity=0.089916,
indivs=19451628, elapsed_secs=39488, mean=0.622743, stdev=0.165845, best fit=0.701200, best_overall=0.701200, mean_diversity=0.196014,
indivs=19461641, elapsed_secs=39508, mean=0.623007, stdev=0.151291, best fit=0.701200, best_overall=0.701200, mean_diversity=0.129657,
indivs=19471673, elapsed_secs=39528, mean=0.583333, stdev=0.175471, best fit=0.701200, best_overall=0.701200, mean_diversity=0.117389,
indivs=19481687, elapsed_secs=39548, mean=0.625737, stdev=0.163239, best fit=0.701200, best_overall=0.701200, mean_diversity=0.133490,
indivs=19491711, elapsed_secs=39567, mean=0.589716, stdev=0.115398, best fit=0.701200, best_overall=0.701200, mean_diversity=0.094737,
indivs=19501886, elapsed_secs=39587, mean=0.649879, stdev=0.120021, best fit=0.701200, best_overall=0.701200, mean_diversity=0.104104,
indivs=19512008, elapsed_secs=39613, mean=0.618831, stdev=0.164959, best fit=0.701200, best_overall=0.701200, mean_diversity=0.129590,
indivs=19522159, elapsed_secs=39633, mean=0.549549, stdev=0.252307, best fit=0.701200, best_overall=0.701200, mean_diversity=0.146885,
indivs=19532295, elapsed_secs=39654, mean=0.613919, stdev=0.154157, best fit=0.701200, best_overall=0.701200, mean_diversity=0.146218,
indivs=19542312, elapsed_secs=39671, mean=0.579882, stdev=0.118879, best fit=0.701200, best_overall=0.701200, mean_diversity=0.140553,
indivs=19552360, elapsed_secs=39693, mean=0.584270, stdev=0.156013, best fit=0.701200, best_overall=0.701200, mean_diversity=0.123857,
indivs=19562483, elapsed_secs=39711, mean=0.592901, stdev=0.203454, best fit=0.701200, best_overall=0.701200, mean_diversity=0.137753,
indivs=19572602, elapsed_secs=39731, mean=0.578117, stdev=0.150647, best fit=0.701200, best_overall=0.701200, mean_diversity=0.156465,
indivs=19582686, elapsed_secs=39755, mean=0.574346, stdev=0.160696, best fit=0.701200, best_overall=0.701200, mean_diversity=0.125212,
indivs=19592688, elapsed_secs=39773, mean=0.612344, stdev=0.157363, best fit=0.701200, best_overall=0.701200, mean_diversity=0.240718,
indivs=19602821, elapsed_secs=39793, mean=0.605719, stdev=0.128270, best fit=0.701200, best_overall=0.701200, mean_diversity=0.109313,
indivs=19612927, elapsed_secs=39812, mean=0.593979, stdev=0.220796, best fit=0.701200, best_overall=0.701200, mean_diversity=0.125549,
indivs=19622951, elapsed_secs=39830, mean=0.603434, stdev=0.162703, best fit=0.701200, best_overall=0.701200, mean_diversity=0.113474,
indivs=19633036, elapsed_secs=39851, mean=0.591546, stdev=0.113600, best fit=0.701200, best_overall=0.701200, mean_diversity=0.153599,
indivs=19643132, elapsed_secs=39869, mean=0.601104, stdev=0.153978, best fit=0.701200, best_overall=0.701200, mean_diversity=0.178186,
indivs=19653149, elapsed_secs=39889, mean=0.606721, stdev=0.151771, best fit=0.701200, best_overall=0.701200, mean_diversity=0.220828,
indivs=19663249, elapsed_secs=39908, mean=0.590398, stdev=0.194397, best fit=0.701200, best_overall=0.701200, mean_diversity=0.132717,
indivs=19673314, elapsed_secs=39932, mean=0.554776, stdev=0.172150, best fit=0.701200, best_overall=0.701200, mean_diversity=0.086900,
indivs=19683400, elapsed_secs=39954, mean=0.585468, stdev=0.157166, best fit=0.701200, best_overall=0.701200, mean_diversity=0.294253,
indivs=19693515, elapsed_secs=39977, mean=0.619519, stdev=0.089615, best fit=0.701200, best_overall=0.701200, mean_diversity=0.137240,
indivs=19703573, elapsed_secs=39996, mean=0.617864, stdev=0.174367, best fit=0.701200, best_overall=0.701200, mean_diversity=0.109782,
indivs=19713573, elapsed_secs=40015, mean=0.584640, stdev=0.125367, best fit=0.701200, best_overall=0.701200, mean_diversity=0.179016,
indivs=19723629, elapsed_secs=40034, mean=0.586171, stdev=0.210810, best fit=0.701200, best_overall=0.701200, mean_diversity=0.177778,
indivs=19733746, elapsed_secs=40055, mean=0.617744, stdev=0.165706, best fit=0.701200, best_overall=0.701200, mean_diversity=0.218163,
indivs=19743776, elapsed_secs=40073, mean=0.568058, stdev=0.145799, best fit=0.701200, best_overall=0.701200, mean_diversity=0.213831,
indivs=19753927, elapsed_secs=40093, mean=0.587291, stdev=0.208067, best fit=0.701200, best_overall=0.701200, mean_diversity=0.182653,
indivs=19764027, elapsed_secs=40111, mean=0.591980, stdev=0.086243, best fit=0.701200, best_overall=0.701200, mean_diversity=0.125087,
indivs=19774044, elapsed_secs=40134, mean=0.564931, stdev=0.136566, best fit=0.701200, best_overall=0.701200, mean_diversity=0.123093,
indivs=19784109, elapsed_secs=40154, mean=0.623816, stdev=0.122469, best fit=0.701200, best_overall=0.701200, mean_diversity=0.122529,
indivs=19794176, elapsed_secs=40179, mean=0.586571, stdev=0.168388, best fit=0.701200, best_overall=0.701200, mean_diversity=0.118406,
indivs=19804279, elapsed_secs=40203, mean=0.603504, stdev=0.134062, best fit=0.701200, best_overall=0.701200, mean_diversity=0.199347,
indivs=19814439, elapsed_secs=40220, mean=0.574244, stdev=0.206066, best fit=0.701200, best_overall=0.701200, mean_diversity=0.094214,
indivs=19824477, elapsed_secs=40239, mean=0.569508, stdev=0.164191, best fit=0.701200, best_overall=0.701200, mean_diversity=0.120805,
indivs=19834540, elapsed_secs=40261, mean=0.596740, stdev=0.087101, best fit=0.701200, best_overall=0.701200, mean_diversity=0.201951,
indivs=19844543, elapsed_secs=40279, mean=0.573651, stdev=0.149191, best fit=0.701200, best_overall=0.701200, mean_diversity=0.103420,
indivs=19854642, elapsed_secs=40301, mean=0.557938, stdev=0.219713, best fit=0.701200, best_overall=0.701200, mean_diversity=0.123450,
indivs=19864727, elapsed_secs=40323, mean=0.607938, stdev=0.184852, best fit=0.701200, best_overall=0.701200, mean_diversity=0.149903,
indivs=19874815, elapsed_secs=40344, mean=0.624264, stdev=0.121550, best fit=0.701200, best_overall=0.701200, mean_diversity=0.118990,
indivs=19884904, elapsed_secs=40364, mean=0.610135, stdev=0.098797, best fit=0.701200, best_overall=0.701200, mean_diversity=0.161089,
indivs=19894989, elapsed_secs=40384, mean=0.595338, stdev=0.168755, best fit=0.701200, best_overall=0.701200, mean_diversity=0.100971,
indivs=19905019, elapsed_secs=40402, mean=0.610084, stdev=0.176899, best fit=0.701200, best_overall=0.701200, mean_diversity=0.106893,
indivs=19915100, elapsed_secs=40420, mean=0.603071, stdev=0.136125, best fit=0.701200, best_overall=0.701200, mean_diversity=0.116818,
indivs=19925182, elapsed_secs=40443, mean=0.596446, stdev=0.204852, best fit=0.701200, best_overall=0.701200, mean_diversity=0.135238,
indivs=19935205, elapsed_secs=40463, mean=0.614115, stdev=0.129012, best fit=0.701200, best_overall=0.701200, mean_diversity=0.161818,
indivs=19945218, elapsed_secs=40485, mean=0.613577, stdev=0.101875, best fit=0.701200, best_overall=0.701200, mean_diversity=0.229157,
indivs=19955225, elapsed_secs=40505, mean=0.632405, stdev=0.140953, best fit=0.701200, best_overall=0.701200, mean_diversity=0.116339,
indivs=19965244, elapsed_secs=40524, mean=0.587348, stdev=0.118575, best fit=0.701200, best_overall=0.701200, mean_diversity=0.125233,
indivs=19975256, elapsed_secs=40544, mean=0.612299, stdev=0.190527, best fit=0.701200, best_overall=0.701200, mean_diversity=0.101223,
indivs=19985346, elapsed_secs=40564, mean=0.599894, stdev=0.159923, best fit=0.701200, best_overall=0.701200, mean_diversity=0.225143,
indivs=19995419, elapsed_secs=40584, mean=0.583674, stdev=0.173391, best fit=0.701200, best_overall=0.701200, mean_diversity=0.237174,
indivs=20005451, elapsed_secs=40604, mean=0.555654, stdev=0.166876, best fit=0.701200, best_overall=0.701200, mean_diversity=0.111078,
indivs=20015466, elapsed_secs=40621, mean=0.589206, stdev=0.210522, best fit=0.701200, best_overall=0.701200, mean_diversity=0.160503,
indivs=20025531, elapsed_secs=40640, mean=0.564098, stdev=0.147718, best fit=0.701200, best_overall=0.701200, mean_diversity=0.132766,
indivs=20035608, elapsed_secs=40659, mean=0.592759, stdev=0.136617, best fit=0.701200, best_overall=0.701200, mean_diversity=0.121683,
indivs=20045630, elapsed_secs=40678, mean=0.574046, stdev=0.131390, best fit=0.701200, best_overall=0.701200, mean_diversity=0.127471,
indivs=20055764, elapsed_secs=40698, mean=0.605835, stdev=0.141142, best fit=0.701200, best_overall=0.701200, mean_diversity=0.195189,
indivs=20065850, elapsed_secs=40716, mean=0.606804, stdev=0.186457, best fit=0.701200, best_overall=0.701200, mean_diversity=0.127143,
indivs=20075880, elapsed_secs=40736, mean=0.591708, stdev=0.104855, best fit=0.701200, best_overall=0.701200, mean_diversity=0.124096,
indivs=20085965, elapsed_secs=40755, mean=0.567590, stdev=0.191376, best fit=0.701200, best_overall=0.701200, mean_diversity=0.092806,
indivs=20096085, elapsed_secs=40777, mean=0.583570, stdev=0.219588, best fit=0.701200, best_overall=0.701200, mean_diversity=0.085547,
indivs=20106114, elapsed_secs=40795, mean=0.580651, stdev=0.188082, best fit=0.701200, best_overall=0.701200, mean_diversity=0.120821,
indivs=20116128, elapsed_secs=40815, mean=0.598761, stdev=0.182387, best fit=0.701200, best_overall=0.701200, mean_diversity=0.063204,
indivs=20126150, elapsed_secs=40835, mean=0.616107, stdev=0.167596, best fit=0.701200, best_overall=0.701200, mean_diversity=0.122977,
indivs=20136181, elapsed_secs=40856, mean=0.606810, stdev=0.131396, best fit=0.701200, best_overall=0.701200, mean_diversity=0.173304,
indivs=20146268, elapsed_secs=40878, mean=0.606508, stdev=0.162239, best fit=0.701200, best_overall=0.701200, mean_diversity=0.081496,
indivs=20156308, elapsed_secs=40895, mean=0.584454, stdev=0.120599, best fit=0.701200, best_overall=0.701200, mean_diversity=0.142634,
indivs=20166364, elapsed_secs=40915, mean=0.606925, stdev=0.114384, best fit=0.701200, best_overall=0.701200, mean_diversity=0.137031,
indivs=20176388, elapsed_secs=40932, mean=0.576259, stdev=0.154114, best fit=0.701200, best_overall=0.701200, mean_diversity=0.102097,
indivs=20186527, elapsed_secs=40952, mean=0.636305, stdev=0.124534, best fit=0.701200, best_overall=0.701200, mean_diversity=0.100445,
indivs=20196638, elapsed_secs=40972, mean=0.644535, stdev=0.121122, best fit=0.701200, best_overall=0.701200, mean_diversity=0.129286,
indivs=20206765, elapsed_secs=40993, mean=0.609214, stdev=0.180732, best fit=0.701200, best_overall=0.701200, mean_diversity=0.129200,
indivs=20216917, elapsed_secs=41013, mean=0.620891, stdev=0.137023, best fit=0.701200, best_overall=0.701200, mean_diversity=0.100630,
indivs=20226949, elapsed_secs=41033, mean=0.594818, stdev=0.189160, best fit=0.701200, best_overall=0.701200, mean_diversity=0.122595,
indivs=20237030, elapsed_secs=41051, mean=0.561502, stdev=0.180357, best fit=0.701200, best_overall=0.701200, mean_diversity=0.144710,
indivs=20247074, elapsed_secs=41070, mean=0.614372, stdev=0.183419, best fit=0.701200, best_overall=0.701200, mean_diversity=0.075445,
indivs=20257169, elapsed_secs=41089, mean=0.576270, stdev=0.196727, best fit=0.701200, best_overall=0.701200, mean_diversity=0.177816,
indivs=20267290, elapsed_secs=41109, mean=0.590569, stdev=0.153885, best fit=0.701200, best_overall=0.701200, mean_diversity=0.207488,
indivs=20277365, elapsed_secs=41128, mean=0.609896, stdev=0.135199, best fit=0.701200, best_overall=0.701200, mean_diversity=0.120259,
indivs=20287464, elapsed_secs=41151, mean=0.601083, stdev=0.195448, best fit=0.701200, best_overall=0.701200, mean_diversity=0.175512,
indivs=20297502, elapsed_secs=41173, mean=0.590470, stdev=0.137320, best fit=0.701200, best_overall=0.701200, mean_diversity=0.213026,
indivs=20307618, elapsed_secs=41195, mean=0.581986, stdev=0.187963, best fit=0.701200, best_overall=0.701200, mean_diversity=0.163646,
indivs=20317668, elapsed_secs=41215, mean=0.611487, stdev=0.152153, best fit=0.701200, best_overall=0.701200, mean_diversity=0.147101,
indivs=20327691, elapsed_secs=41232, mean=0.588427, stdev=0.167508, best fit=0.701200, best_overall=0.701200, mean_diversity=0.116875,
indivs=20337694, elapsed_secs=41250, mean=0.598437, stdev=0.168436, best fit=0.701200, best_overall=0.701200, mean_diversity=0.266645,
indivs=20347849, elapsed_secs=41270, mean=0.597217, stdev=0.194673, best fit=0.701200, best_overall=0.701200, mean_diversity=0.089640,
indivs=20357942, elapsed_secs=41289, mean=0.562486, stdev=0.174230, best fit=0.701200, best_overall=0.701200, mean_diversity=0.125865,
indivs=20368012, elapsed_secs=41313, mean=0.616832, stdev=0.132204, best fit=0.701200, best_overall=0.701200, mean_diversity=0.228899,
indivs=20378080, elapsed_secs=41333, mean=0.585508, stdev=0.173923, best fit=0.701200, best_overall=0.701200, mean_diversity=0.083649,
indivs=20388173, elapsed_secs=41350, mean=0.623216, stdev=0.150695, best fit=0.701200, best_overall=0.701200, mean_diversity=0.128777,
indivs=20398213, elapsed_secs=41370, mean=0.572222, stdev=0.128497, best fit=0.701200, best_overall=0.701200, mean_diversity=0.130044,
indivs=20408357, elapsed_secs=41391, mean=0.612392, stdev=0.202918, best fit=0.701200, best_overall=0.701200, mean_diversity=0.125616,
indivs=20418374, elapsed_secs=41411, mean=0.625994, stdev=0.166485, best fit=0.701200, best_overall=0.701200, mean_diversity=0.136380,
indivs=20428402, elapsed_secs=41429, mean=0.577951, stdev=0.127423, best fit=0.701200, best_overall=0.701200, mean_diversity=0.113618,
indivs=20438424, elapsed_secs=41453, mean=0.602359, stdev=0.121201, best fit=0.701200, best_overall=0.701200, mean_diversity=0.107373,
indivs=20448433, elapsed_secs=41472, mean=0.576351, stdev=0.226010, best fit=0.701200, best_overall=0.701200, mean_diversity=0.098740,
indivs=20458531, elapsed_secs=41493, mean=0.551940, stdev=0.160158, best fit=0.701200, best_overall=0.701200, mean_diversity=0.165362,
indivs=20468662, elapsed_secs=41514, mean=0.599378, stdev=0.130477, best fit=0.701200, best_overall=0.701200, mean_diversity=0.213472,
indivs=20478815, elapsed_secs=41537, mean=0.565187, stdev=0.230047, best fit=0.701200, best_overall=0.701200, mean_diversity=0.119409,
indivs=20488829, elapsed_secs=41555, mean=0.564628, stdev=0.192458, best fit=0.701200, best_overall=0.701200, mean_diversity=0.145920,
indivs=20498918, elapsed_secs=41577, mean=0.615274, stdev=0.173740, best fit=0.701200, best_overall=0.701200, mean_diversity=0.179514,
indivs=20508998, elapsed_secs=41597, mean=0.578191, stdev=0.173997, best fit=0.701200, best_overall=0.701200, mean_diversity=0.122913,
indivs=20519147, elapsed_secs=41620, mean=0.606018, stdev=0.184415, best fit=0.701200, best_overall=0.701200, mean_diversity=0.192041,
indivs=20529186, elapsed_secs=41642, mean=0.596737, stdev=0.134168, best fit=0.701200, best_overall=0.701200, mean_diversity=0.160435,
indivs=20539265, elapsed_secs=41660, mean=0.560979, stdev=0.174837, best fit=0.701200, best_overall=0.701200, mean_diversity=0.098085,
indivs=20549335, elapsed_secs=41681, mean=0.552461, stdev=0.174999, best fit=0.701200, best_overall=0.701200, mean_diversity=0.131565,
indivs=20559482, elapsed_secs=41700, mean=0.641774, stdev=0.134350, best fit=0.701200, best_overall=0.701200, mean_diversity=0.142304,
indivs=20569630, elapsed_secs=41720, mean=0.589153, stdev=0.186065, best fit=0.701200, best_overall=0.701200, mean_diversity=0.102819,
indivs=20579721, elapsed_secs=41738, mean=0.604888, stdev=0.138567, best fit=0.701200, best_overall=0.701200, mean_diversity=0.100833,
indivs=20589767, elapsed_secs=41760, mean=0.585966, stdev=0.105466, best fit=0.701200, best_overall=0.701200, mean_diversity=0.094917,
indivs=20599910, elapsed_secs=41783, mean=0.570712, stdev=0.230966, best fit=0.701200, best_overall=0.701200, mean_diversity=0.113228,
indivs=20609913, elapsed_secs=41804, mean=0.580258, stdev=0.121834, best fit=0.701200, best_overall=0.701200, mean_diversity=0.137724,
indivs=20620037, elapsed_secs=41824, mean=0.623859, stdev=0.120778, best fit=0.701200, best_overall=0.701200, mean_diversity=0.158000,
indivs=20630158, elapsed_secs=41847, mean=0.628206, stdev=0.163390, best fit=0.701200, best_overall=0.701200, mean_diversity=0.110542,
indivs=20640189, elapsed_secs=41863, mean=0.601081, stdev=0.155090, best fit=0.701200, best_overall=0.701200, mean_diversity=0.123333,
indivs=20650318, elapsed_secs=41882, mean=0.624168, stdev=0.142733, best fit=0.701200, best_overall=0.701200, mean_diversity=0.108191,
indivs=20660330, elapsed_secs=41902, mean=0.592661, stdev=0.191619, best fit=0.701200, best_overall=0.701200, mean_diversity=0.105175,
indivs=20670418, elapsed_secs=41921, mean=0.602999, stdev=0.193984, best fit=0.701200, best_overall=0.701200, mean_diversity=0.175802,
indivs=20680506, elapsed_secs=41945, mean=0.579551, stdev=0.145556, best fit=0.701200, best_overall=0.701200, mean_diversity=0.127787,
indivs=20690527, elapsed_secs=41965, mean=0.574977, stdev=0.121052, best fit=0.701200, best_overall=0.701200, mean_diversity=0.204591,
indivs=20700609, elapsed_secs=41987, mean=0.614261, stdev=0.182535, best fit=0.701200, best_overall=0.701200, mean_diversity=0.117344,
indivs=20710638, elapsed_secs=42006, mean=0.574519, stdev=0.177320, best fit=0.701200, best_overall=0.701200, mean_diversity=0.135165,
indivs=20720661, elapsed_secs=42029, mean=0.607041, stdev=0.174964, best fit=0.701200, best_overall=0.701200, mean_diversity=0.163408,
indivs=20730704, elapsed_secs=42053, mean=0.561023, stdev=0.208684, best fit=0.701200, best_overall=0.701200, mean_diversity=0.154455,
indivs=20740734, elapsed_secs=42073, mean=0.582696, stdev=0.226377, best fit=0.701200, best_overall=0.701200, mean_diversity=0.139618,
indivs=20750783, elapsed_secs=42093, mean=0.583537, stdev=0.127023, best fit=0.701200, best_overall=0.701200, mean_diversity=0.153796,
indivs=20760828, elapsed_secs=42116, mean=0.604231, stdev=0.184824, best fit=0.701200, best_overall=0.701200, mean_diversity=0.100175,
indivs=20770893, elapsed_secs=42136, mean=0.601514, stdev=0.195570, best fit=0.701200, best_overall=0.701200, mean_diversity=0.075294,
indivs=20781004, elapsed_secs=42155, mean=0.574300, stdev=0.188525, best fit=0.701200, best_overall=0.701200, mean_diversity=0.117975,
indivs=20791045, elapsed_secs=42174, mean=0.579818, stdev=0.134587, best fit=0.701200, best_overall=0.701200, mean_diversity=0.159246,
indivs=20801160, elapsed_secs=42193, mean=0.602804, stdev=0.193294, best fit=0.701200, best_overall=0.701200, mean_diversity=0.098651,
indivs=20811206, elapsed_secs=42214, mean=0.604352, stdev=0.182112, best fit=0.701200, best_overall=0.701200, mean_diversity=0.192304,
indivs=20821289, elapsed_secs=42233, mean=0.617329, stdev=0.180781, best fit=0.701200, best_overall=0.701200, mean_diversity=0.096923,
indivs=20831441, elapsed_secs=42254, mean=0.638802, stdev=0.135513, best fit=0.701200, best_overall=0.701200, mean_diversity=0.198325,
indivs=20841513, elapsed_secs=42274, mean=0.579255, stdev=0.225894, best fit=0.701200, best_overall=0.701200, mean_diversity=0.116844,
indivs=20851637, elapsed_secs=42292, mean=0.613873, stdev=0.184752, best fit=0.701200, best_overall=0.701200, mean_diversity=0.176103,
indivs=20861811, elapsed_secs=42314, mean=0.631648, stdev=0.150892, best fit=0.701200, best_overall=0.701200, mean_diversity=0.090529,
indivs=20871933, elapsed_secs=42333, mean=0.589227, stdev=0.165079, best fit=0.701200, best_overall=0.701200, mean_diversity=0.176391,
indivs=20881935, elapsed_secs=42351, mean=0.598024, stdev=0.176002, best fit=0.701200, best_overall=0.701200, mean_diversity=0.155260,
indivs=20891998, elapsed_secs=42370, mean=0.602765, stdev=0.195903, best fit=0.701200, best_overall=0.701200, mean_diversity=0.098471,
indivs=20902117, elapsed_secs=42390, mean=0.618008, stdev=0.183324, best fit=0.701200, best_overall=0.701200, mean_diversity=0.148405,
indivs=20912205, elapsed_secs=42409, mean=0.577036, stdev=0.143837, best fit=0.701200, best_overall=0.701200, mean_diversity=0.129008,
indivs=20922237, elapsed_secs=42430, mean=0.602320, stdev=0.145325, best fit=0.701200, best_overall=0.701200, mean_diversity=0.121289,
indivs=20932378, elapsed_secs=42450, mean=0.623423, stdev=0.144163, best fit=0.701200, best_overall=0.701200, mean_diversity=0.166162,
indivs=20942463, elapsed_secs=42467, mean=0.618552, stdev=0.176754, best fit=0.701200, best_overall=0.701200, mean_diversity=0.153957,
indivs=20952524, elapsed_secs=42486, mean=0.584541, stdev=0.205920, best fit=0.701200, best_overall=0.701200, mean_diversity=0.079449,
indivs=20962655, elapsed_secs=42506, mean=0.628533, stdev=0.139371, best fit=0.701200, best_overall=0.701200, mean_diversity=0.226286,
indivs=20972750, elapsed_secs=42526, mean=0.601664, stdev=0.164830, best fit=0.701200, best_overall=0.701200, mean_diversity=0.086054,
indivs=20982796, elapsed_secs=42547, mean=0.599756, stdev=0.105910, best fit=0.701200, best_overall=0.701200, mean_diversity=0.165705,
indivs=20992903, elapsed_secs=42565, mean=0.553172, stdev=0.182744, best fit=0.701200, best_overall=0.701200, mean_diversity=0.150843,
indivs=21002973, elapsed_secs=42585, mean=0.588723, stdev=0.103551, best fit=0.701200, best_overall=0.701200, mean_diversity=0.135405,
indivs=21013087, elapsed_secs=42604, mean=0.637739, stdev=0.125653, best fit=0.701200, best_overall=0.701200, mean_diversity=0.145180,
indivs=21023099, elapsed_secs=42626, mean=0.578335, stdev=0.163543, best fit=0.701200, best_overall=0.701200, mean_diversity=0.118263,
indivs=21033116, elapsed_secs=42644, mean=0.611723, stdev=0.166156, best fit=0.701200, best_overall=0.701200, mean_diversity=0.076438,
indivs=21043160, elapsed_secs=42667, mean=0.584072, stdev=0.146128, best fit=0.701200, best_overall=0.701200, mean_diversity=0.162792,
indivs=21053233, elapsed_secs=42690, mean=0.609533, stdev=0.172756, best fit=0.701200, best_overall=0.701200, mean_diversity=0.138287,
indivs=21063270, elapsed_secs=42710, mean=0.549476, stdev=0.230287, best fit=0.701200, best_overall=0.701200, mean_diversity=0.086667,
indivs=21073292, elapsed_secs=42727, mean=0.564636, stdev=0.211647, best fit=0.701200, best_overall=0.701200, mean_diversity=0.147143,
indivs=21083334, elapsed_secs=42746, mean=0.567639, stdev=0.150928, best fit=0.701200, best_overall=0.701200, mean_diversity=0.162677,
indivs=21093498, elapsed_secs=42765, mean=0.601895, stdev=0.194964, best fit=0.701200, best_overall=0.701200, mean_diversity=0.102040,
indivs=21103596, elapsed_secs=42786, mean=0.604946, stdev=0.145189, best fit=0.701200, best_overall=0.701200, mean_diversity=0.077668,
indivs=21113676, elapsed_secs=42811, mean=0.588189, stdev=0.182690, best fit=0.701200, best_overall=0.701200, mean_diversity=0.187554,
indivs=21123723, elapsed_secs=42828, mean=0.576168, stdev=0.133253, best fit=0.701200, best_overall=0.701200, mean_diversity=0.129841,
indivs=21133817, elapsed_secs=42849, mean=0.591318, stdev=0.121043, best fit=0.701200, best_overall=0.701200, mean_diversity=0.115245,
indivs=21143946, elapsed_secs=42868, mean=0.631602, stdev=0.126089, best fit=0.701200, best_overall=0.701200, mean_diversity=0.092374,
indivs=21154024, elapsed_secs=42890, mean=0.629876, stdev=0.172501, best fit=0.701200, best_overall=0.701200, mean_diversity=0.194178,
indivs=21164106, elapsed_secs=42910, mean=0.572113, stdev=0.144670, best fit=0.701200, best_overall=0.701200, mean_diversity=0.132835,
indivs=21174141, elapsed_secs=42935, mean=0.565701, stdev=0.172056, best fit=0.701200, best_overall=0.701200, mean_diversity=0.129950,
indivs=21184259, elapsed_secs=42955, mean=0.607396, stdev=0.169743, best fit=0.701200, best_overall=0.701200, mean_diversity=0.128706,
indivs=21194330, elapsed_secs=42977, mean=0.582424, stdev=0.189646, best fit=0.701200, best_overall=0.701200, mean_diversity=0.108977,
indivs=21204425, elapsed_secs=42995, mean=0.625477, stdev=0.148245, best fit=0.701200, best_overall=0.701200, mean_diversity=0.124653,
indivs=21214514, elapsed_secs=43016, mean=0.586003, stdev=0.151242, best fit=0.701200, best_overall=0.701200, mean_diversity=0.124963,
indivs=21224554, elapsed_secs=43033, mean=0.565264, stdev=0.151117, best fit=0.701200, best_overall=0.701200, mean_diversity=0.141500,
indivs=21234634, elapsed_secs=43050, mean=0.567462, stdev=0.156750, best fit=0.701200, best_overall=0.701200, mean_diversity=0.108580,
indivs=21244708, elapsed_secs=43072, mean=0.595881, stdev=0.194001, best fit=0.701200, best_overall=0.701200, mean_diversity=0.091850,
indivs=21254822, elapsed_secs=43091, mean=0.592563, stdev=0.180889, best fit=0.701200, best_overall=0.701200, mean_diversity=0.142341,
indivs=21264942, elapsed_secs=43112, mean=0.576518, stdev=0.202172, best fit=0.701200, best_overall=0.701200, mean_diversity=0.138141,
indivs=21275050, elapsed_secs=43130, mean=0.587270, stdev=0.169255, best fit=0.701200, best_overall=0.701200, mean_diversity=0.127220,
indivs=21285155, elapsed_secs=43151, mean=0.599937, stdev=0.178257, best fit=0.701200, best_overall=0.701200, mean_diversity=0.172920,
indivs=21295187, elapsed_secs=43171, mean=0.560401, stdev=0.157734, best fit=0.701200, best_overall=0.701200, mean_diversity=0.110858,
indivs=21305197, elapsed_secs=43189, mean=0.633988, stdev=0.128718, best fit=0.701200, best_overall=0.701200, mean_diversity=0.139331,
indivs=21315318, elapsed_secs=43208, mean=0.611309, stdev=0.146590, best fit=0.701200, best_overall=0.701200, mean_diversity=0.204595,
indivs=21325333, elapsed_secs=43227, mean=0.655351, stdev=0.096530, best fit=0.701200, best_overall=0.701200, mean_diversity=0.165517,
indivs=21335411, elapsed_secs=43247, mean=0.628594, stdev=0.125002, best fit=0.701200, best_overall=0.701200, mean_diversity=0.108866,
indivs=21345427, elapsed_secs=43266, mean=0.603798, stdev=0.173310, best fit=0.701200, best_overall=0.701200, mean_diversity=0.158531,
indivs=21355441, elapsed_secs=43288, mean=0.619824, stdev=0.167246, best fit=0.701200, best_overall=0.701200, mean_diversity=0.146164,
indivs=21365483, elapsed_secs=43308, mean=0.604271, stdev=0.162947, best fit=0.701200, best_overall=0.701200, mean_diversity=0.163596,
indivs=21375514, elapsed_secs=43328, mean=0.608006, stdev=0.181201, best fit=0.701200, best_overall=0.701200, mean_diversity=0.140524,
indivs=21385547, elapsed_secs=43348, mean=0.569080, stdev=0.157200, best fit=0.701200, best_overall=0.701200, mean_diversity=0.129801,
indivs=21395671, elapsed_secs=43368, mean=0.643251, stdev=0.123061, best fit=0.701200, best_overall=0.701200, mean_diversity=0.136126,
indivs=21405709, elapsed_secs=43388, mean=0.580732, stdev=0.103044, best fit=0.701200, best_overall=0.701200, mean_diversity=0.210795,
indivs=21415734, elapsed_secs=43407, mean=0.605625, stdev=0.163297, best fit=0.701200, best_overall=0.701200, mean_diversity=0.155861,
indivs=21425749, elapsed_secs=43425, mean=0.614683, stdev=0.141048, best fit=0.701200, best_overall=0.701200, mean_diversity=0.166488,
indivs=21435879, elapsed_secs=43445, mean=0.561229, stdev=0.246678, best fit=0.701200, best_overall=0.701200, mean_diversity=0.099366,
indivs=21445903, elapsed_secs=43461, mean=0.576138, stdev=0.127936, best fit=0.701200, best_overall=0.701200, mean_diversity=0.145039,
indivs=21455920, elapsed_secs=43482, mean=0.588589, stdev=0.198601, best fit=0.701200, best_overall=0.701200, mean_diversity=0.102878,
indivs=21465945, elapsed_secs=43504, mean=0.585679, stdev=0.216739, best fit=0.701200, best_overall=0.701200, mean_diversity=0.173952,
indivs=21475983, elapsed_secs=43523, mean=0.566934, stdev=0.149232, best fit=0.701200, best_overall=0.701200, mean_diversity=0.138009,
indivs=21486085, elapsed_secs=43543, mean=0.617497, stdev=0.173863, best fit=0.701200, best_overall=0.701200, mean_diversity=0.091878,
indivs=21496187, elapsed_secs=43563, mean=0.631387, stdev=0.134574, best fit=0.701200, best_overall=0.701200, mean_diversity=0.131961,
indivs=21506281, elapsed_secs=43583, mean=0.594860, stdev=0.151369, best fit=0.701200, best_overall=0.701200, mean_diversity=0.120703,
indivs=21516382, elapsed_secs=43604, mean=0.605400, stdev=0.171814, best fit=0.701200, best_overall=0.701200, mean_diversity=0.100995,
indivs=21526461, elapsed_secs=43624, mean=0.617373, stdev=0.189602, best fit=0.701200, best_overall=0.701200, mean_diversity=0.181797,
indivs=21536515, elapsed_secs=43641, mean=0.583015, stdev=0.118688, best fit=0.701200, best_overall=0.701200, mean_diversity=0.161905,
indivs=21546635, elapsed_secs=43663, mean=0.604243, stdev=0.180664, best fit=0.701200, best_overall=0.701200, mean_diversity=0.144448,
indivs=21556697, elapsed_secs=43681, mean=0.576707, stdev=0.132327, best fit=0.701200, best_overall=0.701200, mean_diversity=0.100000,
indivs=21566866, elapsed_secs=43701, mean=0.611566, stdev=0.194840, best fit=0.701200, best_overall=0.701200, mean_diversity=0.175902,
indivs=21576893, elapsed_secs=43718, mean=0.637393, stdev=0.154274, best fit=0.701200, best_overall=0.701200, mean_diversity=0.168343,
indivs=21586951, elapsed_secs=43739, mean=0.607963, stdev=0.108852, best fit=0.701200, best_overall=0.701200, mean_diversity=0.121763,
indivs=21597048, elapsed_secs=43762, mean=0.575226, stdev=0.149589, best fit=0.701200, best_overall=0.701200, mean_diversity=0.149516,
indivs=21607074, elapsed_secs=43779, mean=0.571143, stdev=0.191448, best fit=0.701200, best_overall=0.701200, mean_diversity=0.133834,
indivs=21617127, elapsed_secs=43801, mean=0.574637, stdev=0.219749, best fit=0.701200, best_overall=0.701200, mean_diversity=0.098071,
indivs=21627145, elapsed_secs=43820, mean=0.563262, stdev=0.152007, best fit=0.701200, best_overall=0.701200, mean_diversity=0.068859,
indivs=21637226, elapsed_secs=43840, mean=0.585130, stdev=0.199666, best fit=0.701200, best_overall=0.701200, mean_diversity=0.112482,
indivs=21647274, elapsed_secs=43862, mean=0.574581, stdev=0.142536, best fit=0.701200, best_overall=0.701200, mean_diversity=0.086100,
indivs=21657321, elapsed_secs=43882, mean=0.617961, stdev=0.148726, best fit=0.701200, best_overall=0.701200, mean_diversity=0.197895,
indivs=21667355, elapsed_secs=43901, mean=0.607159, stdev=0.166466, best fit=0.701200, best_overall=0.701200, mean_diversity=0.292062,
indivs=21677488, elapsed_secs=43921, mean=0.593298, stdev=0.195063, best fit=0.701200, best_overall=0.701200, mean_diversity=0.198915,
indivs=21687572, elapsed_secs=43940, mean=0.624412, stdev=0.163068, best fit=0.701200, best_overall=0.701200, mean_diversity=0.149615,
indivs=21697705, elapsed_secs=43961, mean=0.607920, stdev=0.165980, best fit=0.701200, best_overall=0.701200, mean_diversity=0.118470,
indivs=21707824, elapsed_secs=43983, mean=0.623300, stdev=0.078373, best fit=0.701200, best_overall=0.701200, mean_diversity=0.165065,
indivs=21717971, elapsed_secs=44000, mean=0.627131, stdev=0.123004, best fit=0.701200, best_overall=0.701200, mean_diversity=0.123427,
indivs=21728014, elapsed_secs=44018, mean=0.595611, stdev=0.069650, best fit=0.701200, best_overall=0.701200, mean_diversity=0.135222,
indivs=21738130, elapsed_secs=44041, mean=0.620182, stdev=0.171733, best fit=0.701200, best_overall=0.701200, mean_diversity=0.157929,
indivs=21748223, elapsed_secs=44066, mean=0.600049, stdev=0.145568, best fit=0.701200, best_overall=0.701200, mean_diversity=0.115180,
indivs=21758296, elapsed_secs=44086, mean=0.595402, stdev=0.174488, best fit=0.701200, best_overall=0.701200, mean_diversity=0.152328,
indivs=21768405, elapsed_secs=44107, mean=0.622302, stdev=0.148107, best fit=0.701200, best_overall=0.701200, mean_diversity=0.055967,
indivs=21778438, elapsed_secs=44126, mean=0.583340, stdev=0.123706, best fit=0.701200, best_overall=0.701200, mean_diversity=0.099140,
indivs=21788578, elapsed_secs=44146, mean=0.587394, stdev=0.203819, best fit=0.701200, best_overall=0.701200, mean_diversity=0.101789,
indivs=21798660, elapsed_secs=44167, mean=0.636450, stdev=0.134852, best fit=0.701200, best_overall=0.701200, mean_diversity=0.106667,
indivs=21808766, elapsed_secs=44189, mean=0.566122, stdev=0.159481, best fit=0.701200, best_overall=0.701200, mean_diversity=0.133279,
indivs=21818856, elapsed_secs=44208, mean=0.590681, stdev=0.143545, best fit=0.701200, best_overall=0.701200, mean_diversity=0.112029,
indivs=21828893, elapsed_secs=44229, mean=0.595459, stdev=0.087848, best fit=0.701200, best_overall=0.701200, mean_diversity=0.083090,
indivs=21838952, elapsed_secs=44250, mean=0.612507, stdev=0.186193, best fit=0.701200, best_overall=0.701200, mean_diversity=0.087510,
indivs=21848978, elapsed_secs=44267, mean=0.590558, stdev=0.135013, best fit=0.701200, best_overall=0.701200, mean_diversity=0.106031,
indivs=21859027, elapsed_secs=44286, mean=0.606094, stdev=0.185662, best fit=0.701200, best_overall=0.701200, mean_diversity=0.120863,
indivs=21869046, elapsed_secs=44305, mean=0.599208, stdev=0.193008, best fit=0.701200, best_overall=0.701200, mean_diversity=0.102470,
indivs=21879204, elapsed_secs=44325, mean=0.599611, stdev=0.192300, best fit=0.701200, best_overall=0.701200, mean_diversity=0.146635,
indivs=21889345, elapsed_secs=44344, mean=0.595361, stdev=0.196002, best fit=0.701200, best_overall=0.701200, mean_diversity=0.163985,
indivs=21899393, elapsed_secs=44365, mean=0.574843, stdev=0.142936, best fit=0.701200, best_overall=0.701200, mean_diversity=0.111034,
indivs=21909515, elapsed_secs=44385, mean=0.600659, stdev=0.148017, best fit=0.701200, best_overall=0.701200, mean_diversity=0.179649,
indivs=21919567, elapsed_secs=44404, mean=0.590834, stdev=0.120530, best fit=0.701200, best_overall=0.701200, mean_diversity=0.181401,
indivs=21929588, elapsed_secs=44422, mean=0.595394, stdev=0.161476, best fit=0.701200, best_overall=0.701200, mean_diversity=0.102303,
indivs=21939616, elapsed_secs=44441, mean=0.590345, stdev=0.213766, best fit=0.701200, best_overall=0.701200, mean_diversity=0.124534,
indivs=21949705, elapsed_secs=44459, mean=0.614459, stdev=0.177498, best fit=0.701200, best_overall=0.701200, mean_diversity=0.084821,
indivs=21959865, elapsed_secs=44478, mean=0.620760, stdev=0.176487, best fit=0.701200, best_overall=0.701200, mean_diversity=0.130546,
indivs=21969921, elapsed_secs=44497, mean=0.599525, stdev=0.149714, best fit=0.701200, best_overall=0.701200, mean_diversity=0.104496,
indivs=21979930, elapsed_secs=44519, mean=0.589872, stdev=0.208449, best fit=0.701200, best_overall=0.701200, mean_diversity=0.114681,
indivs=21989939, elapsed_secs=44541, mean=0.566836, stdev=0.125611, best fit=0.701200, best_overall=0.701200, mean_diversity=0.176586,
indivs=21999941, elapsed_secs=44560, mean=0.622037, stdev=0.112722, best fit=0.701200, best_overall=0.701200, mean_diversity=0.103154,
indivs=22010015, elapsed_secs=44579, mean=0.591950, stdev=0.195294, best fit=0.701200, best_overall=0.701200, mean_diversity=0.128171,
indivs=22020144, elapsed_secs=44599, mean=0.592514, stdev=0.157376, best fit=0.701200, best_overall=0.701200, mean_diversity=0.155649,
indivs=22030254, elapsed_secs=44618, mean=0.579279, stdev=0.219980, best fit=0.701200, best_overall=0.701200, mean_diversity=0.151723,
indivs=22040287, elapsed_secs=44638, mean=0.613467, stdev=0.168914, best fit=0.701200, best_overall=0.701200, mean_diversity=0.162279,
indivs=22050435, elapsed_secs=44658, mean=0.635200, stdev=0.122522, best fit=0.701200, best_overall=0.701200, mean_diversity=0.076735,
indivs=22060541, elapsed_secs=44678, mean=0.635215, stdev=0.139636, best fit=0.701200, best_overall=0.701200, mean_diversity=0.179444,
indivs=22070651, elapsed_secs=44698, mean=0.559079, stdev=0.177153, best fit=0.701200, best_overall=0.701200, mean_diversity=0.110948,
indivs=22080769, elapsed_secs=44718, mean=0.606944, stdev=0.124417, best fit=0.701200, best_overall=0.701200, mean_diversity=0.094615,
indivs=22090842, elapsed_secs=44734, mean=0.613980, stdev=0.116249, best fit=0.701200, best_overall=0.701200, mean_diversity=0.116920,
indivs=22100917, elapsed_secs=44756, mean=0.598660, stdev=0.137246, best fit=0.701200, best_overall=0.701200, mean_diversity=0.085347,
indivs=22110997, elapsed_secs=44774, mean=0.562351, stdev=0.168061, best fit=0.701200, best_overall=0.701200, mean_diversity=0.114691,
indivs=22121066, elapsed_secs=44792, mean=0.574960, stdev=0.175493, best fit=0.701200, best_overall=0.701200, mean_diversity=0.113158,
indivs=22131147, elapsed_secs=44810, mean=0.624425, stdev=0.116886, best fit=0.701200, best_overall=0.701200, mean_diversity=0.206899,
indivs=22141250, elapsed_secs=44829, mean=0.589261, stdev=0.162206, best fit=0.701200, best_overall=0.701200, mean_diversity=0.139091,
indivs=22151394, elapsed_secs=44849, mean=0.591849, stdev=0.162741, best fit=0.701200, best_overall=0.701200, mean_diversity=0.083490,
indivs=22161549, elapsed_secs=44871, mean=0.597002, stdev=0.181047, best fit=0.701200, best_overall=0.701200, mean_diversity=0.130345,
indivs=22171661, elapsed_secs=44891, mean=0.600151, stdev=0.203130, best fit=0.701200, best_overall=0.701200, mean_diversity=0.111081,
indivs=22181822, elapsed_secs=44910, mean=0.566048, stdev=0.229010, best fit=0.701200, best_overall=0.701200, mean_diversity=0.166989,
indivs=22191984, elapsed_secs=44930, mean=0.639167, stdev=0.162120, best fit=0.701200, best_overall=0.701200, mean_diversity=0.132930,
indivs=22202104, elapsed_secs=44947, mean=0.609596, stdev=0.194762, best fit=0.701200, best_overall=0.701200, mean_diversity=0.124277,
indivs=22212133, elapsed_secs=44969, mean=0.624892, stdev=0.163049, best fit=0.701200, best_overall=0.701200, mean_diversity=0.198356,
indivs=22222282, elapsed_secs=44991, mean=0.611144, stdev=0.171864, best fit=0.701200, best_overall=0.701200, mean_diversity=0.121494,
indivs=22232346, elapsed_secs=45013, mean=0.568633, stdev=0.153931, best fit=0.701200, best_overall=0.701200, mean_diversity=0.210672,
indivs=22242351, elapsed_secs=45031, mean=0.569467, stdev=0.173159, best fit=0.701200, best_overall=0.701200, mean_diversity=0.131811,
indivs=22252453, elapsed_secs=45049, mean=0.591703, stdev=0.087142, best fit=0.701200, best_overall=0.701200, mean_diversity=0.103776,
indivs=22262561, elapsed_secs=45069, mean=0.593547, stdev=0.120188, best fit=0.701200, best_overall=0.701200, mean_diversity=0.102867,
indivs=22272657, elapsed_secs=45089, mean=0.573227, stdev=0.193355, best fit=0.701200, best_overall=0.701200, mean_diversity=0.088168,
indivs=22282704, elapsed_secs=45117, mean=0.609707, stdev=0.168187, best fit=0.701200, best_overall=0.701200, mean_diversity=0.141496,
indivs=22292737, elapsed_secs=45138, mean=0.561336, stdev=0.195274, best fit=0.701200, best_overall=0.701200, mean_diversity=0.149005,
indivs=22302891, elapsed_secs=45158, mean=0.622221, stdev=0.140783, best fit=0.701200, best_overall=0.701200, mean_diversity=0.172644,
indivs=22312916, elapsed_secs=45175, mean=0.607571, stdev=0.166612, best fit=0.701200, best_overall=0.701200, mean_diversity=0.146920,
indivs=22322936, elapsed_secs=45197, mean=0.591247, stdev=0.103195, best fit=0.701200, best_overall=0.701200, mean_diversity=0.147518,
indivs=22333044, elapsed_secs=45217, mean=0.604473, stdev=0.177433, best fit=0.701200, best_overall=0.701200, mean_diversity=0.147795,
indivs=22343077, elapsed_secs=45236, mean=0.595266, stdev=0.103379, best fit=0.701200, best_overall=0.701200, mean_diversity=0.225647,
indivs=22353080, elapsed_secs=45255, mean=0.566310, stdev=0.145739, best fit=0.701200, best_overall=0.701200, mean_diversity=0.131181,
indivs=22363132, elapsed_secs=45277, mean=0.573430, stdev=0.154359, best fit=0.701200, best_overall=0.701200, mean_diversity=0.078525,
indivs=22373297, elapsed_secs=45297, mean=0.636696, stdev=0.125563, best fit=0.701200, best_overall=0.701200, mean_diversity=0.125134,
indivs=22383389, elapsed_secs=45319, mean=0.601352, stdev=0.129515, best fit=0.701200, best_overall=0.701200, mean_diversity=0.108317,
indivs=22393486, elapsed_secs=45339, mean=0.604534, stdev=0.203327, best fit=0.701200, best_overall=0.701200, mean_diversity=0.105372,
indivs=22403492, elapsed_secs=45359, mean=0.570891, stdev=0.161785, best fit=0.701200, best_overall=0.701200, mean_diversity=0.098500,
indivs=22413586, elapsed_secs=45383, mean=0.594179, stdev=0.178300, best fit=0.701200, best_overall=0.701200, mean_diversity=0.153976,
indivs=22423606, elapsed_secs=45403, mean=0.569005, stdev=0.175207, best fit=0.701200, best_overall=0.701200, mean_diversity=0.093916,
indivs=22433658, elapsed_secs=45423, mean=0.590452, stdev=0.149573, best fit=0.701200, best_overall=0.701200, mean_diversity=0.104984,
indivs=22443709, elapsed_secs=45443, mean=0.578404, stdev=0.151888, best fit=0.701200, best_overall=0.701200, mean_diversity=0.142419,
indivs=22453727, elapsed_secs=45461, mean=0.570312, stdev=0.133740, best fit=0.701200, best_overall=0.701200, mean_diversity=0.181250,
indivs=22463760, elapsed_secs=45479, mean=0.596923, stdev=0.123781, best fit=0.701200, best_overall=0.701200, mean_diversity=0.118032,
indivs=22473860, elapsed_secs=45502, mean=0.591585, stdev=0.105021, best fit=0.701200, best_overall=0.701200, mean_diversity=0.103624,
indivs=22483913, elapsed_secs=45522, mean=0.612215, stdev=0.142958, best fit=0.701200, best_overall=0.701200, mean_diversity=0.112500,
indivs=22493965, elapsed_secs=45541, mean=0.557206, stdev=0.212448, best fit=0.701200, best_overall=0.701200, mean_diversity=0.107759,
indivs=22504111, elapsed_secs=45560, mean=0.631178, stdev=0.162007, best fit=0.701200, best_overall=0.701200, mean_diversity=0.150415,
indivs=22514165, elapsed_secs=45577, mean=0.633741, stdev=0.101955, best fit=0.701200, best_overall=0.701200, mean_diversity=0.114597,
indivs=22524263, elapsed_secs=45596, mean=0.606999, stdev=0.162153, best fit=0.701200, best_overall=0.701200, mean_diversity=0.068373,
indivs=22534316, elapsed_secs=45615, mean=0.559085, stdev=0.162205, best fit=0.701200, best_overall=0.701200, mean_diversity=0.129283,
indivs=22544332, elapsed_secs=45636, mean=0.606292, stdev=0.150028, best fit=0.701200, best_overall=0.701200, mean_diversity=0.094256,
indivs=22554425, elapsed_secs=45653, mean=0.619456, stdev=0.143393, best fit=0.701200, best_overall=0.701200, mean_diversity=0.127577,
indivs=22564521, elapsed_secs=45674, mean=0.596566, stdev=0.186178, best fit=0.701200, best_overall=0.701200, mean_diversity=0.110794,
indivs=22574650, elapsed_secs=45697, mean=0.603138, stdev=0.203722, best fit=0.701200, best_overall=0.701200, mean_diversity=0.133800,
indivs=22584683, elapsed_secs=45719, mean=0.606153, stdev=0.164716, best fit=0.701200, best_overall=0.701200, mean_diversity=0.120274,
indivs=22594707, elapsed_secs=45739, mean=0.605356, stdev=0.059271, best fit=0.701200, best_overall=0.701200, mean_diversity=0.147458,
indivs=22604848, elapsed_secs=45763, mean=0.626725, stdev=0.151985, best fit=0.701200, best_overall=0.701200, mean_diversity=0.107861,
indivs=22614855, elapsed_secs=45784, mean=0.588491, stdev=0.187098, best fit=0.701200, best_overall=0.701200, mean_diversity=0.112990,
indivs=22624979, elapsed_secs=45802, mean=0.611611, stdev=0.159838, best fit=0.701200, best_overall=0.701200, mean_diversity=0.119049,
indivs=22635093, elapsed_secs=45822, mean=0.623740, stdev=0.159459, best fit=0.701200, best_overall=0.701200, mean_diversity=0.118721,
indivs=22645128, elapsed_secs=45842, mean=0.584953, stdev=0.105666, best fit=0.701200, best_overall=0.701200, mean_diversity=0.111991,
indivs=22655138, elapsed_secs=45860, mean=0.591627, stdev=0.193915, best fit=0.701200, best_overall=0.701200, mean_diversity=0.100403,
indivs=22665160, elapsed_secs=45878, mean=0.588125, stdev=0.133898, best fit=0.701200, best_overall=0.701200, mean_diversity=0.214593,
indivs=22675178, elapsed_secs=45897, mean=0.567447, stdev=0.210577, best fit=0.701200, best_overall=0.701200, mean_diversity=0.126100,
indivs=22685269, elapsed_secs=45921, mean=0.560477, stdev=0.174226, best fit=0.701200, best_overall=0.701200, mean_diversity=0.087764,
indivs=22695378, elapsed_secs=45941, mean=0.604254, stdev=0.203504, best fit=0.701200, best_overall=0.701200, mean_diversity=0.096025,
indivs=22705435, elapsed_secs=45963, mean=0.607758, stdev=0.119860, best fit=0.701200, best_overall=0.701200, mean_diversity=0.134889,
indivs=22715458, elapsed_secs=45983, mean=0.625235, stdev=0.123925, best fit=0.701200, best_overall=0.701200, mean_diversity=0.119198,
indivs=22725613, elapsed_secs=46004, mean=0.592866, stdev=0.198301, best fit=0.701200, best_overall=0.701200, mean_diversity=0.103972,
indivs=22735659, elapsed_secs=46023, mean=0.592133, stdev=0.191142, best fit=0.701200, best_overall=0.701200, mean_diversity=0.088868,
indivs=22745661, elapsed_secs=46044, mean=0.596617, stdev=0.197458, best fit=0.701200, best_overall=0.701200, mean_diversity=0.131322,
indivs=22755790, elapsed_secs=46064, mean=0.621128, stdev=0.114006, best fit=0.701200, best_overall=0.701200, mean_diversity=0.088622,
indivs=22765956, elapsed_secs=46084, mean=0.551622, stdev=0.242826, best fit=0.701200, best_overall=0.701200, mean_diversity=0.187626,
indivs=22775995, elapsed_secs=46105, mean=0.576141, stdev=0.125462, best fit=0.701200, best_overall=0.701200, mean_diversity=0.135895,
indivs=22786039, elapsed_secs=46126, mean=0.591018, stdev=0.135720, best fit=0.701200, best_overall=0.701200, mean_diversity=0.128786,
indivs=22796041, elapsed_secs=46147, mean=0.576237, stdev=0.152168, best fit=0.701200, best_overall=0.701200, mean_diversity=0.120115,
indivs=22806055, elapsed_secs=46166, mean=0.613474, stdev=0.165784, best fit=0.701200, best_overall=0.701200, mean_diversity=0.099205,
indivs=22816190, elapsed_secs=46188, mean=0.614432, stdev=0.176371, best fit=0.701200, best_overall=0.701200, mean_diversity=0.144126,
indivs=22826299, elapsed_secs=46205, mean=0.563458, stdev=0.188923, best fit=0.701200, best_overall=0.701200, mean_diversity=0.200188,
indivs=22836366, elapsed_secs=46226, mean=0.582874, stdev=0.113568, best fit=0.701200, best_overall=0.701200, mean_diversity=0.133249,
indivs=22846533, elapsed_secs=46246, mean=0.584928, stdev=0.228216, best fit=0.701200, best_overall=0.701200, mean_diversity=0.103594,
indivs=22856536, elapsed_secs=46268, mean=0.612361, stdev=0.101450, best fit=0.701200, best_overall=0.701200, mean_diversity=0.125059,
indivs=22866546, elapsed_secs=46287, mean=0.591073, stdev=0.199797, best fit=0.701200, best_overall=0.701200, mean_diversity=0.137938,
indivs=22876627, elapsed_secs=46307, mean=0.594191, stdev=0.212904, best fit=0.701200, best_overall=0.701200, mean_diversity=0.133176,
indivs=22886658, elapsed_secs=46328, mean=0.617041, stdev=0.156818, best fit=0.701200, best_overall=0.701200, mean_diversity=0.126167,
indivs=22896696, elapsed_secs=46348, mean=0.609890, stdev=0.199323, best fit=0.701200, best_overall=0.701200, mean_diversity=0.111845,
indivs=22906730, elapsed_secs=46366, mean=0.563411, stdev=0.165009, best fit=0.701200, best_overall=0.701200, mean_diversity=0.140000,
indivs=22916831, elapsed_secs=46386, mean=0.616868, stdev=0.166003, best fit=0.701200, best_overall=0.701200, mean_diversity=0.077630,
indivs=22926897, elapsed_secs=46406, mean=0.595058, stdev=0.198231, best fit=0.701200, best_overall=0.701200, mean_diversity=0.143387,
indivs=22937073, elapsed_secs=46428, mean=0.615896, stdev=0.175623, best fit=0.701200, best_overall=0.701200, mean_diversity=0.126569,
indivs=22947084, elapsed_secs=46448, mean=0.612878, stdev=0.147426, best fit=0.701200, best_overall=0.701200, mean_diversity=0.238768,
indivs=22957245, elapsed_secs=46468, mean=0.641118, stdev=0.135933, best fit=0.701200, best_overall=0.701200, mean_diversity=0.120075,
indivs=22967366, elapsed_secs=46487, mean=0.650771, stdev=0.118450, best fit=0.701200, best_overall=0.701200, mean_diversity=0.137028,
indivs=22977395, elapsed_secs=46507, mean=0.576633, stdev=0.137959, best fit=0.701200, best_overall=0.701200, mean_diversity=0.139202,
indivs=22987422, elapsed_secs=46527, mean=0.606852, stdev=0.169241, best fit=0.701200, best_overall=0.701200, mean_diversity=0.161086,
indivs=22997443, elapsed_secs=46547, mean=0.598818, stdev=0.141447, best fit=0.701200, best_overall=0.701200, mean_diversity=0.118889,
indivs=23007472, elapsed_secs=46570, mean=0.539893, stdev=0.183391, best fit=0.701200, best_overall=0.701200, mean_diversity=0.138651,
indivs=23017644, elapsed_secs=46591, mean=0.584672, stdev=0.214987, best fit=0.701200, best_overall=0.701200, mean_diversity=0.098099,
indivs=23027721, elapsed_secs=46611, mean=0.598064, stdev=0.186598, best fit=0.701200, best_overall=0.701200, mean_diversity=0.094811,
indivs=23037740, elapsed_secs=46628, mean=0.598847, stdev=0.186410, best fit=0.701200, best_overall=0.701200, mean_diversity=0.163134,
indivs=23047829, elapsed_secs=46647, mean=0.613994, stdev=0.162385, best fit=0.701200, best_overall=0.701200, mean_diversity=0.151043,
indivs=23057832, elapsed_secs=46670, mean=0.569023, stdev=0.139166, best fit=0.701200, best_overall=0.701200, mean_diversity=0.131852,
indivs=23067876, elapsed_secs=46692, mean=0.620170, stdev=0.163722, best fit=0.701200, best_overall=0.701200, mean_diversity=0.108090,
indivs=23078044, elapsed_secs=46711, mean=0.622711, stdev=0.144092, best fit=0.701200, best_overall=0.701200, mean_diversity=0.094521,
indivs=23088044, elapsed_secs=46728, mean=0.614921, stdev=0.181176, best fit=0.701200, best_overall=0.701200, mean_diversity=0.114240,
indivs=23098061, elapsed_secs=46751, mean=0.616809, stdev=0.134455, best fit=0.701200, best_overall=0.701200, mean_diversity=0.193247,
indivs=23108083, elapsed_secs=46771, mean=0.532663, stdev=0.181727, best fit=0.701200, best_overall=0.701200, mean_diversity=0.139883,
indivs=23118199, elapsed_secs=46790, mean=0.571836, stdev=0.183921, best fit=0.701200, best_overall=0.701200, mean_diversity=0.131484,
indivs=23128221, elapsed_secs=46811, mean=0.571399, stdev=0.159043, best fit=0.701200, best_overall=0.701200, mean_diversity=0.067928,
indivs=23138342, elapsed_secs=46831, mean=0.605207, stdev=0.185053, best fit=0.701200, best_overall=0.701200, mean_diversity=0.108165,
indivs=23148352, elapsed_secs=46857, mean=0.629459, stdev=0.162057, best fit=0.701200, best_overall=0.701200, mean_diversity=0.102509,
indivs=23158429, elapsed_secs=46877, mean=0.608534, stdev=0.127304, best fit=0.701200, best_overall=0.701200, mean_diversity=0.092723,
indivs=23168533, elapsed_secs=46898, mean=0.612022, stdev=0.163028, best fit=0.701200, best_overall=0.701200, mean_diversity=0.170544,
indivs=23178585, elapsed_secs=46919, mean=0.618584, stdev=0.159849, best fit=0.701200, best_overall=0.701200, mean_diversity=0.115763,
indivs=23188627, elapsed_secs=46939, mean=0.594302, stdev=0.098045, best fit=0.701200, best_overall=0.701200, mean_diversity=0.086639,
indivs=23198703, elapsed_secs=46962, mean=0.594256, stdev=0.159102, best fit=0.701200, best_overall=0.701200, mean_diversity=0.120883,
indivs=23208760, elapsed_secs=46979, mean=0.630989, stdev=0.129449, best fit=0.701200, best_overall=0.701200, mean_diversity=0.104126,
indivs=23218866, elapsed_secs=46997, mean=0.563420, stdev=0.239614, best fit=0.701200, best_overall=0.701200, mean_diversity=0.106077,
indivs=23228982, elapsed_secs=47016, mean=0.614717, stdev=0.165749, best fit=0.701200, best_overall=0.701200, mean_diversity=0.144715,
indivs=23239004, elapsed_secs=47035, mean=0.608904, stdev=0.174841, best fit=0.701200, best_overall=0.701200, mean_diversity=0.121836,
indivs=23249053, elapsed_secs=47054, mean=0.617292, stdev=0.123223, best fit=0.701200, best_overall=0.701200, mean_diversity=0.148333,
indivs=23259124, elapsed_secs=47074, mean=0.574853, stdev=0.137486, best fit=0.701200, best_overall=0.701200, mean_diversity=0.175039,
indivs=23269225, elapsed_secs=47095, mean=0.648075, stdev=0.119491, best fit=0.701200, best_overall=0.701200, mean_diversity=0.104023,
indivs=23279267, elapsed_secs=47115, mean=0.589188, stdev=0.142191, best fit=0.701200, best_overall=0.701200, mean_diversity=0.138615,
indivs=23289390, elapsed_secs=47135, mean=0.562129, stdev=0.225557, best fit=0.701200, best_overall=0.701200, mean_diversity=0.119031,
indivs=23299419, elapsed_secs=47158, mean=0.581125, stdev=0.105915, best fit=0.701200, best_overall=0.701200, mean_diversity=0.155647,
indivs=23309569, elapsed_secs=47178, mean=0.609131, stdev=0.173454, best fit=0.701200, best_overall=0.701200, mean_diversity=0.092974,
indivs=23319707, elapsed_secs=47198, mean=0.644567, stdev=0.135068, best fit=0.701200, best_overall=0.701200, mean_diversity=0.195085,
indivs=23329800, elapsed_secs=47220, mean=0.603195, stdev=0.186146, best fit=0.701200, best_overall=0.701200, mean_diversity=0.173904,
indivs=23339866, elapsed_secs=47239, mean=0.568557, stdev=0.142994, best fit=0.701200, best_overall=0.701200, mean_diversity=0.137513,
indivs=23349894, elapsed_secs=47260, mean=0.631823, stdev=0.119898, best fit=0.701200, best_overall=0.701200, mean_diversity=0.145744,
indivs=23360040, elapsed_secs=47281, mean=0.629955, stdev=0.135983, best fit=0.701200, best_overall=0.701200, mean_diversity=0.057681,
indivs=23370158, elapsed_secs=47301, mean=0.607795, stdev=0.186709, best fit=0.701200, best_overall=0.701200, mean_diversity=0.116914,
indivs=23380189, elapsed_secs=47322, mean=0.571226, stdev=0.217177, best fit=0.701200, best_overall=0.701200, mean_diversity=0.136939,
indivs=23390209, elapsed_secs=47343, mean=0.603381, stdev=0.154201, best fit=0.701200, best_overall=0.701200, mean_diversity=0.131675,
indivs=23400228, elapsed_secs=47362, mean=0.607039, stdev=0.184427, best fit=0.701200, best_overall=0.701200, mean_diversity=0.097647,
indivs=23410366, elapsed_secs=47381, mean=0.606183, stdev=0.146060, best fit=0.701200, best_overall=0.701200, mean_diversity=0.107098,
indivs=23420498, elapsed_secs=47401, mean=0.625866, stdev=0.132582, best fit=0.701200, best_overall=0.701200, mean_diversity=0.107212,
indivs=23430568, elapsed_secs=47419, mean=0.587661, stdev=0.133073, best fit=0.701200, best_overall=0.701200, mean_diversity=0.174800,
indivs=23440589, elapsed_secs=47439, mean=0.629368, stdev=0.127276, best fit=0.701200, best_overall=0.701200, mean_diversity=0.098041,
indivs=23450692, elapsed_secs=47457, mean=0.583892, stdev=0.148943, best fit=0.701200, best_overall=0.701200, mean_diversity=0.123032,
indivs=23460778, elapsed_secs=47476, mean=0.608416, stdev=0.160677, best fit=0.701200, best_overall=0.701200, mean_diversity=0.098056,
indivs=23470778, elapsed_secs=47495, mean=0.618156, stdev=0.150712, best fit=0.701200, best_overall=0.701200, mean_diversity=0.102479,
indivs=23480862, elapsed_secs=47513, mean=0.596920, stdev=0.160579, best fit=0.701200, best_overall=0.701200, mean_diversity=0.098502,
indivs=23490917, elapsed_secs=47535, mean=0.630224, stdev=0.120884, best fit=0.701200, best_overall=0.701200, mean_diversity=0.090793,
indivs=23500973, elapsed_secs=47555, mean=0.635255, stdev=0.136186, best fit=0.701200, best_overall=0.701200, mean_diversity=0.072962,
indivs=23511017, elapsed_secs=47577, mean=0.579832, stdev=0.120502, best fit=0.701200, best_overall=0.701200, mean_diversity=0.097019,
indivs=23521051, elapsed_secs=47596, mean=0.609559, stdev=0.175537, best fit=0.701200, best_overall=0.701200, mean_diversity=0.153443,
indivs=23531102, elapsed_secs=47620, mean=0.582931, stdev=0.194377, best fit=0.701200, best_overall=0.701200, mean_diversity=0.142667,
Experiment done. Retrieving candidate algorithm.
Search fitness for candidate algorithm = 0.701200
Evaluating candidate algorithm from experiment (on T_select tasks)... 
Select fitness for candidate algorithm = 0.700400
Select fitness is the best so far. 

Final evaluation of best algorithm (on unseen tasks)...
Final evaluation fitness (on unseen data) = 0.690890
Algorithm found: 
def Setup():
  s2 = -0.171852
  v5 = uniform(0.641496, 0.223535, n_features)
  s1 = gaussian(-0.450354, 0.943188)
  v6 = uniform(-0.586019, -0.249991, n_features)
  v4 = uniform(0.785892, -0.772481, n_features)
  v7 = uniform(0.499769, 0.0042392, n_features)
def Predict():
  v2 = dot(m0, v3)
  v2 = v4 + v1
  s1 = dot(v2, v0)
  s2 = dot(v3, v6)
  v3 = v1 + v4
  v2 = v7 + v4
  v4 = v4 + v5
  v8 = v6 + v8
  v3 = v8 + v5
  v6 = v1 + v5
def Learn():
  v3 = s3 * v0
  m1 = outer(v8, v6)
  v2 = v7 + v3
  s3 = s2 - s2
  s3 = s4 + s1
  v1 = v1 + v7
  m0 = outer(v5, v2)
  v7 = v3 * v6
  s4 = s0 + s0
  s1 = s0 - s1
  v4 = v2 + v2
  m1 = outer(v3, v0)
  v5 = heaviside(v0, 1.0)
  s2 = s3 * s3
  v2 = s2 * v4
  m0 = m0 + m1
  v2 = v3 + v8
  v5 = v0 + v6
  v7 = s1 * v0
  s1 = s2 - s3

