Random seed = 2251872044
/p/work/rditljtd/automl_zero/baseline_full_qd.db3
evol_id:46704
SQLite Version: 3.4.0

Creating database for run.
/p/work/rditljtd/automl_zero/baseline_full_qd.db3
Running evolution experiment (on the T_search tasks)...
indivs=200, elapsed_secs=0, mean=0.500000, stdev=0.000000, best fit=0.500000, best_overall=0.500000, mean_diversity=0.000000,
indivs=10298, elapsed_secs=36, mean=0.496699, stdev=0.019420, best fit=0.563500, best_overall=0.563500, mean_diversity=0.151194,
indivs=20396, elapsed_secs=43, mean=0.501764, stdev=0.054816, best fit=0.573200, best_overall=0.573200, mean_diversity=0.235043,
indivs=30494, elapsed_secs=54, mean=0.499813, stdev=0.076132, best fit=0.573200, best_overall=0.573200, mean_diversity=0.241452,
indivs=40592, elapsed_secs=62, mean=0.502655, stdev=0.011265, best fit=0.573200, best_overall=0.573200, mean_diversity=0.173287,
indivs=50690, elapsed_secs=69, mean=0.494672, stdev=0.059892, best fit=0.573200, best_overall=0.573200, mean_diversity=0.199402,
indivs=60788, elapsed_secs=78, mean=0.494648, stdev=0.022786, best fit=0.573700, best_overall=0.573700, mean_diversity=0.276081,
indivs=70886, elapsed_secs=87, mean=0.501408, stdev=0.009867, best fit=0.573700, best_overall=0.573700, mean_diversity=0.059032,
indivs=80984, elapsed_secs=97, mean=0.490249, stdev=0.092642, best fit=0.667900, best_overall=0.667900, mean_diversity=0.158191,
indivs=91082, elapsed_secs=110, mean=0.586195, stdev=0.084335, best fit=0.669400, best_overall=0.669400, mean_diversity=0.092901,
indivs=101180, elapsed_secs=123, mean=0.568633, stdev=0.105578, best fit=0.669500, best_overall=0.669500, mean_diversity=0.244442,
indivs=111278, elapsed_secs=135, mean=0.537663, stdev=0.062381, best fit=0.669500, best_overall=0.669500, mean_diversity=0.072439,
indivs=121376, elapsed_secs=146, mean=0.584464, stdev=0.093032, best fit=0.669500, best_overall=0.669500, mean_diversity=0.135243,
indivs=131474, elapsed_secs=157, mean=0.588234, stdev=0.094353, best fit=0.669500, best_overall=0.669500, mean_diversity=0.157307,
indivs=141572, elapsed_secs=168, mean=0.503108, stdev=0.022126, best fit=0.669600, best_overall=0.669600, mean_diversity=0.110537,
indivs=151670, elapsed_secs=179, mean=0.612373, stdev=0.080892, best fit=0.669600, best_overall=0.669600, mean_diversity=0.217741,
indivs=161768, elapsed_secs=191, mean=0.574905, stdev=0.090907, best fit=0.669600, best_overall=0.669600, mean_diversity=0.126985,
indivs=171866, elapsed_secs=201, mean=0.577945, stdev=0.118749, best fit=0.669600, best_overall=0.669600, mean_diversity=0.168506,
indivs=181964, elapsed_secs=213, mean=0.562049, stdev=0.082203, best fit=0.669600, best_overall=0.669600, mean_diversity=0.167172,
indivs=192062, elapsed_secs=224, mean=0.530404, stdev=0.084117, best fit=0.670400, best_overall=0.670400, mean_diversity=0.121376,
indivs=202160, elapsed_secs=237, mean=0.495383, stdev=0.053602, best fit=0.670600, best_overall=0.670600, mean_diversity=0.088027,
indivs=212258, elapsed_secs=253, mean=0.593139, stdev=0.131671, best fit=0.670800, best_overall=0.670800, mean_diversity=0.215000,
indivs=222356, elapsed_secs=271, mean=0.585385, stdev=0.118485, best fit=0.670800, best_overall=0.670800, mean_diversity=0.086166,
indivs=232454, elapsed_secs=288, mean=0.579031, stdev=0.131563, best fit=0.670800, best_overall=0.670800, mean_diversity=0.125646,
indivs=242552, elapsed_secs=306, mean=0.586127, stdev=0.130913, best fit=0.671700, best_overall=0.671700, mean_diversity=0.134190,
indivs=252650, elapsed_secs=324, mean=0.515215, stdev=0.048427, best fit=0.671800, best_overall=0.671800, mean_diversity=0.226792,
indivs=262748, elapsed_secs=339, mean=0.506848, stdev=0.033548, best fit=0.671800, best_overall=0.671800, mean_diversity=0.111282,
indivs=272846, elapsed_secs=359, mean=0.548844, stdev=0.152990, best fit=0.671800, best_overall=0.671800, mean_diversity=0.246071,
indivs=282944, elapsed_secs=378, mean=0.490275, stdev=0.056955, best fit=0.671800, best_overall=0.671800, mean_diversity=0.122666,
indivs=293042, elapsed_secs=396, mean=0.575167, stdev=0.145964, best fit=0.671800, best_overall=0.671800, mean_diversity=0.126030,
indivs=303140, elapsed_secs=418, mean=0.581677, stdev=0.094467, best fit=0.671800, best_overall=0.671800, mean_diversity=0.236375,
indivs=313238, elapsed_secs=436, mean=0.503835, stdev=0.034093, best fit=0.671800, best_overall=0.671800, mean_diversity=0.252731,
indivs=323336, elapsed_secs=460, mean=0.585871, stdev=0.091068, best fit=0.671800, best_overall=0.671800, mean_diversity=0.247805,
indivs=333434, elapsed_secs=482, mean=0.514514, stdev=0.053043, best fit=0.671800, best_overall=0.671800, mean_diversity=0.228632,
indivs=343532, elapsed_secs=501, mean=0.581682, stdev=0.102790, best fit=0.671900, best_overall=0.671900, mean_diversity=0.244834,
indivs=353630, elapsed_secs=517, mean=0.570097, stdev=0.103486, best fit=0.671900, best_overall=0.671900, mean_diversity=0.200323,
indivs=363728, elapsed_secs=532, mean=0.518295, stdev=0.184745, best fit=0.671900, best_overall=0.671900, mean_diversity=0.183016,
indivs=373826, elapsed_secs=549, mean=0.536958, stdev=0.088199, best fit=0.671900, best_overall=0.671900, mean_diversity=0.334434,
indivs=383924, elapsed_secs=566, mean=0.570834, stdev=0.143110, best fit=0.671900, best_overall=0.671900, mean_diversity=0.242211,
indivs=394022, elapsed_secs=580, mean=0.569735, stdev=0.133749, best fit=0.671900, best_overall=0.671900, mean_diversity=0.146815,
indivs=404120, elapsed_secs=594, mean=0.603730, stdev=0.126197, best fit=0.671900, best_overall=0.671900, mean_diversity=0.256133,
indivs=414218, elapsed_secs=609, mean=0.595942, stdev=0.118558, best fit=0.671900, best_overall=0.671900, mean_diversity=0.286934,
indivs=424316, elapsed_secs=624, mean=0.602096, stdev=0.114902, best fit=0.671900, best_overall=0.671900, mean_diversity=0.184062,
indivs=434414, elapsed_secs=639, mean=0.562117, stdev=0.141325, best fit=0.671900, best_overall=0.671900, mean_diversity=0.244146,
indivs=444512, elapsed_secs=656, mean=0.552198, stdev=0.113817, best fit=0.671900, best_overall=0.671900, mean_diversity=0.216496,
indivs=454610, elapsed_secs=672, mean=0.602043, stdev=0.094329, best fit=0.671900, best_overall=0.671900, mean_diversity=0.161863,
indivs=464708, elapsed_secs=687, mean=0.554091, stdev=0.186823, best fit=0.671900, best_overall=0.671900, mean_diversity=0.169759,
indivs=474806, elapsed_secs=703, mean=0.490002, stdev=0.153083, best fit=0.671900, best_overall=0.671900, mean_diversity=0.487589,
indivs=484904, elapsed_secs=719, mean=0.507021, stdev=0.202171, best fit=0.671900, best_overall=0.671900, mean_diversity=0.143783,
indivs=495002, elapsed_secs=734, mean=0.540570, stdev=0.138138, best fit=0.671900, best_overall=0.671900, mean_diversity=0.316773,
indivs=505100, elapsed_secs=749, mean=0.469445, stdev=0.195497, best fit=0.671900, best_overall=0.671900, mean_diversity=0.375922,
indivs=515198, elapsed_secs=765, mean=0.545857, stdev=0.111777, best fit=0.671900, best_overall=0.671900, mean_diversity=0.371229,
indivs=525296, elapsed_secs=782, mean=0.526193, stdev=0.202741, best fit=0.671900, best_overall=0.671900, mean_diversity=0.123712,
indivs=535394, elapsed_secs=797, mean=0.568509, stdev=0.153707, best fit=0.671900, best_overall=0.671900, mean_diversity=0.208228,
indivs=545492, elapsed_secs=814, mean=0.504951, stdev=0.067995, best fit=0.671900, best_overall=0.671900, mean_diversity=0.159023,
indivs=555590, elapsed_secs=830, mean=0.549075, stdev=0.215475, best fit=0.672000, best_overall=0.672000, mean_diversity=0.161402,
indivs=565688, elapsed_secs=847, mean=0.521430, stdev=0.050706, best fit=0.672000, best_overall=0.672000, mean_diversity=0.236551,
indivs=575786, elapsed_secs=866, mean=0.507544, stdev=0.084769, best fit=0.672000, best_overall=0.672000, mean_diversity=0.209251,
indivs=585884, elapsed_secs=881, mean=0.579817, stdev=0.115743, best fit=0.672000, best_overall=0.672000, mean_diversity=0.295550,
indivs=595982, elapsed_secs=899, mean=0.478811, stdev=0.097888, best fit=0.672000, best_overall=0.672000, mean_diversity=0.204000,
indivs=606080, elapsed_secs=912, mean=0.563553, stdev=0.127476, best fit=0.672000, best_overall=0.672000, mean_diversity=0.333009,
indivs=616178, elapsed_secs=928, mean=0.559094, stdev=0.082186, best fit=0.672000, best_overall=0.672000, mean_diversity=0.267423,
indivs=626276, elapsed_secs=942, mean=0.500137, stdev=0.058137, best fit=0.672000, best_overall=0.672000, mean_diversity=0.233856,
indivs=636374, elapsed_secs=958, mean=0.495064, stdev=0.053286, best fit=0.672000, best_overall=0.672000, mean_diversity=0.181372,
indivs=646472, elapsed_secs=972, mean=0.532352, stdev=0.066409, best fit=0.672000, best_overall=0.672000, mean_diversity=0.276224,
indivs=656570, elapsed_secs=987, mean=0.513608, stdev=0.073915, best fit=0.672000, best_overall=0.672000, mean_diversity=0.153411,
indivs=666668, elapsed_secs=1003, mean=0.604995, stdev=0.083099, best fit=0.672000, best_overall=0.672000, mean_diversity=0.153973,
indivs=676766, elapsed_secs=1019, mean=0.501730, stdev=0.122509, best fit=0.672000, best_overall=0.672000, mean_diversity=0.347903,
indivs=686864, elapsed_secs=1034, mean=0.465712, stdev=0.129079, best fit=0.672000, best_overall=0.672000, mean_diversity=0.148514,
indivs=696962, elapsed_secs=1049, mean=0.550015, stdev=0.093952, best fit=0.672000, best_overall=0.672000, mean_diversity=0.332816,
indivs=707060, elapsed_secs=1065, mean=0.503408, stdev=0.023857, best fit=0.672000, best_overall=0.672000, mean_diversity=0.144362,
indivs=717158, elapsed_secs=1082, mean=0.589309, stdev=0.089593, best fit=0.672000, best_overall=0.672000, mean_diversity=0.127962,
indivs=727256, elapsed_secs=1101, mean=0.606050, stdev=0.148982, best fit=0.672000, best_overall=0.672000, mean_diversity=0.077841,
indivs=737354, elapsed_secs=1117, mean=0.601252, stdev=0.083094, best fit=0.672000, best_overall=0.672000, mean_diversity=0.218632,
indivs=747452, elapsed_secs=1134, mean=0.534981, stdev=0.112399, best fit=0.672000, best_overall=0.672000, mean_diversity=0.205345,
indivs=757550, elapsed_secs=1152, mean=0.573635, stdev=0.117717, best fit=0.672000, best_overall=0.672000, mean_diversity=0.314012,
indivs=767648, elapsed_secs=1168, mean=0.581124, stdev=0.120908, best fit=0.672000, best_overall=0.672000, mean_diversity=0.201089,
indivs=777746, elapsed_secs=1183, mean=0.565852, stdev=0.062925, best fit=0.672000, best_overall=0.672000, mean_diversity=0.261074,
indivs=787844, elapsed_secs=1202, mean=0.600066, stdev=0.096786, best fit=0.672000, best_overall=0.672000, mean_diversity=0.079174,
indivs=797942, elapsed_secs=1216, mean=0.482660, stdev=0.137129, best fit=0.672000, best_overall=0.672000, mean_diversity=0.245054,
indivs=808040, elapsed_secs=1231, mean=0.574369, stdev=0.085437, best fit=0.672000, best_overall=0.672000, mean_diversity=0.179062,
indivs=818138, elapsed_secs=1245, mean=0.593382, stdev=0.107598, best fit=0.672000, best_overall=0.672000, mean_diversity=0.215057,
indivs=828236, elapsed_secs=1261, mean=0.587273, stdev=0.094874, best fit=0.672000, best_overall=0.672000, mean_diversity=0.144642,
indivs=838334, elapsed_secs=1276, mean=0.454426, stdev=0.225465, best fit=0.672000, best_overall=0.672000, mean_diversity=0.270478,
indivs=848432, elapsed_secs=1294, mean=0.562567, stdev=0.082204, best fit=0.672000, best_overall=0.672000, mean_diversity=0.224425,
indivs=858530, elapsed_secs=1312, mean=0.565329, stdev=0.067617, best fit=0.672000, best_overall=0.672000, mean_diversity=0.159961,
indivs=868628, elapsed_secs=1328, mean=0.524955, stdev=0.096293, best fit=0.672000, best_overall=0.672000, mean_diversity=0.325180,
indivs=878726, elapsed_secs=1344, mean=0.538394, stdev=0.091956, best fit=0.672000, best_overall=0.672000, mean_diversity=0.223711,
indivs=888824, elapsed_secs=1360, mean=0.515446, stdev=0.160801, best fit=0.672000, best_overall=0.672000, mean_diversity=0.452365,
indivs=898922, elapsed_secs=1377, mean=0.494857, stdev=0.179385, best fit=0.672000, best_overall=0.672000, mean_diversity=0.135911,
indivs=909020, elapsed_secs=1395, mean=0.571650, stdev=0.130755, best fit=0.672000, best_overall=0.672000, mean_diversity=0.300367,
indivs=919118, elapsed_secs=1411, mean=0.501720, stdev=0.017114, best fit=0.672000, best_overall=0.672000, mean_diversity=0.106783,
indivs=929216, elapsed_secs=1426, mean=0.568439, stdev=0.105007, best fit=0.672000, best_overall=0.672000, mean_diversity=0.152665,
indivs=939314, elapsed_secs=1441, mean=0.486526, stdev=0.094457, best fit=0.672000, best_overall=0.672000, mean_diversity=0.153102,
indivs=949412, elapsed_secs=1455, mean=0.485867, stdev=0.193910, best fit=0.672000, best_overall=0.672000, mean_diversity=0.339953,
indivs=959510, elapsed_secs=1474, mean=0.553586, stdev=0.137700, best fit=0.672000, best_overall=0.672000, mean_diversity=0.302031,
indivs=969608, elapsed_secs=1491, mean=0.519419, stdev=0.098184, best fit=0.672000, best_overall=0.672000, mean_diversity=0.311189,
indivs=979706, elapsed_secs=1508, mean=0.521778, stdev=0.176772, best fit=0.672000, best_overall=0.672000, mean_diversity=0.175718,
indivs=989804, elapsed_secs=1525, mean=0.512416, stdev=0.137712, best fit=0.672000, best_overall=0.672000, mean_diversity=0.235091,
indivs=999902, elapsed_secs=1540, mean=0.557430, stdev=0.128884, best fit=0.672000, best_overall=0.672000, mean_diversity=0.146322,
indivs=1010000, elapsed_secs=1554, mean=0.590252, stdev=0.094914, best fit=0.672000, best_overall=0.672000, mean_diversity=0.204684,
indivs=1020098, elapsed_secs=1570, mean=0.507826, stdev=0.034676, best fit=0.672000, best_overall=0.672000, mean_diversity=0.152404,
indivs=1030196, elapsed_secs=1585, mean=0.558311, stdev=0.141457, best fit=0.672000, best_overall=0.672000, mean_diversity=0.150739,
indivs=1040294, elapsed_secs=1601, mean=0.601531, stdev=0.154340, best fit=0.672000, best_overall=0.672000, mean_diversity=0.081615,
indivs=1050392, elapsed_secs=1617, mean=0.513904, stdev=0.131633, best fit=0.672000, best_overall=0.672000, mean_diversity=0.221703,
indivs=1060490, elapsed_secs=1634, mean=0.512549, stdev=0.173158, best fit=0.672000, best_overall=0.672000, mean_diversity=0.247710,
indivs=1070588, elapsed_secs=1651, mean=0.524160, stdev=0.128245, best fit=0.672000, best_overall=0.672000, mean_diversity=0.431421,
indivs=1080686, elapsed_secs=1665, mean=0.569873, stdev=0.125205, best fit=0.672000, best_overall=0.672000, mean_diversity=0.336033,
indivs=1090784, elapsed_secs=1680, mean=0.597319, stdev=0.117618, best fit=0.672000, best_overall=0.672000, mean_diversity=0.172982,
indivs=1100882, elapsed_secs=1695, mean=0.551426, stdev=0.101546, best fit=0.672000, best_overall=0.672000, mean_diversity=0.332210,
indivs=1110980, elapsed_secs=1711, mean=0.553286, stdev=0.105785, best fit=0.672000, best_overall=0.672000, mean_diversity=0.361587,
indivs=1121078, elapsed_secs=1725, mean=0.497848, stdev=0.054141, best fit=0.672000, best_overall=0.672000, mean_diversity=0.079069,
indivs=1131176, elapsed_secs=1740, mean=0.501721, stdev=0.017114, best fit=0.672000, best_overall=0.672000, mean_diversity=0.069034,
indivs=1141274, elapsed_secs=1757, mean=0.472696, stdev=0.121960, best fit=0.672000, best_overall=0.672000, mean_diversity=0.280984,
indivs=1151372, elapsed_secs=1772, mean=0.494773, stdev=0.099439, best fit=0.672000, best_overall=0.672000, mean_diversity=0.219302,
indivs=1161470, elapsed_secs=1789, mean=0.596467, stdev=0.116092, best fit=0.672000, best_overall=0.672000, mean_diversity=0.217399,
indivs=1171568, elapsed_secs=1806, mean=0.496888, stdev=0.052811, best fit=0.672000, best_overall=0.672000, mean_diversity=0.245808,
indivs=1181666, elapsed_secs=1824, mean=0.503784, stdev=0.030281, best fit=0.672000, best_overall=0.672000, mean_diversity=0.080681,
indivs=1191764, elapsed_secs=1839, mean=0.540160, stdev=0.134396, best fit=0.672000, best_overall=0.672000, mean_diversity=0.279570,
indivs=1201862, elapsed_secs=1855, mean=0.525471, stdev=0.088423, best fit=0.672000, best_overall=0.672000, mean_diversity=0.251887,
indivs=1211960, elapsed_secs=1872, mean=0.617204, stdev=0.128095, best fit=0.672000, best_overall=0.672000, mean_diversity=0.050614,
indivs=1222058, elapsed_secs=1890, mean=0.511297, stdev=0.170962, best fit=0.672000, best_overall=0.672000, mean_diversity=0.374048,
indivs=1232156, elapsed_secs=1906, mean=0.490866, stdev=0.093235, best fit=0.672000, best_overall=0.672000, mean_diversity=0.179286,
indivs=1242254, elapsed_secs=1923, mean=0.513212, stdev=0.079055, best fit=0.672000, best_overall=0.672000, mean_diversity=0.220994,
indivs=1252352, elapsed_secs=1938, mean=0.559072, stdev=0.114777, best fit=0.672000, best_overall=0.672000, mean_diversity=0.341952,
indivs=1262450, elapsed_secs=1956, mean=0.546502, stdev=0.095329, best fit=0.672000, best_overall=0.672000, mean_diversity=0.368655,
indivs=1272548, elapsed_secs=1977, mean=0.542061, stdev=0.073078, best fit=0.672000, best_overall=0.672000, mean_diversity=0.221032,
indivs=1282646, elapsed_secs=1991, mean=0.519455, stdev=0.074738, best fit=0.672000, best_overall=0.672000, mean_diversity=0.123574,
indivs=1292744, elapsed_secs=2008, mean=0.530047, stdev=0.088187, best fit=0.672000, best_overall=0.672000, mean_diversity=0.235691,
indivs=1302842, elapsed_secs=2026, mean=0.533780, stdev=0.187009, best fit=0.672000, best_overall=0.672000, mean_diversity=0.194143,
indivs=1312940, elapsed_secs=2041, mean=0.538878, stdev=0.074725, best fit=0.672000, best_overall=0.672000, mean_diversity=0.476388,
indivs=1323038, elapsed_secs=2057, mean=0.575245, stdev=0.105572, best fit=0.672000, best_overall=0.672000, mean_diversity=0.085939,
indivs=1333136, elapsed_secs=2074, mean=0.550049, stdev=0.118663, best fit=0.672000, best_overall=0.672000, mean_diversity=0.423586,
indivs=1343234, elapsed_secs=2091, mean=0.533730, stdev=0.106848, best fit=0.672000, best_overall=0.672000, mean_diversity=0.307531,
indivs=1353332, elapsed_secs=2108, mean=0.634613, stdev=0.073283, best fit=0.672000, best_overall=0.672000, mean_diversity=0.065648,
indivs=1363430, elapsed_secs=2127, mean=0.509870, stdev=0.108156, best fit=0.672000, best_overall=0.672000, mean_diversity=0.360132,
indivs=1373528, elapsed_secs=2147, mean=0.559831, stdev=0.126129, best fit=0.672000, best_overall=0.672000, mean_diversity=0.199587,
indivs=1383626, elapsed_secs=2164, mean=0.545367, stdev=0.175398, best fit=0.672000, best_overall=0.672000, mean_diversity=0.173795,
indivs=1393724, elapsed_secs=2180, mean=0.524456, stdev=0.093203, best fit=0.672000, best_overall=0.672000, mean_diversity=0.162663,
indivs=1403822, elapsed_secs=2196, mean=0.530930, stdev=0.155969, best fit=0.672000, best_overall=0.672000, mean_diversity=0.350794,
indivs=1413920, elapsed_secs=2212, mean=0.539188, stdev=0.220050, best fit=0.672000, best_overall=0.672000, mean_diversity=0.099718,
indivs=1424018, elapsed_secs=2228, mean=0.573747, stdev=0.165845, best fit=0.672000, best_overall=0.672000, mean_diversity=0.130228,
indivs=1434116, elapsed_secs=2244, mean=0.508684, stdev=0.069039, best fit=0.672000, best_overall=0.672000, mean_diversity=0.198058,
indivs=1444214, elapsed_secs=2259, mean=0.510864, stdev=0.129933, best fit=0.672000, best_overall=0.672000, mean_diversity=0.280986,
indivs=1454312, elapsed_secs=2275, mean=0.559246, stdev=0.140088, best fit=0.672000, best_overall=0.672000, mean_diversity=0.369783,
indivs=1464410, elapsed_secs=2290, mean=0.545150, stdev=0.077046, best fit=0.672000, best_overall=0.672000, mean_diversity=0.519304,
indivs=1474508, elapsed_secs=2306, mean=0.556026, stdev=0.117237, best fit=0.672000, best_overall=0.672000, mean_diversity=0.457652,
indivs=1484606, elapsed_secs=2323, mean=0.548814, stdev=0.119675, best fit=0.672000, best_overall=0.672000, mean_diversity=0.333725,
indivs=1494704, elapsed_secs=2339, mean=0.529922, stdev=0.117670, best fit=0.672000, best_overall=0.672000, mean_diversity=0.291319,
indivs=1504802, elapsed_secs=2357, mean=0.557370, stdev=0.099028, best fit=0.672000, best_overall=0.672000, mean_diversity=0.316947,
indivs=1514900, elapsed_secs=2373, mean=0.571706, stdev=0.101875, best fit=0.672000, best_overall=0.672000, mean_diversity=0.315000,
indivs=1524998, elapsed_secs=2392, mean=0.543256, stdev=0.068358, best fit=0.672000, best_overall=0.672000, mean_diversity=0.344316,
indivs=1535096, elapsed_secs=2409, mean=0.579249, stdev=0.133349, best fit=0.672000, best_overall=0.672000, mean_diversity=0.088882,
indivs=1545194, elapsed_secs=2427, mean=0.574621, stdev=0.101327, best fit=0.672000, best_overall=0.672000, mean_diversity=0.196364,
indivs=1555292, elapsed_secs=2442, mean=0.551407, stdev=0.097060, best fit=0.672000, best_overall=0.672000, mean_diversity=0.178147,
indivs=1565390, elapsed_secs=2456, mean=0.488514, stdev=0.068812, best fit=0.672000, best_overall=0.672000, mean_diversity=0.153750,
indivs=1575488, elapsed_secs=2473, mean=0.540346, stdev=0.109671, best fit=0.672000, best_overall=0.672000, mean_diversity=0.234111,
indivs=1585586, elapsed_secs=2488, mean=0.561690, stdev=0.128797, best fit=0.672000, best_overall=0.672000, mean_diversity=0.138160,
indivs=1595684, elapsed_secs=2503, mean=0.554170, stdev=0.087266, best fit=0.672000, best_overall=0.672000, mean_diversity=0.257860,
indivs=1605782, elapsed_secs=2518, mean=0.613456, stdev=0.098706, best fit=0.672000, best_overall=0.672000, mean_diversity=0.097608,
indivs=1615880, elapsed_secs=2535, mean=0.604530, stdev=0.072380, best fit=0.672000, best_overall=0.672000, mean_diversity=0.077810,
indivs=1625978, elapsed_secs=2555, mean=0.588586, stdev=0.144606, best fit=0.672000, best_overall=0.672000, mean_diversity=0.095000,
indivs=1636076, elapsed_secs=2571, mean=0.541351, stdev=0.160596, best fit=0.672000, best_overall=0.672000, mean_diversity=0.376764,
indivs=1646174, elapsed_secs=2585, mean=0.553588, stdev=0.113665, best fit=0.672000, best_overall=0.672000, mean_diversity=0.177903,
indivs=1656272, elapsed_secs=2600, mean=0.576957, stdev=0.107631, best fit=0.672000, best_overall=0.672000, mean_diversity=0.300717,
indivs=1666370, elapsed_secs=2616, mean=0.498012, stdev=0.054395, best fit=0.672000, best_overall=0.672000, mean_diversity=0.053878,
indivs=1676468, elapsed_secs=2630, mean=0.518557, stdev=0.045386, best fit=0.672000, best_overall=0.672000, mean_diversity=0.297232,
indivs=1686566, elapsed_secs=2648, mean=0.581214, stdev=0.110395, best fit=0.672000, best_overall=0.672000, mean_diversity=0.182904,
indivs=1696664, elapsed_secs=2664, mean=0.575648, stdev=0.102175, best fit=0.672000, best_overall=0.672000, mean_diversity=0.202933,
indivs=1706762, elapsed_secs=2681, mean=0.535692, stdev=0.168830, best fit=0.672000, best_overall=0.672000, mean_diversity=0.187619,
indivs=1716860, elapsed_secs=2694, mean=0.563650, stdev=0.138853, best fit=0.672000, best_overall=0.672000, mean_diversity=0.198347,
indivs=1726958, elapsed_secs=2713, mean=0.555180, stdev=0.149593, best fit=0.672100, best_overall=0.672100, mean_diversity=0.087111,
indivs=1737056, elapsed_secs=2729, mean=0.570357, stdev=0.096680, best fit=0.672100, best_overall=0.672100, mean_diversity=0.213538,
indivs=1747154, elapsed_secs=2746, mean=0.565629, stdev=0.082626, best fit=0.672300, best_overall=0.672300, mean_diversity=0.354911,
indivs=1757252, elapsed_secs=2760, mean=0.532811, stdev=0.065399, best fit=0.672300, best_overall=0.672300, mean_diversity=0.132621,
indivs=1767350, elapsed_secs=2775, mean=0.546197, stdev=0.098031, best fit=0.672300, best_overall=0.672300, mean_diversity=0.368963,
indivs=1777448, elapsed_secs=2792, mean=0.510785, stdev=0.163805, best fit=0.672300, best_overall=0.672300, mean_diversity=0.322518,
indivs=1787546, elapsed_secs=2808, mean=0.568986, stdev=0.099122, best fit=0.672300, best_overall=0.672300, mean_diversity=0.307458,
indivs=1797644, elapsed_secs=2826, mean=0.572727, stdev=0.058992, best fit=0.672300, best_overall=0.672300, mean_diversity=0.201767,
indivs=1807742, elapsed_secs=2843, mean=0.573695, stdev=0.102410, best fit=0.672300, best_overall=0.672300, mean_diversity=0.305665,
indivs=1817840, elapsed_secs=2860, mean=0.527673, stdev=0.053402, best fit=0.672300, best_overall=0.672300, mean_diversity=0.084784,
indivs=1827938, elapsed_secs=2875, mean=0.525690, stdev=0.061169, best fit=0.672300, best_overall=0.672300, mean_diversity=0.257527,
indivs=1838036, elapsed_secs=2891, mean=0.580585, stdev=0.102777, best fit=0.672300, best_overall=0.672300, mean_diversity=0.445286,
indivs=1848134, elapsed_secs=2907, mean=0.499722, stdev=0.022289, best fit=0.672300, best_overall=0.672300, mean_diversity=0.134698,
indivs=1858232, elapsed_secs=2921, mean=0.561883, stdev=0.104837, best fit=0.672300, best_overall=0.672300, mean_diversity=0.239898,
indivs=1868330, elapsed_secs=2934, mean=0.508698, stdev=0.089286, best fit=0.672300, best_overall=0.672300, mean_diversity=0.273250,
indivs=1878428, elapsed_secs=2950, mean=0.565836, stdev=0.113160, best fit=0.672300, best_overall=0.672300, mean_diversity=0.177645,
indivs=1888526, elapsed_secs=2962, mean=0.551751, stdev=0.066422, best fit=0.672300, best_overall=0.672300, mean_diversity=0.130819,
indivs=1898624, elapsed_secs=2977, mean=0.562581, stdev=0.096582, best fit=0.672300, best_overall=0.672300, mean_diversity=0.296902,
indivs=1908722, elapsed_secs=2991, mean=0.605064, stdev=0.138297, best fit=0.672300, best_overall=0.672300, mean_diversity=0.091653,
indivs=1918820, elapsed_secs=3005, mean=0.549241, stdev=0.080174, best fit=0.672300, best_overall=0.672300, mean_diversity=0.276577,
indivs=1928918, elapsed_secs=3020, mean=0.550820, stdev=0.088615, best fit=0.672300, best_overall=0.672300, mean_diversity=0.353200,
indivs=1939016, elapsed_secs=3035, mean=0.507803, stdev=0.125019, best fit=0.672300, best_overall=0.672300, mean_diversity=0.250000,
indivs=1949114, elapsed_secs=3049, mean=0.513004, stdev=0.104916, best fit=0.672300, best_overall=0.672300, mean_diversity=0.197787,
indivs=1959212, elapsed_secs=3064, mean=0.563232, stdev=0.116563, best fit=0.672300, best_overall=0.672300, mean_diversity=0.099664,
indivs=1969310, elapsed_secs=3077, mean=0.530789, stdev=0.065818, best fit=0.672300, best_overall=0.672300, mean_diversity=0.403174,
indivs=1979408, elapsed_secs=3094, mean=0.469461, stdev=0.131106, best fit=0.672300, best_overall=0.672300, mean_diversity=0.196974,
indivs=1989506, elapsed_secs=3110, mean=0.581173, stdev=0.147009, best fit=0.672300, best_overall=0.672300, mean_diversity=0.196380,
indivs=1999604, elapsed_secs=3124, mean=0.506386, stdev=0.031230, best fit=0.672300, best_overall=0.672300, mean_diversity=0.100008,
indivs=2009702, elapsed_secs=3141, mean=0.608960, stdev=0.129547, best fit=0.672300, best_overall=0.672300, mean_diversity=0.105254,
indivs=2019800, elapsed_secs=3159, mean=0.526582, stdev=0.061703, best fit=0.672300, best_overall=0.672300, mean_diversity=0.352044,
indivs=2029898, elapsed_secs=3174, mean=0.503895, stdev=0.065588, best fit=0.672300, best_overall=0.672300, mean_diversity=0.235093,
indivs=2039996, elapsed_secs=3190, mean=0.573610, stdev=0.066048, best fit=0.672300, best_overall=0.672300, mean_diversity=0.190542,
indivs=2050094, elapsed_secs=3206, mean=0.519685, stdev=0.202442, best fit=0.672300, best_overall=0.672300, mean_diversity=0.290920,
indivs=2060192, elapsed_secs=3220, mean=0.518622, stdev=0.071866, best fit=0.672300, best_overall=0.672300, mean_diversity=0.196464,
indivs=2070290, elapsed_secs=3236, mean=0.563825, stdev=0.087481, best fit=0.672300, best_overall=0.672300, mean_diversity=0.067046,
indivs=2080388, elapsed_secs=3249, mean=0.486451, stdev=0.153028, best fit=0.672300, best_overall=0.672300, mean_diversity=0.269158,
indivs=2090486, elapsed_secs=3263, mean=0.526789, stdev=0.055332, best fit=0.672300, best_overall=0.672300, mean_diversity=0.401272,
indivs=2100584, elapsed_secs=3277, mean=0.608551, stdev=0.102084, best fit=0.672300, best_overall=0.672300, mean_diversity=0.133176,
indivs=2110682, elapsed_secs=3292, mean=0.585298, stdev=0.104108, best fit=0.672300, best_overall=0.672300, mean_diversity=0.100914,
indivs=2120780, elapsed_secs=3307, mean=0.511006, stdev=0.136526, best fit=0.672300, best_overall=0.672300, mean_diversity=0.226508,
indivs=2130878, elapsed_secs=3320, mean=0.546942, stdev=0.092733, best fit=0.672300, best_overall=0.672300, mean_diversity=0.115357,
indivs=2140976, elapsed_secs=3340, mean=0.514605, stdev=0.095599, best fit=0.672300, best_overall=0.672300, mean_diversity=0.237912,
indivs=2151074, elapsed_secs=3357, mean=0.558839, stdev=0.125021, best fit=0.672300, best_overall=0.672300, mean_diversity=0.203199,
indivs=2161172, elapsed_secs=3372, mean=0.505434, stdev=0.030899, best fit=0.681200, best_overall=0.681200, mean_diversity=0.058306,
indivs=2171270, elapsed_secs=3383, mean=0.579592, stdev=0.102362, best fit=0.682900, best_overall=0.682900, mean_diversity=0.095899,
indivs=2181368, elapsed_secs=3397, mean=0.595429, stdev=0.189129, best fit=0.683100, best_overall=0.683100, mean_diversity=0.100367,
indivs=2191466, elapsed_secs=3411, mean=0.463438, stdev=0.124849, best fit=0.684300, best_overall=0.684300, mean_diversity=0.217751,
indivs=2201564, elapsed_secs=3422, mean=0.597331, stdev=0.123249, best fit=0.684300, best_overall=0.684300, mean_diversity=0.031863,
indivs=2211662, elapsed_secs=3433, mean=0.551286, stdev=0.067167, best fit=0.684600, best_overall=0.684600, mean_diversity=0.457700,
indivs=2221760, elapsed_secs=3440, mean=0.581810, stdev=0.136782, best fit=0.684600, best_overall=0.684600, mean_diversity=0.347536,
indivs=2231858, elapsed_secs=3447, mean=0.563406, stdev=0.123144, best fit=0.684900, best_overall=0.684900, mean_diversity=0.107373,
indivs=2241956, elapsed_secs=3454, mean=0.526426, stdev=0.160848, best fit=0.684900, best_overall=0.684900, mean_diversity=0.244700,
indivs=2252054, elapsed_secs=3462, mean=0.501849, stdev=0.018397, best fit=0.684900, best_overall=0.684900, mean_diversity=0.108122,
indivs=2262152, elapsed_secs=3470, mean=0.581444, stdev=0.087609, best fit=0.684900, best_overall=0.684900, mean_diversity=0.148247,
indivs=2272250, elapsed_secs=3476, mean=0.544152, stdev=0.106640, best fit=0.685100, best_overall=0.685100, mean_diversity=0.265882,
indivs=2282348, elapsed_secs=3483, mean=0.606437, stdev=0.116004, best fit=0.685100, best_overall=0.685100, mean_diversity=0.195174,
indivs=2292446, elapsed_secs=3492, mean=0.540233, stdev=0.101770, best fit=0.685100, best_overall=0.685100, mean_diversity=0.206692,
indivs=2302544, elapsed_secs=3502, mean=0.621055, stdev=0.086862, best fit=0.686500, best_overall=0.686500, mean_diversity=0.204711,
indivs=2312642, elapsed_secs=3515, mean=0.492856, stdev=0.152612, best fit=0.686500, best_overall=0.686500, mean_diversity=0.397910,
indivs=2322740, elapsed_secs=3527, mean=0.492596, stdev=0.173246, best fit=0.686500, best_overall=0.686500, mean_diversity=0.429899,
indivs=2332838, elapsed_secs=3540, mean=0.580298, stdev=0.123229, best fit=0.686500, best_overall=0.686500, mean_diversity=0.086855,
indivs=2342936, elapsed_secs=3550, mean=0.545623, stdev=0.121974, best fit=0.686500, best_overall=0.686500, mean_diversity=0.253738,
indivs=2353034, elapsed_secs=3562, mean=0.618001, stdev=0.118221, best fit=0.686500, best_overall=0.686500, mean_diversity=0.193425,
indivs=2363132, elapsed_secs=3574, mean=0.609777, stdev=0.143079, best fit=0.686500, best_overall=0.686500, mean_diversity=0.070174,
indivs=2373230, elapsed_secs=3584, mean=0.457837, stdev=0.146469, best fit=0.686500, best_overall=0.686500, mean_diversity=0.072460,
indivs=2383328, elapsed_secs=3598, mean=0.611562, stdev=0.168088, best fit=0.686500, best_overall=0.686500, mean_diversity=0.045779,
indivs=2393426, elapsed_secs=3609, mean=0.611985, stdev=0.167365, best fit=0.686500, best_overall=0.686500, mean_diversity=0.065883,
indivs=2403524, elapsed_secs=3620, mean=0.516349, stdev=0.124402, best fit=0.686500, best_overall=0.686500, mean_diversity=0.274594,
indivs=2413622, elapsed_secs=3633, mean=0.570278, stdev=0.156944, best fit=0.686500, best_overall=0.686500, mean_diversity=0.150510,
indivs=2423720, elapsed_secs=3646, mean=0.619668, stdev=0.078973, best fit=0.686900, best_overall=0.686900, mean_diversity=0.062924,
indivs=2433818, elapsed_secs=3659, mean=0.611242, stdev=0.096149, best fit=0.686900, best_overall=0.686900, mean_diversity=0.181050,
indivs=2443916, elapsed_secs=3671, mean=0.551444, stdev=0.118015, best fit=0.687700, best_overall=0.687700, mean_diversity=0.338952,
indivs=2454014, elapsed_secs=3682, mean=0.587994, stdev=0.126577, best fit=0.687700, best_overall=0.687700, mean_diversity=0.169263,
indivs=2464112, elapsed_secs=3691, mean=0.550837, stdev=0.120228, best fit=0.687700, best_overall=0.687700, mean_diversity=0.185760,
indivs=2474210, elapsed_secs=3701, mean=0.533639, stdev=0.093165, best fit=0.687700, best_overall=0.687700, mean_diversity=0.232718,
indivs=2484308, elapsed_secs=3710, mean=0.603055, stdev=0.146615, best fit=0.687700, best_overall=0.687700, mean_diversity=0.117830,
indivs=2494406, elapsed_secs=3720, mean=0.587463, stdev=0.149523, best fit=0.687700, best_overall=0.687700, mean_diversity=0.106268,
indivs=2504504, elapsed_secs=3728, mean=0.597691, stdev=0.060799, best fit=0.687700, best_overall=0.687700, mean_diversity=0.380386,
indivs=2514602, elapsed_secs=3737, mean=0.594976, stdev=0.165566, best fit=0.687700, best_overall=0.687700, mean_diversity=0.062636,
indivs=2524700, elapsed_secs=3746, mean=0.570554, stdev=0.094565, best fit=0.687700, best_overall=0.687700, mean_diversity=0.306304,
indivs=2534798, elapsed_secs=3756, mean=0.545349, stdev=0.128128, best fit=0.687900, best_overall=0.687900, mean_diversity=0.326564,
indivs=2544896, elapsed_secs=3765, mean=0.550058, stdev=0.115718, best fit=0.687900, best_overall=0.687900, mean_diversity=0.131504,
indivs=2554994, elapsed_secs=3781, mean=0.513259, stdev=0.170403, best fit=0.687900, best_overall=0.687900, mean_diversity=0.396567,
indivs=2565092, elapsed_secs=3800, mean=0.628811, stdev=0.116577, best fit=0.687900, best_overall=0.687900, mean_diversity=0.079553,
indivs=2575190, elapsed_secs=3811, mean=0.600724, stdev=0.147806, best fit=0.687900, best_overall=0.687900, mean_diversity=0.062774,
indivs=2585288, elapsed_secs=3820, mean=0.545796, stdev=0.084898, best fit=0.687900, best_overall=0.687900, mean_diversity=0.295373,
indivs=2595386, elapsed_secs=3832, mean=0.597473, stdev=0.097525, best fit=0.687900, best_overall=0.687900, mean_diversity=0.071420,
indivs=2605484, elapsed_secs=3846, mean=0.579038, stdev=0.160282, best fit=0.687900, best_overall=0.687900, mean_diversity=0.116210,
indivs=2615582, elapsed_secs=3866, mean=0.586228, stdev=0.126274, best fit=0.687900, best_overall=0.687900, mean_diversity=0.251748,
indivs=2625680, elapsed_secs=3887, mean=0.516424, stdev=0.120498, best fit=0.687900, best_overall=0.687900, mean_diversity=0.242597,
indivs=2635778, elapsed_secs=3900, mean=0.522309, stdev=0.078225, best fit=0.687900, best_overall=0.687900, mean_diversity=0.283538,
indivs=2645876, elapsed_secs=3918, mean=0.510523, stdev=0.211374, best fit=0.687900, best_overall=0.687900, mean_diversity=0.225853,
indivs=2655974, elapsed_secs=3930, mean=0.581460, stdev=0.091717, best fit=0.687900, best_overall=0.687900, mean_diversity=0.280598,
indivs=2666072, elapsed_secs=3941, mean=0.503457, stdev=0.026011, best fit=0.687900, best_overall=0.687900, mean_diversity=0.096675,
indivs=2676170, elapsed_secs=3953, mean=0.539901, stdev=0.110299, best fit=0.687900, best_overall=0.687900, mean_diversity=0.308683,
indivs=2686268, elapsed_secs=3965, mean=0.567714, stdev=0.201439, best fit=0.687900, best_overall=0.687900, mean_diversity=0.085073,
indivs=2696366, elapsed_secs=3974, mean=0.543041, stdev=0.117284, best fit=0.687900, best_overall=0.687900, mean_diversity=0.263298,
indivs=2706464, elapsed_secs=3985, mean=0.561388, stdev=0.212016, best fit=0.687900, best_overall=0.687900, mean_diversity=0.249532,
indivs=2716562, elapsed_secs=3997, mean=0.560973, stdev=0.104847, best fit=0.687900, best_overall=0.687900, mean_diversity=0.125000,
indivs=2726660, elapsed_secs=4006, mean=0.521860, stdev=0.077039, best fit=0.687900, best_overall=0.687900, mean_diversity=0.383945,
indivs=2736758, elapsed_secs=4017, mean=0.545503, stdev=0.085860, best fit=0.687900, best_overall=0.687900, mean_diversity=0.238146,
indivs=2746856, elapsed_secs=4026, mean=0.515135, stdev=0.093292, best fit=0.687900, best_overall=0.687900, mean_diversity=0.292386,
indivs=2756954, elapsed_secs=4035, mean=0.598829, stdev=0.114258, best fit=0.687900, best_overall=0.687900, mean_diversity=0.141235,
indivs=2767052, elapsed_secs=4044, mean=0.494930, stdev=0.054939, best fit=0.687900, best_overall=0.687900, mean_diversity=0.104167,
indivs=2777150, elapsed_secs=4054, mean=0.550900, stdev=0.073769, best fit=0.687900, best_overall=0.687900, mean_diversity=0.303675,
indivs=2787248, elapsed_secs=4066, mean=0.504827, stdev=0.178224, best fit=0.687900, best_overall=0.687900, mean_diversity=0.362513,
indivs=2797346, elapsed_secs=4077, mean=0.579825, stdev=0.114154, best fit=0.687900, best_overall=0.687900, mean_diversity=0.215113,
indivs=2807444, elapsed_secs=4086, mean=0.616143, stdev=0.118913, best fit=0.687900, best_overall=0.687900, mean_diversity=0.080778,
indivs=2817542, elapsed_secs=4096, mean=0.509342, stdev=0.083716, best fit=0.687900, best_overall=0.687900, mean_diversity=0.271963,
indivs=2827640, elapsed_secs=4104, mean=0.594408, stdev=0.122627, best fit=0.687900, best_overall=0.687900, mean_diversity=0.311735,
indivs=2837738, elapsed_secs=4114, mean=0.586803, stdev=0.119667, best fit=0.687900, best_overall=0.687900, mean_diversity=0.217114,
indivs=2847836, elapsed_secs=4124, mean=0.627340, stdev=0.117423, best fit=0.687900, best_overall=0.687900, mean_diversity=0.146680,
indivs=2857934, elapsed_secs=4132, mean=0.576844, stdev=0.106237, best fit=0.687900, best_overall=0.687900, mean_diversity=0.100061,
indivs=2868032, elapsed_secs=4141, mean=0.547647, stdev=0.088196, best fit=0.687900, best_overall=0.687900, mean_diversity=0.252827,
indivs=2878130, elapsed_secs=4151, mean=0.560812, stdev=0.127848, best fit=0.687900, best_overall=0.687900, mean_diversity=0.113880,
indivs=2888228, elapsed_secs=4159, mean=0.558908, stdev=0.152894, best fit=0.687900, best_overall=0.687900, mean_diversity=0.133986,
indivs=2898326, elapsed_secs=4168, mean=0.498380, stdev=0.022922, best fit=0.687900, best_overall=0.687900, mean_diversity=0.046746,
indivs=2908424, elapsed_secs=4177, mean=0.545458, stdev=0.084955, best fit=0.687900, best_overall=0.687900, mean_diversity=0.210753,
indivs=2918522, elapsed_secs=4187, mean=0.517116, stdev=0.156265, best fit=0.687900, best_overall=0.687900, mean_diversity=0.330980,
indivs=2928620, elapsed_secs=4198, mean=0.573612, stdev=0.164702, best fit=0.687900, best_overall=0.687900, mean_diversity=0.209718,
indivs=2938718, elapsed_secs=4208, mean=0.561312, stdev=0.131725, best fit=0.688500, best_overall=0.688500, mean_diversity=0.345067,
indivs=2948816, elapsed_secs=4217, mean=0.517511, stdev=0.128364, best fit=0.688500, best_overall=0.688500, mean_diversity=0.315000,
indivs=2958914, elapsed_secs=4227, mean=0.584338, stdev=0.067189, best fit=0.688500, best_overall=0.688500, mean_diversity=0.225983,
indivs=2969012, elapsed_secs=4235, mean=0.541893, stdev=0.140795, best fit=0.688500, best_overall=0.688500, mean_diversity=0.349556,
indivs=2979110, elapsed_secs=4246, mean=0.567086, stdev=0.148418, best fit=0.688500, best_overall=0.688500, mean_diversity=0.243317,
indivs=2989208, elapsed_secs=4256, mean=0.507448, stdev=0.122468, best fit=0.688500, best_overall=0.688500, mean_diversity=0.315169,
indivs=2999306, elapsed_secs=4265, mean=0.556063, stdev=0.142445, best fit=0.688500, best_overall=0.688500, mean_diversity=0.290391,
indivs=3009404, elapsed_secs=4276, mean=0.557510, stdev=0.169858, best fit=0.688500, best_overall=0.688500, mean_diversity=0.334241,
indivs=3019502, elapsed_secs=4285, mean=0.560522, stdev=0.120278, best fit=0.688500, best_overall=0.688500, mean_diversity=0.123716,
indivs=3029600, elapsed_secs=4294, mean=0.507427, stdev=0.135563, best fit=0.688500, best_overall=0.688500, mean_diversity=0.263857,
indivs=3039698, elapsed_secs=4302, mean=0.535948, stdev=0.124616, best fit=0.688500, best_overall=0.688500, mean_diversity=0.435886,
indivs=3049796, elapsed_secs=4312, mean=0.557574, stdev=0.131585, best fit=0.688500, best_overall=0.688500, mean_diversity=0.368800,
indivs=3059894, elapsed_secs=4321, mean=0.613580, stdev=0.094747, best fit=0.688500, best_overall=0.688500, mean_diversity=0.104991,
indivs=3069992, elapsed_secs=4330, mean=0.578488, stdev=0.098331, best fit=0.688500, best_overall=0.688500, mean_diversity=0.148518,
indivs=3080090, elapsed_secs=4339, mean=0.561864, stdev=0.107397, best fit=0.688500, best_overall=0.688500, mean_diversity=0.292203,
indivs=3090188, elapsed_secs=4349, mean=0.516315, stdev=0.142397, best fit=0.688500, best_overall=0.688500, mean_diversity=0.179596,
indivs=3100286, elapsed_secs=4359, mean=0.607641, stdev=0.089784, best fit=0.688500, best_overall=0.688500, mean_diversity=0.096562,
indivs=3110384, elapsed_secs=4368, mean=0.534223, stdev=0.074351, best fit=0.689200, best_overall=0.689200, mean_diversity=0.130636,
indivs=3120482, elapsed_secs=4377, mean=0.476498, stdev=0.079073, best fit=0.689200, best_overall=0.689200, mean_diversity=0.137802,
indivs=3130580, elapsed_secs=4386, mean=0.591490, stdev=0.122892, best fit=0.689200, best_overall=0.689200, mean_diversity=0.125047,
indivs=3140678, elapsed_secs=4397, mean=0.562197, stdev=0.067693, best fit=0.689200, best_overall=0.689200, mean_diversity=0.105277,
indivs=3150776, elapsed_secs=4408, mean=0.572299, stdev=0.157009, best fit=0.689200, best_overall=0.689200, mean_diversity=0.216942,
indivs=3160874, elapsed_secs=4418, mean=0.617660, stdev=0.100375, best fit=0.689200, best_overall=0.689200, mean_diversity=0.157543,
indivs=3170972, elapsed_secs=4427, mean=0.578676, stdev=0.168352, best fit=0.689200, best_overall=0.689200, mean_diversity=0.210301,
indivs=3181070, elapsed_secs=4439, mean=0.502481, stdev=0.081357, best fit=0.689200, best_overall=0.689200, mean_diversity=0.152910,
indivs=3191168, elapsed_secs=4448, mean=0.557468, stdev=0.127912, best fit=0.689200, best_overall=0.689200, mean_diversity=0.333249,
indivs=3201266, elapsed_secs=4458, mean=0.507890, stdev=0.035597, best fit=0.689200, best_overall=0.689200, mean_diversity=0.169396,
indivs=3211364, elapsed_secs=4468, mean=0.629858, stdev=0.098910, best fit=0.689200, best_overall=0.689200, mean_diversity=0.150487,
indivs=3221462, elapsed_secs=4477, mean=0.528006, stdev=0.055047, best fit=0.689200, best_overall=0.689200, mean_diversity=0.303360,
indivs=3231560, elapsed_secs=4485, mean=0.628752, stdev=0.077620, best fit=0.689200, best_overall=0.689200, mean_diversity=0.089968,
indivs=3241658, elapsed_secs=4495, mean=0.604572, stdev=0.178824, best fit=0.689200, best_overall=0.689200, mean_diversity=0.099236,
indivs=3251756, elapsed_secs=4504, mean=0.481921, stdev=0.100156, best fit=0.689200, best_overall=0.689200, mean_diversity=0.175879,
indivs=3261854, elapsed_secs=4516, mean=0.563291, stdev=0.117502, best fit=0.689200, best_overall=0.689200, mean_diversity=0.231680,
indivs=3271952, elapsed_secs=4527, mean=0.503573, stdev=0.025109, best fit=0.689200, best_overall=0.689200, mean_diversity=0.061207,
indivs=3282050, elapsed_secs=4536, mean=0.468281, stdev=0.175476, best fit=0.689200, best_overall=0.689200, mean_diversity=0.278846,
indivs=3292148, elapsed_secs=4545, mean=0.511953, stdev=0.101166, best fit=0.689200, best_overall=0.689200, mean_diversity=0.274571,
indivs=3302246, elapsed_secs=4554, mean=0.537365, stdev=0.112768, best fit=0.689200, best_overall=0.689200, mean_diversity=0.262251,
indivs=3312344, elapsed_secs=4564, mean=0.524797, stdev=0.104456, best fit=0.689200, best_overall=0.689200, mean_diversity=0.105091,
indivs=3322442, elapsed_secs=4574, mean=0.515520, stdev=0.042992, best fit=0.689200, best_overall=0.689200, mean_diversity=0.222759,
indivs=3332540, elapsed_secs=4583, mean=0.568909, stdev=0.178390, best fit=0.689200, best_overall=0.689200, mean_diversity=0.114328,
indivs=3342638, elapsed_secs=4592, mean=0.565209, stdev=0.113011, best fit=0.689200, best_overall=0.689200, mean_diversity=0.194195,
indivs=3352736, elapsed_secs=4599, mean=0.575433, stdev=0.088722, best fit=0.689200, best_overall=0.689200, mean_diversity=0.120779,
indivs=3362834, elapsed_secs=4609, mean=0.525835, stdev=0.073639, best fit=0.689200, best_overall=0.689200, mean_diversity=0.256314,
indivs=3372932, elapsed_secs=4619, mean=0.588089, stdev=0.088229, best fit=0.689200, best_overall=0.689200, mean_diversity=0.380733,
indivs=3383030, elapsed_secs=4627, mean=0.506938, stdev=0.110172, best fit=0.689200, best_overall=0.689200, mean_diversity=0.202921,
indivs=3393128, elapsed_secs=4636, mean=0.559640, stdev=0.112256, best fit=0.689200, best_overall=0.689200, mean_diversity=0.303550,
indivs=3403226, elapsed_secs=4646, mean=0.493435, stdev=0.060680, best fit=0.689200, best_overall=0.689200, mean_diversity=0.211975,
indivs=3413324, elapsed_secs=4655, mean=0.540621, stdev=0.065374, best fit=0.689200, best_overall=0.689200, mean_diversity=0.229710,
indivs=3423422, elapsed_secs=4663, mean=0.617526, stdev=0.119977, best fit=0.689200, best_overall=0.689200, mean_diversity=0.072176,
indivs=3433520, elapsed_secs=4671, mean=0.511162, stdev=0.090719, best fit=0.689200, best_overall=0.689200, mean_diversity=0.224549,
indivs=3443618, elapsed_secs=4683, mean=0.545077, stdev=0.097587, best fit=0.689200, best_overall=0.689200, mean_diversity=0.154190,
indivs=3453716, elapsed_secs=4693, mean=0.535689, stdev=0.108991, best fit=0.689200, best_overall=0.689200, mean_diversity=0.173772,
indivs=3463814, elapsed_secs=4702, mean=0.548840, stdev=0.113920, best fit=0.689200, best_overall=0.689200, mean_diversity=0.229016,
indivs=3473912, elapsed_secs=4711, mean=0.505816, stdev=0.102105, best fit=0.689200, best_overall=0.689200, mean_diversity=0.198267,
indivs=3484010, elapsed_secs=4721, mean=0.495738, stdev=0.053728, best fit=0.689200, best_overall=0.689200, mean_diversity=0.146343,
indivs=3494108, elapsed_secs=4730, mean=0.612364, stdev=0.090322, best fit=0.689200, best_overall=0.689200, mean_diversity=0.107889,
indivs=3504206, elapsed_secs=4739, mean=0.542671, stdev=0.064260, best fit=0.689200, best_overall=0.689200, mean_diversity=0.130459,
indivs=3514304, elapsed_secs=4749, mean=0.571615, stdev=0.136610, best fit=0.689200, best_overall=0.689200, mean_diversity=0.149044,
indivs=3524402, elapsed_secs=4758, mean=0.581186, stdev=0.107304, best fit=0.689200, best_overall=0.689200, mean_diversity=0.343729,
indivs=3534500, elapsed_secs=4767, mean=0.563301, stdev=0.105687, best fit=0.689200, best_overall=0.689200, mean_diversity=0.176753,
indivs=3544598, elapsed_secs=4776, mean=0.535103, stdev=0.080866, best fit=0.689200, best_overall=0.689200, mean_diversity=0.375229,
indivs=3554696, elapsed_secs=4786, mean=0.568335, stdev=0.076295, best fit=0.689200, best_overall=0.689200, mean_diversity=0.490779,
indivs=3564794, elapsed_secs=4795, mean=0.534111, stdev=0.123198, best fit=0.689200, best_overall=0.689200, mean_diversity=0.206136,
indivs=3574892, elapsed_secs=4804, mean=0.560439, stdev=0.103091, best fit=0.689200, best_overall=0.689200, mean_diversity=0.240119,
indivs=3584990, elapsed_secs=4814, mean=0.553021, stdev=0.062765, best fit=0.689200, best_overall=0.689200, mean_diversity=0.275107,
indivs=3595088, elapsed_secs=4824, mean=0.511297, stdev=0.150965, best fit=0.689200, best_overall=0.689200, mean_diversity=0.280837,
indivs=3605186, elapsed_secs=4834, mean=0.534612, stdev=0.151295, best fit=0.689200, best_overall=0.689200, mean_diversity=0.265937,
indivs=3615284, elapsed_secs=4844, mean=0.501892, stdev=0.018825, best fit=0.689200, best_overall=0.689200, mean_diversity=0.116800,
indivs=3625382, elapsed_secs=4855, mean=0.597549, stdev=0.130652, best fit=0.689200, best_overall=0.689200, mean_diversity=0.201050,
indivs=3635480, elapsed_secs=4864, mean=0.522284, stdev=0.117248, best fit=0.689200, best_overall=0.689200, mean_diversity=0.288634,
indivs=3645578, elapsed_secs=4873, mean=0.567844, stdev=0.066516, best fit=0.689200, best_overall=0.689200, mean_diversity=0.123344,
indivs=3655676, elapsed_secs=4883, mean=0.524677, stdev=0.067851, best fit=0.689200, best_overall=0.689200, mean_diversity=0.483178,
indivs=3665774, elapsed_secs=4893, mean=0.501609, stdev=0.019021, best fit=0.689200, best_overall=0.689200, mean_diversity=0.127447,
indivs=3675872, elapsed_secs=4908, mean=0.551310, stdev=0.209005, best fit=0.689200, best_overall=0.689200, mean_diversity=0.115773,
indivs=3685970, elapsed_secs=4918, mean=0.519048, stdev=0.058227, best fit=0.689200, best_overall=0.689200, mean_diversity=0.219157,
indivs=3696068, elapsed_secs=4929, mean=0.563333, stdev=0.109364, best fit=0.689200, best_overall=0.689200, mean_diversity=0.391618,
indivs=3706166, elapsed_secs=4941, mean=0.507020, stdev=0.039785, best fit=0.689200, best_overall=0.689200, mean_diversity=0.322476,
indivs=3716264, elapsed_secs=4950, mean=0.498401, stdev=0.056506, best fit=0.689200, best_overall=0.689200, mean_diversity=0.108704,
indivs=3726362, elapsed_secs=4959, mean=0.498708, stdev=0.056445, best fit=0.689200, best_overall=0.689200, mean_diversity=0.052582,
indivs=3736460, elapsed_secs=4970, mean=0.628049, stdev=0.163062, best fit=0.689200, best_overall=0.689200, mean_diversity=0.146136,
indivs=3746558, elapsed_secs=4980, mean=0.572273, stdev=0.168047, best fit=0.689200, best_overall=0.689200, mean_diversity=0.257318,
indivs=3756656, elapsed_secs=4988, mean=0.567667, stdev=0.073196, best fit=0.689200, best_overall=0.689200, mean_diversity=0.448947,
indivs=3766754, elapsed_secs=4998, mean=0.552491, stdev=0.081512, best fit=0.689200, best_overall=0.689200, mean_diversity=0.287011,
indivs=3776852, elapsed_secs=5007, mean=0.584765, stdev=0.090342, best fit=0.689200, best_overall=0.689200, mean_diversity=0.363620,
indivs=3786950, elapsed_secs=5016, mean=0.449554, stdev=0.122311, best fit=0.689200, best_overall=0.689200, mean_diversity=0.173638,
indivs=3797048, elapsed_secs=5027, mean=0.602048, stdev=0.157159, best fit=0.689200, best_overall=0.689200, mean_diversity=0.082654,
indivs=3807146, elapsed_secs=5036, mean=0.573849, stdev=0.124160, best fit=0.689200, best_overall=0.689200, mean_diversity=0.204990,
indivs=3817244, elapsed_secs=5046, mean=0.570694, stdev=0.166774, best fit=0.689200, best_overall=0.689200, mean_diversity=0.287417,
indivs=3827342, elapsed_secs=5056, mean=0.623465, stdev=0.072147, best fit=0.689200, best_overall=0.689200, mean_diversity=0.090203,
indivs=3837440, elapsed_secs=5066, mean=0.582087, stdev=0.084915, best fit=0.689200, best_overall=0.689200, mean_diversity=0.177224,
indivs=3847538, elapsed_secs=5076, mean=0.625434, stdev=0.084155, best fit=0.689200, best_overall=0.689200, mean_diversity=0.118230,
indivs=3857636, elapsed_secs=5087, mean=0.616179, stdev=0.105991, best fit=0.689200, best_overall=0.689200, mean_diversity=0.116886,
indivs=3867734, elapsed_secs=5097, mean=0.572017, stdev=0.128875, best fit=0.689200, best_overall=0.689200, mean_diversity=0.159142,
indivs=3877832, elapsed_secs=5108, mean=0.557557, stdev=0.131170, best fit=0.689200, best_overall=0.689200, mean_diversity=0.262437,
indivs=3887930, elapsed_secs=5116, mean=0.550083, stdev=0.162942, best fit=0.689200, best_overall=0.689200, mean_diversity=0.199570,
indivs=3898028, elapsed_secs=5125, mean=0.508420, stdev=0.071623, best fit=0.689200, best_overall=0.689200, mean_diversity=0.114907,
indivs=3908126, elapsed_secs=5133, mean=0.556709, stdev=0.110971, best fit=0.689200, best_overall=0.689200, mean_diversity=0.304508,
indivs=3918224, elapsed_secs=5144, mean=0.517480, stdev=0.116036, best fit=0.689200, best_overall=0.689200, mean_diversity=0.283000,
indivs=3928322, elapsed_secs=5153, mean=0.552098, stdev=0.082088, best fit=0.689200, best_overall=0.689200, mean_diversity=0.358068,
indivs=3938420, elapsed_secs=5161, mean=0.597025, stdev=0.125563, best fit=0.689200, best_overall=0.689200, mean_diversity=0.126982,
indivs=3948518, elapsed_secs=5169, mean=0.498697, stdev=0.198768, best fit=0.689200, best_overall=0.689200, mean_diversity=0.283316,
indivs=3958616, elapsed_secs=5180, mean=0.585250, stdev=0.119946, best fit=0.689200, best_overall=0.689200, mean_diversity=0.068171,
indivs=3968714, elapsed_secs=5189, mean=0.477269, stdev=0.124156, best fit=0.689200, best_overall=0.689200, mean_diversity=0.086856,
indivs=3978812, elapsed_secs=5199, mean=0.570139, stdev=0.120437, best fit=0.689200, best_overall=0.689200, mean_diversity=0.179271,
indivs=3988910, elapsed_secs=5210, mean=0.501677, stdev=0.082258, best fit=0.689200, best_overall=0.689200, mean_diversity=0.262162,
indivs=3999008, elapsed_secs=5220, mean=0.585444, stdev=0.133142, best fit=0.689200, best_overall=0.689200, mean_diversity=0.090970,
indivs=4009106, elapsed_secs=5229, mean=0.537490, stdev=0.149914, best fit=0.689200, best_overall=0.689200, mean_diversity=0.341038,
indivs=4019204, elapsed_secs=5239, mean=0.585625, stdev=0.123785, best fit=0.689200, best_overall=0.689200, mean_diversity=0.082469,
indivs=4029302, elapsed_secs=5250, mean=0.583246, stdev=0.131317, best fit=0.689200, best_overall=0.689200, mean_diversity=0.360775,
indivs=4039400, elapsed_secs=5259, mean=0.581713, stdev=0.090504, best fit=0.689200, best_overall=0.689200, mean_diversity=0.302694,
indivs=4049498, elapsed_secs=5269, mean=0.521730, stdev=0.142702, best fit=0.689200, best_overall=0.689200, mean_diversity=0.215440,
indivs=4059596, elapsed_secs=5278, mean=0.563267, stdev=0.107611, best fit=0.689200, best_overall=0.689200, mean_diversity=0.285119,
indivs=4069694, elapsed_secs=5290, mean=0.579222, stdev=0.074290, best fit=0.689200, best_overall=0.689200, mean_diversity=0.170056,
indivs=4079792, elapsed_secs=5297, mean=0.535900, stdev=0.079695, best fit=0.689200, best_overall=0.689200, mean_diversity=0.202203,
indivs=4089890, elapsed_secs=5307, mean=0.525738, stdev=0.141687, best fit=0.689200, best_overall=0.689200, mean_diversity=0.435224,
indivs=4099988, elapsed_secs=5319, mean=0.562800, stdev=0.121844, best fit=0.689200, best_overall=0.689200, mean_diversity=0.388778,
indivs=4110086, elapsed_secs=5329, mean=0.576376, stdev=0.145353, best fit=0.689200, best_overall=0.689200, mean_diversity=0.210434,
indivs=4120184, elapsed_secs=5339, mean=0.537577, stdev=0.073598, best fit=0.689200, best_overall=0.689200, mean_diversity=0.281403,
indivs=4130282, elapsed_secs=5349, mean=0.593050, stdev=0.101938, best fit=0.689200, best_overall=0.689200, mean_diversity=0.162067,
indivs=4140380, elapsed_secs=5357, mean=0.588876, stdev=0.132775, best fit=0.689200, best_overall=0.689200, mean_diversity=0.364908,
indivs=4150478, elapsed_secs=5367, mean=0.545326, stdev=0.112287, best fit=0.689200, best_overall=0.689200, mean_diversity=0.366018,
indivs=4160576, elapsed_secs=5377, mean=0.549941, stdev=0.102883, best fit=0.689200, best_overall=0.689200, mean_diversity=0.172661,
indivs=4170674, elapsed_secs=5386, mean=0.513295, stdev=0.076987, best fit=0.689200, best_overall=0.689200, mean_diversity=0.171153,
indivs=4180772, elapsed_secs=5398, mean=0.583654, stdev=0.118803, best fit=0.689200, best_overall=0.689200, mean_diversity=0.165392,
indivs=4190870, elapsed_secs=5408, mean=0.513590, stdev=0.199832, best fit=0.689200, best_overall=0.689200, mean_diversity=0.118472,
indivs=4200968, elapsed_secs=5417, mean=0.610511, stdev=0.097589, best fit=0.689200, best_overall=0.689200, mean_diversity=0.210992,
indivs=4211066, elapsed_secs=5427, mean=0.550674, stdev=0.158820, best fit=0.689200, best_overall=0.689200, mean_diversity=0.136324,
indivs=4221164, elapsed_secs=5436, mean=0.612446, stdev=0.109047, best fit=0.689200, best_overall=0.689200, mean_diversity=0.082917,
indivs=4231262, elapsed_secs=5448, mean=0.501892, stdev=0.018825, best fit=0.689200, best_overall=0.689200, mean_diversity=0.120423,
indivs=4241360, elapsed_secs=5457, mean=0.488983, stdev=0.112674, best fit=0.689200, best_overall=0.689200, mean_diversity=0.191373,
indivs=4251458, elapsed_secs=5466, mean=0.531611, stdev=0.107896, best fit=0.689200, best_overall=0.689200, mean_diversity=0.330103,
indivs=4261556, elapsed_secs=5475, mean=0.550146, stdev=0.126409, best fit=0.689200, best_overall=0.689200, mean_diversity=0.090987,
indivs=4271654, elapsed_secs=5482, mean=0.582824, stdev=0.087745, best fit=0.689200, best_overall=0.689200, mean_diversity=0.293041,
indivs=4281752, elapsed_secs=5492, mean=0.526916, stdev=0.149081, best fit=0.689200, best_overall=0.689200, mean_diversity=0.360360,
indivs=4291850, elapsed_secs=5501, mean=0.595819, stdev=0.109063, best fit=0.689200, best_overall=0.689200, mean_diversity=0.095411,
indivs=4301948, elapsed_secs=5511, mean=0.516024, stdev=0.078314, best fit=0.689200, best_overall=0.689200, mean_diversity=0.322562,
indivs=4312046, elapsed_secs=5519, mean=0.472041, stdev=0.160670, best fit=0.689200, best_overall=0.689200, mean_diversity=0.154636,
indivs=4322144, elapsed_secs=5528, mean=0.600901, stdev=0.120456, best fit=0.689200, best_overall=0.689200, mean_diversity=0.239283,
indivs=4332242, elapsed_secs=5538, mean=0.583910, stdev=0.092530, best fit=0.689200, best_overall=0.689200, mean_diversity=0.194865,
indivs=4342340, elapsed_secs=5547, mean=0.529354, stdev=0.123412, best fit=0.689200, best_overall=0.689200, mean_diversity=0.361063,
indivs=4352438, elapsed_secs=5556, mean=0.526375, stdev=0.156716, best fit=0.689200, best_overall=0.689200, mean_diversity=0.317491,
indivs=4362536, elapsed_secs=5565, mean=0.569722, stdev=0.089558, best fit=0.689200, best_overall=0.689200, mean_diversity=0.351957,
indivs=4372634, elapsed_secs=5578, mean=0.523268, stdev=0.102124, best fit=0.689200, best_overall=0.689200, mean_diversity=0.261133,
indivs=4382732, elapsed_secs=5589, mean=0.606158, stdev=0.089775, best fit=0.689200, best_overall=0.689200, mean_diversity=0.139148,
indivs=4392830, elapsed_secs=5598, mean=0.505797, stdev=0.028898, best fit=0.689200, best_overall=0.689200, mean_diversity=0.242812,
indivs=4402928, elapsed_secs=5607, mean=0.617994, stdev=0.121980, best fit=0.689200, best_overall=0.689200, mean_diversity=0.135353,
indivs=4413026, elapsed_secs=5616, mean=0.606109, stdev=0.105976, best fit=0.689200, best_overall=0.689200, mean_diversity=0.168564,
indivs=4423124, elapsed_secs=5623, mean=0.617646, stdev=0.119589, best fit=0.689200, best_overall=0.689200, mean_diversity=0.110412,
indivs=4433222, elapsed_secs=5634, mean=0.496865, stdev=0.114140, best fit=0.689200, best_overall=0.689200, mean_diversity=0.188535,
indivs=4443320, elapsed_secs=5644, mean=0.502343, stdev=0.062056, best fit=0.689200, best_overall=0.689200, mean_diversity=0.152043,
indivs=4453418, elapsed_secs=5652, mean=0.508889, stdev=0.123037, best fit=0.689200, best_overall=0.689200, mean_diversity=0.076710,
indivs=4463516, elapsed_secs=5662, mean=0.592984, stdev=0.121675, best fit=0.689200, best_overall=0.689200, mean_diversity=0.216392,
indivs=4473614, elapsed_secs=5669, mean=0.580413, stdev=0.121915, best fit=0.689200, best_overall=0.689200, mean_diversity=0.225735,
indivs=4483712, elapsed_secs=5679, mean=0.593569, stdev=0.168228, best fit=0.689200, best_overall=0.689200, mean_diversity=0.056452,
indivs=4493810, elapsed_secs=5687, mean=0.511942, stdev=0.086645, best fit=0.689200, best_overall=0.689200, mean_diversity=0.205144,
indivs=4503908, elapsed_secs=5696, mean=0.561569, stdev=0.103539, best fit=0.689200, best_overall=0.689200, mean_diversity=0.379522,
indivs=4514006, elapsed_secs=5706, mean=0.530297, stdev=0.137221, best fit=0.689200, best_overall=0.689200, mean_diversity=0.123543,
indivs=4524104, elapsed_secs=5716, mean=0.557360, stdev=0.083386, best fit=0.689200, best_overall=0.689200, mean_diversity=0.202571,
indivs=4534202, elapsed_secs=5726, mean=0.537326, stdev=0.111517, best fit=0.689200, best_overall=0.689200, mean_diversity=0.118952,
indivs=4544300, elapsed_secs=5736, mean=0.528629, stdev=0.067980, best fit=0.689200, best_overall=0.689200, mean_diversity=0.257861,
indivs=4554398, elapsed_secs=5745, mean=0.577746, stdev=0.116974, best fit=0.689200, best_overall=0.689200, mean_diversity=0.199978,
indivs=4564496, elapsed_secs=5754, mean=0.496793, stdev=0.053373, best fit=0.689200, best_overall=0.689200, mean_diversity=0.314665,
indivs=4574594, elapsed_secs=5763, mean=0.482997, stdev=0.099873, best fit=0.689200, best_overall=0.689200, mean_diversity=0.194189,
indivs=4584692, elapsed_secs=5773, mean=0.518068, stdev=0.098715, best fit=0.689200, best_overall=0.689200, mean_diversity=0.244511,
indivs=4594790, elapsed_secs=5783, mean=0.514097, stdev=0.141174, best fit=0.689200, best_overall=0.689200, mean_diversity=0.324245,
indivs=4604888, elapsed_secs=5792, mean=0.580718, stdev=0.133855, best fit=0.689200, best_overall=0.689200, mean_diversity=0.301779,
indivs=4614986, elapsed_secs=5800, mean=0.598124, stdev=0.081755, best fit=0.689200, best_overall=0.689200, mean_diversity=0.102182,
indivs=4625084, elapsed_secs=5810, mean=0.517690, stdev=0.076761, best fit=0.689200, best_overall=0.689200, mean_diversity=0.500546,
indivs=4635182, elapsed_secs=5822, mean=0.585482, stdev=0.092159, best fit=0.689200, best_overall=0.689200, mean_diversity=0.231043,
indivs=4645280, elapsed_secs=5831, mean=0.521530, stdev=0.058780, best fit=0.689200, best_overall=0.689200, mean_diversity=0.248889,
indivs=4655378, elapsed_secs=5840, mean=0.598970, stdev=0.120704, best fit=0.689200, best_overall=0.689200, mean_diversity=0.051309,
indivs=4665476, elapsed_secs=5849, mean=0.566160, stdev=0.119044, best fit=0.689200, best_overall=0.689200, mean_diversity=0.183062,
indivs=4675574, elapsed_secs=5859, mean=0.498661, stdev=0.056400, best fit=0.689200, best_overall=0.689200, mean_diversity=0.075985,
indivs=4685672, elapsed_secs=5868, mean=0.535842, stdev=0.109843, best fit=0.689200, best_overall=0.689200, mean_diversity=0.200860,
indivs=4695770, elapsed_secs=5880, mean=0.591792, stdev=0.108968, best fit=0.689200, best_overall=0.689200, mean_diversity=0.152218,
indivs=4705868, elapsed_secs=5890, mean=0.545003, stdev=0.193873, best fit=0.689200, best_overall=0.689200, mean_diversity=0.170749,
indivs=4715966, elapsed_secs=5901, mean=0.550952, stdev=0.099668, best fit=0.689200, best_overall=0.689200, mean_diversity=0.179213,
indivs=4726064, elapsed_secs=5913, mean=0.575911, stdev=0.128349, best fit=0.689200, best_overall=0.689200, mean_diversity=0.283026,
indivs=4736162, elapsed_secs=5922, mean=0.514560, stdev=0.060278, best fit=0.689200, best_overall=0.689200, mean_diversity=0.227692,
indivs=4746260, elapsed_secs=5930, mean=0.527216, stdev=0.107847, best fit=0.689200, best_overall=0.689200, mean_diversity=0.141197,
indivs=4756358, elapsed_secs=5942, mean=0.603215, stdev=0.063027, best fit=0.689200, best_overall=0.689200, mean_diversity=0.341250,
indivs=4766456, elapsed_secs=5951, mean=0.550063, stdev=0.112562, best fit=0.689200, best_overall=0.689200, mean_diversity=0.319639,
indivs=4776554, elapsed_secs=5960, mean=0.510524, stdev=0.092829, best fit=0.689200, best_overall=0.689200, mean_diversity=0.246175,
indivs=4786652, elapsed_secs=5969, mean=0.594886, stdev=0.128147, best fit=0.689200, best_overall=0.689200, mean_diversity=0.215410,
indivs=4796750, elapsed_secs=5980, mean=0.558997, stdev=0.163704, best fit=0.689200, best_overall=0.689200, mean_diversity=0.397102,
indivs=4806848, elapsed_secs=5989, mean=0.516983, stdev=0.155654, best fit=0.689200, best_overall=0.689200, mean_diversity=0.148462,
indivs=4816946, elapsed_secs=5998, mean=0.496892, stdev=0.053370, best fit=0.689200, best_overall=0.689200, mean_diversity=0.107406,
indivs=4827044, elapsed_secs=6009, mean=0.577926, stdev=0.067167, best fit=0.689200, best_overall=0.689200, mean_diversity=0.393696,
indivs=4837142, elapsed_secs=6017, mean=0.616244, stdev=0.133843, best fit=0.689200, best_overall=0.689200, mean_diversity=0.207390,
indivs=4847240, elapsed_secs=6026, mean=0.560472, stdev=0.106428, best fit=0.689200, best_overall=0.689200, mean_diversity=0.100167,
indivs=4857338, elapsed_secs=6035, mean=0.608844, stdev=0.121290, best fit=0.689200, best_overall=0.689200, mean_diversity=0.267285,
indivs=4867436, elapsed_secs=6044, mean=0.583445, stdev=0.160682, best fit=0.689200, best_overall=0.689200, mean_diversity=0.182025,
indivs=4877534, elapsed_secs=6053, mean=0.569862, stdev=0.115604, best fit=0.689200, best_overall=0.689200, mean_diversity=0.084215,
indivs=4887632, elapsed_secs=6063, mean=0.551614, stdev=0.129638, best fit=0.689200, best_overall=0.689200, mean_diversity=0.164182,
indivs=4897730, elapsed_secs=6073, mean=0.512061, stdev=0.185201, best fit=0.689200, best_overall=0.689200, mean_diversity=0.167792,
indivs=4907828, elapsed_secs=6085, mean=0.502027, stdev=0.034213, best fit=0.689200, best_overall=0.689200, mean_diversity=0.071263,
indivs=4917926, elapsed_secs=6096, mean=0.512120, stdev=0.088768, best fit=0.689200, best_overall=0.689200, mean_diversity=0.197810,
indivs=4928024, elapsed_secs=6106, mean=0.567100, stdev=0.075768, best fit=0.689200, best_overall=0.689200, mean_diversity=0.211975,
indivs=4938122, elapsed_secs=6113, mean=0.617586, stdev=0.119335, best fit=0.689200, best_overall=0.689200, mean_diversity=0.132389,
indivs=4948220, elapsed_secs=6123, mean=0.511475, stdev=0.111192, best fit=0.689200, best_overall=0.689200, mean_diversity=0.306586,
indivs=4958318, elapsed_secs=6132, mean=0.504592, stdev=0.115192, best fit=0.689200, best_overall=0.689200, mean_diversity=0.219114,
indivs=4968416, elapsed_secs=6141, mean=0.497676, stdev=0.117575, best fit=0.689200, best_overall=0.689200, mean_diversity=0.189427,
indivs=4978514, elapsed_secs=6150, mean=0.612385, stdev=0.168047, best fit=0.689200, best_overall=0.689200, mean_diversity=0.102978,
indivs=4988612, elapsed_secs=6161, mean=0.607953, stdev=0.105404, best fit=0.689200, best_overall=0.689200, mean_diversity=0.144524,
indivs=4998710, elapsed_secs=6171, mean=0.537517, stdev=0.066454, best fit=0.689200, best_overall=0.689200, mean_diversity=0.290843,
indivs=5008808, elapsed_secs=6181, mean=0.574940, stdev=0.119680, best fit=0.689200, best_overall=0.689200, mean_diversity=0.114134,
indivs=5018906, elapsed_secs=6191, mean=0.576690, stdev=0.122567, best fit=0.689200, best_overall=0.689200, mean_diversity=0.152132,
indivs=5029004, elapsed_secs=6200, mean=0.609520, stdev=0.146058, best fit=0.689200, best_overall=0.689200, mean_diversity=0.184429,
indivs=5039102, elapsed_secs=6209, mean=0.583757, stdev=0.100443, best fit=0.689200, best_overall=0.689200, mean_diversity=0.150320,
indivs=5049200, elapsed_secs=6217, mean=0.493352, stdev=0.094567, best fit=0.689200, best_overall=0.689200, mean_diversity=0.064308,
indivs=5059298, elapsed_secs=6227, mean=0.615788, stdev=0.098739, best fit=0.689200, best_overall=0.689200, mean_diversity=0.083466,
indivs=5069396, elapsed_secs=6237, mean=0.535162, stdev=0.069155, best fit=0.689200, best_overall=0.689200, mean_diversity=0.216310,
indivs=5079494, elapsed_secs=6246, mean=0.500121, stdev=0.023267, best fit=0.689200, best_overall=0.689200, mean_diversity=0.078975,
indivs=5089592, elapsed_secs=6257, mean=0.575503, stdev=0.087097, best fit=0.689200, best_overall=0.689200, mean_diversity=0.265041,
indivs=5099690, elapsed_secs=6266, mean=0.522891, stdev=0.165079, best fit=0.689200, best_overall=0.689200, mean_diversity=0.161766,
indivs=5109788, elapsed_secs=6277, mean=0.520976, stdev=0.059999, best fit=0.689200, best_overall=0.689200, mean_diversity=0.319400,
indivs=5119886, elapsed_secs=6286, mean=0.523147, stdev=0.077947, best fit=0.689200, best_overall=0.689200, mean_diversity=0.244063,
indivs=5129984, elapsed_secs=6296, mean=0.546575, stdev=0.076342, best fit=0.689200, best_overall=0.689200, mean_diversity=0.438425,
indivs=5140082, elapsed_secs=6306, mean=0.559363, stdev=0.103031, best fit=0.689200, best_overall=0.689200, mean_diversity=0.237814,
indivs=5150180, elapsed_secs=6316, mean=0.494428, stdev=0.074830, best fit=0.689200, best_overall=0.689200, mean_diversity=0.136992,
indivs=5160278, elapsed_secs=6326, mean=0.486771, stdev=0.105748, best fit=0.689200, best_overall=0.689200, mean_diversity=0.180333,
indivs=5170376, elapsed_secs=6337, mean=0.580379, stdev=0.138789, best fit=0.689200, best_overall=0.689200, mean_diversity=0.331370,
indivs=5180474, elapsed_secs=6347, mean=0.588428, stdev=0.165918, best fit=0.689200, best_overall=0.689200, mean_diversity=0.076446,
indivs=5190572, elapsed_secs=6357, mean=0.546478, stdev=0.116438, best fit=0.689200, best_overall=0.689200, mean_diversity=0.339300,
indivs=5200670, elapsed_secs=6366, mean=0.594791, stdev=0.108293, best fit=0.689200, best_overall=0.689200, mean_diversity=0.198725,
indivs=5210768, elapsed_secs=6373, mean=0.503714, stdev=0.026003, best fit=0.689200, best_overall=0.689200, mean_diversity=0.222027,
indivs=5220866, elapsed_secs=6385, mean=0.597789, stdev=0.170826, best fit=0.689200, best_overall=0.689200, mean_diversity=0.220000,
indivs=5230964, elapsed_secs=6396, mean=0.504587, stdev=0.082918, best fit=0.689200, best_overall=0.689200, mean_diversity=0.238855,
indivs=5241062, elapsed_secs=6407, mean=0.552642, stdev=0.066119, best fit=0.689200, best_overall=0.689200, mean_diversity=0.197705,
indivs=5251160, elapsed_secs=6416, mean=0.511235, stdev=0.073124, best fit=0.689200, best_overall=0.689200, mean_diversity=0.133431,
indivs=5261258, elapsed_secs=6425, mean=0.523548, stdev=0.078169, best fit=0.689200, best_overall=0.689200, mean_diversity=0.305776,
indivs=5271356, elapsed_secs=6435, mean=0.594206, stdev=0.085363, best fit=0.689200, best_overall=0.689200, mean_diversity=0.192385,
indivs=5281454, elapsed_secs=6444, mean=0.543188, stdev=0.139343, best fit=0.689200, best_overall=0.689200, mean_diversity=0.179415,
indivs=5291552, elapsed_secs=6453, mean=0.546042, stdev=0.151039, best fit=0.689200, best_overall=0.689200, mean_diversity=0.188675,
indivs=5301650, elapsed_secs=6462, mean=0.543079, stdev=0.084568, best fit=0.689200, best_overall=0.689200, mean_diversity=0.208464,
indivs=5311748, elapsed_secs=6472, mean=0.598894, stdev=0.122285, best fit=0.689200, best_overall=0.689200, mean_diversity=0.264471,
indivs=5321846, elapsed_secs=6483, mean=0.525382, stdev=0.063090, best fit=0.689200, best_overall=0.689200, mean_diversity=0.309954,
indivs=5331944, elapsed_secs=6494, mean=0.525303, stdev=0.143793, best fit=0.689200, best_overall=0.689200, mean_diversity=0.448766,
indivs=5342042, elapsed_secs=6506, mean=0.598815, stdev=0.148942, best fit=0.689200, best_overall=0.689200, mean_diversity=0.112023,
indivs=5352140, elapsed_secs=6517, mean=0.584857, stdev=0.105007, best fit=0.689200, best_overall=0.689200, mean_diversity=0.231852,
indivs=5362238, elapsed_secs=6525, mean=0.509138, stdev=0.039838, best fit=0.689200, best_overall=0.689200, mean_diversity=0.140434,
indivs=5372336, elapsed_secs=6536, mean=0.595460, stdev=0.128490, best fit=0.689200, best_overall=0.689200, mean_diversity=0.322800,
indivs=5382434, elapsed_secs=6546, mean=0.539332, stdev=0.076389, best fit=0.689200, best_overall=0.689200, mean_diversity=0.212833,
indivs=5392532, elapsed_secs=6554, mean=0.556159, stdev=0.082698, best fit=0.689200, best_overall=0.689200, mean_diversity=0.230189,
indivs=5402630, elapsed_secs=6563, mean=0.501210, stdev=0.019905, best fit=0.689200, best_overall=0.689200, mean_diversity=0.066374,
indivs=5412728, elapsed_secs=6571, mean=0.551436, stdev=0.072668, best fit=0.689200, best_overall=0.689200, mean_diversity=0.149893,
indivs=5422826, elapsed_secs=6578, mean=0.526198, stdev=0.087078, best fit=0.689200, best_overall=0.689200, mean_diversity=0.207107,
indivs=5432924, elapsed_secs=6588, mean=0.458849, stdev=0.161507, best fit=0.689200, best_overall=0.689200, mean_diversity=0.244137,
indivs=5443022, elapsed_secs=6596, mean=0.506318, stdev=0.101997, best fit=0.689200, best_overall=0.689200, mean_diversity=0.397714,
indivs=5453120, elapsed_secs=6605, mean=0.497103, stdev=0.225325, best fit=0.689200, best_overall=0.689200, mean_diversity=0.161285,
indivs=5463218, elapsed_secs=6616, mean=0.617334, stdev=0.102734, best fit=0.689200, best_overall=0.689200, mean_diversity=0.185909,
indivs=5473316, elapsed_secs=6626, mean=0.560416, stdev=0.129644, best fit=0.689200, best_overall=0.689200, mean_diversity=0.145337,
indivs=5483414, elapsed_secs=6637, mean=0.491346, stdev=0.118915, best fit=0.689200, best_overall=0.689200, mean_diversity=0.153168,
indivs=5493512, elapsed_secs=6646, mean=0.516738, stdev=0.097820, best fit=0.689200, best_overall=0.689200, mean_diversity=0.189262,
indivs=5503610, elapsed_secs=6655, mean=0.636312, stdev=0.077750, best fit=0.689200, best_overall=0.689200, mean_diversity=0.107913,
indivs=5513708, elapsed_secs=6664, mean=0.536595, stdev=0.058955, best fit=0.689200, best_overall=0.689200, mean_diversity=0.268412,
indivs=5523806, elapsed_secs=6673, mean=0.540020, stdev=0.080605, best fit=0.689200, best_overall=0.689200, mean_diversity=0.170917,
indivs=5533904, elapsed_secs=6682, mean=0.509789, stdev=0.158846, best fit=0.689200, best_overall=0.689200, mean_diversity=0.236606,
indivs=5544002, elapsed_secs=6692, mean=0.612122, stdev=0.137752, best fit=0.689200, best_overall=0.689200, mean_diversity=0.082607,
indivs=5554100, elapsed_secs=6701, mean=0.613175, stdev=0.093958, best fit=0.689200, best_overall=0.689200, mean_diversity=0.073548,
indivs=5564198, elapsed_secs=6711, mean=0.580887, stdev=0.111659, best fit=0.689200, best_overall=0.689200, mean_diversity=0.179815,
indivs=5574296, elapsed_secs=6720, mean=0.474422, stdev=0.121947, best fit=0.689200, best_overall=0.689200, mean_diversity=0.252730,
indivs=5584394, elapsed_secs=6731, mean=0.591746, stdev=0.157010, best fit=0.689200, best_overall=0.689200, mean_diversity=0.273365,
indivs=5594492, elapsed_secs=6740, mean=0.584892, stdev=0.058999, best fit=0.689200, best_overall=0.689200, mean_diversity=0.284618,
indivs=5604590, elapsed_secs=6749, mean=0.512610, stdev=0.038437, best fit=0.689200, best_overall=0.689200, mean_diversity=0.142222,
indivs=5614688, elapsed_secs=6758, mean=0.570381, stdev=0.102957, best fit=0.689200, best_overall=0.689200, mean_diversity=0.249458,
indivs=5624786, elapsed_secs=6768, mean=0.563240, stdev=0.077737, best fit=0.689200, best_overall=0.689200, mean_diversity=0.135432,
indivs=5634884, elapsed_secs=6778, mean=0.495221, stdev=0.122291, best fit=0.689200, best_overall=0.689200, mean_diversity=0.160990,
indivs=5644982, elapsed_secs=6789, mean=0.554571, stdev=0.145215, best fit=0.689200, best_overall=0.689200, mean_diversity=0.185926,
indivs=5655080, elapsed_secs=6798, mean=0.648326, stdev=0.071158, best fit=0.689200, best_overall=0.689200, mean_diversity=0.091074,
indivs=5665178, elapsed_secs=6808, mean=0.541064, stdev=0.096120, best fit=0.689200, best_overall=0.689200, mean_diversity=0.169866,
indivs=5675276, elapsed_secs=6820, mean=0.535914, stdev=0.055874, best fit=0.689200, best_overall=0.689200, mean_diversity=0.213735,
indivs=5685374, elapsed_secs=6828, mean=0.535696, stdev=0.103149, best fit=0.689200, best_overall=0.689200, mean_diversity=0.195333,
indivs=5695472, elapsed_secs=6839, mean=0.492788, stdev=0.068674, best fit=0.689200, best_overall=0.689200, mean_diversity=0.091918,
indivs=5705570, elapsed_secs=6848, mean=0.498706, stdev=0.081603, best fit=0.689200, best_overall=0.689200, mean_diversity=0.185516,
indivs=5715668, elapsed_secs=6857, mean=0.507141, stdev=0.089482, best fit=0.689200, best_overall=0.689200, mean_diversity=0.168891,
indivs=5725766, elapsed_secs=6866, mean=0.570520, stdev=0.169388, best fit=0.689200, best_overall=0.689200, mean_diversity=0.247345,
indivs=5735864, elapsed_secs=6876, mean=0.509786, stdev=0.092602, best fit=0.689200, best_overall=0.689200, mean_diversity=0.182912,
indivs=5745962, elapsed_secs=6887, mean=0.576498, stdev=0.093581, best fit=0.689200, best_overall=0.689200, mean_diversity=0.250546,
indivs=5756060, elapsed_secs=6896, mean=0.542809, stdev=0.058386, best fit=0.689200, best_overall=0.689200, mean_diversity=0.385611,
indivs=5766158, elapsed_secs=6905, mean=0.560089, stdev=0.128969, best fit=0.689200, best_overall=0.689200, mean_diversity=0.191362,
indivs=5776256, elapsed_secs=6913, mean=0.600790, stdev=0.105050, best fit=0.689200, best_overall=0.689200, mean_diversity=0.245184,
indivs=5786354, elapsed_secs=6922, mean=0.599972, stdev=0.109558, best fit=0.689200, best_overall=0.689200, mean_diversity=0.096427,
indivs=5796452, elapsed_secs=6933, mean=0.459676, stdev=0.169007, best fit=0.689200, best_overall=0.689200, mean_diversity=0.355947,
indivs=5806550, elapsed_secs=6943, mean=0.542172, stdev=0.129007, best fit=0.689200, best_overall=0.689200, mean_diversity=0.173617,
indivs=5816648, elapsed_secs=6953, mean=0.572305, stdev=0.066136, best fit=0.689200, best_overall=0.689200, mean_diversity=0.147198,
indivs=5826746, elapsed_secs=6962, mean=0.517503, stdev=0.118226, best fit=0.689200, best_overall=0.689200, mean_diversity=0.273807,
indivs=5836844, elapsed_secs=6971, mean=0.501358, stdev=0.019245, best fit=0.689200, best_overall=0.689200, mean_diversity=0.131862,
indivs=5846942, elapsed_secs=6982, mean=0.518291, stdev=0.121828, best fit=0.689200, best_overall=0.689200, mean_diversity=0.270419,
indivs=5857040, elapsed_secs=6991, mean=0.509078, stdev=0.039579, best fit=0.689200, best_overall=0.689200, mean_diversity=0.087694,
indivs=5867138, elapsed_secs=7001, mean=0.573281, stdev=0.178137, best fit=0.689200, best_overall=0.689200, mean_diversity=0.138403,
indivs=5877236, elapsed_secs=7010, mean=0.487095, stdev=0.105333, best fit=0.689200, best_overall=0.689200, mean_diversity=0.128925,
indivs=5887334, elapsed_secs=7019, mean=0.531942, stdev=0.085417, best fit=0.689200, best_overall=0.689200, mean_diversity=0.136978,
indivs=5897432, elapsed_secs=7030, mean=0.601505, stdev=0.053655, best fit=0.689200, best_overall=0.689200, mean_diversity=0.178507,
indivs=5907530, elapsed_secs=7038, mean=0.539912, stdev=0.064498, best fit=0.689200, best_overall=0.689200, mean_diversity=0.270356,
indivs=5917628, elapsed_secs=7048, mean=0.541713, stdev=0.113055, best fit=0.689200, best_overall=0.689200, mean_diversity=0.211608,
indivs=5927726, elapsed_secs=7058, mean=0.569540, stdev=0.163200, best fit=0.689200, best_overall=0.689200, mean_diversity=0.409477,
indivs=5937824, elapsed_secs=7068, mean=0.546073, stdev=0.081807, best fit=0.689200, best_overall=0.689200, mean_diversity=0.318807,
indivs=5947922, elapsed_secs=7079, mean=0.537048, stdev=0.109934, best fit=0.689200, best_overall=0.689200, mean_diversity=0.086006,
indivs=5958020, elapsed_secs=7089, mean=0.588091, stdev=0.107291, best fit=0.689200, best_overall=0.689200, mean_diversity=0.190977,
indivs=5968118, elapsed_secs=7097, mean=0.532101, stdev=0.127358, best fit=0.689200, best_overall=0.689200, mean_diversity=0.132390,
indivs=5978216, elapsed_secs=7108, mean=0.515263, stdev=0.077898, best fit=0.689200, best_overall=0.689200, mean_diversity=0.299426,
indivs=5988314, elapsed_secs=7118, mean=0.556700, stdev=0.155710, best fit=0.689200, best_overall=0.689200, mean_diversity=0.189371,
indivs=5998412, elapsed_secs=7127, mean=0.559556, stdev=0.098785, best fit=0.689200, best_overall=0.689200, mean_diversity=0.168850,
indivs=6008510, elapsed_secs=7136, mean=0.515054, stdev=0.160374, best fit=0.689200, best_overall=0.689200, mean_diversity=0.277211,
indivs=6018608, elapsed_secs=7146, mean=0.581744, stdev=0.173235, best fit=0.689200, best_overall=0.689200, mean_diversity=0.104427,
indivs=6028706, elapsed_secs=7156, mean=0.624100, stdev=0.103048, best fit=0.689200, best_overall=0.689200, mean_diversity=0.223395,
indivs=6038804, elapsed_secs=7167, mean=0.552054, stdev=0.119907, best fit=0.689200, best_overall=0.689200, mean_diversity=0.282836,
indivs=6048902, elapsed_secs=7177, mean=0.579312, stdev=0.139987, best fit=0.689200, best_overall=0.689200, mean_diversity=0.290561,
indivs=6059000, elapsed_secs=7187, mean=0.587210, stdev=0.135023, best fit=0.689200, best_overall=0.689200, mean_diversity=0.262812,
indivs=6069098, elapsed_secs=7196, mean=0.578709, stdev=0.089854, best fit=0.689200, best_overall=0.689200, mean_diversity=0.098873,
indivs=6079196, elapsed_secs=7206, mean=0.564260, stdev=0.146717, best fit=0.689200, best_overall=0.689200, mean_diversity=0.150679,
indivs=6089294, elapsed_secs=7215, mean=0.576312, stdev=0.105577, best fit=0.689200, best_overall=0.689200, mean_diversity=0.454182,
indivs=6099392, elapsed_secs=7225, mean=0.577754, stdev=0.061085, best fit=0.689200, best_overall=0.689200, mean_diversity=0.243211,
indivs=6109490, elapsed_secs=7235, mean=0.459390, stdev=0.139046, best fit=0.689200, best_overall=0.689200, mean_diversity=0.070558,
indivs=6119588, elapsed_secs=7245, mean=0.553925, stdev=0.082917, best fit=0.689200, best_overall=0.689200, mean_diversity=0.139854,
indivs=6129686, elapsed_secs=7254, mean=0.596395, stdev=0.104583, best fit=0.689200, best_overall=0.689200, mean_diversity=0.213748,
indivs=6139784, elapsed_secs=7264, mean=0.560555, stdev=0.132890, best fit=0.689200, best_overall=0.689200, mean_diversity=0.342166,
indivs=6149882, elapsed_secs=7275, mean=0.512982, stdev=0.141421, best fit=0.689200, best_overall=0.689200, mean_diversity=0.217622,
indivs=6159980, elapsed_secs=7283, mean=0.486392, stdev=0.087737, best fit=0.689200, best_overall=0.689200, mean_diversity=0.113196,
indivs=6170078, elapsed_secs=7292, mean=0.600756, stdev=0.134586, best fit=0.689200, best_overall=0.689200, mean_diversity=0.163383,
indivs=6180176, elapsed_secs=7302, mean=0.550576, stdev=0.130666, best fit=0.689200, best_overall=0.689200, mean_diversity=0.308172,
indivs=6190274, elapsed_secs=7313, mean=0.463038, stdev=0.161173, best fit=0.689200, best_overall=0.689200, mean_diversity=0.096678,
indivs=6200372, elapsed_secs=7325, mean=0.501095, stdev=0.019677, best fit=0.689200, best_overall=0.689200, mean_diversity=0.195144,
indivs=6210470, elapsed_secs=7335, mean=0.625863, stdev=0.131666, best fit=0.689200, best_overall=0.689200, mean_diversity=0.105714,
indivs=6220568, elapsed_secs=7347, mean=0.608484, stdev=0.089401, best fit=0.689200, best_overall=0.689200, mean_diversity=0.145545,
indivs=6230666, elapsed_secs=7357, mean=0.601037, stdev=0.133895, best fit=0.689200, best_overall=0.689200, mean_diversity=0.080269,
indivs=6240764, elapsed_secs=7368, mean=0.612335, stdev=0.134686, best fit=0.689200, best_overall=0.689200, mean_diversity=0.065175,
indivs=6250862, elapsed_secs=7377, mean=0.536762, stdev=0.059081, best fit=0.689200, best_overall=0.689200, mean_diversity=0.347845,
indivs=6260960, elapsed_secs=7386, mean=0.586588, stdev=0.108612, best fit=0.689200, best_overall=0.689200, mean_diversity=0.149243,
indivs=6271058, elapsed_secs=7395, mean=0.555274, stdev=0.103748, best fit=0.689200, best_overall=0.689200, mean_diversity=0.216117,
indivs=6281156, elapsed_secs=7404, mean=0.501020, stdev=0.082418, best fit=0.689200, best_overall=0.689200, mean_diversity=0.128084,
indivs=6291254, elapsed_secs=7414, mean=0.516269, stdev=0.133407, best fit=0.689200, best_overall=0.689200, mean_diversity=0.247367,
indivs=6301352, elapsed_secs=7423, mean=0.560849, stdev=0.113673, best fit=0.689200, best_overall=0.689200, mean_diversity=0.312006,
indivs=6311450, elapsed_secs=7431, mean=0.545929, stdev=0.076896, best fit=0.689200, best_overall=0.689200, mean_diversity=0.181141,
indivs=6321548, elapsed_secs=7442, mean=0.544361, stdev=0.115258, best fit=0.689200, best_overall=0.689200, mean_diversity=0.126828,
indivs=6331646, elapsed_secs=7452, mean=0.534908, stdev=0.092728, best fit=0.689200, best_overall=0.689200, mean_diversity=0.299325,
indivs=6341744, elapsed_secs=7461, mean=0.578970, stdev=0.067678, best fit=0.689200, best_overall=0.689200, mean_diversity=0.260946,
indivs=6351842, elapsed_secs=7472, mean=0.496892, stdev=0.053370, best fit=0.689200, best_overall=0.689200, mean_diversity=0.261760,
indivs=6361940, elapsed_secs=7481, mean=0.561552, stdev=0.064784, best fit=0.689200, best_overall=0.689200, mean_diversity=0.288755,
indivs=6372038, elapsed_secs=7492, mean=0.521007, stdev=0.116931, best fit=0.689200, best_overall=0.689200, mean_diversity=0.163727,
indivs=6382136, elapsed_secs=7500, mean=0.500501, stdev=0.082826, best fit=0.689200, best_overall=0.689200, mean_diversity=0.130660,
indivs=6392234, elapsed_secs=7510, mean=0.557089, stdev=0.148995, best fit=0.689200, best_overall=0.689200, mean_diversity=0.104785,
indivs=6402332, elapsed_secs=7520, mean=0.574892, stdev=0.153603, best fit=0.689200, best_overall=0.689200, mean_diversity=0.102593,
indivs=6412430, elapsed_secs=7532, mean=0.599800, stdev=0.077746, best fit=0.689200, best_overall=0.689200, mean_diversity=0.245043,
indivs=6422528, elapsed_secs=7544, mean=0.531449, stdev=0.081570, best fit=0.689200, best_overall=0.689200, mean_diversity=0.238831,
indivs=6432626, elapsed_secs=7554, mean=0.501390, stdev=0.019520, best fit=0.689200, best_overall=0.689200, mean_diversity=0.165573,
indivs=6442724, elapsed_secs=7563, mean=0.504013, stdev=0.064107, best fit=0.689200, best_overall=0.689200, mean_diversity=0.227034,
indivs=6452822, elapsed_secs=7572, mean=0.580276, stdev=0.102254, best fit=0.689200, best_overall=0.689200, mean_diversity=0.180094,
indivs=6462920, elapsed_secs=7582, mean=0.603490, stdev=0.145384, best fit=0.689200, best_overall=0.689200, mean_diversity=0.096892,
indivs=6473018, elapsed_secs=7591, mean=0.474705, stdev=0.053832, best fit=0.689200, best_overall=0.689200, mean_diversity=0.117754,
indivs=6483116, elapsed_secs=7601, mean=0.567358, stdev=0.090500, best fit=0.689200, best_overall=0.689200, mean_diversity=0.183552,
indivs=6493214, elapsed_secs=7612, mean=0.598928, stdev=0.147533, best fit=0.689200, best_overall=0.689200, mean_diversity=0.090263,
indivs=6503312, elapsed_secs=7623, mean=0.542767, stdev=0.101527, best fit=0.689200, best_overall=0.689200, mean_diversity=0.322882,
indivs=6513410, elapsed_secs=7635, mean=0.580476, stdev=0.133767, best fit=0.689200, best_overall=0.689200, mean_diversity=0.126111,
indivs=6523508, elapsed_secs=7646, mean=0.563188, stdev=0.105765, best fit=0.689200, best_overall=0.689200, mean_diversity=0.274286,
indivs=6533606, elapsed_secs=7657, mean=0.570539, stdev=0.146002, best fit=0.689200, best_overall=0.689200, mean_diversity=0.087612,
indivs=6543704, elapsed_secs=7666, mean=0.621762, stdev=0.100567, best fit=0.689200, best_overall=0.689200, mean_diversity=0.100417,
indivs=6553802, elapsed_secs=7676, mean=0.628990, stdev=0.100563, best fit=0.689200, best_overall=0.689200, mean_diversity=0.231054,
indivs=6563900, elapsed_secs=7686, mean=0.594985, stdev=0.130596, best fit=0.689200, best_overall=0.689200, mean_diversity=0.213138,
indivs=6573998, elapsed_secs=7698, mean=0.586627, stdev=0.089240, best fit=0.689200, best_overall=0.689200, mean_diversity=0.241354,
indivs=6584096, elapsed_secs=7707, mean=0.576606, stdev=0.130671, best fit=0.689200, best_overall=0.689200, mean_diversity=0.219205,
indivs=6594194, elapsed_secs=7718, mean=0.538208, stdev=0.126542, best fit=0.689200, best_overall=0.689200, mean_diversity=0.241925,
indivs=6604292, elapsed_secs=7729, mean=0.473356, stdev=0.154332, best fit=0.689200, best_overall=0.689200, mean_diversity=0.222109,
indivs=6614390, elapsed_secs=7739, mean=0.588279, stdev=0.103784, best fit=0.689200, best_overall=0.689200, mean_diversity=0.092004,
indivs=6624488, elapsed_secs=7746, mean=0.592795, stdev=0.147691, best fit=0.689200, best_overall=0.689200, mean_diversity=0.058132,
indivs=6634586, elapsed_secs=7754, mean=0.583539, stdev=0.064375, best fit=0.689200, best_overall=0.689200, mean_diversity=0.119737,
indivs=6644684, elapsed_secs=7764, mean=0.602655, stdev=0.115796, best fit=0.689200, best_overall=0.689200, mean_diversity=0.234578,
indivs=6654782, elapsed_secs=7774, mean=0.459379, stdev=0.151185, best fit=0.689200, best_overall=0.689200, mean_diversity=0.171435,
indivs=6664880, elapsed_secs=7786, mean=0.561320, stdev=0.112204, best fit=0.689200, best_overall=0.689200, mean_diversity=0.147505,
indivs=6674978, elapsed_secs=7796, mean=0.562245, stdev=0.119567, best fit=0.689200, best_overall=0.689200, mean_diversity=0.318317,
indivs=6685076, elapsed_secs=7803, mean=0.581820, stdev=0.169193, best fit=0.689200, best_overall=0.689200, mean_diversity=0.063568,
indivs=6695174, elapsed_secs=7812, mean=0.561520, stdev=0.077607, best fit=0.689200, best_overall=0.689200, mean_diversity=0.167146,
indivs=6705272, elapsed_secs=7823, mean=0.551688, stdev=0.077600, best fit=0.689200, best_overall=0.689200, mean_diversity=0.219807,
indivs=6715370, elapsed_secs=7834, mean=0.512818, stdev=0.046730, best fit=0.689200, best_overall=0.689200, mean_diversity=0.121178,
indivs=6725468, elapsed_secs=7843, mean=0.523898, stdev=0.096937, best fit=0.689200, best_overall=0.689200, mean_diversity=0.224340,
indivs=6735566, elapsed_secs=7852, mean=0.513084, stdev=0.111268, best fit=0.689200, best_overall=0.689200, mean_diversity=0.350931,
indivs=6745664, elapsed_secs=7862, mean=0.534202, stdev=0.147260, best fit=0.689200, best_overall=0.689200, mean_diversity=0.259332,
indivs=6755762, elapsed_secs=7871, mean=0.614108, stdev=0.117230, best fit=0.689200, best_overall=0.689200, mean_diversity=0.072608,
indivs=6765860, elapsed_secs=7883, mean=0.572815, stdev=0.148979, best fit=0.689200, best_overall=0.689200, mean_diversity=0.124886,
indivs=6775958, elapsed_secs=7892, mean=0.501350, stdev=0.019257, best fit=0.689200, best_overall=0.689200, mean_diversity=0.066614,
indivs=6786056, elapsed_secs=7903, mean=0.529204, stdev=0.121122, best fit=0.689200, best_overall=0.689200, mean_diversity=0.346712,
indivs=6796154, elapsed_secs=7915, mean=0.501892, stdev=0.018825, best fit=0.689200, best_overall=0.689200, mean_diversity=0.092927,
indivs=6806252, elapsed_secs=7925, mean=0.501892, stdev=0.018825, best fit=0.689200, best_overall=0.689200, mean_diversity=0.049502,
indivs=6816350, elapsed_secs=7937, mean=0.574336, stdev=0.105028, best fit=0.689200, best_overall=0.689200, mean_diversity=0.239021,
indivs=6826448, elapsed_secs=7947, mean=0.507451, stdev=0.032438, best fit=0.689200, best_overall=0.689200, mean_diversity=0.146212,
indivs=6836546, elapsed_secs=7955, mean=0.569612, stdev=0.117990, best fit=0.689200, best_overall=0.689200, mean_diversity=0.197534,
indivs=6846644, elapsed_secs=7964, mean=0.579935, stdev=0.140194, best fit=0.689200, best_overall=0.689200, mean_diversity=0.170932,
indivs=6856742, elapsed_secs=7973, mean=0.518526, stdev=0.080097, best fit=0.689200, best_overall=0.689200, mean_diversity=0.268839,
indivs=6866840, elapsed_secs=7982, mean=0.503699, stdev=0.023381, best fit=0.689200, best_overall=0.689200, mean_diversity=0.103886,
indivs=6876938, elapsed_secs=7994, mean=0.581212, stdev=0.119716, best fit=0.689200, best_overall=0.689200, mean_diversity=0.343235,
indivs=6887036, elapsed_secs=8003, mean=0.522762, stdev=0.152712, best fit=0.689200, best_overall=0.689200, mean_diversity=0.177429,
indivs=6897134, elapsed_secs=8013, mean=0.507383, stdev=0.044603, best fit=0.689200, best_overall=0.689200, mean_diversity=0.318368,
indivs=6907232, elapsed_secs=8023, mean=0.554142, stdev=0.166731, best fit=0.689200, best_overall=0.689200, mean_diversity=0.105860,
indivs=6917330, elapsed_secs=8032, mean=0.564715, stdev=0.160443, best fit=0.689200, best_overall=0.689200, mean_diversity=0.167747,
indivs=6927428, elapsed_secs=8043, mean=0.558134, stdev=0.144197, best fit=0.689200, best_overall=0.689200, mean_diversity=0.220131,
indivs=6937526, elapsed_secs=8053, mean=0.508141, stdev=0.094659, best fit=0.689200, best_overall=0.689200, mean_diversity=0.181805,
indivs=6947624, elapsed_secs=8062, mean=0.612175, stdev=0.105239, best fit=0.689200, best_overall=0.689200, mean_diversity=0.049870,
indivs=6957722, elapsed_secs=8071, mean=0.502079, stdev=0.024383, best fit=0.689200, best_overall=0.689200, mean_diversity=0.049023,
indivs=6967820, elapsed_secs=8081, mean=0.548812, stdev=0.073605, best fit=0.689200, best_overall=0.689200, mean_diversity=0.256021,
indivs=6977918, elapsed_secs=8091, mean=0.556013, stdev=0.080498, best fit=0.689200, best_overall=0.689200, mean_diversity=0.333869,
indivs=6988016, elapsed_secs=8101, mean=0.543007, stdev=0.113967, best fit=0.689200, best_overall=0.689200, mean_diversity=0.326114,
indivs=6998114, elapsed_secs=8111, mean=0.582224, stdev=0.077359, best fit=0.689200, best_overall=0.689200, mean_diversity=0.240408,
indivs=7008212, elapsed_secs=8121, mean=0.548780, stdev=0.189045, best fit=0.689200, best_overall=0.689200, mean_diversity=0.311537,
indivs=7018310, elapsed_secs=8129, mean=0.503633, stdev=0.050386, best fit=0.689200, best_overall=0.689200, mean_diversity=0.160291,
indivs=7028408, elapsed_secs=8139, mean=0.517742, stdev=0.075636, best fit=0.689200, best_overall=0.689200, mean_diversity=0.444816,
indivs=7038506, elapsed_secs=8150, mean=0.581638, stdev=0.121965, best fit=0.689200, best_overall=0.689200, mean_diversity=0.215843,
indivs=7048604, elapsed_secs=8158, mean=0.488053, stdev=0.088821, best fit=0.689200, best_overall=0.689200, mean_diversity=0.436858,
indivs=7058702, elapsed_secs=8167, mean=0.529122, stdev=0.069431, best fit=0.689200, best_overall=0.689200, mean_diversity=0.139924,
indivs=7068800, elapsed_secs=8178, mean=0.609392, stdev=0.115552, best fit=0.689200, best_overall=0.689200, mean_diversity=0.426333,
indivs=7078898, elapsed_secs=8188, mean=0.542885, stdev=0.140672, best fit=0.689200, best_overall=0.689200, mean_diversity=0.120978,
indivs=7088996, elapsed_secs=8197, mean=0.534402, stdev=0.071285, best fit=0.689200, best_overall=0.689200, mean_diversity=0.227797,
indivs=7099094, elapsed_secs=8207, mean=0.494931, stdev=0.069487, best fit=0.689200, best_overall=0.689200, mean_diversity=0.217039,
indivs=7109192, elapsed_secs=8217, mean=0.542590, stdev=0.100686, best fit=0.689200, best_overall=0.689200, mean_diversity=0.191059,
indivs=7119290, elapsed_secs=8226, mean=0.538895, stdev=0.093646, best fit=0.689200, best_overall=0.689200, mean_diversity=0.311502,
indivs=7129388, elapsed_secs=8235, mean=0.502976, stdev=0.126789, best fit=0.689200, best_overall=0.689200, mean_diversity=0.416512,
indivs=7139486, elapsed_secs=8248, mean=0.576954, stdev=0.106578, best fit=0.689200, best_overall=0.689200, mean_diversity=0.205778,
indivs=7149584, elapsed_secs=8257, mean=0.549021, stdev=0.135792, best fit=0.689200, best_overall=0.689200, mean_diversity=0.409561,
indivs=7159682, elapsed_secs=8267, mean=0.560844, stdev=0.075323, best fit=0.689200, best_overall=0.689200, mean_diversity=0.389094,
indivs=7169780, elapsed_secs=8277, mean=0.588245, stdev=0.123187, best fit=0.689200, best_overall=0.689200, mean_diversity=0.272426,
indivs=7179878, elapsed_secs=8284, mean=0.565313, stdev=0.089927, best fit=0.689200, best_overall=0.689200, mean_diversity=0.195261,
indivs=7189976, elapsed_secs=8293, mean=0.498021, stdev=0.128969, best fit=0.689200, best_overall=0.689200, mean_diversity=0.289376,
indivs=7200074, elapsed_secs=8302, mean=0.549100, stdev=0.081548, best fit=0.689200, best_overall=0.689200, mean_diversity=0.292937,
indivs=7210172, elapsed_secs=8311, mean=0.493143, stdev=0.155691, best fit=0.689200, best_overall=0.689200, mean_diversity=0.274000,
indivs=7220270, elapsed_secs=8319, mean=0.576114, stdev=0.087203, best fit=0.689200, best_overall=0.689200, mean_diversity=0.239120,
indivs=7230368, elapsed_secs=8327, mean=0.567606, stdev=0.135834, best fit=0.689200, best_overall=0.689200, mean_diversity=0.145242,
indivs=7240466, elapsed_secs=8335, mean=0.550313, stdev=0.072034, best fit=0.689200, best_overall=0.689200, mean_diversity=0.101875,
indivs=7250564, elapsed_secs=8345, mean=0.580971, stdev=0.088142, best fit=0.689200, best_overall=0.689200, mean_diversity=0.115829,
indivs=7260662, elapsed_secs=8357, mean=0.508618, stdev=0.091119, best fit=0.689200, best_overall=0.689200, mean_diversity=0.399157,
indivs=7270760, elapsed_secs=8365, mean=0.562031, stdev=0.080398, best fit=0.689200, best_overall=0.689200, mean_diversity=0.280175,
indivs=7280858, elapsed_secs=8375, mean=0.621808, stdev=0.105108, best fit=0.689200, best_overall=0.689200, mean_diversity=0.149647,
indivs=7290956, elapsed_secs=8385, mean=0.592389, stdev=0.153106, best fit=0.689200, best_overall=0.689200, mean_diversity=0.192730,
indivs=7301054, elapsed_secs=8394, mean=0.593144, stdev=0.099282, best fit=0.689200, best_overall=0.689200, mean_diversity=0.210988,
indivs=7311152, elapsed_secs=8404, mean=0.534379, stdev=0.088908, best fit=0.689200, best_overall=0.689200, mean_diversity=0.293587,
indivs=7321250, elapsed_secs=8415, mean=0.602270, stdev=0.137095, best fit=0.689200, best_overall=0.689200, mean_diversity=0.201538,
indivs=7331348, elapsed_secs=8424, mean=0.603202, stdev=0.160341, best fit=0.689200, best_overall=0.689200, mean_diversity=0.122113,
indivs=7341446, elapsed_secs=8434, mean=0.535195, stdev=0.107580, best fit=0.689200, best_overall=0.689200, mean_diversity=0.319932,
indivs=7351544, elapsed_secs=8443, mean=0.527123, stdev=0.158491, best fit=0.689200, best_overall=0.689200, mean_diversity=0.303011,
indivs=7361642, elapsed_secs=8453, mean=0.530665, stdev=0.078037, best fit=0.689200, best_overall=0.689200, mean_diversity=0.274390,
indivs=7371740, elapsed_secs=8463, mean=0.506353, stdev=0.076314, best fit=0.689200, best_overall=0.689200, mean_diversity=0.201749,
indivs=7381838, elapsed_secs=8472, mean=0.518959, stdev=0.129964, best fit=0.689200, best_overall=0.689200, mean_diversity=0.093656,
indivs=7391936, elapsed_secs=8482, mean=0.531463, stdev=0.054985, best fit=0.689200, best_overall=0.689200, mean_diversity=0.389742,
indivs=7402034, elapsed_secs=8491, mean=0.586054, stdev=0.087572, best fit=0.689200, best_overall=0.689200, mean_diversity=0.236201,
indivs=7412132, elapsed_secs=8501, mean=0.576770, stdev=0.096003, best fit=0.689200, best_overall=0.689200, mean_diversity=0.319954,
indivs=7422230, elapsed_secs=8512, mean=0.634560, stdev=0.074897, best fit=0.689200, best_overall=0.689200, mean_diversity=0.086274,
indivs=7432328, elapsed_secs=8521, mean=0.547828, stdev=0.160814, best fit=0.689200, best_overall=0.689200, mean_diversity=0.365365,
indivs=7442426, elapsed_secs=8531, mean=0.496140, stdev=0.127939, best fit=0.689200, best_overall=0.689200, mean_diversity=0.368397,
indivs=7452524, elapsed_secs=8540, mean=0.568622, stdev=0.086957, best fit=0.689200, best_overall=0.689200, mean_diversity=0.200185,
indivs=7462622, elapsed_secs=8550, mean=0.531086, stdev=0.068059, best fit=0.689200, best_overall=0.689200, mean_diversity=0.215388,
indivs=7472720, elapsed_secs=8560, mean=0.545222, stdev=0.077878, best fit=0.689200, best_overall=0.689200, mean_diversity=0.141332,
indivs=7482818, elapsed_secs=8568, mean=0.514470, stdev=0.049355, best fit=0.689200, best_overall=0.689200, mean_diversity=0.206000,
indivs=7492916, elapsed_secs=8578, mean=0.572566, stdev=0.156409, best fit=0.689200, best_overall=0.689200, mean_diversity=0.110584,
indivs=7503014, elapsed_secs=8587, mean=0.492303, stdev=0.107645, best fit=0.689200, best_overall=0.689200, mean_diversity=0.352205,
indivs=7513112, elapsed_secs=8595, mean=0.553663, stdev=0.115336, best fit=0.689200, best_overall=0.689200, mean_diversity=0.326242,
indivs=7523210, elapsed_secs=8606, mean=0.539098, stdev=0.076591, best fit=0.689200, best_overall=0.689200, mean_diversity=0.249309,
indivs=7533308, elapsed_secs=8617, mean=0.523970, stdev=0.170897, best fit=0.689200, best_overall=0.689200, mean_diversity=0.370700,
indivs=7543406, elapsed_secs=8626, mean=0.505525, stdev=0.031423, best fit=0.689200, best_overall=0.689200, mean_diversity=0.072909,
indivs=7553504, elapsed_secs=8636, mean=0.519096, stdev=0.056905, best fit=0.689200, best_overall=0.689200, mean_diversity=0.278635,
indivs=7563602, elapsed_secs=8644, mean=0.599293, stdev=0.117376, best fit=0.689200, best_overall=0.689200, mean_diversity=0.153341,
indivs=7573700, elapsed_secs=8653, mean=0.525930, stdev=0.066034, best fit=0.689200, best_overall=0.689200, mean_diversity=0.309917,
indivs=7583798, elapsed_secs=8664, mean=0.571912, stdev=0.110792, best fit=0.689200, best_overall=0.689200, mean_diversity=0.108628,
indivs=7593896, elapsed_secs=8674, mean=0.516582, stdev=0.073350, best fit=0.689200, best_overall=0.689200, mean_diversity=0.235256,
indivs=7603994, elapsed_secs=8684, mean=0.607503, stdev=0.114011, best fit=0.689200, best_overall=0.689200, mean_diversity=0.156401,
indivs=7614092, elapsed_secs=8695, mean=0.545097, stdev=0.149051, best fit=0.689200, best_overall=0.689200, mean_diversity=0.229360,
indivs=7624190, elapsed_secs=8703, mean=0.534473, stdev=0.071267, best fit=0.689200, best_overall=0.689200, mean_diversity=0.216075,
indivs=7634288, elapsed_secs=8715, mean=0.557454, stdev=0.166086, best fit=0.689200, best_overall=0.689200, mean_diversity=0.298272,
indivs=7644386, elapsed_secs=8727, mean=0.472656, stdev=0.112748, best fit=0.689200, best_overall=0.689200, mean_diversity=0.193127,
indivs=7654484, elapsed_secs=8736, mean=0.588607, stdev=0.056512, best fit=0.689200, best_overall=0.689200, mean_diversity=0.122419,
indivs=7664582, elapsed_secs=8745, mean=0.633688, stdev=0.078768, best fit=0.689200, best_overall=0.689200, mean_diversity=0.137736,
indivs=7674680, elapsed_secs=8755, mean=0.590121, stdev=0.067673, best fit=0.689200, best_overall=0.689200, mean_diversity=0.279468,
indivs=7684778, elapsed_secs=8765, mean=0.523684, stdev=0.058840, best fit=0.689200, best_overall=0.689200, mean_diversity=0.175901,
indivs=7694876, elapsed_secs=8776, mean=0.556619, stdev=0.128607, best fit=0.689200, best_overall=0.689200, mean_diversity=0.121410,
indivs=7704974, elapsed_secs=8785, mean=0.547127, stdev=0.098687, best fit=0.689200, best_overall=0.689200, mean_diversity=0.347414,
indivs=7715072, elapsed_secs=8795, mean=0.546914, stdev=0.108564, best fit=0.689200, best_overall=0.689200, mean_diversity=0.188972,
indivs=7725170, elapsed_secs=8806, mean=0.603108, stdev=0.119032, best fit=0.689200, best_overall=0.689200, mean_diversity=0.235141,
indivs=7735268, elapsed_secs=8816, mean=0.491159, stdev=0.104696, best fit=0.689200, best_overall=0.689200, mean_diversity=0.227023,
indivs=7745366, elapsed_secs=8824, mean=0.512526, stdev=0.086399, best fit=0.689200, best_overall=0.689200, mean_diversity=0.126806,
indivs=7755464, elapsed_secs=8836, mean=0.582380, stdev=0.086243, best fit=0.689200, best_overall=0.689200, mean_diversity=0.078914,
indivs=7765562, elapsed_secs=8845, mean=0.520088, stdev=0.060121, best fit=0.689200, best_overall=0.689200, mean_diversity=0.335466,
indivs=7775660, elapsed_secs=8856, mean=0.520943, stdev=0.101484, best fit=0.689200, best_overall=0.689200, mean_diversity=0.266390,
indivs=7785758, elapsed_secs=8865, mean=0.483124, stdev=0.102441, best fit=0.689200, best_overall=0.689200, mean_diversity=0.349843,
indivs=7795856, elapsed_secs=8876, mean=0.584387, stdev=0.097914, best fit=0.689200, best_overall=0.689200, mean_diversity=0.159404,
indivs=7805954, elapsed_secs=8886, mean=0.522212, stdev=0.130713, best fit=0.689200, best_overall=0.689200, mean_diversity=0.139477,
indivs=7816052, elapsed_secs=8896, mean=0.513974, stdev=0.073280, best fit=0.689200, best_overall=0.689200, mean_diversity=0.212601,
indivs=7826150, elapsed_secs=8905, mean=0.582903, stdev=0.088455, best fit=0.689200, best_overall=0.689200, mean_diversity=0.224299,
indivs=7836248, elapsed_secs=8915, mean=0.570024, stdev=0.110703, best fit=0.689200, best_overall=0.689200, mean_diversity=0.289600,
indivs=7846346, elapsed_secs=8924, mean=0.507197, stdev=0.036120, best fit=0.689200, best_overall=0.689200, mean_diversity=0.119213,
indivs=7856444, elapsed_secs=8935, mean=0.491589, stdev=0.125937, best fit=0.689200, best_overall=0.689200, mean_diversity=0.355750,
indivs=7866542, elapsed_secs=8944, mean=0.503788, stdev=0.090061, best fit=0.689200, best_overall=0.689200, mean_diversity=0.179268,
indivs=7876640, elapsed_secs=8953, mean=0.469392, stdev=0.122663, best fit=0.689200, best_overall=0.689200, mean_diversity=0.249640,
indivs=7886738, elapsed_secs=8961, mean=0.468806, stdev=0.153314, best fit=0.689200, best_overall=0.689200, mean_diversity=0.066291,
indivs=7896836, elapsed_secs=8970, mean=0.554109, stdev=0.116830, best fit=0.689200, best_overall=0.689200, mean_diversity=0.421835,
indivs=7906934, elapsed_secs=8981, mean=0.597635, stdev=0.095863, best fit=0.689200, best_overall=0.689200, mean_diversity=0.501832,
indivs=7917032, elapsed_secs=8990, mean=0.590776, stdev=0.085543, best fit=0.689200, best_overall=0.689200, mean_diversity=0.108974,
indivs=7927130, elapsed_secs=8999, mean=0.570086, stdev=0.105721, best fit=0.689200, best_overall=0.689200, mean_diversity=0.169602,
indivs=7937228, elapsed_secs=9011, mean=0.467027, stdev=0.112672, best fit=0.689200, best_overall=0.689200, mean_diversity=0.176234,
indivs=7947326, elapsed_secs=9022, mean=0.529515, stdev=0.089011, best fit=0.689200, best_overall=0.689200, mean_diversity=0.278901,
indivs=7957424, elapsed_secs=9032, mean=0.487322, stdev=0.163046, best fit=0.689200, best_overall=0.689200, mean_diversity=0.229065,
indivs=7967522, elapsed_secs=9042, mean=0.610759, stdev=0.127682, best fit=0.689200, best_overall=0.689200, mean_diversity=0.163422,
indivs=7977620, elapsed_secs=9051, mean=0.540878, stdev=0.095111, best fit=0.689200, best_overall=0.689200, mean_diversity=0.350664,
indivs=7987718, elapsed_secs=9060, mean=0.512193, stdev=0.180923, best fit=0.689200, best_overall=0.689200, mean_diversity=0.129265,
indivs=7997816, elapsed_secs=9073, mean=0.560221, stdev=0.136068, best fit=0.689200, best_overall=0.689200, mean_diversity=0.256721,
indivs=8007914, elapsed_secs=9084, mean=0.565472, stdev=0.170736, best fit=0.689200, best_overall=0.689200, mean_diversity=0.176486,
indivs=8018012, elapsed_secs=9092, mean=0.485893, stdev=0.178275, best fit=0.689200, best_overall=0.689200, mean_diversity=0.187860,
indivs=8028110, elapsed_secs=9100, mean=0.526807, stdev=0.083700, best fit=0.689200, best_overall=0.689200, mean_diversity=0.458571,
indivs=8038208, elapsed_secs=9110, mean=0.553986, stdev=0.082878, best fit=0.689200, best_overall=0.689200, mean_diversity=0.340809,
indivs=8048306, elapsed_secs=9120, mean=0.515905, stdev=0.043479, best fit=0.689200, best_overall=0.689200, mean_diversity=0.187068,
indivs=8058404, elapsed_secs=9130, mean=0.503608, stdev=0.096842, best fit=0.689200, best_overall=0.689200, mean_diversity=0.187373,
indivs=8068502, elapsed_secs=9139, mean=0.584692, stdev=0.158140, best fit=0.689200, best_overall=0.689200, mean_diversity=0.106033,
indivs=8078600, elapsed_secs=9147, mean=0.536576, stdev=0.111746, best fit=0.689200, best_overall=0.689200, mean_diversity=0.352593,
indivs=8088698, elapsed_secs=9158, mean=0.512580, stdev=0.103779, best fit=0.689200, best_overall=0.689200, mean_diversity=0.301624,
indivs=8098796, elapsed_secs=9168, mean=0.577103, stdev=0.094796, best fit=0.689200, best_overall=0.689200, mean_diversity=0.100316,
indivs=8108894, elapsed_secs=9178, mean=0.602007, stdev=0.071229, best fit=0.689200, best_overall=0.689200, mean_diversity=0.263971,
indivs=8118992, elapsed_secs=9188, mean=0.549449, stdev=0.108259, best fit=0.689200, best_overall=0.689200, mean_diversity=0.336210,
indivs=8129090, elapsed_secs=9195, mean=0.505536, stdev=0.031484, best fit=0.689200, best_overall=0.689200, mean_diversity=0.069342,
indivs=8139188, elapsed_secs=9203, mean=0.596378, stdev=0.089143, best fit=0.689200, best_overall=0.689200, mean_diversity=0.168859,
indivs=8149286, elapsed_secs=9213, mean=0.475769, stdev=0.077622, best fit=0.689200, best_overall=0.689200, mean_diversity=0.141449,
indivs=8159384, elapsed_secs=9224, mean=0.527852, stdev=0.122895, best fit=0.689200, best_overall=0.689200, mean_diversity=0.142738,
indivs=8169482, elapsed_secs=9234, mean=0.521684, stdev=0.100433, best fit=0.689200, best_overall=0.689200, mean_diversity=0.197356,
indivs=8179580, elapsed_secs=9243, mean=0.555535, stdev=0.101597, best fit=0.689200, best_overall=0.689200, mean_diversity=0.253088,
indivs=8189678, elapsed_secs=9254, mean=0.478365, stdev=0.092469, best fit=0.689200, best_overall=0.689200, mean_diversity=0.317872,
indivs=8199776, elapsed_secs=9263, mean=0.548784, stdev=0.164145, best fit=0.689200, best_overall=0.689200, mean_diversity=0.343802,
indivs=8209874, elapsed_secs=9273, mean=0.535438, stdev=0.131269, best fit=0.689200, best_overall=0.689200, mean_diversity=0.335650,
indivs=8219972, elapsed_secs=9283, mean=0.576523, stdev=0.132451, best fit=0.689200, best_overall=0.689200, mean_diversity=0.217119,
indivs=8230070, elapsed_secs=9293, mean=0.583915, stdev=0.121868, best fit=0.689200, best_overall=0.689200, mean_diversity=0.133140,
indivs=8240168, elapsed_secs=9304, mean=0.534752, stdev=0.123940, best fit=0.689200, best_overall=0.689200, mean_diversity=0.220474,
indivs=8250266, elapsed_secs=9315, mean=0.574054, stdev=0.132813, best fit=0.689200, best_overall=0.689200, mean_diversity=0.270583,
indivs=8260364, elapsed_secs=9323, mean=0.579616, stdev=0.118459, best fit=0.689200, best_overall=0.689200, mean_diversity=0.121400,
indivs=8270462, elapsed_secs=9333, mean=0.499660, stdev=0.056781, best fit=0.689200, best_overall=0.689200, mean_diversity=0.157127,
indivs=8280560, elapsed_secs=9342, mean=0.534505, stdev=0.148912, best fit=0.689200, best_overall=0.689200, mean_diversity=0.232509,
indivs=8290658, elapsed_secs=9350, mean=0.499880, stdev=0.022565, best fit=0.689200, best_overall=0.689200, mean_diversity=0.296732,
indivs=8300756, elapsed_secs=9360, mean=0.581460, stdev=0.099251, best fit=0.689200, best_overall=0.689200, mean_diversity=0.151776,
indivs=8310854, elapsed_secs=9370, mean=0.496789, stdev=0.053368, best fit=0.689200, best_overall=0.689200, mean_diversity=0.357593,
indivs=8320952, elapsed_secs=9381, mean=0.538727, stdev=0.139405, best fit=0.689200, best_overall=0.689200, mean_diversity=0.148678,
indivs=8331050, elapsed_secs=9391, mean=0.460525, stdev=0.092692, best fit=0.689200, best_overall=0.689200, mean_diversity=0.219691,
indivs=8341148, elapsed_secs=9400, mean=0.505578, stdev=0.087890, best fit=0.689200, best_overall=0.689200, mean_diversity=0.170443,
indivs=8351246, elapsed_secs=9408, mean=0.559487, stdev=0.087427, best fit=0.689200, best_overall=0.689200, mean_diversity=0.310598,
indivs=8361344, elapsed_secs=9419, mean=0.501892, stdev=0.018825, best fit=0.689200, best_overall=0.689200, mean_diversity=0.105133,
indivs=8371442, elapsed_secs=9429, mean=0.613608, stdev=0.103052, best fit=0.689200, best_overall=0.689200, mean_diversity=0.174670,
indivs=8381540, elapsed_secs=9440, mean=0.481366, stdev=0.164786, best fit=0.689200, best_overall=0.689200, mean_diversity=0.207567,
indivs=8391638, elapsed_secs=9449, mean=0.549464, stdev=0.143158, best fit=0.689200, best_overall=0.689200, mean_diversity=0.306660,
indivs=8401736, elapsed_secs=9459, mean=0.567298, stdev=0.088902, best fit=0.689200, best_overall=0.689200, mean_diversity=0.142727,
indivs=8411834, elapsed_secs=9471, mean=0.497476, stdev=0.081090, best fit=0.689200, best_overall=0.689200, mean_diversity=0.317711,
indivs=8421932, elapsed_secs=9480, mean=0.607692, stdev=0.091669, best fit=0.689200, best_overall=0.689200, mean_diversity=0.177423,
indivs=8432030, elapsed_secs=9489, mean=0.558232, stdev=0.083169, best fit=0.689200, best_overall=0.689200, mean_diversity=0.133589,
indivs=8442128, elapsed_secs=9499, mean=0.510023, stdev=0.092260, best fit=0.689200, best_overall=0.689200, mean_diversity=0.206990,
indivs=8452226, elapsed_secs=9509, mean=0.499570, stdev=0.062996, best fit=0.689200, best_overall=0.689200, mean_diversity=0.142874,
indivs=8462324, elapsed_secs=9518, mean=0.487322, stdev=0.075923, best fit=0.689200, best_overall=0.689200, mean_diversity=0.216083,
indivs=8472422, elapsed_secs=9527, mean=0.551156, stdev=0.115710, best fit=0.689200, best_overall=0.689200, mean_diversity=0.246367,
indivs=8482520, elapsed_secs=9537, mean=0.590649, stdev=0.090234, best fit=0.689200, best_overall=0.689200, mean_diversity=0.312222,
indivs=8492618, elapsed_secs=9550, mean=0.505245, stdev=0.085396, best fit=0.689200, best_overall=0.689200, mean_diversity=0.152077,
indivs=8502716, elapsed_secs=9560, mean=0.496805, stdev=0.054277, best fit=0.689200, best_overall=0.689200, mean_diversity=0.183829,
indivs=8512814, elapsed_secs=9570, mean=0.527987, stdev=0.105311, best fit=0.689200, best_overall=0.689200, mean_diversity=0.336437,
indivs=8522912, elapsed_secs=9579, mean=0.501892, stdev=0.018825, best fit=0.689200, best_overall=0.689200, mean_diversity=0.076946,
indivs=8533010, elapsed_secs=9587, mean=0.498578, stdev=0.081639, best fit=0.689200, best_overall=0.689200, mean_diversity=0.159052,
indivs=8543108, elapsed_secs=9597, mean=0.457283, stdev=0.120448, best fit=0.689200, best_overall=0.689200, mean_diversity=0.172985,
indivs=8553206, elapsed_secs=9606, mean=0.528894, stdev=0.115369, best fit=0.689200, best_overall=0.689200, mean_diversity=0.263993,
indivs=8563304, elapsed_secs=9614, mean=0.532311, stdev=0.112079, best fit=0.689200, best_overall=0.689200, mean_diversity=0.191881,
indivs=8573402, elapsed_secs=9623, mean=0.510151, stdev=0.107406, best fit=0.689200, best_overall=0.689200, mean_diversity=0.271491,
indivs=8583500, elapsed_secs=9633, mean=0.531929, stdev=0.139770, best fit=0.689200, best_overall=0.689200, mean_diversity=0.276764,
indivs=8593598, elapsed_secs=9644, mean=0.572403, stdev=0.122483, best fit=0.689200, best_overall=0.689200, mean_diversity=0.316101,
indivs=8603696, elapsed_secs=9654, mean=0.594543, stdev=0.075757, best fit=0.689200, best_overall=0.689200, mean_diversity=0.192058,
indivs=8613794, elapsed_secs=9664, mean=0.501894, stdev=0.018825, best fit=0.689200, best_overall=0.689200, mean_diversity=0.087364,
indivs=8623892, elapsed_secs=9676, mean=0.520422, stdev=0.154132, best fit=0.689200, best_overall=0.689200, mean_diversity=0.296994,
indivs=8633990, elapsed_secs=9686, mean=0.488545, stdev=0.074421, best fit=0.689200, best_overall=0.689200, mean_diversity=0.225688,
indivs=8644088, elapsed_secs=9697, mean=0.545827, stdev=0.098503, best fit=0.689200, best_overall=0.689200, mean_diversity=0.065627,
indivs=8654186, elapsed_secs=9705, mean=0.500091, stdev=0.143090, best fit=0.689200, best_overall=0.689200, mean_diversity=0.166722,
indivs=8664284, elapsed_secs=9715, mean=0.520249, stdev=0.054440, best fit=0.689200, best_overall=0.689200, mean_diversity=0.244359,
indivs=8674382, elapsed_secs=9723, mean=0.579075, stdev=0.151920, best fit=0.689200, best_overall=0.689200, mean_diversity=0.170253,
indivs=8684480, elapsed_secs=9732, mean=0.518946, stdev=0.128820, best fit=0.689200, best_overall=0.689200, mean_diversity=0.148918,
indivs=8694578, elapsed_secs=9741, mean=0.513609, stdev=0.128819, best fit=0.689200, best_overall=0.689200, mean_diversity=0.252211,
indivs=8704676, elapsed_secs=9752, mean=0.595418, stdev=0.146017, best fit=0.689200, best_overall=0.689200, mean_diversity=0.097687,
indivs=8714774, elapsed_secs=9762, mean=0.559210, stdev=0.086056, best fit=0.689200, best_overall=0.689200, mean_diversity=0.148628,
indivs=8724872, elapsed_secs=9773, mean=0.495791, stdev=0.053648, best fit=0.689200, best_overall=0.689200, mean_diversity=0.097556,
indivs=8734970, elapsed_secs=9780, mean=0.479519, stdev=0.099415, best fit=0.689200, best_overall=0.689200, mean_diversity=0.182594,
indivs=8745068, elapsed_secs=9791, mean=0.615048, stdev=0.078948, best fit=0.689200, best_overall=0.689200, mean_diversity=0.075853,
indivs=8755166, elapsed_secs=9801, mean=0.494527, stdev=0.177974, best fit=0.689200, best_overall=0.689200, mean_diversity=0.248509,
indivs=8765264, elapsed_secs=9812, mean=0.581485, stdev=0.092065, best fit=0.689200, best_overall=0.689200, mean_diversity=0.367396,
indivs=8775362, elapsed_secs=9822, mean=0.591490, stdev=0.089962, best fit=0.689200, best_overall=0.689200, mean_diversity=0.065552,
indivs=8785460, elapsed_secs=9830, mean=0.463271, stdev=0.166364, best fit=0.689200, best_overall=0.689200, mean_diversity=0.377946,
indivs=8795558, elapsed_secs=9842, mean=0.542950, stdev=0.115437, best fit=0.689200, best_overall=0.689200, mean_diversity=0.295504,
indivs=8805656, elapsed_secs=9851, mean=0.496907, stdev=0.029648, best fit=0.689200, best_overall=0.689200, mean_diversity=0.084128,
indivs=8815754, elapsed_secs=9861, mean=0.560029, stdev=0.113554, best fit=0.689200, best_overall=0.689200, mean_diversity=0.301685,
indivs=8825852, elapsed_secs=9871, mean=0.545165, stdev=0.107285, best fit=0.689200, best_overall=0.689200, mean_diversity=0.276516,
indivs=8835950, elapsed_secs=9882, mean=0.515170, stdev=0.147568, best fit=0.689200, best_overall=0.689200, mean_diversity=0.228179,
indivs=8846048, elapsed_secs=9892, mean=0.513177, stdev=0.095779, best fit=0.689200, best_overall=0.689200, mean_diversity=0.405833,
indivs=8856146, elapsed_secs=9903, mean=0.579759, stdev=0.135847, best fit=0.689200, best_overall=0.689200, mean_diversity=0.134570,
indivs=8866244, elapsed_secs=9912, mean=0.529966, stdev=0.107332, best fit=0.689200, best_overall=0.689200, mean_diversity=0.265080,
indivs=8876342, elapsed_secs=9921, mean=0.536625, stdev=0.075333, best fit=0.689200, best_overall=0.689200, mean_diversity=0.171471,
indivs=8886440, elapsed_secs=9930, mean=0.520429, stdev=0.055487, best fit=0.689200, best_overall=0.689200, mean_diversity=0.151192,
indivs=8896538, elapsed_secs=9940, mean=0.607925, stdev=0.133462, best fit=0.689200, best_overall=0.689200, mean_diversity=0.201192,
indivs=8906636, elapsed_secs=9949, mean=0.549224, stdev=0.131630, best fit=0.689200, best_overall=0.689200, mean_diversity=0.263052,
indivs=8916734, elapsed_secs=9957, mean=0.459352, stdev=0.154431, best fit=0.689200, best_overall=0.689200, mean_diversity=0.111148,
indivs=8926832, elapsed_secs=9968, mean=0.609122, stdev=0.101274, best fit=0.689200, best_overall=0.689200, mean_diversity=0.227780,
indivs=8936930, elapsed_secs=9979, mean=0.597933, stdev=0.124270, best fit=0.689200, best_overall=0.689200, mean_diversity=0.122164,
indivs=8947028, elapsed_secs=9990, mean=0.577721, stdev=0.125839, best fit=0.689200, best_overall=0.689200, mean_diversity=0.306645,
indivs=8957126, elapsed_secs=10002, mean=0.511401, stdev=0.137740, best fit=0.689200, best_overall=0.689200, mean_diversity=0.229521,
indivs=8967224, elapsed_secs=10014, mean=0.584059, stdev=0.136456, best fit=0.689200, best_overall=0.689200, mean_diversity=0.188239,
indivs=8977322, elapsed_secs=10025, mean=0.514435, stdev=0.049010, best fit=0.689200, best_overall=0.689200, mean_diversity=0.244805,
indivs=8987420, elapsed_secs=10036, mean=0.599881, stdev=0.153838, best fit=0.689200, best_overall=0.689200, mean_diversity=0.119721,
indivs=8997518, elapsed_secs=10047, mean=0.547060, stdev=0.108746, best fit=0.689200, best_overall=0.689200, mean_diversity=0.229352,
indivs=9007616, elapsed_secs=10057, mean=0.630478, stdev=0.115849, best fit=0.689200, best_overall=0.689200, mean_diversity=0.305739,
indivs=9017714, elapsed_secs=10067, mean=0.485489, stdev=0.156761, best fit=0.689200, best_overall=0.689200, mean_diversity=0.421497,
indivs=9027812, elapsed_secs=10077, mean=0.547769, stdev=0.102141, best fit=0.689200, best_overall=0.689200, mean_diversity=0.301783,
indivs=9037910, elapsed_secs=10086, mean=0.510641, stdev=0.069794, best fit=0.689200, best_overall=0.689200, mean_diversity=0.183553,
indivs=9048008, elapsed_secs=10097, mean=0.624779, stdev=0.144221, best fit=0.689200, best_overall=0.689200, mean_diversity=0.027791,
indivs=9058106, elapsed_secs=10107, mean=0.539766, stdev=0.108680, best fit=0.689200, best_overall=0.689200, mean_diversity=0.253950,
indivs=9068204, elapsed_secs=10117, mean=0.594912, stdev=0.118924, best fit=0.689200, best_overall=0.689200, mean_diversity=0.250913,
indivs=9078302, elapsed_secs=10127, mean=0.472053, stdev=0.064429, best fit=0.689200, best_overall=0.689200, mean_diversity=0.094154,
indivs=9088400, elapsed_secs=10135, mean=0.502235, stdev=0.137668, best fit=0.689200, best_overall=0.689200, mean_diversity=0.139298,
indivs=9098498, elapsed_secs=10145, mean=0.525982, stdev=0.138596, best fit=0.689200, best_overall=0.689200, mean_diversity=0.294358,
indivs=9108596, elapsed_secs=10157, mean=0.609474, stdev=0.130892, best fit=0.689200, best_overall=0.689200, mean_diversity=0.113453,
indivs=9118694, elapsed_secs=10169, mean=0.566080, stdev=0.102372, best fit=0.689200, best_overall=0.689200, mean_diversity=0.229629,
indivs=9128792, elapsed_secs=10180, mean=0.521527, stdev=0.115961, best fit=0.689200, best_overall=0.689200, mean_diversity=0.305201,
indivs=9138890, elapsed_secs=10189, mean=0.486623, stdev=0.090093, best fit=0.689200, best_overall=0.689200, mean_diversity=0.086431,
indivs=9148988, elapsed_secs=10199, mean=0.562319, stdev=0.167107, best fit=0.689200, best_overall=0.689200, mean_diversity=0.222249,
indivs=9159086, elapsed_secs=10208, mean=0.538191, stdev=0.117151, best fit=0.689200, best_overall=0.689200, mean_diversity=0.256575,
indivs=9169184, elapsed_secs=10219, mean=0.490217, stdev=0.043821, best fit=0.689200, best_overall=0.689200, mean_diversity=0.116126,
indivs=9179282, elapsed_secs=10228, mean=0.592352, stdev=0.063595, best fit=0.689200, best_overall=0.689200, mean_diversity=0.118135,
indivs=9189380, elapsed_secs=10239, mean=0.580052, stdev=0.085237, best fit=0.689200, best_overall=0.689200, mean_diversity=0.098704,
indivs=9199478, elapsed_secs=10249, mean=0.545943, stdev=0.140597, best fit=0.689200, best_overall=0.689200, mean_diversity=0.258403,
indivs=9209576, elapsed_secs=10259, mean=0.605639, stdev=0.107073, best fit=0.689200, best_overall=0.689200, mean_diversity=0.066144,
indivs=9219674, elapsed_secs=10270, mean=0.478155, stdev=0.157406, best fit=0.689200, best_overall=0.689200, mean_diversity=0.275952,
indivs=9229772, elapsed_secs=10281, mean=0.516285, stdev=0.045462, best fit=0.689200, best_overall=0.689200, mean_diversity=0.177884,
indivs=9239870, elapsed_secs=10292, mean=0.586228, stdev=0.109006, best fit=0.689200, best_overall=0.689200, mean_diversity=0.292445,
indivs=9249968, elapsed_secs=10301, mean=0.552942, stdev=0.136444, best fit=0.689200, best_overall=0.689200, mean_diversity=0.162255,
indivs=9260066, elapsed_secs=10313, mean=0.574764, stdev=0.143087, best fit=0.689200, best_overall=0.689200, mean_diversity=0.096366,
indivs=9270164, elapsed_secs=10323, mean=0.512920, stdev=0.089498, best fit=0.689200, best_overall=0.689200, mean_diversity=0.245624,
indivs=9280262, elapsed_secs=10333, mean=0.596890, stdev=0.147092, best fit=0.689200, best_overall=0.689200, mean_diversity=0.151250,
indivs=9290360, elapsed_secs=10342, mean=0.610974, stdev=0.107747, best fit=0.689200, best_overall=0.689200, mean_diversity=0.301899,
indivs=9300458, elapsed_secs=10351, mean=0.584708, stdev=0.063829, best fit=0.689200, best_overall=0.689200, mean_diversity=0.106438,
indivs=9310556, elapsed_secs=10360, mean=0.580362, stdev=0.108284, best fit=0.689200, best_overall=0.689200, mean_diversity=0.221937,
indivs=9320654, elapsed_secs=10370, mean=0.568666, stdev=0.121539, best fit=0.689200, best_overall=0.689200, mean_diversity=0.087074,
indivs=9330752, elapsed_secs=10382, mean=0.517447, stdev=0.080902, best fit=0.689200, best_overall=0.689200, mean_diversity=0.083117,
indivs=9340850, elapsed_secs=10391, mean=0.491892, stdev=0.072748, best fit=0.689200, best_overall=0.689200, mean_diversity=0.371481,
indivs=9350948, elapsed_secs=10400, mean=0.544810, stdev=0.085751, best fit=0.689200, best_overall=0.689200, mean_diversity=0.294196,
indivs=9361046, elapsed_secs=10411, mean=0.613131, stdev=0.146465, best fit=0.689200, best_overall=0.689200, mean_diversity=0.133709,
indivs=9371144, elapsed_secs=10418, mean=0.577593, stdev=0.066862, best fit=0.689200, best_overall=0.689200, mean_diversity=0.332191,
indivs=9381242, elapsed_secs=10426, mean=0.551054, stdev=0.115248, best fit=0.689200, best_overall=0.689200, mean_diversity=0.136518,
indivs=9391340, elapsed_secs=10438, mean=0.544244, stdev=0.104538, best fit=0.689200, best_overall=0.689200, mean_diversity=0.269625,
indivs=9401438, elapsed_secs=10448, mean=0.512906, stdev=0.075357, best fit=0.689200, best_overall=0.689200, mean_diversity=0.152781,
indivs=9411536, elapsed_secs=10459, mean=0.592681, stdev=0.118174, best fit=0.689200, best_overall=0.689200, mean_diversity=0.250422,
indivs=9421634, elapsed_secs=10469, mean=0.557298, stdev=0.084844, best fit=0.689200, best_overall=0.689200, mean_diversity=0.298550,
indivs=9431732, elapsed_secs=10478, mean=0.532315, stdev=0.094849, best fit=0.689200, best_overall=0.689200, mean_diversity=0.225447,
indivs=9441830, elapsed_secs=10488, mean=0.574162, stdev=0.157153, best fit=0.689200, best_overall=0.689200, mean_diversity=0.167522,
indivs=9451928, elapsed_secs=10498, mean=0.486911, stdev=0.087704, best fit=0.689200, best_overall=0.689200, mean_diversity=0.417484,
indivs=9462026, elapsed_secs=10509, mean=0.469208, stdev=0.064920, best fit=0.689200, best_overall=0.689200, mean_diversity=0.092655,
indivs=9472124, elapsed_secs=10518, mean=0.549781, stdev=0.123063, best fit=0.689200, best_overall=0.689200, mean_diversity=0.244737,
indivs=9482222, elapsed_secs=10528, mean=0.527930, stdev=0.138462, best fit=0.689200, best_overall=0.689200, mean_diversity=0.161266,
indivs=9492320, elapsed_secs=10536, mean=0.558100, stdev=0.140664, best fit=0.689200, best_overall=0.689200, mean_diversity=0.315496,
indivs=9502418, elapsed_secs=10546, mean=0.537974, stdev=0.099039, best fit=0.689200, best_overall=0.689200, mean_diversity=0.373519,
indivs=9512516, elapsed_secs=10557, mean=0.567223, stdev=0.104285, best fit=0.689200, best_overall=0.689200, mean_diversity=0.159719,
indivs=9522614, elapsed_secs=10568, mean=0.547869, stdev=0.107620, best fit=0.689200, best_overall=0.689200, mean_diversity=0.206015,
indivs=9532712, elapsed_secs=10577, mean=0.543564, stdev=0.139041, best fit=0.689200, best_overall=0.689200, mean_diversity=0.320463,
indivs=9542810, elapsed_secs=10587, mean=0.515034, stdev=0.043317, best fit=0.689200, best_overall=0.689200, mean_diversity=0.215922,
indivs=9552908, elapsed_secs=10598, mean=0.586476, stdev=0.133220, best fit=0.689200, best_overall=0.689200, mean_diversity=0.234627,
indivs=9563006, elapsed_secs=10609, mean=0.590298, stdev=0.102967, best fit=0.689200, best_overall=0.689200, mean_diversity=0.244351,
indivs=9573104, elapsed_secs=10619, mean=0.555409, stdev=0.208180, best fit=0.689200, best_overall=0.689200, mean_diversity=0.175870,
indivs=9583202, elapsed_secs=10627, mean=0.588428, stdev=0.179694, best fit=0.689200, best_overall=0.689200, mean_diversity=0.146233,
indivs=9593300, elapsed_secs=10637, mean=0.459927, stdev=0.182775, best fit=0.689200, best_overall=0.689200, mean_diversity=0.211543,
indivs=9603398, elapsed_secs=10646, mean=0.540624, stdev=0.088592, best fit=0.689200, best_overall=0.689200, mean_diversity=0.274831,
indivs=9613496, elapsed_secs=10655, mean=0.601057, stdev=0.107001, best fit=0.689200, best_overall=0.689200, mean_diversity=0.162571,
indivs=9623594, elapsed_secs=10664, mean=0.551086, stdev=0.120358, best fit=0.689200, best_overall=0.689200, mean_diversity=0.302620,
indivs=9633692, elapsed_secs=10671, mean=0.498450, stdev=0.087573, best fit=0.689200, best_overall=0.689200, mean_diversity=0.213848,
indivs=9643790, elapsed_secs=10681, mean=0.596717, stdev=0.113586, best fit=0.689200, best_overall=0.689200, mean_diversity=0.279789,
indivs=9653888, elapsed_secs=10691, mean=0.548394, stdev=0.141295, best fit=0.689200, best_overall=0.689200, mean_diversity=0.230903,
indivs=9663986, elapsed_secs=10699, mean=0.533180, stdev=0.075121, best fit=0.689200, best_overall=0.689200, mean_diversity=0.263753,
indivs=9674084, elapsed_secs=10709, mean=0.545896, stdev=0.094866, best fit=0.689200, best_overall=0.689200, mean_diversity=0.295588,
indivs=9684182, elapsed_secs=10719, mean=0.546280, stdev=0.158399, best fit=0.689200, best_overall=0.689200, mean_diversity=0.263804,
indivs=9694280, elapsed_secs=10729, mean=0.500266, stdev=0.058541, best fit=0.689200, best_overall=0.689200, mean_diversity=0.228759,
indivs=9704378, elapsed_secs=10739, mean=0.547170, stdev=0.103809, best fit=0.689200, best_overall=0.689200, mean_diversity=0.505810,
indivs=9714476, elapsed_secs=10749, mean=0.585178, stdev=0.109323, best fit=0.689200, best_overall=0.689200, mean_diversity=0.208479,
indivs=9724574, elapsed_secs=10759, mean=0.502104, stdev=0.019001, best fit=0.689200, best_overall=0.689200, mean_diversity=0.124475,
indivs=9734672, elapsed_secs=10768, mean=0.599483, stdev=0.115957, best fit=0.689200, best_overall=0.689200, mean_diversity=0.073193,
indivs=9744770, elapsed_secs=10779, mean=0.520269, stdev=0.090767, best fit=0.689200, best_overall=0.689200, mean_diversity=0.203606,
indivs=9754868, elapsed_secs=10789, mean=0.643872, stdev=0.071993, best fit=0.689200, best_overall=0.689200, mean_diversity=0.047620,
indivs=9764966, elapsed_secs=10797, mean=0.527905, stdev=0.053806, best fit=0.689200, best_overall=0.689200, mean_diversity=0.361551,
indivs=9775064, elapsed_secs=10807, mean=0.568156, stdev=0.105789, best fit=0.689200, best_overall=0.689200, mean_diversity=0.287627,
indivs=9785162, elapsed_secs=10817, mean=0.488928, stdev=0.104917, best fit=0.689200, best_overall=0.689200, mean_diversity=0.188584,
indivs=9795260, elapsed_secs=10827, mean=0.566857, stdev=0.134197, best fit=0.689200, best_overall=0.689200, mean_diversity=0.122398,
indivs=9805358, elapsed_secs=10836, mean=0.620766, stdev=0.086436, best fit=0.689200, best_overall=0.689200, mean_diversity=0.317831,
indivs=9815456, elapsed_secs=10844, mean=0.492316, stdev=0.091558, best fit=0.689200, best_overall=0.689200, mean_diversity=0.108494,
indivs=9825554, elapsed_secs=10853, mean=0.558052, stdev=0.100221, best fit=0.689200, best_overall=0.689200, mean_diversity=0.327854,
indivs=9835652, elapsed_secs=10861, mean=0.544816, stdev=0.058157, best fit=0.689200, best_overall=0.689200, mean_diversity=0.304425,
indivs=9845750, elapsed_secs=10871, mean=0.456748, stdev=0.145580, best fit=0.689200, best_overall=0.689200, mean_diversity=0.252420,
indivs=9855848, elapsed_secs=10880, mean=0.581587, stdev=0.081752, best fit=0.689200, best_overall=0.689200, mean_diversity=0.200600,
indivs=9865946, elapsed_secs=10890, mean=0.496892, stdev=0.053370, best fit=0.689200, best_overall=0.689200, mean_diversity=0.070779,
indivs=9876044, elapsed_secs=10900, mean=0.598687, stdev=0.108349, best fit=0.689200, best_overall=0.689200, mean_diversity=0.041080,
indivs=9886142, elapsed_secs=10911, mean=0.558448, stdev=0.064152, best fit=0.689200, best_overall=0.689200, mean_diversity=0.214159,
indivs=9896240, elapsed_secs=10920, mean=0.526834, stdev=0.150517, best fit=0.689200, best_overall=0.689200, mean_diversity=0.256905,
indivs=9906338, elapsed_secs=10930, mean=0.505473, stdev=0.085614, best fit=0.689200, best_overall=0.689200, mean_diversity=0.161642,
indivs=9916436, elapsed_secs=10938, mean=0.498651, stdev=0.067591, best fit=0.689200, best_overall=0.689200, mean_diversity=0.146467,
indivs=9926534, elapsed_secs=10948, mean=0.582202, stdev=0.057020, best fit=0.689200, best_overall=0.689200, mean_diversity=0.193135,
indivs=9936632, elapsed_secs=10956, mean=0.501950, stdev=0.018828, best fit=0.689200, best_overall=0.689200, mean_diversity=0.071867,
indivs=9946730, elapsed_secs=10970, mean=0.628438, stdev=0.117076, best fit=0.689200, best_overall=0.689200, mean_diversity=0.059679,
indivs=9956828, elapsed_secs=10981, mean=0.580283, stdev=0.082953, best fit=0.689200, best_overall=0.689200, mean_diversity=0.171967,
indivs=9966926, elapsed_secs=10989, mean=0.622189, stdev=0.119596, best fit=0.689200, best_overall=0.689200, mean_diversity=0.139780,
indivs=9977024, elapsed_secs=10997, mean=0.506477, stdev=0.059955, best fit=0.689200, best_overall=0.689200, mean_diversity=0.201444,
indivs=9987122, elapsed_secs=11007, mean=0.499087, stdev=0.046042, best fit=0.689200, best_overall=0.689200, mean_diversity=0.083876,
indivs=9997220, elapsed_secs=11015, mean=0.519874, stdev=0.152165, best fit=0.689200, best_overall=0.689200, mean_diversity=0.216174,
indivs=10007318, elapsed_secs=11025, mean=0.554476, stdev=0.089522, best fit=0.689200, best_overall=0.689200, mean_diversity=0.142337,
indivs=10017416, elapsed_secs=11033, mean=0.559943, stdev=0.103664, best fit=0.689200, best_overall=0.689200, mean_diversity=0.332934,
indivs=10027514, elapsed_secs=11043, mean=0.515060, stdev=0.168813, best fit=0.689200, best_overall=0.689200, mean_diversity=0.345190,
indivs=10037612, elapsed_secs=11053, mean=0.564761, stdev=0.070217, best fit=0.689200, best_overall=0.689200, mean_diversity=0.236774,
indivs=10047710, elapsed_secs=11063, mean=0.596153, stdev=0.086709, best fit=0.689200, best_overall=0.689200, mean_diversity=0.174343,
indivs=10057808, elapsed_secs=11073, mean=0.518167, stdev=0.054507, best fit=0.689200, best_overall=0.689200, mean_diversity=0.222495,
indivs=10067906, elapsed_secs=11085, mean=0.486716, stdev=0.137025, best fit=0.689200, best_overall=0.689200, mean_diversity=0.414101,
indivs=10078004, elapsed_secs=11093, mean=0.570960, stdev=0.089032, best fit=0.689200, best_overall=0.689200, mean_diversity=0.131788,
indivs=10088102, elapsed_secs=11104, mean=0.514915, stdev=0.094699, best fit=0.689200, best_overall=0.689200, mean_diversity=0.359583,
indivs=10098200, elapsed_secs=11114, mean=0.588198, stdev=0.146642, best fit=0.689200, best_overall=0.689200, mean_diversity=0.152126,
indivs=10108298, elapsed_secs=11124, mean=0.529580, stdev=0.096569, best fit=0.689200, best_overall=0.689200, mean_diversity=0.300743,
indivs=10118396, elapsed_secs=11133, mean=0.559860, stdev=0.152114, best fit=0.689200, best_overall=0.689200, mean_diversity=0.079164,
indivs=10128494, elapsed_secs=11143, mean=0.515482, stdev=0.184237, best fit=0.689200, best_overall=0.689200, mean_diversity=0.146262,
indivs=10138592, elapsed_secs=11151, mean=0.574052, stdev=0.147291, best fit=0.689200, best_overall=0.689200, mean_diversity=0.124023,
indivs=10148690, elapsed_secs=11160, mean=0.563841, stdev=0.066423, best fit=0.689200, best_overall=0.689200, mean_diversity=0.121768,
indivs=10158788, elapsed_secs=11170, mean=0.589851, stdev=0.122606, best fit=0.689200, best_overall=0.689200, mean_diversity=0.169384,
indivs=10168886, elapsed_secs=11181, mean=0.580300, stdev=0.140182, best fit=0.689200, best_overall=0.689200, mean_diversity=0.135426,
indivs=10178984, elapsed_secs=11189, mean=0.566112, stdev=0.131023, best fit=0.689200, best_overall=0.689200, mean_diversity=0.219496,
indivs=10189082, elapsed_secs=11200, mean=0.489534, stdev=0.072849, best fit=0.689200, best_overall=0.689200, mean_diversity=0.109320,
indivs=10199180, elapsed_secs=11210, mean=0.540529, stdev=0.090937, best fit=0.689200, best_overall=0.689200, mean_diversity=0.382833,
indivs=10209278, elapsed_secs=11221, mean=0.515818, stdev=0.046399, best fit=0.689200, best_overall=0.689200, mean_diversity=0.216594,
indivs=10219376, elapsed_secs=11229, mean=0.586046, stdev=0.149686, best fit=0.689200, best_overall=0.689200, mean_diversity=0.141894,
indivs=10229474, elapsed_secs=11242, mean=0.516313, stdev=0.138139, best fit=0.689200, best_overall=0.689200, mean_diversity=0.150202,
indivs=10239572, elapsed_secs=11250, mean=0.518454, stdev=0.152961, best fit=0.689200, best_overall=0.689200, mean_diversity=0.354314,
indivs=10249670, elapsed_secs=11259, mean=0.501883, stdev=0.018826, best fit=0.689200, best_overall=0.689200, mean_diversity=0.192505,
indivs=10259768, elapsed_secs=11268, mean=0.557874, stdev=0.120428, best fit=0.689200, best_overall=0.689200, mean_diversity=0.120986,
indivs=10269866, elapsed_secs=11279, mean=0.512187, stdev=0.142088, best fit=0.689200, best_overall=0.689200, mean_diversity=0.259665,
indivs=10279964, elapsed_secs=11287, mean=0.517886, stdev=0.181988, best fit=0.689200, best_overall=0.689200, mean_diversity=0.163546,
indivs=10290062, elapsed_secs=11297, mean=0.552317, stdev=0.101901, best fit=0.689200, best_overall=0.689200, mean_diversity=0.192672,
indivs=10300160, elapsed_secs=11308, mean=0.496070, stdev=0.114821, best fit=0.689200, best_overall=0.689200, mean_diversity=0.224684,
indivs=10310258, elapsed_secs=11317, mean=0.522757, stdev=0.076558, best fit=0.689200, best_overall=0.689200, mean_diversity=0.223196,
indivs=10320356, elapsed_secs=11326, mean=0.500919, stdev=0.085065, best fit=0.689200, best_overall=0.689200, mean_diversity=0.203085,
indivs=10330454, elapsed_secs=11336, mean=0.585677, stdev=0.129819, best fit=0.689200, best_overall=0.689200, mean_diversity=0.170803,
indivs=10340552, elapsed_secs=11347, mean=0.568982, stdev=0.160064, best fit=0.689200, best_overall=0.689200, mean_diversity=0.251119,
indivs=10350650, elapsed_secs=11355, mean=0.567126, stdev=0.085739, best fit=0.689200, best_overall=0.689200, mean_diversity=0.181082,
indivs=10360748, elapsed_secs=11365, mean=0.507078, stdev=0.086482, best fit=0.689200, best_overall=0.689200, mean_diversity=0.322470,
indivs=10370846, elapsed_secs=11373, mean=0.584455, stdev=0.184181, best fit=0.689200, best_overall=0.689200, mean_diversity=0.094670,
indivs=10380944, elapsed_secs=11382, mean=0.569613, stdev=0.158339, best fit=0.689200, best_overall=0.689200, mean_diversity=0.105745,
indivs=10391042, elapsed_secs=11389, mean=0.542488, stdev=0.130386, best fit=0.689200, best_overall=0.689200, mean_diversity=0.196465,
indivs=10401140, elapsed_secs=11397, mean=0.538375, stdev=0.125334, best fit=0.689200, best_overall=0.689200, mean_diversity=0.236288,
indivs=10411238, elapsed_secs=11407, mean=0.510326, stdev=0.087229, best fit=0.689200, best_overall=0.689200, mean_diversity=0.174448,
indivs=10421336, elapsed_secs=11416, mean=0.563046, stdev=0.116154, best fit=0.689200, best_overall=0.689200, mean_diversity=0.033601,
indivs=10431434, elapsed_secs=11427, mean=0.548332, stdev=0.072234, best fit=0.689200, best_overall=0.689200, mean_diversity=0.365513,
indivs=10441532, elapsed_secs=11438, mean=0.545036, stdev=0.079424, best fit=0.689200, best_overall=0.689200, mean_diversity=0.403529,
indivs=10451630, elapsed_secs=11446, mean=0.552989, stdev=0.131588, best fit=0.689200, best_overall=0.689200, mean_diversity=0.253949,
indivs=10461728, elapsed_secs=11455, mean=0.533695, stdev=0.098056, best fit=0.689200, best_overall=0.689200, mean_diversity=0.151535,
indivs=10471826, elapsed_secs=11464, mean=0.591036, stdev=0.133644, best fit=0.689200, best_overall=0.689200, mean_diversity=0.341047,
indivs=10481924, elapsed_secs=11474, mean=0.502402, stdev=0.062290, best fit=0.689200, best_overall=0.689200, mean_diversity=0.165658,
indivs=10492022, elapsed_secs=11484, mean=0.584719, stdev=0.131406, best fit=0.689200, best_overall=0.689200, mean_diversity=0.338960,
indivs=10502120, elapsed_secs=11492, mean=0.526218, stdev=0.147516, best fit=0.689200, best_overall=0.689200, mean_diversity=0.250000,
indivs=10512218, elapsed_secs=11502, mean=0.584338, stdev=0.061546, best fit=0.689200, best_overall=0.689200, mean_diversity=0.050229,
indivs=10522316, elapsed_secs=11511, mean=0.497846, stdev=0.070098, best fit=0.689200, best_overall=0.689200, mean_diversity=0.171330,
indivs=10532414, elapsed_secs=11520, mean=0.598429, stdev=0.103120, best fit=0.689200, best_overall=0.689200, mean_diversity=0.359082,
indivs=10542512, elapsed_secs=11529, mean=0.615607, stdev=0.074208, best fit=0.689200, best_overall=0.689200, mean_diversity=0.105472,
indivs=10552610, elapsed_secs=11538, mean=0.545360, stdev=0.148600, best fit=0.689200, best_overall=0.689200, mean_diversity=0.294525,
indivs=10562708, elapsed_secs=11549, mean=0.571465, stdev=0.056275, best fit=0.689200, best_overall=0.689200, mean_diversity=0.124354,
indivs=10572806, elapsed_secs=11559, mean=0.626884, stdev=0.116647, best fit=0.689200, best_overall=0.689200, mean_diversity=0.089792,
indivs=10582904, elapsed_secs=11569, mean=0.563552, stdev=0.136116, best fit=0.689200, best_overall=0.689200, mean_diversity=0.275984,
indivs=10593002, elapsed_secs=11578, mean=0.525882, stdev=0.070190, best fit=0.689200, best_overall=0.689200, mean_diversity=0.241313,
indivs=10603100, elapsed_secs=11586, mean=0.519383, stdev=0.150592, best fit=0.689200, best_overall=0.689200, mean_diversity=0.403265,
indivs=10613198, elapsed_secs=11596, mean=0.527527, stdev=0.054304, best fit=0.689200, best_overall=0.689200, mean_diversity=0.210723,
indivs=10623296, elapsed_secs=11606, mean=0.520478, stdev=0.051286, best fit=0.689200, best_overall=0.689200, mean_diversity=0.184918,
indivs=10633394, elapsed_secs=11615, mean=0.603395, stdev=0.124284, best fit=0.689200, best_overall=0.689200, mean_diversity=0.137712,
indivs=10643492, elapsed_secs=11623, mean=0.549143, stdev=0.192729, best fit=0.689200, best_overall=0.689200, mean_diversity=0.209729,
indivs=10653590, elapsed_secs=11632, mean=0.584393, stdev=0.136006, best fit=0.689200, best_overall=0.689200, mean_diversity=0.092635,
indivs=10663688, elapsed_secs=11646, mean=0.506115, stdev=0.104303, best fit=0.689200, best_overall=0.689200, mean_diversity=0.125927,
indivs=10673786, elapsed_secs=11658, mean=0.490668, stdev=0.102318, best fit=0.689200, best_overall=0.689200, mean_diversity=0.303662,
indivs=10683884, elapsed_secs=11669, mean=0.502448, stdev=0.075836, best fit=0.689200, best_overall=0.689200, mean_diversity=0.263556,
indivs=10693982, elapsed_secs=11680, mean=0.559372, stdev=0.151703, best fit=0.689200, best_overall=0.689200, mean_diversity=0.123195,
indivs=10704080, elapsed_secs=11688, mean=0.552296, stdev=0.101451, best fit=0.689200, best_overall=0.689200, mean_diversity=0.268438,
indivs=10714178, elapsed_secs=11698, mean=0.501892, stdev=0.018825, best fit=0.689200, best_overall=0.689200, mean_diversity=0.103691,
indivs=10724276, elapsed_secs=11710, mean=0.479267, stdev=0.032424, best fit=0.689200, best_overall=0.689200, mean_diversity=0.293188,
indivs=10734374, elapsed_secs=11720, mean=0.487911, stdev=0.080342, best fit=0.689200, best_overall=0.689200, mean_diversity=0.123357,
indivs=10744472, elapsed_secs=11730, mean=0.583125, stdev=0.107524, best fit=0.689200, best_overall=0.689200, mean_diversity=0.294857,
indivs=10754570, elapsed_secs=11740, mean=0.507421, stdev=0.125331, best fit=0.689200, best_overall=0.689200, mean_diversity=0.173083,
indivs=10764668, elapsed_secs=11749, mean=0.541720, stdev=0.170055, best fit=0.689200, best_overall=0.689200, mean_diversity=0.129367,
indivs=10774766, elapsed_secs=11759, mean=0.481977, stdev=0.030603, best fit=0.689200, best_overall=0.689200, mean_diversity=0.162131,
indivs=10784864, elapsed_secs=11768, mean=0.520316, stdev=0.156417, best fit=0.689200, best_overall=0.689200, mean_diversity=0.225135,
indivs=10794962, elapsed_secs=11777, mean=0.472726, stdev=0.126773, best fit=0.689200, best_overall=0.689200, mean_diversity=0.200528,
indivs=10805060, elapsed_secs=11787, mean=0.521673, stdev=0.179587, best fit=0.689200, best_overall=0.689200, mean_diversity=0.520081,
indivs=10815158, elapsed_secs=11797, mean=0.503183, stdev=0.026364, best fit=0.689200, best_overall=0.689200, mean_diversity=0.118708,
indivs=10825256, elapsed_secs=11807, mean=0.564182, stdev=0.104605, best fit=0.689200, best_overall=0.689200, mean_diversity=0.255425,
indivs=10835354, elapsed_secs=11816, mean=0.504410, stdev=0.091038, best fit=0.689200, best_overall=0.689200, mean_diversity=0.245745,
indivs=10845452, elapsed_secs=11828, mean=0.607816, stdev=0.129162, best fit=0.689200, best_overall=0.689200, mean_diversity=0.155764,
indivs=10855550, elapsed_secs=11838, mean=0.505504, stdev=0.031305, best fit=0.689200, best_overall=0.689200, mean_diversity=0.116030,
indivs=10865648, elapsed_secs=11850, mean=0.592983, stdev=0.135413, best fit=0.689200, best_overall=0.689200, mean_diversity=0.205587,
indivs=10875746, elapsed_secs=11860, mean=0.545398, stdev=0.087049, best fit=0.689200, best_overall=0.689200, mean_diversity=0.280495,
indivs=10885844, elapsed_secs=11870, mean=0.587758, stdev=0.131949, best fit=0.689200, best_overall=0.689200, mean_diversity=0.108321,
indivs=10895942, elapsed_secs=11882, mean=0.620912, stdev=0.103804, best fit=0.689200, best_overall=0.689200, mean_diversity=0.120870,
indivs=10906040, elapsed_secs=11892, mean=0.492566, stdev=0.077647, best fit=0.689200, best_overall=0.689200, mean_diversity=0.085325,
indivs=10916138, elapsed_secs=11902, mean=0.489838, stdev=0.120628, best fit=0.689200, best_overall=0.689200, mean_diversity=0.189084,
indivs=10926236, elapsed_secs=11911, mean=0.554996, stdev=0.090780, best fit=0.689200, best_overall=0.689200, mean_diversity=0.162078,
indivs=10936334, elapsed_secs=11919, mean=0.585162, stdev=0.082649, best fit=0.689200, best_overall=0.689200, mean_diversity=0.220932,
indivs=10946432, elapsed_secs=11929, mean=0.561342, stdev=0.097688, best fit=0.689200, best_overall=0.689200, mean_diversity=0.298123,
indivs=10956530, elapsed_secs=11939, mean=0.571569, stdev=0.132591, best fit=0.689200, best_overall=0.689200, mean_diversity=0.163921,
indivs=10966628, elapsed_secs=11951, mean=0.494010, stdev=0.047022, best fit=0.689200, best_overall=0.689200, mean_diversity=0.302844,
indivs=10976726, elapsed_secs=11961, mean=0.467646, stdev=0.154214, best fit=0.689200, best_overall=0.689200, mean_diversity=0.302322,
indivs=10986824, elapsed_secs=11972, mean=0.517720, stdev=0.064505, best fit=0.689200, best_overall=0.689200, mean_diversity=0.153255,
indivs=10996922, elapsed_secs=11983, mean=0.507355, stdev=0.040340, best fit=0.689200, best_overall=0.689200, mean_diversity=0.111457,
indivs=11007020, elapsed_secs=11993, mean=0.503492, stdev=0.033972, best fit=0.689200, best_overall=0.689200, mean_diversity=0.086889,
indivs=11017118, elapsed_secs=12002, mean=0.585147, stdev=0.115555, best fit=0.689200, best_overall=0.689200, mean_diversity=0.348431,
indivs=11027216, elapsed_secs=12012, mean=0.491898, stdev=0.072748, best fit=0.689200, best_overall=0.689200, mean_diversity=0.220245,
indivs=11037314, elapsed_secs=12022, mean=0.507632, stdev=0.030233, best fit=0.689200, best_overall=0.689200, mean_diversity=0.158489,
indivs=11047412, elapsed_secs=12033, mean=0.588205, stdev=0.112927, best fit=0.689200, best_overall=0.689200, mean_diversity=0.146574,
indivs=11057510, elapsed_secs=12043, mean=0.484684, stdev=0.091499, best fit=0.689200, best_overall=0.689200, mean_diversity=0.311524,
indivs=11067608, elapsed_secs=12053, mean=0.571945, stdev=0.084832, best fit=0.689200, best_overall=0.689200, mean_diversity=0.155288,
indivs=11077706, elapsed_secs=12061, mean=0.532567, stdev=0.081298, best fit=0.689200, best_overall=0.689200, mean_diversity=0.236987,
indivs=11087804, elapsed_secs=12073, mean=0.545602, stdev=0.127969, best fit=0.689200, best_overall=0.689200, mean_diversity=0.246442,
indivs=11097902, elapsed_secs=12083, mean=0.509220, stdev=0.034651, best fit=0.689200, best_overall=0.689200, mean_diversity=0.112500,
indivs=11108000, elapsed_secs=12093, mean=0.608089, stdev=0.104393, best fit=0.689200, best_overall=0.689200, mean_diversity=0.072023,
indivs=11118098, elapsed_secs=12103, mean=0.487339, stdev=0.078037, best fit=0.689200, best_overall=0.689200, mean_diversity=0.168046,
indivs=11128196, elapsed_secs=12113, mean=0.519181, stdev=0.123355, best fit=0.689200, best_overall=0.689200, mean_diversity=0.232279,
indivs=11138294, elapsed_secs=12122, mean=0.594574, stdev=0.147890, best fit=0.689200, best_overall=0.689200, mean_diversity=0.149587,
indivs=11148392, elapsed_secs=12130, mean=0.569179, stdev=0.113266, best fit=0.689200, best_overall=0.689200, mean_diversity=0.256188,
indivs=11158490, elapsed_secs=12139, mean=0.548930, stdev=0.066517, best fit=0.689200, best_overall=0.689200, mean_diversity=0.089479,
indivs=11168588, elapsed_secs=12148, mean=0.479192, stdev=0.105766, best fit=0.689200, best_overall=0.689200, mean_diversity=0.277686,
indivs=11178686, elapsed_secs=12158, mean=0.529145, stdev=0.106073, best fit=0.689200, best_overall=0.689200, mean_diversity=0.133277,
indivs=11188784, elapsed_secs=12167, mean=0.521634, stdev=0.170408, best fit=0.689200, best_overall=0.689200, mean_diversity=0.073542,
indivs=11198882, elapsed_secs=12178, mean=0.491371, stdev=0.075486, best fit=0.689200, best_overall=0.689200, mean_diversity=0.111379,
indivs=11208980, elapsed_secs=12188, mean=0.547992, stdev=0.099831, best fit=0.689200, best_overall=0.689200, mean_diversity=0.296468,
indivs=11219078, elapsed_secs=12199, mean=0.579663, stdev=0.107745, best fit=0.689200, best_overall=0.689200, mean_diversity=0.156784,
indivs=11229176, elapsed_secs=12209, mean=0.598381, stdev=0.078528, best fit=0.689200, best_overall=0.689200, mean_diversity=0.280000,
indivs=11239274, elapsed_secs=12218, mean=0.562979, stdev=0.062966, best fit=0.689200, best_overall=0.689200, mean_diversity=0.307556,
indivs=11249372, elapsed_secs=12229, mean=0.548632, stdev=0.182228, best fit=0.689200, best_overall=0.689200, mean_diversity=0.230251,
indivs=11259470, elapsed_secs=12237, mean=0.591688, stdev=0.063235, best fit=0.689200, best_overall=0.689200, mean_diversity=0.115080,
indivs=11269568, elapsed_secs=12249, mean=0.575534, stdev=0.167741, best fit=0.689200, best_overall=0.689200, mean_diversity=0.059477,
indivs=11279666, elapsed_secs=12256, mean=0.602710, stdev=0.121381, best fit=0.689200, best_overall=0.689200, mean_diversity=0.362018,
indivs=11289764, elapsed_secs=12265, mean=0.566120, stdev=0.167844, best fit=0.689200, best_overall=0.689200, mean_diversity=0.286887,
indivs=11299862, elapsed_secs=12273, mean=0.581283, stdev=0.067962, best fit=0.689200, best_overall=0.689200, mean_diversity=0.077548,
indivs=11309960, elapsed_secs=12283, mean=0.517368, stdev=0.128439, best fit=0.689200, best_overall=0.689200, mean_diversity=0.107811,
indivs=11320058, elapsed_secs=12293, mean=0.576865, stdev=0.114887, best fit=0.689200, best_overall=0.689200, mean_diversity=0.145339,
indivs=11330156, elapsed_secs=12302, mean=0.495323, stdev=0.060545, best fit=0.689200, best_overall=0.689200, mean_diversity=0.079479,
indivs=11340254, elapsed_secs=12314, mean=0.581705, stdev=0.121148, best fit=0.689200, best_overall=0.689200, mean_diversity=0.293465,
indivs=11350352, elapsed_secs=12324, mean=0.491832, stdev=0.055202, best fit=0.689200, best_overall=0.689200, mean_diversity=0.348000,
indivs=11360450, elapsed_secs=12334, mean=0.591360, stdev=0.114564, best fit=0.689200, best_overall=0.689200, mean_diversity=0.301656,
indivs=11370548, elapsed_secs=12343, mean=0.538597, stdev=0.155239, best fit=0.689200, best_overall=0.689200, mean_diversity=0.143117,
indivs=11380646, elapsed_secs=12353, mean=0.578349, stdev=0.123286, best fit=0.689200, best_overall=0.689200, mean_diversity=0.230210,
indivs=11390744, elapsed_secs=12361, mean=0.568931, stdev=0.097200, best fit=0.689200, best_overall=0.689200, mean_diversity=0.347847,
indivs=11400842, elapsed_secs=12369, mean=0.608867, stdev=0.101427, best fit=0.689200, best_overall=0.689200, mean_diversity=0.237516,
indivs=11410940, elapsed_secs=12381, mean=0.500442, stdev=0.071161, best fit=0.689200, best_overall=0.689200, mean_diversity=0.177185,
indivs=11421038, elapsed_secs=12390, mean=0.585848, stdev=0.077173, best fit=0.689200, best_overall=0.689200, mean_diversity=0.306829,
indivs=11431136, elapsed_secs=12401, mean=0.559647, stdev=0.147560, best fit=0.689200, best_overall=0.689200, mean_diversity=0.298063,
indivs=11441234, elapsed_secs=12412, mean=0.605770, stdev=0.073659, best fit=0.689200, best_overall=0.689200, mean_diversity=0.049456,
indivs=11451332, elapsed_secs=12421, mean=0.527147, stdev=0.125803, best fit=0.689200, best_overall=0.689200, mean_diversity=0.265060,
indivs=11461430, elapsed_secs=12430, mean=0.520393, stdev=0.105843, best fit=0.689200, best_overall=0.689200, mean_diversity=0.323600,
indivs=11471528, elapsed_secs=12439, mean=0.518113, stdev=0.054675, best fit=0.689200, best_overall=0.689200, mean_diversity=0.468914,
indivs=11481626, elapsed_secs=12448, mean=0.508537, stdev=0.030492, best fit=0.689200, best_overall=0.689200, mean_diversity=0.107854,
indivs=11491724, elapsed_secs=12458, mean=0.516320, stdev=0.051903, best fit=0.689200, best_overall=0.689200, mean_diversity=0.134465,
indivs=11501822, elapsed_secs=12468, mean=0.595837, stdev=0.121376, best fit=0.689200, best_overall=0.689200, mean_diversity=0.223793,
indivs=11511920, elapsed_secs=12477, mean=0.521649, stdev=0.052327, best fit=0.689200, best_overall=0.689200, mean_diversity=0.274937,
indivs=11522018, elapsed_secs=12486, mean=0.501896, stdev=0.060694, best fit=0.689200, best_overall=0.689200, mean_diversity=0.177946,
indivs=11532116, elapsed_secs=12494, mean=0.599333, stdev=0.065646, best fit=0.689200, best_overall=0.689200, mean_diversity=0.119707,
indivs=11542214, elapsed_secs=12502, mean=0.506646, stdev=0.032667, best fit=0.689200, best_overall=0.689200, mean_diversity=0.140702,
indivs=11552312, elapsed_secs=12512, mean=0.566662, stdev=0.108325, best fit=0.689200, best_overall=0.689200, mean_diversity=0.083271,
indivs=11562410, elapsed_secs=12523, mean=0.463410, stdev=0.119702, best fit=0.689200, best_overall=0.689200, mean_diversity=0.030348,
indivs=11572508, elapsed_secs=12535, mean=0.527934, stdev=0.089375, best fit=0.689200, best_overall=0.689200, mean_diversity=0.283712,
indivs=11582606, elapsed_secs=12544, mean=0.547736, stdev=0.096121, best fit=0.689200, best_overall=0.689200, mean_diversity=0.362430,
indivs=11592704, elapsed_secs=12553, mean=0.509875, stdev=0.041760, best fit=0.689200, best_overall=0.689200, mean_diversity=0.274591,
indivs=11602802, elapsed_secs=12562, mean=0.515649, stdev=0.113925, best fit=0.689200, best_overall=0.689200, mean_diversity=0.295482,
indivs=11612900, elapsed_secs=12572, mean=0.512008, stdev=0.134279, best fit=0.689200, best_overall=0.689200, mean_diversity=0.276797,
indivs=11622998, elapsed_secs=12579, mean=0.564915, stdev=0.158101, best fit=0.689200, best_overall=0.689200, mean_diversity=0.155935,
indivs=11633096, elapsed_secs=12589, mean=0.545629, stdev=0.124561, best fit=0.689200, best_overall=0.689200, mean_diversity=0.244194,
indivs=11643194, elapsed_secs=12600, mean=0.583734, stdev=0.092463, best fit=0.689200, best_overall=0.689200, mean_diversity=0.138543,
indivs=11653292, elapsed_secs=12610, mean=0.579905, stdev=0.108058, best fit=0.689200, best_overall=0.689200, mean_diversity=0.157968,
indivs=11663390, elapsed_secs=12621, mean=0.477999, stdev=0.101523, best fit=0.689200, best_overall=0.689200, mean_diversity=0.227274,
indivs=11673488, elapsed_secs=12628, mean=0.506147, stdev=0.103431, best fit=0.689200, best_overall=0.689200, mean_diversity=0.175742,
indivs=11683586, elapsed_secs=12638, mean=0.589124, stdev=0.117313, best fit=0.689200, best_overall=0.689200, mean_diversity=0.216585,
indivs=11693684, elapsed_secs=12649, mean=0.502216, stdev=0.146030, best fit=0.689200, best_overall=0.689200, mean_diversity=0.247622,
indivs=11703782, elapsed_secs=12658, mean=0.548957, stdev=0.141220, best fit=0.689200, best_overall=0.689200, mean_diversity=0.305970,
indivs=11713880, elapsed_secs=12668, mean=0.587142, stdev=0.120080, best fit=0.689200, best_overall=0.689200, mean_diversity=0.200301,
indivs=11723978, elapsed_secs=12678, mean=0.550680, stdev=0.115480, best fit=0.689200, best_overall=0.689200, mean_diversity=0.386634,
indivs=11734076, elapsed_secs=12687, mean=0.586753, stdev=0.157184, best fit=0.689200, best_overall=0.689200, mean_diversity=0.270606,
indivs=11744174, elapsed_secs=12698, mean=0.547259, stdev=0.066001, best fit=0.689200, best_overall=0.689200, mean_diversity=0.353425,
indivs=11754272, elapsed_secs=12708, mean=0.589667, stdev=0.059506, best fit=0.689200, best_overall=0.689200, mean_diversity=0.161896,
indivs=11764370, elapsed_secs=12718, mean=0.560056, stdev=0.146720, best fit=0.689200, best_overall=0.689200, mean_diversity=0.143826,
indivs=11774468, elapsed_secs=12727, mean=0.517033, stdev=0.089369, best fit=0.689200, best_overall=0.689200, mean_diversity=0.382413,
indivs=11784566, elapsed_secs=12736, mean=0.533437, stdev=0.187682, best fit=0.689200, best_overall=0.689200, mean_diversity=0.194071,
indivs=11794664, elapsed_secs=12744, mean=0.564993, stdev=0.157121, best fit=0.689200, best_overall=0.689200, mean_diversity=0.201208,
indivs=11804762, elapsed_secs=12753, mean=0.591174, stdev=0.081940, best fit=0.689200, best_overall=0.689200, mean_diversity=0.092892,
indivs=11814860, elapsed_secs=12763, mean=0.575508, stdev=0.120023, best fit=0.689200, best_overall=0.689200, mean_diversity=0.083459,
indivs=11824958, elapsed_secs=12772, mean=0.500576, stdev=0.165673, best fit=0.689200, best_overall=0.689200, mean_diversity=0.082979,
indivs=11835056, elapsed_secs=12781, mean=0.582429, stdev=0.169160, best fit=0.689200, best_overall=0.689200, mean_diversity=0.146396,
indivs=11845154, elapsed_secs=12790, mean=0.558375, stdev=0.082931, best fit=0.689200, best_overall=0.689200, mean_diversity=0.154260,
indivs=11855252, elapsed_secs=12801, mean=0.580428, stdev=0.106627, best fit=0.689200, best_overall=0.689200, mean_diversity=0.286540,
indivs=11865350, elapsed_secs=12810, mean=0.490256, stdev=0.122111, best fit=0.689200, best_overall=0.689200, mean_diversity=0.185903,
indivs=11875448, elapsed_secs=12820, mean=0.539487, stdev=0.082989, best fit=0.689200, best_overall=0.689200, mean_diversity=0.480204,
indivs=11885546, elapsed_secs=12829, mean=0.590725, stdev=0.115283, best fit=0.689200, best_overall=0.689200, mean_diversity=0.135971,
indivs=11895644, elapsed_secs=12838, mean=0.430834, stdev=0.180463, best fit=0.689200, best_overall=0.689200, mean_diversity=0.131032,
indivs=11905742, elapsed_secs=12848, mean=0.539617, stdev=0.103788, best fit=0.689200, best_overall=0.689200, mean_diversity=0.252722,
indivs=11915840, elapsed_secs=12857, mean=0.505010, stdev=0.137022, best fit=0.689200, best_overall=0.689200, mean_diversity=0.283235,
indivs=11925938, elapsed_secs=12867, mean=0.510915, stdev=0.158490, best fit=0.689200, best_overall=0.689200, mean_diversity=0.396432,
indivs=11936036, elapsed_secs=12877, mean=0.500657, stdev=0.036322, best fit=0.689200, best_overall=0.689200, mean_diversity=0.129066,
indivs=11946134, elapsed_secs=12888, mean=0.506836, stdev=0.090277, best fit=0.689200, best_overall=0.689200, mean_diversity=0.300338,
indivs=11956232, elapsed_secs=12897, mean=0.508757, stdev=0.166036, best fit=0.689200, best_overall=0.689200, mean_diversity=0.287341,
indivs=11966330, elapsed_secs=12908, mean=0.451892, stdev=0.151801, best fit=0.689200, best_overall=0.689200, mean_diversity=0.394236,
indivs=11976428, elapsed_secs=12919, mean=0.617924, stdev=0.100911, best fit=0.689200, best_overall=0.689200, mean_diversity=0.189731,
indivs=11986526, elapsed_secs=12928, mean=0.570502, stdev=0.118345, best fit=0.689200, best_overall=0.689200, mean_diversity=0.083821,
indivs=11996624, elapsed_secs=12936, mean=0.544611, stdev=0.141300, best fit=0.689200, best_overall=0.689200, mean_diversity=0.270120,
indivs=12006722, elapsed_secs=12947, mean=0.525162, stdev=0.063248, best fit=0.689200, best_overall=0.689200, mean_diversity=0.305747,
indivs=12016820, elapsed_secs=12957, mean=0.603627, stdev=0.120138, best fit=0.689200, best_overall=0.689200, mean_diversity=0.131041,
indivs=12026918, elapsed_secs=12967, mean=0.599798, stdev=0.107530, best fit=0.689200, best_overall=0.689200, mean_diversity=0.242265,
indivs=12037016, elapsed_secs=12977, mean=0.508709, stdev=0.108392, best fit=0.689200, best_overall=0.689200, mean_diversity=0.184562,
indivs=12047114, elapsed_secs=12986, mean=0.495580, stdev=0.099315, best fit=0.689200, best_overall=0.689200, mean_diversity=0.065121,
indivs=12057212, elapsed_secs=12994, mean=0.558821, stdev=0.086992, best fit=0.689200, best_overall=0.689200, mean_diversity=0.263983,
indivs=12067310, elapsed_secs=13003, mean=0.486474, stdev=0.087666, best fit=0.689200, best_overall=0.689200, mean_diversity=0.204175,
indivs=12077408, elapsed_secs=13013, mean=0.557071, stdev=0.114389, best fit=0.689200, best_overall=0.689200, mean_diversity=0.225672,
indivs=12087506, elapsed_secs=13022, mean=0.567279, stdev=0.144174, best fit=0.689200, best_overall=0.689200, mean_diversity=0.406350,
indivs=12097604, elapsed_secs=13031, mean=0.609250, stdev=0.074658, best fit=0.689200, best_overall=0.689200, mean_diversity=0.311152,
indivs=12107702, elapsed_secs=13040, mean=0.489974, stdev=0.108216, best fit=0.689200, best_overall=0.689200, mean_diversity=0.416626,
indivs=12117800, elapsed_secs=13049, mean=0.510002, stdev=0.102058, best fit=0.689200, best_overall=0.689200, mean_diversity=0.275217,
indivs=12127898, elapsed_secs=13059, mean=0.583427, stdev=0.107500, best fit=0.689200, best_overall=0.689200, mean_diversity=0.223731,
indivs=12137996, elapsed_secs=13067, mean=0.553216, stdev=0.083151, best fit=0.689200, best_overall=0.689200, mean_diversity=0.328523,
indivs=12148094, elapsed_secs=13078, mean=0.563836, stdev=0.086864, best fit=0.689200, best_overall=0.689200, mean_diversity=0.267412,
indivs=12158192, elapsed_secs=13089, mean=0.524520, stdev=0.117227, best fit=0.689200, best_overall=0.689200, mean_diversity=0.179625,
indivs=12168290, elapsed_secs=13099, mean=0.546394, stdev=0.064141, best fit=0.689200, best_overall=0.689200, mean_diversity=0.227770,
indivs=12178388, elapsed_secs=13108, mean=0.542475, stdev=0.119895, best fit=0.689200, best_overall=0.689200, mean_diversity=0.222736,
indivs=12188486, elapsed_secs=13117, mean=0.533324, stdev=0.123642, best fit=0.689200, best_overall=0.689200, mean_diversity=0.176072,
indivs=12198584, elapsed_secs=13127, mean=0.544733, stdev=0.140390, best fit=0.689200, best_overall=0.689200, mean_diversity=0.250417,
indivs=12208682, elapsed_secs=13138, mean=0.625513, stdev=0.142488, best fit=0.689200, best_overall=0.689200, mean_diversity=0.311667,
indivs=12218780, elapsed_secs=13147, mean=0.584017, stdev=0.170096, best fit=0.689200, best_overall=0.689200, mean_diversity=0.198082,
indivs=12228878, elapsed_secs=13159, mean=0.501388, stdev=0.019520, best fit=0.689200, best_overall=0.689200, mean_diversity=0.097517,
indivs=12238976, elapsed_secs=13167, mean=0.528612, stdev=0.119723, best fit=0.689200, best_overall=0.689200, mean_diversity=0.134280,
indivs=12249074, elapsed_secs=13178, mean=0.533238, stdev=0.136566, best fit=0.689200, best_overall=0.689200, mean_diversity=0.371301,
indivs=12259172, elapsed_secs=13189, mean=0.496892, stdev=0.053370, best fit=0.689200, best_overall=0.689200, mean_diversity=0.097992,
indivs=12269270, elapsed_secs=13197, mean=0.595545, stdev=0.060796, best fit=0.689200, best_overall=0.689200, mean_diversity=0.191765,
indivs=12279368, elapsed_secs=13208, mean=0.591426, stdev=0.154492, best fit=0.689200, best_overall=0.689200, mean_diversity=0.294227,
indivs=12289466, elapsed_secs=13218, mean=0.601452, stdev=0.104283, best fit=0.689200, best_overall=0.689200, mean_diversity=0.185786,
indivs=12299564, elapsed_secs=13229, mean=0.529046, stdev=0.089156, best fit=0.689200, best_overall=0.689200, mean_diversity=0.150798,
indivs=12309662, elapsed_secs=13238, mean=0.505574, stdev=0.063685, best fit=0.689200, best_overall=0.689200, mean_diversity=0.184892,
indivs=12319760, elapsed_secs=13247, mean=0.491892, stdev=0.072748, best fit=0.689200, best_overall=0.689200, mean_diversity=0.070078,
indivs=12329858, elapsed_secs=13257, mean=0.502068, stdev=0.056999, best fit=0.689200, best_overall=0.689200, mean_diversity=0.107342,
indivs=12339956, elapsed_secs=13267, mean=0.491302, stdev=0.176808, best fit=0.689200, best_overall=0.689200, mean_diversity=0.430616,
indivs=12350054, elapsed_secs=13276, mean=0.572302, stdev=0.099353, best fit=0.689200, best_overall=0.689200, mean_diversity=0.098433,
indivs=12360152, elapsed_secs=13286, mean=0.540670, stdev=0.127532, best fit=0.689200, best_overall=0.689200, mean_diversity=0.257071,
indivs=12370250, elapsed_secs=13297, mean=0.529303, stdev=0.179254, best fit=0.689200, best_overall=0.689200, mean_diversity=0.249371,
indivs=12380348, elapsed_secs=13305, mean=0.589337, stdev=0.147894, best fit=0.689200, best_overall=0.689200, mean_diversity=0.202686,
indivs=12390446, elapsed_secs=13316, mean=0.567888, stdev=0.148682, best fit=0.689200, best_overall=0.689200, mean_diversity=0.220773,
indivs=12400544, elapsed_secs=13326, mean=0.627095, stdev=0.130394, best fit=0.689200, best_overall=0.689200, mean_diversity=0.134927,
indivs=12410642, elapsed_secs=13335, mean=0.577134, stdev=0.114187, best fit=0.689200, best_overall=0.689200, mean_diversity=0.253055,
indivs=12420740, elapsed_secs=13344, mean=0.539364, stdev=0.148419, best fit=0.689200, best_overall=0.689200, mean_diversity=0.184249,
indivs=12430838, elapsed_secs=13357, mean=0.613964, stdev=0.083186, best fit=0.689200, best_overall=0.689200, mean_diversity=0.219714,
indivs=12440936, elapsed_secs=13368, mean=0.597265, stdev=0.132218, best fit=0.689200, best_overall=0.689200, mean_diversity=0.177808,
indivs=12451034, elapsed_secs=13377, mean=0.593394, stdev=0.087691, best fit=0.689200, best_overall=0.689200, mean_diversity=0.278537,
indivs=12461132, elapsed_secs=13385, mean=0.538573, stdev=0.094475, best fit=0.689200, best_overall=0.689200, mean_diversity=0.269716,
indivs=12471230, elapsed_secs=13396, mean=0.512592, stdev=0.047886, best fit=0.689200, best_overall=0.689200, mean_diversity=0.145687,
indivs=12481328, elapsed_secs=13405, mean=0.556918, stdev=0.117179, best fit=0.689200, best_overall=0.689200, mean_diversity=0.214733,
indivs=12491426, elapsed_secs=13414, mean=0.501386, stdev=0.019536, best fit=0.689200, best_overall=0.689200, mean_diversity=0.093978,
indivs=12501524, elapsed_secs=13424, mean=0.610171, stdev=0.084015, best fit=0.689200, best_overall=0.689200, mean_diversity=0.091387,
indivs=12511622, elapsed_secs=13435, mean=0.620031, stdev=0.144052, best fit=0.689200, best_overall=0.689200, mean_diversity=0.087078,
indivs=12521720, elapsed_secs=13443, mean=0.606111, stdev=0.103755, best fit=0.689200, best_overall=0.689200, mean_diversity=0.217601,
indivs=12531818, elapsed_secs=13454, mean=0.575159, stdev=0.147381, best fit=0.689200, best_overall=0.689200, mean_diversity=0.144442,
indivs=12541916, elapsed_secs=13462, mean=0.587518, stdev=0.146031, best fit=0.689200, best_overall=0.689200, mean_diversity=0.207521,
indivs=12552014, elapsed_secs=13471, mean=0.568190, stdev=0.099236, best fit=0.689200, best_overall=0.689200, mean_diversity=0.211622,
indivs=12562112, elapsed_secs=13480, mean=0.531116, stdev=0.164283, best fit=0.689200, best_overall=0.689200, mean_diversity=0.236970,
indivs=12572210, elapsed_secs=13490, mean=0.548973, stdev=0.113611, best fit=0.689200, best_overall=0.689200, mean_diversity=0.221635,
indivs=12582308, elapsed_secs=13500, mean=0.541422, stdev=0.151806, best fit=0.689200, best_overall=0.689200, mean_diversity=0.381980,
indivs=12592406, elapsed_secs=13511, mean=0.619143, stdev=0.137858, best fit=0.689200, best_overall=0.689200, mean_diversity=0.205192,
indivs=12602504, elapsed_secs=13523, mean=0.507852, stdev=0.091199, best fit=0.689200, best_overall=0.689200, mean_diversity=0.156779,
indivs=12612602, elapsed_secs=13532, mean=0.537942, stdev=0.157245, best fit=0.689200, best_overall=0.689200, mean_diversity=0.256349,
indivs=12622700, elapsed_secs=13543, mean=0.525743, stdev=0.085940, best fit=0.689200, best_overall=0.689200, mean_diversity=0.171623,
indivs=12632798, elapsed_secs=13552, mean=0.572471, stdev=0.118207, best fit=0.689200, best_overall=0.689200, mean_diversity=0.302108,
indivs=12642896, elapsed_secs=13562, mean=0.586837, stdev=0.134842, best fit=0.689200, best_overall=0.689200, mean_diversity=0.207033,
indivs=12652994, elapsed_secs=13570, mean=0.472708, stdev=0.180003, best fit=0.689200, best_overall=0.689200, mean_diversity=0.146006,
indivs=12663092, elapsed_secs=13579, mean=0.592821, stdev=0.088235, best fit=0.689200, best_overall=0.689200, mean_diversity=0.321903,
indivs=12673190, elapsed_secs=13590, mean=0.545087, stdev=0.078103, best fit=0.689200, best_overall=0.689200, mean_diversity=0.212838,
indivs=12683288, elapsed_secs=13599, mean=0.570112, stdev=0.203586, best fit=0.689200, best_overall=0.689200, mean_diversity=0.071045,
indivs=12693386, elapsed_secs=13609, mean=0.503055, stdev=0.026241, best fit=0.689200, best_overall=0.689200, mean_diversity=0.267567,
indivs=12703484, elapsed_secs=13618, mean=0.491658, stdev=0.054934, best fit=0.689200, best_overall=0.689200, mean_diversity=0.092983,
indivs=12713582, elapsed_secs=13627, mean=0.509262, stdev=0.094458, best fit=0.689200, best_overall=0.689200, mean_diversity=0.244952,
indivs=12723680, elapsed_secs=13635, mean=0.603266, stdev=0.122159, best fit=0.689200, best_overall=0.689200, mean_diversity=0.179204,
indivs=12733778, elapsed_secs=13644, mean=0.494000, stdev=0.054239, best fit=0.689200, best_overall=0.689200, mean_diversity=0.239860,
indivs=12743876, elapsed_secs=13652, mean=0.608250, stdev=0.089675, best fit=0.689200, best_overall=0.689200, mean_diversity=0.143854,
indivs=12753974, elapsed_secs=13662, mean=0.498003, stdev=0.078918, best fit=0.689200, best_overall=0.689200, mean_diversity=0.388019,
indivs=12764072, elapsed_secs=13673, mean=0.522602, stdev=0.084540, best fit=0.689200, best_overall=0.689200, mean_diversity=0.312783,
indivs=12774170, elapsed_secs=13681, mean=0.579089, stdev=0.157875, best fit=0.689200, best_overall=0.689200, mean_diversity=0.245538,
indivs=12784268, elapsed_secs=13691, mean=0.517294, stdev=0.052889, best fit=0.689200, best_overall=0.689200, mean_diversity=0.178234,
indivs=12794366, elapsed_secs=13699, mean=0.525499, stdev=0.085459, best fit=0.689200, best_overall=0.689200, mean_diversity=0.243971,
indivs=12804464, elapsed_secs=13709, mean=0.469488, stdev=0.046745, best fit=0.689200, best_overall=0.689200, mean_diversity=0.159859,
indivs=12814562, elapsed_secs=13721, mean=0.615445, stdev=0.105390, best fit=0.689200, best_overall=0.689200, mean_diversity=0.186681,
indivs=12824660, elapsed_secs=13730, mean=0.487333, stdev=0.139052, best fit=0.689200, best_overall=0.689200, mean_diversity=0.226558,
indivs=12834758, elapsed_secs=13740, mean=0.610103, stdev=0.120527, best fit=0.689200, best_overall=0.689200, mean_diversity=0.435141,
indivs=12844856, elapsed_secs=13749, mean=0.534566, stdev=0.202284, best fit=0.689200, best_overall=0.689200, mean_diversity=0.099974,
indivs=12854954, elapsed_secs=13759, mean=0.517188, stdev=0.090965, best fit=0.689200, best_overall=0.689200, mean_diversity=0.231087,
indivs=12865052, elapsed_secs=13771, mean=0.466180, stdev=0.089677, best fit=0.689200, best_overall=0.689200, mean_diversity=0.160683,
indivs=12875150, elapsed_secs=13781, mean=0.514834, stdev=0.166578, best fit=0.689200, best_overall=0.689200, mean_diversity=0.122453,
indivs=12885248, elapsed_secs=13791, mean=0.605099, stdev=0.104058, best fit=0.689200, best_overall=0.689200, mean_diversity=0.101791,
indivs=12895346, elapsed_secs=13800, mean=0.506833, stdev=0.161122, best fit=0.689200, best_overall=0.689200, mean_diversity=0.281645,
indivs=12905444, elapsed_secs=13810, mean=0.592466, stdev=0.167992, best fit=0.689200, best_overall=0.689200, mean_diversity=0.106171,
indivs=12915542, elapsed_secs=13820, mean=0.550954, stdev=0.073030, best fit=0.689200, best_overall=0.689200, mean_diversity=0.184719,
indivs=12925640, elapsed_secs=13832, mean=0.487433, stdev=0.130697, best fit=0.689200, best_overall=0.689200, mean_diversity=0.079357,
indivs=12935738, elapsed_secs=13841, mean=0.522827, stdev=0.080011, best fit=0.689200, best_overall=0.689200, mean_diversity=0.230488,
indivs=12945836, elapsed_secs=13852, mean=0.552256, stdev=0.089750, best fit=0.689200, best_overall=0.689200, mean_diversity=0.359785,
indivs=12955934, elapsed_secs=13859, mean=0.534040, stdev=0.137046, best fit=0.689200, best_overall=0.689200, mean_diversity=0.260069,
indivs=12966032, elapsed_secs=13870, mean=0.579733, stdev=0.132643, best fit=0.689200, best_overall=0.689200, mean_diversity=0.264437,
indivs=12976130, elapsed_secs=13878, mean=0.614130, stdev=0.132680, best fit=0.689200, best_overall=0.689200, mean_diversity=0.149761,
indivs=12986228, elapsed_secs=13888, mean=0.608459, stdev=0.141795, best fit=0.689200, best_overall=0.689200, mean_diversity=0.137005,
indivs=12996326, elapsed_secs=13898, mean=0.621052, stdev=0.101552, best fit=0.689200, best_overall=0.689200, mean_diversity=0.116657,
indivs=13006424, elapsed_secs=13908, mean=0.593457, stdev=0.170252, best fit=0.689200, best_overall=0.689200, mean_diversity=0.051733,
indivs=13016522, elapsed_secs=13917, mean=0.614014, stdev=0.146198, best fit=0.689200, best_overall=0.689200, mean_diversity=0.388429,
indivs=13026620, elapsed_secs=13926, mean=0.568086, stdev=0.126821, best fit=0.689200, best_overall=0.689200, mean_diversity=0.171060,
indivs=13036718, elapsed_secs=13936, mean=0.596320, stdev=0.124541, best fit=0.689200, best_overall=0.689200, mean_diversity=0.105490,
indivs=13046816, elapsed_secs=13947, mean=0.517582, stdev=0.106117, best fit=0.689200, best_overall=0.689200, mean_diversity=0.166250,
indivs=13056914, elapsed_secs=13957, mean=0.546254, stdev=0.130923, best fit=0.689200, best_overall=0.689200, mean_diversity=0.169544,
indivs=13067012, elapsed_secs=13968, mean=0.548046, stdev=0.162937, best fit=0.689200, best_overall=0.689200, mean_diversity=0.192654,
indivs=13077110, elapsed_secs=13980, mean=0.489511, stdev=0.102604, best fit=0.689200, best_overall=0.689200, mean_diversity=0.147616,
indivs=13087208, elapsed_secs=13988, mean=0.575486, stdev=0.092578, best fit=0.689200, best_overall=0.689200, mean_diversity=0.149396,
indivs=13097306, elapsed_secs=13996, mean=0.501581, stdev=0.025050, best fit=0.689200, best_overall=0.689200, mean_diversity=0.079226,
indivs=13107404, elapsed_secs=14007, mean=0.586572, stdev=0.106730, best fit=0.689200, best_overall=0.689200, mean_diversity=0.267626,
indivs=13117502, elapsed_secs=14017, mean=0.584023, stdev=0.089968, best fit=0.689200, best_overall=0.689200, mean_diversity=0.325077,
indivs=13127600, elapsed_secs=14026, mean=0.518407, stdev=0.046783, best fit=0.689200, best_overall=0.689200, mean_diversity=0.185984,
indivs=13137698, elapsed_secs=14037, mean=0.544650, stdev=0.140212, best fit=0.689200, best_overall=0.689200, mean_diversity=0.331481,
indivs=13147796, elapsed_secs=14047, mean=0.515916, stdev=0.118913, best fit=0.689200, best_overall=0.689200, mean_diversity=0.215612,
indivs=13157894, elapsed_secs=14056, mean=0.563073, stdev=0.125613, best fit=0.689200, best_overall=0.689200, mean_diversity=0.327771,
indivs=13167992, elapsed_secs=14066, mean=0.483376, stdev=0.092760, best fit=0.689200, best_overall=0.689200, mean_diversity=0.180787,
indivs=13178090, elapsed_secs=14074, mean=0.500697, stdev=0.020098, best fit=0.689200, best_overall=0.689200, mean_diversity=0.132408,
indivs=13188188, elapsed_secs=14085, mean=0.500503, stdev=0.077332, best fit=0.689200, best_overall=0.689200, mean_diversity=0.197226,
indivs=13198286, elapsed_secs=14095, mean=0.540266, stdev=0.103600, best fit=0.689200, best_overall=0.689200, mean_diversity=0.105670,
indivs=13208384, elapsed_secs=14106, mean=0.610610, stdev=0.131923, best fit=0.689200, best_overall=0.689200, mean_diversity=0.058725,
indivs=13218482, elapsed_secs=14117, mean=0.603857, stdev=0.107598, best fit=0.689200, best_overall=0.689200, mean_diversity=0.160682,
indivs=13228580, elapsed_secs=14125, mean=0.575668, stdev=0.108699, best fit=0.689200, best_overall=0.689200, mean_diversity=0.126534,
indivs=13238678, elapsed_secs=14136, mean=0.601799, stdev=0.108793, best fit=0.689200, best_overall=0.689200, mean_diversity=0.231948,
indivs=13248776, elapsed_secs=14146, mean=0.594755, stdev=0.121846, best fit=0.689200, best_overall=0.689200, mean_diversity=0.171267,
indivs=13258874, elapsed_secs=14155, mean=0.512284, stdev=0.131357, best fit=0.689200, best_overall=0.689200, mean_diversity=0.066552,
indivs=13268972, elapsed_secs=14165, mean=0.584496, stdev=0.105894, best fit=0.689200, best_overall=0.689200, mean_diversity=0.370393,
indivs=13279070, elapsed_secs=14174, mean=0.573711, stdev=0.089227, best fit=0.689200, best_overall=0.689200, mean_diversity=0.299901,
indivs=13289168, elapsed_secs=14183, mean=0.558799, stdev=0.099852, best fit=0.689200, best_overall=0.689200, mean_diversity=0.269004,
indivs=13299266, elapsed_secs=14195, mean=0.590915, stdev=0.126801, best fit=0.689200, best_overall=0.689200, mean_diversity=0.091857,
indivs=13309364, elapsed_secs=14204, mean=0.505307, stdev=0.201262, best fit=0.689200, best_overall=0.689200, mean_diversity=0.293579,
indivs=13319462, elapsed_secs=14214, mean=0.584510, stdev=0.061895, best fit=0.689200, best_overall=0.689200, mean_diversity=0.236164,
indivs=13329560, elapsed_secs=14223, mean=0.562118, stdev=0.147100, best fit=0.689200, best_overall=0.689200, mean_diversity=0.230062,
indivs=13339658, elapsed_secs=14233, mean=0.555934, stdev=0.117500, best fit=0.689200, best_overall=0.689200, mean_diversity=0.207685,
indivs=13349756, elapsed_secs=14241, mean=0.497713, stdev=0.140657, best fit=0.689200, best_overall=0.689200, mean_diversity=0.192932,
indivs=13359854, elapsed_secs=14252, mean=0.541188, stdev=0.161635, best fit=0.689200, best_overall=0.689200, mean_diversity=0.186747,
indivs=13369952, elapsed_secs=14263, mean=0.604091, stdev=0.196714, best fit=0.689200, best_overall=0.689200, mean_diversity=0.117068,
indivs=13380050, elapsed_secs=14273, mean=0.538369, stdev=0.140919, best fit=0.689200, best_overall=0.689200, mean_diversity=0.176089,
indivs=13390148, elapsed_secs=14284, mean=0.506659, stdev=0.109910, best fit=0.689200, best_overall=0.689200, mean_diversity=0.198133,
indivs=13400246, elapsed_secs=14293, mean=0.571529, stdev=0.120896, best fit=0.689200, best_overall=0.689200, mean_diversity=0.276562,
indivs=13410344, elapsed_secs=14303, mean=0.505626, stdev=0.158755, best fit=0.689200, best_overall=0.689200, mean_diversity=0.293497,
indivs=13420442, elapsed_secs=14311, mean=0.512488, stdev=0.040135, best fit=0.689200, best_overall=0.689200, mean_diversity=0.126419,
indivs=13430540, elapsed_secs=14321, mean=0.521835, stdev=0.128391, best fit=0.689200, best_overall=0.689200, mean_diversity=0.244735,
indivs=13440638, elapsed_secs=14331, mean=0.584269, stdev=0.075682, best fit=0.689200, best_overall=0.689200, mean_diversity=0.090867,
indivs=13450736, elapsed_secs=14340, mean=0.547377, stdev=0.064258, best fit=0.689200, best_overall=0.689200, mean_diversity=0.357149,
indivs=13460834, elapsed_secs=14349, mean=0.541920, stdev=0.118182, best fit=0.689200, best_overall=0.689200, mean_diversity=0.283682,
indivs=13470932, elapsed_secs=14359, mean=0.534770, stdev=0.104379, best fit=0.689200, best_overall=0.689200, mean_diversity=0.210593,
indivs=13481030, elapsed_secs=14368, mean=0.512843, stdev=0.046816, best fit=0.689200, best_overall=0.689200, mean_diversity=0.144478,
indivs=13491128, elapsed_secs=14380, mean=0.559411, stdev=0.129642, best fit=0.689200, best_overall=0.689200, mean_diversity=0.307043,
indivs=13501226, elapsed_secs=14391, mean=0.620597, stdev=0.120073, best fit=0.689200, best_overall=0.689200, mean_diversity=0.144818,
indivs=13511324, elapsed_secs=14401, mean=0.548379, stdev=0.082685, best fit=0.689200, best_overall=0.689200, mean_diversity=0.507183,
indivs=13521422, elapsed_secs=14411, mean=0.588939, stdev=0.133871, best fit=0.689200, best_overall=0.689200, mean_diversity=0.107691,
indivs=13531520, elapsed_secs=14420, mean=0.582303, stdev=0.071411, best fit=0.689200, best_overall=0.689200, mean_diversity=0.242378,
indivs=13541618, elapsed_secs=14429, mean=0.431449, stdev=0.197375, best fit=0.689200, best_overall=0.689200, mean_diversity=0.172461,
indivs=13551716, elapsed_secs=14438, mean=0.597355, stdev=0.126541, best fit=0.689200, best_overall=0.689200, mean_diversity=0.110021,
indivs=13561814, elapsed_secs=14448, mean=0.473672, stdev=0.112913, best fit=0.689200, best_overall=0.689200, mean_diversity=0.110718,
indivs=13571912, elapsed_secs=14457, mean=0.586971, stdev=0.112192, best fit=0.689200, best_overall=0.689200, mean_diversity=0.169956,
indivs=13582010, elapsed_secs=14468, mean=0.521403, stdev=0.059357, best fit=0.689200, best_overall=0.689200, mean_diversity=0.234324,
indivs=13592108, elapsed_secs=14476, mean=0.596699, stdev=0.133157, best fit=0.689200, best_overall=0.689200, mean_diversity=0.133056,
indivs=13602206, elapsed_secs=14486, mean=0.606591, stdev=0.147194, best fit=0.689200, best_overall=0.689200, mean_diversity=0.238696,
indivs=13612304, elapsed_secs=14496, mean=0.509082, stdev=0.039988, best fit=0.689200, best_overall=0.689200, mean_diversity=0.154574,
indivs=13622402, elapsed_secs=14506, mean=0.539841, stdev=0.128082, best fit=0.689200, best_overall=0.689200, mean_diversity=0.214309,
indivs=13632500, elapsed_secs=14516, mean=0.556308, stdev=0.102261, best fit=0.689200, best_overall=0.689200, mean_diversity=0.367659,
indivs=13642598, elapsed_secs=14525, mean=0.568308, stdev=0.131217, best fit=0.689200, best_overall=0.689200, mean_diversity=0.245316,
indivs=13652696, elapsed_secs=14533, mean=0.549250, stdev=0.139362, best fit=0.689200, best_overall=0.689200, mean_diversity=0.139641,
indivs=13662794, elapsed_secs=14542, mean=0.543899, stdev=0.095160, best fit=0.689200, best_overall=0.689200, mean_diversity=0.246753,
indivs=13672892, elapsed_secs=14552, mean=0.545566, stdev=0.132081, best fit=0.689200, best_overall=0.689200, mean_diversity=0.301397,
indivs=13682990, elapsed_secs=14563, mean=0.540711, stdev=0.066045, best fit=0.689200, best_overall=0.689200, mean_diversity=0.459393,
indivs=13693088, elapsed_secs=14571, mean=0.546316, stdev=0.131263, best fit=0.689200, best_overall=0.689200, mean_diversity=0.107765,
indivs=13703186, elapsed_secs=14582, mean=0.578898, stdev=0.136830, best fit=0.689200, best_overall=0.689200, mean_diversity=0.181880,
indivs=13713284, elapsed_secs=14590, mean=0.597196, stdev=0.107800, best fit=0.689200, best_overall=0.689200, mean_diversity=0.155284,
indivs=13723382, elapsed_secs=14600, mean=0.591975, stdev=0.118980, best fit=0.689200, best_overall=0.689200, mean_diversity=0.145824,
indivs=13733480, elapsed_secs=14611, mean=0.531818, stdev=0.135976, best fit=0.689200, best_overall=0.689200, mean_diversity=0.323567,
indivs=13743578, elapsed_secs=14621, mean=0.563978, stdev=0.103915, best fit=0.689200, best_overall=0.689200, mean_diversity=0.413744,
indivs=13753676, elapsed_secs=14630, mean=0.586867, stdev=0.102261, best fit=0.689200, best_overall=0.689200, mean_diversity=0.210658,
indivs=13763774, elapsed_secs=14641, mean=0.550809, stdev=0.154472, best fit=0.689200, best_overall=0.689200, mean_diversity=0.155099,
indivs=13773872, elapsed_secs=14651, mean=0.568929, stdev=0.175589, best fit=0.689200, best_overall=0.689200, mean_diversity=0.112325,
indivs=13783970, elapsed_secs=14661, mean=0.525629, stdev=0.178749, best fit=0.689200, best_overall=0.689200, mean_diversity=0.301429,
indivs=13794068, elapsed_secs=14669, mean=0.501441, stdev=0.019397, best fit=0.689200, best_overall=0.689200, mean_diversity=0.140672,
indivs=13804166, elapsed_secs=14679, mean=0.622239, stdev=0.103276, best fit=0.689200, best_overall=0.689200, mean_diversity=0.144774,
indivs=13814264, elapsed_secs=14688, mean=0.503718, stdev=0.026030, best fit=0.689200, best_overall=0.689200, mean_diversity=0.201073,
indivs=13824362, elapsed_secs=14698, mean=0.595102, stdev=0.108752, best fit=0.689200, best_overall=0.689200, mean_diversity=0.154669,
indivs=13834460, elapsed_secs=14707, mean=0.505005, stdev=0.026055, best fit=0.689200, best_overall=0.689200, mean_diversity=0.138395,
indivs=13844558, elapsed_secs=14716, mean=0.492440, stdev=0.073742, best fit=0.689200, best_overall=0.689200, mean_diversity=0.223897,
indivs=13854656, elapsed_secs=14726, mean=0.530579, stdev=0.115991, best fit=0.689200, best_overall=0.689200, mean_diversity=0.250575,
indivs=13864754, elapsed_secs=14735, mean=0.556162, stdev=0.119887, best fit=0.689200, best_overall=0.689200, mean_diversity=0.218000,
indivs=13874852, elapsed_secs=14748, mean=0.597780, stdev=0.151861, best fit=0.689200, best_overall=0.689200, mean_diversity=0.033674,
indivs=13884950, elapsed_secs=14760, mean=0.519363, stdev=0.156371, best fit=0.689200, best_overall=0.689200, mean_diversity=0.106040,
indivs=13895048, elapsed_secs=14768, mean=0.523077, stdev=0.105532, best fit=0.689200, best_overall=0.689200, mean_diversity=0.267166,
indivs=13905146, elapsed_secs=14777, mean=0.491954, stdev=0.129741, best fit=0.689200, best_overall=0.689200, mean_diversity=0.184553,
indivs=13915244, elapsed_secs=14786, mean=0.531897, stdev=0.062567, best fit=0.689200, best_overall=0.689200, mean_diversity=0.445298,
indivs=13925342, elapsed_secs=14796, mean=0.480114, stdev=0.088117, best fit=0.689200, best_overall=0.689200, mean_diversity=0.181785,
indivs=13935440, elapsed_secs=14803, mean=0.490984, stdev=0.069771, best fit=0.689200, best_overall=0.689200, mean_diversity=0.107385,
indivs=13945538, elapsed_secs=14814, mean=0.576749, stdev=0.154088, best fit=0.689200, best_overall=0.689200, mean_diversity=0.103072,
indivs=13955636, elapsed_secs=14824, mean=0.467615, stdev=0.121313, best fit=0.689200, best_overall=0.689200, mean_diversity=0.169700,
indivs=13965734, elapsed_secs=14834, mean=0.511598, stdev=0.047296, best fit=0.689200, best_overall=0.689200, mean_diversity=0.194960,
indivs=13975832, elapsed_secs=14846, mean=0.483521, stdev=0.104785, best fit=0.689200, best_overall=0.689200, mean_diversity=0.213681,
indivs=13985930, elapsed_secs=14854, mean=0.501291, stdev=0.089739, best fit=0.689200, best_overall=0.689200, mean_diversity=0.225061,
indivs=13996028, elapsed_secs=14864, mean=0.566964, stdev=0.120738, best fit=0.689200, best_overall=0.689200, mean_diversity=0.249071,
indivs=14006126, elapsed_secs=14873, mean=0.507509, stdev=0.073998, best fit=0.689200, best_overall=0.689200, mean_diversity=0.130012,
indivs=14016224, elapsed_secs=14882, mean=0.539503, stdev=0.091110, best fit=0.689200, best_overall=0.689200, mean_diversity=0.310035,
indivs=14026322, elapsed_secs=14892, mean=0.575824, stdev=0.112038, best fit=0.689200, best_overall=0.689200, mean_diversity=0.339588,
indivs=14036420, elapsed_secs=14902, mean=0.512982, stdev=0.095274, best fit=0.689200, best_overall=0.689200, mean_diversity=0.168903,
indivs=14046518, elapsed_secs=14912, mean=0.583523, stdev=0.129850, best fit=0.689200, best_overall=0.689200, mean_diversity=0.295282,
indivs=14056616, elapsed_secs=14923, mean=0.507134, stdev=0.154220, best fit=0.689200, best_overall=0.689200, mean_diversity=0.418716,
indivs=14066714, elapsed_secs=14932, mean=0.525848, stdev=0.108302, best fit=0.689200, best_overall=0.689200, mean_diversity=0.193940,
indivs=14076812, elapsed_secs=14944, mean=0.550844, stdev=0.141606, best fit=0.689200, best_overall=0.689200, mean_diversity=0.193404,
indivs=14086910, elapsed_secs=14952, mean=0.490123, stdev=0.091739, best fit=0.689200, best_overall=0.689200, mean_diversity=0.163045,
indivs=14097008, elapsed_secs=14960, mean=0.543257, stdev=0.107068, best fit=0.689200, best_overall=0.689200, mean_diversity=0.087892,
indivs=14107106, elapsed_secs=14970, mean=0.631054, stdev=0.116135, best fit=0.689200, best_overall=0.689200, mean_diversity=0.049021,
indivs=14117204, elapsed_secs=14979, mean=0.501878, stdev=0.018827, best fit=0.689200, best_overall=0.689200, mean_diversity=0.113071,
indivs=14127302, elapsed_secs=14988, mean=0.561629, stdev=0.086986, best fit=0.689200, best_overall=0.689200, mean_diversity=0.354589,
indivs=14137400, elapsed_secs=14999, mean=0.559191, stdev=0.155059, best fit=0.689200, best_overall=0.689200, mean_diversity=0.304809,
indivs=14147498, elapsed_secs=15011, mean=0.518354, stdev=0.116177, best fit=0.689200, best_overall=0.689200, mean_diversity=0.122413,
indivs=14157596, elapsed_secs=15020, mean=0.582345, stdev=0.119769, best fit=0.689200, best_overall=0.689200, mean_diversity=0.186595,
indivs=14167694, elapsed_secs=15030, mean=0.585062, stdev=0.104410, best fit=0.689200, best_overall=0.689200, mean_diversity=0.229601,
indivs=14177792, elapsed_secs=15041, mean=0.537309, stdev=0.191185, best fit=0.689200, best_overall=0.689200, mean_diversity=0.164692,
indivs=14187890, elapsed_secs=15053, mean=0.565988, stdev=0.072467, best fit=0.689200, best_overall=0.689200, mean_diversity=0.084957,
indivs=14197988, elapsed_secs=15065, mean=0.540362, stdev=0.123817, best fit=0.689200, best_overall=0.689200, mean_diversity=0.271585,
indivs=14208086, elapsed_secs=15075, mean=0.467031, stdev=0.099939, best fit=0.689200, best_overall=0.689200, mean_diversity=0.254712,
indivs=14218184, elapsed_secs=15085, mean=0.499651, stdev=0.064067, best fit=0.689200, best_overall=0.689200, mean_diversity=0.142910,
indivs=14228282, elapsed_secs=15093, mean=0.592560, stdev=0.146576, best fit=0.689200, best_overall=0.689200, mean_diversity=0.227204,
indivs=14238380, elapsed_secs=15103, mean=0.566825, stdev=0.106955, best fit=0.689200, best_overall=0.689200, mean_diversity=0.342448,
indivs=14248478, elapsed_secs=15112, mean=0.491892, stdev=0.072748, best fit=0.689200, best_overall=0.689200, mean_diversity=0.281542,
indivs=14258576, elapsed_secs=15124, mean=0.585734, stdev=0.081712, best fit=0.689200, best_overall=0.689200, mean_diversity=0.128873,
indivs=14268674, elapsed_secs=15134, mean=0.501072, stdev=0.019285, best fit=0.689200, best_overall=0.689200, mean_diversity=0.112637,
indivs=14278772, elapsed_secs=15143, mean=0.596468, stdev=0.135859, best fit=0.689200, best_overall=0.689200, mean_diversity=0.194179,
indivs=14288870, elapsed_secs=15154, mean=0.501892, stdev=0.018825, best fit=0.689200, best_overall=0.689200, mean_diversity=0.099693,
indivs=14298968, elapsed_secs=15165, mean=0.577206, stdev=0.125716, best fit=0.689200, best_overall=0.689200, mean_diversity=0.284167,
indivs=14309066, elapsed_secs=15177, mean=0.620196, stdev=0.113733, best fit=0.689200, best_overall=0.689200, mean_diversity=0.133092,
indivs=14319164, elapsed_secs=15188, mean=0.581324, stdev=0.086898, best fit=0.689200, best_overall=0.689200, mean_diversity=0.106040,
indivs=14329262, elapsed_secs=15199, mean=0.580491, stdev=0.103651, best fit=0.689200, best_overall=0.689200, mean_diversity=0.353297,
indivs=14339360, elapsed_secs=15208, mean=0.502585, stdev=0.026673, best fit=0.689200, best_overall=0.689200, mean_diversity=0.088534,
indivs=14349458, elapsed_secs=15217, mean=0.557720, stdev=0.097245, best fit=0.689200, best_overall=0.689200, mean_diversity=0.204363,
indivs=14359556, elapsed_secs=15226, mean=0.575141, stdev=0.103462, best fit=0.689200, best_overall=0.689200, mean_diversity=0.190203,
indivs=14369654, elapsed_secs=15237, mean=0.532549, stdev=0.073141, best fit=0.689200, best_overall=0.689200, mean_diversity=0.194971,
indivs=14379752, elapsed_secs=15248, mean=0.636345, stdev=0.097084, best fit=0.689200, best_overall=0.689200, mean_diversity=0.132201,
indivs=14389850, elapsed_secs=15258, mean=0.548043, stdev=0.216182, best fit=0.689200, best_overall=0.689200, mean_diversity=0.360596,
indivs=14399948, elapsed_secs=15270, mean=0.539420, stdev=0.095922, best fit=0.689200, best_overall=0.689200, mean_diversity=0.274528,
indivs=14410046, elapsed_secs=15278, mean=0.548979, stdev=0.062006, best fit=0.689200, best_overall=0.689200, mean_diversity=0.438367,
indivs=14420144, elapsed_secs=15289, mean=0.486876, stdev=0.088919, best fit=0.689200, best_overall=0.689200, mean_diversity=0.237588,
indivs=14430242, elapsed_secs=15298, mean=0.598491, stdev=0.059892, best fit=0.689200, best_overall=0.689200, mean_diversity=0.168096,
indivs=14440340, elapsed_secs=15309, mean=0.514106, stdev=0.078599, best fit=0.689200, best_overall=0.689200, mean_diversity=0.198783,
indivs=14450438, elapsed_secs=15318, mean=0.522717, stdev=0.084863, best fit=0.689200, best_overall=0.689200, mean_diversity=0.194387,
indivs=14460536, elapsed_secs=15328, mean=0.544029, stdev=0.100413, best fit=0.689200, best_overall=0.689200, mean_diversity=0.266084,
indivs=14470634, elapsed_secs=15338, mean=0.521185, stdev=0.068514, best fit=0.689200, best_overall=0.689200, mean_diversity=0.142650,
indivs=14480732, elapsed_secs=15346, mean=0.488911, stdev=0.073371, best fit=0.689200, best_overall=0.689200, mean_diversity=0.091844,
indivs=14490830, elapsed_secs=15355, mean=0.534344, stdev=0.079263, best fit=0.689200, best_overall=0.689200, mean_diversity=0.299044,
indivs=14500928, elapsed_secs=15364, mean=0.469892, stdev=0.119988, best fit=0.689200, best_overall=0.689200, mean_diversity=0.262442,
indivs=14511026, elapsed_secs=15374, mean=0.536884, stdev=0.125382, best fit=0.689200, best_overall=0.689200, mean_diversity=0.237879,
indivs=14521124, elapsed_secs=15385, mean=0.503261, stdev=0.082617, best fit=0.689200, best_overall=0.689200, mean_diversity=0.333943,
indivs=14531222, elapsed_secs=15393, mean=0.527714, stdev=0.146422, best fit=0.689200, best_overall=0.689200, mean_diversity=0.292218,
indivs=14541320, elapsed_secs=15403, mean=0.502957, stdev=0.139693, best fit=0.689200, best_overall=0.689200, mean_diversity=0.120547,
indivs=14551418, elapsed_secs=15413, mean=0.516946, stdev=0.072532, best fit=0.689200, best_overall=0.689200, mean_diversity=0.211822,
indivs=14561516, elapsed_secs=15422, mean=0.492837, stdev=0.190068, best fit=0.689200, best_overall=0.689200, mean_diversity=0.279165,
indivs=14571614, elapsed_secs=15433, mean=0.595919, stdev=0.121294, best fit=0.689200, best_overall=0.689200, mean_diversity=0.070313,
indivs=14581712, elapsed_secs=15441, mean=0.514739, stdev=0.137528, best fit=0.689200, best_overall=0.689200, mean_diversity=0.189676,
indivs=14591810, elapsed_secs=15450, mean=0.526691, stdev=0.088315, best fit=0.689200, best_overall=0.689200, mean_diversity=0.422045,
indivs=14601908, elapsed_secs=15460, mean=0.449524, stdev=0.125400, best fit=0.689200, best_overall=0.689200, mean_diversity=0.122853,
indivs=14612006, elapsed_secs=15471, mean=0.516808, stdev=0.049227, best fit=0.689200, best_overall=0.689200, mean_diversity=0.185365,
indivs=14622104, elapsed_secs=15482, mean=0.589073, stdev=0.135693, best fit=0.689200, best_overall=0.689200, mean_diversity=0.156969,
indivs=14632202, elapsed_secs=15492, mean=0.606129, stdev=0.132420, best fit=0.689200, best_overall=0.689200, mean_diversity=0.326027,
indivs=14642300, elapsed_secs=15501, mean=0.496889, stdev=0.053369, best fit=0.689200, best_overall=0.689200, mean_diversity=0.132261,
indivs=14652398, elapsed_secs=15511, mean=0.568833, stdev=0.114403, best fit=0.689200, best_overall=0.689200, mean_diversity=0.126850,
indivs=14662496, elapsed_secs=15521, mean=0.595638, stdev=0.118800, best fit=0.689200, best_overall=0.689200, mean_diversity=0.261378,
indivs=14672594, elapsed_secs=15530, mean=0.548279, stdev=0.142660, best fit=0.689200, best_overall=0.689200, mean_diversity=0.170600,
indivs=14682692, elapsed_secs=15539, mean=0.505450, stdev=0.067157, best fit=0.689200, best_overall=0.689200, mean_diversity=0.165960,
indivs=14692790, elapsed_secs=15549, mean=0.513761, stdev=0.120152, best fit=0.689200, best_overall=0.689200, mean_diversity=0.224081,
indivs=14702888, elapsed_secs=15557, mean=0.605758, stdev=0.122514, best fit=0.689200, best_overall=0.689200, mean_diversity=0.213563,
indivs=14712986, elapsed_secs=15566, mean=0.539845, stdev=0.125355, best fit=0.689200, best_overall=0.689200, mean_diversity=0.272326,
indivs=14723084, elapsed_secs=15575, mean=0.595946, stdev=0.084350, best fit=0.689200, best_overall=0.689200, mean_diversity=0.279333,
indivs=14733182, elapsed_secs=15586, mean=0.553820, stdev=0.083109, best fit=0.689200, best_overall=0.689200, mean_diversity=0.262619,
indivs=14743280, elapsed_secs=15595, mean=0.509446, stdev=0.124491, best fit=0.689200, best_overall=0.689200, mean_diversity=0.286226,
indivs=14753378, elapsed_secs=15605, mean=0.550878, stdev=0.109766, best fit=0.689200, best_overall=0.689200, mean_diversity=0.327452,
indivs=14763476, elapsed_secs=15614, mean=0.638112, stdev=0.078234, best fit=0.689200, best_overall=0.689200, mean_diversity=0.183519,
indivs=14773574, elapsed_secs=15625, mean=0.508685, stdev=0.067955, best fit=0.689200, best_overall=0.689200, mean_diversity=0.236264,
indivs=14783672, elapsed_secs=15636, mean=0.509123, stdev=0.069443, best fit=0.689200, best_overall=0.689200, mean_diversity=0.181111,
indivs=14793770, elapsed_secs=15647, mean=0.451779, stdev=0.151775, best fit=0.689200, best_overall=0.689200, mean_diversity=0.101942,
indivs=14803868, elapsed_secs=15655, mean=0.597589, stdev=0.118072, best fit=0.689200, best_overall=0.689200, mean_diversity=0.144927,
indivs=14813966, elapsed_secs=15666, mean=0.551054, stdev=0.129549, best fit=0.689200, best_overall=0.689200, mean_diversity=0.146750,
indivs=14824064, elapsed_secs=15674, mean=0.568997, stdev=0.105949, best fit=0.689200, best_overall=0.689200, mean_diversity=0.226790,
indivs=14834162, elapsed_secs=15682, mean=0.519994, stdev=0.094497, best fit=0.689200, best_overall=0.689200, mean_diversity=0.400657,
indivs=14844260, elapsed_secs=15693, mean=0.578438, stdev=0.125187, best fit=0.689200, best_overall=0.689200, mean_diversity=0.111334,
indivs=14854358, elapsed_secs=15702, mean=0.559508, stdev=0.123998, best fit=0.689200, best_overall=0.689200, mean_diversity=0.296388,
indivs=14864456, elapsed_secs=15712, mean=0.498673, stdev=0.102095, best fit=0.689200, best_overall=0.689200, mean_diversity=0.180769,
indivs=14874554, elapsed_secs=15720, mean=0.500867, stdev=0.062509, best fit=0.689200, best_overall=0.689200, mean_diversity=0.088169,
indivs=14884652, elapsed_secs=15729, mean=0.601423, stdev=0.090467, best fit=0.689200, best_overall=0.689200, mean_diversity=0.196820,
indivs=14894750, elapsed_secs=15739, mean=0.633338, stdev=0.099039, best fit=0.689200, best_overall=0.689200, mean_diversity=0.267863,
indivs=14904848, elapsed_secs=15750, mean=0.573015, stdev=0.158220, best fit=0.689200, best_overall=0.689200, mean_diversity=0.287492,
indivs=14914946, elapsed_secs=15760, mean=0.511274, stdev=0.072977, best fit=0.689200, best_overall=0.689200, mean_diversity=0.411500,
indivs=14925044, elapsed_secs=15768, mean=0.517744, stdev=0.054928, best fit=0.689200, best_overall=0.689200, mean_diversity=0.147980,
indivs=14935142, elapsed_secs=15780, mean=0.507368, stdev=0.036080, best fit=0.689200, best_overall=0.689200, mean_diversity=0.132873,
indivs=14945240, elapsed_secs=15788, mean=0.504284, stdev=0.026534, best fit=0.689200, best_overall=0.689200, mean_diversity=0.075506,
indivs=14955338, elapsed_secs=15798, mean=0.572070, stdev=0.132617, best fit=0.689200, best_overall=0.689200, mean_diversity=0.249978,
indivs=14965436, elapsed_secs=15807, mean=0.545358, stdev=0.079119, best fit=0.689200, best_overall=0.689200, mean_diversity=0.286604,
indivs=14975534, elapsed_secs=15820, mean=0.574038, stdev=0.096333, best fit=0.689200, best_overall=0.689200, mean_diversity=0.465672,
indivs=14985632, elapsed_secs=15829, mean=0.490403, stdev=0.119073, best fit=0.689200, best_overall=0.689200, mean_diversity=0.115053,
indivs=14995730, elapsed_secs=15840, mean=0.531005, stdev=0.140331, best fit=0.689200, best_overall=0.689200, mean_diversity=0.307514,
indivs=15005828, elapsed_secs=15850, mean=0.543342, stdev=0.099720, best fit=0.689200, best_overall=0.689200, mean_diversity=0.142434,
indivs=15015926, elapsed_secs=15863, mean=0.509204, stdev=0.102073, best fit=0.689200, best_overall=0.689200, mean_diversity=0.231609,
indivs=15026024, elapsed_secs=15873, mean=0.542107, stdev=0.110046, best fit=0.689200, best_overall=0.689200, mean_diversity=0.244983,
indivs=15036122, elapsed_secs=15882, mean=0.504558, stdev=0.085988, best fit=0.689200, best_overall=0.689200, mean_diversity=0.254876,
indivs=15046220, elapsed_secs=15891, mean=0.589113, stdev=0.125623, best fit=0.689200, best_overall=0.689200, mean_diversity=0.244307,
indivs=15056318, elapsed_secs=15902, mean=0.481280, stdev=0.091895, best fit=0.689200, best_overall=0.689200, mean_diversity=0.079593,
indivs=15066416, elapsed_secs=15912, mean=0.507004, stdev=0.071436, best fit=0.689200, best_overall=0.689200, mean_diversity=0.464089,
indivs=15076514, elapsed_secs=15921, mean=0.600125, stdev=0.107021, best fit=0.689200, best_overall=0.689200, mean_diversity=0.242057,
indivs=15086612, elapsed_secs=15928, mean=0.565396, stdev=0.119840, best fit=0.689200, best_overall=0.689200, mean_diversity=0.247829,
indivs=15096710, elapsed_secs=15944, mean=0.567592, stdev=0.079504, best fit=0.689200, best_overall=0.689200, mean_diversity=0.314419,
indivs=15106808, elapsed_secs=15954, mean=0.520207, stdev=0.103044, best fit=0.689200, best_overall=0.689200, mean_diversity=0.287298,
indivs=15116906, elapsed_secs=15966, mean=0.615482, stdev=0.093558, best fit=0.689200, best_overall=0.689200, mean_diversity=0.228704,
indivs=15127004, elapsed_secs=15978, mean=0.535859, stdev=0.070540, best fit=0.689200, best_overall=0.689200, mean_diversity=0.245450,
indivs=15137102, elapsed_secs=15989, mean=0.565645, stdev=0.088695, best fit=0.689200, best_overall=0.689200, mean_diversity=0.427311,
indivs=15147200, elapsed_secs=15999, mean=0.602043, stdev=0.130182, best fit=0.689200, best_overall=0.689200, mean_diversity=0.049021,
indivs=15157298, elapsed_secs=16008, mean=0.591113, stdev=0.083528, best fit=0.689200, best_overall=0.689200, mean_diversity=0.120816,
indivs=15167396, elapsed_secs=16017, mean=0.601051, stdev=0.107385, best fit=0.689200, best_overall=0.689200, mean_diversity=0.178467,
indivs=15177494, elapsed_secs=16024, mean=0.578387, stdev=0.117039, best fit=0.689200, best_overall=0.689200, mean_diversity=0.128267,
indivs=15187592, elapsed_secs=16033, mean=0.583124, stdev=0.163523, best fit=0.689200, best_overall=0.689200, mean_diversity=0.134283,
indivs=15197690, elapsed_secs=16043, mean=0.526595, stdev=0.141595, best fit=0.689200, best_overall=0.689200, mean_diversity=0.284063,
indivs=15207788, elapsed_secs=16051, mean=0.504483, stdev=0.025382, best fit=0.689200, best_overall=0.689200, mean_diversity=0.264631,
indivs=15217886, elapsed_secs=16061, mean=0.541564, stdev=0.078061, best fit=0.689200, best_overall=0.689200, mean_diversity=0.240952,
indivs=15227984, elapsed_secs=16070, mean=0.568275, stdev=0.101990, best fit=0.689200, best_overall=0.689200, mean_diversity=0.209687,
indivs=15238082, elapsed_secs=16080, mean=0.564654, stdev=0.112374, best fit=0.689200, best_overall=0.689200, mean_diversity=0.230268,
indivs=15248180, elapsed_secs=16090, mean=0.558029, stdev=0.078174, best fit=0.689200, best_overall=0.689200, mean_diversity=0.317984,
indivs=15258278, elapsed_secs=16100, mean=0.518539, stdev=0.183857, best fit=0.689200, best_overall=0.689200, mean_diversity=0.187265,
indivs=15268376, elapsed_secs=16111, mean=0.587827, stdev=0.081738, best fit=0.689200, best_overall=0.689200, mean_diversity=0.293175,
indivs=15278474, elapsed_secs=16120, mean=0.554017, stdev=0.084178, best fit=0.689200, best_overall=0.689200, mean_diversity=0.458725,
indivs=15288572, elapsed_secs=16132, mean=0.527077, stdev=0.060595, best fit=0.689200, best_overall=0.689200, mean_diversity=0.242092,
indivs=15298670, elapsed_secs=16143, mean=0.590222, stdev=0.089739, best fit=0.689200, best_overall=0.689200, mean_diversity=0.182701,
indivs=15308768, elapsed_secs=16153, mean=0.575371, stdev=0.076962, best fit=0.689200, best_overall=0.689200, mean_diversity=0.469882,
indivs=15318866, elapsed_secs=16164, mean=0.568648, stdev=0.161128, best fit=0.689200, best_overall=0.689200, mean_diversity=0.169657,
indivs=15328964, elapsed_secs=16173, mean=0.544793, stdev=0.112115, best fit=0.689200, best_overall=0.689200, mean_diversity=0.330711,
indivs=15339062, elapsed_secs=16184, mean=0.588179, stdev=0.122328, best fit=0.689200, best_overall=0.689200, mean_diversity=0.306197,
indivs=15349160, elapsed_secs=16194, mean=0.614343, stdev=0.087199, best fit=0.689200, best_overall=0.689200, mean_diversity=0.150887,
indivs=15359258, elapsed_secs=16203, mean=0.532162, stdev=0.120465, best fit=0.689200, best_overall=0.689200, mean_diversity=0.264664,
indivs=15369356, elapsed_secs=16213, mean=0.540643, stdev=0.139375, best fit=0.689200, best_overall=0.689200, mean_diversity=0.316463,
indivs=15379454, elapsed_secs=16222, mean=0.499032, stdev=0.059915, best fit=0.689200, best_overall=0.689200, mean_diversity=0.215246,
indivs=15389552, elapsed_secs=16233, mean=0.520895, stdev=0.046618, best fit=0.689200, best_overall=0.689200, mean_diversity=0.354760,
indivs=15399650, elapsed_secs=16242, mean=0.553036, stdev=0.088391, best fit=0.689200, best_overall=0.689200, mean_diversity=0.326593,
indivs=15409748, elapsed_secs=16253, mean=0.533564, stdev=0.080525, best fit=0.689200, best_overall=0.689200, mean_diversity=0.300101,
indivs=15419846, elapsed_secs=16264, mean=0.612032, stdev=0.121581, best fit=0.689200, best_overall=0.689200, mean_diversity=0.168969,
indivs=15429944, elapsed_secs=16274, mean=0.599684, stdev=0.121838, best fit=0.689200, best_overall=0.689200, mean_diversity=0.083553,
indivs=15440042, elapsed_secs=16283, mean=0.511019, stdev=0.094958, best fit=0.689200, best_overall=0.689200, mean_diversity=0.304281,
indivs=15450140, elapsed_secs=16294, mean=0.550185, stdev=0.059927, best fit=0.689200, best_overall=0.689200, mean_diversity=0.284576,
indivs=15460238, elapsed_secs=16304, mean=0.543737, stdev=0.075246, best fit=0.689200, best_overall=0.689200, mean_diversity=0.256918,
indivs=15470336, elapsed_secs=16317, mean=0.500058, stdev=0.047242, best fit=0.689200, best_overall=0.689200, mean_diversity=0.137127,
indivs=15480434, elapsed_secs=16327, mean=0.573890, stdev=0.069448, best fit=0.689200, best_overall=0.689200, mean_diversity=0.276014,
indivs=15490532, elapsed_secs=16337, mean=0.585445, stdev=0.188702, best fit=0.689200, best_overall=0.689200, mean_diversity=0.069914,
indivs=15500630, elapsed_secs=16346, mean=0.582271, stdev=0.143375, best fit=0.689200, best_overall=0.689200, mean_diversity=0.102378,
indivs=15510728, elapsed_secs=16356, mean=0.549064, stdev=0.079796, best fit=0.689200, best_overall=0.689200, mean_diversity=0.202630,
indivs=15520826, elapsed_secs=16363, mean=0.594556, stdev=0.068461, best fit=0.689200, best_overall=0.689200, mean_diversity=0.082603,
indivs=15530924, elapsed_secs=16374, mean=0.592846, stdev=0.121586, best fit=0.689200, best_overall=0.689200, mean_diversity=0.173484,
indivs=15541022, elapsed_secs=16384, mean=0.566522, stdev=0.104685, best fit=0.689200, best_overall=0.689200, mean_diversity=0.260396,
indivs=15551120, elapsed_secs=16393, mean=0.611516, stdev=0.081759, best fit=0.689200, best_overall=0.689200, mean_diversity=0.116786,
indivs=15561218, elapsed_secs=16404, mean=0.602257, stdev=0.179679, best fit=0.689200, best_overall=0.689200, mean_diversity=0.071804,
indivs=15571316, elapsed_secs=16413, mean=0.491892, stdev=0.055608, best fit=0.689200, best_overall=0.689200, mean_diversity=0.101080,
indivs=15581414, elapsed_secs=16423, mean=0.577763, stdev=0.090428, best fit=0.689200, best_overall=0.689200, mean_diversity=0.155039,
indivs=15591512, elapsed_secs=16432, mean=0.563764, stdev=0.102770, best fit=0.689200, best_overall=0.689200, mean_diversity=0.274192,
indivs=15601610, elapsed_secs=16441, mean=0.515157, stdev=0.125276, best fit=0.689200, best_overall=0.689200, mean_diversity=0.182328,
indivs=15611708, elapsed_secs=16450, mean=0.575508, stdev=0.088489, best fit=0.689200, best_overall=0.689200, mean_diversity=0.121962,
indivs=15621806, elapsed_secs=16458, mean=0.503130, stdev=0.057634, best fit=0.689200, best_overall=0.689200, mean_diversity=0.107409,
indivs=15631904, elapsed_secs=16468, mean=0.613539, stdev=0.118576, best fit=0.689200, best_overall=0.689200, mean_diversity=0.196597,
indivs=15642002, elapsed_secs=16477, mean=0.515850, stdev=0.062408, best fit=0.689200, best_overall=0.689200, mean_diversity=0.244863,
indivs=15652100, elapsed_secs=16487, mean=0.585712, stdev=0.123115, best fit=0.689200, best_overall=0.689200, mean_diversity=0.315279,
indivs=15662198, elapsed_secs=16499, mean=0.463053, stdev=0.149369, best fit=0.689200, best_overall=0.689200, mean_diversity=0.291066,
indivs=15672296, elapsed_secs=16509, mean=0.523116, stdev=0.056021, best fit=0.689200, best_overall=0.689200, mean_diversity=0.236753,
indivs=15682394, elapsed_secs=16525, mean=0.486042, stdev=0.084248, best fit=0.689200, best_overall=0.689200, mean_diversity=0.199071,
indivs=15692492, elapsed_secs=16536, mean=0.531676, stdev=0.157930, best fit=0.689200, best_overall=0.689200, mean_diversity=0.061947,
indivs=15702590, elapsed_secs=16547, mean=0.543172, stdev=0.127331, best fit=0.689200, best_overall=0.689200, mean_diversity=0.389029,
indivs=15712688, elapsed_secs=16556, mean=0.607626, stdev=0.086677, best fit=0.689200, best_overall=0.689200, mean_diversity=0.127600,
indivs=15722786, elapsed_secs=16567, mean=0.576585, stdev=0.125971, best fit=0.689200, best_overall=0.689200, mean_diversity=0.163527,
indivs=15732884, elapsed_secs=16577, mean=0.598483, stdev=0.115315, best fit=0.689200, best_overall=0.689200, mean_diversity=0.128891,
indivs=15742982, elapsed_secs=16587, mean=0.504586, stdev=0.073414, best fit=0.689200, best_overall=0.689200, mean_diversity=0.151892,
indivs=15753080, elapsed_secs=16597, mean=0.586648, stdev=0.082393, best fit=0.689200, best_overall=0.689200, mean_diversity=0.142861,
indivs=15763178, elapsed_secs=16608, mean=0.551628, stdev=0.069527, best fit=0.689200, best_overall=0.689200, mean_diversity=0.224993,
indivs=15773276, elapsed_secs=16619, mean=0.533323, stdev=0.151694, best fit=0.689200, best_overall=0.689200, mean_diversity=0.246726,
indivs=15783374, elapsed_secs=16627, mean=0.539528, stdev=0.127012, best fit=0.689200, best_overall=0.689200, mean_diversity=0.147075,
indivs=15793472, elapsed_secs=16640, mean=0.553160, stdev=0.129559, best fit=0.689200, best_overall=0.689200, mean_diversity=0.337643,
indivs=15803570, elapsed_secs=16650, mean=0.552659, stdev=0.143230, best fit=0.689200, best_overall=0.689200, mean_diversity=0.304272,
indivs=15813668, elapsed_secs=16661, mean=0.505866, stdev=0.061798, best fit=0.689200, best_overall=0.689200, mean_diversity=0.256815,
indivs=15823766, elapsed_secs=16672, mean=0.620131, stdev=0.108601, best fit=0.689200, best_overall=0.689200, mean_diversity=0.201491,
indivs=15833864, elapsed_secs=16683, mean=0.512899, stdev=0.107683, best fit=0.689200, best_overall=0.689200, mean_diversity=0.275495,
indivs=15843962, elapsed_secs=16693, mean=0.497102, stdev=0.053980, best fit=0.689200, best_overall=0.689200, mean_diversity=0.114959,
indivs=15854060, elapsed_secs=16702, mean=0.557248, stdev=0.067895, best fit=0.689200, best_overall=0.689200, mean_diversity=0.295213,
indivs=15864158, elapsed_secs=16713, mean=0.590474, stdev=0.106717, best fit=0.689200, best_overall=0.689200, mean_diversity=0.226696,
indivs=15874256, elapsed_secs=16724, mean=0.494275, stdev=0.101939, best fit=0.689200, best_overall=0.689200, mean_diversity=0.246330,
indivs=15884354, elapsed_secs=16734, mean=0.595228, stdev=0.132914, best fit=0.689200, best_overall=0.689200, mean_diversity=0.088169,
indivs=15894452, elapsed_secs=16745, mean=0.473845, stdev=0.123950, best fit=0.689200, best_overall=0.689200, mean_diversity=0.271572,
indivs=15904550, elapsed_secs=16756, mean=0.538306, stdev=0.091501, best fit=0.689200, best_overall=0.689200, mean_diversity=0.200203,
indivs=15914648, elapsed_secs=16765, mean=0.512519, stdev=0.088130, best fit=0.689200, best_overall=0.689200, mean_diversity=0.156749,
indivs=15924746, elapsed_secs=16776, mean=0.591462, stdev=0.103192, best fit=0.689200, best_overall=0.689200, mean_diversity=0.154783,
indivs=15934844, elapsed_secs=16787, mean=0.471892, stdev=0.120698, best fit=0.689200, best_overall=0.689200, mean_diversity=0.295553,
indivs=15944942, elapsed_secs=16796, mean=0.518037, stdev=0.074643, best fit=0.689200, best_overall=0.689200, mean_diversity=0.257500,
indivs=15955040, elapsed_secs=16806, mean=0.526477, stdev=0.068213, best fit=0.689200, best_overall=0.689200, mean_diversity=0.239899,
indivs=15965138, elapsed_secs=16815, mean=0.569782, stdev=0.164832, best fit=0.689200, best_overall=0.689200, mean_diversity=0.136954,
indivs=15975236, elapsed_secs=16825, mean=0.575468, stdev=0.077793, best fit=0.689200, best_overall=0.689200, mean_diversity=0.175485,
indivs=15985334, elapsed_secs=16834, mean=0.616939, stdev=0.105461, best fit=0.689200, best_overall=0.689200, mean_diversity=0.284078,
indivs=15995432, elapsed_secs=16846, mean=0.547445, stdev=0.115221, best fit=0.689200, best_overall=0.689200, mean_diversity=0.311832,
indivs=16005530, elapsed_secs=16856, mean=0.582214, stdev=0.185984, best fit=0.689200, best_overall=0.689200, mean_diversity=0.071339,
indivs=16015628, elapsed_secs=16864, mean=0.483446, stdev=0.175639, best fit=0.689200, best_overall=0.689200, mean_diversity=0.215299,
indivs=16025726, elapsed_secs=16872, mean=0.539369, stdev=0.147015, best fit=0.689200, best_overall=0.689200, mean_diversity=0.269558,
indivs=16035824, elapsed_secs=16883, mean=0.488943, stdev=0.126527, best fit=0.689200, best_overall=0.689200, mean_diversity=0.092438,
indivs=16045922, elapsed_secs=16894, mean=0.585587, stdev=0.145698, best fit=0.689200, best_overall=0.689200, mean_diversity=0.154377,
indivs=16056020, elapsed_secs=16903, mean=0.582492, stdev=0.112666, best fit=0.689200, best_overall=0.689200, mean_diversity=0.203342,
indivs=16066118, elapsed_secs=16913, mean=0.528285, stdev=0.113343, best fit=0.689200, best_overall=0.689200, mean_diversity=0.258793,
indivs=16076216, elapsed_secs=16925, mean=0.553096, stdev=0.126295, best fit=0.689200, best_overall=0.689200, mean_diversity=0.178382,
indivs=16086314, elapsed_secs=16935, mean=0.517356, stdev=0.046733, best fit=0.689200, best_overall=0.689200, mean_diversity=0.238993,
indivs=16096412, elapsed_secs=16944, mean=0.515684, stdev=0.075810, best fit=0.689200, best_overall=0.689200, mean_diversity=0.269339,
indivs=16106510, elapsed_secs=16955, mean=0.488646, stdev=0.073239, best fit=0.689200, best_overall=0.689200, mean_diversity=0.175945,
indivs=16116608, elapsed_secs=16964, mean=0.582025, stdev=0.124537, best fit=0.689200, best_overall=0.689200, mean_diversity=0.240261,
indivs=16126706, elapsed_secs=16974, mean=0.570081, stdev=0.125514, best fit=0.689200, best_overall=0.689200, mean_diversity=0.101109,
indivs=16136804, elapsed_secs=16984, mean=0.529935, stdev=0.121367, best fit=0.689200, best_overall=0.689200, mean_diversity=0.402057,
indivs=16146902, elapsed_secs=16993, mean=0.562910, stdev=0.104917, best fit=0.689200, best_overall=0.689200, mean_diversity=0.260128,
indivs=16157000, elapsed_secs=17002, mean=0.537044, stdev=0.107926, best fit=0.689200, best_overall=0.689200, mean_diversity=0.358550,
indivs=16167098, elapsed_secs=17012, mean=0.520402, stdev=0.127273, best fit=0.689200, best_overall=0.689200, mean_diversity=0.325649,
indivs=16177196, elapsed_secs=17021, mean=0.603453, stdev=0.115065, best fit=0.689200, best_overall=0.689200, mean_diversity=0.082670,
indivs=16187294, elapsed_secs=17031, mean=0.533560, stdev=0.089067, best fit=0.689200, best_overall=0.689200, mean_diversity=0.326667,
indivs=16197392, elapsed_secs=17041, mean=0.513696, stdev=0.111784, best fit=0.689200, best_overall=0.689200, mean_diversity=0.295303,
indivs=16207490, elapsed_secs=17050, mean=0.536015, stdev=0.066155, best fit=0.689200, best_overall=0.689200, mean_diversity=0.313143,
indivs=16217588, elapsed_secs=17059, mean=0.575403, stdev=0.121059, best fit=0.689200, best_overall=0.689200, mean_diversity=0.153030,
indivs=16227686, elapsed_secs=17068, mean=0.546564, stdev=0.139887, best fit=0.689200, best_overall=0.689200, mean_diversity=0.248243,
indivs=16237784, elapsed_secs=17077, mean=0.562605, stdev=0.086598, best fit=0.689200, best_overall=0.689200, mean_diversity=0.355177,
indivs=16247882, elapsed_secs=17088, mean=0.630490, stdev=0.084805, best fit=0.689200, best_overall=0.689200, mean_diversity=0.142129,
indivs=16257980, elapsed_secs=17097, mean=0.469402, stdev=0.135180, best fit=0.689200, best_overall=0.689200, mean_diversity=0.132298,
indivs=16268078, elapsed_secs=17107, mean=0.499006, stdev=0.027032, best fit=0.689200, best_overall=0.689200, mean_diversity=0.068251,
indivs=16278176, elapsed_secs=17115, mean=0.480240, stdev=0.112054, best fit=0.689200, best_overall=0.689200, mean_diversity=0.240987,
indivs=16288274, elapsed_secs=17126, mean=0.500010, stdev=0.024425, best fit=0.689200, best_overall=0.689200, mean_diversity=0.182970,
indivs=16298372, elapsed_secs=17135, mean=0.566639, stdev=0.120071, best fit=0.689200, best_overall=0.689200, mean_diversity=0.305183,
indivs=16308470, elapsed_secs=17144, mean=0.472922, stdev=0.186342, best fit=0.689200, best_overall=0.689200, mean_diversity=0.414013,
indivs=16318568, elapsed_secs=17152, mean=0.497694, stdev=0.053929, best fit=0.689200, best_overall=0.689200, mean_diversity=0.070790,
indivs=16328666, elapsed_secs=17161, mean=0.563520, stdev=0.180332, best fit=0.689200, best_overall=0.689200, mean_diversity=0.073795,
indivs=16338764, elapsed_secs=17170, mean=0.629514, stdev=0.104524, best fit=0.689200, best_overall=0.689200, mean_diversity=0.115861,
indivs=16348862, elapsed_secs=17179, mean=0.501223, stdev=0.019037, best fit=0.689200, best_overall=0.689200, mean_diversity=0.086566,
indivs=16358960, elapsed_secs=17188, mean=0.576393, stdev=0.117724, best fit=0.689200, best_overall=0.689200, mean_diversity=0.229291,
indivs=16369058, elapsed_secs=17197, mean=0.554399, stdev=0.083500, best fit=0.689200, best_overall=0.689200, mean_diversity=0.422731,
indivs=16379156, elapsed_secs=17208, mean=0.499648, stdev=0.057124, best fit=0.689200, best_overall=0.689200, mean_diversity=0.283323,
indivs=16389254, elapsed_secs=17216, mean=0.567327, stdev=0.124271, best fit=0.689200, best_overall=0.689200, mean_diversity=0.093263,
indivs=16399352, elapsed_secs=17226, mean=0.589915, stdev=0.095516, best fit=0.689200, best_overall=0.689200, mean_diversity=0.181501,
indivs=16409450, elapsed_secs=17234, mean=0.534758, stdev=0.149618, best fit=0.689200, best_overall=0.689200, mean_diversity=0.298282,
indivs=16419548, elapsed_secs=17245, mean=0.535853, stdev=0.094397, best fit=0.689200, best_overall=0.689200, mean_diversity=0.447798,
indivs=16429646, elapsed_secs=17255, mean=0.535231, stdev=0.071701, best fit=0.689200, best_overall=0.689200, mean_diversity=0.240152,
indivs=16439744, elapsed_secs=17265, mean=0.512861, stdev=0.048211, best fit=0.689200, best_overall=0.689200, mean_diversity=0.192752,
indivs=16449842, elapsed_secs=17274, mean=0.583291, stdev=0.068760, best fit=0.689200, best_overall=0.689200, mean_diversity=0.070933,
indivs=16459940, elapsed_secs=17284, mean=0.489930, stdev=0.078783, best fit=0.689200, best_overall=0.689200, mean_diversity=0.299138,
indivs=16470038, elapsed_secs=17292, mean=0.585621, stdev=0.119731, best fit=0.689200, best_overall=0.689200, mean_diversity=0.297055,
indivs=16480136, elapsed_secs=17300, mean=0.542692, stdev=0.076593, best fit=0.689200, best_overall=0.689200, mean_diversity=0.372040,
indivs=16490234, elapsed_secs=17312, mean=0.516241, stdev=0.074892, best fit=0.689200, best_overall=0.689200, mean_diversity=0.230048,
indivs=16500332, elapsed_secs=17321, mean=0.554955, stdev=0.102108, best fit=0.689200, best_overall=0.689200, mean_diversity=0.090020,
indivs=16510430, elapsed_secs=17332, mean=0.490871, stdev=0.072970, best fit=0.689200, best_overall=0.689200, mean_diversity=0.143107,
indivs=16520528, elapsed_secs=17341, mean=0.537835, stdev=0.075011, best fit=0.689200, best_overall=0.689200, mean_diversity=0.254733,
indivs=16530626, elapsed_secs=17350, mean=0.511255, stdev=0.037413, best fit=0.689200, best_overall=0.689200, mean_diversity=0.249426,
indivs=16540724, elapsed_secs=17360, mean=0.565355, stdev=0.103926, best fit=0.689200, best_overall=0.689200, mean_diversity=0.340990,
indivs=16550822, elapsed_secs=17368, mean=0.501892, stdev=0.018825, best fit=0.689200, best_overall=0.689200, mean_diversity=0.104496,
indivs=16560920, elapsed_secs=17379, mean=0.562714, stdev=0.116322, best fit=0.689200, best_overall=0.689200, mean_diversity=0.116988,
indivs=16571018, elapsed_secs=17387, mean=0.577246, stdev=0.107865, best fit=0.689200, best_overall=0.689200, mean_diversity=0.212689,
indivs=16581116, elapsed_secs=17397, mean=0.574508, stdev=0.134275, best fit=0.689200, best_overall=0.689200, mean_diversity=0.206227,
indivs=16591214, elapsed_secs=17406, mean=0.447024, stdev=0.173885, best fit=0.689200, best_overall=0.689200, mean_diversity=0.286192,
indivs=16601312, elapsed_secs=17415, mean=0.506207, stdev=0.028467, best fit=0.689200, best_overall=0.689200, mean_diversity=0.098755,
indivs=16611410, elapsed_secs=17423, mean=0.544739, stdev=0.100669, best fit=0.689200, best_overall=0.689200, mean_diversity=0.151290,
indivs=16621508, elapsed_secs=17431, mean=0.459876, stdev=0.170161, best fit=0.689200, best_overall=0.689200, mean_diversity=0.250512,
indivs=16631606, elapsed_secs=17442, mean=0.500806, stdev=0.130809, best fit=0.689200, best_overall=0.689200, mean_diversity=0.360129,
indivs=16641704, elapsed_secs=17452, mean=0.517899, stdev=0.133441, best fit=0.689200, best_overall=0.689200, mean_diversity=0.244754,
indivs=16651802, elapsed_secs=17463, mean=0.515703, stdev=0.052794, best fit=0.689200, best_overall=0.689200, mean_diversity=0.332128,
indivs=16661900, elapsed_secs=17473, mean=0.569282, stdev=0.146313, best fit=0.689200, best_overall=0.689200, mean_diversity=0.119767,
indivs=16671998, elapsed_secs=17483, mean=0.568561, stdev=0.134312, best fit=0.689200, best_overall=0.689200, mean_diversity=0.172879,
indivs=16682096, elapsed_secs=17495, mean=0.536284, stdev=0.086719, best fit=0.689200, best_overall=0.689200, mean_diversity=0.217143,
indivs=16692194, elapsed_secs=17506, mean=0.570913, stdev=0.105127, best fit=0.689200, best_overall=0.689200, mean_diversity=0.271093,
indivs=16702292, elapsed_secs=17515, mean=0.525274, stdev=0.086831, best fit=0.689200, best_overall=0.689200, mean_diversity=0.251722,
indivs=16712390, elapsed_secs=17523, mean=0.541669, stdev=0.057646, best fit=0.689200, best_overall=0.689200, mean_diversity=0.168956,
indivs=16722488, elapsed_secs=17533, mean=0.581749, stdev=0.101371, best fit=0.689200, best_overall=0.689200, mean_diversity=0.191326,
indivs=16732586, elapsed_secs=17543, mean=0.528437, stdev=0.098426, best fit=0.689200, best_overall=0.689200, mean_diversity=0.339453,
indivs=16742684, elapsed_secs=17555, mean=0.501789, stdev=0.018863, best fit=0.689200, best_overall=0.689200, mean_diversity=0.230543,
indivs=16752782, elapsed_secs=17564, mean=0.620430, stdev=0.115758, best fit=0.689200, best_overall=0.689200, mean_diversity=0.126946,
indivs=16762880, elapsed_secs=17575, mean=0.504612, stdev=0.087689, best fit=0.689200, best_overall=0.689200, mean_diversity=0.247871,
indivs=16772978, elapsed_secs=17585, mean=0.588911, stdev=0.108631, best fit=0.689200, best_overall=0.689200, mean_diversity=0.297713,
indivs=16783076, elapsed_secs=17594, mean=0.627163, stdev=0.101186, best fit=0.689200, best_overall=0.689200, mean_diversity=0.187963,
indivs=16793174, elapsed_secs=17603, mean=0.495539, stdev=0.053843, best fit=0.689200, best_overall=0.689200, mean_diversity=0.103750,
indivs=16803272, elapsed_secs=17613, mean=0.484348, stdev=0.090776, best fit=0.689200, best_overall=0.689200, mean_diversity=0.182046,
indivs=16813370, elapsed_secs=17623, mean=0.510267, stdev=0.157338, best fit=0.689200, best_overall=0.689200, mean_diversity=0.232022,
indivs=16823468, elapsed_secs=17633, mean=0.452496, stdev=0.154873, best fit=0.689200, best_overall=0.689200, mean_diversity=0.222322,
indivs=16833566, elapsed_secs=17642, mean=0.573575, stdev=0.147467, best fit=0.689200, best_overall=0.689200, mean_diversity=0.161939,
indivs=16843664, elapsed_secs=17652, mean=0.518480, stdev=0.120655, best fit=0.689200, best_overall=0.689200, mean_diversity=0.562222,
indivs=16853762, elapsed_secs=17663, mean=0.586347, stdev=0.120129, best fit=0.689200, best_overall=0.689200, mean_diversity=0.090338,
indivs=16863860, elapsed_secs=17674, mean=0.527151, stdev=0.096117, best fit=0.689200, best_overall=0.689200, mean_diversity=0.382538,
indivs=16873958, elapsed_secs=17682, mean=0.546422, stdev=0.069844, best fit=0.689200, best_overall=0.689200, mean_diversity=0.379907,
indivs=16884056, elapsed_secs=17692, mean=0.516547, stdev=0.105440, best fit=0.689200, best_overall=0.689200, mean_diversity=0.164350,
indivs=16894154, elapsed_secs=17700, mean=0.514952, stdev=0.092444, best fit=0.689200, best_overall=0.689200, mean_diversity=0.308133,
indivs=16904252, elapsed_secs=17710, mean=0.493655, stdev=0.075152, best fit=0.689200, best_overall=0.689200, mean_diversity=0.388631,
indivs=16914350, elapsed_secs=17719, mean=0.504156, stdev=0.168097, best fit=0.689200, best_overall=0.689200, mean_diversity=0.218339,
indivs=16924448, elapsed_secs=17730, mean=0.498987, stdev=0.112220, best fit=0.689200, best_overall=0.689200, mean_diversity=0.213618,
indivs=16934546, elapsed_secs=17740, mean=0.527356, stdev=0.130132, best fit=0.689200, best_overall=0.689200, mean_diversity=0.418095,
indivs=16944644, elapsed_secs=17749, mean=0.548009, stdev=0.104018, best fit=0.689200, best_overall=0.689200, mean_diversity=0.237445,
indivs=16954742, elapsed_secs=17759, mean=0.499591, stdev=0.164868, best fit=0.689200, best_overall=0.689200, mean_diversity=0.392519,
indivs=16964840, elapsed_secs=17768, mean=0.564956, stdev=0.105215, best fit=0.689200, best_overall=0.689200, mean_diversity=0.210798,
indivs=16974938, elapsed_secs=17778, mean=0.516661, stdev=0.098287, best fit=0.689200, best_overall=0.689200, mean_diversity=0.353924,
indivs=16985036, elapsed_secs=17787, mean=0.564337, stdev=0.110261, best fit=0.689200, best_overall=0.689200, mean_diversity=0.333721,
indivs=16995134, elapsed_secs=17798, mean=0.466708, stdev=0.170600, best fit=0.689200, best_overall=0.689200, mean_diversity=0.255431,
indivs=17005232, elapsed_secs=17808, mean=0.543987, stdev=0.115902, best fit=0.689200, best_overall=0.689200, mean_diversity=0.178012,
indivs=17015330, elapsed_secs=17815, mean=0.558947, stdev=0.130723, best fit=0.689200, best_overall=0.689200, mean_diversity=0.089313,
indivs=17025428, elapsed_secs=17825, mean=0.501852, stdev=0.018873, best fit=0.689200, best_overall=0.689200, mean_diversity=0.508687,
indivs=17035526, elapsed_secs=17836, mean=0.486673, stdev=0.087780, best fit=0.689200, best_overall=0.689200, mean_diversity=0.370332,
indivs=17045624, elapsed_secs=17845, mean=0.541686, stdev=0.068999, best fit=0.689200, best_overall=0.689200, mean_diversity=0.269086,
indivs=17055722, elapsed_secs=17855, mean=0.553198, stdev=0.113408, best fit=0.689200, best_overall=0.689200, mean_diversity=0.132282,
indivs=17065820, elapsed_secs=17865, mean=0.564479, stdev=0.084297, best fit=0.689200, best_overall=0.689200, mean_diversity=0.145410,
indivs=17075918, elapsed_secs=17874, mean=0.537495, stdev=0.106499, best fit=0.689200, best_overall=0.689200, mean_diversity=0.501040,
indivs=17086016, elapsed_secs=17883, mean=0.609938, stdev=0.116662, best fit=0.689200, best_overall=0.689200, mean_diversity=0.101817,
indivs=17096114, elapsed_secs=17897, mean=0.552791, stdev=0.142569, best fit=0.689200, best_overall=0.689200, mean_diversity=0.277562,
indivs=17106212, elapsed_secs=17908, mean=0.528262, stdev=0.056300, best fit=0.689200, best_overall=0.689200, mean_diversity=0.225445,
indivs=17116310, elapsed_secs=17916, mean=0.520373, stdev=0.057136, best fit=0.689200, best_overall=0.689200, mean_diversity=0.178566,
indivs=17126408, elapsed_secs=17926, mean=0.554944, stdev=0.152826, best fit=0.689200, best_overall=0.689200, mean_diversity=0.152679,
indivs=17136506, elapsed_secs=17936, mean=0.579787, stdev=0.158101, best fit=0.689200, best_overall=0.689200, mean_diversity=0.199641,
indivs=17146604, elapsed_secs=17946, mean=0.495976, stdev=0.097428, best fit=0.689200, best_overall=0.689200, mean_diversity=0.210402,
indivs=17156702, elapsed_secs=17958, mean=0.607753, stdev=0.155025, best fit=0.689200, best_overall=0.689200, mean_diversity=0.355798,
indivs=17166800, elapsed_secs=17968, mean=0.601414, stdev=0.089291, best fit=0.689200, best_overall=0.689200, mean_diversity=0.186346,
indivs=17176898, elapsed_secs=17976, mean=0.564216, stdev=0.189621, best fit=0.689200, best_overall=0.689200, mean_diversity=0.274972,
indivs=17186996, elapsed_secs=17986, mean=0.602854, stdev=0.157318, best fit=0.689200, best_overall=0.689200, mean_diversity=0.057387,
indivs=17197094, elapsed_secs=17998, mean=0.564981, stdev=0.135188, best fit=0.689200, best_overall=0.689200, mean_diversity=0.254481,
indivs=17207192, elapsed_secs=18007, mean=0.591032, stdev=0.109085, best fit=0.689200, best_overall=0.689200, mean_diversity=0.130615,
indivs=17217290, elapsed_secs=18016, mean=0.534742, stdev=0.070899, best fit=0.689200, best_overall=0.689200, mean_diversity=0.062660,
indivs=17227388, elapsed_secs=18024, mean=0.502843, stdev=0.021774, best fit=0.689200, best_overall=0.689200, mean_diversity=0.125108,
indivs=17237486, elapsed_secs=18033, mean=0.633835, stdev=0.099605, best fit=0.689200, best_overall=0.689200, mean_diversity=0.129828,
indivs=17247584, elapsed_secs=18041, mean=0.608005, stdev=0.105376, best fit=0.689200, best_overall=0.689200, mean_diversity=0.190707,
indivs=17257682, elapsed_secs=18052, mean=0.612368, stdev=0.086177, best fit=0.689200, best_overall=0.689200, mean_diversity=0.085017,
indivs=17267780, elapsed_secs=18060, mean=0.580192, stdev=0.105651, best fit=0.689200, best_overall=0.689200, mean_diversity=0.364199,
indivs=17277878, elapsed_secs=18069, mean=0.509502, stdev=0.120873, best fit=0.689200, best_overall=0.689200, mean_diversity=0.479051,
indivs=17287976, elapsed_secs=18078, mean=0.549862, stdev=0.144757, best fit=0.689200, best_overall=0.689200, mean_diversity=0.139720,
indivs=17298074, elapsed_secs=18088, mean=0.616068, stdev=0.059826, best fit=0.689200, best_overall=0.689200, mean_diversity=0.138583,
indivs=17308172, elapsed_secs=18100, mean=0.601780, stdev=0.059637, best fit=0.689200, best_overall=0.689200, mean_diversity=0.115749,
indivs=17318270, elapsed_secs=18111, mean=0.501587, stdev=0.018995, best fit=0.689200, best_overall=0.689200, mean_diversity=0.207281,
indivs=17328368, elapsed_secs=18121, mean=0.531763, stdev=0.163317, best fit=0.689200, best_overall=0.689200, mean_diversity=0.217542,
indivs=17338466, elapsed_secs=18131, mean=0.639252, stdev=0.095344, best fit=0.689200, best_overall=0.689200, mean_diversity=0.127537,
indivs=17348564, elapsed_secs=18141, mean=0.513329, stdev=0.172016, best fit=0.689200, best_overall=0.689200, mean_diversity=0.302764,
indivs=17358662, elapsed_secs=18151, mean=0.583450, stdev=0.098612, best fit=0.689200, best_overall=0.689200, mean_diversity=0.132239,
indivs=17368760, elapsed_secs=18159, mean=0.547070, stdev=0.089078, best fit=0.689200, best_overall=0.689200, mean_diversity=0.310152,
indivs=17378858, elapsed_secs=18168, mean=0.580187, stdev=0.101165, best fit=0.689200, best_overall=0.689200, mean_diversity=0.277722,
indivs=17388956, elapsed_secs=18178, mean=0.561427, stdev=0.106947, best fit=0.689200, best_overall=0.689200, mean_diversity=0.156034,
indivs=17399054, elapsed_secs=18187, mean=0.507407, stdev=0.027914, best fit=0.689200, best_overall=0.689200, mean_diversity=0.172624,
indivs=17409152, elapsed_secs=18198, mean=0.553006, stdev=0.123933, best fit=0.689200, best_overall=0.689200, mean_diversity=0.237789,
indivs=17419250, elapsed_secs=18207, mean=0.534377, stdev=0.091395, best fit=0.689200, best_overall=0.689200, mean_diversity=0.222748,
indivs=17429348, elapsed_secs=18217, mean=0.567103, stdev=0.127279, best fit=0.689200, best_overall=0.689200, mean_diversity=0.177228,
indivs=17439446, elapsed_secs=18228, mean=0.525234, stdev=0.087335, best fit=0.689200, best_overall=0.689200, mean_diversity=0.231606,
indivs=17449544, elapsed_secs=18238, mean=0.607914, stdev=0.146093, best fit=0.689200, best_overall=0.689200, mean_diversity=0.147710,
indivs=17459642, elapsed_secs=18248, mean=0.497886, stdev=0.054335, best fit=0.689200, best_overall=0.689200, mean_diversity=0.120616,
indivs=17469740, elapsed_secs=18258, mean=0.567941, stdev=0.150060, best fit=0.689200, best_overall=0.689200, mean_diversity=0.216923,
indivs=17479838, elapsed_secs=18267, mean=0.579227, stdev=0.129773, best fit=0.689200, best_overall=0.689200, mean_diversity=0.120648,
indivs=17489936, elapsed_secs=18277, mean=0.501088, stdev=0.019731, best fit=0.689200, best_overall=0.689200, mean_diversity=0.105133,
indivs=17500034, elapsed_secs=18286, mean=0.562701, stdev=0.146375, best fit=0.689200, best_overall=0.689200, mean_diversity=0.115806,
indivs=17510132, elapsed_secs=18294, mean=0.577660, stdev=0.097565, best fit=0.689200, best_overall=0.689200, mean_diversity=0.192563,
indivs=17520230, elapsed_secs=18307, mean=0.535964, stdev=0.065447, best fit=0.689200, best_overall=0.689200, mean_diversity=0.075470,
indivs=17530328, elapsed_secs=18317, mean=0.601587, stdev=0.105294, best fit=0.689200, best_overall=0.689200, mean_diversity=0.051112,
indivs=17540426, elapsed_secs=18326, mean=0.554206, stdev=0.078476, best fit=0.689200, best_overall=0.689200, mean_diversity=0.116124,
indivs=17550524, elapsed_secs=18335, mean=0.508450, stdev=0.098511, best fit=0.689200, best_overall=0.689200, mean_diversity=0.464408,
indivs=17560622, elapsed_secs=18344, mean=0.615222, stdev=0.132744, best fit=0.689200, best_overall=0.689200, mean_diversity=0.061313,
indivs=17570720, elapsed_secs=18354, mean=0.611262, stdev=0.092305, best fit=0.689200, best_overall=0.689200, mean_diversity=0.240380,
indivs=17580818, elapsed_secs=18365, mean=0.510972, stdev=0.039512, best fit=0.689200, best_overall=0.689200, mean_diversity=0.192344,
indivs=17590916, elapsed_secs=18374, mean=0.510942, stdev=0.087642, best fit=0.689200, best_overall=0.689200, mean_diversity=0.273263,
indivs=17601014, elapsed_secs=18384, mean=0.483238, stdev=0.102147, best fit=0.689200, best_overall=0.689200, mean_diversity=0.102041,
indivs=17611112, elapsed_secs=18392, mean=0.540905, stdev=0.093642, best fit=0.689200, best_overall=0.689200, mean_diversity=0.168062,
indivs=17621210, elapsed_secs=18402, mean=0.554639, stdev=0.100937, best fit=0.689200, best_overall=0.689200, mean_diversity=0.224366,
indivs=17631308, elapsed_secs=18411, mean=0.536721, stdev=0.093607, best fit=0.689200, best_overall=0.689200, mean_diversity=0.165328,
indivs=17641406, elapsed_secs=18422, mean=0.603526, stdev=0.080053, best fit=0.689200, best_overall=0.689200, mean_diversity=0.107151,
indivs=17651504, elapsed_secs=18431, mean=0.520030, stdev=0.096795, best fit=0.689200, best_overall=0.689200, mean_diversity=0.321694,
indivs=17661602, elapsed_secs=18441, mean=0.513783, stdev=0.115356, best fit=0.689200, best_overall=0.689200, mean_diversity=0.246210,
indivs=17671700, elapsed_secs=18451, mean=0.550470, stdev=0.099408, best fit=0.689200, best_overall=0.689200, mean_diversity=0.341611,
indivs=17681798, elapsed_secs=18461, mean=0.602095, stdev=0.097590, best fit=0.689200, best_overall=0.689200, mean_diversity=0.277658,
indivs=17691896, elapsed_secs=18473, mean=0.501892, stdev=0.018825, best fit=0.689200, best_overall=0.689200, mean_diversity=0.062179,
indivs=17701994, elapsed_secs=18484, mean=0.578276, stdev=0.108619, best fit=0.689200, best_overall=0.689200, mean_diversity=0.178043,
indivs=17712092, elapsed_secs=18494, mean=0.521934, stdev=0.158246, best fit=0.689200, best_overall=0.689200, mean_diversity=0.201423,
indivs=17722190, elapsed_secs=18505, mean=0.550526, stdev=0.090657, best fit=0.689200, best_overall=0.689200, mean_diversity=0.277541,
indivs=17732288, elapsed_secs=18516, mean=0.569550, stdev=0.106056, best fit=0.689200, best_overall=0.689200, mean_diversity=0.255579,
indivs=17742386, elapsed_secs=18525, mean=0.507900, stdev=0.072020, best fit=0.689200, best_overall=0.689200, mean_diversity=0.419295,
indivs=17752484, elapsed_secs=18536, mean=0.559125, stdev=0.083767, best fit=0.689200, best_overall=0.689200, mean_diversity=0.201995,
indivs=17762582, elapsed_secs=18545, mean=0.570686, stdev=0.168488, best fit=0.689200, best_overall=0.689200, mean_diversity=0.119674,
indivs=17772680, elapsed_secs=18553, mean=0.553646, stdev=0.087772, best fit=0.689200, best_overall=0.689200, mean_diversity=0.283012,
indivs=17782778, elapsed_secs=18562, mean=0.550383, stdev=0.134506, best fit=0.689200, best_overall=0.689200, mean_diversity=0.223794,
indivs=17792876, elapsed_secs=18573, mean=0.519647, stdev=0.073232, best fit=0.689200, best_overall=0.689200, mean_diversity=0.343195,
indivs=17802974, elapsed_secs=18584, mean=0.590697, stdev=0.089870, best fit=0.689200, best_overall=0.689200, mean_diversity=0.232699,
indivs=17813072, elapsed_secs=18593, mean=0.580605, stdev=0.109570, best fit=0.689200, best_overall=0.689200, mean_diversity=0.139739,
indivs=17823170, elapsed_secs=18604, mean=0.613806, stdev=0.148051, best fit=0.689200, best_overall=0.689200, mean_diversity=0.160489,
indivs=17833268, elapsed_secs=18615, mean=0.512751, stdev=0.084416, best fit=0.689200, best_overall=0.689200, mean_diversity=0.326995,
indivs=17843366, elapsed_secs=18625, mean=0.500067, stdev=0.116589, best fit=0.689200, best_overall=0.689200, mean_diversity=0.220252,
indivs=17853464, elapsed_secs=18635, mean=0.524967, stdev=0.119059, best fit=0.689200, best_overall=0.689200, mean_diversity=0.246078,
indivs=17863562, elapsed_secs=18644, mean=0.535285, stdev=0.143263, best fit=0.689200, best_overall=0.689200, mean_diversity=0.206044,
indivs=17873660, elapsed_secs=18652, mean=0.612429, stdev=0.134376, best fit=0.689200, best_overall=0.689200, mean_diversity=0.201816,
indivs=17883758, elapsed_secs=18664, mean=0.633079, stdev=0.101652, best fit=0.689200, best_overall=0.689200, mean_diversity=0.096523,
indivs=17893856, elapsed_secs=18672, mean=0.546830, stdev=0.090037, best fit=0.689200, best_overall=0.689200, mean_diversity=0.311773,
indivs=17903954, elapsed_secs=18683, mean=0.565034, stdev=0.098580, best fit=0.689200, best_overall=0.689200, mean_diversity=0.341111,
indivs=17914052, elapsed_secs=18692, mean=0.569480, stdev=0.069246, best fit=0.689200, best_overall=0.689200, mean_diversity=0.093494,
indivs=17924150, elapsed_secs=18701, mean=0.512040, stdev=0.050849, best fit=0.689200, best_overall=0.689200, mean_diversity=0.081382,
indivs=17934248, elapsed_secs=18712, mean=0.567949, stdev=0.151432, best fit=0.689200, best_overall=0.689200, mean_diversity=0.255087,
indivs=17944346, elapsed_secs=18723, mean=0.589530, stdev=0.146452, best fit=0.689200, best_overall=0.689200, mean_diversity=0.186927,
indivs=17954444, elapsed_secs=18733, mean=0.549125, stdev=0.156283, best fit=0.689200, best_overall=0.689200, mean_diversity=0.178297,
indivs=17964542, elapsed_secs=18743, mean=0.533836, stdev=0.133538, best fit=0.689200, best_overall=0.689200, mean_diversity=0.370143,
indivs=17974640, elapsed_secs=18755, mean=0.587802, stdev=0.098497, best fit=0.689200, best_overall=0.689200, mean_diversity=0.126667,
indivs=17984738, elapsed_secs=18766, mean=0.551046, stdev=0.202106, best fit=0.689200, best_overall=0.689200, mean_diversity=0.219844,
indivs=17994836, elapsed_secs=18778, mean=0.524072, stdev=0.061817, best fit=0.689200, best_overall=0.689200, mean_diversity=0.339066,
indivs=18004934, elapsed_secs=18786, mean=0.496686, stdev=0.053377, best fit=0.689200, best_overall=0.689200, mean_diversity=0.241525,
indivs=18015032, elapsed_secs=18797, mean=0.491892, stdev=0.072748, best fit=0.689200, best_overall=0.689200, mean_diversity=0.090458,
indivs=18025130, elapsed_secs=18807, mean=0.568565, stdev=0.081874, best fit=0.689200, best_overall=0.689200, mean_diversity=0.177361,
indivs=18035228, elapsed_secs=18815, mean=0.563326, stdev=0.093930, best fit=0.689200, best_overall=0.689200, mean_diversity=0.255116,
indivs=18045326, elapsed_secs=18826, mean=0.614750, stdev=0.114883, best fit=0.689200, best_overall=0.689200, mean_diversity=0.307407,
indivs=18055424, elapsed_secs=18836, mean=0.513707, stdev=0.072051, best fit=0.689200, best_overall=0.689200, mean_diversity=0.210218,
indivs=18065522, elapsed_secs=18847, mean=0.621342, stdev=0.130211, best fit=0.689200, best_overall=0.689200, mean_diversity=0.177993,
indivs=18075620, elapsed_secs=18857, mean=0.565480, stdev=0.119349, best fit=0.689200, best_overall=0.689200, mean_diversity=0.387961,
indivs=18085718, elapsed_secs=18868, mean=0.503232, stdev=0.022883, best fit=0.689200, best_overall=0.689200, mean_diversity=0.084219,
indivs=18095816, elapsed_secs=18879, mean=0.544626, stdev=0.112749, best fit=0.689200, best_overall=0.689200, mean_diversity=0.222714,
indivs=18105914, elapsed_secs=18888, mean=0.613724, stdev=0.109634, best fit=0.689200, best_overall=0.689200, mean_diversity=0.273716,
indivs=18116012, elapsed_secs=18899, mean=0.598747, stdev=0.122443, best fit=0.689200, best_overall=0.689200, mean_diversity=0.143865,
indivs=18126110, elapsed_secs=18909, mean=0.490325, stdev=0.044931, best fit=0.689200, best_overall=0.689200, mean_diversity=0.077102,
indivs=18136208, elapsed_secs=18918, mean=0.580027, stdev=0.061052, best fit=0.689200, best_overall=0.689200, mean_diversity=0.173175,
indivs=18146306, elapsed_secs=18929, mean=0.582623, stdev=0.100351, best fit=0.689200, best_overall=0.689200, mean_diversity=0.277404,
indivs=18156404, elapsed_secs=18938, mean=0.613788, stdev=0.105051, best fit=0.689200, best_overall=0.689200, mean_diversity=0.167433,
indivs=18166502, elapsed_secs=18946, mean=0.562244, stdev=0.094784, best fit=0.689200, best_overall=0.689200, mean_diversity=0.077896,
indivs=18176600, elapsed_secs=18957, mean=0.521158, stdev=0.174514, best fit=0.689200, best_overall=0.689200, mean_diversity=0.169037,
indivs=18186698, elapsed_secs=18966, mean=0.595968, stdev=0.105754, best fit=0.689200, best_overall=0.689200, mean_diversity=0.118978,
indivs=18196796, elapsed_secs=18976, mean=0.513163, stdev=0.060403, best fit=0.689200, best_overall=0.689200, mean_diversity=0.171088,
indivs=18206894, elapsed_secs=18987, mean=0.588706, stdev=0.130802, best fit=0.689200, best_overall=0.689200, mean_diversity=0.098707,
indivs=18216992, elapsed_secs=18995, mean=0.587306, stdev=0.084868, best fit=0.689200, best_overall=0.689200, mean_diversity=0.288586,
indivs=18227090, elapsed_secs=19005, mean=0.561086, stdev=0.141176, best fit=0.689200, best_overall=0.689200, mean_diversity=0.232966,
indivs=18237188, elapsed_secs=19015, mean=0.563147, stdev=0.087587, best fit=0.689200, best_overall=0.689200, mean_diversity=0.232187,
indivs=18247286, elapsed_secs=19024, mean=0.527139, stdev=0.064621, best fit=0.689200, best_overall=0.689200, mean_diversity=0.137654,
indivs=18257384, elapsed_secs=19035, mean=0.575471, stdev=0.108395, best fit=0.689200, best_overall=0.689200, mean_diversity=0.318632,
indivs=18267482, elapsed_secs=19045, mean=0.568905, stdev=0.135341, best fit=0.689200, best_overall=0.689200, mean_diversity=0.339835,
indivs=18277580, elapsed_secs=19054, mean=0.515740, stdev=0.110962, best fit=0.689200, best_overall=0.689200, mean_diversity=0.217462,
indivs=18287678, elapsed_secs=19064, mean=0.558511, stdev=0.059264, best fit=0.689200, best_overall=0.689200, mean_diversity=0.313911,
indivs=18297776, elapsed_secs=19075, mean=0.552640, stdev=0.116536, best fit=0.689200, best_overall=0.689200, mean_diversity=0.275764,
indivs=18307874, elapsed_secs=19086, mean=0.564238, stdev=0.104771, best fit=0.689200, best_overall=0.689200, mean_diversity=0.281980,
indivs=18317972, elapsed_secs=19096, mean=0.540287, stdev=0.094949, best fit=0.689200, best_overall=0.689200, mean_diversity=0.361811,
indivs=18328070, elapsed_secs=19106, mean=0.515586, stdev=0.139951, best fit=0.689200, best_overall=0.689200, mean_diversity=0.115351,
indivs=18338168, elapsed_secs=19115, mean=0.517557, stdev=0.051612, best fit=0.689200, best_overall=0.689200, mean_diversity=0.166352,
indivs=18348266, elapsed_secs=19124, mean=0.611736, stdev=0.147975, best fit=0.689200, best_overall=0.689200, mean_diversity=0.078187,
indivs=18358364, elapsed_secs=19134, mean=0.518030, stdev=0.052310, best fit=0.689200, best_overall=0.689200, mean_diversity=0.376640,
indivs=18368462, elapsed_secs=19143, mean=0.508999, stdev=0.035175, best fit=0.689200, best_overall=0.689200, mean_diversity=0.215093,
indivs=18378560, elapsed_secs=19153, mean=0.569476, stdev=0.087129, best fit=0.689200, best_overall=0.689200, mean_diversity=0.307024,
indivs=18388658, elapsed_secs=19163, mean=0.534938, stdev=0.167982, best fit=0.689200, best_overall=0.689200, mean_diversity=0.167446,
indivs=18398756, elapsed_secs=19173, mean=0.566547, stdev=0.135595, best fit=0.689200, best_overall=0.689200, mean_diversity=0.326743,
indivs=18408854, elapsed_secs=19182, mean=0.568211, stdev=0.156990, best fit=0.689200, best_overall=0.689200, mean_diversity=0.237136,
indivs=18418952, elapsed_secs=19192, mean=0.487559, stdev=0.104394, best fit=0.689200, best_overall=0.689200, mean_diversity=0.243222,
indivs=18429050, elapsed_secs=19200, mean=0.527578, stdev=0.065657, best fit=0.689200, best_overall=0.689200, mean_diversity=0.254553,
indivs=18439148, elapsed_secs=19210, mean=0.581964, stdev=0.116093, best fit=0.689200, best_overall=0.689200, mean_diversity=0.310000,
indivs=18449246, elapsed_secs=19221, mean=0.562475, stdev=0.084393, best fit=0.689200, best_overall=0.689200, mean_diversity=0.193041,
indivs=18459344, elapsed_secs=19231, mean=0.566416, stdev=0.100564, best fit=0.689200, best_overall=0.689200, mean_diversity=0.262141,
indivs=18469442, elapsed_secs=19240, mean=0.507314, stdev=0.186483, best fit=0.689200, best_overall=0.689200, mean_diversity=0.338681,
indivs=18479540, elapsed_secs=19250, mean=0.556255, stdev=0.104243, best fit=0.689200, best_overall=0.689200, mean_diversity=0.158527,
indivs=18489638, elapsed_secs=19260, mean=0.616855, stdev=0.145373, best fit=0.689200, best_overall=0.689200, mean_diversity=0.087230,
indivs=18499736, elapsed_secs=19271, mean=0.505011, stdev=0.086597, best fit=0.689200, best_overall=0.689200, mean_diversity=0.327556,
indivs=18509834, elapsed_secs=19280, mean=0.581785, stdev=0.078449, best fit=0.689200, best_overall=0.689200, mean_diversity=0.293667,
indivs=18519932, elapsed_secs=19289, mean=0.513814, stdev=0.068837, best fit=0.689200, best_overall=0.689200, mean_diversity=0.298432,
indivs=18530030, elapsed_secs=19299, mean=0.472862, stdev=0.159829, best fit=0.689200, best_overall=0.689200, mean_diversity=0.222874,
indivs=18540128, elapsed_secs=19308, mean=0.493031, stdev=0.063537, best fit=0.689200, best_overall=0.689200, mean_diversity=0.144420,
indivs=18550226, elapsed_secs=19317, mean=0.517265, stdev=0.122095, best fit=0.689200, best_overall=0.689200, mean_diversity=0.237000,
indivs=18560324, elapsed_secs=19326, mean=0.524528, stdev=0.062558, best fit=0.689200, best_overall=0.689200, mean_diversity=0.273091,
indivs=18570422, elapsed_secs=19336, mean=0.519446, stdev=0.079802, best fit=0.689200, best_overall=0.689200, mean_diversity=0.203796,
indivs=18580520, elapsed_secs=19347, mean=0.558340, stdev=0.104384, best fit=0.689200, best_overall=0.689200, mean_diversity=0.321221,
indivs=18590618, elapsed_secs=19357, mean=0.509266, stdev=0.040101, best fit=0.689200, best_overall=0.689200, mean_diversity=0.164571,
indivs=18600716, elapsed_secs=19366, mean=0.492669, stdev=0.071011, best fit=0.689200, best_overall=0.689200, mean_diversity=0.136120,
indivs=18610814, elapsed_secs=19376, mean=0.483455, stdev=0.080483, best fit=0.689200, best_overall=0.689200, mean_diversity=0.113865,
indivs=18620912, elapsed_secs=19386, mean=0.618751, stdev=0.113432, best fit=0.689200, best_overall=0.689200, mean_diversity=0.098872,
indivs=18631010, elapsed_secs=19395, mean=0.453783, stdev=0.146370, best fit=0.689200, best_overall=0.689200, mean_diversity=0.119123,
indivs=18641108, elapsed_secs=19404, mean=0.562489, stdev=0.143854, best fit=0.689200, best_overall=0.689200, mean_diversity=0.265513,
indivs=18651206, elapsed_secs=19413, mean=0.551233, stdev=0.152168, best fit=0.689200, best_overall=0.689200, mean_diversity=0.109885,
indivs=18661304, elapsed_secs=19423, mean=0.570524, stdev=0.091218, best fit=0.689200, best_overall=0.689200, mean_diversity=0.138642,
indivs=18671402, elapsed_secs=19434, mean=0.512421, stdev=0.095639, best fit=0.689200, best_overall=0.689200, mean_diversity=0.196815,
indivs=18681500, elapsed_secs=19444, mean=0.565252, stdev=0.086229, best fit=0.689200, best_overall=0.689200, mean_diversity=0.249020,
indivs=18691598, elapsed_secs=19455, mean=0.571568, stdev=0.105037, best fit=0.689200, best_overall=0.689200, mean_diversity=0.238543,
indivs=18701696, elapsed_secs=19464, mean=0.588727, stdev=0.085577, best fit=0.689200, best_overall=0.689200, mean_diversity=0.245826,
indivs=18711794, elapsed_secs=19475, mean=0.583203, stdev=0.088397, best fit=0.689200, best_overall=0.689200, mean_diversity=0.266420,
indivs=18721892, elapsed_secs=19484, mean=0.542233, stdev=0.112494, best fit=0.689200, best_overall=0.689200, mean_diversity=0.103423,
indivs=18731990, elapsed_secs=19495, mean=0.519290, stdev=0.126917, best fit=0.689200, best_overall=0.689200, mean_diversity=0.287521,
indivs=18742088, elapsed_secs=19504, mean=0.517177, stdev=0.182762, best fit=0.689200, best_overall=0.689200, mean_diversity=0.184333,
indivs=18752186, elapsed_secs=19514, mean=0.586830, stdev=0.108177, best fit=0.689200, best_overall=0.689200, mean_diversity=0.283480,
indivs=18762284, elapsed_secs=19524, mean=0.553560, stdev=0.114103, best fit=0.689200, best_overall=0.689200, mean_diversity=0.287395,
indivs=18772382, elapsed_secs=19534, mean=0.533563, stdev=0.073386, best fit=0.689200, best_overall=0.689200, mean_diversity=0.298693,
indivs=18782480, elapsed_secs=19546, mean=0.580049, stdev=0.123047, best fit=0.689200, best_overall=0.689200, mean_diversity=0.310945,
indivs=18792578, elapsed_secs=19558, mean=0.629554, stdev=0.081736, best fit=0.689200, best_overall=0.689200, mean_diversity=0.117256,
indivs=18802676, elapsed_secs=19569, mean=0.557644, stdev=0.113175, best fit=0.689200, best_overall=0.689200, mean_diversity=0.282677,
indivs=18812774, elapsed_secs=19578, mean=0.598930, stdev=0.137170, best fit=0.689200, best_overall=0.689200, mean_diversity=0.103991,
indivs=18822872, elapsed_secs=19589, mean=0.583098, stdev=0.090350, best fit=0.689200, best_overall=0.689200, mean_diversity=0.321463,
indivs=18832970, elapsed_secs=19599, mean=0.504308, stdev=0.085195, best fit=0.689200, best_overall=0.689200, mean_diversity=0.190173,
indivs=18843068, elapsed_secs=19610, mean=0.547890, stdev=0.120099, best fit=0.689200, best_overall=0.689200, mean_diversity=0.253138,
indivs=18853166, elapsed_secs=19619, mean=0.586768, stdev=0.179123, best fit=0.689200, best_overall=0.689200, mean_diversity=0.162195,
indivs=18863264, elapsed_secs=19631, mean=0.488325, stdev=0.108530, best fit=0.689200, best_overall=0.689200, mean_diversity=0.242163,
indivs=18873362, elapsed_secs=19643, mean=0.514057, stdev=0.074614, best fit=0.689200, best_overall=0.689200, mean_diversity=0.226063,
indivs=18883460, elapsed_secs=19655, mean=0.513572, stdev=0.105452, best fit=0.689200, best_overall=0.689200, mean_diversity=0.273755,
indivs=18893558, elapsed_secs=19667, mean=0.492897, stdev=0.073819, best fit=0.689200, best_overall=0.689200, mean_diversity=0.175367,
indivs=18903656, elapsed_secs=19676, mean=0.577089, stdev=0.096273, best fit=0.689200, best_overall=0.689200, mean_diversity=0.133061,
indivs=18913754, elapsed_secs=19685, mean=0.456892, stdev=0.144913, best fit=0.689200, best_overall=0.689200, mean_diversity=0.247970,
indivs=18923852, elapsed_secs=19696, mean=0.514155, stdev=0.123924, best fit=0.689200, best_overall=0.689200, mean_diversity=0.175036,
indivs=18933950, elapsed_secs=19706, mean=0.584648, stdev=0.138461, best fit=0.689200, best_overall=0.689200, mean_diversity=0.123868,
indivs=18944048, elapsed_secs=19715, mean=0.532135, stdev=0.081321, best fit=0.689200, best_overall=0.689200, mean_diversity=0.193164,
indivs=18954146, elapsed_secs=19725, mean=0.640279, stdev=0.067900, best fit=0.689200, best_overall=0.689200, mean_diversity=0.297805,
indivs=18964244, elapsed_secs=19735, mean=0.512327, stdev=0.082854, best fit=0.689200, best_overall=0.689200, mean_diversity=0.196781,
indivs=18974342, elapsed_secs=19746, mean=0.429138, stdev=0.191448, best fit=0.689200, best_overall=0.689200, mean_diversity=0.150970,
indivs=18984440, elapsed_secs=19757, mean=0.517693, stdev=0.125899, best fit=0.689200, best_overall=0.689200, mean_diversity=0.223458,
indivs=18994538, elapsed_secs=19768, mean=0.552562, stdev=0.152624, best fit=0.689200, best_overall=0.689200, mean_diversity=0.158938,
indivs=19004636, elapsed_secs=19780, mean=0.512118, stdev=0.178652, best fit=0.689200, best_overall=0.689200, mean_diversity=0.324944,
indivs=19014734, elapsed_secs=19790, mean=0.533282, stdev=0.149843, best fit=0.689200, best_overall=0.689200, mean_diversity=0.348480,
indivs=19024832, elapsed_secs=19803, mean=0.495088, stdev=0.151399, best fit=0.689200, best_overall=0.689200, mean_diversity=0.337005,
indivs=19034930, elapsed_secs=19813, mean=0.563197, stdev=0.134950, best fit=0.689200, best_overall=0.689200, mean_diversity=0.213881,
indivs=19045028, elapsed_secs=19823, mean=0.541346, stdev=0.111732, best fit=0.689200, best_overall=0.689200, mean_diversity=0.387051,
indivs=19055126, elapsed_secs=19836, mean=0.492987, stdev=0.107768, best fit=0.689200, best_overall=0.689200, mean_diversity=0.267489,
indivs=19065224, elapsed_secs=19847, mean=0.503362, stdev=0.118993, best fit=0.689200, best_overall=0.689200, mean_diversity=0.251099,
indivs=19075322, elapsed_secs=19857, mean=0.581560, stdev=0.088259, best fit=0.689200, best_overall=0.689200, mean_diversity=0.109613,
indivs=19085420, elapsed_secs=19866, mean=0.532671, stdev=0.051445, best fit=0.689200, best_overall=0.689200, mean_diversity=0.182489,
indivs=19095518, elapsed_secs=19876, mean=0.541807, stdev=0.112889, best fit=0.689200, best_overall=0.689200, mean_diversity=0.380605,
indivs=19105616, elapsed_secs=19886, mean=0.567619, stdev=0.146066, best fit=0.689200, best_overall=0.689200, mean_diversity=0.131696,
indivs=19115714, elapsed_secs=19896, mean=0.517985, stdev=0.099152, best fit=0.689200, best_overall=0.689200, mean_diversity=0.322676,
indivs=19125812, elapsed_secs=19905, mean=0.576102, stdev=0.088720, best fit=0.689200, best_overall=0.689200, mean_diversity=0.214420,
indivs=19135910, elapsed_secs=19915, mean=0.545228, stdev=0.122295, best fit=0.689200, best_overall=0.689200, mean_diversity=0.332612,
indivs=19146008, elapsed_secs=19925, mean=0.514494, stdev=0.107750, best fit=0.689200, best_overall=0.689200, mean_diversity=0.296244,
indivs=19156106, elapsed_secs=19936, mean=0.571357, stdev=0.163341, best fit=0.689200, best_overall=0.689200, mean_diversity=0.386052,
indivs=19166204, elapsed_secs=19946, mean=0.616062, stdev=0.104031, best fit=0.689200, best_overall=0.689200, mean_diversity=0.063968,
indivs=19176302, elapsed_secs=19956, mean=0.556737, stdev=0.085386, best fit=0.689200, best_overall=0.689200, mean_diversity=0.318933,
indivs=19186400, elapsed_secs=19967, mean=0.525059, stdev=0.132254, best fit=0.689200, best_overall=0.689200, mean_diversity=0.192320,
indivs=19196498, elapsed_secs=19976, mean=0.494495, stdev=0.075206, best fit=0.689200, best_overall=0.689200, mean_diversity=0.170845,
indivs=19206596, elapsed_secs=19984, mean=0.595682, stdev=0.068449, best fit=0.689200, best_overall=0.689200, mean_diversity=0.148547,
indivs=19216694, elapsed_secs=19992, mean=0.531967, stdev=0.121802, best fit=0.689200, best_overall=0.689200, mean_diversity=0.200554,
indivs=19226792, elapsed_secs=20003, mean=0.601248, stdev=0.167874, best fit=0.689200, best_overall=0.689200, mean_diversity=0.069512,
indivs=19236890, elapsed_secs=20011, mean=0.582063, stdev=0.115739, best fit=0.689200, best_overall=0.689200, mean_diversity=0.239609,
indivs=19246988, elapsed_secs=20021, mean=0.540980, stdev=0.097182, best fit=0.689200, best_overall=0.689200, mean_diversity=0.160994,
indivs=19257086, elapsed_secs=20032, mean=0.594477, stdev=0.123302, best fit=0.689200, best_overall=0.689200, mean_diversity=0.198689,
indivs=19267184, elapsed_secs=20041, mean=0.603215, stdev=0.108633, best fit=0.689200, best_overall=0.689200, mean_diversity=0.096527,
indivs=19277282, elapsed_secs=20050, mean=0.631236, stdev=0.080523, best fit=0.689200, best_overall=0.689200, mean_diversity=0.129845,
indivs=19287380, elapsed_secs=20060, mean=0.484502, stdev=0.155239, best fit=0.689200, best_overall=0.689200, mean_diversity=0.086477,
indivs=19297478, elapsed_secs=20071, mean=0.575800, stdev=0.195621, best fit=0.689200, best_overall=0.689200, mean_diversity=0.227139,
indivs=19307576, elapsed_secs=20081, mean=0.553539, stdev=0.100845, best fit=0.689200, best_overall=0.689200, mean_diversity=0.388432,
indivs=19317674, elapsed_secs=20089, mean=0.491797, stdev=0.072820, best fit=0.689200, best_overall=0.689200, mean_diversity=0.311639,
indivs=19327772, elapsed_secs=20099, mean=0.497988, stdev=0.056406, best fit=0.689200, best_overall=0.689200, mean_diversity=0.304214,
indivs=19337870, elapsed_secs=20108, mean=0.463313, stdev=0.120156, best fit=0.689200, best_overall=0.689200, mean_diversity=0.085641,
indivs=19347968, elapsed_secs=20122, mean=0.500877, stdev=0.059592, best fit=0.689200, best_overall=0.689200, mean_diversity=0.101187,
indivs=19358066, elapsed_secs=20130, mean=0.600625, stdev=0.108216, best fit=0.689200, best_overall=0.689200, mean_diversity=0.289013,
indivs=19368164, elapsed_secs=20140, mean=0.503255, stdev=0.023090, best fit=0.689200, best_overall=0.689200, mean_diversity=0.050031,
indivs=19378262, elapsed_secs=20150, mean=0.500462, stdev=0.055423, best fit=0.689200, best_overall=0.689200, mean_diversity=0.201316,
indivs=19388360, elapsed_secs=20159, mean=0.611533, stdev=0.106820, best fit=0.689200, best_overall=0.689200, mean_diversity=0.114095,
indivs=19398458, elapsed_secs=20169, mean=0.505399, stdev=0.084471, best fit=0.689200, best_overall=0.689200, mean_diversity=0.219481,
indivs=19408556, elapsed_secs=20180, mean=0.582999, stdev=0.110556, best fit=0.689200, best_overall=0.689200, mean_diversity=0.273500,
indivs=19418654, elapsed_secs=20189, mean=0.490420, stdev=0.075724, best fit=0.689200, best_overall=0.689200, mean_diversity=0.117405,
indivs=19428752, elapsed_secs=20197, mean=0.579111, stdev=0.116283, best fit=0.689200, best_overall=0.689200, mean_diversity=0.269660,
indivs=19438850, elapsed_secs=20207, mean=0.550140, stdev=0.161266, best fit=0.689200, best_overall=0.689200, mean_diversity=0.125884,
indivs=19448948, elapsed_secs=20217, mean=0.631964, stdev=0.099450, best fit=0.689200, best_overall=0.689200, mean_diversity=0.078987,
indivs=19459046, elapsed_secs=20227, mean=0.507785, stdev=0.156314, best fit=0.689200, best_overall=0.689200, mean_diversity=0.222596,
indivs=19469144, elapsed_secs=20237, mean=0.499431, stdev=0.059962, best fit=0.689200, best_overall=0.689200, mean_diversity=0.115981,
indivs=19479242, elapsed_secs=20248, mean=0.544129, stdev=0.059039, best fit=0.689200, best_overall=0.689200, mean_diversity=0.208036,
indivs=19489340, elapsed_secs=20257, mean=0.506882, stdev=0.065123, best fit=0.689200, best_overall=0.689200, mean_diversity=0.172141,
indivs=19499438, elapsed_secs=20266, mean=0.507379, stdev=0.071065, best fit=0.689200, best_overall=0.689200, mean_diversity=0.255978,
indivs=19509536, elapsed_secs=20275, mean=0.603958, stdev=0.097452, best fit=0.689200, best_overall=0.689200, mean_diversity=0.105652,
indivs=19519634, elapsed_secs=20285, mean=0.537276, stdev=0.142028, best fit=0.689200, best_overall=0.689200, mean_diversity=0.223697,
indivs=19529732, elapsed_secs=20294, mean=0.557702, stdev=0.128494, best fit=0.689200, best_overall=0.689200, mean_diversity=0.326503,
indivs=19539830, elapsed_secs=20303, mean=0.555129, stdev=0.139223, best fit=0.689200, best_overall=0.689200, mean_diversity=0.228492,
indivs=19549928, elapsed_secs=20313, mean=0.564051, stdev=0.128265, best fit=0.689200, best_overall=0.689200, mean_diversity=0.138840,
indivs=19560026, elapsed_secs=20325, mean=0.485730, stdev=0.123046, best fit=0.689200, best_overall=0.689200, mean_diversity=0.150769,
indivs=19570124, elapsed_secs=20335, mean=0.447041, stdev=0.182632, best fit=0.689200, best_overall=0.689200, mean_diversity=0.117551,
indivs=19580222, elapsed_secs=20344, mean=0.511206, stdev=0.071954, best fit=0.689200, best_overall=0.689200, mean_diversity=0.206004,
indivs=19590320, elapsed_secs=20357, mean=0.513831, stdev=0.042807, best fit=0.689200, best_overall=0.689200, mean_diversity=0.148054,
indivs=19600418, elapsed_secs=20368, mean=0.520707, stdev=0.127549, best fit=0.689200, best_overall=0.689200, mean_diversity=0.216055,
indivs=19610516, elapsed_secs=20379, mean=0.573786, stdev=0.116177, best fit=0.689200, best_overall=0.689200, mean_diversity=0.219192,
indivs=19620614, elapsed_secs=20390, mean=0.485901, stdev=0.143752, best fit=0.689200, best_overall=0.689200, mean_diversity=0.207796,
indivs=19630712, elapsed_secs=20401, mean=0.453405, stdev=0.154551, best fit=0.689200, best_overall=0.689200, mean_diversity=0.201841,
indivs=19640810, elapsed_secs=20413, mean=0.575956, stdev=0.145946, best fit=0.689200, best_overall=0.689200, mean_diversity=0.196045,
indivs=19650908, elapsed_secs=20422, mean=0.478892, stdev=0.100809, best fit=0.689200, best_overall=0.689200, mean_diversity=0.070613,
indivs=19661006, elapsed_secs=20431, mean=0.510178, stdev=0.184347, best fit=0.689200, best_overall=0.689200, mean_diversity=0.118256,
indivs=19671104, elapsed_secs=20440, mean=0.646489, stdev=0.067593, best fit=0.689200, best_overall=0.689200, mean_diversity=0.152237,
indivs=19681202, elapsed_secs=20450, mean=0.508409, stdev=0.069105, best fit=0.689200, best_overall=0.689200, mean_diversity=0.181978,
indivs=19691300, elapsed_secs=20462, mean=0.530562, stdev=0.094340, best fit=0.689200, best_overall=0.689200, mean_diversity=0.339284,
indivs=19701398, elapsed_secs=20472, mean=0.620691, stdev=0.104713, best fit=0.689200, best_overall=0.689200, mean_diversity=0.122266,
indivs=19711496, elapsed_secs=20483, mean=0.523558, stdev=0.074016, best fit=0.689200, best_overall=0.689200, mean_diversity=0.238362,
indivs=19721594, elapsed_secs=20492, mean=0.517456, stdev=0.053680, best fit=0.689200, best_overall=0.689200, mean_diversity=0.332490,
indivs=19731692, elapsed_secs=20502, mean=0.597706, stdev=0.147324, best fit=0.689200, best_overall=0.689200, mean_diversity=0.151622,
indivs=19741790, elapsed_secs=20512, mean=0.544348, stdev=0.159753, best fit=0.689200, best_overall=0.689200, mean_diversity=0.303320,
indivs=19751888, elapsed_secs=20524, mean=0.494145, stdev=0.110099, best fit=0.689200, best_overall=0.689200, mean_diversity=0.174498,
indivs=19761986, elapsed_secs=20535, mean=0.522157, stdev=0.141017, best fit=0.689200, best_overall=0.689200, mean_diversity=0.231863,
indivs=19772084, elapsed_secs=20546, mean=0.521453, stdev=0.124435, best fit=0.689200, best_overall=0.689200, mean_diversity=0.216944,
indivs=19782182, elapsed_secs=20555, mean=0.503720, stdev=0.118184, best fit=0.689200, best_overall=0.689200, mean_diversity=0.136872,
indivs=19792280, elapsed_secs=20565, mean=0.496709, stdev=0.079577, best fit=0.689200, best_overall=0.689200, mean_diversity=0.099277,
indivs=19802378, elapsed_secs=20575, mean=0.596092, stdev=0.108855, best fit=0.689200, best_overall=0.689200, mean_diversity=0.305803,
indivs=19812476, elapsed_secs=20585, mean=0.511522, stdev=0.119445, best fit=0.689200, best_overall=0.689200, mean_diversity=0.357500,
indivs=19822574, elapsed_secs=20593, mean=0.577962, stdev=0.089144, best fit=0.689200, best_overall=0.689200, mean_diversity=0.237620,
indivs=19832672, elapsed_secs=20602, mean=0.551075, stdev=0.129572, best fit=0.689200, best_overall=0.689200, mean_diversity=0.151747,
indivs=19842770, elapsed_secs=20612, mean=0.525999, stdev=0.077191, best fit=0.689200, best_overall=0.689200, mean_diversity=0.410519,
indivs=19852868, elapsed_secs=20622, mean=0.553893, stdev=0.117317, best fit=0.689200, best_overall=0.689200, mean_diversity=0.191242,
indivs=19862966, elapsed_secs=20632, mean=0.507042, stdev=0.083883, best fit=0.689200, best_overall=0.689200, mean_diversity=0.182421,
indivs=19873064, elapsed_secs=20640, mean=0.558438, stdev=0.131948, best fit=0.689200, best_overall=0.689200, mean_diversity=0.092970,
indivs=19883162, elapsed_secs=20650, mean=0.507302, stdev=0.092435, best fit=0.689200, best_overall=0.689200, mean_diversity=0.347410,
indivs=19893260, elapsed_secs=20659, mean=0.494091, stdev=0.109986, best fit=0.689200, best_overall=0.689200, mean_diversity=0.181722,
indivs=19903358, elapsed_secs=20669, mean=0.595887, stdev=0.108788, best fit=0.689200, best_overall=0.689200, mean_diversity=0.223075,
indivs=19913456, elapsed_secs=20677, mean=0.555883, stdev=0.100275, best fit=0.689200, best_overall=0.689200, mean_diversity=0.288676,
indivs=19923554, elapsed_secs=20689, mean=0.587597, stdev=0.122510, best fit=0.689200, best_overall=0.689200, mean_diversity=0.175742,
indivs=19933652, elapsed_secs=20701, mean=0.599876, stdev=0.090474, best fit=0.689200, best_overall=0.689200, mean_diversity=0.226444,
indivs=19943750, elapsed_secs=20709, mean=0.564101, stdev=0.108367, best fit=0.689200, best_overall=0.689200, mean_diversity=0.174407,
indivs=19953848, elapsed_secs=20720, mean=0.516499, stdev=0.106466, best fit=0.689200, best_overall=0.689200, mean_diversity=0.206335,
indivs=19963946, elapsed_secs=20730, mean=0.544096, stdev=0.101178, best fit=0.689200, best_overall=0.689200, mean_diversity=0.286043,
indivs=19974044, elapsed_secs=20741, mean=0.568341, stdev=0.121440, best fit=0.689200, best_overall=0.689200, mean_diversity=0.371429,
indivs=19984142, elapsed_secs=20751, mean=0.608451, stdev=0.100949, best fit=0.689200, best_overall=0.689200, mean_diversity=0.141667,
indivs=19994240, elapsed_secs=20761, mean=0.555295, stdev=0.083587, best fit=0.689200, best_overall=0.689200, mean_diversity=0.167091,
indivs=20004338, elapsed_secs=20771, mean=0.465929, stdev=0.127474, best fit=0.689200, best_overall=0.689200, mean_diversity=0.183040,
indivs=20014436, elapsed_secs=20780, mean=0.485999, stdev=0.167921, best fit=0.689200, best_overall=0.689200, mean_diversity=0.234434,
indivs=20024534, elapsed_secs=20789, mean=0.512940, stdev=0.069681, best fit=0.689200, best_overall=0.689200, mean_diversity=0.243022,
indivs=20034632, elapsed_secs=20799, mean=0.609263, stdev=0.149771, best fit=0.689200, best_overall=0.689200, mean_diversity=0.095383,
indivs=20044730, elapsed_secs=20809, mean=0.500106, stdev=0.057582, best fit=0.689200, best_overall=0.689200, mean_diversity=0.212877,
indivs=20054828, elapsed_secs=20821, mean=0.579064, stdev=0.137050, best fit=0.689200, best_overall=0.689200, mean_diversity=0.236621,
indivs=20064926, elapsed_secs=20832, mean=0.465664, stdev=0.133028, best fit=0.689200, best_overall=0.689200, mean_diversity=0.206727,
indivs=20075024, elapsed_secs=20842, mean=0.497110, stdev=0.055227, best fit=0.689200, best_overall=0.689200, mean_diversity=0.079835,
indivs=20085122, elapsed_secs=20852, mean=0.586549, stdev=0.093689, best fit=0.689200, best_overall=0.689200, mean_diversity=0.199375,
indivs=20095220, elapsed_secs=20860, mean=0.589291, stdev=0.121070, best fit=0.689200, best_overall=0.689200, mean_diversity=0.213748,
indivs=20105318, elapsed_secs=20870, mean=0.603516, stdev=0.166441, best fit=0.689200, best_overall=0.689200, mean_diversity=0.125219,
indivs=20115416, elapsed_secs=20880, mean=0.539840, stdev=0.072617, best fit=0.689200, best_overall=0.689200, mean_diversity=0.293260,
indivs=20125514, elapsed_secs=20890, mean=0.587343, stdev=0.076299, best fit=0.689200, best_overall=0.689200, mean_diversity=0.253878,
indivs=20135612, elapsed_secs=20900, mean=0.551109, stdev=0.132105, best fit=0.689200, best_overall=0.689200, mean_diversity=0.085411,
indivs=20145710, elapsed_secs=20909, mean=0.558340, stdev=0.080298, best fit=0.689200, best_overall=0.689200, mean_diversity=0.239844,
indivs=20155808, elapsed_secs=20919, mean=0.547082, stdev=0.143787, best fit=0.689200, best_overall=0.689200, mean_diversity=0.323372,
indivs=20165906, elapsed_secs=20929, mean=0.591127, stdev=0.180171, best fit=0.689200, best_overall=0.689200, mean_diversity=0.103744,
indivs=20176004, elapsed_secs=20937, mean=0.617208, stdev=0.095746, best fit=0.689200, best_overall=0.689200, mean_diversity=0.156175,
indivs=20186102, elapsed_secs=20946, mean=0.561130, stdev=0.085013, best fit=0.689200, best_overall=0.689200, mean_diversity=0.311869,
indivs=20196200, elapsed_secs=20956, mean=0.518603, stdev=0.103746, best fit=0.689200, best_overall=0.689200, mean_diversity=0.257882,
indivs=20206298, elapsed_secs=20967, mean=0.604832, stdev=0.105147, best fit=0.689200, best_overall=0.689200, mean_diversity=0.153845,
indivs=20216396, elapsed_secs=20977, mean=0.570981, stdev=0.135915, best fit=0.689200, best_overall=0.689200, mean_diversity=0.287429,
indivs=20226494, elapsed_secs=20987, mean=0.514927, stdev=0.056859, best fit=0.689200, best_overall=0.689200, mean_diversity=0.237744,
indivs=20236592, elapsed_secs=20998, mean=0.573429, stdev=0.133379, best fit=0.689200, best_overall=0.689200, mean_diversity=0.194461,
indivs=20246690, elapsed_secs=21006, mean=0.578198, stdev=0.109901, best fit=0.689200, best_overall=0.689200, mean_diversity=0.342598,
indivs=20256788, elapsed_secs=21016, mean=0.540093, stdev=0.155232, best fit=0.689200, best_overall=0.689200, mean_diversity=0.105316,
indivs=20266886, elapsed_secs=21024, mean=0.559815, stdev=0.069477, best fit=0.689200, best_overall=0.689200, mean_diversity=0.143469,
indivs=20276984, elapsed_secs=21034, mean=0.588269, stdev=0.088618, best fit=0.689200, best_overall=0.689200, mean_diversity=0.345302,
indivs=20287082, elapsed_secs=21043, mean=0.499668, stdev=0.022064, best fit=0.689200, best_overall=0.689200, mean_diversity=0.086317,
indivs=20297180, elapsed_secs=21053, mean=0.500255, stdev=0.130609, best fit=0.689200, best_overall=0.689200, mean_diversity=0.230674,
indivs=20307278, elapsed_secs=21064, mean=0.556015, stdev=0.153258, best fit=0.689200, best_overall=0.689200, mean_diversity=0.334323,
indivs=20317376, elapsed_secs=21074, mean=0.502952, stdev=0.021600, best fit=0.689200, best_overall=0.689200, mean_diversity=0.074232,
indivs=20327474, elapsed_secs=21083, mean=0.522756, stdev=0.153219, best fit=0.689200, best_overall=0.689200, mean_diversity=0.395598,
indivs=20337572, elapsed_secs=21093, mean=0.566042, stdev=0.130492, best fit=0.689200, best_overall=0.689200, mean_diversity=0.305449,
indivs=20347670, elapsed_secs=21103, mean=0.538289, stdev=0.148623, best fit=0.689200, best_overall=0.689200, mean_diversity=0.236076,
indivs=20357768, elapsed_secs=21112, mean=0.487000, stdev=0.108903, best fit=0.689200, best_overall=0.689200, mean_diversity=0.210022,
indivs=20367866, elapsed_secs=21124, mean=0.515961, stdev=0.080230, best fit=0.689200, best_overall=0.689200, mean_diversity=0.124821,
indivs=20377964, elapsed_secs=21135, mean=0.597412, stdev=0.146724, best fit=0.689200, best_overall=0.689200, mean_diversity=0.153226,
indivs=20388062, elapsed_secs=21143, mean=0.536723, stdev=0.121263, best fit=0.689200, best_overall=0.689200, mean_diversity=0.319460,
indivs=20398160, elapsed_secs=21154, mean=0.486174, stdev=0.122393, best fit=0.689200, best_overall=0.689200, mean_diversity=0.229766,
indivs=20408258, elapsed_secs=21164, mean=0.582087, stdev=0.153289, best fit=0.689200, best_overall=0.689200, mean_diversity=0.103887,
indivs=20418356, elapsed_secs=21173, mean=0.576449, stdev=0.086269, best fit=0.689200, best_overall=0.689200, mean_diversity=0.076821,
indivs=20428454, elapsed_secs=21182, mean=0.485261, stdev=0.082577, best fit=0.689200, best_overall=0.689200, mean_diversity=0.270396,
indivs=20438552, elapsed_secs=21191, mean=0.600870, stdev=0.125141, best fit=0.689200, best_overall=0.689200, mean_diversity=0.131369,
indivs=20448650, elapsed_secs=21203, mean=0.591501, stdev=0.121817, best fit=0.689200, best_overall=0.689200, mean_diversity=0.340286,
indivs=20458748, elapsed_secs=21212, mean=0.557554, stdev=0.117384, best fit=0.689200, best_overall=0.689200, mean_diversity=0.333511,
indivs=20468846, elapsed_secs=21222, mean=0.565694, stdev=0.171717, best fit=0.689200, best_overall=0.689200, mean_diversity=0.220470,
indivs=20478944, elapsed_secs=21232, mean=0.601132, stdev=0.107591, best fit=0.689200, best_overall=0.689200, mean_diversity=0.228794,
indivs=20489042, elapsed_secs=21243, mean=0.611563, stdev=0.105361, best fit=0.689200, best_overall=0.689200, mean_diversity=0.248750,
indivs=20499140, elapsed_secs=21254, mean=0.565320, stdev=0.086120, best fit=0.689200, best_overall=0.689200, mean_diversity=0.164325,
indivs=20509238, elapsed_secs=21265, mean=0.540963, stdev=0.077568, best fit=0.689200, best_overall=0.689200, mean_diversity=0.183244,
indivs=20519336, elapsed_secs=21278, mean=0.564638, stdev=0.130691, best fit=0.689200, best_overall=0.689200, mean_diversity=0.071429,
indivs=20529434, elapsed_secs=21289, mean=0.509228, stdev=0.042509, best fit=0.689200, best_overall=0.689200, mean_diversity=0.246018,
indivs=20539532, elapsed_secs=21298, mean=0.575841, stdev=0.188690, best fit=0.689200, best_overall=0.689200, mean_diversity=0.135644,
indivs=20549630, elapsed_secs=21308, mean=0.535518, stdev=0.135107, best fit=0.689200, best_overall=0.689200, mean_diversity=0.217456,
indivs=20559728, elapsed_secs=21320, mean=0.505746, stdev=0.177600, best fit=0.689200, best_overall=0.689200, mean_diversity=0.093081,
indivs=20569826, elapsed_secs=21329, mean=0.534427, stdev=0.041912, best fit=0.689200, best_overall=0.689200, mean_diversity=0.194082,
indivs=20579924, elapsed_secs=21340, mean=0.550872, stdev=0.116196, best fit=0.689200, best_overall=0.689200, mean_diversity=0.230082,
indivs=20590022, elapsed_secs=21350, mean=0.524090, stdev=0.150434, best fit=0.689200, best_overall=0.689200, mean_diversity=0.368932,
indivs=20600120, elapsed_secs=21361, mean=0.525948, stdev=0.086380, best fit=0.689200, best_overall=0.689200, mean_diversity=0.172556,
indivs=20610218, elapsed_secs=21371, mean=0.611202, stdev=0.102170, best fit=0.689200, best_overall=0.689200, mean_diversity=0.071167,
indivs=20620316, elapsed_secs=21381, mean=0.480372, stdev=0.177554, best fit=0.689200, best_overall=0.689200, mean_diversity=0.113985,
indivs=20630414, elapsed_secs=21390, mean=0.501963, stdev=0.018832, best fit=0.689200, best_overall=0.689200, mean_diversity=0.070504,
indivs=20640512, elapsed_secs=21400, mean=0.579130, stdev=0.116334, best fit=0.689200, best_overall=0.689200, mean_diversity=0.125338,
indivs=20650610, elapsed_secs=21413, mean=0.575204, stdev=0.137460, best fit=0.689200, best_overall=0.689200, mean_diversity=0.189904,
indivs=20660708, elapsed_secs=21423, mean=0.500428, stdev=0.057910, best fit=0.689200, best_overall=0.689200, mean_diversity=0.079204,
indivs=20670806, elapsed_secs=21433, mean=0.492055, stdev=0.061186, best fit=0.689200, best_overall=0.689200, mean_diversity=0.222058,
indivs=20680904, elapsed_secs=21444, mean=0.547309, stdev=0.103046, best fit=0.689200, best_overall=0.689200, mean_diversity=0.307920,
indivs=20691002, elapsed_secs=21453, mean=0.556518, stdev=0.114573, best fit=0.689200, best_overall=0.689200, mean_diversity=0.194175,
indivs=20701100, elapsed_secs=21463, mean=0.495117, stdev=0.096452, best fit=0.689200, best_overall=0.689200, mean_diversity=0.139754,
indivs=20711198, elapsed_secs=21473, mean=0.561412, stdev=0.089624, best fit=0.689200, best_overall=0.689200, mean_diversity=0.255199,
indivs=20721296, elapsed_secs=21484, mean=0.600509, stdev=0.115128, best fit=0.689200, best_overall=0.689200, mean_diversity=0.340098,
indivs=20731394, elapsed_secs=21495, mean=0.521263, stdev=0.073385, best fit=0.689200, best_overall=0.689200, mean_diversity=0.263351,
indivs=20741492, elapsed_secs=21503, mean=0.486890, stdev=0.087670, best fit=0.689200, best_overall=0.689200, mean_diversity=0.417650,
indivs=20751590, elapsed_secs=21513, mean=0.579789, stdev=0.091397, best fit=0.689200, best_overall=0.689200, mean_diversity=0.281890,
indivs=20761688, elapsed_secs=21521, mean=0.493835, stdev=0.119890, best fit=0.689200, best_overall=0.689200, mean_diversity=0.436017,
indivs=20771786, elapsed_secs=21534, mean=0.607367, stdev=0.120499, best fit=0.689200, best_overall=0.689200, mean_diversity=0.284167,
indivs=20781884, elapsed_secs=21543, mean=0.618289, stdev=0.091119, best fit=0.689200, best_overall=0.689200, mean_diversity=0.186598,
indivs=20791982, elapsed_secs=21552, mean=0.591983, stdev=0.135349, best fit=0.689200, best_overall=0.689200, mean_diversity=0.085246,
indivs=20802080, elapsed_secs=21562, mean=0.502323, stdev=0.027410, best fit=0.689200, best_overall=0.689200, mean_diversity=0.381637,
indivs=20812178, elapsed_secs=21573, mean=0.579746, stdev=0.142889, best fit=0.689200, best_overall=0.689200, mean_diversity=0.281076,
indivs=20822276, elapsed_secs=21585, mean=0.479157, stdev=0.140267, best fit=0.689200, best_overall=0.689200, mean_diversity=0.182450,
indivs=20832374, elapsed_secs=21596, mean=0.528364, stdev=0.087140, best fit=0.689200, best_overall=0.689200, mean_diversity=0.211382,
indivs=20842472, elapsed_secs=21608, mean=0.561845, stdev=0.082973, best fit=0.689200, best_overall=0.689200, mean_diversity=0.273042,
indivs=20852570, elapsed_secs=21619, mean=0.530067, stdev=0.094542, best fit=0.689200, best_overall=0.689200, mean_diversity=0.310100,
indivs=20862668, elapsed_secs=21628, mean=0.532766, stdev=0.069119, best fit=0.689200, best_overall=0.689200, mean_diversity=0.214689,
indivs=20872766, elapsed_secs=21638, mean=0.525663, stdev=0.089082, best fit=0.689200, best_overall=0.689200, mean_diversity=0.192437,
indivs=20882864, elapsed_secs=21648, mean=0.565257, stdev=0.109285, best fit=0.689200, best_overall=0.689200, mean_diversity=0.152968,
indivs=20892962, elapsed_secs=21658, mean=0.506559, stdev=0.122065, best fit=0.689200, best_overall=0.689200, mean_diversity=0.233272,
indivs=20903060, elapsed_secs=21669, mean=0.625326, stdev=0.130758, best fit=0.689200, best_overall=0.689200, mean_diversity=0.152432,
indivs=20913158, elapsed_secs=21679, mean=0.512642, stdev=0.061247, best fit=0.689200, best_overall=0.689200, mean_diversity=0.337059,
indivs=20923256, elapsed_secs=21688, mean=0.544873, stdev=0.112245, best fit=0.689200, best_overall=0.689200, mean_diversity=0.115519,
indivs=20933354, elapsed_secs=21700, mean=0.534910, stdev=0.071467, best fit=0.689200, best_overall=0.689200, mean_diversity=0.316657,
indivs=20943452, elapsed_secs=21711, mean=0.535381, stdev=0.140010, best fit=0.689200, best_overall=0.689200, mean_diversity=0.246163,
indivs=20953550, elapsed_secs=21721, mean=0.557541, stdev=0.103958, best fit=0.689200, best_overall=0.689200, mean_diversity=0.293143,
indivs=20963648, elapsed_secs=21730, mean=0.573672, stdev=0.088076, best fit=0.689200, best_overall=0.689200, mean_diversity=0.316486,
indivs=20973746, elapsed_secs=21742, mean=0.584374, stdev=0.158892, best fit=0.689200, best_overall=0.689200, mean_diversity=0.136736,
indivs=20983844, elapsed_secs=21752, mean=0.541897, stdev=0.081498, best fit=0.689200, best_overall=0.689200, mean_diversity=0.265275,
indivs=20993942, elapsed_secs=21762, mean=0.505107, stdev=0.031183, best fit=0.689200, best_overall=0.689200, mean_diversity=0.065144,
indivs=21004040, elapsed_secs=21771, mean=0.508510, stdev=0.034147, best fit=0.689200, best_overall=0.689200, mean_diversity=0.224587,
indivs=21014138, elapsed_secs=21783, mean=0.604137, stdev=0.106249, best fit=0.689200, best_overall=0.689200, mean_diversity=0.138144,
indivs=21024236, elapsed_secs=21792, mean=0.542915, stdev=0.173001, best fit=0.689200, best_overall=0.689200, mean_diversity=0.181890,
indivs=21034334, elapsed_secs=21801, mean=0.488749, stdev=0.119716, best fit=0.689200, best_overall=0.689200, mean_diversity=0.202328,
indivs=21044432, elapsed_secs=21811, mean=0.519670, stdev=0.153021, best fit=0.689200, best_overall=0.689200, mean_diversity=0.248739,
indivs=21054530, elapsed_secs=21823, mean=0.501890, stdev=0.020717, best fit=0.689200, best_overall=0.689200, mean_diversity=0.083972,
indivs=21064628, elapsed_secs=21832, mean=0.552399, stdev=0.110857, best fit=0.689200, best_overall=0.689200, mean_diversity=0.444708,
indivs=21074726, elapsed_secs=21841, mean=0.542205, stdev=0.085648, best fit=0.689200, best_overall=0.689200, mean_diversity=0.257868,
indivs=21084824, elapsed_secs=21851, mean=0.611942, stdev=0.089295, best fit=0.689200, best_overall=0.689200, mean_diversity=0.234063,
indivs=21094922, elapsed_secs=21861, mean=0.572727, stdev=0.106444, best fit=0.689200, best_overall=0.689200, mean_diversity=0.059340,
indivs=21105020, elapsed_secs=21869, mean=0.477874, stdev=0.106437, best fit=0.689200, best_overall=0.689200, mean_diversity=0.239859,
indivs=21115118, elapsed_secs=21879, mean=0.522562, stdev=0.099768, best fit=0.689200, best_overall=0.689200, mean_diversity=0.167322,
indivs=21125216, elapsed_secs=21892, mean=0.532297, stdev=0.058311, best fit=0.689200, best_overall=0.689200, mean_diversity=0.240018,
indivs=21135314, elapsed_secs=21902, mean=0.469894, stdev=0.231435, best fit=0.689200, best_overall=0.689200, mean_diversity=0.260416,
indivs=21145412, elapsed_secs=21912, mean=0.496143, stdev=0.053857, best fit=0.689200, best_overall=0.689200, mean_diversity=0.312270,
indivs=21155510, elapsed_secs=21921, mean=0.538987, stdev=0.111370, best fit=0.689200, best_overall=0.689200, mean_diversity=0.206677,
indivs=21165608, elapsed_secs=21931, mean=0.485494, stdev=0.101674, best fit=0.689200, best_overall=0.689200, mean_diversity=0.165887,
indivs=21175706, elapsed_secs=21940, mean=0.561601, stdev=0.103579, best fit=0.689200, best_overall=0.689200, mean_diversity=0.201508,
indivs=21185804, elapsed_secs=21950, mean=0.614396, stdev=0.130729, best fit=0.689200, best_overall=0.689200, mean_diversity=0.171926,
indivs=21195902, elapsed_secs=21958, mean=0.566965, stdev=0.118040, best fit=0.689200, best_overall=0.689200, mean_diversity=0.248048,
indivs=21206000, elapsed_secs=21968, mean=0.612730, stdev=0.092905, best fit=0.689200, best_overall=0.689200, mean_diversity=0.153610,
indivs=21216098, elapsed_secs=21978, mean=0.595816, stdev=0.121662, best fit=0.689200, best_overall=0.689200, mean_diversity=0.123854,
indivs=21226196, elapsed_secs=21987, mean=0.561477, stdev=0.085827, best fit=0.689200, best_overall=0.689200, mean_diversity=0.420450,
indivs=21236294, elapsed_secs=21997, mean=0.504207, stdev=0.090310, best fit=0.689200, best_overall=0.689200, mean_diversity=0.163299,
indivs=21246392, elapsed_secs=22005, mean=0.548396, stdev=0.064855, best fit=0.689200, best_overall=0.689200, mean_diversity=0.354500,
indivs=21256490, elapsed_secs=22015, mean=0.556257, stdev=0.124162, best fit=0.689200, best_overall=0.689200, mean_diversity=0.300787,
indivs=21266588, elapsed_secs=22027, mean=0.546335, stdev=0.065405, best fit=0.689200, best_overall=0.689200, mean_diversity=0.224000,
indivs=21276686, elapsed_secs=22038, mean=0.549695, stdev=0.133323, best fit=0.689200, best_overall=0.689200, mean_diversity=0.112235,
indivs=21286784, elapsed_secs=22047, mean=0.519006, stdev=0.054867, best fit=0.689200, best_overall=0.689200, mean_diversity=0.229479,
indivs=21296882, elapsed_secs=22057, mean=0.518246, stdev=0.113443, best fit=0.689200, best_overall=0.689200, mean_diversity=0.357489,
indivs=21306980, elapsed_secs=22064, mean=0.520008, stdev=0.127761, best fit=0.689200, best_overall=0.689200, mean_diversity=0.193548,
indivs=21317078, elapsed_secs=22072, mean=0.499609, stdev=0.056666, best fit=0.689200, best_overall=0.689200, mean_diversity=0.213373,
indivs=21327176, elapsed_secs=22082, mean=0.552767, stdev=0.202867, best fit=0.689200, best_overall=0.689200, mean_diversity=0.109834,
indivs=21337274, elapsed_secs=22091, mean=0.570161, stdev=0.102770, best fit=0.689200, best_overall=0.689200, mean_diversity=0.386667,
indivs=21347372, elapsed_secs=22101, mean=0.480190, stdev=0.049336, best fit=0.689200, best_overall=0.689200, mean_diversity=0.103072,
indivs=21357470, elapsed_secs=22109, mean=0.503981, stdev=0.177127, best fit=0.689200, best_overall=0.689200, mean_diversity=0.119077,
indivs=21367568, elapsed_secs=22118, mean=0.555869, stdev=0.139299, best fit=0.689200, best_overall=0.689200, mean_diversity=0.257215,
indivs=21377666, elapsed_secs=22129, mean=0.463743, stdev=0.095097, best fit=0.689200, best_overall=0.689200, mean_diversity=0.146398,
indivs=21387764, elapsed_secs=22138, mean=0.595970, stdev=0.117754, best fit=0.689200, best_overall=0.689200, mean_diversity=0.204106,
indivs=21397862, elapsed_secs=22147, mean=0.564461, stdev=0.166582, best fit=0.689200, best_overall=0.689200, mean_diversity=0.194653,
indivs=21407960, elapsed_secs=22155, mean=0.520905, stdev=0.052411, best fit=0.689200, best_overall=0.689200, mean_diversity=0.304864,
indivs=21418058, elapsed_secs=22165, mean=0.515827, stdev=0.112938, best fit=0.689200, best_overall=0.689200, mean_diversity=0.381152,
indivs=21428156, elapsed_secs=22176, mean=0.633775, stdev=0.096511, best fit=0.689200, best_overall=0.689200, mean_diversity=0.209037,
indivs=21438254, elapsed_secs=22188, mean=0.496387, stdev=0.053569, best fit=0.689200, best_overall=0.689200, mean_diversity=0.115597,
indivs=21448352, elapsed_secs=22197, mean=0.496460, stdev=0.036564, best fit=0.689200, best_overall=0.689200, mean_diversity=0.147894,
indivs=21458450, elapsed_secs=22207, mean=0.525975, stdev=0.104474, best fit=0.689200, best_overall=0.689200, mean_diversity=0.167415,
indivs=21468548, elapsed_secs=22216, mean=0.500990, stdev=0.019942, best fit=0.689200, best_overall=0.689200, mean_diversity=0.105409,
indivs=21478646, elapsed_secs=22227, mean=0.562059, stdev=0.082326, best fit=0.689200, best_overall=0.689200, mean_diversity=0.310538,
indivs=21488744, elapsed_secs=22238, mean=0.531339, stdev=0.159199, best fit=0.689200, best_overall=0.689200, mean_diversity=0.342694,
indivs=21498842, elapsed_secs=22248, mean=0.575970, stdev=0.178611, best fit=0.689200, best_overall=0.689200, mean_diversity=0.188268,
indivs=21508940, elapsed_secs=22258, mean=0.514407, stdev=0.048874, best fit=0.689200, best_overall=0.689200, mean_diversity=0.123243,
indivs=21519038, elapsed_secs=22267, mean=0.577362, stdev=0.102777, best fit=0.689200, best_overall=0.689200, mean_diversity=0.209803,
indivs=21529136, elapsed_secs=22277, mean=0.579234, stdev=0.106252, best fit=0.689200, best_overall=0.689200, mean_diversity=0.104332,
indivs=21539234, elapsed_secs=22286, mean=0.613057, stdev=0.118995, best fit=0.689200, best_overall=0.689200, mean_diversity=0.238201,
indivs=21549332, elapsed_secs=22296, mean=0.561596, stdev=0.080510, best fit=0.689200, best_overall=0.689200, mean_diversity=0.152631,
indivs=21559430, elapsed_secs=22306, mean=0.616301, stdev=0.104483, best fit=0.689200, best_overall=0.689200, mean_diversity=0.104545,
indivs=21569528, elapsed_secs=22314, mean=0.528334, stdev=0.089117, best fit=0.689200, best_overall=0.689200, mean_diversity=0.356116,
indivs=21579626, elapsed_secs=22325, mean=0.553056, stdev=0.114442, best fit=0.689200, best_overall=0.689200, mean_diversity=0.194717,
indivs=21589724, elapsed_secs=22337, mean=0.607515, stdev=0.085269, best fit=0.689200, best_overall=0.689200, mean_diversity=0.269120,
indivs=21599822, elapsed_secs=22347, mean=0.522474, stdev=0.128103, best fit=0.689200, best_overall=0.689200, mean_diversity=0.289753,
indivs=21609920, elapsed_secs=22357, mean=0.535130, stdev=0.088471, best fit=0.689200, best_overall=0.689200, mean_diversity=0.234129,
indivs=21620018, elapsed_secs=22367, mean=0.556578, stdev=0.116636, best fit=0.689200, best_overall=0.689200, mean_diversity=0.222048,
indivs=21630116, elapsed_secs=22378, mean=0.463098, stdev=0.176096, best fit=0.689200, best_overall=0.689200, mean_diversity=0.231148,
indivs=21640214, elapsed_secs=22387, mean=0.585541, stdev=0.120033, best fit=0.689200, best_overall=0.689200, mean_diversity=0.194752,
indivs=21650312, elapsed_secs=22398, mean=0.504120, stdev=0.019646, best fit=0.689200, best_overall=0.689200, mean_diversity=0.099062,
indivs=21660410, elapsed_secs=22412, mean=0.598989, stdev=0.125263, best fit=0.689200, best_overall=0.689200, mean_diversity=0.129391,
indivs=21670508, elapsed_secs=22422, mean=0.503464, stdev=0.023091, best fit=0.689200, best_overall=0.689200, mean_diversity=0.171730,
indivs=21680606, elapsed_secs=22434, mean=0.498250, stdev=0.080135, best fit=0.689200, best_overall=0.689200, mean_diversity=0.111531,
indivs=21690704, elapsed_secs=22443, mean=0.608823, stdev=0.133842, best fit=0.689200, best_overall=0.689200, mean_diversity=0.090022,
indivs=21700802, elapsed_secs=22453, mean=0.589342, stdev=0.205160, best fit=0.689200, best_overall=0.689200, mean_diversity=0.034466,
indivs=21710900, elapsed_secs=22463, mean=0.488541, stdev=0.110796, best fit=0.689200, best_overall=0.689200, mean_diversity=0.226804,
indivs=21720998, elapsed_secs=22472, mean=0.509235, stdev=0.040258, best fit=0.689200, best_overall=0.689200, mean_diversity=0.077774,
indivs=21731096, elapsed_secs=22483, mean=0.627320, stdev=0.130712, best fit=0.689200, best_overall=0.689200, mean_diversity=0.039979,
indivs=21741194, elapsed_secs=22494, mean=0.511204, stdev=0.097751, best fit=0.689200, best_overall=0.689200, mean_diversity=0.593536,
indivs=21751292, elapsed_secs=22503, mean=0.623305, stdev=0.118865, best fit=0.689200, best_overall=0.689200, mean_diversity=0.118947,
indivs=21761390, elapsed_secs=22514, mean=0.442460, stdev=0.118060, best fit=0.689200, best_overall=0.689200, mean_diversity=0.115415,
indivs=21771488, elapsed_secs=22524, mean=0.578388, stdev=0.102488, best fit=0.689200, best_overall=0.689200, mean_diversity=0.213178,
indivs=21781586, elapsed_secs=22533, mean=0.493422, stdev=0.137534, best fit=0.689200, best_overall=0.689200, mean_diversity=0.219283,
indivs=21791684, elapsed_secs=22541, mean=0.486864, stdev=0.186931, best fit=0.689200, best_overall=0.689200, mean_diversity=0.216324,
indivs=21801782, elapsed_secs=22549, mean=0.534928, stdev=0.070235, best fit=0.689200, best_overall=0.689200, mean_diversity=0.284060,
indivs=21811880, elapsed_secs=22559, mean=0.634568, stdev=0.112692, best fit=0.689200, best_overall=0.689200, mean_diversity=0.126617,
indivs=21821978, elapsed_secs=22569, mean=0.598343, stdev=0.081166, best fit=0.689200, best_overall=0.689200, mean_diversity=0.164594,
indivs=21832076, elapsed_secs=22578, mean=0.610148, stdev=0.104842, best fit=0.689200, best_overall=0.689200, mean_diversity=0.099718,
indivs=21842174, elapsed_secs=22586, mean=0.517785, stdev=0.055023, best fit=0.689200, best_overall=0.689200, mean_diversity=0.239083,
indivs=21852272, elapsed_secs=22596, mean=0.534418, stdev=0.070998, best fit=0.689200, best_overall=0.689200, mean_diversity=0.186440,
indivs=21862370, elapsed_secs=22606, mean=0.581331, stdev=0.115222, best fit=0.689200, best_overall=0.689200, mean_diversity=0.210328,
indivs=21872468, elapsed_secs=22617, mean=0.566643, stdev=0.129605, best fit=0.689200, best_overall=0.689200, mean_diversity=0.373113,
indivs=21882566, elapsed_secs=22626, mean=0.554446, stdev=0.096421, best fit=0.689200, best_overall=0.689200, mean_diversity=0.176854,
indivs=21892664, elapsed_secs=22638, mean=0.574064, stdev=0.131979, best fit=0.689200, best_overall=0.689200, mean_diversity=0.109641,
indivs=21902762, elapsed_secs=22648, mean=0.607612, stdev=0.121208, best fit=0.689200, best_overall=0.689200, mean_diversity=0.124085,
indivs=21912860, elapsed_secs=22660, mean=0.618579, stdev=0.102857, best fit=0.689200, best_overall=0.689200, mean_diversity=0.106227,
indivs=21922958, elapsed_secs=22671, mean=0.575710, stdev=0.070176, best fit=0.689200, best_overall=0.689200, mean_diversity=0.194860,
indivs=21933056, elapsed_secs=22682, mean=0.482347, stdev=0.107439, best fit=0.689200, best_overall=0.689200, mean_diversity=0.208746,
indivs=21943154, elapsed_secs=22694, mean=0.503990, stdev=0.111453, best fit=0.689200, best_overall=0.689200, mean_diversity=0.139978,
indivs=21953252, elapsed_secs=22704, mean=0.575639, stdev=0.077859, best fit=0.689200, best_overall=0.689200, mean_diversity=0.323879,
indivs=21963350, elapsed_secs=22713, mean=0.593638, stdev=0.109594, best fit=0.689200, best_overall=0.689200, mean_diversity=0.262500,
indivs=21973448, elapsed_secs=22723, mean=0.586159, stdev=0.079748, best fit=0.689200, best_overall=0.689200, mean_diversity=0.335897,
indivs=21983546, elapsed_secs=22731, mean=0.574207, stdev=0.090822, best fit=0.689200, best_overall=0.689200, mean_diversity=0.295345,
indivs=21993644, elapsed_secs=22741, mean=0.508431, stdev=0.124150, best fit=0.689200, best_overall=0.689200, mean_diversity=0.357455,
indivs=22003742, elapsed_secs=22751, mean=0.580878, stdev=0.146755, best fit=0.689200, best_overall=0.689200, mean_diversity=0.265250,
indivs=22013840, elapsed_secs=22761, mean=0.532111, stdev=0.122291, best fit=0.689200, best_overall=0.689200, mean_diversity=0.355050,
indivs=22023938, elapsed_secs=22770, mean=0.496892, stdev=0.053370, best fit=0.689200, best_overall=0.689200, mean_diversity=0.086856,
indivs=22034036, elapsed_secs=22780, mean=0.546944, stdev=0.143464, best fit=0.689200, best_overall=0.689200, mean_diversity=0.132744,
indivs=22044134, elapsed_secs=22791, mean=0.584505, stdev=0.193506, best fit=0.689200, best_overall=0.689200, mean_diversity=0.237426,
indivs=22054232, elapsed_secs=22799, mean=0.554160, stdev=0.194859, best fit=0.689200, best_overall=0.689200, mean_diversity=0.072338,
indivs=22064330, elapsed_secs=22809, mean=0.586961, stdev=0.062013, best fit=0.689200, best_overall=0.689200, mean_diversity=0.092559,
indivs=22074428, elapsed_secs=22820, mean=0.583711, stdev=0.124348, best fit=0.689200, best_overall=0.689200, mean_diversity=0.176575,
indivs=22084526, elapsed_secs=22829, mean=0.500990, stdev=0.019942, best fit=0.689200, best_overall=0.689200, mean_diversity=0.114814,
indivs=22094624, elapsed_secs=22838, mean=0.579250, stdev=0.084397, best fit=0.689200, best_overall=0.689200, mean_diversity=0.270773,
indivs=22104722, elapsed_secs=22846, mean=0.532807, stdev=0.132393, best fit=0.689200, best_overall=0.689200, mean_diversity=0.125159,
indivs=22114820, elapsed_secs=22856, mean=0.607783, stdev=0.152513, best fit=0.689200, best_overall=0.689200, mean_diversity=0.083859,
indivs=22124918, elapsed_secs=22867, mean=0.523098, stdev=0.131727, best fit=0.689200, best_overall=0.689200, mean_diversity=0.244983,
indivs=22135016, elapsed_secs=22878, mean=0.546295, stdev=0.117527, best fit=0.689200, best_overall=0.689200, mean_diversity=0.232042,
indivs=22145114, elapsed_secs=22888, mean=0.579539, stdev=0.097567, best fit=0.689200, best_overall=0.689200, mean_diversity=0.185920,
indivs=22155212, elapsed_secs=22896, mean=0.529823, stdev=0.064550, best fit=0.689200, best_overall=0.689200, mean_diversity=0.295288,
indivs=22165310, elapsed_secs=22908, mean=0.471314, stdev=0.120829, best fit=0.689200, best_overall=0.689200, mean_diversity=0.335097,
indivs=22175408, elapsed_secs=22918, mean=0.607563, stdev=0.142676, best fit=0.689200, best_overall=0.689200, mean_diversity=0.187934,
indivs=22185506, elapsed_secs=22930, mean=0.611281, stdev=0.104803, best fit=0.689200, best_overall=0.689200, mean_diversity=0.158950,
indivs=22195604, elapsed_secs=22939, mean=0.526136, stdev=0.112860, best fit=0.689200, best_overall=0.689200, mean_diversity=0.049908,
indivs=22205702, elapsed_secs=22949, mean=0.481305, stdev=0.095704, best fit=0.689200, best_overall=0.689200, mean_diversity=0.314265,
indivs=22215800, elapsed_secs=22960, mean=0.519791, stdev=0.073671, best fit=0.689200, best_overall=0.689200, mean_diversity=0.306997,
indivs=22225898, elapsed_secs=22970, mean=0.500387, stdev=0.024142, best fit=0.689200, best_overall=0.689200, mean_diversity=0.255493,
indivs=22235996, elapsed_secs=22981, mean=0.562971, stdev=0.124081, best fit=0.689200, best_overall=0.689200, mean_diversity=0.464552,
indivs=22246094, elapsed_secs=22990, mean=0.526327, stdev=0.104761, best fit=0.689200, best_overall=0.689200, mean_diversity=0.267723,
indivs=22256192, elapsed_secs=22999, mean=0.539398, stdev=0.130362, best fit=0.689200, best_overall=0.689200, mean_diversity=0.268140,
indivs=22266290, elapsed_secs=23009, mean=0.619176, stdev=0.119210, best fit=0.689200, best_overall=0.689200, mean_diversity=0.110153,
indivs=22276388, elapsed_secs=23019, mean=0.586521, stdev=0.147113, best fit=0.689200, best_overall=0.689200, mean_diversity=0.102686,
indivs=22286486, elapsed_secs=23029, mean=0.573728, stdev=0.122253, best fit=0.689200, best_overall=0.689200, mean_diversity=0.203285,
indivs=22296584, elapsed_secs=23040, mean=0.485996, stdev=0.096048, best fit=0.689200, best_overall=0.689200, mean_diversity=0.255929,
indivs=22306682, elapsed_secs=23050, mean=0.549558, stdev=0.142045, best fit=0.689200, best_overall=0.689200, mean_diversity=0.223855,
indivs=22316780, elapsed_secs=23058, mean=0.592544, stdev=0.106325, best fit=0.689200, best_overall=0.689200, mean_diversity=0.163475,
indivs=22326878, elapsed_secs=23071, mean=0.490589, stdev=0.042509, best fit=0.689200, best_overall=0.689200, mean_diversity=0.049463,
indivs=22336976, elapsed_secs=23080, mean=0.588334, stdev=0.129576, best fit=0.689200, best_overall=0.689200, mean_diversity=0.067899,
indivs=22347074, elapsed_secs=23093, mean=0.537665, stdev=0.133105, best fit=0.689200, best_overall=0.689200, mean_diversity=0.240036,
indivs=22357172, elapsed_secs=23105, mean=0.600334, stdev=0.079390, best fit=0.689200, best_overall=0.689200, mean_diversity=0.273590,
indivs=22367270, elapsed_secs=23115, mean=0.506302, stdev=0.078748, best fit=0.689200, best_overall=0.689200, mean_diversity=0.129641,
indivs=22377368, elapsed_secs=23127, mean=0.617685, stdev=0.095079, best fit=0.689200, best_overall=0.689200, mean_diversity=0.133837,
indivs=22387466, elapsed_secs=23138, mean=0.481314, stdev=0.115206, best fit=0.689200, best_overall=0.689200, mean_diversity=0.120894,
indivs=22397564, elapsed_secs=23147, mean=0.490597, stdev=0.054142, best fit=0.689200, best_overall=0.689200, mean_diversity=0.098042,
indivs=22407662, elapsed_secs=23158, mean=0.512915, stdev=0.110989, best fit=0.689200, best_overall=0.689200, mean_diversity=0.296059,
indivs=22417760, elapsed_secs=23167, mean=0.609565, stdev=0.104942, best fit=0.689200, best_overall=0.689200, mean_diversity=0.146585,
indivs=22427858, elapsed_secs=23177, mean=0.582514, stdev=0.122829, best fit=0.689200, best_overall=0.689200, mean_diversity=0.213726,
indivs=22437956, elapsed_secs=23186, mean=0.553717, stdev=0.117225, best fit=0.689200, best_overall=0.689200, mean_diversity=0.234791,
indivs=22448054, elapsed_secs=23195, mean=0.498709, stdev=0.056445, best fit=0.689200, best_overall=0.689200, mean_diversity=0.145262,
indivs=22458152, elapsed_secs=23205, mean=0.564381, stdev=0.145164, best fit=0.689200, best_overall=0.689200, mean_diversity=0.169495,
indivs=22468250, elapsed_secs=23215, mean=0.487815, stdev=0.089854, best fit=0.689200, best_overall=0.689200, mean_diversity=0.312013,
indivs=22478348, elapsed_secs=23225, mean=0.575579, stdev=0.128930, best fit=0.689200, best_overall=0.689200, mean_diversity=0.127541,
indivs=22488446, elapsed_secs=23237, mean=0.511622, stdev=0.037964, best fit=0.689200, best_overall=0.689200, mean_diversity=0.130669,
indivs=22498544, elapsed_secs=23250, mean=0.502080, stdev=0.124320, best fit=0.689200, best_overall=0.689200, mean_diversity=0.197362,
indivs=22508642, elapsed_secs=23261, mean=0.471345, stdev=0.112026, best fit=0.689200, best_overall=0.689200, mean_diversity=0.168266,
indivs=22518740, elapsed_secs=23272, mean=0.579772, stdev=0.102411, best fit=0.689200, best_overall=0.689200, mean_diversity=0.270407,
indivs=22528838, elapsed_secs=23281, mean=0.538653, stdev=0.097560, best fit=0.689200, best_overall=0.689200, mean_diversity=0.173686,
indivs=22538936, elapsed_secs=23294, mean=0.507055, stdev=0.067674, best fit=0.689200, best_overall=0.689200, mean_diversity=0.238822,
indivs=22549034, elapsed_secs=23304, mean=0.587654, stdev=0.134282, best fit=0.689200, best_overall=0.689200, mean_diversity=0.229086,
indivs=22559132, elapsed_secs=23314, mean=0.514440, stdev=0.077318, best fit=0.689200, best_overall=0.689200, mean_diversity=0.208206,
indivs=22569230, elapsed_secs=23323, mean=0.542066, stdev=0.125048, best fit=0.689200, best_overall=0.689200, mean_diversity=0.162265,
indivs=22579328, elapsed_secs=23331, mean=0.520399, stdev=0.097712, best fit=0.689200, best_overall=0.689200, mean_diversity=0.117015,
indivs=22589426, elapsed_secs=23342, mean=0.562573, stdev=0.104010, best fit=0.689200, best_overall=0.689200, mean_diversity=0.243815,
indivs=22599524, elapsed_secs=23352, mean=0.586765, stdev=0.079718, best fit=0.689200, best_overall=0.689200, mean_diversity=0.104255,
indivs=22609622, elapsed_secs=23362, mean=0.621869, stdev=0.068530, best fit=0.689200, best_overall=0.689200, mean_diversity=0.175361,
indivs=22619720, elapsed_secs=23372, mean=0.487948, stdev=0.130209, best fit=0.689200, best_overall=0.689200, mean_diversity=0.212366,
indivs=22629818, elapsed_secs=23380, mean=0.489062, stdev=0.122601, best fit=0.689200, best_overall=0.689200, mean_diversity=0.260935,
indivs=22639916, elapsed_secs=23390, mean=0.552137, stdev=0.101793, best fit=0.689200, best_overall=0.689200, mean_diversity=0.253636,
indivs=22650014, elapsed_secs=23399, mean=0.513117, stdev=0.079426, best fit=0.689200, best_overall=0.689200, mean_diversity=0.356192,
indivs=22660112, elapsed_secs=23409, mean=0.508586, stdev=0.068953, best fit=0.689200, best_overall=0.689200, mean_diversity=0.270180,
indivs=22670210, elapsed_secs=23417, mean=0.540520, stdev=0.075179, best fit=0.689200, best_overall=0.689200, mean_diversity=0.279953,
indivs=22680308, elapsed_secs=23425, mean=0.586567, stdev=0.093951, best fit=0.689200, best_overall=0.689200, mean_diversity=0.104540,
indivs=22690406, elapsed_secs=23436, mean=0.606890, stdev=0.122399, best fit=0.689200, best_overall=0.689200, mean_diversity=0.191903,
indivs=22700504, elapsed_secs=23445, mean=0.502282, stdev=0.022712, best fit=0.689200, best_overall=0.689200, mean_diversity=0.144752,
indivs=22710602, elapsed_secs=23458, mean=0.536078, stdev=0.209261, best fit=0.689200, best_overall=0.689200, mean_diversity=0.245120,
indivs=22720700, elapsed_secs=23466, mean=0.509322, stdev=0.071855, best fit=0.689200, best_overall=0.689200, mean_diversity=0.374100,
indivs=22730798, elapsed_secs=23477, mean=0.517243, stdev=0.116969, best fit=0.689200, best_overall=0.689200, mean_diversity=0.334515,
indivs=22740896, elapsed_secs=23485, mean=0.501872, stdev=0.045399, best fit=0.689200, best_overall=0.689200, mean_diversity=0.219664,
indivs=22750994, elapsed_secs=23495, mean=0.511068, stdev=0.038155, best fit=0.689200, best_overall=0.689200, mean_diversity=0.128442,
indivs=22761092, elapsed_secs=23506, mean=0.564758, stdev=0.160202, best fit=0.689200, best_overall=0.689200, mean_diversity=0.343400,
indivs=22771190, elapsed_secs=23515, mean=0.580882, stdev=0.131721, best fit=0.689200, best_overall=0.689200, mean_diversity=0.236150,
indivs=22781288, elapsed_secs=23525, mean=0.526729, stdev=0.129749, best fit=0.689200, best_overall=0.689200, mean_diversity=0.319418,
indivs=22791386, elapsed_secs=23534, mean=0.584032, stdev=0.103276, best fit=0.689200, best_overall=0.689200, mean_diversity=0.286821,
indivs=22801484, elapsed_secs=23545, mean=0.555752, stdev=0.080568, best fit=0.689200, best_overall=0.689200, mean_diversity=0.222667,
indivs=22811582, elapsed_secs=23555, mean=0.569092, stdev=0.106128, best fit=0.689200, best_overall=0.689200, mean_diversity=0.150127,
indivs=22821680, elapsed_secs=23565, mean=0.563398, stdev=0.090351, best fit=0.689200, best_overall=0.689200, mean_diversity=0.297576,
indivs=22831778, elapsed_secs=23576, mean=0.524164, stdev=0.092535, best fit=0.689200, best_overall=0.689200, mean_diversity=0.108663,
indivs=22841876, elapsed_secs=23587, mean=0.578069, stdev=0.148171, best fit=0.689200, best_overall=0.689200, mean_diversity=0.298933,
indivs=22851974, elapsed_secs=23596, mean=0.598121, stdev=0.159119, best fit=0.689200, best_overall=0.689200, mean_diversity=0.098733,
indivs=22862072, elapsed_secs=23606, mean=0.607550, stdev=0.132061, best fit=0.689200, best_overall=0.689200, mean_diversity=0.120796,
indivs=22872170, elapsed_secs=23617, mean=0.557733, stdev=0.084313, best fit=0.689200, best_overall=0.689200, mean_diversity=0.439193,
indivs=22882268, elapsed_secs=23626, mean=0.483222, stdev=0.112603, best fit=0.689200, best_overall=0.689200, mean_diversity=0.315948,
indivs=22892366, elapsed_secs=23636, mean=0.523944, stdev=0.042540, best fit=0.689200, best_overall=0.689200, mean_diversity=0.140018,
indivs=22902464, elapsed_secs=23647, mean=0.562495, stdev=0.106615, best fit=0.689200, best_overall=0.689200, mean_diversity=0.209371,
indivs=22912562, elapsed_secs=23657, mean=0.546897, stdev=0.111921, best fit=0.689200, best_overall=0.689200, mean_diversity=0.197756,
indivs=22922660, elapsed_secs=23668, mean=0.489268, stdev=0.082094, best fit=0.689200, best_overall=0.689200, mean_diversity=0.228915,
indivs=22932758, elapsed_secs=23681, mean=0.539188, stdev=0.138508, best fit=0.689200, best_overall=0.689200, mean_diversity=0.312178,
indivs=22942856, elapsed_secs=23691, mean=0.503705, stdev=0.025941, best fit=0.689200, best_overall=0.689200, mean_diversity=0.058124,
indivs=22952954, elapsed_secs=23700, mean=0.525631, stdev=0.133297, best fit=0.689200, best_overall=0.689200, mean_diversity=0.320404,
indivs=22963052, elapsed_secs=23710, mean=0.567951, stdev=0.157870, best fit=0.689200, best_overall=0.689200, mean_diversity=0.232262,
indivs=22973150, elapsed_secs=23721, mean=0.518990, stdev=0.166459, best fit=0.689200, best_overall=0.689200, mean_diversity=0.228496,
indivs=22983248, elapsed_secs=23733, mean=0.592733, stdev=0.103073, best fit=0.689200, best_overall=0.689200, mean_diversity=0.210833,
indivs=22993346, elapsed_secs=23742, mean=0.534480, stdev=0.146734, best fit=0.689200, best_overall=0.689200, mean_diversity=0.254899,
indivs=23003444, elapsed_secs=23750, mean=0.557375, stdev=0.155359, best fit=0.689200, best_overall=0.689200, mean_diversity=0.226179,
indivs=23013542, elapsed_secs=23761, mean=0.498307, stdev=0.164653, best fit=0.689200, best_overall=0.689200, mean_diversity=0.214853,
indivs=23023640, elapsed_secs=23771, mean=0.574977, stdev=0.082577, best fit=0.689200, best_overall=0.689200, mean_diversity=0.122319,
indivs=23033738, elapsed_secs=23781, mean=0.605207, stdev=0.134352, best fit=0.689200, best_overall=0.689200, mean_diversity=0.169333,
indivs=23043836, elapsed_secs=23791, mean=0.509170, stdev=0.088975, best fit=0.689200, best_overall=0.689200, mean_diversity=0.209779,
indivs=23053934, elapsed_secs=23801, mean=0.495800, stdev=0.113011, best fit=0.689200, best_overall=0.689200, mean_diversity=0.329398,
indivs=23064032, elapsed_secs=23813, mean=0.538556, stdev=0.100769, best fit=0.689200, best_overall=0.689200, mean_diversity=0.279946,
indivs=23074130, elapsed_secs=23824, mean=0.484624, stdev=0.133747, best fit=0.689200, best_overall=0.689200, mean_diversity=0.294490,
indivs=23084228, elapsed_secs=23833, mean=0.592146, stdev=0.137199, best fit=0.689200, best_overall=0.689200, mean_diversity=0.235262,
indivs=23094326, elapsed_secs=23844, mean=0.495146, stdev=0.116094, best fit=0.689200, best_overall=0.689200, mean_diversity=0.355900,
indivs=23104424, elapsed_secs=23855, mean=0.613871, stdev=0.116213, best fit=0.689200, best_overall=0.689200, mean_diversity=0.094438,
indivs=23114522, elapsed_secs=23865, mean=0.509099, stdev=0.033545, best fit=0.689200, best_overall=0.689200, mean_diversity=0.099727,
indivs=23124620, elapsed_secs=23875, mean=0.535253, stdev=0.124322, best fit=0.689200, best_overall=0.689200, mean_diversity=0.243734,
indivs=23134718, elapsed_secs=23885, mean=0.499592, stdev=0.025036, best fit=0.689200, best_overall=0.689200, mean_diversity=0.079880,
indivs=23144816, elapsed_secs=23894, mean=0.501054, stdev=0.201094, best fit=0.689200, best_overall=0.689200, mean_diversity=0.317447,
indivs=23154914, elapsed_secs=23905, mean=0.537007, stdev=0.075740, best fit=0.689200, best_overall=0.689200, mean_diversity=0.191315,
indivs=23165012, elapsed_secs=23916, mean=0.591427, stdev=0.139783, best fit=0.689200, best_overall=0.689200, mean_diversity=0.094405,
indivs=23175110, elapsed_secs=23925, mean=0.523022, stdev=0.132026, best fit=0.689200, best_overall=0.689200, mean_diversity=0.312894,
indivs=23185208, elapsed_secs=23934, mean=0.517736, stdev=0.136401, best fit=0.689200, best_overall=0.689200, mean_diversity=0.190618,
indivs=23195306, elapsed_secs=23944, mean=0.535074, stdev=0.109995, best fit=0.689200, best_overall=0.689200, mean_diversity=0.415478,
indivs=23205404, elapsed_secs=23955, mean=0.474168, stdev=0.137120, best fit=0.689200, best_overall=0.689200, mean_diversity=0.281125,
indivs=23215502, elapsed_secs=23966, mean=0.602304, stdev=0.103944, best fit=0.689200, best_overall=0.689200, mean_diversity=0.136632,
indivs=23225600, elapsed_secs=23975, mean=0.545212, stdev=0.086052, best fit=0.689200, best_overall=0.689200, mean_diversity=0.312983,
indivs=23235698, elapsed_secs=23984, mean=0.582001, stdev=0.122149, best fit=0.689200, best_overall=0.689200, mean_diversity=0.220000,
indivs=23245796, elapsed_secs=23994, mean=0.612625, stdev=0.122183, best fit=0.689200, best_overall=0.689200, mean_diversity=0.155695,
indivs=23255894, elapsed_secs=24005, mean=0.519321, stdev=0.058941, best fit=0.689200, best_overall=0.689200, mean_diversity=0.204254,
indivs=23265992, elapsed_secs=24014, mean=0.527416, stdev=0.105404, best fit=0.689200, best_overall=0.689200, mean_diversity=0.306739,
indivs=23276090, elapsed_secs=24025, mean=0.606602, stdev=0.105231, best fit=0.689200, best_overall=0.689200, mean_diversity=0.110998,
indivs=23286188, elapsed_secs=24034, mean=0.613422, stdev=0.110048, best fit=0.689200, best_overall=0.689200, mean_diversity=0.065868,
indivs=23296286, elapsed_secs=24046, mean=0.592824, stdev=0.083181, best fit=0.689200, best_overall=0.689200, mean_diversity=0.202016,
indivs=23306384, elapsed_secs=24055, mean=0.486970, stdev=0.134850, best fit=0.689200, best_overall=0.689200, mean_diversity=0.323913,
indivs=23316482, elapsed_secs=24064, mean=0.580421, stdev=0.122197, best fit=0.689200, best_overall=0.689200, mean_diversity=0.285214,
indivs=23326580, elapsed_secs=24074, mean=0.568790, stdev=0.163921, best fit=0.689200, best_overall=0.689200, mean_diversity=0.334170,
indivs=23336678, elapsed_secs=24090, mean=0.529465, stdev=0.116181, best fit=0.689200, best_overall=0.689200, mean_diversity=0.319278,
indivs=23346776, elapsed_secs=24100, mean=0.459624, stdev=0.118867, best fit=0.689200, best_overall=0.689200, mean_diversity=0.200091,
indivs=23356874, elapsed_secs=24111, mean=0.556471, stdev=0.155233, best fit=0.689200, best_overall=0.689200, mean_diversity=0.256516,
indivs=23366972, elapsed_secs=24124, mean=0.543091, stdev=0.081377, best fit=0.689200, best_overall=0.689200, mean_diversity=0.221696,
indivs=23377070, elapsed_secs=24132, mean=0.550401, stdev=0.153863, best fit=0.689200, best_overall=0.689200, mean_diversity=0.286850,
indivs=23387168, elapsed_secs=24143, mean=0.574642, stdev=0.082958, best fit=0.689200, best_overall=0.689200, mean_diversity=0.112124,
indivs=23397266, elapsed_secs=24152, mean=0.569543, stdev=0.123601, best fit=0.689200, best_overall=0.689200, mean_diversity=0.196839,
indivs=23407364, elapsed_secs=24162, mean=0.476604, stdev=0.147427, best fit=0.689200, best_overall=0.689200, mean_diversity=0.447094,
indivs=23417462, elapsed_secs=24173, mean=0.595677, stdev=0.136540, best fit=0.689200, best_overall=0.689200, mean_diversity=0.176348,
indivs=23427560, elapsed_secs=24184, mean=0.548187, stdev=0.094377, best fit=0.689200, best_overall=0.689200, mean_diversity=0.380727,
indivs=23437658, elapsed_secs=24199, mean=0.501432, stdev=0.019081, best fit=0.689200, best_overall=0.689200, mean_diversity=0.107404,
indivs=23447756, elapsed_secs=24211, mean=0.565135, stdev=0.129073, best fit=0.689200, best_overall=0.689200, mean_diversity=0.291962,
indivs=23457854, elapsed_secs=24221, mean=0.578345, stdev=0.159064, best fit=0.689200, best_overall=0.689200, mean_diversity=0.251047,
indivs=23467952, elapsed_secs=24230, mean=0.479740, stdev=0.101734, best fit=0.689200, best_overall=0.689200, mean_diversity=0.049834,
indivs=23478050, elapsed_secs=24239, mean=0.572430, stdev=0.105690, best fit=0.689200, best_overall=0.689200, mean_diversity=0.332074,
indivs=23488148, elapsed_secs=24248, mean=0.601971, stdev=0.159836, best fit=0.689200, best_overall=0.689200, mean_diversity=0.125121,
indivs=23498246, elapsed_secs=24261, mean=0.583995, stdev=0.069301, best fit=0.689200, best_overall=0.689200, mean_diversity=0.198952,
indivs=23508344, elapsed_secs=24270, mean=0.501890, stdev=0.018825, best fit=0.689200, best_overall=0.689200, mean_diversity=0.175912,
indivs=23518442, elapsed_secs=24280, mean=0.584955, stdev=0.089106, best fit=0.689200, best_overall=0.689200, mean_diversity=0.083260,
indivs=23528540, elapsed_secs=24289, mean=0.526020, stdev=0.113657, best fit=0.689200, best_overall=0.689200, mean_diversity=0.366152,
indivs=23538638, elapsed_secs=24298, mean=0.573106, stdev=0.104236, best fit=0.689200, best_overall=0.689200, mean_diversity=0.156453,
indivs=23548736, elapsed_secs=24309, mean=0.485809, stdev=0.118641, best fit=0.689200, best_overall=0.689200, mean_diversity=0.186617,
indivs=23558834, elapsed_secs=24321, mean=0.546600, stdev=0.137978, best fit=0.689200, best_overall=0.689200, mean_diversity=0.211004,
indivs=23568932, elapsed_secs=24332, mean=0.588702, stdev=0.135464, best fit=0.689200, best_overall=0.689200, mean_diversity=0.200392,
indivs=23579030, elapsed_secs=24343, mean=0.625265, stdev=0.123068, best fit=0.689200, best_overall=0.689200, mean_diversity=0.287079,
indivs=23589128, elapsed_secs=24354, mean=0.526582, stdev=0.119909, best fit=0.689200, best_overall=0.689200, mean_diversity=0.231128,
indivs=23599226, elapsed_secs=24363, mean=0.551552, stdev=0.152649, best fit=0.689200, best_overall=0.689200, mean_diversity=0.456325,
indivs=23609324, elapsed_secs=24372, mean=0.529705, stdev=0.141681, best fit=0.689200, best_overall=0.689200, mean_diversity=0.355029,
indivs=23619422, elapsed_secs=24381, mean=0.588775, stdev=0.089668, best fit=0.689200, best_overall=0.689200, mean_diversity=0.174059,
indivs=23629520, elapsed_secs=24390, mean=0.543870, stdev=0.143776, best fit=0.689200, best_overall=0.689200, mean_diversity=0.392939,
indivs=23639618, elapsed_secs=24401, mean=0.523049, stdev=0.115546, best fit=0.689200, best_overall=0.689200, mean_diversity=0.174809,
indivs=23649716, elapsed_secs=24410, mean=0.522707, stdev=0.122494, best fit=0.689200, best_overall=0.689200, mean_diversity=0.453189,
indivs=23659814, elapsed_secs=24419, mean=0.515634, stdev=0.157386, best fit=0.689200, best_overall=0.689200, mean_diversity=0.304598,
indivs=23669912, elapsed_secs=24429, mean=0.597041, stdev=0.124820, best fit=0.689200, best_overall=0.689200, mean_diversity=0.131705,
indivs=23680010, elapsed_secs=24440, mean=0.564873, stdev=0.069526, best fit=0.689200, best_overall=0.689200, mean_diversity=0.249213,
indivs=23690108, elapsed_secs=24452, mean=0.483477, stdev=0.092194, best fit=0.689200, best_overall=0.689200, mean_diversity=0.167227,
indivs=23700206, elapsed_secs=24461, mean=0.596826, stdev=0.131574, best fit=0.689200, best_overall=0.689200, mean_diversity=0.154930,
indivs=23710304, elapsed_secs=24470, mean=0.551593, stdev=0.132783, best fit=0.689200, best_overall=0.689200, mean_diversity=0.191258,
indivs=23720402, elapsed_secs=24483, mean=0.578520, stdev=0.160388, best fit=0.689200, best_overall=0.689200, mean_diversity=0.096875,
indivs=23730500, elapsed_secs=24493, mean=0.503138, stdev=0.086769, best fit=0.689200, best_overall=0.689200, mean_diversity=0.174640,
indivs=23740598, elapsed_secs=24504, mean=0.588329, stdev=0.144846, best fit=0.689200, best_overall=0.689200, mean_diversity=0.381296,
indivs=23750696, elapsed_secs=24513, mean=0.476380, stdev=0.101617, best fit=0.689200, best_overall=0.689200, mean_diversity=0.252058,
indivs=23760794, elapsed_secs=24526, mean=0.547609, stdev=0.090949, best fit=0.689200, best_overall=0.689200, mean_diversity=0.156397,
indivs=23770892, elapsed_secs=24537, mean=0.582489, stdev=0.061823, best fit=0.689200, best_overall=0.689200, mean_diversity=0.116483,
indivs=23780990, elapsed_secs=24546, mean=0.485796, stdev=0.176589, best fit=0.689200, best_overall=0.689200, mean_diversity=0.132188,
indivs=23791088, elapsed_secs=24556, mean=0.568272, stdev=0.133839, best fit=0.689200, best_overall=0.689200, mean_diversity=0.193073,
indivs=23801186, elapsed_secs=24567, mean=0.496900, stdev=0.042889, best fit=0.689200, best_overall=0.689200, mean_diversity=0.132255,
indivs=23811284, elapsed_secs=24577, mean=0.541194, stdev=0.127041, best fit=0.689200, best_overall=0.689200, mean_diversity=0.240000,
indivs=23821382, elapsed_secs=24586, mean=0.595451, stdev=0.144215, best fit=0.689200, best_overall=0.689200, mean_diversity=0.077018,
indivs=23831480, elapsed_secs=24599, mean=0.505534, stdev=0.031485, best fit=0.689200, best_overall=0.689200, mean_diversity=0.100870,
indivs=23841578, elapsed_secs=24608, mean=0.551446, stdev=0.122678, best fit=0.689200, best_overall=0.689200, mean_diversity=0.380067,
indivs=23851676, elapsed_secs=24616, mean=0.531768, stdev=0.159830, best fit=0.689200, best_overall=0.689200, mean_diversity=0.125131,
indivs=23861774, elapsed_secs=24626, mean=0.610680, stdev=0.103159, best fit=0.689200, best_overall=0.689200, mean_diversity=0.125543,
indivs=23871872, elapsed_secs=24639, mean=0.584470, stdev=0.096224, best fit=0.689200, best_overall=0.689200, mean_diversity=0.125358,
indivs=23881970, elapsed_secs=24650, mean=0.558253, stdev=0.111257, best fit=0.689200, best_overall=0.689200, mean_diversity=0.441007,
indivs=23892068, elapsed_secs=24660, mean=0.610090, stdev=0.085674, best fit=0.689200, best_overall=0.689200, mean_diversity=0.169756,
indivs=23902166, elapsed_secs=24670, mean=0.548082, stdev=0.129857, best fit=0.689200, best_overall=0.689200, mean_diversity=0.156584,
indivs=23912264, elapsed_secs=24680, mean=0.608646, stdev=0.086409, best fit=0.689200, best_overall=0.689200, mean_diversity=0.129193,
indivs=23922362, elapsed_secs=24690, mean=0.557894, stdev=0.105834, best fit=0.689200, best_overall=0.689200, mean_diversity=0.281672,
indivs=23932460, elapsed_secs=24699, mean=0.593644, stdev=0.123917, best fit=0.689200, best_overall=0.689200, mean_diversity=0.157236,
indivs=23942558, elapsed_secs=24710, mean=0.539859, stdev=0.109205, best fit=0.689200, best_overall=0.689200, mean_diversity=0.108895,
indivs=23952656, elapsed_secs=24722, mean=0.543952, stdev=0.078597, best fit=0.689200, best_overall=0.689200, mean_diversity=0.141980,
indivs=23962754, elapsed_secs=24730, mean=0.498077, stdev=0.056612, best fit=0.689200, best_overall=0.689200, mean_diversity=0.100543,
indivs=23972852, elapsed_secs=24740, mean=0.538656, stdev=0.098589, best fit=0.689200, best_overall=0.689200, mean_diversity=0.335083,
indivs=23982950, elapsed_secs=24753, mean=0.495535, stdev=0.055862, best fit=0.689200, best_overall=0.689200, mean_diversity=0.145382,
indivs=23993048, elapsed_secs=24765, mean=0.614538, stdev=0.114041, best fit=0.689200, best_overall=0.689200, mean_diversity=0.083305,
indivs=24003146, elapsed_secs=24776, mean=0.513175, stdev=0.135294, best fit=0.689200, best_overall=0.689200, mean_diversity=0.210020,
indivs=24013244, elapsed_secs=24787, mean=0.580414, stdev=0.086422, best fit=0.689200, best_overall=0.689200, mean_diversity=0.174165,
indivs=24023342, elapsed_secs=24798, mean=0.566239, stdev=0.113450, best fit=0.689200, best_overall=0.689200, mean_diversity=0.219483,
indivs=24033440, elapsed_secs=24810, mean=0.511233, stdev=0.086136, best fit=0.689200, best_overall=0.689200, mean_diversity=0.175899,
indivs=24043538, elapsed_secs=24820, mean=0.588686, stdev=0.098944, best fit=0.689200, best_overall=0.689200, mean_diversity=0.068600,
indivs=24053636, elapsed_secs=24831, mean=0.549599, stdev=0.081498, best fit=0.689200, best_overall=0.689200, mean_diversity=0.228677,
indivs=24063734, elapsed_secs=24841, mean=0.533375, stdev=0.139016, best fit=0.689200, best_overall=0.689200, mean_diversity=0.085856,
indivs=24073832, elapsed_secs=24852, mean=0.530075, stdev=0.107883, best fit=0.689200, best_overall=0.689200, mean_diversity=0.235563,
indivs=24083930, elapsed_secs=24862, mean=0.570657, stdev=0.093276, best fit=0.689200, best_overall=0.689200, mean_diversity=0.302696,
indivs=24094028, elapsed_secs=24872, mean=0.598668, stdev=0.147869, best fit=0.689200, best_overall=0.689200, mean_diversity=0.094070,
indivs=24104126, elapsed_secs=24883, mean=0.591611, stdev=0.135748, best fit=0.689200, best_overall=0.689200, mean_diversity=0.303584,
indivs=24114224, elapsed_secs=24896, mean=0.498666, stdev=0.154058, best fit=0.689200, best_overall=0.689200, mean_diversity=0.170860,
indivs=24124322, elapsed_secs=24907, mean=0.619924, stdev=0.119512, best fit=0.689200, best_overall=0.689200, mean_diversity=0.092189,
indivs=24134420, elapsed_secs=24918, mean=0.480701, stdev=0.090348, best fit=0.689200, best_overall=0.689200, mean_diversity=0.187858,
indivs=24144518, elapsed_secs=24927, mean=0.563037, stdev=0.136046, best fit=0.689200, best_overall=0.689200, mean_diversity=0.243340,
indivs=24154616, elapsed_secs=24938, mean=0.527525, stdev=0.139777, best fit=0.689200, best_overall=0.689200, mean_diversity=0.061637,
indivs=24164714, elapsed_secs=24947, mean=0.548269, stdev=0.079606, best fit=0.689200, best_overall=0.689200, mean_diversity=0.290214,
indivs=24174812, elapsed_secs=24957, mean=0.612379, stdev=0.135521, best fit=0.689200, best_overall=0.689200, mean_diversity=0.121695,
indivs=24184910, elapsed_secs=24968, mean=0.471752, stdev=0.168798, best fit=0.689200, best_overall=0.689200, mean_diversity=0.326497,
indivs=24195008, elapsed_secs=24976, mean=0.471702, stdev=0.120668, best fit=0.689200, best_overall=0.689200, mean_diversity=0.288462,
indivs=24205106, elapsed_secs=24985, mean=0.558303, stdev=0.143514, best fit=0.689200, best_overall=0.689200, mean_diversity=0.177005,
indivs=24215204, elapsed_secs=24996, mean=0.612073, stdev=0.128661, best fit=0.689200, best_overall=0.689200, mean_diversity=0.221330,
indivs=24225302, elapsed_secs=25007, mean=0.508505, stdev=0.071676, best fit=0.689200, best_overall=0.689200, mean_diversity=0.366712,
indivs=24235400, elapsed_secs=25017, mean=0.598153, stdev=0.095511, best fit=0.689200, best_overall=0.689200, mean_diversity=0.173733,
indivs=24245498, elapsed_secs=25030, mean=0.567601, stdev=0.121237, best fit=0.689200, best_overall=0.689200, mean_diversity=0.320959,
indivs=24255596, elapsed_secs=25044, mean=0.471313, stdev=0.147027, best fit=0.689200, best_overall=0.689200, mean_diversity=0.081633,
indivs=24265694, elapsed_secs=25053, mean=0.520554, stdev=0.200533, best fit=0.689200, best_overall=0.689200, mean_diversity=0.152189,
indivs=24275792, elapsed_secs=25061, mean=0.493708, stdev=0.075166, best fit=0.689200, best_overall=0.689200, mean_diversity=0.124069,
indivs=24285890, elapsed_secs=25072, mean=0.517043, stdev=0.100214, best fit=0.689200, best_overall=0.689200, mean_diversity=0.401520,
indivs=24295988, elapsed_secs=25081, mean=0.504612, stdev=0.026986, best fit=0.689200, best_overall=0.689200, mean_diversity=0.092570,
indivs=24306086, elapsed_secs=25090, mean=0.543088, stdev=0.117989, best fit=0.689200, best_overall=0.689200, mean_diversity=0.330553,
indivs=24316184, elapsed_secs=25099, mean=0.598638, stdev=0.163508, best fit=0.689200, best_overall=0.689200, mean_diversity=0.129672,
indivs=24326282, elapsed_secs=25110, mean=0.611674, stdev=0.118893, best fit=0.689200, best_overall=0.689200, mean_diversity=0.206447,
indivs=24336380, elapsed_secs=25118, mean=0.534082, stdev=0.083280, best fit=0.689200, best_overall=0.689200, mean_diversity=0.341064,
indivs=24346478, elapsed_secs=25131, mean=0.596400, stdev=0.169688, best fit=0.689200, best_overall=0.689200, mean_diversity=0.076442,
indivs=24356576, elapsed_secs=25142, mean=0.545806, stdev=0.098094, best fit=0.689200, best_overall=0.689200, mean_diversity=0.214225,
indivs=24366674, elapsed_secs=25151, mean=0.569337, stdev=0.102347, best fit=0.689200, best_overall=0.689200, mean_diversity=0.323959,
indivs=24376772, elapsed_secs=25161, mean=0.554186, stdev=0.135484, best fit=0.689200, best_overall=0.689200, mean_diversity=0.098980,
indivs=24386870, elapsed_secs=25170, mean=0.546467, stdev=0.163304, best fit=0.689200, best_overall=0.689200, mean_diversity=0.144806,
indivs=24396968, elapsed_secs=25181, mean=0.557925, stdev=0.119438, best fit=0.689200, best_overall=0.689200, mean_diversity=0.160000,
indivs=24407066, elapsed_secs=25192, mean=0.503628, stdev=0.025833, best fit=0.689200, best_overall=0.689200, mean_diversity=0.088970,
indivs=24417164, elapsed_secs=25204, mean=0.578421, stdev=0.145591, best fit=0.689200, best_overall=0.689200, mean_diversity=0.080167,
indivs=24427262, elapsed_secs=25216, mean=0.593371, stdev=0.082408, best fit=0.689200, best_overall=0.689200, mean_diversity=0.110353,
indivs=24437360, elapsed_secs=25227, mean=0.534892, stdev=0.082884, best fit=0.689200, best_overall=0.689200, mean_diversity=0.207879,
indivs=24447458, elapsed_secs=25238, mean=0.483792, stdev=0.072757, best fit=0.689200, best_overall=0.689200, mean_diversity=0.262071,
indivs=24457556, elapsed_secs=25245, mean=0.493563, stdev=0.070752, best fit=0.689200, best_overall=0.689200, mean_diversity=0.306458,
indivs=24467654, elapsed_secs=25255, mean=0.520228, stdev=0.057656, best fit=0.689200, best_overall=0.689200, mean_diversity=0.173050,
indivs=24477752, elapsed_secs=25267, mean=0.555376, stdev=0.145617, best fit=0.689200, best_overall=0.689200, mean_diversity=0.164568,
indivs=24487850, elapsed_secs=25276, mean=0.505396, stdev=0.027294, best fit=0.689200, best_overall=0.689200, mean_diversity=0.069399,
indivs=24497948, elapsed_secs=25289, mean=0.616136, stdev=0.146471, best fit=0.689200, best_overall=0.689200, mean_diversity=0.097827,
indivs=24508046, elapsed_secs=25299, mean=0.602186, stdev=0.122996, best fit=0.689200, best_overall=0.689200, mean_diversity=0.149852,
indivs=24518144, elapsed_secs=25311, mean=0.551948, stdev=0.082119, best fit=0.689200, best_overall=0.689200, mean_diversity=0.255165,
indivs=24528242, elapsed_secs=25320, mean=0.545309, stdev=0.137385, best fit=0.689200, best_overall=0.689200, mean_diversity=0.263765,
indivs=24538340, elapsed_secs=25331, mean=0.518847, stdev=0.045129, best fit=0.689200, best_overall=0.689200, mean_diversity=0.249346,
indivs=24548438, elapsed_secs=25339, mean=0.550519, stdev=0.163929, best fit=0.689200, best_overall=0.689200, mean_diversity=0.180034,
indivs=24558536, elapsed_secs=25351, mean=0.570217, stdev=0.179036, best fit=0.689200, best_overall=0.689200, mean_diversity=0.210408,
indivs=24568634, elapsed_secs=25361, mean=0.530950, stdev=0.175287, best fit=0.689200, best_overall=0.689200, mean_diversity=0.225755,
indivs=24578732, elapsed_secs=25372, mean=0.508906, stdev=0.040159, best fit=0.689200, best_overall=0.689200, mean_diversity=0.152313,
indivs=24588830, elapsed_secs=25382, mean=0.519869, stdev=0.144411, best fit=0.689200, best_overall=0.689200, mean_diversity=0.169507,
indivs=24598928, elapsed_secs=25392, mean=0.548181, stdev=0.104872, best fit=0.689200, best_overall=0.689200, mean_diversity=0.183696,
indivs=24609026, elapsed_secs=25401, mean=0.561692, stdev=0.118629, best fit=0.689200, best_overall=0.689200, mean_diversity=0.339003,
indivs=24619124, elapsed_secs=25410, mean=0.517014, stdev=0.132241, best fit=0.689200, best_overall=0.689200, mean_diversity=0.325372,
indivs=24629222, elapsed_secs=25420, mean=0.582032, stdev=0.090353, best fit=0.689200, best_overall=0.689200, mean_diversity=0.185613,
indivs=24639320, elapsed_secs=25430, mean=0.498748, stdev=0.056459, best fit=0.689200, best_overall=0.689200, mean_diversity=0.085937,
indivs=24649418, elapsed_secs=25437, mean=0.538197, stdev=0.128544, best fit=0.689200, best_overall=0.689200, mean_diversity=0.207848,
indivs=24659516, elapsed_secs=25447, mean=0.549940, stdev=0.125378, best fit=0.689200, best_overall=0.689200, mean_diversity=0.152365,
indivs=24669614, elapsed_secs=25455, mean=0.561390, stdev=0.099872, best fit=0.689200, best_overall=0.689200, mean_diversity=0.165299,
indivs=24679712, elapsed_secs=25465, mean=0.541033, stdev=0.084774, best fit=0.689200, best_overall=0.689200, mean_diversity=0.233724,
indivs=24689810, elapsed_secs=25473, mean=0.580680, stdev=0.109190, best fit=0.689200, best_overall=0.689200, mean_diversity=0.288918,
indivs=24699908, elapsed_secs=25481, mean=0.576979, stdev=0.103488, best fit=0.689200, best_overall=0.689200, mean_diversity=0.182994,
indivs=24710006, elapsed_secs=25493, mean=0.498338, stdev=0.077767, best fit=0.689200, best_overall=0.689200, mean_diversity=0.141324,
indivs=24720104, elapsed_secs=25505, mean=0.540145, stdev=0.074744, best fit=0.689200, best_overall=0.689200, mean_diversity=0.298841,
indivs=24730202, elapsed_secs=25514, mean=0.491896, stdev=0.102331, best fit=0.689200, best_overall=0.689200, mean_diversity=0.452931,
indivs=24740300, elapsed_secs=25524, mean=0.504351, stdev=0.084493, best fit=0.689200, best_overall=0.689200, mean_diversity=0.174942,
indivs=24750398, elapsed_secs=25536, mean=0.515124, stdev=0.172949, best fit=0.689200, best_overall=0.689200, mean_diversity=0.069033,
indivs=24760496, elapsed_secs=25548, mean=0.533684, stdev=0.110459, best fit=0.689200, best_overall=0.689200, mean_diversity=0.193824,
indivs=24770594, elapsed_secs=25558, mean=0.514936, stdev=0.121055, best fit=0.689200, best_overall=0.689200, mean_diversity=0.405905,
indivs=24780692, elapsed_secs=25569, mean=0.589803, stdev=0.121319, best fit=0.689200, best_overall=0.689200, mean_diversity=0.230391,
indivs=24790790, elapsed_secs=25577, mean=0.560056, stdev=0.156327, best fit=0.689200, best_overall=0.689200, mean_diversity=0.185561,
indivs=24800888, elapsed_secs=25586, mean=0.529405, stdev=0.101540, best fit=0.689200, best_overall=0.689200, mean_diversity=0.422174,
indivs=24810986, elapsed_secs=25595, mean=0.571416, stdev=0.114520, best fit=0.689200, best_overall=0.689200, mean_diversity=0.137981,
indivs=24821084, elapsed_secs=25606, mean=0.594984, stdev=0.108956, best fit=0.689200, best_overall=0.689200, mean_diversity=0.147930,
indivs=24831182, elapsed_secs=25616, mean=0.602389, stdev=0.088269, best fit=0.689200, best_overall=0.689200, mean_diversity=0.234457,
indivs=24841280, elapsed_secs=25625, mean=0.615196, stdev=0.104300, best fit=0.689200, best_overall=0.689200, mean_diversity=0.150994,
indivs=24851378, elapsed_secs=25636, mean=0.613531, stdev=0.157173, best fit=0.689200, best_overall=0.689200, mean_diversity=0.068645,
indivs=24861476, elapsed_secs=25645, mean=0.590849, stdev=0.095056, best fit=0.689200, best_overall=0.689200, mean_diversity=0.222199,
indivs=24871574, elapsed_secs=25654, mean=0.508810, stdev=0.037319, best fit=0.689200, best_overall=0.689200, mean_diversity=0.125222,
indivs=24881672, elapsed_secs=25665, mean=0.598150, stdev=0.118552, best fit=0.689200, best_overall=0.689200, mean_diversity=0.148316,
indivs=24891770, elapsed_secs=25674, mean=0.548557, stdev=0.096315, best fit=0.689200, best_overall=0.689200, mean_diversity=0.375348,
indivs=24901868, elapsed_secs=25684, mean=0.532141, stdev=0.176833, best fit=0.689200, best_overall=0.689200, mean_diversity=0.267383,
indivs=24911966, elapsed_secs=25698, mean=0.507389, stdev=0.087842, best fit=0.689200, best_overall=0.689200, mean_diversity=0.261140,
indivs=24922064, elapsed_secs=25710, mean=0.494177, stdev=0.127245, best fit=0.689200, best_overall=0.689200, mean_diversity=0.244355,
indivs=24932162, elapsed_secs=25721, mean=0.631751, stdev=0.100375, best fit=0.689200, best_overall=0.689200, mean_diversity=0.063027,
indivs=24942260, elapsed_secs=25733, mean=0.555165, stdev=0.131914, best fit=0.689200, best_overall=0.689200, mean_diversity=0.243457,
indivs=24952358, elapsed_secs=25744, mean=0.501994, stdev=0.142393, best fit=0.689200, best_overall=0.689200, mean_diversity=0.211845,
indivs=24962456, elapsed_secs=25753, mean=0.593029, stdev=0.108140, best fit=0.689200, best_overall=0.689200, mean_diversity=0.220814,
indivs=24972554, elapsed_secs=25762, mean=0.595046, stdev=0.086768, best fit=0.689200, best_overall=0.689200, mean_diversity=0.234046,
indivs=24982652, elapsed_secs=25774, mean=0.534198, stdev=0.091352, best fit=0.689200, best_overall=0.689200, mean_diversity=0.203230,
indivs=24992750, elapsed_secs=25783, mean=0.573582, stdev=0.140721, best fit=0.689200, best_overall=0.689200, mean_diversity=0.225401,
indivs=25002848, elapsed_secs=25794, mean=0.502346, stdev=0.127337, best fit=0.689200, best_overall=0.689200, mean_diversity=0.251779,
indivs=25012946, elapsed_secs=25803, mean=0.528600, stdev=0.205530, best fit=0.689200, best_overall=0.689200, mean_diversity=0.214075,
indivs=25023044, elapsed_secs=25813, mean=0.580713, stdev=0.100207, best fit=0.689200, best_overall=0.689200, mean_diversity=0.220193,
indivs=25033142, elapsed_secs=25824, mean=0.564095, stdev=0.087887, best fit=0.689200, best_overall=0.689200, mean_diversity=0.238877,
indivs=25043240, elapsed_secs=25835, mean=0.593024, stdev=0.061878, best fit=0.689200, best_overall=0.689200, mean_diversity=0.060447,
indivs=25053338, elapsed_secs=25846, mean=0.503038, stdev=0.133577, best fit=0.689200, best_overall=0.689200, mean_diversity=0.421542,
indivs=25063436, elapsed_secs=25857, mean=0.586069, stdev=0.087022, best fit=0.689200, best_overall=0.689200, mean_diversity=0.061510,
indivs=25073534, elapsed_secs=25866, mean=0.504608, stdev=0.159568, best fit=0.689200, best_overall=0.689200, mean_diversity=0.183401,
indivs=25083632, elapsed_secs=25876, mean=0.528158, stdev=0.121276, best fit=0.689200, best_overall=0.689200, mean_diversity=0.312465,
indivs=25093730, elapsed_secs=25884, mean=0.576852, stdev=0.146719, best fit=0.689200, best_overall=0.689200, mean_diversity=0.295513,
indivs=25103828, elapsed_secs=25896, mean=0.505794, stdev=0.080431, best fit=0.689200, best_overall=0.689200, mean_diversity=0.199590,
indivs=25113926, elapsed_secs=25905, mean=0.617753, stdev=0.133034, best fit=0.689200, best_overall=0.689200, mean_diversity=0.090600,
indivs=25124024, elapsed_secs=25915, mean=0.540197, stdev=0.161033, best fit=0.689200, best_overall=0.689200, mean_diversity=0.258641,
indivs=25134122, elapsed_secs=25925, mean=0.576339, stdev=0.172708, best fit=0.689200, best_overall=0.689200, mean_diversity=0.206799,
indivs=25144220, elapsed_secs=25937, mean=0.551515, stdev=0.125722, best fit=0.689200, best_overall=0.689200, mean_diversity=0.371469,
indivs=25154318, elapsed_secs=25946, mean=0.580749, stdev=0.122043, best fit=0.689200, best_overall=0.689200, mean_diversity=0.051211,
indivs=25164416, elapsed_secs=25956, mean=0.555592, stdev=0.067486, best fit=0.689200, best_overall=0.689200, mean_diversity=0.133534,
indivs=25174514, elapsed_secs=25965, mean=0.612095, stdev=0.106934, best fit=0.689200, best_overall=0.689200, mean_diversity=0.067276,
indivs=25184612, elapsed_secs=25973, mean=0.548619, stdev=0.060557, best fit=0.689200, best_overall=0.689200, mean_diversity=0.359952,
indivs=25194710, elapsed_secs=25983, mean=0.494639, stdev=0.119530, best fit=0.689200, best_overall=0.689200, mean_diversity=0.252693,
indivs=25204808, elapsed_secs=25992, mean=0.544473, stdev=0.193359, best fit=0.689200, best_overall=0.689200, mean_diversity=0.133429,
indivs=25214906, elapsed_secs=26002, mean=0.577617, stdev=0.115409, best fit=0.689200, best_overall=0.689200, mean_diversity=0.283257,
indivs=25225004, elapsed_secs=26014, mean=0.585054, stdev=0.166266, best fit=0.689200, best_overall=0.689200, mean_diversity=0.207652,
indivs=25235102, elapsed_secs=26024, mean=0.571693, stdev=0.149565, best fit=0.689200, best_overall=0.689200, mean_diversity=0.289175,
indivs=25245200, elapsed_secs=26033, mean=0.588000, stdev=0.083223, best fit=0.689200, best_overall=0.689200, mean_diversity=0.403826,
indivs=25255298, elapsed_secs=26044, mean=0.607605, stdev=0.155845, best fit=0.689200, best_overall=0.689200, mean_diversity=0.160053,
indivs=25265396, elapsed_secs=26055, mean=0.509746, stdev=0.035199, best fit=0.689200, best_overall=0.689200, mean_diversity=0.230391,
indivs=25275494, elapsed_secs=26066, mean=0.556076, stdev=0.076761, best fit=0.689200, best_overall=0.689200, mean_diversity=0.360400,
indivs=25285592, elapsed_secs=26077, mean=0.495558, stdev=0.096463, best fit=0.689200, best_overall=0.689200, mean_diversity=0.261761,
indivs=25295690, elapsed_secs=26087, mean=0.553198, stdev=0.084819, best fit=0.689200, best_overall=0.689200, mean_diversity=0.380091,
indivs=25305788, elapsed_secs=26098, mean=0.613944, stdev=0.146181, best fit=0.689200, best_overall=0.689200, mean_diversity=0.117871,
indivs=25315886, elapsed_secs=26109, mean=0.576379, stdev=0.135522, best fit=0.689200, best_overall=0.689200, mean_diversity=0.221505,
indivs=25325984, elapsed_secs=26117, mean=0.510874, stdev=0.072211, best fit=0.689200, best_overall=0.689200, mean_diversity=0.173641,
indivs=25336082, elapsed_secs=26129, mean=0.606516, stdev=0.144930, best fit=0.689200, best_overall=0.689200, mean_diversity=0.152000,
indivs=25346180, elapsed_secs=26141, mean=0.514944, stdev=0.097209, best fit=0.689200, best_overall=0.689200, mean_diversity=0.294927,
indivs=25356278, elapsed_secs=26151, mean=0.531737, stdev=0.090627, best fit=0.689200, best_overall=0.689200, mean_diversity=0.219902,
indivs=25366376, elapsed_secs=26161, mean=0.611270, stdev=0.141088, best fit=0.689200, best_overall=0.689200, mean_diversity=0.206204,
indivs=25376474, elapsed_secs=26171, mean=0.588620, stdev=0.145899, best fit=0.689200, best_overall=0.689200, mean_diversity=0.050412,
indivs=25386572, elapsed_secs=26181, mean=0.564697, stdev=0.106686, best fit=0.689200, best_overall=0.689200, mean_diversity=0.116527,
indivs=25396670, elapsed_secs=26193, mean=0.590554, stdev=0.123759, best fit=0.689200, best_overall=0.689200, mean_diversity=0.058615,
indivs=25406768, elapsed_secs=26201, mean=0.588048, stdev=0.128505, best fit=0.689200, best_overall=0.689200, mean_diversity=0.114130,
indivs=25416866, elapsed_secs=26211, mean=0.497487, stdev=0.153016, best fit=0.689200, best_overall=0.689200, mean_diversity=0.254471,
indivs=25426964, elapsed_secs=26221, mean=0.607816, stdev=0.090125, best fit=0.689200, best_overall=0.689200, mean_diversity=0.200109,
indivs=25437062, elapsed_secs=26231, mean=0.545554, stdev=0.064896, best fit=0.689200, best_overall=0.689200, mean_diversity=0.310928,
indivs=25447160, elapsed_secs=26240, mean=0.524072, stdev=0.177598, best fit=0.689200, best_overall=0.689200, mean_diversity=0.264046,
indivs=25457258, elapsed_secs=26249, mean=0.525837, stdev=0.058005, best fit=0.689200, best_overall=0.689200, mean_diversity=0.223230,
indivs=25467356, elapsed_secs=26259, mean=0.593877, stdev=0.073489, best fit=0.689200, best_overall=0.689200, mean_diversity=0.061224,
indivs=25477454, elapsed_secs=26271, mean=0.530546, stdev=0.106899, best fit=0.689200, best_overall=0.689200, mean_diversity=0.225965,
indivs=25487552, elapsed_secs=26281, mean=0.537792, stdev=0.094216, best fit=0.689200, best_overall=0.689200, mean_diversity=0.194167,
indivs=25497650, elapsed_secs=26292, mean=0.576999, stdev=0.133806, best fit=0.689200, best_overall=0.689200, mean_diversity=0.257763,
indivs=25507748, elapsed_secs=26305, mean=0.520933, stdev=0.055436, best fit=0.689200, best_overall=0.689200, mean_diversity=0.238877,
indivs=25517846, elapsed_secs=26314, mean=0.560261, stdev=0.101609, best fit=0.689200, best_overall=0.689200, mean_diversity=0.244693,
indivs=25527944, elapsed_secs=26324, mean=0.532187, stdev=0.055583, best fit=0.689200, best_overall=0.689200, mean_diversity=0.260297,
indivs=25538042, elapsed_secs=26333, mean=0.566812, stdev=0.104959, best fit=0.689200, best_overall=0.689200, mean_diversity=0.374952,
indivs=25548140, elapsed_secs=26342, mean=0.496705, stdev=0.068425, best fit=0.689200, best_overall=0.689200, mean_diversity=0.234589,
indivs=25558238, elapsed_secs=26352, mean=0.610559, stdev=0.111241, best fit=0.689200, best_overall=0.689200, mean_diversity=0.199417,
indivs=25568336, elapsed_secs=26360, mean=0.487538, stdev=0.057859, best fit=0.689200, best_overall=0.689200, mean_diversity=0.221404,
indivs=25578434, elapsed_secs=26369, mean=0.485435, stdev=0.087654, best fit=0.689200, best_overall=0.689200, mean_diversity=0.123912,
indivs=25588532, elapsed_secs=26380, mean=0.493511, stdev=0.075131, best fit=0.689200, best_overall=0.689200, mean_diversity=0.055201,
indivs=25598630, elapsed_secs=26392, mean=0.575457, stdev=0.129150, best fit=0.689200, best_overall=0.689200, mean_diversity=0.173423,
indivs=25608728, elapsed_secs=26402, mean=0.525864, stdev=0.075932, best fit=0.689200, best_overall=0.689200, mean_diversity=0.330420,
indivs=25618826, elapsed_secs=26414, mean=0.614411, stdev=0.119485, best fit=0.689200, best_overall=0.689200, mean_diversity=0.131372,
indivs=25628924, elapsed_secs=26422, mean=0.532331, stdev=0.068980, best fit=0.689200, best_overall=0.689200, mean_diversity=0.247694,
indivs=25639022, elapsed_secs=26432, mean=0.520962, stdev=0.132593, best fit=0.689200, best_overall=0.689200, mean_diversity=0.198098,
indivs=25649120, elapsed_secs=26445, mean=0.519221, stdev=0.095776, best fit=0.689200, best_overall=0.689200, mean_diversity=0.170249,
indivs=25659218, elapsed_secs=26455, mean=0.561031, stdev=0.136811, best fit=0.689200, best_overall=0.689200, mean_diversity=0.248428,
indivs=25669316, elapsed_secs=26464, mean=0.526794, stdev=0.090320, best fit=0.689200, best_overall=0.689200, mean_diversity=0.419461,
indivs=25679414, elapsed_secs=26474, mean=0.571174, stdev=0.109738, best fit=0.689200, best_overall=0.689200, mean_diversity=0.348636,
indivs=25689512, elapsed_secs=26485, mean=0.406729, stdev=0.166468, best fit=0.689200, best_overall=0.689200, mean_diversity=0.199414,
indivs=25699610, elapsed_secs=26494, mean=0.577921, stdev=0.111261, best fit=0.689200, best_overall=0.689200, mean_diversity=0.045056,
indivs=25709708, elapsed_secs=26504, mean=0.592899, stdev=0.120896, best fit=0.689200, best_overall=0.689200, mean_diversity=0.132740,
indivs=25719806, elapsed_secs=26515, mean=0.510032, stdev=0.105705, best fit=0.689200, best_overall=0.689200, mean_diversity=0.288590,
indivs=25729904, elapsed_secs=26525, mean=0.613621, stdev=0.100156, best fit=0.689200, best_overall=0.689200, mean_diversity=0.356355,
indivs=25740002, elapsed_secs=26534, mean=0.609652, stdev=0.150122, best fit=0.689200, best_overall=0.689200, mean_diversity=0.055040,
indivs=25750100, elapsed_secs=26546, mean=0.516576, stdev=0.114078, best fit=0.689200, best_overall=0.689200, mean_diversity=0.214948,
indivs=25760198, elapsed_secs=26556, mean=0.508893, stdev=0.066159, best fit=0.689200, best_overall=0.689200, mean_diversity=0.226635,
indivs=25770296, elapsed_secs=26564, mean=0.515719, stdev=0.055399, best fit=0.689200, best_overall=0.689200, mean_diversity=0.398340,
indivs=25780394, elapsed_secs=26574, mean=0.560965, stdev=0.087765, best fit=0.689200, best_overall=0.689200, mean_diversity=0.192519,
indivs=25790492, elapsed_secs=26584, mean=0.525574, stdev=0.086766, best fit=0.689200, best_overall=0.689200, mean_diversity=0.262799,
indivs=25800590, elapsed_secs=26594, mean=0.495836, stdev=0.057779, best fit=0.689200, best_overall=0.689200, mean_diversity=0.257883,
indivs=25810688, elapsed_secs=26603, mean=0.563872, stdev=0.102919, best fit=0.689200, best_overall=0.689200, mean_diversity=0.292994,
indivs=25820786, elapsed_secs=26613, mean=0.609411, stdev=0.133846, best fit=0.689200, best_overall=0.689200, mean_diversity=0.080306,
indivs=25830884, elapsed_secs=26622, mean=0.600701, stdev=0.101326, best fit=0.689200, best_overall=0.689200, mean_diversity=0.105411,
indivs=25840982, elapsed_secs=26633, mean=0.593858, stdev=0.118956, best fit=0.689200, best_overall=0.689200, mean_diversity=0.116071,
indivs=25851080, elapsed_secs=26643, mean=0.502633, stdev=0.125564, best fit=0.689200, best_overall=0.689200, mean_diversity=0.097917,
indivs=25861178, elapsed_secs=26652, mean=0.545972, stdev=0.132552, best fit=0.689200, best_overall=0.689200, mean_diversity=0.210507,
indivs=25871276, elapsed_secs=26662, mean=0.601063, stdev=0.099912, best fit=0.689200, best_overall=0.689200, mean_diversity=0.209064,
indivs=25881374, elapsed_secs=26672, mean=0.564486, stdev=0.142128, best fit=0.689200, best_overall=0.689200, mean_diversity=0.259621,
indivs=25891472, elapsed_secs=26683, mean=0.530820, stdev=0.109544, best fit=0.689200, best_overall=0.689200, mean_diversity=0.109571,
indivs=25901570, elapsed_secs=26695, mean=0.573251, stdev=0.143366, best fit=0.689200, best_overall=0.689200, mean_diversity=0.085277,
indivs=25911668, elapsed_secs=26707, mean=0.496892, stdev=0.053370, best fit=0.689200, best_overall=0.689200, mean_diversity=0.114151,
indivs=25921766, elapsed_secs=26716, mean=0.528859, stdev=0.118454, best fit=0.689200, best_overall=0.689200, mean_diversity=0.276889,
indivs=25931864, elapsed_secs=26726, mean=0.516007, stdev=0.124004, best fit=0.689200, best_overall=0.689200, mean_diversity=0.388521,
indivs=25941962, elapsed_secs=26736, mean=0.530857, stdev=0.153475, best fit=0.689200, best_overall=0.689200, mean_diversity=0.274305,
indivs=25952060, elapsed_secs=26745, mean=0.499860, stdev=0.027771, best fit=0.689200, best_overall=0.689200, mean_diversity=0.079280,
indivs=25962158, elapsed_secs=26756, mean=0.615325, stdev=0.120054, best fit=0.689200, best_overall=0.689200, mean_diversity=0.165709,
indivs=25972256, elapsed_secs=26766, mean=0.577141, stdev=0.144852, best fit=0.689200, best_overall=0.689200, mean_diversity=0.183244,
indivs=25982354, elapsed_secs=26776, mean=0.491892, stdev=0.072748, best fit=0.689200, best_overall=0.689200, mean_diversity=0.387057,
indivs=25992452, elapsed_secs=26785, mean=0.541173, stdev=0.158852, best fit=0.689200, best_overall=0.689200, mean_diversity=0.194006,
indivs=26002550, elapsed_secs=26795, mean=0.514132, stdev=0.075895, best fit=0.689200, best_overall=0.689200, mean_diversity=0.289338,
indivs=26012648, elapsed_secs=26805, mean=0.521822, stdev=0.048788, best fit=0.689200, best_overall=0.689200, mean_diversity=0.202831,
indivs=26022746, elapsed_secs=26814, mean=0.577964, stdev=0.125259, best fit=0.689200, best_overall=0.689200, mean_diversity=0.131044,
indivs=26032844, elapsed_secs=26824, mean=0.507274, stdev=0.128037, best fit=0.689200, best_overall=0.689200, mean_diversity=0.205929,
indivs=26042942, elapsed_secs=26835, mean=0.510847, stdev=0.064805, best fit=0.689200, best_overall=0.689200, mean_diversity=0.192164,
indivs=26053040, elapsed_secs=26844, mean=0.521660, stdev=0.207734, best fit=0.689200, best_overall=0.689200, mean_diversity=0.298976,
indivs=26063138, elapsed_secs=26853, mean=0.587395, stdev=0.114468, best fit=0.689200, best_overall=0.689200, mean_diversity=0.048758,
indivs=26073236, elapsed_secs=26862, mean=0.499892, stdev=0.021400, best fit=0.689200, best_overall=0.689200, mean_diversity=0.098661,
indivs=26083334, elapsed_secs=26873, mean=0.477784, stdev=0.129280, best fit=0.689200, best_overall=0.689200, mean_diversity=0.140099,
indivs=26093432, elapsed_secs=26882, mean=0.535060, stdev=0.109195, best fit=0.689200, best_overall=0.689200, mean_diversity=0.198392,
indivs=26103530, elapsed_secs=26891, mean=0.609970, stdev=0.158324, best fit=0.689200, best_overall=0.689200, mean_diversity=0.085106,
indivs=26113628, elapsed_secs=26902, mean=0.607837, stdev=0.121373, best fit=0.689200, best_overall=0.689200, mean_diversity=0.116960,
indivs=26123726, elapsed_secs=26912, mean=0.550978, stdev=0.082102, best fit=0.689200, best_overall=0.689200, mean_diversity=0.338970,
indivs=26133824, elapsed_secs=26921, mean=0.569223, stdev=0.098817, best fit=0.689200, best_overall=0.689200, mean_diversity=0.213934,
indivs=26143922, elapsed_secs=26931, mean=0.547487, stdev=0.107513, best fit=0.689200, best_overall=0.689200, mean_diversity=0.224178,
indivs=26154020, elapsed_secs=26942, mean=0.557724, stdev=0.161978, best fit=0.689200, best_overall=0.689200, mean_diversity=0.203449,
indivs=26164118, elapsed_secs=26954, mean=0.566314, stdev=0.124757, best fit=0.689200, best_overall=0.689200, mean_diversity=0.176225,
indivs=26174216, elapsed_secs=26965, mean=0.559315, stdev=0.152816, best fit=0.689200, best_overall=0.689200, mean_diversity=0.173124,
indivs=26184314, elapsed_secs=26977, mean=0.554188, stdev=0.103188, best fit=0.689200, best_overall=0.689200, mean_diversity=0.206882,
indivs=26194412, elapsed_secs=26986, mean=0.501441, stdev=0.019397, best fit=0.689200, best_overall=0.689200, mean_diversity=0.077606,
indivs=26204510, elapsed_secs=26996, mean=0.581297, stdev=0.152052, best fit=0.689200, best_overall=0.689200, mean_diversity=0.130540,
indivs=26214608, elapsed_secs=27008, mean=0.574068, stdev=0.084917, best fit=0.689200, best_overall=0.689200, mean_diversity=0.270038,
indivs=26224706, elapsed_secs=27017, mean=0.611215, stdev=0.120377, best fit=0.689200, best_overall=0.689200, mean_diversity=0.166138,
indivs=26234804, elapsed_secs=27026, mean=0.554667, stdev=0.057983, best fit=0.689200, best_overall=0.689200, mean_diversity=0.314333,
indivs=26244902, elapsed_secs=27035, mean=0.577094, stdev=0.066918, best fit=0.689200, best_overall=0.689200, mean_diversity=0.117470,
indivs=26255000, elapsed_secs=27045, mean=0.584406, stdev=0.179709, best fit=0.689200, best_overall=0.689200, mean_diversity=0.083913,
indivs=26265098, elapsed_secs=27057, mean=0.456663, stdev=0.125231, best fit=0.689200, best_overall=0.689200, mean_diversity=0.104785,
indivs=26275196, elapsed_secs=27067, mean=0.497019, stdev=0.082026, best fit=0.689200, best_overall=0.689200, mean_diversity=0.245893,
indivs=26285294, elapsed_secs=27075, mean=0.555014, stdev=0.176148, best fit=0.689200, best_overall=0.689200, mean_diversity=0.202933,
indivs=26295392, elapsed_secs=27086, mean=0.496892, stdev=0.031596, best fit=0.689200, best_overall=0.689200, mean_diversity=0.042764,
indivs=26305490, elapsed_secs=27097, mean=0.509830, stdev=0.134605, best fit=0.689200, best_overall=0.689200, mean_diversity=0.144016,
indivs=26315588, elapsed_secs=27108, mean=0.614056, stdev=0.134785, best fit=0.689200, best_overall=0.689200, mean_diversity=0.064480,
indivs=26325686, elapsed_secs=27118, mean=0.527326, stdev=0.155196, best fit=0.689200, best_overall=0.689200, mean_diversity=0.249555,
indivs=26335784, elapsed_secs=27126, mean=0.600090, stdev=0.083513, best fit=0.689200, best_overall=0.689200, mean_diversity=0.117839,
indivs=26345882, elapsed_secs=27135, mean=0.523904, stdev=0.116941, best fit=0.689200, best_overall=0.689200, mean_diversity=0.290841,
indivs=26355980, elapsed_secs=27146, mean=0.619949, stdev=0.110412, best fit=0.689200, best_overall=0.689200, mean_diversity=0.173597,
indivs=26366078, elapsed_secs=27156, mean=0.541237, stdev=0.095029, best fit=0.689200, best_overall=0.689200, mean_diversity=0.266236,
indivs=26376176, elapsed_secs=27166, mean=0.501073, stdev=0.102257, best fit=0.689200, best_overall=0.689200, mean_diversity=0.255200,
indivs=26386274, elapsed_secs=27176, mean=0.536206, stdev=0.153743, best fit=0.689200, best_overall=0.689200, mean_diversity=0.259110,
indivs=26396372, elapsed_secs=27185, mean=0.538825, stdev=0.170063, best fit=0.689200, best_overall=0.689200, mean_diversity=0.325236,
indivs=26406470, elapsed_secs=27195, mean=0.488221, stdev=0.089882, best fit=0.689200, best_overall=0.689200, mean_diversity=0.083485,
indivs=26416568, elapsed_secs=27205, mean=0.538026, stdev=0.180668, best fit=0.689200, best_overall=0.689200, mean_diversity=0.195785,
indivs=26426666, elapsed_secs=27215, mean=0.602915, stdev=0.108040, best fit=0.689200, best_overall=0.689200, mean_diversity=0.133645,
indivs=26436764, elapsed_secs=27225, mean=0.503494, stdev=0.124607, best fit=0.689200, best_overall=0.689200, mean_diversity=0.131722,
indivs=26446862, elapsed_secs=27234, mean=0.564938, stdev=0.175086, best fit=0.689200, best_overall=0.689200, mean_diversity=0.182428,
indivs=26456960, elapsed_secs=27243, mean=0.518750, stdev=0.046660, best fit=0.689200, best_overall=0.689200, mean_diversity=0.241034,
indivs=26467058, elapsed_secs=27253, mean=0.511973, stdev=0.056704, best fit=0.689200, best_overall=0.689200, mean_diversity=0.165483,
indivs=26477156, elapsed_secs=27263, mean=0.553801, stdev=0.085591, best fit=0.689200, best_overall=0.689200, mean_diversity=0.174745,
indivs=26487254, elapsed_secs=27276, mean=0.462500, stdev=0.151969, best fit=0.689200, best_overall=0.689200, mean_diversity=0.237475,
indivs=26497352, elapsed_secs=27285, mean=0.481726, stdev=0.171794, best fit=0.689200, best_overall=0.689200, mean_diversity=0.322868,
indivs=26507450, elapsed_secs=27293, mean=0.572672, stdev=0.104756, best fit=0.689200, best_overall=0.689200, mean_diversity=0.217727,
indivs=26517548, elapsed_secs=27301, mean=0.605251, stdev=0.096271, best fit=0.689200, best_overall=0.689200, mean_diversity=0.087606,
indivs=26527646, elapsed_secs=27312, mean=0.527768, stdev=0.107538, best fit=0.689200, best_overall=0.689200, mean_diversity=0.305596,
indivs=26537744, elapsed_secs=27324, mean=0.584169, stdev=0.122756, best fit=0.689200, best_overall=0.689200, mean_diversity=0.081539,
indivs=26547842, elapsed_secs=27334, mean=0.631717, stdev=0.098789, best fit=0.689200, best_overall=0.689200, mean_diversity=0.152637,
indivs=26557940, elapsed_secs=27345, mean=0.583590, stdev=0.186289, best fit=0.689200, best_overall=0.689200, mean_diversity=0.129089,
indivs=26568038, elapsed_secs=27359, mean=0.563367, stdev=0.105632, best fit=0.689200, best_overall=0.689200, mean_diversity=0.286978,
indivs=26578136, elapsed_secs=27373, mean=0.614907, stdev=0.102878, best fit=0.689200, best_overall=0.689200, mean_diversity=0.093591,
indivs=26588234, elapsed_secs=27385, mean=0.525666, stdev=0.088298, best fit=0.689200, best_overall=0.689200, mean_diversity=0.231994,
indivs=26598332, elapsed_secs=27396, mean=0.529507, stdev=0.164233, best fit=0.689200, best_overall=0.689200, mean_diversity=0.140455,
indivs=26608430, elapsed_secs=27406, mean=0.518710, stdev=0.046912, best fit=0.689200, best_overall=0.689200, mean_diversity=0.249387,
indivs=26618528, elapsed_secs=27417, mean=0.526888, stdev=0.053781, best fit=0.689200, best_overall=0.689200, mean_diversity=0.163750,
indivs=26628626, elapsed_secs=27430, mean=0.599617, stdev=0.089167, best fit=0.689200, best_overall=0.689200, mean_diversity=0.346780,
indivs=26638724, elapsed_secs=27439, mean=0.501892, stdev=0.018825, best fit=0.689200, best_overall=0.689200, mean_diversity=0.105158,
indivs=26648822, elapsed_secs=27450, mean=0.567880, stdev=0.101880, best fit=0.689200, best_overall=0.689200, mean_diversity=0.267929,
indivs=26658920, elapsed_secs=27460, mean=0.513775, stdev=0.136254, best fit=0.689200, best_overall=0.689200, mean_diversity=0.303429,
indivs=26669018, elapsed_secs=27469, mean=0.522228, stdev=0.087954, best fit=0.689200, best_overall=0.689200, mean_diversity=0.292516,
indivs=26679116, elapsed_secs=27480, mean=0.561766, stdev=0.119895, best fit=0.689200, best_overall=0.689200, mean_diversity=0.373147,
indivs=26689214, elapsed_secs=27492, mean=0.519800, stdev=0.080307, best fit=0.689200, best_overall=0.689200, mean_diversity=0.496972,
indivs=26699312, elapsed_secs=27502, mean=0.519878, stdev=0.108205, best fit=0.689200, best_overall=0.689200, mean_diversity=0.196554,
indivs=26709410, elapsed_secs=27513, mean=0.549842, stdev=0.102594, best fit=0.689200, best_overall=0.689200, mean_diversity=0.286385,
indivs=26719508, elapsed_secs=27525, mean=0.595750, stdev=0.158827, best fit=0.689200, best_overall=0.689200, mean_diversity=0.140222,
indivs=26729606, elapsed_secs=27537, mean=0.564546, stdev=0.089191, best fit=0.689200, best_overall=0.689200, mean_diversity=0.407167,
indivs=26739704, elapsed_secs=27548, mean=0.535431, stdev=0.113262, best fit=0.689200, best_overall=0.689200, mean_diversity=0.339684,
indivs=26749802, elapsed_secs=27559, mean=0.565490, stdev=0.095326, best fit=0.689200, best_overall=0.689200, mean_diversity=0.202331,
indivs=26759900, elapsed_secs=27570, mean=0.513519, stdev=0.039780, best fit=0.689200, best_overall=0.689200, mean_diversity=0.231319,
indivs=26769998, elapsed_secs=27580, mean=0.575121, stdev=0.121616, best fit=0.689200, best_overall=0.689200, mean_diversity=0.174861,
indivs=26780096, elapsed_secs=27590, mean=0.572155, stdev=0.157193, best fit=0.689200, best_overall=0.689200, mean_diversity=0.218254,
indivs=26790194, elapsed_secs=27600, mean=0.499611, stdev=0.196699, best fit=0.689200, best_overall=0.689200, mean_diversity=0.280890,
indivs=26800292, elapsed_secs=27611, mean=0.545300, stdev=0.114262, best fit=0.689200, best_overall=0.689200, mean_diversity=0.249967,
indivs=26810390, elapsed_secs=27621, mean=0.559348, stdev=0.186280, best fit=0.689200, best_overall=0.689200, mean_diversity=0.172647,
indivs=26820488, elapsed_secs=27631, mean=0.555099, stdev=0.120770, best fit=0.689200, best_overall=0.689200, mean_diversity=0.417143,
indivs=26830586, elapsed_secs=27641, mean=0.632477, stdev=0.079948, best fit=0.689200, best_overall=0.689200, mean_diversity=0.076986,
indivs=26840684, elapsed_secs=27653, mean=0.493816, stdev=0.106767, best fit=0.689200, best_overall=0.689200, mean_diversity=0.072423,
indivs=26850782, elapsed_secs=27664, mean=0.460139, stdev=0.172632, best fit=0.689200, best_overall=0.689200, mean_diversity=0.272739,
indivs=26860880, elapsed_secs=27673, mean=0.577426, stdev=0.074799, best fit=0.689200, best_overall=0.689200, mean_diversity=0.206585,
indivs=26870978, elapsed_secs=27684, mean=0.552671, stdev=0.101960, best fit=0.689200, best_overall=0.689200, mean_diversity=0.280281,
indivs=26881076, elapsed_secs=27693, mean=0.473165, stdev=0.089342, best fit=0.689200, best_overall=0.689200, mean_diversity=0.145587,
indivs=26891174, elapsed_secs=27704, mean=0.579046, stdev=0.110412, best fit=0.689200, best_overall=0.689200, mean_diversity=0.086832,
indivs=26901272, elapsed_secs=27714, mean=0.610697, stdev=0.107470, best fit=0.689200, best_overall=0.689200, mean_diversity=0.077523,
indivs=26911370, elapsed_secs=27723, mean=0.569653, stdev=0.177299, best fit=0.689200, best_overall=0.689200, mean_diversity=0.236496,
indivs=26921468, elapsed_secs=27734, mean=0.605635, stdev=0.145829, best fit=0.689200, best_overall=0.689200, mean_diversity=0.048610,
indivs=26931566, elapsed_secs=27745, mean=0.493800, stdev=0.056841, best fit=0.689200, best_overall=0.689200, mean_diversity=0.279068,
indivs=26941664, elapsed_secs=27754, mean=0.520242, stdev=0.116216, best fit=0.689200, best_overall=0.689200, mean_diversity=0.245408,
indivs=26951762, elapsed_secs=27765, mean=0.531699, stdev=0.123087, best fit=0.689200, best_overall=0.689200, mean_diversity=0.278474,
indivs=26961860, elapsed_secs=27776, mean=0.588733, stdev=0.137132, best fit=0.689200, best_overall=0.689200, mean_diversity=0.081922,
indivs=26971958, elapsed_secs=27789, mean=0.561412, stdev=0.206247, best fit=0.689200, best_overall=0.689200, mean_diversity=0.185058,
indivs=26982056, elapsed_secs=27797, mean=0.635527, stdev=0.095998, best fit=0.689200, best_overall=0.689200, mean_diversity=0.098787,
indivs=26992154, elapsed_secs=27808, mean=0.468113, stdev=0.121749, best fit=0.689200, best_overall=0.689200, mean_diversity=0.211910,
indivs=27002252, elapsed_secs=27818, mean=0.468048, stdev=0.134004, best fit=0.689200, best_overall=0.689200, mean_diversity=0.455193,
indivs=27012350, elapsed_secs=27827, mean=0.522712, stdev=0.219179, best fit=0.689200, best_overall=0.689200, mean_diversity=0.210801,
indivs=27022448, elapsed_secs=27837, mean=0.564609, stdev=0.112151, best fit=0.689200, best_overall=0.689200, mean_diversity=0.299461,
indivs=27032546, elapsed_secs=27846, mean=0.592215, stdev=0.123551, best fit=0.689200, best_overall=0.689200, mean_diversity=0.219383,
indivs=27042644, elapsed_secs=27856, mean=0.602840, stdev=0.121950, best fit=0.689200, best_overall=0.689200, mean_diversity=0.169256,
indivs=27052742, elapsed_secs=27867, mean=0.526454, stdev=0.139090, best fit=0.689200, best_overall=0.689200, mean_diversity=0.385395,
indivs=27062840, elapsed_secs=27878, mean=0.511841, stdev=0.075122, best fit=0.689200, best_overall=0.689200, mean_diversity=0.234976,
indivs=27072938, elapsed_secs=27888, mean=0.589776, stdev=0.106526, best fit=0.689200, best_overall=0.689200, mean_diversity=0.339637,
indivs=27083036, elapsed_secs=27898, mean=0.568332, stdev=0.164417, best fit=0.689200, best_overall=0.689200, mean_diversity=0.214881,
indivs=27093134, elapsed_secs=27908, mean=0.591902, stdev=0.114759, best fit=0.689200, best_overall=0.689200, mean_diversity=0.270291,
indivs=27103232, elapsed_secs=27919, mean=0.498499, stdev=0.056437, best fit=0.689200, best_overall=0.689200, mean_diversity=0.347244,
indivs=27113330, elapsed_secs=27930, mean=0.458159, stdev=0.141167, best fit=0.689200, best_overall=0.689200, mean_diversity=0.308247,
indivs=27123428, elapsed_secs=27941, mean=0.561871, stdev=0.095323, best fit=0.689200, best_overall=0.689200, mean_diversity=0.361623,
indivs=27133526, elapsed_secs=27951, mean=0.558995, stdev=0.079728, best fit=0.689200, best_overall=0.689200, mean_diversity=0.214144,
indivs=27143624, elapsed_secs=27960, mean=0.608409, stdev=0.090788, best fit=0.689200, best_overall=0.689200, mean_diversity=0.193899,
indivs=27153722, elapsed_secs=27970, mean=0.609201, stdev=0.091059, best fit=0.689200, best_overall=0.689200, mean_diversity=0.211514,
indivs=27163820, elapsed_secs=27981, mean=0.514863, stdev=0.071168, best fit=0.689200, best_overall=0.689200, mean_diversity=0.279268,
indivs=27173918, elapsed_secs=27989, mean=0.618112, stdev=0.119769, best fit=0.689200, best_overall=0.689200, mean_diversity=0.134796,
indivs=27184016, elapsed_secs=27999, mean=0.553910, stdev=0.064870, best fit=0.689200, best_overall=0.689200, mean_diversity=0.241834,
indivs=27194114, elapsed_secs=28009, mean=0.544219, stdev=0.197984, best fit=0.689200, best_overall=0.689200, mean_diversity=0.220853,
indivs=27204212, elapsed_secs=28021, mean=0.477339, stdev=0.134709, best fit=0.689200, best_overall=0.689200, mean_diversity=0.224375,
indivs=27214310, elapsed_secs=28031, mean=0.501892, stdev=0.018825, best fit=0.689200, best_overall=0.689200, mean_diversity=0.129158,
indivs=27224408, elapsed_secs=28040, mean=0.478088, stdev=0.223855, best fit=0.689200, best_overall=0.689200, mean_diversity=0.342011,
indivs=27234506, elapsed_secs=28049, mean=0.516784, stdev=0.051220, best fit=0.689200, best_overall=0.689200, mean_diversity=0.190832,
indivs=27244604, elapsed_secs=28061, mean=0.559281, stdev=0.111808, best fit=0.689200, best_overall=0.689200, mean_diversity=0.234019,
indivs=27254702, elapsed_secs=28072, mean=0.515941, stdev=0.041865, best fit=0.689200, best_overall=0.689200, mean_diversity=0.218495,
indivs=27264800, elapsed_secs=28082, mean=0.609807, stdev=0.104619, best fit=0.689200, best_overall=0.689200, mean_diversity=0.093814,
indivs=27274898, elapsed_secs=28092, mean=0.477022, stdev=0.096887, best fit=0.689200, best_overall=0.689200, mean_diversity=0.338782,
indivs=27284996, elapsed_secs=28102, mean=0.481309, stdev=0.100072, best fit=0.689200, best_overall=0.689200, mean_diversity=0.372586,
indivs=27295094, elapsed_secs=28111, mean=0.584106, stdev=0.132507, best fit=0.689200, best_overall=0.689200, mean_diversity=0.074334,
indivs=27305192, elapsed_secs=28120, mean=0.566822, stdev=0.110071, best fit=0.689200, best_overall=0.689200, mean_diversity=0.214922,
indivs=27315290, elapsed_secs=28129, mean=0.506435, stdev=0.106792, best fit=0.689200, best_overall=0.689200, mean_diversity=0.187944,
indivs=27325388, elapsed_secs=28139, mean=0.549694, stdev=0.080630, best fit=0.689200, best_overall=0.689200, mean_diversity=0.252862,
indivs=27335486, elapsed_secs=28148, mean=0.554196, stdev=0.122269, best fit=0.689200, best_overall=0.689200, mean_diversity=0.117059,
indivs=27345584, elapsed_secs=28159, mean=0.500981, stdev=0.118252, best fit=0.689200, best_overall=0.689200, mean_diversity=0.212374,
indivs=27355682, elapsed_secs=28169, mean=0.534327, stdev=0.090309, best fit=0.689200, best_overall=0.689200, mean_diversity=0.386558,
indivs=27365780, elapsed_secs=28179, mean=0.441890, stdev=0.164260, best fit=0.689200, best_overall=0.689200, mean_diversity=0.046498,
indivs=27375878, elapsed_secs=28190, mean=0.566745, stdev=0.107662, best fit=0.689200, best_overall=0.689200, mean_diversity=0.482476,
indivs=27385976, elapsed_secs=28200, mean=0.592956, stdev=0.134703, best fit=0.689200, best_overall=0.689200, mean_diversity=0.061833,
indivs=27396074, elapsed_secs=28209, mean=0.498730, stdev=0.058920, best fit=0.689200, best_overall=0.689200, mean_diversity=0.120203,
indivs=27406172, elapsed_secs=28218, mean=0.537911, stdev=0.067434, best fit=0.689200, best_overall=0.689200, mean_diversity=0.224925,
indivs=27416270, elapsed_secs=28230, mean=0.496801, stdev=0.053372, best fit=0.689200, best_overall=0.689200, mean_diversity=0.376952,
indivs=27426368, elapsed_secs=28240, mean=0.573838, stdev=0.106983, best fit=0.689200, best_overall=0.689200, mean_diversity=0.264557,
indivs=27436466, elapsed_secs=28250, mean=0.545338, stdev=0.113288, best fit=0.689200, best_overall=0.689200, mean_diversity=0.320771,
indivs=27446564, elapsed_secs=28260, mean=0.517394, stdev=0.080903, best fit=0.689200, best_overall=0.689200, mean_diversity=0.173213,
indivs=27456662, elapsed_secs=28270, mean=0.535706, stdev=0.110797, best fit=0.689200, best_overall=0.689200, mean_diversity=0.244474,
indivs=27466760, elapsed_secs=28279, mean=0.607965, stdev=0.106392, best fit=0.689200, best_overall=0.689200, mean_diversity=0.218059,
indivs=27476858, elapsed_secs=28288, mean=0.568734, stdev=0.099897, best fit=0.689200, best_overall=0.689200, mean_diversity=0.187524,
indivs=27486956, elapsed_secs=28301, mean=0.594674, stdev=0.145968, best fit=0.689200, best_overall=0.689200, mean_diversity=0.168795,
indivs=27497054, elapsed_secs=28312, mean=0.535483, stdev=0.157221, best fit=0.689200, best_overall=0.689200, mean_diversity=0.135714,
indivs=27507152, elapsed_secs=28321, mean=0.557441, stdev=0.159085, best fit=0.689200, best_overall=0.689200, mean_diversity=0.273349,
indivs=27517250, elapsed_secs=28332, mean=0.534776, stdev=0.149051, best fit=0.689200, best_overall=0.689200, mean_diversity=0.212020,
indivs=27527348, elapsed_secs=28343, mean=0.535859, stdev=0.115434, best fit=0.689200, best_overall=0.689200, mean_diversity=0.446667,
indivs=27537446, elapsed_secs=28352, mean=0.519835, stdev=0.164358, best fit=0.689200, best_overall=0.689200, mean_diversity=0.050019,
indivs=27547544, elapsed_secs=28363, mean=0.492198, stdev=0.065527, best fit=0.689200, best_overall=0.689200, mean_diversity=0.108210,
indivs=27557642, elapsed_secs=28374, mean=0.579880, stdev=0.086186, best fit=0.689200, best_overall=0.689200, mean_diversity=0.301416,
indivs=27567740, elapsed_secs=28385, mean=0.514069, stdev=0.079365, best fit=0.689200, best_overall=0.689200, mean_diversity=0.230632,
indivs=27577838, elapsed_secs=28396, mean=0.572472, stdev=0.122375, best fit=0.689200, best_overall=0.689200, mean_diversity=0.379602,
indivs=27587936, elapsed_secs=28408, mean=0.614605, stdev=0.145313, best fit=0.689200, best_overall=0.689200, mean_diversity=0.100237,
indivs=27598034, elapsed_secs=28417, mean=0.510400, stdev=0.034114, best fit=0.689200, best_overall=0.689200, mean_diversity=0.195260,
indivs=27608132, elapsed_secs=28428, mean=0.546846, stdev=0.148926, best fit=0.689200, best_overall=0.689200, mean_diversity=0.179895,
indivs=27618230, elapsed_secs=28438, mean=0.572626, stdev=0.108811, best fit=0.689200, best_overall=0.689200, mean_diversity=0.252748,
indivs=27628328, elapsed_secs=28447, mean=0.592834, stdev=0.122368, best fit=0.689200, best_overall=0.689200, mean_diversity=0.316198,
indivs=27638426, elapsed_secs=28456, mean=0.530183, stdev=0.118450, best fit=0.689200, best_overall=0.689200, mean_diversity=0.160706,
indivs=27648524, elapsed_secs=28467, mean=0.537292, stdev=0.096182, best fit=0.689200, best_overall=0.689200, mean_diversity=0.263775,
indivs=27658622, elapsed_secs=28480, mean=0.593283, stdev=0.089655, best fit=0.689200, best_overall=0.689200, mean_diversity=0.204980,
indivs=27668720, elapsed_secs=28489, mean=0.568570, stdev=0.093821, best fit=0.689200, best_overall=0.689200, mean_diversity=0.190385,
indivs=27678818, elapsed_secs=28501, mean=0.530727, stdev=0.090601, best fit=0.689200, best_overall=0.689200, mean_diversity=0.115375,
indivs=27688916, elapsed_secs=28511, mean=0.591252, stdev=0.115249, best fit=0.689200, best_overall=0.689200, mean_diversity=0.235163,
indivs=27699014, elapsed_secs=28520, mean=0.561283, stdev=0.118858, best fit=0.689200, best_overall=0.689200, mean_diversity=0.237551,
indivs=27709112, elapsed_secs=28530, mean=0.611888, stdev=0.122969, best fit=0.689200, best_overall=0.689200, mean_diversity=0.158482,
indivs=27719210, elapsed_secs=28542, mean=0.545713, stdev=0.100952, best fit=0.689200, best_overall=0.689200, mean_diversity=0.299600,
indivs=27729308, elapsed_secs=28550, mean=0.518608, stdev=0.112263, best fit=0.689200, best_overall=0.689200, mean_diversity=0.192827,
indivs=27739406, elapsed_secs=28561, mean=0.616309, stdev=0.133952, best fit=0.689200, best_overall=0.689200, mean_diversity=0.087253,
indivs=27749504, elapsed_secs=28572, mean=0.588040, stdev=0.128756, best fit=0.689200, best_overall=0.689200, mean_diversity=0.169861,
indivs=27759602, elapsed_secs=28582, mean=0.534615, stdev=0.071191, best fit=0.689200, best_overall=0.689200, mean_diversity=0.300327,
indivs=27769700, elapsed_secs=28589, mean=0.547136, stdev=0.076165, best fit=0.689200, best_overall=0.689200, mean_diversity=0.260337,
indivs=27779798, elapsed_secs=28599, mean=0.553079, stdev=0.116852, best fit=0.689200, best_overall=0.689200, mean_diversity=0.169349,
indivs=27789896, elapsed_secs=28609, mean=0.522821, stdev=0.057778, best fit=0.689200, best_overall=0.689200, mean_diversity=0.246356,
indivs=27799994, elapsed_secs=28618, mean=0.583947, stdev=0.109689, best fit=0.689200, best_overall=0.689200, mean_diversity=0.122954,
indivs=27810092, elapsed_secs=28630, mean=0.594306, stdev=0.138602, best fit=0.689200, best_overall=0.689200, mean_diversity=0.135120,
indivs=27820190, elapsed_secs=28639, mean=0.581606, stdev=0.147918, best fit=0.689200, best_overall=0.689200, mean_diversity=0.187019,
indivs=27830288, elapsed_secs=28649, mean=0.487389, stdev=0.077602, best fit=0.689200, best_overall=0.689200, mean_diversity=0.087803,
indivs=27840386, elapsed_secs=28659, mean=0.467752, stdev=0.203093, best fit=0.689200, best_overall=0.689200, mean_diversity=0.283958,
indivs=27850484, elapsed_secs=28669, mean=0.497481, stdev=0.132937, best fit=0.689200, best_overall=0.689200, mean_diversity=0.250027,
indivs=27860582, elapsed_secs=28677, mean=0.583295, stdev=0.112627, best fit=0.689200, best_overall=0.689200, mean_diversity=0.275732,
indivs=27870680, elapsed_secs=28687, mean=0.495087, stdev=0.076345, best fit=0.689200, best_overall=0.689200, mean_diversity=0.190828,
indivs=27880778, elapsed_secs=28695, mean=0.460479, stdev=0.137825, best fit=0.689200, best_overall=0.689200, mean_diversity=0.086216,
indivs=27890876, elapsed_secs=28703, mean=0.508400, stdev=0.110288, best fit=0.689200, best_overall=0.689200, mean_diversity=0.176105,
indivs=27900974, elapsed_secs=28713, mean=0.585833, stdev=0.135298, best fit=0.689200, best_overall=0.689200, mean_diversity=0.179433,
indivs=27911072, elapsed_secs=28724, mean=0.532548, stdev=0.122794, best fit=0.689200, best_overall=0.689200, mean_diversity=0.316976,
indivs=27921170, elapsed_secs=28733, mean=0.585671, stdev=0.132037, best fit=0.689200, best_overall=0.689200, mean_diversity=0.281189,
indivs=27931268, elapsed_secs=28743, mean=0.597904, stdev=0.129081, best fit=0.689200, best_overall=0.689200, mean_diversity=0.099577,
indivs=27941366, elapsed_secs=28755, mean=0.499661, stdev=0.150025, best fit=0.689200, best_overall=0.689200, mean_diversity=0.185242,
indivs=27951464, elapsed_secs=28766, mean=0.486834, stdev=0.087665, best fit=0.689200, best_overall=0.689200, mean_diversity=0.166952,
indivs=27961562, elapsed_secs=28774, mean=0.542850, stdev=0.063202, best fit=0.689200, best_overall=0.689200, mean_diversity=0.152780,
indivs=27971660, elapsed_secs=28785, mean=0.603284, stdev=0.087348, best fit=0.689200, best_overall=0.689200, mean_diversity=0.192838,
indivs=27981758, elapsed_secs=28795, mean=0.514283, stdev=0.044557, best fit=0.689200, best_overall=0.689200, mean_diversity=0.177136,
indivs=27991856, elapsed_secs=28804, mean=0.501197, stdev=0.019496, best fit=0.689200, best_overall=0.689200, mean_diversity=0.134198,
indivs=28001954, elapsed_secs=28814, mean=0.565474, stdev=0.156990, best fit=0.689200, best_overall=0.689200, mean_diversity=0.332675,
indivs=28012052, elapsed_secs=28824, mean=0.639802, stdev=0.075499, best fit=0.689200, best_overall=0.689200, mean_diversity=0.071759,
indivs=28022150, elapsed_secs=28835, mean=0.486997, stdev=0.087686, best fit=0.689200, best_overall=0.689200, mean_diversity=0.076938,
indivs=28032248, elapsed_secs=28844, mean=0.421328, stdev=0.187039, best fit=0.689200, best_overall=0.689200, mean_diversity=0.084928,
indivs=28042346, elapsed_secs=28853, mean=0.567049, stdev=0.120122, best fit=0.689200, best_overall=0.689200, mean_diversity=0.300048,
indivs=28052444, elapsed_secs=28861, mean=0.583072, stdev=0.101868, best fit=0.689200, best_overall=0.689200, mean_diversity=0.307901,
indivs=28062542, elapsed_secs=28867, mean=0.516284, stdev=0.076546, best fit=0.689200, best_overall=0.689200, mean_diversity=0.155781,
indivs=28072640, elapsed_secs=28878, mean=0.611256, stdev=0.136940, best fit=0.689200, best_overall=0.689200, mean_diversity=0.175205,
indivs=28082738, elapsed_secs=28889, mean=0.524829, stdev=0.085137, best fit=0.689200, best_overall=0.689200, mean_diversity=0.291709,
indivs=28092836, elapsed_secs=28898, mean=0.543634, stdev=0.077972, best fit=0.689200, best_overall=0.689200, mean_diversity=0.271636,
indivs=28102934, elapsed_secs=28909, mean=0.518260, stdev=0.055231, best fit=0.689200, best_overall=0.689200, mean_diversity=0.190819,
indivs=28113032, elapsed_secs=28917, mean=0.552507, stdev=0.170739, best fit=0.689200, best_overall=0.689200, mean_diversity=0.197717,
indivs=28123130, elapsed_secs=28927, mean=0.587742, stdev=0.065805, best fit=0.689200, best_overall=0.689200, mean_diversity=0.053021,
indivs=28133228, elapsed_secs=28937, mean=0.590602, stdev=0.089497, best fit=0.689200, best_overall=0.689200, mean_diversity=0.266253,
indivs=28143326, elapsed_secs=28946, mean=0.550122, stdev=0.058225, best fit=0.689200, best_overall=0.689200, mean_diversity=0.374068,
indivs=28153424, elapsed_secs=28957, mean=0.545743, stdev=0.155170, best fit=0.689200, best_overall=0.689200, mean_diversity=0.076657,
indivs=28163522, elapsed_secs=28968, mean=0.575637, stdev=0.093074, best fit=0.689200, best_overall=0.689200, mean_diversity=0.334936,
indivs=28173620, elapsed_secs=28976, mean=0.542771, stdev=0.062314, best fit=0.689200, best_overall=0.689200, mean_diversity=0.463274,
indivs=28183718, elapsed_secs=28987, mean=0.560045, stdev=0.138466, best fit=0.689200, best_overall=0.689200, mean_diversity=0.190279,
indivs=28193816, elapsed_secs=28997, mean=0.578464, stdev=0.084173, best fit=0.689200, best_overall=0.689200, mean_diversity=0.196311,
indivs=28203914, elapsed_secs=29006, mean=0.525592, stdev=0.071615, best fit=0.689200, best_overall=0.689200, mean_diversity=0.285498,
indivs=28214012, elapsed_secs=29018, mean=0.590316, stdev=0.153190, best fit=0.689200, best_overall=0.689200, mean_diversity=0.068091,
indivs=28224110, elapsed_secs=29027, mean=0.500543, stdev=0.059365, best fit=0.689200, best_overall=0.689200, mean_diversity=0.119362,
indivs=28234208, elapsed_secs=29036, mean=0.532770, stdev=0.122111, best fit=0.689200, best_overall=0.689200, mean_diversity=0.348295,
indivs=28244306, elapsed_secs=29046, mean=0.501618, stdev=0.057615, best fit=0.689200, best_overall=0.689200, mean_diversity=0.205600,
indivs=28254404, elapsed_secs=29055, mean=0.461888, stdev=0.101850, best fit=0.689200, best_overall=0.689200, mean_diversity=0.089642,
indivs=28264502, elapsed_secs=29064, mean=0.475038, stdev=0.160060, best fit=0.689200, best_overall=0.689200, mean_diversity=0.227141,
indivs=28274600, elapsed_secs=29073, mean=0.538437, stdev=0.110465, best fit=0.689200, best_overall=0.689200, mean_diversity=0.423007,
indivs=28284698, elapsed_secs=29081, mean=0.616409, stdev=0.096554, best fit=0.689200, best_overall=0.689200, mean_diversity=0.198579,
indivs=28294796, elapsed_secs=29090, mean=0.502077, stdev=0.061998, best fit=0.689200, best_overall=0.689200, mean_diversity=0.148559,
indivs=28304894, elapsed_secs=29099, mean=0.577520, stdev=0.105141, best fit=0.689200, best_overall=0.689200, mean_diversity=0.253162,
indivs=28314992, elapsed_secs=29109, mean=0.497388, stdev=0.185531, best fit=0.689200, best_overall=0.689200, mean_diversity=0.164499,
indivs=28325090, elapsed_secs=29119, mean=0.503706, stdev=0.025948, best fit=0.689200, best_overall=0.689200, mean_diversity=0.239241,
indivs=28335188, elapsed_secs=29128, mean=0.651900, stdev=0.065497, best fit=0.689200, best_overall=0.689200, mean_diversity=0.104676,
indivs=28345286, elapsed_secs=29137, mean=0.549251, stdev=0.127698, best fit=0.689200, best_overall=0.689200, mean_diversity=0.200190,
indivs=28355384, elapsed_secs=29147, mean=0.587953, stdev=0.108018, best fit=0.689200, best_overall=0.689200, mean_diversity=0.207047,
indivs=28365482, elapsed_secs=29158, mean=0.521921, stdev=0.093432, best fit=0.689200, best_overall=0.689200, mean_diversity=0.107421,
indivs=28375580, elapsed_secs=29170, mean=0.556904, stdev=0.131136, best fit=0.689200, best_overall=0.689200, mean_diversity=0.164549,
indivs=28385678, elapsed_secs=29180, mean=0.492054, stdev=0.110589, best fit=0.689200, best_overall=0.689200, mean_diversity=0.228889,
indivs=28395776, elapsed_secs=29190, mean=0.563102, stdev=0.166996, best fit=0.689200, best_overall=0.689200, mean_diversity=0.187637,
indivs=28405874, elapsed_secs=29200, mean=0.466892, stdev=0.129467, best fit=0.689200, best_overall=0.689200, mean_diversity=0.262280,
indivs=28415972, elapsed_secs=29208, mean=0.453510, stdev=0.155804, best fit=0.689200, best_overall=0.689200, mean_diversity=0.136785,
indivs=28426070, elapsed_secs=29217, mean=0.580248, stdev=0.148410, best fit=0.689200, best_overall=0.689200, mean_diversity=0.151310,
indivs=28436168, elapsed_secs=29230, mean=0.598599, stdev=0.138106, best fit=0.689200, best_overall=0.689200, mean_diversity=0.067072,
indivs=28446266, elapsed_secs=29241, mean=0.521538, stdev=0.117557, best fit=0.689200, best_overall=0.689200, mean_diversity=0.309381,
indivs=28456364, elapsed_secs=29252, mean=0.567406, stdev=0.130733, best fit=0.689200, best_overall=0.689200, mean_diversity=0.058936,
indivs=28466462, elapsed_secs=29261, mean=0.618785, stdev=0.080792, best fit=0.689200, best_overall=0.689200, mean_diversity=0.231227,
indivs=28476560, elapsed_secs=29272, mean=0.603547, stdev=0.055808, best fit=0.689200, best_overall=0.689200, mean_diversity=0.043951,
indivs=28486658, elapsed_secs=29281, mean=0.570297, stdev=0.100675, best fit=0.689200, best_overall=0.689200, mean_diversity=0.238614,
indivs=28496756, elapsed_secs=29291, mean=0.550000, stdev=0.127488, best fit=0.689200, best_overall=0.689200, mean_diversity=0.206198,
indivs=28506854, elapsed_secs=29300, mean=0.524698, stdev=0.176476, best fit=0.689200, best_overall=0.689200, mean_diversity=0.220373,
indivs=28516952, elapsed_secs=29310, mean=0.584590, stdev=0.148861, best fit=0.689200, best_overall=0.689200, mean_diversity=0.175668,
indivs=28527050, elapsed_secs=29321, mean=0.522720, stdev=0.049785, best fit=0.689200, best_overall=0.689200, mean_diversity=0.200464,
indivs=28537148, elapsed_secs=29329, mean=0.498888, stdev=0.055429, best fit=0.689200, best_overall=0.689200, mean_diversity=0.183915,
indivs=28547246, elapsed_secs=29340, mean=0.522394, stdev=0.083733, best fit=0.689200, best_overall=0.689200, mean_diversity=0.233654,
indivs=28557344, elapsed_secs=29351, mean=0.554043, stdev=0.096830, best fit=0.689200, best_overall=0.689200, mean_diversity=0.206657,
indivs=28567442, elapsed_secs=29359, mean=0.458892, stdev=0.054480, best fit=0.689200, best_overall=0.689200, mean_diversity=0.046824,
indivs=28577540, elapsed_secs=29370, mean=0.574346, stdev=0.088131, best fit=0.689200, best_overall=0.689200, mean_diversity=0.375210,
indivs=28587638, elapsed_secs=29380, mean=0.492065, stdev=0.140744, best fit=0.689200, best_overall=0.689200, mean_diversity=0.333117,
indivs=28597736, elapsed_secs=29389, mean=0.493314, stdev=0.063552, best fit=0.689200, best_overall=0.689200, mean_diversity=0.282833,
indivs=28607834, elapsed_secs=29397, mean=0.583879, stdev=0.073754, best fit=0.689200, best_overall=0.689200, mean_diversity=0.415113,
indivs=28617932, elapsed_secs=29406, mean=0.514278, stdev=0.048157, best fit=0.689200, best_overall=0.689200, mean_diversity=0.216281,
indivs=28628030, elapsed_secs=29416, mean=0.568679, stdev=0.171723, best fit=0.689200, best_overall=0.689200, mean_diversity=0.180931,
indivs=28638128, elapsed_secs=29425, mean=0.542288, stdev=0.080039, best fit=0.689200, best_overall=0.689200, mean_diversity=0.157060,
indivs=28648226, elapsed_secs=29437, mean=0.525435, stdev=0.106557, best fit=0.689200, best_overall=0.689200, mean_diversity=0.314990,
indivs=28658324, elapsed_secs=29448, mean=0.536330, stdev=0.122266, best fit=0.689200, best_overall=0.689200, mean_diversity=0.249188,
indivs=28668422, elapsed_secs=29458, mean=0.506455, stdev=0.088948, best fit=0.689200, best_overall=0.689200, mean_diversity=0.206378,
indivs=28678520, elapsed_secs=29467, mean=0.558357, stdev=0.130616, best fit=0.689200, best_overall=0.689200, mean_diversity=0.207546,
indivs=28688618, elapsed_secs=29477, mean=0.563233, stdev=0.086540, best fit=0.689200, best_overall=0.689200, mean_diversity=0.147884,
indivs=28698716, elapsed_secs=29486, mean=0.510773, stdev=0.090485, best fit=0.689200, best_overall=0.689200, mean_diversity=0.254496,
indivs=28708814, elapsed_secs=29494, mean=0.485541, stdev=0.103994, best fit=0.689200, best_overall=0.689200, mean_diversity=0.088010,
indivs=28718912, elapsed_secs=29505, mean=0.505897, stdev=0.031527, best fit=0.689200, best_overall=0.689200, mean_diversity=0.094200,
indivs=28729010, elapsed_secs=29516, mean=0.553043, stdev=0.088696, best fit=0.689200, best_overall=0.689200, mean_diversity=0.112993,
indivs=28739108, elapsed_secs=29528, mean=0.603285, stdev=0.138029, best fit=0.689200, best_overall=0.689200, mean_diversity=0.148523,
indivs=28749206, elapsed_secs=29538, mean=0.548720, stdev=0.080260, best fit=0.689200, best_overall=0.689200, mean_diversity=0.253155,
indivs=28759304, elapsed_secs=29547, mean=0.588524, stdev=0.070604, best fit=0.689200, best_overall=0.689200, mean_diversity=0.264913,
indivs=28769402, elapsed_secs=29555, mean=0.553414, stdev=0.176471, best fit=0.689200, best_overall=0.689200, mean_diversity=0.277251,
indivs=28779500, elapsed_secs=29565, mean=0.498329, stdev=0.100323, best fit=0.689200, best_overall=0.689200, mean_diversity=0.214431,
indivs=28789598, elapsed_secs=29573, mean=0.532711, stdev=0.119398, best fit=0.689200, best_overall=0.689200, mean_diversity=0.240934,
indivs=28799696, elapsed_secs=29582, mean=0.544963, stdev=0.115356, best fit=0.689200, best_overall=0.689200, mean_diversity=0.176716,
indivs=28809794, elapsed_secs=29591, mean=0.602242, stdev=0.117984, best fit=0.689200, best_overall=0.689200, mean_diversity=0.157627,
indivs=28819892, elapsed_secs=29600, mean=0.503185, stdev=0.025297, best fit=0.689200, best_overall=0.689200, mean_diversity=0.106063,
indivs=28829990, elapsed_secs=29609, mean=0.523189, stdev=0.061990, best fit=0.689200, best_overall=0.689200, mean_diversity=0.155223,
indivs=28840088, elapsed_secs=29619, mean=0.602885, stdev=0.093768, best fit=0.689200, best_overall=0.689200, mean_diversity=0.157571,
indivs=28850186, elapsed_secs=29630, mean=0.495897, stdev=0.094437, best fit=0.689200, best_overall=0.689200, mean_diversity=0.268671,
indivs=28860284, elapsed_secs=29638, mean=0.500666, stdev=0.135293, best fit=0.689200, best_overall=0.689200, mean_diversity=0.254420,
indivs=28870382, elapsed_secs=29648, mean=0.584959, stdev=0.113171, best fit=0.689200, best_overall=0.689200, mean_diversity=0.147083,
indivs=28880480, elapsed_secs=29656, mean=0.604448, stdev=0.097567, best fit=0.689200, best_overall=0.689200, mean_diversity=0.055317,
indivs=28890578, elapsed_secs=29669, mean=0.568491, stdev=0.135048, best fit=0.689200, best_overall=0.689200, mean_diversity=0.149589,
indivs=28900676, elapsed_secs=29680, mean=0.587941, stdev=0.080964, best fit=0.689200, best_overall=0.689200, mean_diversity=0.065908,
indivs=28910774, elapsed_secs=29690, mean=0.552502, stdev=0.126363, best fit=0.689200, best_overall=0.689200, mean_diversity=0.436250,
indivs=28920872, elapsed_secs=29698, mean=0.512828, stdev=0.046762, best fit=0.689200, best_overall=0.689200, mean_diversity=0.200317,
indivs=28930970, elapsed_secs=29708, mean=0.528388, stdev=0.063632, best fit=0.689200, best_overall=0.689200, mean_diversity=0.278513,
indivs=28941068, elapsed_secs=29719, mean=0.527687, stdev=0.148404, best fit=0.689200, best_overall=0.689200, mean_diversity=0.185704,
indivs=28951166, elapsed_secs=29729, mean=0.562719, stdev=0.112813, best fit=0.689200, best_overall=0.689200, mean_diversity=0.235993,
indivs=28961264, elapsed_secs=29739, mean=0.514513, stdev=0.127171, best fit=0.689200, best_overall=0.689200, mean_diversity=0.416885,
indivs=28971362, elapsed_secs=29749, mean=0.528991, stdev=0.089143, best fit=0.689200, best_overall=0.689200, mean_diversity=0.282761,
indivs=28981460, elapsed_secs=29759, mean=0.524217, stdev=0.120773, best fit=0.689200, best_overall=0.689200, mean_diversity=0.373868,
indivs=28991558, elapsed_secs=29769, mean=0.505138, stdev=0.031361, best fit=0.689200, best_overall=0.689200, mean_diversity=0.082583,
indivs=29001656, elapsed_secs=29779, mean=0.546324, stdev=0.071385, best fit=0.689200, best_overall=0.689200, mean_diversity=0.265263,
indivs=29011754, elapsed_secs=29788, mean=0.605375, stdev=0.130213, best fit=0.689200, best_overall=0.689200, mean_diversity=0.137317,
indivs=29021852, elapsed_secs=29797, mean=0.632677, stdev=0.077238, best fit=0.689200, best_overall=0.689200, mean_diversity=0.134777,
indivs=29031950, elapsed_secs=29807, mean=0.587561, stdev=0.091519, best fit=0.689200, best_overall=0.689200, mean_diversity=0.173308,
Experiment done. Retrieving candidate algorithm.
Search fitness for candidate algorithm = 0.689200
Evaluating candidate algorithm from experiment (on T_select tasks)... 
Select fitness for candidate algorithm = 0.679900
Select fitness is the best so far. 

Final evaluation of best algorithm (on unseen tasks)...
Final evaluation fitness (on unseen data) = 0.677670
Algorithm found: 
def Setup():
  m1 = gaussian(0.0224831, 0.932467, (n_features, n_features))
  m0 = uniform(-0.641231, 0.097603, (n_features, n_features))
  m0 = gaussian(-0.608191, 0.220694, (n_features, n_features))
def Predict():
  v7 = dot(m1, v0)
  v4 = v8 + v1
  s2 = dot(v5, v4)
  s4 = s3 + s1
  s2 = dot(v7, v5)
  v5 = v7 + v2
  s1 = dot(v0, v8)
  v2 = v6 + v0
  v3 = maximum(v1, v8)
  s4 = s4 + s4
def Learn():
  v3 = v0 * v8
  s4 = s2 - s1
  v4 = v2 + v0
  v2 = v4 * v1
  s4 = s1 + s2
  s2 = s2 + s1
  s4 = s0 + s0
  v7 = v5 * v0
  s3 = s0 * s1
  s3 = s3 * s1
  v7 = heaviside(v3, 1.0)
  v4 = v5 + v5
  v6 = v5 * v1
  s2 = s1 - s4
  s3 = s0 - s2
  v2 = s3 * v0
  v8 = v8 + v4
  v8 = v2 + v8
  v6 = v1 * v1

