Random seed = 2246497951
/p/work/rditljtd/automl_zero/baseline_full_qd.db3
evol_id:483
SQLite Version: 3.4.0

Creating database for run.
/p/work/rditljtd/automl_zero/baseline_full_qd.db3
Running evolution experiment (on the T_search tasks)...
indivs=200, elapsed_secs=0, mean=0.500000, stdev=0.000000, best fit=0.500000, best_overall=0.500000, mean_diversity=0.000000,
indivs=10298, elapsed_secs=12, mean=0.455994, stdev=0.143556, best fit=0.562200, best_overall=0.562200, mean_diversity=0.061071,
indivs=20396, elapsed_secs=19, mean=0.500771, stdev=0.007671, best fit=0.577100, best_overall=0.577100, mean_diversity=0.090310,
indivs=30494, elapsed_secs=25, mean=0.502338, stdev=0.015877, best fit=0.584100, best_overall=0.584100, mean_diversity=0.110844,
indivs=40592, elapsed_secs=30, mean=0.496989, stdev=0.073010, best fit=0.587300, best_overall=0.587300, mean_diversity=0.182500,
indivs=50690, elapsed_secs=35, mean=0.496228, stdev=0.057889, best fit=0.587300, best_overall=0.587300, mean_diversity=0.325689,
indivs=60788, elapsed_secs=39, mean=0.508953, stdev=0.020102, best fit=0.587300, best_overall=0.587300, mean_diversity=0.305526,
indivs=70886, elapsed_secs=44, mean=0.503125, stdev=0.012082, best fit=0.587300, best_overall=0.587300, mean_diversity=0.425000,
indivs=80984, elapsed_secs=48, mean=0.500871, stdev=0.008686, best fit=0.587300, best_overall=0.587300, mean_diversity=0.125292,
indivs=91082, elapsed_secs=52, mean=0.491359, stdev=0.070926, best fit=0.587300, best_overall=0.587300, mean_diversity=0.341812,
indivs=101180, elapsed_secs=56, mean=0.502626, stdev=0.014241, best fit=0.587300, best_overall=0.587300, mean_diversity=0.179979,
indivs=111278, elapsed_secs=60, mean=0.511225, stdev=0.021452, best fit=0.587300, best_overall=0.587300, mean_diversity=0.199236,
indivs=121376, elapsed_secs=64, mean=0.501712, stdev=0.010460, best fit=0.587300, best_overall=0.587300, mean_diversity=0.279258,
indivs=131474, elapsed_secs=68, mean=0.509761, stdev=0.069806, best fit=0.668900, best_overall=0.668900, mean_diversity=0.275035,
indivs=141572, elapsed_secs=79, mean=0.517392, stdev=0.188713, best fit=0.674600, best_overall=0.674600, mean_diversity=0.216717,
indivs=151670, elapsed_secs=102, mean=0.517205, stdev=0.045995, best fit=0.675400, best_overall=0.675400, mean_diversity=0.235183,
indivs=161768, elapsed_secs=123, mean=0.543845, stdev=0.076208, best fit=0.675400, best_overall=0.675400, mean_diversity=0.250365,
indivs=171866, elapsed_secs=141, mean=0.478191, stdev=0.115320, best fit=0.675400, best_overall=0.675400, mean_diversity=0.200677,
indivs=181964, elapsed_secs=162, mean=0.502593, stdev=0.020391, best fit=0.675500, best_overall=0.675500, mean_diversity=0.108892,
indivs=192062, elapsed_secs=181, mean=0.552827, stdev=0.098305, best fit=0.675500, best_overall=0.675500, mean_diversity=0.338889,
indivs=202160, elapsed_secs=200, mean=0.601519, stdev=0.117516, best fit=0.675500, best_overall=0.675500, mean_diversity=0.074684,
indivs=212258, elapsed_secs=220, mean=0.540930, stdev=0.111572, best fit=0.675500, best_overall=0.675500, mean_diversity=0.159625,
indivs=222356, elapsed_secs=236, mean=0.513898, stdev=0.122166, best fit=0.675500, best_overall=0.675500, mean_diversity=0.225420,
indivs=232454, elapsed_secs=255, mean=0.559941, stdev=0.107417, best fit=0.675500, best_overall=0.675500, mean_diversity=0.191882,
indivs=242552, elapsed_secs=273, mean=0.523490, stdev=0.155542, best fit=0.675500, best_overall=0.675500, mean_diversity=0.341317,
indivs=252650, elapsed_secs=290, mean=0.507553, stdev=0.064182, best fit=0.675500, best_overall=0.675500, mean_diversity=0.250092,
indivs=262748, elapsed_secs=310, mean=0.500263, stdev=0.079296, best fit=0.676400, best_overall=0.676400, mean_diversity=0.377358,
indivs=272846, elapsed_secs=329, mean=0.559167, stdev=0.127865, best fit=0.676400, best_overall=0.676400, mean_diversity=0.104783,
indivs=282944, elapsed_secs=347, mean=0.504709, stdev=0.120612, best fit=0.676400, best_overall=0.676400, mean_diversity=0.205919,
indivs=293042, elapsed_secs=365, mean=0.501764, stdev=0.017552, best fit=0.676400, best_overall=0.676400, mean_diversity=0.092272,
indivs=303140, elapsed_secs=385, mean=0.500136, stdev=0.110618, best fit=0.676400, best_overall=0.676400, mean_diversity=0.202140,
indivs=313238, elapsed_secs=403, mean=0.567199, stdev=0.142791, best fit=0.676400, best_overall=0.676400, mean_diversity=0.225223,
indivs=323336, elapsed_secs=417, mean=0.503277, stdev=0.020374, best fit=0.676500, best_overall=0.676500, mean_diversity=0.079792,
indivs=333434, elapsed_secs=431, mean=0.515944, stdev=0.127043, best fit=0.676500, best_overall=0.676500, mean_diversity=0.302560,
indivs=343532, elapsed_secs=446, mean=0.538638, stdev=0.159230, best fit=0.676500, best_overall=0.676500, mean_diversity=0.248677,
indivs=353630, elapsed_secs=460, mean=0.510978, stdev=0.079136, best fit=0.676500, best_overall=0.676500, mean_diversity=0.188138,
indivs=363728, elapsed_secs=474, mean=0.552161, stdev=0.096116, best fit=0.676500, best_overall=0.676500, mean_diversity=0.231087,
indivs=373826, elapsed_secs=491, mean=0.556173, stdev=0.097016, best fit=0.676500, best_overall=0.676500, mean_diversity=0.263451,
indivs=383924, elapsed_secs=504, mean=0.495468, stdev=0.087598, best fit=0.676500, best_overall=0.676500, mean_diversity=0.103989,
indivs=394022, elapsed_secs=518, mean=0.505861, stdev=0.021642, best fit=0.676500, best_overall=0.676500, mean_diversity=0.186564,
indivs=404120, elapsed_secs=535, mean=0.505698, stdev=0.066755, best fit=0.676600, best_overall=0.676600, mean_diversity=0.241549,
indivs=414218, elapsed_secs=552, mean=0.560005, stdev=0.064661, best fit=0.676600, best_overall=0.676600, mean_diversity=0.146817,
indivs=424316, elapsed_secs=567, mean=0.498517, stdev=0.058659, best fit=0.676600, best_overall=0.676600, mean_diversity=0.143038,
indivs=434414, elapsed_secs=581, mean=0.571034, stdev=0.127467, best fit=0.676600, best_overall=0.676600, mean_diversity=0.112070,
indivs=444512, elapsed_secs=593, mean=0.554699, stdev=0.063343, best fit=0.676600, best_overall=0.676600, mean_diversity=0.117980,
indivs=454610, elapsed_secs=609, mean=0.519326, stdev=0.097842, best fit=0.676600, best_overall=0.676600, mean_diversity=0.428391,
indivs=464708, elapsed_secs=623, mean=0.483444, stdev=0.101733, best fit=0.676600, best_overall=0.676600, mean_diversity=0.367924,
indivs=474806, elapsed_secs=638, mean=0.555501, stdev=0.078635, best fit=0.676600, best_overall=0.676600, mean_diversity=0.230556,
indivs=484904, elapsed_secs=653, mean=0.528061, stdev=0.132640, best fit=0.676700, best_overall=0.676700, mean_diversity=0.222351,
indivs=495002, elapsed_secs=668, mean=0.481571, stdev=0.182486, best fit=0.676700, best_overall=0.676700, mean_diversity=0.213017,
indivs=505100, elapsed_secs=685, mean=0.532052, stdev=0.155021, best fit=0.676700, best_overall=0.676700, mean_diversity=0.171574,
indivs=515198, elapsed_secs=699, mean=0.503075, stdev=0.024368, best fit=0.676700, best_overall=0.676700, mean_diversity=0.105036,
indivs=525296, elapsed_secs=715, mean=0.453604, stdev=0.190623, best fit=0.676700, best_overall=0.676700, mean_diversity=0.215630,
indivs=535394, elapsed_secs=732, mean=0.563181, stdev=0.077136, best fit=0.676800, best_overall=0.676800, mean_diversity=0.183333,
indivs=545492, elapsed_secs=748, mean=0.579947, stdev=0.126701, best fit=0.676800, best_overall=0.676800, mean_diversity=0.298277,
indivs=555590, elapsed_secs=762, mean=0.497068, stdev=0.127204, best fit=0.676800, best_overall=0.676800, mean_diversity=0.249063,
indivs=565688, elapsed_secs=777, mean=0.589550, stdev=0.100050, best fit=0.676800, best_overall=0.676800, mean_diversity=0.113768,
indivs=575786, elapsed_secs=792, mean=0.489093, stdev=0.069810, best fit=0.676800, best_overall=0.676800, mean_diversity=0.421073,
indivs=585884, elapsed_secs=806, mean=0.507862, stdev=0.063341, best fit=0.676800, best_overall=0.676800, mean_diversity=0.288098,
indivs=595982, elapsed_secs=822, mean=0.514979, stdev=0.088787, best fit=0.676800, best_overall=0.676800, mean_diversity=0.218636,
indivs=606080, elapsed_secs=836, mean=0.498442, stdev=0.055634, best fit=0.676800, best_overall=0.676800, mean_diversity=0.101750,
indivs=616178, elapsed_secs=851, mean=0.514360, stdev=0.197101, best fit=0.676800, best_overall=0.676800, mean_diversity=0.118329,
indivs=626276, elapsed_secs=869, mean=0.581864, stdev=0.144177, best fit=0.676800, best_overall=0.676800, mean_diversity=0.061868,
indivs=636374, elapsed_secs=883, mean=0.497898, stdev=0.078648, best fit=0.676800, best_overall=0.676800, mean_diversity=0.309298,
indivs=646472, elapsed_secs=896, mean=0.493698, stdev=0.149069, best fit=0.676800, best_overall=0.676800, mean_diversity=0.178705,
indivs=656570, elapsed_secs=913, mean=0.485365, stdev=0.087291, best fit=0.676800, best_overall=0.676800, mean_diversity=0.378006,
indivs=666668, elapsed_secs=925, mean=0.529455, stdev=0.104328, best fit=0.676800, best_overall=0.676800, mean_diversity=0.272920,
indivs=676766, elapsed_secs=940, mean=0.559682, stdev=0.133368, best fit=0.676800, best_overall=0.676800, mean_diversity=0.147500,
indivs=686864, elapsed_secs=956, mean=0.496768, stdev=0.052935, best fit=0.676800, best_overall=0.676800, mean_diversity=0.086464,
indivs=696962, elapsed_secs=973, mean=0.526722, stdev=0.092301, best fit=0.676800, best_overall=0.676800, mean_diversity=0.137521,
indivs=707060, elapsed_secs=987, mean=0.589361, stdev=0.079100, best fit=0.676800, best_overall=0.676800, mean_diversity=0.191737,
indivs=717158, elapsed_secs=1001, mean=0.527290, stdev=0.116825, best fit=0.676800, best_overall=0.676800, mean_diversity=0.242977,
indivs=727256, elapsed_secs=1017, mean=0.523736, stdev=0.135293, best fit=0.676800, best_overall=0.676800, mean_diversity=0.303000,
indivs=737354, elapsed_secs=1031, mean=0.534884, stdev=0.089441, best fit=0.676800, best_overall=0.676800, mean_diversity=0.128075,
indivs=747452, elapsed_secs=1049, mean=0.481959, stdev=0.099225, best fit=0.676800, best_overall=0.676800, mean_diversity=0.097263,
indivs=757550, elapsed_secs=1066, mean=0.545010, stdev=0.117124, best fit=0.676800, best_overall=0.676800, mean_diversity=0.234929,
indivs=767648, elapsed_secs=1081, mean=0.574320, stdev=0.081727, best fit=0.676800, best_overall=0.676800, mean_diversity=0.292605,
indivs=777746, elapsed_secs=1097, mean=0.466236, stdev=0.078892, best fit=0.676800, best_overall=0.676800, mean_diversity=0.173078,
indivs=787844, elapsed_secs=1113, mean=0.486661, stdev=0.087383, best fit=0.676800, best_overall=0.676800, mean_diversity=0.073431,
indivs=797942, elapsed_secs=1129, mean=0.548326, stdev=0.131461, best fit=0.676800, best_overall=0.676800, mean_diversity=0.321126,
indivs=808040, elapsed_secs=1144, mean=0.525343, stdev=0.169450, best fit=0.676800, best_overall=0.676800, mean_diversity=0.148011,
indivs=818138, elapsed_secs=1160, mean=0.506113, stdev=0.027375, best fit=0.676800, best_overall=0.676800, mean_diversity=0.132260,
indivs=828236, elapsed_secs=1177, mean=0.530740, stdev=0.063633, best fit=0.676800, best_overall=0.676800, mean_diversity=0.217174,
indivs=838334, elapsed_secs=1191, mean=0.553882, stdev=0.108518, best fit=0.676800, best_overall=0.676800, mean_diversity=0.246895,
indivs=848432, elapsed_secs=1207, mean=0.517666, stdev=0.068451, best fit=0.676800, best_overall=0.676800, mean_diversity=0.250888,
indivs=858530, elapsed_secs=1227, mean=0.550474, stdev=0.093886, best fit=0.676800, best_overall=0.676800, mean_diversity=0.249658,
indivs=868628, elapsed_secs=1242, mean=0.572124, stdev=0.111605, best fit=0.676800, best_overall=0.676800, mean_diversity=0.167883,
indivs=878726, elapsed_secs=1256, mean=0.523651, stdev=0.059162, best fit=0.676800, best_overall=0.676800, mean_diversity=0.265779,
indivs=888824, elapsed_secs=1273, mean=0.493677, stdev=0.053228, best fit=0.676800, best_overall=0.676800, mean_diversity=0.171187,
indivs=898922, elapsed_secs=1286, mean=0.580938, stdev=0.116626, best fit=0.676800, best_overall=0.676800, mean_diversity=0.169604,
indivs=909020, elapsed_secs=1301, mean=0.507473, stdev=0.036402, best fit=0.676800, best_overall=0.676800, mean_diversity=0.114115,
indivs=919118, elapsed_secs=1316, mean=0.491630, stdev=0.164868, best fit=0.676800, best_overall=0.676800, mean_diversity=0.291660,
indivs=929216, elapsed_secs=1328, mean=0.508424, stdev=0.069702, best fit=0.676800, best_overall=0.676800, mean_diversity=0.322000,
indivs=939314, elapsed_secs=1357, mean=0.560587, stdev=0.111821, best fit=0.677300, best_overall=0.677300, mean_diversity=0.187430,
indivs=949412, elapsed_secs=1380, mean=0.613119, stdev=0.093459, best fit=0.677300, best_overall=0.677300, mean_diversity=0.087566,
indivs=959510, elapsed_secs=1403, mean=0.501769, stdev=0.017642, best fit=0.677300, best_overall=0.677300, mean_diversity=0.033610,
indivs=969608, elapsed_secs=1428, mean=0.502847, stdev=0.018298, best fit=0.677300, best_overall=0.677300, mean_diversity=0.188609,
indivs=979706, elapsed_secs=1452, mean=0.524630, stdev=0.141993, best fit=0.677300, best_overall=0.677300, mean_diversity=0.380425,
indivs=989804, elapsed_secs=1472, mean=0.515314, stdev=0.075531, best fit=0.677300, best_overall=0.677300, mean_diversity=0.256429,
indivs=999902, elapsed_secs=1495, mean=0.573667, stdev=0.101093, best fit=0.677300, best_overall=0.677300, mean_diversity=0.084020,
indivs=1010000, elapsed_secs=1518, mean=0.494674, stdev=0.095166, best fit=0.677300, best_overall=0.677300, mean_diversity=0.225910,
indivs=1020098, elapsed_secs=1542, mean=0.505088, stdev=0.025307, best fit=0.677300, best_overall=0.677300, mean_diversity=0.245841,
indivs=1030196, elapsed_secs=1565, mean=0.501777, stdev=0.017641, best fit=0.677300, best_overall=0.677300, mean_diversity=0.129449,
indivs=1040294, elapsed_secs=1592, mean=0.555654, stdev=0.109494, best fit=0.677300, best_overall=0.677300, mean_diversity=0.187139,
indivs=1050392, elapsed_secs=1618, mean=0.512796, stdev=0.123222, best fit=0.677300, best_overall=0.677300, mean_diversity=0.591591,
indivs=1060490, elapsed_secs=1643, mean=0.543076, stdev=0.129215, best fit=0.677300, best_overall=0.677300, mean_diversity=0.255603,
indivs=1070588, elapsed_secs=1672, mean=0.490019, stdev=0.107201, best fit=0.677300, best_overall=0.677300, mean_diversity=0.067382,
indivs=1080686, elapsed_secs=1698, mean=0.504486, stdev=0.131716, best fit=0.677300, best_overall=0.677300, mean_diversity=0.210941,
indivs=1090784, elapsed_secs=1724, mean=0.478959, stdev=0.209858, best fit=0.677300, best_overall=0.677300, mean_diversity=0.270400,
indivs=1100882, elapsed_secs=1745, mean=0.461773, stdev=0.137306, best fit=0.677300, best_overall=0.677300, mean_diversity=0.170164,
indivs=1110980, elapsed_secs=1770, mean=0.501583, stdev=0.017761, best fit=0.677300, best_overall=0.677300, mean_diversity=0.120245,
indivs=1121078, elapsed_secs=1793, mean=0.489535, stdev=0.106554, best fit=0.677400, best_overall=0.677400, mean_diversity=0.203179,
indivs=1131176, elapsed_secs=1821, mean=0.499375, stdev=0.128399, best fit=0.677400, best_overall=0.677400, mean_diversity=0.343789,
indivs=1141274, elapsed_secs=1847, mean=0.509541, stdev=0.138763, best fit=0.677400, best_overall=0.677400, mean_diversity=0.162812,
indivs=1151372, elapsed_secs=1871, mean=0.565701, stdev=0.102941, best fit=0.677400, best_overall=0.677400, mean_diversity=0.125237,
indivs=1161470, elapsed_secs=1897, mean=0.520882, stdev=0.152897, best fit=0.677400, best_overall=0.677400, mean_diversity=0.233163,
indivs=1171568, elapsed_secs=1922, mean=0.509787, stdev=0.091476, best fit=0.677400, best_overall=0.677400, mean_diversity=0.341516,
indivs=1181666, elapsed_secs=1949, mean=0.504301, stdev=0.025525, best fit=0.677400, best_overall=0.677400, mean_diversity=0.097646,
indivs=1191764, elapsed_secs=1978, mean=0.501677, stdev=0.054831, best fit=0.677400, best_overall=0.677400, mean_diversity=0.314664,
indivs=1201862, elapsed_secs=2005, mean=0.492942, stdev=0.049174, best fit=0.677400, best_overall=0.677400, mean_diversity=0.088870,
indivs=1211960, elapsed_secs=2028, mean=0.530164, stdev=0.157449, best fit=0.677400, best_overall=0.677400, mean_diversity=0.226434,
indivs=1222058, elapsed_secs=2053, mean=0.499259, stdev=0.120895, best fit=0.677400, best_overall=0.677400, mean_diversity=0.437982,
indivs=1232156, elapsed_secs=2079, mean=0.481142, stdev=0.128322, best fit=0.677400, best_overall=0.677400, mean_diversity=0.303065,
indivs=1242254, elapsed_secs=2104, mean=0.502841, stdev=0.034002, best fit=0.677400, best_overall=0.677400, mean_diversity=0.132637,
indivs=1252352, elapsed_secs=2134, mean=0.553783, stdev=0.063975, best fit=0.677400, best_overall=0.677400, mean_diversity=0.184008,
indivs=1262450, elapsed_secs=2162, mean=0.497422, stdev=0.081627, best fit=0.677400, best_overall=0.677400, mean_diversity=0.218057,
indivs=1272548, elapsed_secs=2190, mean=0.523587, stdev=0.052312, best fit=0.677400, best_overall=0.677400, mean_diversity=0.237202,
indivs=1282646, elapsed_secs=2217, mean=0.501929, stdev=0.017703, best fit=0.677400, best_overall=0.677400, mean_diversity=0.088126,
indivs=1292744, elapsed_secs=2242, mean=0.565860, stdev=0.133004, best fit=0.677400, best_overall=0.677400, mean_diversity=0.149940,
indivs=1302842, elapsed_secs=2269, mean=0.565724, stdev=0.137889, best fit=0.677400, best_overall=0.677400, mean_diversity=0.163989,
indivs=1312940, elapsed_secs=2291, mean=0.515045, stdev=0.215384, best fit=0.677400, best_overall=0.677400, mean_diversity=0.116633,
indivs=1323038, elapsed_secs=2318, mean=0.547556, stdev=0.125663, best fit=0.677400, best_overall=0.677400, mean_diversity=0.157410,
indivs=1333136, elapsed_secs=2344, mean=0.533832, stdev=0.089511, best fit=0.677400, best_overall=0.677400, mean_diversity=0.345069,
indivs=1343234, elapsed_secs=2372, mean=0.493205, stdev=0.110115, best fit=0.677400, best_overall=0.677400, mean_diversity=0.181951,
indivs=1353332, elapsed_secs=2399, mean=0.556837, stdev=0.098856, best fit=0.677400, best_overall=0.677400, mean_diversity=0.061960,
indivs=1363430, elapsed_secs=2421, mean=0.479194, stdev=0.105813, best fit=0.677400, best_overall=0.677400, mean_diversity=0.109677,
indivs=1373528, elapsed_secs=2446, mean=0.491913, stdev=0.139068, best fit=0.677400, best_overall=0.677400, mean_diversity=0.130177,
indivs=1383626, elapsed_secs=2475, mean=0.526575, stdev=0.139332, best fit=0.677400, best_overall=0.677400, mean_diversity=0.213639,
indivs=1393724, elapsed_secs=2502, mean=0.470024, stdev=0.198530, best fit=0.677400, best_overall=0.677400, mean_diversity=0.136787,
indivs=1403822, elapsed_secs=2529, mean=0.573202, stdev=0.123122, best fit=0.677400, best_overall=0.677400, mean_diversity=0.163379,
indivs=1413920, elapsed_secs=2556, mean=0.534084, stdev=0.195040, best fit=0.677400, best_overall=0.677400, mean_diversity=0.122761,
indivs=1424018, elapsed_secs=2580, mean=0.536332, stdev=0.154688, best fit=0.677400, best_overall=0.677400, mean_diversity=0.183203,
indivs=1434116, elapsed_secs=2605, mean=0.444015, stdev=0.172911, best fit=0.677400, best_overall=0.677400, mean_diversity=0.306182,
indivs=1444214, elapsed_secs=2628, mean=0.524937, stdev=0.182856, best fit=0.677400, best_overall=0.677400, mean_diversity=0.282673,
indivs=1454312, elapsed_secs=2651, mean=0.527242, stdev=0.114351, best fit=0.677400, best_overall=0.677400, mean_diversity=0.340495,
indivs=1464410, elapsed_secs=2674, mean=0.523891, stdev=0.130882, best fit=0.677400, best_overall=0.677400, mean_diversity=0.448565,
indivs=1474508, elapsed_secs=2699, mean=0.519331, stdev=0.171855, best fit=0.677400, best_overall=0.677400, mean_diversity=0.235982,
indivs=1484606, elapsed_secs=2728, mean=0.554213, stdev=0.172562, best fit=0.677400, best_overall=0.677400, mean_diversity=0.164147,
indivs=1494704, elapsed_secs=2753, mean=0.502958, stdev=0.024804, best fit=0.677400, best_overall=0.677400, mean_diversity=0.078123,
indivs=1504802, elapsed_secs=2778, mean=0.455670, stdev=0.164747, best fit=0.677400, best_overall=0.677400, mean_diversity=0.219963,
indivs=1514900, elapsed_secs=2809, mean=0.541942, stdev=0.094488, best fit=0.677400, best_overall=0.677400, mean_diversity=0.261307,
indivs=1524998, elapsed_secs=2837, mean=0.487924, stdev=0.089369, best fit=0.677400, best_overall=0.677400, mean_diversity=0.227532,
indivs=1535096, elapsed_secs=2866, mean=0.608570, stdev=0.080903, best fit=0.677400, best_overall=0.677400, mean_diversity=0.102282,
indivs=1545194, elapsed_secs=2888, mean=0.480765, stdev=0.054071, best fit=0.677400, best_overall=0.677400, mean_diversity=0.185105,
indivs=1555292, elapsed_secs=2916, mean=0.544065, stdev=0.112594, best fit=0.677400, best_overall=0.677400, mean_diversity=0.256089,
indivs=1565390, elapsed_secs=2945, mean=0.494282, stdev=0.075665, best fit=0.677400, best_overall=0.677400, mean_diversity=0.262014,
indivs=1575488, elapsed_secs=2974, mean=0.532602, stdev=0.121738, best fit=0.677400, best_overall=0.677400, mean_diversity=0.351739,
indivs=1585586, elapsed_secs=2999, mean=0.525630, stdev=0.173047, best fit=0.677400, best_overall=0.677400, mean_diversity=0.272166,
indivs=1595684, elapsed_secs=3024, mean=0.558887, stdev=0.114348, best fit=0.677400, best_overall=0.677400, mean_diversity=0.121030,
indivs=1605782, elapsed_secs=3052, mean=0.522541, stdev=0.081232, best fit=0.677400, best_overall=0.677400, mean_diversity=0.368980,
indivs=1615880, elapsed_secs=3074, mean=0.482465, stdev=0.169415, best fit=0.677400, best_overall=0.677400, mean_diversity=0.232090,
indivs=1625978, elapsed_secs=3099, mean=0.513961, stdev=0.102725, best fit=0.677400, best_overall=0.677400, mean_diversity=0.346757,
indivs=1636076, elapsed_secs=3130, mean=0.516522, stdev=0.051237, best fit=0.677400, best_overall=0.677400, mean_diversity=0.166178,
indivs=1646174, elapsed_secs=3158, mean=0.615880, stdev=0.079296, best fit=0.677400, best_overall=0.677400, mean_diversity=0.116404,
indivs=1656272, elapsed_secs=3187, mean=0.554973, stdev=0.146988, best fit=0.677400, best_overall=0.677400, mean_diversity=0.125382,
indivs=1666370, elapsed_secs=3213, mean=0.503700, stdev=0.079283, best fit=0.677400, best_overall=0.677400, mean_diversity=0.282099,
indivs=1676468, elapsed_secs=3239, mean=0.509611, stdev=0.116832, best fit=0.677400, best_overall=0.677400, mean_diversity=0.117068,
indivs=1686566, elapsed_secs=3265, mean=0.556344, stdev=0.065748, best fit=0.677400, best_overall=0.677400, mean_diversity=0.207716,
indivs=1696664, elapsed_secs=3292, mean=0.544036, stdev=0.136900, best fit=0.677400, best_overall=0.677400, mean_diversity=0.087728,
indivs=1706762, elapsed_secs=3317, mean=0.556195, stdev=0.182620, best fit=0.677400, best_overall=0.677400, mean_diversity=0.277500,
indivs=1716860, elapsed_secs=3340, mean=0.522113, stdev=0.135185, best fit=0.677400, best_overall=0.677400, mean_diversity=0.124334,
indivs=1726958, elapsed_secs=3363, mean=0.550791, stdev=0.135463, best fit=0.677400, best_overall=0.677400, mean_diversity=0.174125,
indivs=1737056, elapsed_secs=3387, mean=0.508059, stdev=0.037339, best fit=0.677400, best_overall=0.677400, mean_diversity=0.311947,
indivs=1747154, elapsed_secs=3413, mean=0.548952, stdev=0.192101, best fit=0.677400, best_overall=0.677400, mean_diversity=0.192785,
indivs=1757252, elapsed_secs=3440, mean=0.537781, stdev=0.160389, best fit=0.677400, best_overall=0.677400, mean_diversity=0.133527,
indivs=1767350, elapsed_secs=3468, mean=0.494480, stdev=0.102159, best fit=0.677400, best_overall=0.677400, mean_diversity=0.396017,
indivs=1777448, elapsed_secs=3491, mean=0.506320, stdev=0.088134, best fit=0.677400, best_overall=0.677400, mean_diversity=0.155962,
indivs=1787546, elapsed_secs=3516, mean=0.501812, stdev=0.083264, best fit=0.677400, best_overall=0.677400, mean_diversity=0.134678,
indivs=1797644, elapsed_secs=3541, mean=0.488099, stdev=0.212201, best fit=0.677400, best_overall=0.677400, mean_diversity=0.167470,
indivs=1807742, elapsed_secs=3568, mean=0.558515, stdev=0.131025, best fit=0.677400, best_overall=0.677400, mean_diversity=0.201670,
indivs=1817840, elapsed_secs=3596, mean=0.482003, stdev=0.147061, best fit=0.677400, best_overall=0.677400, mean_diversity=0.167316,
indivs=1827938, elapsed_secs=3622, mean=0.524529, stdev=0.149286, best fit=0.677400, best_overall=0.677400, mean_diversity=0.258498,
indivs=1838036, elapsed_secs=3648, mean=0.503356, stdev=0.024259, best fit=0.677400, best_overall=0.677400, mean_diversity=0.093476,
indivs=1848134, elapsed_secs=3671, mean=0.518027, stdev=0.166339, best fit=0.677400, best_overall=0.677400, mean_diversity=0.197971,
indivs=1858232, elapsed_secs=3696, mean=0.534047, stdev=0.135524, best fit=0.677400, best_overall=0.677400, mean_diversity=0.121142,
indivs=1868330, elapsed_secs=3724, mean=0.556708, stdev=0.143399, best fit=0.677400, best_overall=0.677400, mean_diversity=0.151981,
indivs=1878428, elapsed_secs=3749, mean=0.541805, stdev=0.203674, best fit=0.677400, best_overall=0.677400, mean_diversity=0.061071,
indivs=1888526, elapsed_secs=3773, mean=0.468414, stdev=0.227063, best fit=0.677400, best_overall=0.677400, mean_diversity=0.132365,
indivs=1898624, elapsed_secs=3807, mean=0.500311, stdev=0.081009, best fit=0.677800, best_overall=0.677800, mean_diversity=0.153429,
indivs=1908722, elapsed_secs=3836, mean=0.517393, stdev=0.111442, best fit=0.677800, best_overall=0.677800, mean_diversity=0.271137,
indivs=1918820, elapsed_secs=3867, mean=0.547010, stdev=0.097173, best fit=0.677800, best_overall=0.677800, mean_diversity=0.100496,
indivs=1928918, elapsed_secs=3897, mean=0.516859, stdev=0.048977, best fit=0.677800, best_overall=0.677800, mean_diversity=0.192179,
indivs=1939016, elapsed_secs=3930, mean=0.502229, stdev=0.157261, best fit=0.677800, best_overall=0.677800, mean_diversity=0.097978,
indivs=1949114, elapsed_secs=3956, mean=0.558941, stdev=0.140125, best fit=0.677800, best_overall=0.677800, mean_diversity=0.188057,
indivs=1959212, elapsed_secs=3989, mean=0.570894, stdev=0.141120, best fit=0.677800, best_overall=0.677800, mean_diversity=0.194678,
indivs=1969310, elapsed_secs=4021, mean=0.580106, stdev=0.165029, best fit=0.677800, best_overall=0.677800, mean_diversity=0.102341,
indivs=1979408, elapsed_secs=4053, mean=0.504405, stdev=0.028245, best fit=0.677800, best_overall=0.677800, mean_diversity=0.107735,
indivs=1989506, elapsed_secs=4081, mean=0.522396, stdev=0.143062, best fit=0.677800, best_overall=0.677800, mean_diversity=0.293570,
indivs=1999604, elapsed_secs=4110, mean=0.481652, stdev=0.105328, best fit=0.677800, best_overall=0.677800, mean_diversity=0.214215,
indivs=2009702, elapsed_secs=4137, mean=0.531746, stdev=0.088038, best fit=0.677800, best_overall=0.677800, mean_diversity=0.244742,
indivs=2019800, elapsed_secs=4164, mean=0.533377, stdev=0.180210, best fit=0.677800, best_overall=0.677800, mean_diversity=0.069123,
indivs=2029898, elapsed_secs=4192, mean=0.478366, stdev=0.137145, best fit=0.677800, best_overall=0.677800, mean_diversity=0.220708,
indivs=2039996, elapsed_secs=4222, mean=0.516862, stdev=0.121674, best fit=0.677800, best_overall=0.677800, mean_diversity=0.349064,
indivs=2050094, elapsed_secs=4248, mean=0.578650, stdev=0.102798, best fit=0.677800, best_overall=0.677800, mean_diversity=0.270196,
indivs=2060192, elapsed_secs=4276, mean=0.540430, stdev=0.123633, best fit=0.677800, best_overall=0.677800, mean_diversity=0.447327,
indivs=2070290, elapsed_secs=4300, mean=0.521165, stdev=0.178222, best fit=0.677800, best_overall=0.677800, mean_diversity=0.051596,
indivs=2080388, elapsed_secs=4332, mean=0.539753, stdev=0.108451, best fit=0.677800, best_overall=0.677800, mean_diversity=0.287695,
indivs=2090486, elapsed_secs=4356, mean=0.540209, stdev=0.077060, best fit=0.677800, best_overall=0.677800, mean_diversity=0.375137,
indivs=2100584, elapsed_secs=4386, mean=0.558887, stdev=0.102242, best fit=0.677800, best_overall=0.677800, mean_diversity=0.234403,
indivs=2110682, elapsed_secs=4417, mean=0.563278, stdev=0.095835, best fit=0.677800, best_overall=0.677800, mean_diversity=0.236165,
indivs=2120780, elapsed_secs=4443, mean=0.520465, stdev=0.128268, best fit=0.677800, best_overall=0.677800, mean_diversity=0.153594,
indivs=2130878, elapsed_secs=4469, mean=0.505318, stdev=0.124563, best fit=0.677800, best_overall=0.677800, mean_diversity=0.404294,
indivs=2140976, elapsed_secs=4497, mean=0.553206, stdev=0.096051, best fit=0.677800, best_overall=0.677800, mean_diversity=0.136084,
indivs=2151074, elapsed_secs=4525, mean=0.508315, stdev=0.068871, best fit=0.677800, best_overall=0.677800, mean_diversity=0.134961,
indivs=2161172, elapsed_secs=4549, mean=0.553821, stdev=0.132011, best fit=0.677800, best_overall=0.677800, mean_diversity=0.271152,
indivs=2171270, elapsed_secs=4575, mean=0.500776, stdev=0.019119, best fit=0.677800, best_overall=0.677800, mean_diversity=0.105256,
indivs=2181368, elapsed_secs=4603, mean=0.557400, stdev=0.126882, best fit=0.677800, best_overall=0.677800, mean_diversity=0.198196,
indivs=2191466, elapsed_secs=4629, mean=0.490581, stdev=0.072550, best fit=0.677800, best_overall=0.677800, mean_diversity=0.235439,
indivs=2201564, elapsed_secs=4657, mean=0.496670, stdev=0.052974, best fit=0.677800, best_overall=0.677800, mean_diversity=0.079854,
indivs=2211662, elapsed_secs=4686, mean=0.515404, stdev=0.044481, best fit=0.677800, best_overall=0.677800, mean_diversity=0.217958,
indivs=2221760, elapsed_secs=4714, mean=0.494691, stdev=0.181652, best fit=0.677800, best_overall=0.677800, mean_diversity=0.122174,
indivs=2231858, elapsed_secs=4743, mean=0.482981, stdev=0.184311, best fit=0.677800, best_overall=0.677800, mean_diversity=0.233042,
indivs=2241956, elapsed_secs=4771, mean=0.486959, stdev=0.085384, best fit=0.677800, best_overall=0.677800, mean_diversity=0.166634,
indivs=2252054, elapsed_secs=4800, mean=0.488262, stdev=0.136757, best fit=0.677800, best_overall=0.677800, mean_diversity=0.362817,
indivs=2262152, elapsed_secs=4828, mean=0.504385, stdev=0.028650, best fit=0.677800, best_overall=0.677800, mean_diversity=0.219482,
indivs=2272250, elapsed_secs=4856, mean=0.521217, stdev=0.108680, best fit=0.677800, best_overall=0.677800, mean_diversity=0.473277,
indivs=2282348, elapsed_secs=4887, mean=0.528368, stdev=0.068655, best fit=0.677800, best_overall=0.677800, mean_diversity=0.268168,
indivs=2292446, elapsed_secs=4911, mean=0.543809, stdev=0.188069, best fit=0.677800, best_overall=0.677800, mean_diversity=0.211116,
indivs=2302544, elapsed_secs=4944, mean=0.516047, stdev=0.049530, best fit=0.677800, best_overall=0.677800, mean_diversity=0.237127,
indivs=2312642, elapsed_secs=4978, mean=0.470609, stdev=0.179406, best fit=0.677800, best_overall=0.677800, mean_diversity=0.066417,
indivs=2322740, elapsed_secs=5007, mean=0.556155, stdev=0.108166, best fit=0.677800, best_overall=0.677800, mean_diversity=0.283583,
indivs=2332838, elapsed_secs=5032, mean=0.548616, stdev=0.109400, best fit=0.677800, best_overall=0.677800, mean_diversity=0.105088,
indivs=2342936, elapsed_secs=5057, mean=0.511820, stdev=0.043482, best fit=0.677800, best_overall=0.677800, mean_diversity=0.157392,
indivs=2353034, elapsed_secs=5084, mean=0.529426, stdev=0.123749, best fit=0.677800, best_overall=0.677800, mean_diversity=0.308051,
indivs=2363132, elapsed_secs=5111, mean=0.541812, stdev=0.151519, best fit=0.677800, best_overall=0.677800, mean_diversity=0.200272,
indivs=2373230, elapsed_secs=5135, mean=0.590502, stdev=0.092430, best fit=0.677900, best_overall=0.677900, mean_diversity=0.117819,
indivs=2383328, elapsed_secs=5168, mean=0.537449, stdev=0.098642, best fit=0.677900, best_overall=0.677900, mean_diversity=0.097624,
indivs=2393426, elapsed_secs=5197, mean=0.520457, stdev=0.095370, best fit=0.677900, best_overall=0.677900, mean_diversity=0.302531,
indivs=2403524, elapsed_secs=5224, mean=0.505424, stdev=0.067258, best fit=0.677900, best_overall=0.677900, mean_diversity=0.239550,
indivs=2413622, elapsed_secs=5250, mean=0.446655, stdev=0.155830, best fit=0.677900, best_overall=0.677900, mean_diversity=0.072624,
indivs=2423720, elapsed_secs=5273, mean=0.460912, stdev=0.182087, best fit=0.677900, best_overall=0.677900, mean_diversity=0.181494,
indivs=2433818, elapsed_secs=5298, mean=0.537200, stdev=0.122666, best fit=0.677900, best_overall=0.677900, mean_diversity=0.177648,
indivs=2443916, elapsed_secs=5327, mean=0.501779, stdev=0.017701, best fit=0.677900, best_overall=0.677900, mean_diversity=0.096329,
indivs=2454014, elapsed_secs=5356, mean=0.550691, stdev=0.088697, best fit=0.677900, best_overall=0.677900, mean_diversity=0.432913,
indivs=2464112, elapsed_secs=5378, mean=0.575803, stdev=0.087380, best fit=0.677900, best_overall=0.677900, mean_diversity=0.136817,
indivs=2474210, elapsed_secs=5408, mean=0.558041, stdev=0.181606, best fit=0.677900, best_overall=0.677900, mean_diversity=0.123345,
indivs=2484308, elapsed_secs=5434, mean=0.441511, stdev=0.232715, best fit=0.677900, best_overall=0.677900, mean_diversity=0.145434,
indivs=2494406, elapsed_secs=5458, mean=0.501775, stdev=0.017701, best fit=0.677900, best_overall=0.677900, mean_diversity=0.069579,
indivs=2504504, elapsed_secs=5488, mean=0.560341, stdev=0.058287, best fit=0.677900, best_overall=0.677900, mean_diversity=0.148084,
indivs=2514602, elapsed_secs=5519, mean=0.553163, stdev=0.127873, best fit=0.677900, best_overall=0.677900, mean_diversity=0.190536,
indivs=2524700, elapsed_secs=5548, mean=0.528364, stdev=0.119109, best fit=0.677900, best_overall=0.677900, mean_diversity=0.347379,
indivs=2534798, elapsed_secs=5578, mean=0.583650, stdev=0.129403, best fit=0.677900, best_overall=0.677900, mean_diversity=0.111677,
indivs=2544896, elapsed_secs=5608, mean=0.532259, stdev=0.074504, best fit=0.677900, best_overall=0.677900, mean_diversity=0.086562,
indivs=2554994, elapsed_secs=5637, mean=0.518393, stdev=0.141111, best fit=0.677900, best_overall=0.677900, mean_diversity=0.240450,
indivs=2565092, elapsed_secs=5666, mean=0.587039, stdev=0.152399, best fit=0.677900, best_overall=0.677900, mean_diversity=0.178377,
indivs=2575190, elapsed_secs=5695, mean=0.554355, stdev=0.115333, best fit=0.677900, best_overall=0.677900, mean_diversity=0.231895,
indivs=2585288, elapsed_secs=5718, mean=0.501783, stdev=0.017700, best fit=0.677900, best_overall=0.677900, mean_diversity=0.058926,
indivs=2595386, elapsed_secs=5748, mean=0.541473, stdev=0.067840, best fit=0.677900, best_overall=0.677900, mean_diversity=0.276503,
indivs=2605484, elapsed_secs=5776, mean=0.509800, stdev=0.111339, best fit=0.677900, best_overall=0.677900, mean_diversity=0.266796,
indivs=2615582, elapsed_secs=5805, mean=0.552050, stdev=0.167053, best fit=0.677900, best_overall=0.677900, mean_diversity=0.092667,
indivs=2625680, elapsed_secs=5834, mean=0.580671, stdev=0.084190, best fit=0.677900, best_overall=0.677900, mean_diversity=0.141611,
indivs=2635778, elapsed_secs=5863, mean=0.501380, stdev=0.131267, best fit=0.677900, best_overall=0.677900, mean_diversity=0.105941,
indivs=2645876, elapsed_secs=5891, mean=0.542728, stdev=0.159312, best fit=0.677900, best_overall=0.677900, mean_diversity=0.197434,
indivs=2655974, elapsed_secs=5921, mean=0.535449, stdev=0.091054, best fit=0.677900, best_overall=0.677900, mean_diversity=0.329017,
indivs=2666072, elapsed_secs=5946, mean=0.583692, stdev=0.094601, best fit=0.677900, best_overall=0.677900, mean_diversity=0.137316,
indivs=2676170, elapsed_secs=5976, mean=0.528068, stdev=0.117481, best fit=0.677900, best_overall=0.677900, mean_diversity=0.336469,
indivs=2686268, elapsed_secs=6005, mean=0.501804, stdev=0.128438, best fit=0.677900, best_overall=0.677900, mean_diversity=0.308219,
indivs=2696366, elapsed_secs=6031, mean=0.486802, stdev=0.104405, best fit=0.677900, best_overall=0.677900, mean_diversity=0.107220,
indivs=2706464, elapsed_secs=6062, mean=0.572897, stdev=0.129926, best fit=0.677900, best_overall=0.677900, mean_diversity=0.180446,
indivs=2716562, elapsed_secs=6091, mean=0.501769, stdev=0.019340, best fit=0.677900, best_overall=0.677900, mean_diversity=0.073433,
indivs=2726660, elapsed_secs=6120, mean=0.501214, stdev=0.018348, best fit=0.677900, best_overall=0.677900, mean_diversity=0.063323,
indivs=2736758, elapsed_secs=6148, mean=0.499369, stdev=0.173064, best fit=0.677900, best_overall=0.677900, mean_diversity=0.099490,
indivs=2746856, elapsed_secs=6176, mean=0.486607, stdev=0.087393, best fit=0.677900, best_overall=0.677900, mean_diversity=0.122800,
indivs=2756954, elapsed_secs=6205, mean=0.504343, stdev=0.175966, best fit=0.677900, best_overall=0.677900, mean_diversity=0.128575,
indivs=2767052, elapsed_secs=6231, mean=0.502966, stdev=0.024859, best fit=0.677900, best_overall=0.677900, mean_diversity=0.056048,
indivs=2777150, elapsed_secs=6262, mean=0.539966, stdev=0.181847, best fit=0.677900, best_overall=0.677900, mean_diversity=0.059189,
indivs=2787248, elapsed_secs=6288, mean=0.490879, stdev=0.143123, best fit=0.677900, best_overall=0.677900, mean_diversity=0.237041,
indivs=2797346, elapsed_secs=6318, mean=0.509428, stdev=0.040801, best fit=0.677900, best_overall=0.677900, mean_diversity=0.113839,
indivs=2807444, elapsed_secs=6345, mean=0.487328, stdev=0.088948, best fit=0.677900, best_overall=0.677900, mean_diversity=0.167740,
indivs=2817542, elapsed_secs=6373, mean=0.495583, stdev=0.171380, best fit=0.677900, best_overall=0.677900, mean_diversity=0.252265,
indivs=2827640, elapsed_secs=6401, mean=0.546178, stdev=0.158520, best fit=0.677900, best_overall=0.677900, mean_diversity=0.213623,
indivs=2837738, elapsed_secs=6427, mean=0.505060, stdev=0.028803, best fit=0.677900, best_overall=0.677900, mean_diversity=0.116810,
indivs=2847836, elapsed_secs=6456, mean=0.527176, stdev=0.085380, best fit=0.677900, best_overall=0.677900, mean_diversity=0.484930,
indivs=2857934, elapsed_secs=6483, mean=0.583509, stdev=0.126778, best fit=0.677900, best_overall=0.677900, mean_diversity=0.164319,
indivs=2868032, elapsed_secs=6510, mean=0.517882, stdev=0.094233, best fit=0.677900, best_overall=0.677900, mean_diversity=0.158176,
indivs=2878130, elapsed_secs=6539, mean=0.554006, stdev=0.089879, best fit=0.677900, best_overall=0.677900, mean_diversity=0.230547,
indivs=2888228, elapsed_secs=6564, mean=0.551967, stdev=0.127243, best fit=0.677900, best_overall=0.677900, mean_diversity=0.100594,
indivs=2898326, elapsed_secs=6594, mean=0.539727, stdev=0.108547, best fit=0.677900, best_overall=0.677900, mean_diversity=0.347133,
indivs=2908424, elapsed_secs=6621, mean=0.500032, stdev=0.055610, best fit=0.677900, best_overall=0.677900, mean_diversity=0.189396,
indivs=2918522, elapsed_secs=6650, mean=0.449769, stdev=0.170007, best fit=0.677900, best_overall=0.677900, mean_diversity=0.179977,
indivs=2928620, elapsed_secs=6679, mean=0.547236, stdev=0.137489, best fit=0.677900, best_overall=0.677900, mean_diversity=0.159740,
indivs=2938718, elapsed_secs=6708, mean=0.574931, stdev=0.091823, best fit=0.677900, best_overall=0.677900, mean_diversity=0.244403,
indivs=2948816, elapsed_secs=6737, mean=0.506412, stdev=0.088261, best fit=0.677900, best_overall=0.677900, mean_diversity=0.218556,
indivs=2958914, elapsed_secs=6765, mean=0.536329, stdev=0.204569, best fit=0.677900, best_overall=0.677900, mean_diversity=0.083287,
indivs=2969012, elapsed_secs=6796, mean=0.519833, stdev=0.194128, best fit=0.677900, best_overall=0.677900, mean_diversity=0.293174,
indivs=2979110, elapsed_secs=6822, mean=0.578540, stdev=0.111433, best fit=0.677900, best_overall=0.677900, mean_diversity=0.117122,
indivs=2989208, elapsed_secs=6853, mean=0.484769, stdev=0.155303, best fit=0.677900, best_overall=0.677900, mean_diversity=0.202209,
indivs=2999306, elapsed_secs=6883, mean=0.522720, stdev=0.073160, best fit=0.677900, best_overall=0.677900, mean_diversity=0.203808,
indivs=3009404, elapsed_secs=6909, mean=0.506810, stdev=0.097982, best fit=0.677900, best_overall=0.677900, mean_diversity=0.326171,
indivs=3019502, elapsed_secs=6936, mean=0.501779, stdev=0.017701, best fit=0.677900, best_overall=0.677900, mean_diversity=0.055135,
indivs=3029600, elapsed_secs=6963, mean=0.578106, stdev=0.102798, best fit=0.677900, best_overall=0.677900, mean_diversity=0.187809,
indivs=3039698, elapsed_secs=6991, mean=0.529857, stdev=0.109208, best fit=0.677900, best_overall=0.677900, mean_diversity=0.183213,
indivs=3049796, elapsed_secs=7018, mean=0.573422, stdev=0.097694, best fit=0.677900, best_overall=0.677900, mean_diversity=0.257973,
indivs=3059894, elapsed_secs=7048, mean=0.457409, stdev=0.159958, best fit=0.677900, best_overall=0.677900, mean_diversity=0.150635,
indivs=3069992, elapsed_secs=7076, mean=0.537975, stdev=0.143429, best fit=0.677900, best_overall=0.677900, mean_diversity=0.281637,
indivs=3080090, elapsed_secs=7107, mean=0.522908, stdev=0.139615, best fit=0.677900, best_overall=0.677900, mean_diversity=0.278626,
indivs=3090188, elapsed_secs=7134, mean=0.502495, stdev=0.131681, best fit=0.677900, best_overall=0.677900, mean_diversity=0.452865,
indivs=3100286, elapsed_secs=7161, mean=0.491828, stdev=0.153708, best fit=0.677900, best_overall=0.677900, mean_diversity=0.247613,
indivs=3110384, elapsed_secs=7193, mean=0.501645, stdev=0.017739, best fit=0.677900, best_overall=0.677900, mean_diversity=0.349916,
indivs=3120482, elapsed_secs=7221, mean=0.558999, stdev=0.152262, best fit=0.677900, best_overall=0.677900, mean_diversity=0.255919,
indivs=3130580, elapsed_secs=7250, mean=0.517438, stdev=0.130965, best fit=0.677900, best_overall=0.677900, mean_diversity=0.372353,
indivs=3140678, elapsed_secs=7279, mean=0.501119, stdev=0.018472, best fit=0.677900, best_overall=0.677900, mean_diversity=0.190152,
indivs=3150776, elapsed_secs=7307, mean=0.500440, stdev=0.019355, best fit=0.677900, best_overall=0.677900, mean_diversity=0.106431,
indivs=3160874, elapsed_secs=7332, mean=0.505410, stdev=0.086965, best fit=0.677900, best_overall=0.677900, mean_diversity=0.333724,
indivs=3170972, elapsed_secs=7363, mean=0.536198, stdev=0.151400, best fit=0.677900, best_overall=0.677900, mean_diversity=0.285057,
indivs=3181070, elapsed_secs=7391, mean=0.591790, stdev=0.141722, best fit=0.677900, best_overall=0.677900, mean_diversity=0.105024,
indivs=3191168, elapsed_secs=7421, mean=0.509328, stdev=0.100833, best fit=0.677900, best_overall=0.677900, mean_diversity=0.276318,
indivs=3201266, elapsed_secs=7453, mean=0.538531, stdev=0.075390, best fit=0.677900, best_overall=0.677900, mean_diversity=0.179650,
indivs=3211364, elapsed_secs=7479, mean=0.471410, stdev=0.157530, best fit=0.677900, best_overall=0.677900, mean_diversity=0.203641,
indivs=3221462, elapsed_secs=7510, mean=0.475866, stdev=0.110793, best fit=0.677900, best_overall=0.677900, mean_diversity=0.288790,
indivs=3231560, elapsed_secs=7540, mean=0.518966, stdev=0.154087, best fit=0.677900, best_overall=0.677900, mean_diversity=0.162281,
indivs=3241658, elapsed_secs=7570, mean=0.503598, stdev=0.064896, best fit=0.677900, best_overall=0.677900, mean_diversity=0.125423,
indivs=3251756, elapsed_secs=7601, mean=0.523267, stdev=0.118668, best fit=0.677900, best_overall=0.677900, mean_diversity=0.420947,
indivs=3261854, elapsed_secs=7627, mean=0.513988, stdev=0.038546, best fit=0.677900, best_overall=0.677900, mean_diversity=0.243789,
indivs=3271952, elapsed_secs=7659, mean=0.540967, stdev=0.171979, best fit=0.677900, best_overall=0.677900, mean_diversity=0.093638,
indivs=3282050, elapsed_secs=7684, mean=0.507247, stdev=0.030739, best fit=0.677900, best_overall=0.677900, mean_diversity=0.172876,
indivs=3292148, elapsed_secs=7716, mean=0.501719, stdev=0.083367, best fit=0.677900, best_overall=0.677900, mean_diversity=0.047508,
indivs=3302246, elapsed_secs=7745, mean=0.524667, stdev=0.125453, best fit=0.677900, best_overall=0.677900, mean_diversity=0.232082,
indivs=3312344, elapsed_secs=7769, mean=0.529329, stdev=0.122839, best fit=0.677900, best_overall=0.677900, mean_diversity=0.123566,
indivs=3322442, elapsed_secs=7797, mean=0.470406, stdev=0.122037, best fit=0.677900, best_overall=0.677900, mean_diversity=0.381143,
indivs=3332540, elapsed_secs=7822, mean=0.485275, stdev=0.030408, best fit=0.677900, best_overall=0.677900, mean_diversity=0.057819,
indivs=3342638, elapsed_secs=7849, mean=0.593399, stdev=0.127833, best fit=0.677900, best_overall=0.677900, mean_diversity=0.175786,
indivs=3352736, elapsed_secs=7876, mean=0.592605, stdev=0.115900, best fit=0.677900, best_overall=0.677900, mean_diversity=0.121528,
indivs=3362834, elapsed_secs=7902, mean=0.544414, stdev=0.136252, best fit=0.677900, best_overall=0.677900, mean_diversity=0.232537,
indivs=3372932, elapsed_secs=7930, mean=0.517873, stdev=0.075681, best fit=0.677900, best_overall=0.677900, mean_diversity=0.257604,
indivs=3383030, elapsed_secs=7959, mean=0.538349, stdev=0.151554, best fit=0.677900, best_overall=0.677900, mean_diversity=0.125685,
indivs=3393128, elapsed_secs=7989, mean=0.514484, stdev=0.047353, best fit=0.677900, best_overall=0.677900, mean_diversity=0.152961,
indivs=3403226, elapsed_secs=8018, mean=0.487466, stdev=0.087715, best fit=0.677900, best_overall=0.677900, mean_diversity=0.224423,
indivs=3413324, elapsed_secs=8047, mean=0.539548, stdev=0.065418, best fit=0.677900, best_overall=0.677900, mean_diversity=0.338152,
indivs=3423422, elapsed_secs=8076, mean=0.508112, stdev=0.090643, best fit=0.677900, best_overall=0.677900, mean_diversity=0.256790,
indivs=3433520, elapsed_secs=8104, mean=0.501832, stdev=0.056448, best fit=0.677900, best_overall=0.677900, mean_diversity=0.274932,
indivs=3443618, elapsed_secs=8135, mean=0.519237, stdev=0.125609, best fit=0.677900, best_overall=0.677900, mean_diversity=0.108094,
indivs=3453716, elapsed_secs=8169, mean=0.593062, stdev=0.075091, best fit=0.677900, best_overall=0.677900, mean_diversity=0.081675,
indivs=3463814, elapsed_secs=8198, mean=0.571415, stdev=0.138975, best fit=0.677900, best_overall=0.677900, mean_diversity=0.193970,
indivs=3473912, elapsed_secs=8225, mean=0.487351, stdev=0.074817, best fit=0.677900, best_overall=0.677900, mean_diversity=0.237213,
indivs=3484010, elapsed_secs=8252, mean=0.528948, stdev=0.098020, best fit=0.677900, best_overall=0.677900, mean_diversity=0.149704,
indivs=3494108, elapsed_secs=8283, mean=0.545194, stdev=0.115297, best fit=0.677900, best_overall=0.677900, mean_diversity=0.179622,
indivs=3504206, elapsed_secs=8314, mean=0.489610, stdev=0.200814, best fit=0.677900, best_overall=0.677900, mean_diversity=0.260114,
indivs=3514304, elapsed_secs=8344, mean=0.496744, stdev=0.132489, best fit=0.677900, best_overall=0.677900, mean_diversity=0.322287,
indivs=3524402, elapsed_secs=8372, mean=0.520889, stdev=0.081722, best fit=0.677900, best_overall=0.677900, mean_diversity=0.228197,
indivs=3534500, elapsed_secs=8408, mean=0.462747, stdev=0.186786, best fit=0.677900, best_overall=0.677900, mean_diversity=0.103454,
indivs=3544598, elapsed_secs=8436, mean=0.506901, stdev=0.124327, best fit=0.677900, best_overall=0.677900, mean_diversity=0.157472,
indivs=3554696, elapsed_secs=8469, mean=0.499125, stdev=0.171783, best fit=0.677900, best_overall=0.677900, mean_diversity=0.296122,
indivs=3564794, elapsed_secs=8503, mean=0.455949, stdev=0.183249, best fit=0.677900, best_overall=0.677900, mean_diversity=0.363320,
indivs=3574892, elapsed_secs=8528, mean=0.551371, stdev=0.159198, best fit=0.677900, best_overall=0.677900, mean_diversity=0.191609,
indivs=3584990, elapsed_secs=8558, mean=0.496276, stdev=0.180995, best fit=0.677900, best_overall=0.677900, mean_diversity=0.083319,
indivs=3595088, elapsed_secs=8582, mean=0.518489, stdev=0.052457, best fit=0.677900, best_overall=0.677900, mean_diversity=0.188340,
indivs=3605186, elapsed_secs=8612, mean=0.495970, stdev=0.058404, best fit=0.677900, best_overall=0.677900, mean_diversity=0.066564,
indivs=3615284, elapsed_secs=8643, mean=0.537184, stdev=0.141302, best fit=0.677900, best_overall=0.677900, mean_diversity=0.176088,
indivs=3625382, elapsed_secs=8668, mean=0.545521, stdev=0.066124, best fit=0.677900, best_overall=0.677900, mean_diversity=0.346061,
indivs=3635480, elapsed_secs=8699, mean=0.482728, stdev=0.127338, best fit=0.677900, best_overall=0.677900, mean_diversity=0.238272,
indivs=3645578, elapsed_secs=8726, mean=0.498839, stdev=0.053390, best fit=0.677900, best_overall=0.677900, mean_diversity=0.107717,
indivs=3655676, elapsed_secs=8753, mean=0.537498, stdev=0.115429, best fit=0.677900, best_overall=0.677900, mean_diversity=0.306170,
indivs=3665774, elapsed_secs=8780, mean=0.566306, stdev=0.099967, best fit=0.677900, best_overall=0.677900, mean_diversity=0.230143,
indivs=3675872, elapsed_secs=8813, mean=0.479621, stdev=0.100396, best fit=0.677900, best_overall=0.677900, mean_diversity=0.257146,
indivs=3685970, elapsed_secs=8843, mean=0.435815, stdev=0.180753, best fit=0.677900, best_overall=0.677900, mean_diversity=0.112225,
indivs=3696068, elapsed_secs=8872, mean=0.535783, stdev=0.158569, best fit=0.677900, best_overall=0.677900, mean_diversity=0.294029,
indivs=3706166, elapsed_secs=8902, mean=0.533841, stdev=0.088046, best fit=0.677900, best_overall=0.677900, mean_diversity=0.337721,
indivs=3716264, elapsed_secs=8934, mean=0.493928, stdev=0.129665, best fit=0.677900, best_overall=0.677900, mean_diversity=0.318253,
indivs=3726362, elapsed_secs=8961, mean=0.462733, stdev=0.092835, best fit=0.677900, best_overall=0.677900, mean_diversity=0.140836,
indivs=3736460, elapsed_secs=8989, mean=0.541118, stdev=0.112026, best fit=0.677900, best_overall=0.677900, mean_diversity=0.310526,
indivs=3746558, elapsed_secs=9015, mean=0.501545, stdev=0.036486, best fit=0.677900, best_overall=0.677900, mean_diversity=0.160700,
indivs=3756656, elapsed_secs=9046, mean=0.494485, stdev=0.116636, best fit=0.677900, best_overall=0.677900, mean_diversity=0.203885,
indivs=3766754, elapsed_secs=9074, mean=0.579906, stdev=0.142042, best fit=0.677900, best_overall=0.677900, mean_diversity=0.213448,
indivs=3776852, elapsed_secs=9108, mean=0.534228, stdev=0.124032, best fit=0.677900, best_overall=0.677900, mean_diversity=0.204960,
indivs=3786950, elapsed_secs=9141, mean=0.561900, stdev=0.144793, best fit=0.677900, best_overall=0.677900, mean_diversity=0.177680,
indivs=3797048, elapsed_secs=9173, mean=0.540649, stdev=0.125239, best fit=0.677900, best_overall=0.677900, mean_diversity=0.402303,
indivs=3807146, elapsed_secs=9201, mean=0.544868, stdev=0.152403, best fit=0.677900, best_overall=0.677900, mean_diversity=0.296677,
indivs=3817244, elapsed_secs=9230, mean=0.505588, stdev=0.142370, best fit=0.677900, best_overall=0.677900, mean_diversity=0.210725,
indivs=3827342, elapsed_secs=9257, mean=0.508741, stdev=0.187276, best fit=0.677900, best_overall=0.677900, mean_diversity=0.226523,
indivs=3837440, elapsed_secs=9285, mean=0.468170, stdev=0.111614, best fit=0.677900, best_overall=0.677900, mean_diversity=0.227713,
indivs=3847538, elapsed_secs=9313, mean=0.491387, stdev=0.074710, best fit=0.677900, best_overall=0.677900, mean_diversity=0.232921,
indivs=3857636, elapsed_secs=9341, mean=0.537891, stdev=0.070538, best fit=0.677900, best_overall=0.677900, mean_diversity=0.206404,
indivs=3867734, elapsed_secs=9370, mean=0.491779, stdev=0.072449, best fit=0.677900, best_overall=0.677900, mean_diversity=0.158000,
indivs=3877832, elapsed_secs=9400, mean=0.531994, stdev=0.090748, best fit=0.677900, best_overall=0.677900, mean_diversity=0.133588,
indivs=3887930, elapsed_secs=9429, mean=0.543612, stdev=0.162800, best fit=0.677900, best_overall=0.677900, mean_diversity=0.275242,
indivs=3898028, elapsed_secs=9460, mean=0.535115, stdev=0.155513, best fit=0.677900, best_overall=0.677900, mean_diversity=0.112193,
indivs=3908126, elapsed_secs=9494, mean=0.530977, stdev=0.123020, best fit=0.677900, best_overall=0.677900, mean_diversity=0.071009,
indivs=3918224, elapsed_secs=9521, mean=0.529827, stdev=0.085697, best fit=0.677900, best_overall=0.677900, mean_diversity=0.170599,
indivs=3928322, elapsed_secs=9551, mean=0.541214, stdev=0.179218, best fit=0.677900, best_overall=0.677900, mean_diversity=0.136716,
indivs=3938420, elapsed_secs=9585, mean=0.542215, stdev=0.140891, best fit=0.677900, best_overall=0.677900, mean_diversity=0.289245,
indivs=3948518, elapsed_secs=9616, mean=0.504578, stdev=0.236620, best fit=0.677900, best_overall=0.677900, mean_diversity=0.083822,
indivs=3958616, elapsed_secs=9642, mean=0.504269, stdev=0.023491, best fit=0.677900, best_overall=0.677900, mean_diversity=0.063886,
indivs=3968714, elapsed_secs=9670, mean=0.577512, stdev=0.143040, best fit=0.677900, best_overall=0.677900, mean_diversity=0.109013,
indivs=3978812, elapsed_secs=9701, mean=0.556476, stdev=0.162857, best fit=0.677900, best_overall=0.677900, mean_diversity=0.156837,
indivs=3988910, elapsed_secs=9731, mean=0.501754, stdev=0.017705, best fit=0.677900, best_overall=0.677900, mean_diversity=0.106752,
indivs=3999008, elapsed_secs=9755, mean=0.582563, stdev=0.174062, best fit=0.677900, best_overall=0.677900, mean_diversity=0.042183,
indivs=4009106, elapsed_secs=9782, mean=0.501779, stdev=0.017701, best fit=0.677900, best_overall=0.677900, mean_diversity=0.046066,
indivs=4019204, elapsed_secs=9812, mean=0.584644, stdev=0.126714, best fit=0.677900, best_overall=0.677900, mean_diversity=0.114325,
indivs=4029302, elapsed_secs=9843, mean=0.528593, stdev=0.117924, best fit=0.677900, best_overall=0.677900, mean_diversity=0.235050,
indivs=4039400, elapsed_secs=9873, mean=0.472463, stdev=0.124178, best fit=0.677900, best_overall=0.677900, mean_diversity=0.164189,
indivs=4049498, elapsed_secs=9906, mean=0.494180, stdev=0.196947, best fit=0.677900, best_overall=0.677900, mean_diversity=0.304654,
indivs=4059596, elapsed_secs=9937, mean=0.500802, stdev=0.056898, best fit=0.677900, best_overall=0.677900, mean_diversity=0.115473,
indivs=4069694, elapsed_secs=9966, mean=0.547486, stdev=0.124178, best fit=0.677900, best_overall=0.677900, mean_diversity=0.317039,
indivs=4079792, elapsed_secs=9992, mean=0.533492, stdev=0.140719, best fit=0.677900, best_overall=0.677900, mean_diversity=0.194679,
indivs=4089890, elapsed_secs=10021, mean=0.522200, stdev=0.070388, best fit=0.677900, best_overall=0.677900, mean_diversity=0.258074,
indivs=4099988, elapsed_secs=10051, mean=0.529885, stdev=0.103718, best fit=0.677900, best_overall=0.677900, mean_diversity=0.288730,
indivs=4110086, elapsed_secs=10083, mean=0.518082, stdev=0.134638, best fit=0.677900, best_overall=0.677900, mean_diversity=0.340347,
indivs=4120184, elapsed_secs=10110, mean=0.478277, stdev=0.079841, best fit=0.677900, best_overall=0.677900, mean_diversity=0.342556,
indivs=4130282, elapsed_secs=10140, mean=0.479997, stdev=0.125988, best fit=0.677900, best_overall=0.677900, mean_diversity=0.218472,
indivs=4140380, elapsed_secs=10166, mean=0.588617, stdev=0.060411, best fit=0.677900, best_overall=0.677900, mean_diversity=0.062509,
indivs=4150478, elapsed_secs=10196, mean=0.505897, stdev=0.157313, best fit=0.677900, best_overall=0.677900, mean_diversity=0.265710,
indivs=4160576, elapsed_secs=10225, mean=0.514691, stdev=0.053026, best fit=0.677900, best_overall=0.677900, mean_diversity=0.292123,
indivs=4170674, elapsed_secs=10253, mean=0.526569, stdev=0.092418, best fit=0.677900, best_overall=0.677900, mean_diversity=0.403668,
indivs=4180772, elapsed_secs=10277, mean=0.507739, stdev=0.151431, best fit=0.677900, best_overall=0.677900, mean_diversity=0.211683,
indivs=4190870, elapsed_secs=10308, mean=0.544432, stdev=0.142155, best fit=0.677900, best_overall=0.677900, mean_diversity=0.287117,
indivs=4200968, elapsed_secs=10334, mean=0.479908, stdev=0.097863, best fit=0.677900, best_overall=0.677900, mean_diversity=0.291015,
indivs=4211066, elapsed_secs=10361, mean=0.475796, stdev=0.140155, best fit=0.677900, best_overall=0.677900, mean_diversity=0.190932,
indivs=4221164, elapsed_secs=10391, mean=0.577331, stdev=0.127977, best fit=0.677900, best_overall=0.677900, mean_diversity=0.098575,
indivs=4231262, elapsed_secs=10417, mean=0.500885, stdev=0.019890, best fit=0.677900, best_overall=0.677900, mean_diversity=0.317457,
indivs=4241360, elapsed_secs=10449, mean=0.504790, stdev=0.103606, best fit=0.677900, best_overall=0.677900, mean_diversity=0.195382,
indivs=4251458, elapsed_secs=10476, mean=0.506185, stdev=0.104873, best fit=0.677900, best_overall=0.677900, mean_diversity=0.236643,
indivs=4261556, elapsed_secs=10510, mean=0.505558, stdev=0.069783, best fit=0.677900, best_overall=0.677900, mean_diversity=0.221512,
indivs=4271654, elapsed_secs=10537, mean=0.528956, stdev=0.094844, best fit=0.677900, best_overall=0.677900, mean_diversity=0.351452,
indivs=4281752, elapsed_secs=10566, mean=0.546412, stdev=0.151219, best fit=0.677900, best_overall=0.677900, mean_diversity=0.205865,
indivs=4291850, elapsed_secs=10594, mean=0.575242, stdev=0.144711, best fit=0.677900, best_overall=0.677900, mean_diversity=0.108914,
indivs=4301948, elapsed_secs=10621, mean=0.495288, stdev=0.132458, best fit=0.677900, best_overall=0.677900, mean_diversity=0.225921,
indivs=4312046, elapsed_secs=10650, mean=0.504948, stdev=0.062526, best fit=0.677900, best_overall=0.677900, mean_diversity=0.212301,
indivs=4322144, elapsed_secs=10681, mean=0.498350, stdev=0.113860, best fit=0.677900, best_overall=0.677900, mean_diversity=0.402717,
indivs=4332242, elapsed_secs=10711, mean=0.527686, stdev=0.143192, best fit=0.677900, best_overall=0.677900, mean_diversity=0.263033,
indivs=4342340, elapsed_secs=10741, mean=0.563420, stdev=0.167589, best fit=0.677900, best_overall=0.677900, mean_diversity=0.067016,
indivs=4352438, elapsed_secs=10771, mean=0.554540, stdev=0.190584, best fit=0.677900, best_overall=0.677900, mean_diversity=0.058005,
indivs=4362536, elapsed_secs=10795, mean=0.508895, stdev=0.108042, best fit=0.677900, best_overall=0.677900, mean_diversity=0.225198,
indivs=4372634, elapsed_secs=10824, mean=0.570118, stdev=0.158796, best fit=0.677900, best_overall=0.677900, mean_diversity=0.088098,
indivs=4382732, elapsed_secs=10848, mean=0.547829, stdev=0.106351, best fit=0.677900, best_overall=0.677900, mean_diversity=0.332571,
indivs=4392830, elapsed_secs=10878, mean=0.494745, stdev=0.143215, best fit=0.677900, best_overall=0.677900, mean_diversity=0.392311,
indivs=4402928, elapsed_secs=10908, mean=0.500182, stdev=0.087739, best fit=0.677900, best_overall=0.677900, mean_diversity=0.340495,
indivs=4413026, elapsed_secs=10936, mean=0.593813, stdev=0.101749, best fit=0.677900, best_overall=0.677900, mean_diversity=0.097541,
indivs=4423124, elapsed_secs=10961, mean=0.497535, stdev=0.114111, best fit=0.677900, best_overall=0.677900, mean_diversity=0.324444,
indivs=4433222, elapsed_secs=10988, mean=0.510001, stdev=0.148949, best fit=0.677900, best_overall=0.677900, mean_diversity=0.329907,
indivs=4443320, elapsed_secs=11021, mean=0.511288, stdev=0.076216, best fit=0.677900, best_overall=0.677900, mean_diversity=0.273014,
indivs=4453418, elapsed_secs=11049, mean=0.423379, stdev=0.180948, best fit=0.677900, best_overall=0.677900, mean_diversity=0.152874,
indivs=4463516, elapsed_secs=11078, mean=0.545057, stdev=0.065361, best fit=0.677900, best_overall=0.677900, mean_diversity=0.295747,
indivs=4473614, elapsed_secs=11109, mean=0.503253, stdev=0.022873, best fit=0.677900, best_overall=0.677900, mean_diversity=0.180928,
indivs=4483712, elapsed_secs=11140, mean=0.557249, stdev=0.143230, best fit=0.677900, best_overall=0.677900, mean_diversity=0.119746,
indivs=4493810, elapsed_secs=11172, mean=0.512425, stdev=0.155354, best fit=0.677900, best_overall=0.677900, mean_diversity=0.187228,
indivs=4503908, elapsed_secs=11200, mean=0.580972, stdev=0.103414, best fit=0.677900, best_overall=0.677900, mean_diversity=0.303170,
indivs=4514006, elapsed_secs=11227, mean=0.557955, stdev=0.109442, best fit=0.677900, best_overall=0.677900, mean_diversity=0.232033,
indivs=4524104, elapsed_secs=11257, mean=0.460945, stdev=0.158490, best fit=0.677900, best_overall=0.677900, mean_diversity=0.391050,
indivs=4534202, elapsed_secs=11284, mean=0.548665, stdev=0.167557, best fit=0.677900, best_overall=0.677900, mean_diversity=0.138194,
indivs=4544300, elapsed_secs=11314, mean=0.600015, stdev=0.097983, best fit=0.677900, best_overall=0.677900, mean_diversity=0.031916,
indivs=4554398, elapsed_secs=11344, mean=0.480566, stdev=0.057380, best fit=0.677900, best_overall=0.677900, mean_diversity=0.151972,
indivs=4564496, elapsed_secs=11376, mean=0.509021, stdev=0.034652, best fit=0.677900, best_overall=0.677900, mean_diversity=0.229926,
indivs=4574594, elapsed_secs=11406, mean=0.506491, stdev=0.096766, best fit=0.677900, best_overall=0.677900, mean_diversity=0.293170,
indivs=4584692, elapsed_secs=11432, mean=0.547214, stdev=0.145347, best fit=0.677900, best_overall=0.677900, mean_diversity=0.195388,
indivs=4594790, elapsed_secs=11463, mean=0.476705, stdev=0.122387, best fit=0.677900, best_overall=0.677900, mean_diversity=0.313931,
indivs=4604888, elapsed_secs=11488, mean=0.489053, stdev=0.162913, best fit=0.677900, best_overall=0.677900, mean_diversity=0.261523,
indivs=4614986, elapsed_secs=11512, mean=0.563831, stdev=0.086947, best fit=0.677900, best_overall=0.677900, mean_diversity=0.176207,
indivs=4625084, elapsed_secs=11543, mean=0.484171, stdev=0.093270, best fit=0.677900, best_overall=0.677900, mean_diversity=0.113129,
indivs=4635182, elapsed_secs=11569, mean=0.489397, stdev=0.082916, best fit=0.677900, best_overall=0.677900, mean_diversity=0.327046,
indivs=4645280, elapsed_secs=11594, mean=0.481553, stdev=0.099888, best fit=0.677900, best_overall=0.677900, mean_diversity=0.259728,
indivs=4655378, elapsed_secs=11627, mean=0.594508, stdev=0.135537, best fit=0.677900, best_overall=0.677900, mean_diversity=0.142446,
indivs=4665476, elapsed_secs=11654, mean=0.511552, stdev=0.078375, best fit=0.677900, best_overall=0.677900, mean_diversity=0.208018,
indivs=4675574, elapsed_secs=11686, mean=0.516399, stdev=0.177200, best fit=0.677900, best_overall=0.677900, mean_diversity=0.095128,
indivs=4685672, elapsed_secs=11715, mean=0.521127, stdev=0.114970, best fit=0.677900, best_overall=0.677900, mean_diversity=0.210653,
indivs=4695770, elapsed_secs=11746, mean=0.501779, stdev=0.017701, best fit=0.677900, best_overall=0.677900, mean_diversity=0.064981,
indivs=4705868, elapsed_secs=11779, mean=0.596868, stdev=0.118216, best fit=0.677900, best_overall=0.677900, mean_diversity=0.055573,
indivs=4715966, elapsed_secs=11807, mean=0.568692, stdev=0.098594, best fit=0.677900, best_overall=0.677900, mean_diversity=0.192692,
indivs=4726064, elapsed_secs=11838, mean=0.500625, stdev=0.057971, best fit=0.677900, best_overall=0.677900, mean_diversity=0.116598,
indivs=4736162, elapsed_secs=11866, mean=0.516676, stdev=0.213268, best fit=0.677900, best_overall=0.677900, mean_diversity=0.257165,
indivs=4746260, elapsed_secs=11893, mean=0.479846, stdev=0.155826, best fit=0.677900, best_overall=0.677900, mean_diversity=0.372361,
indivs=4756358, elapsed_secs=11921, mean=0.564000, stdev=0.078477, best fit=0.677900, best_overall=0.677900, mean_diversity=0.208168,
indivs=4766456, elapsed_secs=11952, mean=0.493807, stdev=0.074624, best fit=0.677900, best_overall=0.677900, mean_diversity=0.260175,
indivs=4776554, elapsed_secs=11978, mean=0.491587, stdev=0.090130, best fit=0.677900, best_overall=0.677900, mean_diversity=0.193023,
indivs=4786652, elapsed_secs=12008, mean=0.493499, stdev=0.093304, best fit=0.677900, best_overall=0.677900, mean_diversity=0.204302,
indivs=4796750, elapsed_secs=12037, mean=0.551197, stdev=0.121260, best fit=0.677900, best_overall=0.677900, mean_diversity=0.181660,
indivs=4806848, elapsed_secs=12063, mean=0.519721, stdev=0.078864, best fit=0.677900, best_overall=0.677900, mean_diversity=0.333589,
indivs=4816946, elapsed_secs=12083, mean=0.591501, stdev=0.103777, best fit=0.696500, best_overall=0.696500, mean_diversity=0.118379,
indivs=4827044, elapsed_secs=12096, mean=0.531838, stdev=0.150225, best fit=0.696500, best_overall=0.696500, mean_diversity=0.240676,
indivs=4837142, elapsed_secs=12108, mean=0.569678, stdev=0.127771, best fit=0.697100, best_overall=0.697100, mean_diversity=0.302983,
indivs=4847240, elapsed_secs=12120, mean=0.531604, stdev=0.198685, best fit=0.697100, best_overall=0.697100, mean_diversity=0.132256,
indivs=4857338, elapsed_secs=12137, mean=0.499404, stdev=0.142401, best fit=0.697900, best_overall=0.697900, mean_diversity=0.278602,
indivs=4867436, elapsed_secs=12156, mean=0.585348, stdev=0.169819, best fit=0.698100, best_overall=0.698100, mean_diversity=0.161735,
indivs=4877534, elapsed_secs=12175, mean=0.498191, stdev=0.031653, best fit=0.699100, best_overall=0.699100, mean_diversity=0.094960,
indivs=4887632, elapsed_secs=12191, mean=0.508076, stdev=0.039008, best fit=0.699100, best_overall=0.699100, mean_diversity=0.277713,
indivs=4897730, elapsed_secs=12208, mean=0.564503, stdev=0.181155, best fit=0.699100, best_overall=0.699100, mean_diversity=0.048845,
indivs=4907828, elapsed_secs=12225, mean=0.573675, stdev=0.209406, best fit=0.699100, best_overall=0.699100, mean_diversity=0.127871,
indivs=4917926, elapsed_secs=12247, mean=0.558585, stdev=0.119254, best fit=0.699100, best_overall=0.699100, mean_diversity=0.309119,
indivs=4928024, elapsed_secs=12264, mean=0.554451, stdev=0.115466, best fit=0.699100, best_overall=0.699100, mean_diversity=0.306295,
indivs=4938122, elapsed_secs=12284, mean=0.583306, stdev=0.126118, best fit=0.699100, best_overall=0.699100, mean_diversity=0.119525,
indivs=4948220, elapsed_secs=12303, mean=0.521607, stdev=0.150818, best fit=0.699100, best_overall=0.699100, mean_diversity=0.211080,
indivs=4958318, elapsed_secs=12321, mean=0.501901, stdev=0.019839, best fit=0.699100, best_overall=0.699100, mean_diversity=0.121310,
indivs=4968416, elapsed_secs=12338, mean=0.521858, stdev=0.126491, best fit=0.699100, best_overall=0.699100, mean_diversity=0.257414,
indivs=4978514, elapsed_secs=12357, mean=0.511437, stdev=0.189566, best fit=0.699100, best_overall=0.699100, mean_diversity=0.266996,
indivs=4988612, elapsed_secs=12374, mean=0.531073, stdev=0.135614, best fit=0.699100, best_overall=0.699100, mean_diversity=0.290347,
indivs=4998710, elapsed_secs=12393, mean=0.577090, stdev=0.159690, best fit=0.699100, best_overall=0.699100, mean_diversity=0.195617,
indivs=5008808, elapsed_secs=12411, mean=0.523361, stdev=0.118306, best fit=0.699100, best_overall=0.699100, mean_diversity=0.563983,
indivs=5018906, elapsed_secs=12428, mean=0.534309, stdev=0.093753, best fit=0.699100, best_overall=0.699100, mean_diversity=0.298608,
indivs=5029004, elapsed_secs=12443, mean=0.561409, stdev=0.154802, best fit=0.699100, best_overall=0.699100, mean_diversity=0.144476,
indivs=5039102, elapsed_secs=12459, mean=0.514880, stdev=0.226177, best fit=0.699100, best_overall=0.699100, mean_diversity=0.223277,
indivs=5049200, elapsed_secs=12477, mean=0.538611, stdev=0.175573, best fit=0.699100, best_overall=0.699100, mean_diversity=0.261423,
indivs=5059298, elapsed_secs=12496, mean=0.479938, stdev=0.071945, best fit=0.699100, best_overall=0.699100, mean_diversity=0.059440,
indivs=5069396, elapsed_secs=12513, mean=0.509793, stdev=0.042695, best fit=0.699100, best_overall=0.699100, mean_diversity=0.078450,
indivs=5079494, elapsed_secs=12530, mean=0.616338, stdev=0.146861, best fit=0.699100, best_overall=0.699100, mean_diversity=0.100417,
indivs=5089592, elapsed_secs=12547, mean=0.604482, stdev=0.151958, best fit=0.699100, best_overall=0.699100, mean_diversity=0.172093,
indivs=5099690, elapsed_secs=12565, mean=0.582945, stdev=0.116091, best fit=0.699100, best_overall=0.699100, mean_diversity=0.166207,
indivs=5109788, elapsed_secs=12581, mean=0.612174, stdev=0.134607, best fit=0.699100, best_overall=0.699100, mean_diversity=0.084994,
indivs=5119886, elapsed_secs=12599, mean=0.627732, stdev=0.139835, best fit=0.699100, best_overall=0.699100, mean_diversity=0.055889,
indivs=5129984, elapsed_secs=12618, mean=0.462336, stdev=0.131449, best fit=0.699100, best_overall=0.699100, mean_diversity=0.106940,
indivs=5140082, elapsed_secs=12639, mean=0.590200, stdev=0.162271, best fit=0.699100, best_overall=0.699100, mean_diversity=0.051785,
indivs=5150180, elapsed_secs=12656, mean=0.490495, stdev=0.073256, best fit=0.699100, best_overall=0.699100, mean_diversity=0.132744,
indivs=5160278, elapsed_secs=12676, mean=0.579679, stdev=0.160027, best fit=0.699100, best_overall=0.699100, mean_diversity=0.131710,
indivs=5170376, elapsed_secs=12693, mean=0.589082, stdev=0.157469, best fit=0.699100, best_overall=0.699100, mean_diversity=0.121523,
indivs=5180474, elapsed_secs=12709, mean=0.569431, stdev=0.064701, best fit=0.699100, best_overall=0.699100, mean_diversity=0.231795,
indivs=5190572, elapsed_secs=12727, mean=0.520086, stdev=0.097572, best fit=0.699100, best_overall=0.699100, mean_diversity=0.301892,
indivs=5200670, elapsed_secs=12744, mean=0.530756, stdev=0.085598, best fit=0.699100, best_overall=0.699100, mean_diversity=0.356109,
indivs=5210768, elapsed_secs=12761, mean=0.557904, stdev=0.141008, best fit=0.699100, best_overall=0.699100, mean_diversity=0.263949,
indivs=5220866, elapsed_secs=12780, mean=0.565352, stdev=0.189841, best fit=0.699100, best_overall=0.699100, mean_diversity=0.211319,
indivs=5230964, elapsed_secs=12796, mean=0.569968, stdev=0.200010, best fit=0.699100, best_overall=0.699100, mean_diversity=0.107430,
indivs=5241062, elapsed_secs=12813, mean=0.572976, stdev=0.207716, best fit=0.699100, best_overall=0.699100, mean_diversity=0.202791,
indivs=5251160, elapsed_secs=12833, mean=0.550855, stdev=0.176770, best fit=0.699100, best_overall=0.699100, mean_diversity=0.256329,
indivs=5261258, elapsed_secs=12851, mean=0.514579, stdev=0.101031, best fit=0.699100, best_overall=0.699100, mean_diversity=0.216068,
indivs=5271356, elapsed_secs=12868, mean=0.489413, stdev=0.031393, best fit=0.699100, best_overall=0.699100, mean_diversity=0.090265,
indivs=5281454, elapsed_secs=12888, mean=0.528705, stdev=0.080028, best fit=0.699100, best_overall=0.699100, mean_diversity=0.323263,
indivs=5291552, elapsed_secs=12906, mean=0.499963, stdev=0.061250, best fit=0.699100, best_overall=0.699100, mean_diversity=0.148364,
indivs=5301650, elapsed_secs=12925, mean=0.554549, stdev=0.187794, best fit=0.699100, best_overall=0.699100, mean_diversity=0.232634,
indivs=5311748, elapsed_secs=12942, mean=0.512311, stdev=0.097594, best fit=0.699100, best_overall=0.699100, mean_diversity=0.251576,
indivs=5321846, elapsed_secs=12961, mean=0.508525, stdev=0.043247, best fit=0.699100, best_overall=0.699100, mean_diversity=0.190630,
indivs=5331944, elapsed_secs=12980, mean=0.567631, stdev=0.138545, best fit=0.699100, best_overall=0.699100, mean_diversity=0.184222,
indivs=5342042, elapsed_secs=12999, mean=0.534872, stdev=0.176966, best fit=0.699100, best_overall=0.699100, mean_diversity=0.193033,
indivs=5352140, elapsed_secs=13016, mean=0.475545, stdev=0.197451, best fit=0.699100, best_overall=0.699100, mean_diversity=0.331676,
indivs=5362238, elapsed_secs=13033, mean=0.497343, stdev=0.038390, best fit=0.699100, best_overall=0.699100, mean_diversity=0.086835,
indivs=5372336, elapsed_secs=13050, mean=0.578018, stdev=0.134327, best fit=0.699100, best_overall=0.699100, mean_diversity=0.184772,
indivs=5382434, elapsed_secs=13070, mean=0.538997, stdev=0.076856, best fit=0.699200, best_overall=0.699200, mean_diversity=0.330335,
indivs=5392532, elapsed_secs=13090, mean=0.586964, stdev=0.162084, best fit=0.699200, best_overall=0.699200, mean_diversity=0.187478,
indivs=5402630, elapsed_secs=13110, mean=0.583559, stdev=0.161394, best fit=0.699200, best_overall=0.699200, mean_diversity=0.174301,
indivs=5412728, elapsed_secs=13131, mean=0.640305, stdev=0.120159, best fit=0.699200, best_overall=0.699200, mean_diversity=0.116459,
indivs=5422826, elapsed_secs=13150, mean=0.557447, stdev=0.188818, best fit=0.699200, best_overall=0.699200, mean_diversity=0.197830,
indivs=5432924, elapsed_secs=13169, mean=0.554756, stdev=0.116926, best fit=0.699200, best_overall=0.699200, mean_diversity=0.256677,
indivs=5443022, elapsed_secs=13189, mean=0.560040, stdev=0.148114, best fit=0.699200, best_overall=0.699200, mean_diversity=0.156695,
indivs=5453120, elapsed_secs=13211, mean=0.556264, stdev=0.143985, best fit=0.699200, best_overall=0.699200, mean_diversity=0.186805,
indivs=5463218, elapsed_secs=13230, mean=0.575666, stdev=0.170454, best fit=0.699200, best_overall=0.699200, mean_diversity=0.090602,
indivs=5473316, elapsed_secs=13249, mean=0.599094, stdev=0.126605, best fit=0.699200, best_overall=0.699200, mean_diversity=0.278785,
indivs=5483414, elapsed_secs=13270, mean=0.501218, stdev=0.072629, best fit=0.699200, best_overall=0.699200, mean_diversity=0.192345,
indivs=5493512, elapsed_secs=13290, mean=0.533334, stdev=0.109449, best fit=0.699200, best_overall=0.699200, mean_diversity=0.460235,
indivs=5503610, elapsed_secs=13309, mean=0.572666, stdev=0.144073, best fit=0.699200, best_overall=0.699200, mean_diversity=0.231114,
indivs=5513708, elapsed_secs=13329, mean=0.606691, stdev=0.138575, best fit=0.699200, best_overall=0.699200, mean_diversity=0.106563,
indivs=5523806, elapsed_secs=13347, mean=0.534301, stdev=0.124654, best fit=0.699200, best_overall=0.699200, mean_diversity=0.201022,
indivs=5533904, elapsed_secs=13363, mean=0.541080, stdev=0.135160, best fit=0.699200, best_overall=0.699200, mean_diversity=0.507949,
indivs=5544002, elapsed_secs=13382, mean=0.579195, stdev=0.162566, best fit=0.699200, best_overall=0.699200, mean_diversity=0.233654,
indivs=5554100, elapsed_secs=13403, mean=0.591948, stdev=0.183556, best fit=0.699200, best_overall=0.699200, mean_diversity=0.082519,
indivs=5564198, elapsed_secs=13421, mean=0.554942, stdev=0.114177, best fit=0.699200, best_overall=0.699200, mean_diversity=0.328430,
indivs=5574296, elapsed_secs=13442, mean=0.567453, stdev=0.167881, best fit=0.699200, best_overall=0.699200, mean_diversity=0.245709,
indivs=5584394, elapsed_secs=13461, mean=0.523814, stdev=0.078897, best fit=0.699200, best_overall=0.699200, mean_diversity=0.254767,
indivs=5594492, elapsed_secs=13481, mean=0.593010, stdev=0.118040, best fit=0.699200, best_overall=0.699200, mean_diversity=0.070945,
indivs=5604590, elapsed_secs=13502, mean=0.588217, stdev=0.140978, best fit=0.699200, best_overall=0.699200, mean_diversity=0.235629,
indivs=5614688, elapsed_secs=13522, mean=0.525533, stdev=0.155597, best fit=0.699200, best_overall=0.699200, mean_diversity=0.207604,
indivs=5624786, elapsed_secs=13544, mean=0.499539, stdev=0.216173, best fit=0.699200, best_overall=0.699200, mean_diversity=0.214226,
indivs=5634884, elapsed_secs=13563, mean=0.558841, stdev=0.117207, best fit=0.699200, best_overall=0.699200, mean_diversity=0.250273,
indivs=5644982, elapsed_secs=13586, mean=0.543663, stdev=0.110114, best fit=0.699200, best_overall=0.699200, mean_diversity=0.292632,
indivs=5655080, elapsed_secs=13607, mean=0.590813, stdev=0.148242, best fit=0.699200, best_overall=0.699200, mean_diversity=0.140711,
indivs=5665178, elapsed_secs=13627, mean=0.556857, stdev=0.136123, best fit=0.699200, best_overall=0.699200, mean_diversity=0.099804,
indivs=5675276, elapsed_secs=13648, mean=0.548815, stdev=0.195322, best fit=0.699200, best_overall=0.699200, mean_diversity=0.112898,
indivs=5685374, elapsed_secs=13667, mean=0.559395, stdev=0.073715, best fit=0.699200, best_overall=0.699200, mean_diversity=0.334247,
indivs=5695472, elapsed_secs=13685, mean=0.566378, stdev=0.118786, best fit=0.699200, best_overall=0.699200, mean_diversity=0.270653,
indivs=5705570, elapsed_secs=13706, mean=0.354890, stdev=0.150764, best fit=0.699200, best_overall=0.699200, mean_diversity=0.240516,
indivs=5715668, elapsed_secs=13727, mean=0.497238, stdev=0.057633, best fit=0.699200, best_overall=0.699200, mean_diversity=0.109228,
indivs=5725766, elapsed_secs=13747, mean=0.599858, stdev=0.151465, best fit=0.699200, best_overall=0.699200, mean_diversity=0.200967,
indivs=5735864, elapsed_secs=13767, mean=0.531048, stdev=0.096558, best fit=0.699200, best_overall=0.699200, mean_diversity=0.274322,
indivs=5745962, elapsed_secs=13785, mean=0.512560, stdev=0.039223, best fit=0.699200, best_overall=0.699200, mean_diversity=0.148324,
indivs=5756060, elapsed_secs=13804, mean=0.583784, stdev=0.163926, best fit=0.699200, best_overall=0.699200, mean_diversity=0.172580,
indivs=5766158, elapsed_secs=13822, mean=0.583689, stdev=0.129643, best fit=0.699200, best_overall=0.699200, mean_diversity=0.286525,
indivs=5776256, elapsed_secs=13842, mean=0.501992, stdev=0.019820, best fit=0.699200, best_overall=0.699200, mean_diversity=0.083907,
indivs=5786354, elapsed_secs=13862, mean=0.562411, stdev=0.109419, best fit=0.699200, best_overall=0.699200, mean_diversity=0.107299,
indivs=5796452, elapsed_secs=13881, mean=0.556888, stdev=0.158436, best fit=0.699200, best_overall=0.699200, mean_diversity=0.299964,
indivs=5806550, elapsed_secs=13901, mean=0.491377, stdev=0.073081, best fit=0.699200, best_overall=0.699200, mean_diversity=0.282730,
indivs=5816648, elapsed_secs=13921, mean=0.562095, stdev=0.153817, best fit=0.699200, best_overall=0.699200, mean_diversity=0.201372,
indivs=5826746, elapsed_secs=13941, mean=0.572337, stdev=0.199414, best fit=0.699200, best_overall=0.699200, mean_diversity=0.070165,
indivs=5836844, elapsed_secs=13958, mean=0.558634, stdev=0.128310, best fit=0.699200, best_overall=0.699200, mean_diversity=0.215991,
indivs=5846942, elapsed_secs=13980, mean=0.585381, stdev=0.149225, best fit=0.699200, best_overall=0.699200, mean_diversity=0.279396,
indivs=5857040, elapsed_secs=13999, mean=0.558385, stdev=0.161392, best fit=0.699200, best_overall=0.699200, mean_diversity=0.227934,
indivs=5867138, elapsed_secs=14021, mean=0.584947, stdev=0.107822, best fit=0.699200, best_overall=0.699200, mean_diversity=0.156431,
indivs=5877236, elapsed_secs=14040, mean=0.594192, stdev=0.069758, best fit=0.699200, best_overall=0.699200, mean_diversity=0.151980,
indivs=5887334, elapsed_secs=14061, mean=0.518383, stdev=0.171784, best fit=0.699200, best_overall=0.699200, mean_diversity=0.247793,
indivs=5897432, elapsed_secs=14076, mean=0.562449, stdev=0.128680, best fit=0.699200, best_overall=0.699200, mean_diversity=0.285100,
indivs=5907530, elapsed_secs=14095, mean=0.501018, stdev=0.020670, best fit=0.699200, best_overall=0.699200, mean_diversity=0.148339,
indivs=5917628, elapsed_secs=14118, mean=0.552067, stdev=0.143346, best fit=0.699200, best_overall=0.699200, mean_diversity=0.308129,
indivs=5927726, elapsed_secs=14139, mean=0.441619, stdev=0.165707, best fit=0.699200, best_overall=0.699200, mean_diversity=0.115558,
indivs=5937824, elapsed_secs=14158, mean=0.547709, stdev=0.163782, best fit=0.699200, best_overall=0.699200, mean_diversity=0.190926,
indivs=5947922, elapsed_secs=14177, mean=0.568842, stdev=0.165164, best fit=0.699200, best_overall=0.699200, mean_diversity=0.083910,
indivs=5958020, elapsed_secs=14197, mean=0.517350, stdev=0.183108, best fit=0.699200, best_overall=0.699200, mean_diversity=0.220799,
indivs=5968118, elapsed_secs=14216, mean=0.540237, stdev=0.229399, best fit=0.699200, best_overall=0.699200, mean_diversity=0.114411,
indivs=5978216, elapsed_secs=14237, mean=0.595345, stdev=0.174683, best fit=0.699200, best_overall=0.699200, mean_diversity=0.124276,
indivs=5988314, elapsed_secs=14255, mean=0.584738, stdev=0.128236, best fit=0.699200, best_overall=0.699200, mean_diversity=0.195561,
indivs=5998412, elapsed_secs=14275, mean=0.512109, stdev=0.143447, best fit=0.699200, best_overall=0.699200, mean_diversity=0.275821,
indivs=6008510, elapsed_secs=14295, mean=0.570907, stdev=0.137689, best fit=0.699200, best_overall=0.699200, mean_diversity=0.225667,
indivs=6018608, elapsed_secs=14316, mean=0.558307, stdev=0.157221, best fit=0.699200, best_overall=0.699200, mean_diversity=0.227543,
indivs=6028706, elapsed_secs=14338, mean=0.526512, stdev=0.152034, best fit=0.699200, best_overall=0.699200, mean_diversity=0.318693,
indivs=6038804, elapsed_secs=14358, mean=0.592557, stdev=0.124427, best fit=0.699200, best_overall=0.699200, mean_diversity=0.215775,
indivs=6048902, elapsed_secs=14377, mean=0.520578, stdev=0.102563, best fit=0.699200, best_overall=0.699200, mean_diversity=0.281725,
indivs=6059000, elapsed_secs=14396, mean=0.525108, stdev=0.069241, best fit=0.699200, best_overall=0.699200, mean_diversity=0.242970,
indivs=6069098, elapsed_secs=14413, mean=0.501946, stdev=0.019830, best fit=0.699200, best_overall=0.699200, mean_diversity=0.132644,
indivs=6079196, elapsed_secs=14431, mean=0.496146, stdev=0.078455, best fit=0.699200, best_overall=0.699200, mean_diversity=0.342192,
indivs=6089294, elapsed_secs=14449, mean=0.445416, stdev=0.148284, best fit=0.699200, best_overall=0.699200, mean_diversity=0.383163,
indivs=6099392, elapsed_secs=14470, mean=0.522970, stdev=0.119047, best fit=0.699200, best_overall=0.699200, mean_diversity=0.336301,
indivs=6109490, elapsed_secs=14489, mean=0.511838, stdev=0.112321, best fit=0.699200, best_overall=0.699200, mean_diversity=0.191702,
indivs=6119588, elapsed_secs=14507, mean=0.531152, stdev=0.160225, best fit=0.699200, best_overall=0.699200, mean_diversity=0.101548,
indivs=6129686, elapsed_secs=14529, mean=0.498460, stdev=0.057311, best fit=0.699200, best_overall=0.699200, mean_diversity=0.087470,
indivs=6139784, elapsed_secs=14548, mean=0.602333, stdev=0.121392, best fit=0.699200, best_overall=0.699200, mean_diversity=0.262743,
indivs=6149882, elapsed_secs=14569, mean=0.471880, stdev=0.120861, best fit=0.699200, best_overall=0.699200, mean_diversity=0.252098,
indivs=6159980, elapsed_secs=14588, mean=0.381998, stdev=0.118800, best fit=0.699200, best_overall=0.699200, mean_diversity=0.131250,
indivs=6170078, elapsed_secs=14607, mean=0.494652, stdev=0.026907, best fit=0.699200, best_overall=0.699200, mean_diversity=0.198945,
indivs=6180176, elapsed_secs=14627, mean=0.541139, stdev=0.095389, best fit=0.699200, best_overall=0.699200, mean_diversity=0.332830,
indivs=6190274, elapsed_secs=14647, mean=0.588608, stdev=0.122057, best fit=0.699200, best_overall=0.699200, mean_diversity=0.124654,
indivs=6200372, elapsed_secs=14667, mean=0.561825, stdev=0.128037, best fit=0.699200, best_overall=0.699200, mean_diversity=0.322258,
indivs=6210470, elapsed_secs=14688, mean=0.536853, stdev=0.139479, best fit=0.699200, best_overall=0.699200, mean_diversity=0.472189,
indivs=6220568, elapsed_secs=14704, mean=0.579954, stdev=0.173706, best fit=0.699200, best_overall=0.699200, mean_diversity=0.196967,
indivs=6230666, elapsed_secs=14725, mean=0.547563, stdev=0.070130, best fit=0.699200, best_overall=0.699200, mean_diversity=0.332026,
indivs=6240764, elapsed_secs=14745, mean=0.539023, stdev=0.200375, best fit=0.699200, best_overall=0.699200, mean_diversity=0.254850,
indivs=6250862, elapsed_secs=14766, mean=0.508619, stdev=0.215795, best fit=0.699200, best_overall=0.699200, mean_diversity=0.174297,
indivs=6260960, elapsed_secs=14788, mean=0.507658, stdev=0.087309, best fit=0.699200, best_overall=0.699200, mean_diversity=0.328827,
indivs=6271058, elapsed_secs=14808, mean=0.480538, stdev=0.197005, best fit=0.699200, best_overall=0.699200, mean_diversity=0.078878,
indivs=6281156, elapsed_secs=14829, mean=0.569251, stdev=0.122563, best fit=0.699200, best_overall=0.699200, mean_diversity=0.362799,
indivs=6291254, elapsed_secs=14848, mean=0.493935, stdev=0.142293, best fit=0.699200, best_overall=0.699200, mean_diversity=0.341330,
indivs=6301352, elapsed_secs=14867, mean=0.578632, stdev=0.165093, best fit=0.699200, best_overall=0.699200, mean_diversity=0.092244,
indivs=6311450, elapsed_secs=14886, mean=0.596507, stdev=0.120907, best fit=0.699200, best_overall=0.699200, mean_diversity=0.033943,
indivs=6321548, elapsed_secs=14903, mean=0.478129, stdev=0.082463, best fit=0.699200, best_overall=0.699200, mean_diversity=0.135524,
indivs=6331646, elapsed_secs=14921, mean=0.501471, stdev=0.060332, best fit=0.699200, best_overall=0.699200, mean_diversity=0.132735,
indivs=6341744, elapsed_secs=14942, mean=0.480478, stdev=0.094681, best fit=0.699200, best_overall=0.699200, mean_diversity=0.249870,
indivs=6351842, elapsed_secs=14961, mean=0.562882, stdev=0.171795, best fit=0.699200, best_overall=0.699200, mean_diversity=0.255440,
indivs=6361940, elapsed_secs=14983, mean=0.563853, stdev=0.116677, best fit=0.699200, best_overall=0.699200, mean_diversity=0.151447,
indivs=6372038, elapsed_secs=15003, mean=0.546824, stdev=0.199022, best fit=0.699200, best_overall=0.699200, mean_diversity=0.144507,
indivs=6382136, elapsed_secs=15022, mean=0.536589, stdev=0.054395, best fit=0.699200, best_overall=0.699200, mean_diversity=0.108371,
indivs=6392234, elapsed_secs=15041, mean=0.524243, stdev=0.063732, best fit=0.699200, best_overall=0.699200, mean_diversity=0.238056,
indivs=6402332, elapsed_secs=15061, mean=0.501974, stdev=0.150061, best fit=0.699200, best_overall=0.699200, mean_diversity=0.282461,
indivs=6412430, elapsed_secs=15081, mean=0.520882, stdev=0.118839, best fit=0.699200, best_overall=0.699200, mean_diversity=0.293258,
indivs=6422528, elapsed_secs=15103, mean=0.497415, stdev=0.055294, best fit=0.699200, best_overall=0.699200, mean_diversity=0.192620,
indivs=6432626, elapsed_secs=15125, mean=0.602278, stdev=0.140265, best fit=0.699200, best_overall=0.699200, mean_diversity=0.163454,
indivs=6442724, elapsed_secs=15145, mean=0.587336, stdev=0.109747, best fit=0.699200, best_overall=0.699200, mean_diversity=0.244081,
indivs=6452822, elapsed_secs=15166, mean=0.512360, stdev=0.043904, best fit=0.699200, best_overall=0.699200, mean_diversity=0.124013,
indivs=6462920, elapsed_secs=15184, mean=0.517010, stdev=0.155767, best fit=0.699200, best_overall=0.699200, mean_diversity=0.216776,
indivs=6473018, elapsed_secs=15205, mean=0.574048, stdev=0.170989, best fit=0.699200, best_overall=0.699200, mean_diversity=0.143209,
indivs=6483116, elapsed_secs=15225, mean=0.550696, stdev=0.116708, best fit=0.699200, best_overall=0.699200, mean_diversity=0.224373,
indivs=6493214, elapsed_secs=15243, mean=0.581430, stdev=0.068831, best fit=0.699200, best_overall=0.699200, mean_diversity=0.174471,
indivs=6503312, elapsed_secs=15263, mean=0.542617, stdev=0.173941, best fit=0.699200, best_overall=0.699200, mean_diversity=0.285016,
indivs=6513410, elapsed_secs=15284, mean=0.495255, stdev=0.026269, best fit=0.699200, best_overall=0.699200, mean_diversity=0.150698,
indivs=6523508, elapsed_secs=15303, mean=0.466520, stdev=0.166359, best fit=0.699200, best_overall=0.699200, mean_diversity=0.176256,
indivs=6533606, elapsed_secs=15322, mean=0.561810, stdev=0.133145, best fit=0.699200, best_overall=0.699200, mean_diversity=0.248723,
indivs=6543704, elapsed_secs=15343, mean=0.528563, stdev=0.166660, best fit=0.699200, best_overall=0.699200, mean_diversity=0.309143,
indivs=6553802, elapsed_secs=15362, mean=0.566514, stdev=0.108725, best fit=0.699200, best_overall=0.699200, mean_diversity=0.280372,
indivs=6563900, elapsed_secs=15381, mean=0.518253, stdev=0.137731, best fit=0.699200, best_overall=0.699200, mean_diversity=0.230882,
indivs=6573998, elapsed_secs=15403, mean=0.513650, stdev=0.066459, best fit=0.699200, best_overall=0.699200, mean_diversity=0.105219,
indivs=6584096, elapsed_secs=15426, mean=0.591068, stdev=0.149680, best fit=0.699200, best_overall=0.699200, mean_diversity=0.092207,
indivs=6594194, elapsed_secs=15448, mean=0.534581, stdev=0.106801, best fit=0.699200, best_overall=0.699200, mean_diversity=0.122434,
indivs=6604292, elapsed_secs=15468, mean=0.580623, stdev=0.160517, best fit=0.699200, best_overall=0.699200, mean_diversity=0.057427,
indivs=6614390, elapsed_secs=15491, mean=0.575227, stdev=0.149854, best fit=0.699200, best_overall=0.699200, mean_diversity=0.215225,
indivs=6624488, elapsed_secs=15511, mean=0.518260, stdev=0.193598, best fit=0.699200, best_overall=0.699200, mean_diversity=0.196096,
indivs=6634586, elapsed_secs=15533, mean=0.500959, stdev=0.040903, best fit=0.699200, best_overall=0.699200, mean_diversity=0.091629,
indivs=6644684, elapsed_secs=15554, mean=0.563126, stdev=0.147123, best fit=0.699200, best_overall=0.699200, mean_diversity=0.218537,
indivs=6654782, elapsed_secs=15575, mean=0.492003, stdev=0.073026, best fit=0.699200, best_overall=0.699200, mean_diversity=0.069175,
indivs=6664880, elapsed_secs=15595, mean=0.540003, stdev=0.093445, best fit=0.699200, best_overall=0.699200, mean_diversity=0.237571,
indivs=6674978, elapsed_secs=15616, mean=0.495386, stdev=0.076629, best fit=0.699200, best_overall=0.699200, mean_diversity=0.266291,
indivs=6685076, elapsed_secs=15637, mean=0.563516, stdev=0.163861, best fit=0.699200, best_overall=0.699200, mean_diversity=0.243205,
indivs=6695174, elapsed_secs=15655, mean=0.525623, stdev=0.067713, best fit=0.699200, best_overall=0.699200, mean_diversity=0.252701,
indivs=6705272, elapsed_secs=15674, mean=0.539600, stdev=0.161771, best fit=0.699200, best_overall=0.699200, mean_diversity=0.206564,
indivs=6715370, elapsed_secs=15692, mean=0.570068, stdev=0.182905, best fit=0.699200, best_overall=0.699200, mean_diversity=0.107062,
indivs=6725468, elapsed_secs=15711, mean=0.544030, stdev=0.100723, best fit=0.699200, best_overall=0.699200, mean_diversity=0.116548,
indivs=6735566, elapsed_secs=15731, mean=0.529234, stdev=0.098465, best fit=0.699200, best_overall=0.699200, mean_diversity=0.371472,
indivs=6745664, elapsed_secs=15752, mean=0.571501, stdev=0.159005, best fit=0.699200, best_overall=0.699200, mean_diversity=0.182314,
indivs=6755762, elapsed_secs=15775, mean=0.494979, stdev=0.039441, best fit=0.699200, best_overall=0.699200, mean_diversity=0.149917,
indivs=6765860, elapsed_secs=15796, mean=0.580299, stdev=0.162318, best fit=0.699200, best_overall=0.699200, mean_diversity=0.141714,
indivs=6775958, elapsed_secs=15816, mean=0.532061, stdev=0.091830, best fit=0.699200, best_overall=0.699200, mean_diversity=0.252282,
indivs=6786056, elapsed_secs=15836, mean=0.501992, stdev=0.019820, best fit=0.699200, best_overall=0.699200, mean_diversity=0.098423,
indivs=6796154, elapsed_secs=15853, mean=0.521433, stdev=0.165915, best fit=0.699200, best_overall=0.699200, mean_diversity=0.100605,
indivs=6806252, elapsed_secs=15874, mean=0.597202, stdev=0.132815, best fit=0.699200, best_overall=0.699200, mean_diversity=0.074151,
indivs=6816350, elapsed_secs=15892, mean=0.501603, stdev=0.141740, best fit=0.699200, best_overall=0.699200, mean_diversity=0.360294,
indivs=6826448, elapsed_secs=15912, mean=0.476563, stdev=0.169918, best fit=0.699200, best_overall=0.699200, mean_diversity=0.228645,
indivs=6836546, elapsed_secs=15934, mean=0.582159, stdev=0.142383, best fit=0.699200, best_overall=0.699200, mean_diversity=0.230940,
indivs=6846644, elapsed_secs=15954, mean=0.569278, stdev=0.160038, best fit=0.699200, best_overall=0.699200, mean_diversity=0.153599,
indivs=6856742, elapsed_secs=15970, mean=0.552470, stdev=0.154454, best fit=0.699200, best_overall=0.699200, mean_diversity=0.147258,
indivs=6866840, elapsed_secs=15989, mean=0.521408, stdev=0.111306, best fit=0.699200, best_overall=0.699200, mean_diversity=0.269664,
indivs=6876938, elapsed_secs=16009, mean=0.594144, stdev=0.092731, best fit=0.699200, best_overall=0.699200, mean_diversity=0.448522,
indivs=6887036, elapsed_secs=16030, mean=0.595079, stdev=0.143909, best fit=0.699200, best_overall=0.699200, mean_diversity=0.067442,
indivs=6897134, elapsed_secs=16049, mean=0.590656, stdev=0.092517, best fit=0.699200, best_overall=0.699200, mean_diversity=0.086618,
indivs=6907232, elapsed_secs=16069, mean=0.544483, stdev=0.110470, best fit=0.699200, best_overall=0.699200, mean_diversity=0.186000,
indivs=6917330, elapsed_secs=16089, mean=0.577292, stdev=0.079657, best fit=0.699200, best_overall=0.699200, mean_diversity=0.133667,
indivs=6927428, elapsed_secs=16114, mean=0.555962, stdev=0.081969, best fit=0.699200, best_overall=0.699200, mean_diversity=0.100191,
indivs=6937526, elapsed_secs=16132, mean=0.567679, stdev=0.110476, best fit=0.699200, best_overall=0.699200, mean_diversity=0.098422,
indivs=6947624, elapsed_secs=16151, mean=0.488798, stdev=0.090283, best fit=0.699200, best_overall=0.699200, mean_diversity=0.102598,
indivs=6957722, elapsed_secs=16170, mean=0.508974, stdev=0.035939, best fit=0.699200, best_overall=0.699200, mean_diversity=0.129844,
indivs=6967820, elapsed_secs=16189, mean=0.539649, stdev=0.129484, best fit=0.699200, best_overall=0.699200, mean_diversity=0.404523,
indivs=6977918, elapsed_secs=16208, mean=0.552536, stdev=0.146873, best fit=0.699200, best_overall=0.699200, mean_diversity=0.209564,
indivs=6988016, elapsed_secs=16228, mean=0.567209, stdev=0.151780, best fit=0.699200, best_overall=0.699200, mean_diversity=0.133425,
indivs=6998114, elapsed_secs=16247, mean=0.501636, stdev=0.143112, best fit=0.699200, best_overall=0.699200, mean_diversity=0.280622,
indivs=7008212, elapsed_secs=16267, mean=0.582796, stdev=0.138310, best fit=0.699200, best_overall=0.699200, mean_diversity=0.263478,
indivs=7018310, elapsed_secs=16288, mean=0.583750, stdev=0.182827, best fit=0.699200, best_overall=0.699200, mean_diversity=0.052602,
indivs=7028408, elapsed_secs=16310, mean=0.531545, stdev=0.072641, best fit=0.699200, best_overall=0.699200, mean_diversity=0.218644,
indivs=7038506, elapsed_secs=16329, mean=0.576991, stdev=0.108425, best fit=0.699200, best_overall=0.699200, mean_diversity=0.234840,
indivs=7048604, elapsed_secs=16348, mean=0.476509, stdev=0.111129, best fit=0.699200, best_overall=0.699200, mean_diversity=0.211365,
indivs=7058702, elapsed_secs=16368, mean=0.535701, stdev=0.182243, best fit=0.699200, best_overall=0.699200, mean_diversity=0.268376,
indivs=7068800, elapsed_secs=16388, mean=0.525737, stdev=0.143519, best fit=0.699200, best_overall=0.699200, mean_diversity=0.328750,
indivs=7078898, elapsed_secs=16410, mean=0.613067, stdev=0.100105, best fit=0.699200, best_overall=0.699200, mean_diversity=0.128922,
indivs=7088996, elapsed_secs=16429, mean=0.555583, stdev=0.188286, best fit=0.699200, best_overall=0.699200, mean_diversity=0.097851,
indivs=7099094, elapsed_secs=16451, mean=0.575303, stdev=0.191535, best fit=0.699200, best_overall=0.699200, mean_diversity=0.113254,
indivs=7109192, elapsed_secs=16472, mean=0.585506, stdev=0.173421, best fit=0.699200, best_overall=0.699200, mean_diversity=0.160726,
indivs=7119290, elapsed_secs=16491, mean=0.503450, stdev=0.065000, best fit=0.699200, best_overall=0.699200, mean_diversity=0.256550,
indivs=7129388, elapsed_secs=16514, mean=0.517178, stdev=0.145744, best fit=0.699200, best_overall=0.699200, mean_diversity=0.351471,
indivs=7139486, elapsed_secs=16535, mean=0.498044, stdev=0.056016, best fit=0.699200, best_overall=0.699200, mean_diversity=0.117408,
indivs=7149584, elapsed_secs=16555, mean=0.493778, stdev=0.054450, best fit=0.699200, best_overall=0.699200, mean_diversity=0.105125,
indivs=7159682, elapsed_secs=16573, mean=0.607899, stdev=0.142908, best fit=0.699200, best_overall=0.699200, mean_diversity=0.260177,
indivs=7169780, elapsed_secs=16593, mean=0.646683, stdev=0.116857, best fit=0.699200, best_overall=0.699200, mean_diversity=0.040778,
indivs=7179878, elapsed_secs=16613, mean=0.514917, stdev=0.128748, best fit=0.699200, best_overall=0.699200, mean_diversity=0.268889,
indivs=7189976, elapsed_secs=16633, mean=0.578776, stdev=0.208221, best fit=0.699200, best_overall=0.699200, mean_diversity=0.064535,
indivs=7200074, elapsed_secs=16652, mean=0.531936, stdev=0.091673, best fit=0.699200, best_overall=0.699200, mean_diversity=0.313738,
indivs=7210172, elapsed_secs=16671, mean=0.556906, stdev=0.137632, best fit=0.699200, best_overall=0.699200, mean_diversity=0.259603,
indivs=7220270, elapsed_secs=16691, mean=0.616730, stdev=0.096205, best fit=0.699200, best_overall=0.699200, mean_diversity=0.272483,
indivs=7230368, elapsed_secs=16709, mean=0.539137, stdev=0.095780, best fit=0.699200, best_overall=0.699200, mean_diversity=0.267702,
indivs=7240466, elapsed_secs=16726, mean=0.553947, stdev=0.182524, best fit=0.699300, best_overall=0.699300, mean_diversity=0.150842,
indivs=7250564, elapsed_secs=16741, mean=0.497327, stdev=0.055695, best fit=0.699300, best_overall=0.699300, mean_diversity=0.299498,
indivs=7260662, elapsed_secs=16754, mean=0.501992, stdev=0.019830, best fit=0.699300, best_overall=0.699300, mean_diversity=0.069958,
indivs=7270760, elapsed_secs=16771, mean=0.563656, stdev=0.135380, best fit=0.699300, best_overall=0.699300, mean_diversity=0.141963,
indivs=7280858, elapsed_secs=16789, mean=0.469834, stdev=0.110167, best fit=0.699300, best_overall=0.699300, mean_diversity=0.156834,
indivs=7290956, elapsed_secs=16806, mean=0.603002, stdev=0.141168, best fit=0.699300, best_overall=0.699300, mean_diversity=0.065759,
indivs=7301054, elapsed_secs=16822, mean=0.503258, stdev=0.023893, best fit=0.699300, best_overall=0.699300, mean_diversity=0.079509,
indivs=7311152, elapsed_secs=16837, mean=0.552011, stdev=0.104165, best fit=0.699300, best_overall=0.699300, mean_diversity=0.195859,
indivs=7321250, elapsed_secs=16853, mean=0.574133, stdev=0.088628, best fit=0.699300, best_overall=0.699300, mean_diversity=0.198093,
indivs=7331348, elapsed_secs=16868, mean=0.523019, stdev=0.117582, best fit=0.699300, best_overall=0.699300, mean_diversity=0.265202,
indivs=7341446, elapsed_secs=16885, mean=0.576846, stdev=0.170267, best fit=0.699300, best_overall=0.699300, mean_diversity=0.183732,
indivs=7351544, elapsed_secs=16900, mean=0.530175, stdev=0.151143, best fit=0.699300, best_overall=0.699300, mean_diversity=0.159242,
indivs=7361642, elapsed_secs=16914, mean=0.540429, stdev=0.144469, best fit=0.699300, best_overall=0.699300, mean_diversity=0.203547,
indivs=7371740, elapsed_secs=16930, mean=0.495352, stdev=0.044177, best fit=0.699500, best_overall=0.699500, mean_diversity=0.141763,
indivs=7381838, elapsed_secs=16944, mean=0.491994, stdev=0.073034, best fit=0.699500, best_overall=0.699500, mean_diversity=0.246878,
indivs=7391936, elapsed_secs=16959, mean=0.595337, stdev=0.154083, best fit=0.699500, best_overall=0.699500, mean_diversity=0.164286,
indivs=7402034, elapsed_secs=16973, mean=0.534593, stdev=0.112536, best fit=0.699500, best_overall=0.699500, mean_diversity=0.215178,
indivs=7412132, elapsed_secs=16987, mean=0.456073, stdev=0.155480, best fit=0.699500, best_overall=0.699500, mean_diversity=0.084771,
indivs=7422230, elapsed_secs=17000, mean=0.565528, stdev=0.207555, best fit=0.699500, best_overall=0.699500, mean_diversity=0.197627,
indivs=7432328, elapsed_secs=17012, mean=0.496723, stdev=0.053800, best fit=0.699500, best_overall=0.699500, mean_diversity=0.230996,
indivs=7442426, elapsed_secs=17026, mean=0.516179, stdev=0.046248, best fit=0.699500, best_overall=0.699500, mean_diversity=0.222273,
indivs=7452524, elapsed_secs=17039, mean=0.616678, stdev=0.101388, best fit=0.699500, best_overall=0.699500, mean_diversity=0.236176,
indivs=7462622, elapsed_secs=17055, mean=0.508028, stdev=0.114269, best fit=0.699500, best_overall=0.699500, mean_diversity=0.289529,
indivs=7472720, elapsed_secs=17068, mean=0.589990, stdev=0.124760, best fit=0.699500, best_overall=0.699500, mean_diversity=0.231381,
indivs=7482818, elapsed_secs=17084, mean=0.597902, stdev=0.114792, best fit=0.699500, best_overall=0.699500, mean_diversity=0.056403,
indivs=7492916, elapsed_secs=17100, mean=0.562965, stdev=0.100441, best fit=0.699500, best_overall=0.699500, mean_diversity=0.049151,
indivs=7503014, elapsed_secs=17114, mean=0.513078, stdev=0.096371, best fit=0.699500, best_overall=0.699500, mean_diversity=0.226854,
indivs=7513112, elapsed_secs=17129, mean=0.471128, stdev=0.120810, best fit=0.699500, best_overall=0.699500, mean_diversity=0.158729,
indivs=7523210, elapsed_secs=17142, mean=0.541746, stdev=0.153951, best fit=0.699500, best_overall=0.699500, mean_diversity=0.182222,
indivs=7533308, elapsed_secs=17157, mean=0.598751, stdev=0.150053, best fit=0.699500, best_overall=0.699500, mean_diversity=0.117088,
indivs=7543406, elapsed_secs=17173, mean=0.568930, stdev=0.191210, best fit=0.699500, best_overall=0.699500, mean_diversity=0.217115,
indivs=7553504, elapsed_secs=17187, mean=0.505243, stdev=0.107560, best fit=0.699500, best_overall=0.699500, mean_diversity=0.235000,
indivs=7563602, elapsed_secs=17200, mean=0.532635, stdev=0.085992, best fit=0.699500, best_overall=0.699500, mean_diversity=0.203541,
indivs=7573700, elapsed_secs=17214, mean=0.579021, stdev=0.159941, best fit=0.699500, best_overall=0.699500, mean_diversity=0.138801,
indivs=7583798, elapsed_secs=17230, mean=0.595270, stdev=0.109322, best fit=0.699500, best_overall=0.699500, mean_diversity=0.130962,
indivs=7593896, elapsed_secs=17242, mean=0.492489, stdev=0.080281, best fit=0.699500, best_overall=0.699500, mean_diversity=0.148967,
indivs=7603994, elapsed_secs=17255, mean=0.536600, stdev=0.121772, best fit=0.699500, best_overall=0.699500, mean_diversity=0.217521,
indivs=7614092, elapsed_secs=17271, mean=0.531407, stdev=0.081489, best fit=0.699500, best_overall=0.699500, mean_diversity=0.205245,
indivs=7624190, elapsed_secs=17288, mean=0.531945, stdev=0.065138, best fit=0.699500, best_overall=0.699500, mean_diversity=0.281053,
indivs=7634288, elapsed_secs=17302, mean=0.546409, stdev=0.153185, best fit=0.699500, best_overall=0.699500, mean_diversity=0.139101,
indivs=7644386, elapsed_secs=17314, mean=0.550181, stdev=0.100818, best fit=0.699500, best_overall=0.699500, mean_diversity=0.293467,
indivs=7654484, elapsed_secs=17328, mean=0.593821, stdev=0.141087, best fit=0.699500, best_overall=0.699500, mean_diversity=0.079819,
indivs=7664582, elapsed_secs=17343, mean=0.561030, stdev=0.132349, best fit=0.699500, best_overall=0.699500, mean_diversity=0.169448,
indivs=7674680, elapsed_secs=17360, mean=0.614062, stdev=0.139191, best fit=0.699500, best_overall=0.699500, mean_diversity=0.160275,
indivs=7684778, elapsed_secs=17374, mean=0.494212, stdev=0.098354, best fit=0.699500, best_overall=0.699500, mean_diversity=0.169790,
indivs=7694876, elapsed_secs=17391, mean=0.524739, stdev=0.135117, best fit=0.699500, best_overall=0.699500, mean_diversity=0.323571,
indivs=7704974, elapsed_secs=17403, mean=0.513531, stdev=0.113969, best fit=0.699500, best_overall=0.699500, mean_diversity=0.183887,
indivs=7715072, elapsed_secs=17415, mean=0.583353, stdev=0.182443, best fit=0.699500, best_overall=0.699500, mean_diversity=0.134652,
indivs=7725170, elapsed_secs=17430, mean=0.570278, stdev=0.130287, best fit=0.699500, best_overall=0.699500, mean_diversity=0.155684,
indivs=7735268, elapsed_secs=17443, mean=0.562399, stdev=0.118124, best fit=0.699500, best_overall=0.699500, mean_diversity=0.219347,
indivs=7745366, elapsed_secs=17456, mean=0.550082, stdev=0.077350, best fit=0.699500, best_overall=0.699500, mean_diversity=0.234076,
indivs=7755464, elapsed_secs=17468, mean=0.506901, stdev=0.161210, best fit=0.699500, best_overall=0.699500, mean_diversity=0.284528,
indivs=7765562, elapsed_secs=17481, mean=0.569245, stdev=0.132141, best fit=0.699500, best_overall=0.699500, mean_diversity=0.198679,
indivs=7775660, elapsed_secs=17498, mean=0.562234, stdev=0.173661, best fit=0.699500, best_overall=0.699500, mean_diversity=0.129766,
indivs=7785758, elapsed_secs=17512, mean=0.506078, stdev=0.104673, best fit=0.699500, best_overall=0.699500, mean_diversity=0.247725,
indivs=7795856, elapsed_secs=17527, mean=0.592624, stdev=0.171827, best fit=0.699500, best_overall=0.699500, mean_diversity=0.101153,
indivs=7805954, elapsed_secs=17541, mean=0.596115, stdev=0.103134, best fit=0.699500, best_overall=0.699500, mean_diversity=0.105390,
indivs=7816052, elapsed_secs=17555, mean=0.564673, stdev=0.091057, best fit=0.699500, best_overall=0.699500, mean_diversity=0.429259,
indivs=7826150, elapsed_secs=17570, mean=0.503558, stdev=0.033345, best fit=0.699500, best_overall=0.699500, mean_diversity=0.226042,
indivs=7836248, elapsed_secs=17584, mean=0.581253, stdev=0.120966, best fit=0.699500, best_overall=0.699500, mean_diversity=0.100156,
indivs=7846346, elapsed_secs=17601, mean=0.629281, stdev=0.079891, best fit=0.699500, best_overall=0.699500, mean_diversity=0.162886,
indivs=7856444, elapsed_secs=17618, mean=0.573166, stdev=0.107555, best fit=0.699500, best_overall=0.699500, mean_diversity=0.149522,
indivs=7866542, elapsed_secs=17631, mean=0.592535, stdev=0.108440, best fit=0.699500, best_overall=0.699500, mean_diversity=0.153423,
indivs=7876640, elapsed_secs=17644, mean=0.502944, stdev=0.133912, best fit=0.699500, best_overall=0.699500, mean_diversity=0.293125,
indivs=7886738, elapsed_secs=17660, mean=0.515214, stdev=0.048151, best fit=0.699500, best_overall=0.699500, mean_diversity=0.137106,
indivs=7896836, elapsed_secs=17673, mean=0.578508, stdev=0.112123, best fit=0.699500, best_overall=0.699500, mean_diversity=0.322934,
indivs=7906934, elapsed_secs=17686, mean=0.616882, stdev=0.093504, best fit=0.699500, best_overall=0.699500, mean_diversity=0.116521,
indivs=7917032, elapsed_secs=17701, mean=0.560682, stdev=0.104673, best fit=0.699500, best_overall=0.699500, mean_diversity=0.434490,
indivs=7927130, elapsed_secs=17715, mean=0.524338, stdev=0.059767, best fit=0.699500, best_overall=0.699500, mean_diversity=0.261824,
indivs=7937228, elapsed_secs=17729, mean=0.554398, stdev=0.153617, best fit=0.699500, best_overall=0.699500, mean_diversity=0.152670,
indivs=7947326, elapsed_secs=17745, mean=0.584992, stdev=0.148208, best fit=0.699500, best_overall=0.699500, mean_diversity=0.164418,
indivs=7957424, elapsed_secs=17758, mean=0.580503, stdev=0.149814, best fit=0.699500, best_overall=0.699500, mean_diversity=0.158894,
indivs=7967522, elapsed_secs=17771, mean=0.582307, stdev=0.102250, best fit=0.699500, best_overall=0.699500, mean_diversity=0.162326,
indivs=7977620, elapsed_secs=17783, mean=0.534381, stdev=0.093768, best fit=0.699500, best_overall=0.699500, mean_diversity=0.253172,
indivs=7987718, elapsed_secs=17794, mean=0.624376, stdev=0.116928, best fit=0.699500, best_overall=0.699500, mean_diversity=0.048261,
indivs=7997816, elapsed_secs=17809, mean=0.549131, stdev=0.094747, best fit=0.699500, best_overall=0.699500, mean_diversity=0.410490,
indivs=8007914, elapsed_secs=17821, mean=0.542606, stdev=0.115258, best fit=0.699500, best_overall=0.699500, mean_diversity=0.312973,
indivs=8018012, elapsed_secs=17831, mean=0.537962, stdev=0.090748, best fit=0.699500, best_overall=0.699500, mean_diversity=0.262490,
indivs=8028110, elapsed_secs=17843, mean=0.486672, stdev=0.126578, best fit=0.699500, best_overall=0.699500, mean_diversity=0.338130,
indivs=8038208, elapsed_secs=17856, mean=0.574023, stdev=0.163294, best fit=0.699500, best_overall=0.699500, mean_diversity=0.156863,
indivs=8048306, elapsed_secs=17870, mean=0.554095, stdev=0.176925, best fit=0.699500, best_overall=0.699500, mean_diversity=0.348832,
indivs=8058404, elapsed_secs=17882, mean=0.486995, stdev=0.087914, best fit=0.699500, best_overall=0.699500, mean_diversity=0.248951,
indivs=8068502, elapsed_secs=17896, mean=0.591890, stdev=0.126630, best fit=0.699500, best_overall=0.699500, mean_diversity=0.126512,
indivs=8078600, elapsed_secs=17911, mean=0.574853, stdev=0.172328, best fit=0.699500, best_overall=0.699500, mean_diversity=0.100902,
indivs=8088698, elapsed_secs=17926, mean=0.484192, stdev=0.152554, best fit=0.699500, best_overall=0.699500, mean_diversity=0.346800,
indivs=8098796, elapsed_secs=17941, mean=0.536115, stdev=0.103893, best fit=0.699500, best_overall=0.699500, mean_diversity=0.295385,
indivs=8108894, elapsed_secs=17954, mean=0.485118, stdev=0.089947, best fit=0.699500, best_overall=0.699500, mean_diversity=0.246126,
indivs=8118992, elapsed_secs=17967, mean=0.563040, stdev=0.122936, best fit=0.699500, best_overall=0.699500, mean_diversity=0.244408,
indivs=8129090, elapsed_secs=17979, mean=0.501995, stdev=0.019850, best fit=0.699500, best_overall=0.699500, mean_diversity=0.043452,
indivs=8139188, elapsed_secs=17993, mean=0.549569, stdev=0.082309, best fit=0.699500, best_overall=0.699500, mean_diversity=0.185549,
indivs=8149286, elapsed_secs=18009, mean=0.548329, stdev=0.166661, best fit=0.699500, best_overall=0.699500, mean_diversity=0.194877,
indivs=8159384, elapsed_secs=18021, mean=0.516653, stdev=0.102695, best fit=0.699500, best_overall=0.699500, mean_diversity=0.296115,
indivs=8169482, elapsed_secs=18035, mean=0.579474, stdev=0.137330, best fit=0.699500, best_overall=0.699500, mean_diversity=0.178662,
indivs=8179580, elapsed_secs=18050, mean=0.501447, stdev=0.129639, best fit=0.699500, best_overall=0.699500, mean_diversity=0.333208,
indivs=8189678, elapsed_secs=18064, mean=0.632335, stdev=0.104346, best fit=0.699500, best_overall=0.699500, mean_diversity=0.134488,
indivs=8199776, elapsed_secs=18078, mean=0.550233, stdev=0.155498, best fit=0.699500, best_overall=0.699500, mean_diversity=0.209000,
indivs=8209874, elapsed_secs=18090, mean=0.569459, stdev=0.090750, best fit=0.699500, best_overall=0.699500, mean_diversity=0.192717,
indivs=8219972, elapsed_secs=18102, mean=0.523378, stdev=0.124297, best fit=0.699500, best_overall=0.699500, mean_diversity=0.319082,
indivs=8230070, elapsed_secs=18117, mean=0.518820, stdev=0.048010, best fit=0.699500, best_overall=0.699500, mean_diversity=0.154918,
indivs=8240168, elapsed_secs=18129, mean=0.571548, stdev=0.118656, best fit=0.699500, best_overall=0.699500, mean_diversity=0.233114,
indivs=8250266, elapsed_secs=18142, mean=0.590435, stdev=0.127210, best fit=0.699500, best_overall=0.699500, mean_diversity=0.196069,
indivs=8260364, elapsed_secs=18155, mean=0.504196, stdev=0.121928, best fit=0.699500, best_overall=0.699500, mean_diversity=0.165758,
indivs=8270462, elapsed_secs=18172, mean=0.549176, stdev=0.114999, best fit=0.699500, best_overall=0.699500, mean_diversity=0.329716,
indivs=8280560, elapsed_secs=18184, mean=0.552224, stdev=0.165819, best fit=0.699500, best_overall=0.699500, mean_diversity=0.258868,
indivs=8290658, elapsed_secs=18197, mean=0.535782, stdev=0.190231, best fit=0.699500, best_overall=0.699500, mean_diversity=0.332189,
indivs=8300756, elapsed_secs=18211, mean=0.491762, stdev=0.137375, best fit=0.699500, best_overall=0.699500, mean_diversity=0.160426,
indivs=8310854, elapsed_secs=18226, mean=0.560916, stdev=0.135879, best fit=0.699500, best_overall=0.699500, mean_diversity=0.206410,
indivs=8320952, elapsed_secs=18239, mean=0.552670, stdev=0.129383, best fit=0.699500, best_overall=0.699500, mean_diversity=0.370206,
indivs=8331050, elapsed_secs=18253, mean=0.613530, stdev=0.165757, best fit=0.699500, best_overall=0.699500, mean_diversity=0.083679,
indivs=8341148, elapsed_secs=18269, mean=0.566282, stdev=0.087113, best fit=0.699500, best_overall=0.699500, mean_diversity=0.167802,
indivs=8351246, elapsed_secs=18280, mean=0.554589, stdev=0.113470, best fit=0.699500, best_overall=0.699500, mean_diversity=0.194113,
indivs=8361344, elapsed_secs=18294, mean=0.511651, stdev=0.150240, best fit=0.699500, best_overall=0.699500, mean_diversity=0.332241,
indivs=8371442, elapsed_secs=18306, mean=0.593312, stdev=0.104130, best fit=0.699500, best_overall=0.699500, mean_diversity=0.054162,
indivs=8381540, elapsed_secs=18321, mean=0.594189, stdev=0.124125, best fit=0.699500, best_overall=0.699500, mean_diversity=0.262466,
indivs=8391638, elapsed_secs=18336, mean=0.593931, stdev=0.110262, best fit=0.699500, best_overall=0.699500, mean_diversity=0.230687,
indivs=8401736, elapsed_secs=18351, mean=0.599488, stdev=0.126294, best fit=0.699500, best_overall=0.699500, mean_diversity=0.109926,
indivs=8411834, elapsed_secs=18363, mean=0.562131, stdev=0.134718, best fit=0.699500, best_overall=0.699500, mean_diversity=0.326379,
indivs=8421932, elapsed_secs=18377, mean=0.512487, stdev=0.107155, best fit=0.699500, best_overall=0.699500, mean_diversity=0.130587,
indivs=8432030, elapsed_secs=18390, mean=0.504899, stdev=0.061571, best fit=0.699500, best_overall=0.699500, mean_diversity=0.248996,
indivs=8442128, elapsed_secs=18405, mean=0.627807, stdev=0.134943, best fit=0.699500, best_overall=0.699500, mean_diversity=0.106289,
indivs=8452226, elapsed_secs=18418, mean=0.484932, stdev=0.100392, best fit=0.699500, best_overall=0.699500, mean_diversity=0.238514,
indivs=8462324, elapsed_secs=18433, mean=0.596055, stdev=0.193151, best fit=0.699500, best_overall=0.699500, mean_diversity=0.121980,
indivs=8472422, elapsed_secs=18449, mean=0.505302, stdev=0.030496, best fit=0.699500, best_overall=0.699500, mean_diversity=0.112974,
indivs=8482520, elapsed_secs=18464, mean=0.577307, stdev=0.124170, best fit=0.699500, best_overall=0.699500, mean_diversity=0.236812,
indivs=8492618, elapsed_secs=18475, mean=0.595627, stdev=0.125109, best fit=0.699500, best_overall=0.699500, mean_diversity=0.086979,
indivs=8502716, elapsed_secs=18487, mean=0.596026, stdev=0.161171, best fit=0.699500, best_overall=0.699500, mean_diversity=0.123063,
indivs=8512814, elapsed_secs=18499, mean=0.458542, stdev=0.116372, best fit=0.699500, best_overall=0.699500, mean_diversity=0.220219,
indivs=8522912, elapsed_secs=18511, mean=0.563283, stdev=0.093074, best fit=0.699500, best_overall=0.699500, mean_diversity=0.104596,
indivs=8533010, elapsed_secs=18526, mean=0.505320, stdev=0.030659, best fit=0.699500, best_overall=0.699500, mean_diversity=0.068470,
indivs=8543108, elapsed_secs=18541, mean=0.581400, stdev=0.112426, best fit=0.699500, best_overall=0.699500, mean_diversity=0.105236,
indivs=8553206, elapsed_secs=18553, mean=0.479479, stdev=0.161135, best fit=0.699500, best_overall=0.699500, mean_diversity=0.193655,
indivs=8563304, elapsed_secs=18568, mean=0.501489, stdev=0.037814, best fit=0.699500, best_overall=0.699500, mean_diversity=0.371065,
indivs=8573402, elapsed_secs=18580, mean=0.513872, stdev=0.068361, best fit=0.699500, best_overall=0.699500, mean_diversity=0.447876,
indivs=8583500, elapsed_secs=18592, mean=0.491688, stdev=0.133632, best fit=0.699500, best_overall=0.699500, mean_diversity=0.390345,
indivs=8593598, elapsed_secs=18606, mean=0.562339, stdev=0.107519, best fit=0.699500, best_overall=0.699500, mean_diversity=0.140699,
indivs=8603696, elapsed_secs=18618, mean=0.554045, stdev=0.103531, best fit=0.699500, best_overall=0.699500, mean_diversity=0.162667,
indivs=8613794, elapsed_secs=18634, mean=0.500192, stdev=0.095998, best fit=0.699500, best_overall=0.699500, mean_diversity=0.295566,
indivs=8623892, elapsed_secs=18649, mean=0.606256, stdev=0.130447, best fit=0.699500, best_overall=0.699500, mean_diversity=0.215995,
indivs=8633990, elapsed_secs=18665, mean=0.622866, stdev=0.090754, best fit=0.699500, best_overall=0.699500, mean_diversity=0.164152,
indivs=8644088, elapsed_secs=18678, mean=0.520732, stdev=0.101988, best fit=0.699500, best_overall=0.699500, mean_diversity=0.347638,
indivs=8654186, elapsed_secs=18695, mean=0.572292, stdev=0.071940, best fit=0.699500, best_overall=0.699500, mean_diversity=0.252107,
indivs=8664284, elapsed_secs=18709, mean=0.505405, stdev=0.068558, best fit=0.699500, best_overall=0.699500, mean_diversity=0.216490,
indivs=8674382, elapsed_secs=18725, mean=0.563243, stdev=0.119778, best fit=0.699500, best_overall=0.699500, mean_diversity=0.149812,
indivs=8684480, elapsed_secs=18739, mean=0.616993, stdev=0.154954, best fit=0.699500, best_overall=0.699500, mean_diversity=0.117716,
indivs=8694578, elapsed_secs=18753, mean=0.514757, stdev=0.139187, best fit=0.699500, best_overall=0.699500, mean_diversity=0.247097,
indivs=8704676, elapsed_secs=18768, mean=0.513114, stdev=0.096792, best fit=0.699500, best_overall=0.699500, mean_diversity=0.350990,
indivs=8714774, elapsed_secs=18781, mean=0.544595, stdev=0.142648, best fit=0.699500, best_overall=0.699500, mean_diversity=0.240548,
indivs=8724872, elapsed_secs=18795, mean=0.570221, stdev=0.145769, best fit=0.699500, best_overall=0.699500, mean_diversity=0.115816,
indivs=8734970, elapsed_secs=18807, mean=0.502440, stdev=0.028916, best fit=0.699500, best_overall=0.699500, mean_diversity=0.387735,
indivs=8745068, elapsed_secs=18821, mean=0.630061, stdev=0.105151, best fit=0.699500, best_overall=0.699500, mean_diversity=0.080687,
indivs=8755166, elapsed_secs=18834, mean=0.493290, stdev=0.161416, best fit=0.699500, best_overall=0.699500, mean_diversity=0.405725,
indivs=8765264, elapsed_secs=18847, mean=0.605608, stdev=0.134337, best fit=0.699500, best_overall=0.699500, mean_diversity=0.121657,
indivs=8775362, elapsed_secs=18862, mean=0.551288, stdev=0.175477, best fit=0.699500, best_overall=0.699500, mean_diversity=0.223773,
indivs=8785460, elapsed_secs=18876, mean=0.521114, stdev=0.055372, best fit=0.699500, best_overall=0.699500, mean_diversity=0.177039,
indivs=8795558, elapsed_secs=18891, mean=0.575517, stdev=0.125699, best fit=0.699500, best_overall=0.699500, mean_diversity=0.207515,
indivs=8805656, elapsed_secs=18906, mean=0.479066, stdev=0.208519, best fit=0.699500, best_overall=0.699500, mean_diversity=0.352723,
indivs=8815754, elapsed_secs=18920, mean=0.586193, stdev=0.134340, best fit=0.699500, best_overall=0.699500, mean_diversity=0.210783,
indivs=8825852, elapsed_secs=18935, mean=0.534060, stdev=0.150411, best fit=0.699500, best_overall=0.699500, mean_diversity=0.210725,
indivs=8835950, elapsed_secs=18949, mean=0.555268, stdev=0.151673, best fit=0.699500, best_overall=0.699500, mean_diversity=0.193664,
indivs=8846048, elapsed_secs=18964, mean=0.579530, stdev=0.093583, best fit=0.699500, best_overall=0.699500, mean_diversity=0.219956,
indivs=8856146, elapsed_secs=18978, mean=0.597134, stdev=0.141585, best fit=0.699500, best_overall=0.699500, mean_diversity=0.112409,
indivs=8866244, elapsed_secs=18992, mean=0.536887, stdev=0.183462, best fit=0.699500, best_overall=0.699500, mean_diversity=0.172570,
indivs=8876342, elapsed_secs=19008, mean=0.540430, stdev=0.070644, best fit=0.699500, best_overall=0.699500, mean_diversity=0.541506,
indivs=8886440, elapsed_secs=19023, mean=0.538139, stdev=0.094829, best fit=0.699500, best_overall=0.699500, mean_diversity=0.101912,
indivs=8896538, elapsed_secs=19037, mean=0.541182, stdev=0.098065, best fit=0.699500, best_overall=0.699500, mean_diversity=0.374344,
indivs=8906636, elapsed_secs=19053, mean=0.514720, stdev=0.096658, best fit=0.699500, best_overall=0.699500, mean_diversity=0.222146,
indivs=8916734, elapsed_secs=19069, mean=0.530880, stdev=0.125876, best fit=0.699500, best_overall=0.699500, mean_diversity=0.198077,
indivs=8926832, elapsed_secs=19083, mean=0.541360, stdev=0.062271, best fit=0.699500, best_overall=0.699500, mean_diversity=0.107867,
indivs=8936930, elapsed_secs=19098, mean=0.477276, stdev=0.162939, best fit=0.699500, best_overall=0.699500, mean_diversity=0.457633,
indivs=8947028, elapsed_secs=19114, mean=0.494724, stdev=0.067282, best fit=0.699500, best_overall=0.699500, mean_diversity=0.146745,
indivs=8957126, elapsed_secs=19129, mean=0.532274, stdev=0.061481, best fit=0.699500, best_overall=0.699500, mean_diversity=0.232746,
indivs=8967224, elapsed_secs=19147, mean=0.499716, stdev=0.102777, best fit=0.699500, best_overall=0.699500, mean_diversity=0.101889,
indivs=8977322, elapsed_secs=19160, mean=0.500014, stdev=0.028249, best fit=0.699500, best_overall=0.699500, mean_diversity=0.117563,
indivs=8987420, elapsed_secs=19172, mean=0.603803, stdev=0.115179, best fit=0.699500, best_overall=0.699500, mean_diversity=0.068123,
indivs=8997518, elapsed_secs=19189, mean=0.497644, stdev=0.177172, best fit=0.699500, best_overall=0.699500, mean_diversity=0.228377,
indivs=9007616, elapsed_secs=19202, mean=0.503196, stdev=0.087626, best fit=0.699500, best_overall=0.699500, mean_diversity=0.265832,
indivs=9017714, elapsed_secs=19214, mean=0.510812, stdev=0.093487, best fit=0.699500, best_overall=0.699500, mean_diversity=0.194302,
indivs=9027812, elapsed_secs=19234, mean=0.568952, stdev=0.125520, best fit=0.699500, best_overall=0.699500, mean_diversity=0.182105,
indivs=9037910, elapsed_secs=19249, mean=0.546837, stdev=0.102311, best fit=0.699500, best_overall=0.699500, mean_diversity=0.300064,
indivs=9048008, elapsed_secs=19262, mean=0.540456, stdev=0.076905, best fit=0.699500, best_overall=0.699500, mean_diversity=0.238194,
indivs=9058106, elapsed_secs=19278, mean=0.556505, stdev=0.067640, best fit=0.699500, best_overall=0.699500, mean_diversity=0.221224,
indivs=9068204, elapsed_secs=19295, mean=0.532908, stdev=0.102553, best fit=0.699500, best_overall=0.699500, mean_diversity=0.286406,
indivs=9078302, elapsed_secs=19309, mean=0.524261, stdev=0.063733, best fit=0.699500, best_overall=0.699500, mean_diversity=0.286652,
indivs=9088400, elapsed_secs=19324, mean=0.642456, stdev=0.132232, best fit=0.699500, best_overall=0.699500, mean_diversity=0.162908,
indivs=9098498, elapsed_secs=19337, mean=0.501995, stdev=0.019850, best fit=0.699500, best_overall=0.699500, mean_diversity=0.075287,
indivs=9108596, elapsed_secs=19350, mean=0.506107, stdev=0.080680, best fit=0.699500, best_overall=0.699500, mean_diversity=0.259698,
indivs=9118694, elapsed_secs=19363, mean=0.515174, stdev=0.082270, best fit=0.699500, best_overall=0.699500, mean_diversity=0.290131,
indivs=9128792, elapsed_secs=19376, mean=0.459596, stdev=0.150517, best fit=0.699500, best_overall=0.699500, mean_diversity=0.077726,
indivs=9138890, elapsed_secs=19391, mean=0.610380, stdev=0.106292, best fit=0.699500, best_overall=0.699500, mean_diversity=0.077426,
indivs=9148988, elapsed_secs=19404, mean=0.596592, stdev=0.113081, best fit=0.699500, best_overall=0.699500, mean_diversity=0.155793,
indivs=9159086, elapsed_secs=19417, mean=0.551573, stdev=0.156686, best fit=0.699500, best_overall=0.699500, mean_diversity=0.093373,
indivs=9169184, elapsed_secs=19430, mean=0.552574, stdev=0.131435, best fit=0.699500, best_overall=0.699500, mean_diversity=0.250070,
indivs=9179282, elapsed_secs=19444, mean=0.522713, stdev=0.047144, best fit=0.699500, best_overall=0.699500, mean_diversity=0.226939,
indivs=9189380, elapsed_secs=19458, mean=0.523263, stdev=0.107737, best fit=0.699500, best_overall=0.699500, mean_diversity=0.185069,
indivs=9199478, elapsed_secs=19473, mean=0.488256, stdev=0.143886, best fit=0.699500, best_overall=0.699500, mean_diversity=0.238121,
indivs=9209576, elapsed_secs=19489, mean=0.552913, stdev=0.136871, best fit=0.699500, best_overall=0.699500, mean_diversity=0.103227,
indivs=9219674, elapsed_secs=19504, mean=0.492417, stdev=0.204438, best fit=0.699500, best_overall=0.699500, mean_diversity=0.104339,
indivs=9229772, elapsed_secs=19519, mean=0.562694, stdev=0.066298, best fit=0.699500, best_overall=0.699500, mean_diversity=0.101615,
indivs=9239870, elapsed_secs=19536, mean=0.544775, stdev=0.144101, best fit=0.699500, best_overall=0.699500, mean_diversity=0.230187,
indivs=9249968, elapsed_secs=19552, mean=0.551747, stdev=0.203946, best fit=0.699500, best_overall=0.699500, mean_diversity=0.356111,
indivs=9260066, elapsed_secs=19569, mean=0.592131, stdev=0.148498, best fit=0.699500, best_overall=0.699500, mean_diversity=0.169217,
indivs=9270164, elapsed_secs=19583, mean=0.574710, stdev=0.125354, best fit=0.699500, best_overall=0.699500, mean_diversity=0.239507,
indivs=9280262, elapsed_secs=19596, mean=0.509301, stdev=0.117962, best fit=0.699600, best_overall=0.699600, mean_diversity=0.193652,
indivs=9290360, elapsed_secs=19607, mean=0.570303, stdev=0.101337, best fit=0.699600, best_overall=0.699600, mean_diversity=0.152124,
indivs=9300458, elapsed_secs=19618, mean=0.495154, stdev=0.033150, best fit=0.699600, best_overall=0.699600, mean_diversity=0.158437,
indivs=9310556, elapsed_secs=19632, mean=0.491876, stdev=0.079392, best fit=0.699600, best_overall=0.699600, mean_diversity=0.319789,
indivs=9320654, elapsed_secs=19643, mean=0.565165, stdev=0.137260, best fit=0.699600, best_overall=0.699600, mean_diversity=0.240165,
indivs=9330752, elapsed_secs=19655, mean=0.562265, stdev=0.108098, best fit=0.699600, best_overall=0.699600, mean_diversity=0.174089,
indivs=9340850, elapsed_secs=19666, mean=0.518310, stdev=0.060545, best fit=0.699600, best_overall=0.699600, mean_diversity=0.250431,
indivs=9350948, elapsed_secs=19676, mean=0.537936, stdev=0.083678, best fit=0.699600, best_overall=0.699600, mean_diversity=0.290868,
indivs=9361046, elapsed_secs=19687, mean=0.514709, stdev=0.111415, best fit=0.699600, best_overall=0.699600, mean_diversity=0.268648,
indivs=9371144, elapsed_secs=19698, mean=0.518633, stdev=0.156718, best fit=0.699600, best_overall=0.699600, mean_diversity=0.319159,
indivs=9381242, elapsed_secs=19710, mean=0.589387, stdev=0.101321, best fit=0.699600, best_overall=0.699600, mean_diversity=0.239014,
indivs=9391340, elapsed_secs=19722, mean=0.516559, stdev=0.075291, best fit=0.699600, best_overall=0.699600, mean_diversity=0.286868,
indivs=9401438, elapsed_secs=19734, mean=0.603707, stdev=0.150492, best fit=0.699600, best_overall=0.699600, mean_diversity=0.132785,
indivs=9411536, elapsed_secs=19746, mean=0.474842, stdev=0.141569, best fit=0.699600, best_overall=0.699600, mean_diversity=0.186403,
indivs=9421634, elapsed_secs=19758, mean=0.586561, stdev=0.103800, best fit=0.699600, best_overall=0.699600, mean_diversity=0.109266,
indivs=9431732, elapsed_secs=19769, mean=0.519996, stdev=0.160139, best fit=0.699600, best_overall=0.699600, mean_diversity=0.112942,
indivs=9441830, elapsed_secs=19782, mean=0.505972, stdev=0.032971, best fit=0.699600, best_overall=0.699600, mean_diversity=0.091030,
indivs=9451928, elapsed_secs=19793, mean=0.548141, stdev=0.100697, best fit=0.699600, best_overall=0.699600, mean_diversity=0.398783,
indivs=9462026, elapsed_secs=19802, mean=0.565525, stdev=0.113909, best fit=0.699600, best_overall=0.699600, mean_diversity=0.141054,
indivs=9472124, elapsed_secs=19812, mean=0.581304, stdev=0.117430, best fit=0.699600, best_overall=0.699600, mean_diversity=0.173942,
indivs=9482222, elapsed_secs=19822, mean=0.550289, stdev=0.132063, best fit=0.699600, best_overall=0.699600, mean_diversity=0.165355,
indivs=9492320, elapsed_secs=19831, mean=0.565727, stdev=0.094919, best fit=0.699600, best_overall=0.699600, mean_diversity=0.313736,
indivs=9502418, elapsed_secs=19842, mean=0.496029, stdev=0.114468, best fit=0.699600, best_overall=0.699600, mean_diversity=0.120197,
indivs=9512516, elapsed_secs=19852, mean=0.531025, stdev=0.108943, best fit=0.699600, best_overall=0.699600, mean_diversity=0.266379,
indivs=9522614, elapsed_secs=19860, mean=0.545758, stdev=0.081276, best fit=0.699600, best_overall=0.699600, mean_diversity=0.259864,
indivs=9532712, elapsed_secs=19874, mean=0.528688, stdev=0.065630, best fit=0.699600, best_overall=0.699600, mean_diversity=0.421765,
indivs=9542810, elapsed_secs=19884, mean=0.605618, stdev=0.141113, best fit=0.699600, best_overall=0.699600, mean_diversity=0.136148,
indivs=9552908, elapsed_secs=19895, mean=0.540259, stdev=0.114294, best fit=0.699600, best_overall=0.699600, mean_diversity=0.290519,
indivs=9563006, elapsed_secs=19907, mean=0.503994, stdev=0.136890, best fit=0.699600, best_overall=0.699600, mean_diversity=0.321836,
indivs=9573104, elapsed_secs=19917, mean=0.463490, stdev=0.129385, best fit=0.699600, best_overall=0.699600, mean_diversity=0.122809,
indivs=9583202, elapsed_secs=19931, mean=0.557252, stdev=0.141629, best fit=0.699600, best_overall=0.699600, mean_diversity=0.064846,
indivs=9593300, elapsed_secs=19941, mean=0.552493, stdev=0.097880, best fit=0.699600, best_overall=0.699600, mean_diversity=0.212183,
indivs=9603398, elapsed_secs=19951, mean=0.616412, stdev=0.116610, best fit=0.699600, best_overall=0.699600, mean_diversity=0.122765,
indivs=9613496, elapsed_secs=19961, mean=0.561489, stdev=0.123606, best fit=0.699600, best_overall=0.699600, mean_diversity=0.330076,
indivs=9623594, elapsed_secs=19970, mean=0.548343, stdev=0.093293, best fit=0.699600, best_overall=0.699600, mean_diversity=0.051004,
indivs=9633692, elapsed_secs=19982, mean=0.532682, stdev=0.087807, best fit=0.699600, best_overall=0.699600, mean_diversity=0.248043,
indivs=9643790, elapsed_secs=19990, mean=0.569509, stdev=0.106643, best fit=0.699600, best_overall=0.699600, mean_diversity=0.132244,
indivs=9653888, elapsed_secs=19999, mean=0.523605, stdev=0.125875, best fit=0.699600, best_overall=0.699600, mean_diversity=0.435581,
indivs=9663986, elapsed_secs=20009, mean=0.503980, stdev=0.027625, best fit=0.699600, best_overall=0.699600, mean_diversity=0.077938,
indivs=9674084, elapsed_secs=20020, mean=0.542788, stdev=0.065826, best fit=0.699600, best_overall=0.699600, mean_diversity=0.416496,
indivs=9684182, elapsed_secs=20029, mean=0.585844, stdev=0.085704, best fit=0.699600, best_overall=0.699600, mean_diversity=0.289369,
indivs=9694280, elapsed_secs=20040, mean=0.500346, stdev=0.063603, best fit=0.699600, best_overall=0.699600, mean_diversity=0.183596,
indivs=9704378, elapsed_secs=20049, mean=0.506054, stdev=0.029913, best fit=0.699600, best_overall=0.699600, mean_diversity=0.110383,
indivs=9714476, elapsed_secs=20058, mean=0.523294, stdev=0.100060, best fit=0.699600, best_overall=0.699600, mean_diversity=0.327395,
indivs=9724574, elapsed_secs=20070, mean=0.501356, stdev=0.138067, best fit=0.699600, best_overall=0.699600, mean_diversity=0.262852,
indivs=9734672, elapsed_secs=20081, mean=0.508797, stdev=0.105502, best fit=0.699600, best_overall=0.699600, mean_diversity=0.341903,
indivs=9744770, elapsed_secs=20091, mean=0.602183, stdev=0.122237, best fit=0.699600, best_overall=0.699600, mean_diversity=0.124465,
indivs=9754868, elapsed_secs=20102, mean=0.598306, stdev=0.162209, best fit=0.699600, best_overall=0.699600, mean_diversity=0.113048,
indivs=9764966, elapsed_secs=20111, mean=0.466019, stdev=0.173498, best fit=0.699600, best_overall=0.699600, mean_diversity=0.237618,
indivs=9775064, elapsed_secs=20123, mean=0.603928, stdev=0.151080, best fit=0.699600, best_overall=0.699600, mean_diversity=0.099366,
indivs=9785162, elapsed_secs=20135, mean=0.536944, stdev=0.102300, best fit=0.699600, best_overall=0.699600, mean_diversity=0.187170,
indivs=9795260, elapsed_secs=20145, mean=0.548451, stdev=0.130859, best fit=0.699600, best_overall=0.699600, mean_diversity=0.283240,
indivs=9805358, elapsed_secs=20153, mean=0.536651, stdev=0.126228, best fit=0.699600, best_overall=0.699600, mean_diversity=0.195648,
indivs=9815456, elapsed_secs=20165, mean=0.525193, stdev=0.152089, best fit=0.699600, best_overall=0.699600, mean_diversity=0.150499,
indivs=9825554, elapsed_secs=20177, mean=0.621369, stdev=0.119666, best fit=0.699600, best_overall=0.699600, mean_diversity=0.126613,
indivs=9835652, elapsed_secs=20187, mean=0.618884, stdev=0.122079, best fit=0.699600, best_overall=0.699600, mean_diversity=0.138020,
indivs=9845750, elapsed_secs=20198, mean=0.619277, stdev=0.148812, best fit=0.699600, best_overall=0.699600, mean_diversity=0.199338,
indivs=9855848, elapsed_secs=20208, mean=0.535243, stdev=0.121407, best fit=0.699600, best_overall=0.699600, mean_diversity=0.222897,
indivs=9865946, elapsed_secs=20218, mean=0.501758, stdev=0.083870, best fit=0.699600, best_overall=0.699600, mean_diversity=0.119551,
indivs=9876044, elapsed_secs=20228, mean=0.542369, stdev=0.128808, best fit=0.699600, best_overall=0.699600, mean_diversity=0.313405,
indivs=9886142, elapsed_secs=20237, mean=0.550413, stdev=0.103841, best fit=0.699600, best_overall=0.699600, mean_diversity=0.310958,
indivs=9896240, elapsed_secs=20246, mean=0.501504, stdev=0.020759, best fit=0.699600, best_overall=0.699600, mean_diversity=0.308105,
indivs=9906338, elapsed_secs=20258, mean=0.497709, stdev=0.185830, best fit=0.699600, best_overall=0.699600, mean_diversity=0.203876,
indivs=9916436, elapsed_secs=20269, mean=0.588848, stdev=0.126208, best fit=0.699600, best_overall=0.699600, mean_diversity=0.181755,
indivs=9926534, elapsed_secs=20278, mean=0.560009, stdev=0.086207, best fit=0.699600, best_overall=0.699600, mean_diversity=0.178506,
indivs=9936632, elapsed_secs=20290, mean=0.556240, stdev=0.173995, best fit=0.699600, best_overall=0.699600, mean_diversity=0.136740,
indivs=9946730, elapsed_secs=20302, mean=0.552738, stdev=0.130808, best fit=0.699600, best_overall=0.699600, mean_diversity=0.108789,
indivs=9956828, elapsed_secs=20314, mean=0.558416, stdev=0.071060, best fit=0.699600, best_overall=0.699600, mean_diversity=0.356625,
indivs=9966926, elapsed_secs=20325, mean=0.567558, stdev=0.090475, best fit=0.699600, best_overall=0.699600, mean_diversity=0.256690,
indivs=9977024, elapsed_secs=20334, mean=0.597899, stdev=0.135098, best fit=0.699600, best_overall=0.699600, mean_diversity=0.139906,
indivs=9987122, elapsed_secs=20342, mean=0.518103, stdev=0.081378, best fit=0.699600, best_overall=0.699600, mean_diversity=0.177138,
indivs=9997220, elapsed_secs=20353, mean=0.577643, stdev=0.111865, best fit=0.699600, best_overall=0.699600, mean_diversity=0.329799,
indivs=10007318, elapsed_secs=20365, mean=0.501780, stdev=0.020019, best fit=0.699600, best_overall=0.699600, mean_diversity=0.186548,
indivs=10017416, elapsed_secs=20375, mean=0.584314, stdev=0.140250, best fit=0.699700, best_overall=0.699700, mean_diversity=0.146743,
indivs=10027514, elapsed_secs=20385, mean=0.487014, stdev=0.087922, best fit=0.699700, best_overall=0.699700, mean_diversity=0.211718,
indivs=10037612, elapsed_secs=20394, mean=0.580852, stdev=0.122106, best fit=0.699700, best_overall=0.699700, mean_diversity=0.096204,
indivs=10047710, elapsed_secs=20405, mean=0.588189, stdev=0.105472, best fit=0.700200, best_overall=0.700200, mean_diversity=0.251530,
indivs=10057808, elapsed_secs=20417, mean=0.516664, stdev=0.165331, best fit=0.700300, best_overall=0.700300, mean_diversity=0.123190,
indivs=10067906, elapsed_secs=20429, mean=0.563468, stdev=0.113382, best fit=0.701100, best_overall=0.701100, mean_diversity=0.097543,
indivs=10078004, elapsed_secs=20447, mean=0.497273, stdev=0.143129, best fit=0.701100, best_overall=0.701100, mean_diversity=0.255869,
indivs=10088102, elapsed_secs=20460, mean=0.504543, stdev=0.028116, best fit=0.701100, best_overall=0.701100, mean_diversity=0.109389,
indivs=10098200, elapsed_secs=20472, mean=0.530030, stdev=0.093782, best fit=0.701100, best_overall=0.701100, mean_diversity=0.185792,
indivs=10108298, elapsed_secs=20486, mean=0.580261, stdev=0.142755, best fit=0.701100, best_overall=0.701100, mean_diversity=0.201611,
indivs=10118396, elapsed_secs=20497, mean=0.587166, stdev=0.128457, best fit=0.701100, best_overall=0.701100, mean_diversity=0.443837,
indivs=10128494, elapsed_secs=20508, mean=0.557444, stdev=0.146453, best fit=0.701100, best_overall=0.701100, mean_diversity=0.261823,
indivs=10138592, elapsed_secs=20519, mean=0.533493, stdev=0.065184, best fit=0.701100, best_overall=0.701100, mean_diversity=0.301140,
indivs=10148690, elapsed_secs=20532, mean=0.520432, stdev=0.131207, best fit=0.701100, best_overall=0.701100, mean_diversity=0.206870,
indivs=10158788, elapsed_secs=20544, mean=0.545128, stdev=0.104178, best fit=0.701100, best_overall=0.701100, mean_diversity=0.194165,
indivs=10168886, elapsed_secs=20554, mean=0.580210, stdev=0.130898, best fit=0.701100, best_overall=0.701100, mean_diversity=0.128650,
indivs=10178984, elapsed_secs=20565, mean=0.627420, stdev=0.148259, best fit=0.701100, best_overall=0.701100, mean_diversity=0.157308,
indivs=10189082, elapsed_secs=20579, mean=0.544311, stdev=0.193572, best fit=0.701100, best_overall=0.701100, mean_diversity=0.190122,
indivs=10199180, elapsed_secs=20591, mean=0.497010, stdev=0.053810, best fit=0.701100, best_overall=0.701100, mean_diversity=0.162726,
indivs=10209278, elapsed_secs=20602, mean=0.548585, stdev=0.084800, best fit=0.701100, best_overall=0.701100, mean_diversity=0.337333,
indivs=10219376, elapsed_secs=20615, mean=0.525047, stdev=0.182236, best fit=0.701100, best_overall=0.701100, mean_diversity=0.111711,
indivs=10229474, elapsed_secs=20628, mean=0.522091, stdev=0.145883, best fit=0.701100, best_overall=0.701100, mean_diversity=0.226878,
indivs=10239572, elapsed_secs=20641, mean=0.608885, stdev=0.137878, best fit=0.701100, best_overall=0.701100, mean_diversity=0.153907,
indivs=10249670, elapsed_secs=20653, mean=0.501002, stdev=0.021228, best fit=0.701100, best_overall=0.701100, mean_diversity=0.403959,
indivs=10259768, elapsed_secs=20665, mean=0.516405, stdev=0.068310, best fit=0.701100, best_overall=0.701100, mean_diversity=0.170717,
indivs=10269866, elapsed_secs=20678, mean=0.576916, stdev=0.070755, best fit=0.701100, best_overall=0.701100, mean_diversity=0.191356,
indivs=10279964, elapsed_secs=20691, mean=0.595142, stdev=0.113263, best fit=0.701100, best_overall=0.701100, mean_diversity=0.239307,
indivs=10290062, elapsed_secs=20702, mean=0.535787, stdev=0.119578, best fit=0.701100, best_overall=0.701100, mean_diversity=0.136254,
indivs=10300160, elapsed_secs=20717, mean=0.547268, stdev=0.096865, best fit=0.701100, best_overall=0.701100, mean_diversity=0.191229,
indivs=10310258, elapsed_secs=20729, mean=0.563471, stdev=0.092935, best fit=0.701100, best_overall=0.701100, mean_diversity=0.089092,
indivs=10320356, elapsed_secs=20740, mean=0.567933, stdev=0.114844, best fit=0.701100, best_overall=0.701100, mean_diversity=0.232961,
indivs=10330454, elapsed_secs=20752, mean=0.604713, stdev=0.081389, best fit=0.701100, best_overall=0.701100, mean_diversity=0.108284,
indivs=10340552, elapsed_secs=20767, mean=0.515505, stdev=0.115076, best fit=0.701100, best_overall=0.701100, mean_diversity=0.346034,
indivs=10350650, elapsed_secs=20779, mean=0.493091, stdev=0.112416, best fit=0.701100, best_overall=0.701100, mean_diversity=0.264905,
indivs=10360748, elapsed_secs=20791, mean=0.584601, stdev=0.113328, best fit=0.701100, best_overall=0.701100, mean_diversity=0.140420,
indivs=10370846, elapsed_secs=20805, mean=0.544813, stdev=0.144390, best fit=0.701100, best_overall=0.701100, mean_diversity=0.340346,
indivs=10380944, elapsed_secs=20816, mean=0.506433, stdev=0.055040, best fit=0.701100, best_overall=0.701100, mean_diversity=0.114477,
indivs=10391042, elapsed_secs=20827, mean=0.502011, stdev=0.020009, best fit=0.701100, best_overall=0.701100, mean_diversity=0.147252,
indivs=10401140, elapsed_secs=20838, mean=0.566040, stdev=0.149646, best fit=0.701100, best_overall=0.701100, mean_diversity=0.182250,
indivs=10411238, elapsed_secs=20846, mean=0.457201, stdev=0.197459, best fit=0.701100, best_overall=0.701100, mean_diversity=0.226772,
indivs=10421336, elapsed_secs=20859, mean=0.514408, stdev=0.132239, best fit=0.701100, best_overall=0.701100, mean_diversity=0.215030,
indivs=10431434, elapsed_secs=20872, mean=0.537738, stdev=0.106987, best fit=0.701100, best_overall=0.701100, mean_diversity=0.186205,
indivs=10441532, elapsed_secs=20883, mean=0.506273, stdev=0.069205, best fit=0.701100, best_overall=0.701100, mean_diversity=0.186231,
indivs=10451630, elapsed_secs=20895, mean=0.512739, stdev=0.191456, best fit=0.701100, best_overall=0.701100, mean_diversity=0.207047,
indivs=10461728, elapsed_secs=20907, mean=0.555309, stdev=0.165984, best fit=0.701100, best_overall=0.701100, mean_diversity=0.184458,
indivs=10471826, elapsed_secs=20921, mean=0.588116, stdev=0.143156, best fit=0.701100, best_overall=0.701100, mean_diversity=0.092485,
indivs=10481924, elapsed_secs=20935, mean=0.541918, stdev=0.123385, best fit=0.701100, best_overall=0.701100, mean_diversity=0.270517,
indivs=10492022, elapsed_secs=20946, mean=0.498997, stdev=0.128611, best fit=0.701100, best_overall=0.701100, mean_diversity=0.301440,
indivs=10502120, elapsed_secs=20955, mean=0.534100, stdev=0.109817, best fit=0.701100, best_overall=0.701100, mean_diversity=0.333529,
indivs=10512218, elapsed_secs=20967, mean=0.514490, stdev=0.042825, best fit=0.701100, best_overall=0.701100, mean_diversity=0.189652,
indivs=10522316, elapsed_secs=20982, mean=0.556644, stdev=0.086605, best fit=0.701100, best_overall=0.701100, mean_diversity=0.437792,
indivs=10532414, elapsed_secs=20993, mean=0.516811, stdev=0.099861, best fit=0.701100, best_overall=0.701100, mean_diversity=0.370725,
indivs=10542512, elapsed_secs=21006, mean=0.557244, stdev=0.111995, best fit=0.701100, best_overall=0.701100, mean_diversity=0.181015,
indivs=10552610, elapsed_secs=21019, mean=0.529155, stdev=0.080966, best fit=0.701100, best_overall=0.701100, mean_diversity=0.273256,
indivs=10562708, elapsed_secs=21029, mean=0.511394, stdev=0.079825, best fit=0.701100, best_overall=0.701100, mean_diversity=0.306158,
indivs=10572806, elapsed_secs=21040, mean=0.527555, stdev=0.101150, best fit=0.701100, best_overall=0.701100, mean_diversity=0.165512,
indivs=10582904, elapsed_secs=21050, mean=0.487376, stdev=0.189497, best fit=0.701100, best_overall=0.701100, mean_diversity=0.279517,
indivs=10593002, elapsed_secs=21061, mean=0.525700, stdev=0.117508, best fit=0.701100, best_overall=0.701100, mean_diversity=0.128154,
indivs=10603100, elapsed_secs=21073, mean=0.503954, stdev=0.027682, best fit=0.701100, best_overall=0.701100, mean_diversity=0.060507,
indivs=10613198, elapsed_secs=21084, mean=0.502014, stdev=0.020009, best fit=0.701100, best_overall=0.701100, mean_diversity=0.138197,
indivs=10623296, elapsed_secs=21098, mean=0.558017, stdev=0.158544, best fit=0.701100, best_overall=0.701100, mean_diversity=0.169020,
indivs=10633394, elapsed_secs=21111, mean=0.587056, stdev=0.091478, best fit=0.701100, best_overall=0.701100, mean_diversity=0.286345,
indivs=10643492, elapsed_secs=21125, mean=0.584978, stdev=0.157837, best fit=0.701100, best_overall=0.701100, mean_diversity=0.163377,
indivs=10653590, elapsed_secs=21137, mean=0.580292, stdev=0.153213, best fit=0.701100, best_overall=0.701100, mean_diversity=0.154313,
indivs=10663688, elapsed_secs=21148, mean=0.536320, stdev=0.181464, best fit=0.701100, best_overall=0.701100, mean_diversity=0.373988,
indivs=10673786, elapsed_secs=21161, mean=0.582928, stdev=0.119255, best fit=0.701100, best_overall=0.701100, mean_diversity=0.068963,
indivs=10683884, elapsed_secs=21173, mean=0.501910, stdev=0.020045, best fit=0.701100, best_overall=0.701100, mean_diversity=0.094641,
indivs=10693982, elapsed_secs=21186, mean=0.602632, stdev=0.140850, best fit=0.701100, best_overall=0.701100, mean_diversity=0.085514,
indivs=10704080, elapsed_secs=21198, mean=0.500005, stdev=0.145094, best fit=0.701100, best_overall=0.701100, mean_diversity=0.201880,
indivs=10714178, elapsed_secs=21207, mean=0.527692, stdev=0.135219, best fit=0.701100, best_overall=0.701100, mean_diversity=0.135224,
indivs=10724276, elapsed_secs=21221, mean=0.597891, stdev=0.158220, best fit=0.701100, best_overall=0.701100, mean_diversity=0.153064,
indivs=10734374, elapsed_secs=21234, mean=0.577968, stdev=0.166126, best fit=0.701100, best_overall=0.701100, mean_diversity=0.106297,
indivs=10744472, elapsed_secs=21247, mean=0.608839, stdev=0.135976, best fit=0.701100, best_overall=0.701100, mean_diversity=0.043238,
indivs=10754570, elapsed_secs=21257, mean=0.545651, stdev=0.071295, best fit=0.701100, best_overall=0.701100, mean_diversity=0.139181,
indivs=10764668, elapsed_secs=21271, mean=0.572318, stdev=0.103310, best fit=0.701100, best_overall=0.701100, mean_diversity=0.136548,
indivs=10774766, elapsed_secs=21284, mean=0.556911, stdev=0.103021, best fit=0.701100, best_overall=0.701100, mean_diversity=0.290147,
indivs=10784864, elapsed_secs=21297, mean=0.624073, stdev=0.103484, best fit=0.701100, best_overall=0.701100, mean_diversity=0.152571,
indivs=10794962, elapsed_secs=21309, mean=0.576219, stdev=0.163288, best fit=0.701100, best_overall=0.701100, mean_diversity=0.353242,
indivs=10805060, elapsed_secs=21319, mean=0.494887, stdev=0.096828, best fit=0.701100, best_overall=0.701100, mean_diversity=0.273842,
indivs=10815158, elapsed_secs=21330, mean=0.549302, stdev=0.143798, best fit=0.701100, best_overall=0.701100, mean_diversity=0.242562,
indivs=10825256, elapsed_secs=21342, mean=0.573212, stdev=0.109964, best fit=0.701100, best_overall=0.701100, mean_diversity=0.258306,
indivs=10835354, elapsed_secs=21353, mean=0.577209, stdev=0.112249, best fit=0.701100, best_overall=0.701100, mean_diversity=0.117930,
indivs=10845452, elapsed_secs=21364, mean=0.590647, stdev=0.144159, best fit=0.701100, best_overall=0.701100, mean_diversity=0.221513,
indivs=10855550, elapsed_secs=21375, mean=0.439465, stdev=0.171352, best fit=0.701100, best_overall=0.701100, mean_diversity=0.073440,
indivs=10865648, elapsed_secs=21383, mean=0.552999, stdev=0.100438, best fit=0.701100, best_overall=0.701100, mean_diversity=0.153806,
indivs=10875746, elapsed_secs=21395, mean=0.527321, stdev=0.166049, best fit=0.701100, best_overall=0.701100, mean_diversity=0.346029,
indivs=10885844, elapsed_secs=21405, mean=0.556622, stdev=0.192582, best fit=0.701100, best_overall=0.701100, mean_diversity=0.243415,
indivs=10895942, elapsed_secs=21418, mean=0.573927, stdev=0.087351, best fit=0.701100, best_overall=0.701100, mean_diversity=0.152537,
indivs=10906040, elapsed_secs=21432, mean=0.595490, stdev=0.162965, best fit=0.701100, best_overall=0.701100, mean_diversity=0.108141,
indivs=10916138, elapsed_secs=21444, mean=0.477811, stdev=0.176810, best fit=0.701100, best_overall=0.701100, mean_diversity=0.236862,
indivs=10926236, elapsed_secs=21453, mean=0.471499, stdev=0.183860, best fit=0.701100, best_overall=0.701100, mean_diversity=0.212756,
indivs=10936334, elapsed_secs=21465, mean=0.609717, stdev=0.124699, best fit=0.701100, best_overall=0.701100, mean_diversity=0.143784,
indivs=10946432, elapsed_secs=21477, mean=0.584213, stdev=0.086344, best fit=0.701100, best_overall=0.701100, mean_diversity=0.223047,
indivs=10956530, elapsed_secs=21488, mean=0.539790, stdev=0.072055, best fit=0.701100, best_overall=0.701100, mean_diversity=0.271644,
indivs=10966628, elapsed_secs=21500, mean=0.561412, stdev=0.118287, best fit=0.701100, best_overall=0.701100, mean_diversity=0.246289,
indivs=10976726, elapsed_secs=21511, mean=0.589843, stdev=0.140235, best fit=0.701100, best_overall=0.701100, mean_diversity=0.249087,
indivs=10986824, elapsed_secs=21522, mean=0.509863, stdev=0.171055, best fit=0.701100, best_overall=0.701100, mean_diversity=0.395256,
indivs=10996922, elapsed_secs=21532, mean=0.561636, stdev=0.107212, best fit=0.701100, best_overall=0.701100, mean_diversity=0.376606,
indivs=11007020, elapsed_secs=21544, mean=0.578196, stdev=0.112321, best fit=0.701100, best_overall=0.701100, mean_diversity=0.331178,
indivs=11017118, elapsed_secs=21557, mean=0.494273, stdev=0.064656, best fit=0.701100, best_overall=0.701100, mean_diversity=0.296213,
indivs=11027216, elapsed_secs=21570, mean=0.417904, stdev=0.199749, best fit=0.701100, best_overall=0.701100, mean_diversity=0.085680,
indivs=11037314, elapsed_secs=21582, mean=0.500811, stdev=0.020489, best fit=0.701100, best_overall=0.701100, mean_diversity=0.101959,
indivs=11047412, elapsed_secs=21595, mean=0.549579, stdev=0.101635, best fit=0.701100, best_overall=0.701100, mean_diversity=0.365291,
indivs=11057510, elapsed_secs=21604, mean=0.498656, stdev=0.055427, best fit=0.701100, best_overall=0.701100, mean_diversity=0.068273,
indivs=11067608, elapsed_secs=21618, mean=0.551631, stdev=0.137653, best fit=0.701100, best_overall=0.701100, mean_diversity=0.280223,
indivs=11077706, elapsed_secs=21629, mean=0.494193, stdev=0.071550, best fit=0.701100, best_overall=0.701100, mean_diversity=0.182889,
indivs=11087804, elapsed_secs=21641, mean=0.552138, stdev=0.110722, best fit=0.701100, best_overall=0.701100, mean_diversity=0.410847,
indivs=11097902, elapsed_secs=21651, mean=0.571547, stdev=0.108291, best fit=0.701100, best_overall=0.701100, mean_diversity=0.354216,
indivs=11108000, elapsed_secs=21661, mean=0.567620, stdev=0.146760, best fit=0.701100, best_overall=0.701100, mean_diversity=0.185340,
indivs=11118098, elapsed_secs=21674, mean=0.516464, stdev=0.133363, best fit=0.701100, best_overall=0.701100, mean_diversity=0.227657,
indivs=11128196, elapsed_secs=21688, mean=0.566663, stdev=0.165523, best fit=0.701100, best_overall=0.701100, mean_diversity=0.225574,
indivs=11138294, elapsed_secs=21701, mean=0.483764, stdev=0.088765, best fit=0.701800, best_overall=0.701800, mean_diversity=0.285851,
indivs=11148392, elapsed_secs=21712, mean=0.543280, stdev=0.133556, best fit=0.701800, best_overall=0.701800, mean_diversity=0.248253,
indivs=11158490, elapsed_secs=21727, mean=0.552244, stdev=0.082366, best fit=0.701800, best_overall=0.701800, mean_diversity=0.121062,
indivs=11168588, elapsed_secs=21739, mean=0.480797, stdev=0.165434, best fit=0.701800, best_overall=0.701800, mean_diversity=0.321137,
indivs=11178686, elapsed_secs=21748, mean=0.526309, stdev=0.066885, best fit=0.701800, best_overall=0.701800, mean_diversity=0.159087,
indivs=11188784, elapsed_secs=21759, mean=0.511383, stdev=0.040391, best fit=0.701800, best_overall=0.701800, mean_diversity=0.203571,
indivs=11198882, elapsed_secs=21769, mean=0.523447, stdev=0.066806, best fit=0.701800, best_overall=0.701800, mean_diversity=0.279616,
indivs=11208980, elapsed_secs=21781, mean=0.496660, stdev=0.058940, best fit=0.701800, best_overall=0.701800, mean_diversity=0.251145,
indivs=11219078, elapsed_secs=21793, mean=0.502018, stdev=0.020079, best fit=0.701800, best_overall=0.701800, mean_diversity=0.152383,
indivs=11229176, elapsed_secs=21805, mean=0.498194, stdev=0.056655, best fit=0.701800, best_overall=0.701800, mean_diversity=0.182455,
indivs=11239274, elapsed_secs=21815, mean=0.548439, stdev=0.084854, best fit=0.701800, best_overall=0.701800, mean_diversity=0.191145,
indivs=11249372, elapsed_secs=21825, mean=0.556742, stdev=0.124145, best fit=0.701800, best_overall=0.701800, mean_diversity=0.314525,
indivs=11259470, elapsed_secs=21835, mean=0.506695, stdev=0.034253, best fit=0.701800, best_overall=0.701800, mean_diversity=0.139954,
indivs=11269568, elapsed_secs=21846, mean=0.599264, stdev=0.110879, best fit=0.701800, best_overall=0.701800, mean_diversity=0.226967,
indivs=11279666, elapsed_secs=21856, mean=0.536374, stdev=0.149488, best fit=0.701800, best_overall=0.701800, mean_diversity=0.185482,
indivs=11289764, elapsed_secs=21866, mean=0.559944, stdev=0.145714, best fit=0.701800, best_overall=0.701800, mean_diversity=0.255326,
indivs=11299862, elapsed_secs=21881, mean=0.577136, stdev=0.104868, best fit=0.701800, best_overall=0.701800, mean_diversity=0.088895,
indivs=11309960, elapsed_secs=21892, mean=0.514191, stdev=0.053747, best fit=0.701800, best_overall=0.701800, mean_diversity=0.285217,
indivs=11320058, elapsed_secs=21903, mean=0.538130, stdev=0.057187, best fit=0.701800, best_overall=0.701800, mean_diversity=0.163260,
indivs=11330156, elapsed_secs=21917, mean=0.506483, stdev=0.036180, best fit=0.701800, best_overall=0.701800, mean_diversity=0.136917,
indivs=11340254, elapsed_secs=21927, mean=0.576152, stdev=0.068126, best fit=0.701800, best_overall=0.701800, mean_diversity=0.147068,
indivs=11350352, elapsed_secs=21936, mean=0.545875, stdev=0.117040, best fit=0.701800, best_overall=0.701800, mean_diversity=0.291706,
indivs=11360450, elapsed_secs=21947, mean=0.515601, stdev=0.034150, best fit=0.701800, best_overall=0.701800, mean_diversity=0.099926,
indivs=11370548, elapsed_secs=21961, mean=0.603643, stdev=0.153449, best fit=0.701800, best_overall=0.701800, mean_diversity=0.081570,
indivs=11380646, elapsed_secs=21973, mean=0.567646, stdev=0.097481, best fit=0.701800, best_overall=0.701800, mean_diversity=0.374635,
indivs=11390744, elapsed_secs=21984, mean=0.575309, stdev=0.135055, best fit=0.701800, best_overall=0.701800, mean_diversity=0.231360,
indivs=11400842, elapsed_secs=21996, mean=0.472181, stdev=0.111116, best fit=0.701800, best_overall=0.701800, mean_diversity=0.193176,
indivs=11410940, elapsed_secs=22008, mean=0.552312, stdev=0.122277, best fit=0.701800, best_overall=0.701800, mean_diversity=0.104191,
indivs=11421038, elapsed_secs=22020, mean=0.477348, stdev=0.111382, best fit=0.701800, best_overall=0.701800, mean_diversity=0.083677,
indivs=11431136, elapsed_secs=22031, mean=0.570976, stdev=0.072637, best fit=0.701800, best_overall=0.701800, mean_diversity=0.179331,
indivs=11441234, elapsed_secs=22042, mean=0.495996, stdev=0.142154, best fit=0.701800, best_overall=0.701800, mean_diversity=0.364119,
indivs=11451332, elapsed_secs=22052, mean=0.570914, stdev=0.091570, best fit=0.701800, best_overall=0.701800, mean_diversity=0.154085,
indivs=11461430, elapsed_secs=22062, mean=0.538424, stdev=0.151582, best fit=0.701800, best_overall=0.701800, mean_diversity=0.238027,
indivs=11471528, elapsed_secs=22076, mean=0.553040, stdev=0.089221, best fit=0.701800, best_overall=0.701800, mean_diversity=0.167433,
indivs=11481626, elapsed_secs=22087, mean=0.522836, stdev=0.060180, best fit=0.701800, best_overall=0.701800, mean_diversity=0.358571,
indivs=11491724, elapsed_secs=22099, mean=0.602328, stdev=0.153904, best fit=0.701800, best_overall=0.701800, mean_diversity=0.059093,
indivs=11501822, elapsed_secs=22110, mean=0.544175, stdev=0.119698, best fit=0.701800, best_overall=0.701800, mean_diversity=0.224452,
indivs=11511920, elapsed_secs=22122, mean=0.489061, stdev=0.145591, best fit=0.701800, best_overall=0.701800, mean_diversity=0.193987,
indivs=11522018, elapsed_secs=22134, mean=0.485337, stdev=0.119445, best fit=0.701800, best_overall=0.701800, mean_diversity=0.186894,
indivs=11532116, elapsed_secs=22148, mean=0.586361, stdev=0.075337, best fit=0.701800, best_overall=0.701800, mean_diversity=0.136814,
indivs=11542214, elapsed_secs=22158, mean=0.546885, stdev=0.116616, best fit=0.701800, best_overall=0.701800, mean_diversity=0.196574,
indivs=11552312, elapsed_secs=22168, mean=0.561730, stdev=0.076410, best fit=0.701800, best_overall=0.701800, mean_diversity=0.229260,
indivs=11562410, elapsed_secs=22179, mean=0.591274, stdev=0.140448, best fit=0.701800, best_overall=0.701800, mean_diversity=0.222809,
indivs=11572508, elapsed_secs=22190, mean=0.561133, stdev=0.123910, best fit=0.701800, best_overall=0.701800, mean_diversity=0.237283,
indivs=11582606, elapsed_secs=22199, mean=0.589211, stdev=0.106733, best fit=0.701800, best_overall=0.701800, mean_diversity=0.171918,
indivs=11592704, elapsed_secs=22211, mean=0.550553, stdev=0.133231, best fit=0.701800, best_overall=0.701800, mean_diversity=0.207443,
indivs=11602802, elapsed_secs=22219, mean=0.492167, stdev=0.069945, best fit=0.701800, best_overall=0.701800, mean_diversity=0.224989,
indivs=11612900, elapsed_secs=22230, mean=0.514570, stdev=0.050088, best fit=0.701800, best_overall=0.701800, mean_diversity=0.237912,
indivs=11622998, elapsed_secs=22243, mean=0.483707, stdev=0.140724, best fit=0.701800, best_overall=0.701800, mean_diversity=0.161290,
indivs=11633096, elapsed_secs=22255, mean=0.490447, stdev=0.164970, best fit=0.701800, best_overall=0.701800, mean_diversity=0.208574,
indivs=11643194, elapsed_secs=22268, mean=0.546863, stdev=0.115036, best fit=0.701800, best_overall=0.701800, mean_diversity=0.269812,
indivs=11653292, elapsed_secs=22280, mean=0.539221, stdev=0.106317, best fit=0.701800, best_overall=0.701800, mean_diversity=0.174952,
indivs=11663390, elapsed_secs=22291, mean=0.576329, stdev=0.080716, best fit=0.701800, best_overall=0.701800, mean_diversity=0.104104,
indivs=11673488, elapsed_secs=22302, mean=0.515828, stdev=0.053595, best fit=0.701800, best_overall=0.701800, mean_diversity=0.233360,
indivs=11683586, elapsed_secs=22314, mean=0.585457, stdev=0.121324, best fit=0.701800, best_overall=0.701800, mean_diversity=0.227191,
indivs=11693684, elapsed_secs=22324, mean=0.508341, stdev=0.042846, best fit=0.701800, best_overall=0.701800, mean_diversity=0.158788,
indivs=11703782, elapsed_secs=22334, mean=0.497010, stdev=0.053836, best fit=0.701800, best_overall=0.701800, mean_diversity=0.229347,
indivs=11713880, elapsed_secs=22348, mean=0.599860, stdev=0.164932, best fit=0.701800, best_overall=0.701800, mean_diversity=0.096889,
indivs=11723978, elapsed_secs=22360, mean=0.623795, stdev=0.109448, best fit=0.701800, best_overall=0.701800, mean_diversity=0.105085,
indivs=11734076, elapsed_secs=22372, mean=0.570147, stdev=0.109061, best fit=0.701800, best_overall=0.701800, mean_diversity=0.266438,
indivs=11744174, elapsed_secs=22382, mean=0.528716, stdev=0.063252, best fit=0.701800, best_overall=0.701800, mean_diversity=0.246152,
indivs=11754272, elapsed_secs=22392, mean=0.511996, stdev=0.073092, best fit=0.701800, best_overall=0.701800, mean_diversity=0.292780,
indivs=11764370, elapsed_secs=22404, mean=0.567229, stdev=0.095330, best fit=0.701800, best_overall=0.701800, mean_diversity=0.490699,
indivs=11774468, elapsed_secs=22415, mean=0.503371, stdev=0.056945, best fit=0.701800, best_overall=0.701800, mean_diversity=0.225839,
indivs=11784566, elapsed_secs=22428, mean=0.509301, stdev=0.136534, best fit=0.701800, best_overall=0.701800, mean_diversity=0.273893,
indivs=11794664, elapsed_secs=22441, mean=0.544474, stdev=0.171277, best fit=0.701800, best_overall=0.701800, mean_diversity=0.269123,
indivs=11804762, elapsed_secs=22452, mean=0.500454, stdev=0.083676, best fit=0.701800, best_overall=0.701800, mean_diversity=0.125865,
indivs=11814860, elapsed_secs=22463, mean=0.487158, stdev=0.088001, best fit=0.701800, best_overall=0.701800, mean_diversity=0.034269,
indivs=11824958, elapsed_secs=22473, mean=0.483290, stdev=0.129997, best fit=0.701800, best_overall=0.701800, mean_diversity=0.198614,
indivs=11835056, elapsed_secs=22485, mean=0.579131, stdev=0.125653, best fit=0.701800, best_overall=0.701800, mean_diversity=0.144023,
indivs=11845154, elapsed_secs=22496, mean=0.542484, stdev=0.099943, best fit=0.701800, best_overall=0.701800, mean_diversity=0.098120,
indivs=11855252, elapsed_secs=22507, mean=0.580433, stdev=0.103593, best fit=0.701800, best_overall=0.701800, mean_diversity=0.137553,
indivs=11865350, elapsed_secs=22518, mean=0.543586, stdev=0.077226, best fit=0.701800, best_overall=0.701800, mean_diversity=0.329502,
indivs=11875448, elapsed_secs=22528, mean=0.600693, stdev=0.140388, best fit=0.701800, best_overall=0.701800, mean_diversity=0.152884,
indivs=11885546, elapsed_secs=22541, mean=0.498602, stdev=0.123382, best fit=0.701800, best_overall=0.701800, mean_diversity=0.345103,
indivs=11895644, elapsed_secs=22553, mean=0.583091, stdev=0.104819, best fit=0.701800, best_overall=0.701800, mean_diversity=0.134962,
indivs=11905742, elapsed_secs=22567, mean=0.472700, stdev=0.217641, best fit=0.701800, best_overall=0.701800, mean_diversity=0.060277,
indivs=11915840, elapsed_secs=22580, mean=0.579688, stdev=0.123734, best fit=0.701800, best_overall=0.701800, mean_diversity=0.118051,
indivs=11925938, elapsed_secs=22592, mean=0.555323, stdev=0.106015, best fit=0.701800, best_overall=0.701800, mean_diversity=0.261697,
indivs=11936036, elapsed_secs=22602, mean=0.572292, stdev=0.178215, best fit=0.701800, best_overall=0.701800, mean_diversity=0.172882,
indivs=11946134, elapsed_secs=22613, mean=0.562582, stdev=0.080489, best fit=0.701800, best_overall=0.701800, mean_diversity=0.167540,
indivs=11956232, elapsed_secs=22624, mean=0.503907, stdev=0.084961, best fit=0.701800, best_overall=0.701800, mean_diversity=0.238494,
indivs=11966330, elapsed_secs=22637, mean=0.561651, stdev=0.160827, best fit=0.701800, best_overall=0.701800, mean_diversity=0.155842,
indivs=11976428, elapsed_secs=22649, mean=0.571076, stdev=0.201428, best fit=0.701800, best_overall=0.701800, mean_diversity=0.113844,
indivs=11986526, elapsed_secs=22660, mean=0.573025, stdev=0.093557, best fit=0.701800, best_overall=0.701800, mean_diversity=0.283707,
indivs=11996624, elapsed_secs=22670, mean=0.496157, stdev=0.022490, best fit=0.701800, best_overall=0.701800, mean_diversity=0.194258,
indivs=12006722, elapsed_secs=22683, mean=0.502018, stdev=0.020079, best fit=0.701800, best_overall=0.701800, mean_diversity=0.085866,
indivs=12016820, elapsed_secs=22694, mean=0.473122, stdev=0.141511, best fit=0.701800, best_overall=0.701800, mean_diversity=0.159047,
indivs=12026918, elapsed_secs=22704, mean=0.532302, stdev=0.094009, best fit=0.701800, best_overall=0.701800, mean_diversity=0.314951,
indivs=12037016, elapsed_secs=22714, mean=0.585970, stdev=0.139063, best fit=0.701800, best_overall=0.701800, mean_diversity=0.128017,
indivs=12047114, elapsed_secs=22723, mean=0.618609, stdev=0.134511, best fit=0.701800, best_overall=0.701800, mean_diversity=0.117146,
indivs=12057212, elapsed_secs=22735, mean=0.562209, stdev=0.077634, best fit=0.701800, best_overall=0.701800, mean_diversity=0.275280,
indivs=12067310, elapsed_secs=22747, mean=0.599244, stdev=0.106964, best fit=0.701800, best_overall=0.701800, mean_diversity=0.172286,
indivs=12077408, elapsed_secs=22759, mean=0.502995, stdev=0.029818, best fit=0.701800, best_overall=0.701800, mean_diversity=0.065473,
indivs=12087506, elapsed_secs=22772, mean=0.502766, stdev=0.063316, best fit=0.701800, best_overall=0.701800, mean_diversity=0.129924,
indivs=12097604, elapsed_secs=22783, mean=0.601167, stdev=0.110929, best fit=0.701800, best_overall=0.701800, mean_diversity=0.146757,
indivs=12107702, elapsed_secs=22793, mean=0.524768, stdev=0.126718, best fit=0.701800, best_overall=0.701800, mean_diversity=0.462500,
indivs=12117800, elapsed_secs=22805, mean=0.583630, stdev=0.133900, best fit=0.701800, best_overall=0.701800, mean_diversity=0.209063,
indivs=12127898, elapsed_secs=22816, mean=0.544728, stdev=0.142249, best fit=0.701800, best_overall=0.701800, mean_diversity=0.238000,
indivs=12137996, elapsed_secs=22826, mean=0.474189, stdev=0.138792, best fit=0.701800, best_overall=0.701800, mean_diversity=0.155691,
indivs=12148094, elapsed_secs=22836, mean=0.506054, stdev=0.100676, best fit=0.701800, best_overall=0.701800, mean_diversity=0.190587,
indivs=12158192, elapsed_secs=22847, mean=0.578932, stdev=0.108166, best fit=0.701800, best_overall=0.701800, mean_diversity=0.288206,
indivs=12168290, elapsed_secs=22858, mean=0.565571, stdev=0.127906, best fit=0.701800, best_overall=0.701800, mean_diversity=0.154622,
indivs=12178388, elapsed_secs=22869, mean=0.420325, stdev=0.192620, best fit=0.701800, best_overall=0.701800, mean_diversity=0.185470,
indivs=12188486, elapsed_secs=22880, mean=0.578299, stdev=0.104024, best fit=0.701800, best_overall=0.701800, mean_diversity=0.206667,
indivs=12198584, elapsed_secs=22892, mean=0.472557, stdev=0.122371, best fit=0.701800, best_overall=0.701800, mean_diversity=0.122391,
indivs=12208682, elapsed_secs=22901, mean=0.494131, stdev=0.095925, best fit=0.701800, best_overall=0.701800, mean_diversity=0.159318,
indivs=12218780, elapsed_secs=22911, mean=0.514474, stdev=0.050578, best fit=0.701800, best_overall=0.701800, mean_diversity=0.196042,
indivs=12228878, elapsed_secs=22924, mean=0.561096, stdev=0.182765, best fit=0.701800, best_overall=0.701800, mean_diversity=0.204335,
indivs=12238976, elapsed_secs=22934, mean=0.498628, stdev=0.135600, best fit=0.701800, best_overall=0.701800, mean_diversity=0.186651,
indivs=12249074, elapsed_secs=22945, mean=0.582420, stdev=0.148011, best fit=0.701800, best_overall=0.701800, mean_diversity=0.078139,
indivs=12259172, elapsed_secs=22957, mean=0.540519, stdev=0.109626, best fit=0.701800, best_overall=0.701800, mean_diversity=0.201742,
indivs=12269270, elapsed_secs=22968, mean=0.607913, stdev=0.129465, best fit=0.701800, best_overall=0.701800, mean_diversity=0.072690,
indivs=12279368, elapsed_secs=22980, mean=0.517116, stdev=0.057806, best fit=0.701800, best_overall=0.701800, mean_diversity=0.142535,
indivs=12289466, elapsed_secs=22991, mean=0.536942, stdev=0.096279, best fit=0.701800, best_overall=0.701800, mean_diversity=0.245357,
indivs=12299564, elapsed_secs=23003, mean=0.497016, stdev=0.053836, best fit=0.701800, best_overall=0.701800, mean_diversity=0.099883,
indivs=12309662, elapsed_secs=23012, mean=0.508840, stdev=0.125203, best fit=0.701800, best_overall=0.701800, mean_diversity=0.223268,
indivs=12319760, elapsed_secs=23025, mean=0.498075, stdev=0.022615, best fit=0.701800, best_overall=0.701800, mean_diversity=0.261470,
indivs=12329858, elapsed_secs=23036, mean=0.560703, stdev=0.120833, best fit=0.701800, best_overall=0.701800, mean_diversity=0.242146,
indivs=12339956, elapsed_secs=23049, mean=0.527309, stdev=0.097384, best fit=0.701800, best_overall=0.701800, mean_diversity=0.285800,
indivs=12350054, elapsed_secs=23059, mean=0.558663, stdev=0.102776, best fit=0.701800, best_overall=0.701800, mean_diversity=0.287538,
indivs=12360152, elapsed_secs=23070, mean=0.600236, stdev=0.094755, best fit=0.701800, best_overall=0.701800, mean_diversity=0.113295,
indivs=12370250, elapsed_secs=23086, mean=0.534167, stdev=0.089623, best fit=0.701800, best_overall=0.701800, mean_diversity=0.416870,
indivs=12380348, elapsed_secs=23100, mean=0.502968, stdev=0.023917, best fit=0.701800, best_overall=0.701800, mean_diversity=0.191667,
indivs=12390446, elapsed_secs=23114, mean=0.551850, stdev=0.116166, best fit=0.701800, best_overall=0.701800, mean_diversity=0.207506,
indivs=12400544, elapsed_secs=23124, mean=0.526302, stdev=0.165733, best fit=0.701800, best_overall=0.701800, mean_diversity=0.280345,
indivs=12410642, elapsed_secs=23135, mean=0.591432, stdev=0.113061, best fit=0.701800, best_overall=0.701800, mean_diversity=0.215933,
indivs=12420740, elapsed_secs=23147, mean=0.583684, stdev=0.157197, best fit=0.701800, best_overall=0.701800, mean_diversity=0.198919,
indivs=12430838, elapsed_secs=23159, mean=0.547517, stdev=0.077503, best fit=0.701800, best_overall=0.701800, mean_diversity=0.351747,
indivs=12440936, elapsed_secs=23173, mean=0.590167, stdev=0.176770, best fit=0.701800, best_overall=0.701800, mean_diversity=0.055329,
indivs=12451034, elapsed_secs=23188, mean=0.584673, stdev=0.123438, best fit=0.701800, best_overall=0.701800, mean_diversity=0.203141,
indivs=12461132, elapsed_secs=23199, mean=0.535138, stdev=0.065328, best fit=0.701800, best_overall=0.701800, mean_diversity=0.303161,
indivs=12471230, elapsed_secs=23211, mean=0.533940, stdev=0.140912, best fit=0.701800, best_overall=0.701800, mean_diversity=0.320706,
indivs=12481328, elapsed_secs=23223, mean=0.597918, stdev=0.110394, best fit=0.701800, best_overall=0.701800, mean_diversity=0.072943,
indivs=12491426, elapsed_secs=23237, mean=0.550470, stdev=0.167998, best fit=0.701800, best_overall=0.701800, mean_diversity=0.205842,
indivs=12501524, elapsed_secs=23249, mean=0.538590, stdev=0.074290, best fit=0.701800, best_overall=0.701800, mean_diversity=0.306355,
indivs=12511622, elapsed_secs=23262, mean=0.540387, stdev=0.096493, best fit=0.701800, best_overall=0.701800, mean_diversity=0.252853,
indivs=12521720, elapsed_secs=23273, mean=0.566963, stdev=0.137415, best fit=0.701800, best_overall=0.701800, mean_diversity=0.236353,
indivs=12531818, elapsed_secs=23285, mean=0.532699, stdev=0.138599, best fit=0.701800, best_overall=0.701800, mean_diversity=0.328632,
indivs=12541916, elapsed_secs=23296, mean=0.604872, stdev=0.122703, best fit=0.701800, best_overall=0.701800, mean_diversity=0.173091,
indivs=12552014, elapsed_secs=23309, mean=0.498314, stdev=0.115890, best fit=0.701800, best_overall=0.701800, mean_diversity=0.198323,
indivs=12562112, elapsed_secs=23322, mean=0.593500, stdev=0.126705, best fit=0.701800, best_overall=0.701800, mean_diversity=0.226942,
indivs=12572210, elapsed_secs=23333, mean=0.542155, stdev=0.075080, best fit=0.701800, best_overall=0.701800, mean_diversity=0.226992,
indivs=12582308, elapsed_secs=23346, mean=0.487022, stdev=0.087970, best fit=0.701800, best_overall=0.701800, mean_diversity=0.266016,
indivs=12592406, elapsed_secs=23358, mean=0.606524, stdev=0.101916, best fit=0.701800, best_overall=0.701800, mean_diversity=0.151733,
indivs=12602504, elapsed_secs=23373, mean=0.503188, stdev=0.027678, best fit=0.701800, best_overall=0.701800, mean_diversity=0.114878,
indivs=12612602, elapsed_secs=23385, mean=0.410095, stdev=0.195467, best fit=0.701800, best_overall=0.701800, mean_diversity=0.295653,
indivs=12622700, elapsed_secs=23398, mean=0.545994, stdev=0.101509, best fit=0.701800, best_overall=0.701800, mean_diversity=0.192044,
indivs=12632798, elapsed_secs=23412, mean=0.534028, stdev=0.152412, best fit=0.701800, best_overall=0.701800, mean_diversity=0.239521,
indivs=12642896, elapsed_secs=23422, mean=0.497094, stdev=0.062102, best fit=0.701800, best_overall=0.701800, mean_diversity=0.162832,
indivs=12652994, elapsed_secs=23434, mean=0.585898, stdev=0.105611, best fit=0.701800, best_overall=0.701800, mean_diversity=0.141586,
indivs=12663092, elapsed_secs=23446, mean=0.551273, stdev=0.102882, best fit=0.701800, best_overall=0.701800, mean_diversity=0.398163,
indivs=12673190, elapsed_secs=23459, mean=0.529985, stdev=0.081737, best fit=0.701800, best_overall=0.701800, mean_diversity=0.186558,
indivs=12683288, elapsed_secs=23472, mean=0.606893, stdev=0.097285, best fit=0.701800, best_overall=0.701800, mean_diversity=0.128740,
indivs=12693386, elapsed_secs=23482, mean=0.453475, stdev=0.142631, best fit=0.701800, best_overall=0.701800, mean_diversity=0.326508,
indivs=12703484, elapsed_secs=23494, mean=0.537165, stdev=0.072665, best fit=0.701800, best_overall=0.701800, mean_diversity=0.278484,
indivs=12713582, elapsed_secs=23505, mean=0.548927, stdev=0.083036, best fit=0.701800, best_overall=0.701800, mean_diversity=0.251911,
indivs=12723680, elapsed_secs=23515, mean=0.471695, stdev=0.122792, best fit=0.701800, best_overall=0.701800, mean_diversity=0.092376,
indivs=12733778, elapsed_secs=23525, mean=0.582389, stdev=0.128957, best fit=0.701800, best_overall=0.701800, mean_diversity=0.080551,
indivs=12743876, elapsed_secs=23538, mean=0.542985, stdev=0.069195, best fit=0.701800, best_overall=0.701800, mean_diversity=0.231513,
indivs=12753974, elapsed_secs=23549, mean=0.570915, stdev=0.121720, best fit=0.701800, best_overall=0.701800, mean_diversity=0.301284,
indivs=12764072, elapsed_secs=23563, mean=0.614177, stdev=0.108502, best fit=0.701800, best_overall=0.701800, mean_diversity=0.198233,
indivs=12774170, elapsed_secs=23572, mean=0.577774, stdev=0.107399, best fit=0.701800, best_overall=0.701800, mean_diversity=0.196562,
indivs=12784268, elapsed_secs=23582, mean=0.522068, stdev=0.183532, best fit=0.701800, best_overall=0.701800, mean_diversity=0.111275,
indivs=12794366, elapsed_secs=23595, mean=0.505423, stdev=0.171282, best fit=0.701800, best_overall=0.701800, mean_diversity=0.281865,
indivs=12804464, elapsed_secs=23605, mean=0.610496, stdev=0.087091, best fit=0.701800, best_overall=0.701800, mean_diversity=0.092171,
indivs=12814562, elapsed_secs=23617, mean=0.574343, stdev=0.170046, best fit=0.701800, best_overall=0.701800, mean_diversity=0.249730,
indivs=12824660, elapsed_secs=23626, mean=0.529496, stdev=0.068210, best fit=0.701800, best_overall=0.701800, mean_diversity=0.341343,
indivs=12834758, elapsed_secs=23639, mean=0.560908, stdev=0.137978, best fit=0.701800, best_overall=0.701800, mean_diversity=0.170451,
indivs=12844856, elapsed_secs=23649, mean=0.533084, stdev=0.125696, best fit=0.701800, best_overall=0.701800, mean_diversity=0.158100,
indivs=12854954, elapsed_secs=23660, mean=0.548190, stdev=0.101076, best fit=0.701800, best_overall=0.701800, mean_diversity=0.411629,
indivs=12865052, elapsed_secs=23669, mean=0.489440, stdev=0.108945, best fit=0.701800, best_overall=0.701800, mean_diversity=0.094648,
indivs=12875150, elapsed_secs=23681, mean=0.497561, stdev=0.112382, best fit=0.701800, best_overall=0.701800, mean_diversity=0.160149,
indivs=12885248, elapsed_secs=23691, mean=0.587787, stdev=0.126559, best fit=0.701800, best_overall=0.701800, mean_diversity=0.114442,
indivs=12895346, elapsed_secs=23703, mean=0.544915, stdev=0.082486, best fit=0.701800, best_overall=0.701800, mean_diversity=0.175594,
indivs=12905444, elapsed_secs=23715, mean=0.567169, stdev=0.109666, best fit=0.701800, best_overall=0.701800, mean_diversity=0.292962,
indivs=12915542, elapsed_secs=23727, mean=0.586022, stdev=0.106271, best fit=0.701800, best_overall=0.701800, mean_diversity=0.181050,
indivs=12925640, elapsed_secs=23740, mean=0.583153, stdev=0.165771, best fit=0.701800, best_overall=0.701800, mean_diversity=0.289921,
indivs=12935738, elapsed_secs=23749, mean=0.552113, stdev=0.155067, best fit=0.701800, best_overall=0.701800, mean_diversity=0.194678,
indivs=12945836, elapsed_secs=23760, mean=0.489271, stdev=0.097317, best fit=0.701800, best_overall=0.701800, mean_diversity=0.145394,
indivs=12955934, elapsed_secs=23769, mean=0.589985, stdev=0.135613, best fit=0.701800, best_overall=0.701800, mean_diversity=0.045124,
indivs=12966032, elapsed_secs=23781, mean=0.503262, stdev=0.133880, best fit=0.701800, best_overall=0.701800, mean_diversity=0.296615,
indivs=12976130, elapsed_secs=23792, mean=0.567718, stdev=0.091819, best fit=0.701800, best_overall=0.701800, mean_diversity=0.300816,
indivs=12986228, elapsed_secs=23803, mean=0.610796, stdev=0.128201, best fit=0.701800, best_overall=0.701800, mean_diversity=0.107237,
indivs=12996326, elapsed_secs=23814, mean=0.509045, stdev=0.127432, best fit=0.701800, best_overall=0.701800, mean_diversity=0.170243,
indivs=13006424, elapsed_secs=23827, mean=0.499908, stdev=0.053218, best fit=0.701800, best_overall=0.701800, mean_diversity=0.111598,
indivs=13016522, elapsed_secs=23837, mean=0.537579, stdev=0.126710, best fit=0.701800, best_overall=0.701800, mean_diversity=0.155207,
indivs=13026620, elapsed_secs=23847, mean=0.562614, stdev=0.135355, best fit=0.701800, best_overall=0.701800, mean_diversity=0.203094,
indivs=13036718, elapsed_secs=23859, mean=0.542820, stdev=0.085301, best fit=0.701800, best_overall=0.701800, mean_diversity=0.278643,
indivs=13046816, elapsed_secs=23871, mean=0.576084, stdev=0.100990, best fit=0.701800, best_overall=0.701800, mean_diversity=0.128674,
indivs=13056914, elapsed_secs=23881, mean=0.506923, stdev=0.032044, best fit=0.701800, best_overall=0.701800, mean_diversity=0.113470,
indivs=13067012, elapsed_secs=23893, mean=0.590494, stdev=0.125412, best fit=0.701800, best_overall=0.701800, mean_diversity=0.244344,
indivs=13077110, elapsed_secs=23904, mean=0.567774, stdev=0.133172, best fit=0.701800, best_overall=0.701800, mean_diversity=0.237685,
indivs=13087208, elapsed_secs=23915, mean=0.569798, stdev=0.152488, best fit=0.701800, best_overall=0.701800, mean_diversity=0.316296,
indivs=13097306, elapsed_secs=23927, mean=0.598298, stdev=0.138029, best fit=0.701800, best_overall=0.701800, mean_diversity=0.210932,
indivs=13107404, elapsed_secs=23937, mean=0.516585, stdev=0.117166, best fit=0.701800, best_overall=0.701800, mean_diversity=0.396762,
indivs=13117502, elapsed_secs=23948, mean=0.523388, stdev=0.082602, best fit=0.701800, best_overall=0.701800, mean_diversity=0.148858,
indivs=13127600, elapsed_secs=23960, mean=0.497451, stdev=0.054086, best fit=0.701800, best_overall=0.701800, mean_diversity=0.168646,
indivs=13137698, elapsed_secs=23969, mean=0.539276, stdev=0.096571, best fit=0.701800, best_overall=0.701800, mean_diversity=0.265878,
indivs=13147796, elapsed_secs=23983, mean=0.558483, stdev=0.162098, best fit=0.701800, best_overall=0.701800, mean_diversity=0.164032,
indivs=13157894, elapsed_secs=23992, mean=0.495021, stdev=0.082269, best fit=0.701800, best_overall=0.701800, mean_diversity=0.213458,
indivs=13167992, elapsed_secs=24002, mean=0.512486, stdev=0.099692, best fit=0.701800, best_overall=0.701800, mean_diversity=0.246451,
indivs=13178090, elapsed_secs=24012, mean=0.531876, stdev=0.090555, best fit=0.701800, best_overall=0.701800, mean_diversity=0.268415,
indivs=13188188, elapsed_secs=24024, mean=0.540430, stdev=0.113988, best fit=0.701800, best_overall=0.701800, mean_diversity=0.342261,
indivs=13198286, elapsed_secs=24035, mean=0.548937, stdev=0.154221, best fit=0.701800, best_overall=0.701800, mean_diversity=0.356966,
indivs=13208384, elapsed_secs=24047, mean=0.501894, stdev=0.020129, best fit=0.701800, best_overall=0.701800, mean_diversity=0.073447,
indivs=13218482, elapsed_secs=24058, mean=0.492001, stdev=0.147421, best fit=0.701800, best_overall=0.701800, mean_diversity=0.167780,
indivs=13228580, elapsed_secs=24071, mean=0.579971, stdev=0.188434, best fit=0.701800, best_overall=0.701800, mean_diversity=0.045204,
indivs=13238678, elapsed_secs=24083, mean=0.535005, stdev=0.125739, best fit=0.701800, best_overall=0.701800, mean_diversity=0.111903,
indivs=13248776, elapsed_secs=24094, mean=0.610864, stdev=0.093503, best fit=0.701800, best_overall=0.701800, mean_diversity=0.227834,
indivs=13258874, elapsed_secs=24107, mean=0.567355, stdev=0.131185, best fit=0.701800, best_overall=0.701800, mean_diversity=0.206534,
indivs=13268972, elapsed_secs=24120, mean=0.548179, stdev=0.077302, best fit=0.701800, best_overall=0.701800, mean_diversity=0.285304,
indivs=13279070, elapsed_secs=24131, mean=0.527523, stdev=0.137053, best fit=0.701800, best_overall=0.701800, mean_diversity=0.170481,
indivs=13289168, elapsed_secs=24143, mean=0.514976, stdev=0.099856, best fit=0.701800, best_overall=0.701800, mean_diversity=0.196989,
indivs=13299266, elapsed_secs=24154, mean=0.575410, stdev=0.130568, best fit=0.701800, best_overall=0.701800, mean_diversity=0.200707,
indivs=13309364, elapsed_secs=24163, mean=0.498237, stdev=0.022536, best fit=0.701800, best_overall=0.701800, mean_diversity=0.179528,
indivs=13319462, elapsed_secs=24174, mean=0.529792, stdev=0.090187, best fit=0.701800, best_overall=0.701800, mean_diversity=0.346057,
indivs=13329560, elapsed_secs=24188, mean=0.557086, stdev=0.167002, best fit=0.701800, best_overall=0.701800, mean_diversity=0.192056,
indivs=13339658, elapsed_secs=24201, mean=0.554666, stdev=0.103226, best fit=0.701800, best_overall=0.701800, mean_diversity=0.276802,
indivs=13349756, elapsed_secs=24213, mean=0.498170, stdev=0.022315, best fit=0.701800, best_overall=0.701800, mean_diversity=0.251352,
indivs=13359854, elapsed_secs=24225, mean=0.502018, stdev=0.020079, best fit=0.701800, best_overall=0.701800, mean_diversity=0.103067,
indivs=13369952, elapsed_secs=24235, mean=0.477114, stdev=0.174683, best fit=0.701800, best_overall=0.701800, mean_diversity=0.227352,
indivs=13380050, elapsed_secs=24247, mean=0.568229, stdev=0.062315, best fit=0.701800, best_overall=0.701800, mean_diversity=0.065458,
indivs=13390148, elapsed_secs=24260, mean=0.534524, stdev=0.056929, best fit=0.701800, best_overall=0.701800, mean_diversity=0.189652,
indivs=13400246, elapsed_secs=24273, mean=0.617047, stdev=0.161559, best fit=0.701800, best_overall=0.701800, mean_diversity=0.084089,
indivs=13410344, elapsed_secs=24287, mean=0.614706, stdev=0.147290, best fit=0.701800, best_overall=0.701800, mean_diversity=0.214075,
indivs=13420442, elapsed_secs=24300, mean=0.540700, stdev=0.134795, best fit=0.701800, best_overall=0.701800, mean_diversity=0.301955,
indivs=13430540, elapsed_secs=24313, mean=0.514134, stdev=0.078485, best fit=0.701800, best_overall=0.701800, mean_diversity=0.124122,
indivs=13440638, elapsed_secs=24325, mean=0.474359, stdev=0.088378, best fit=0.701800, best_overall=0.701800, mean_diversity=0.138301,
indivs=13450736, elapsed_secs=24337, mean=0.562042, stdev=0.136115, best fit=0.701800, best_overall=0.701800, mean_diversity=0.142638,
indivs=13460834, elapsed_secs=24352, mean=0.545550, stdev=0.111512, best fit=0.701800, best_overall=0.701800, mean_diversity=0.371866,
indivs=13470932, elapsed_secs=24365, mean=0.518337, stdev=0.119761, best fit=0.701800, best_overall=0.701800, mean_diversity=0.394308,
indivs=13481030, elapsed_secs=24377, mean=0.553751, stdev=0.193625, best fit=0.701800, best_overall=0.701800, mean_diversity=0.140427,
indivs=13491128, elapsed_secs=24392, mean=0.550096, stdev=0.145109, best fit=0.701800, best_overall=0.701800, mean_diversity=0.211975,
indivs=13501226, elapsed_secs=24406, mean=0.543070, stdev=0.115601, best fit=0.701800, best_overall=0.701800, mean_diversity=0.328776,
indivs=13511324, elapsed_secs=24417, mean=0.581983, stdev=0.063919, best fit=0.701800, best_overall=0.701800, mean_diversity=0.037854,
indivs=13521422, elapsed_secs=24429, mean=0.513806, stdev=0.079343, best fit=0.701800, best_overall=0.701800, mean_diversity=0.129630,
indivs=13531520, elapsed_secs=24441, mean=0.506420, stdev=0.034668, best fit=0.701800, best_overall=0.701800, mean_diversity=0.111662,
indivs=13541618, elapsed_secs=24451, mean=0.527461, stdev=0.068041, best fit=0.701800, best_overall=0.701800, mean_diversity=0.278641,
indivs=13551716, elapsed_secs=24465, mean=0.533816, stdev=0.111374, best fit=0.701800, best_overall=0.701800, mean_diversity=0.355424,
indivs=13561814, elapsed_secs=24477, mean=0.536352, stdev=0.199688, best fit=0.701800, best_overall=0.701800, mean_diversity=0.230021,
indivs=13571912, elapsed_secs=24486, mean=0.516239, stdev=0.053444, best fit=0.701800, best_overall=0.701800, mean_diversity=0.130772,
indivs=13582010, elapsed_secs=24497, mean=0.599981, stdev=0.151013, best fit=0.701800, best_overall=0.701800, mean_diversity=0.091100,
indivs=13592108, elapsed_secs=24507, mean=0.563159, stdev=0.089354, best fit=0.701800, best_overall=0.701800, mean_diversity=0.132441,
indivs=13602206, elapsed_secs=24517, mean=0.558926, stdev=0.087425, best fit=0.701800, best_overall=0.701800, mean_diversity=0.201003,
indivs=13612304, elapsed_secs=24528, mean=0.558087, stdev=0.116340, best fit=0.701800, best_overall=0.701800, mean_diversity=0.186854,
indivs=13622402, elapsed_secs=24539, mean=0.602560, stdev=0.153193, best fit=0.701800, best_overall=0.701800, mean_diversity=0.107062,
indivs=13632500, elapsed_secs=24550, mean=0.499904, stdev=0.083440, best fit=0.701800, best_overall=0.701800, mean_diversity=0.122419,
indivs=13642598, elapsed_secs=24561, mean=0.588019, stdev=0.125026, best fit=0.701800, best_overall=0.701800, mean_diversity=0.166038,
indivs=13652696, elapsed_secs=24574, mean=0.536131, stdev=0.126985, best fit=0.701800, best_overall=0.701800, mean_diversity=0.146102,
indivs=13662794, elapsed_secs=24589, mean=0.575199, stdev=0.085551, best fit=0.701800, best_overall=0.701800, mean_diversity=0.206143,
indivs=13672892, elapsed_secs=24602, mean=0.554789, stdev=0.142492, best fit=0.701800, best_overall=0.701800, mean_diversity=0.336316,
indivs=13682990, elapsed_secs=24614, mean=0.560375, stdev=0.113952, best fit=0.701800, best_overall=0.701800, mean_diversity=0.245714,
indivs=13693088, elapsed_secs=24626, mean=0.513016, stdev=0.075439, best fit=0.701800, best_overall=0.701800, mean_diversity=0.187189,
indivs=13703186, elapsed_secs=24640, mean=0.592688, stdev=0.173540, best fit=0.701800, best_overall=0.701800, mean_diversity=0.142810,
indivs=13713284, elapsed_secs=24651, mean=0.532670, stdev=0.062050, best fit=0.701800, best_overall=0.701800, mean_diversity=0.252174,
indivs=13723382, elapsed_secs=24662, mean=0.537269, stdev=0.135958, best fit=0.701800, best_overall=0.701800, mean_diversity=0.366209,
indivs=13733480, elapsed_secs=24676, mean=0.519443, stdev=0.044993, best fit=0.701800, best_overall=0.701800, mean_diversity=0.239771,
indivs=13743578, elapsed_secs=24688, mean=0.558148, stdev=0.130257, best fit=0.701800, best_overall=0.701800, mean_diversity=0.238390,
indivs=13753676, elapsed_secs=24699, mean=0.523704, stdev=0.112176, best fit=0.701800, best_overall=0.701800, mean_diversity=0.306135,
indivs=13763774, elapsed_secs=24711, mean=0.582754, stdev=0.061300, best fit=0.701800, best_overall=0.701800, mean_diversity=0.130111,
indivs=13773872, elapsed_secs=24724, mean=0.551622, stdev=0.118159, best fit=0.701800, best_overall=0.701800, mean_diversity=0.219695,
indivs=13783970, elapsed_secs=24737, mean=0.490019, stdev=0.090113, best fit=0.701800, best_overall=0.701800, mean_diversity=0.074363,
indivs=13794068, elapsed_secs=24749, mean=0.562307, stdev=0.147282, best fit=0.701800, best_overall=0.701800, mean_diversity=0.143964,
indivs=13804166, elapsed_secs=24762, mean=0.593521, stdev=0.161530, best fit=0.701800, best_overall=0.701800, mean_diversity=0.153274,
indivs=13814264, elapsed_secs=24775, mean=0.579149, stdev=0.085703, best fit=0.701800, best_overall=0.701800, mean_diversity=0.340774,
indivs=13824362, elapsed_secs=24786, mean=0.547686, stdev=0.130789, best fit=0.701800, best_overall=0.701800, mean_diversity=0.333870,
indivs=13834460, elapsed_secs=24798, mean=0.512119, stdev=0.050960, best fit=0.701800, best_overall=0.701800, mean_diversity=0.118524,
indivs=13844558, elapsed_secs=24814, mean=0.501283, stdev=0.020536, best fit=0.701800, best_overall=0.701800, mean_diversity=0.083943,
indivs=13854656, elapsed_secs=24827, mean=0.590610, stdev=0.148377, best fit=0.701800, best_overall=0.701800, mean_diversity=0.102538,
indivs=13864754, elapsed_secs=24842, mean=0.557014, stdev=0.113759, best fit=0.701800, best_overall=0.701800, mean_diversity=0.082849,
indivs=13874852, elapsed_secs=24855, mean=0.530817, stdev=0.110577, best fit=0.701800, best_overall=0.701800, mean_diversity=0.161212,
indivs=13884950, elapsed_secs=24870, mean=0.600488, stdev=0.140077, best fit=0.701800, best_overall=0.701800, mean_diversity=0.240279,
indivs=13895048, elapsed_secs=24884, mean=0.517728, stdev=0.080381, best fit=0.701800, best_overall=0.701800, mean_diversity=0.249011,
indivs=13905146, elapsed_secs=24896, mean=0.562522, stdev=0.159036, best fit=0.701800, best_overall=0.701800, mean_diversity=0.192054,
indivs=13915244, elapsed_secs=24908, mean=0.495338, stdev=0.066362, best fit=0.701800, best_overall=0.701800, mean_diversity=0.233671,
indivs=13925342, elapsed_secs=24919, mean=0.561661, stdev=0.138176, best fit=0.701800, best_overall=0.701800, mean_diversity=0.081850,
indivs=13935440, elapsed_secs=24933, mean=0.508375, stdev=0.103587, best fit=0.701800, best_overall=0.701800, mean_diversity=0.229298,
indivs=13945538, elapsed_secs=24945, mean=0.595669, stdev=0.102767, best fit=0.701800, best_overall=0.701800, mean_diversity=0.191098,
indivs=13955636, elapsed_secs=24958, mean=0.498624, stdev=0.074259, best fit=0.701800, best_overall=0.701800, mean_diversity=0.218131,
indivs=13965734, elapsed_secs=24972, mean=0.611937, stdev=0.095896, best fit=0.701800, best_overall=0.701800, mean_diversity=0.238988,
indivs=13975832, elapsed_secs=24985, mean=0.483876, stdev=0.131061, best fit=0.701800, best_overall=0.701800, mean_diversity=0.189976,
indivs=13985930, elapsed_secs=24998, mean=0.571764, stdev=0.082873, best fit=0.701800, best_overall=0.701800, mean_diversity=0.059644,
indivs=13996028, elapsed_secs=25011, mean=0.505808, stdev=0.062310, best fit=0.701800, best_overall=0.701800, mean_diversity=0.200725,
indivs=14006126, elapsed_secs=25021, mean=0.570369, stdev=0.107688, best fit=0.701800, best_overall=0.701800, mean_diversity=0.211853,
indivs=14016224, elapsed_secs=25032, mean=0.490010, stdev=0.092945, best fit=0.701800, best_overall=0.701800, mean_diversity=0.113718,
indivs=14026322, elapsed_secs=25045, mean=0.563786, stdev=0.160675, best fit=0.701800, best_overall=0.701800, mean_diversity=0.314409,
indivs=14036420, elapsed_secs=25056, mean=0.552197, stdev=0.088091, best fit=0.701800, best_overall=0.701800, mean_diversity=0.101965,
indivs=14046518, elapsed_secs=25068, mean=0.604759, stdev=0.102870, best fit=0.701800, best_overall=0.701800, mean_diversity=0.097327,
indivs=14056616, elapsed_secs=25079, mean=0.553403, stdev=0.078223, best fit=0.701800, best_overall=0.701800, mean_diversity=0.213019,
indivs=14066714, elapsed_secs=25091, mean=0.498342, stdev=0.028806, best fit=0.701800, best_overall=0.701800, mean_diversity=0.273206,
indivs=14076812, elapsed_secs=25102, mean=0.527714, stdev=0.088542, best fit=0.701800, best_overall=0.701800, mean_diversity=0.206931,
indivs=14086910, elapsed_secs=25114, mean=0.577087, stdev=0.110597, best fit=0.701800, best_overall=0.701800, mean_diversity=0.152540,
indivs=14097008, elapsed_secs=25127, mean=0.530254, stdev=0.128298, best fit=0.701800, best_overall=0.701800, mean_diversity=0.226379,
indivs=14107106, elapsed_secs=25139, mean=0.607247, stdev=0.116197, best fit=0.701800, best_overall=0.701800, mean_diversity=0.132639,
indivs=14117204, elapsed_secs=25151, mean=0.521851, stdev=0.116822, best fit=0.701800, best_overall=0.701800, mean_diversity=0.295829,
indivs=14127302, elapsed_secs=25163, mean=0.575253, stdev=0.100858, best fit=0.701800, best_overall=0.701800, mean_diversity=0.259919,
indivs=14137400, elapsed_secs=25176, mean=0.575877, stdev=0.133009, best fit=0.701800, best_overall=0.701800, mean_diversity=0.259144,
indivs=14147498, elapsed_secs=25189, mean=0.572394, stdev=0.141279, best fit=0.701800, best_overall=0.701800, mean_diversity=0.265400,
indivs=14157596, elapsed_secs=25202, mean=0.612833, stdev=0.125921, best fit=0.701800, best_overall=0.701800, mean_diversity=0.177529,
indivs=14167694, elapsed_secs=25214, mean=0.522851, stdev=0.079431, best fit=0.701800, best_overall=0.701800, mean_diversity=0.281984,
indivs=14177792, elapsed_secs=25226, mean=0.614133, stdev=0.084350, best fit=0.701800, best_overall=0.701800, mean_diversity=0.192395,
indivs=14187890, elapsed_secs=25239, mean=0.571050, stdev=0.136889, best fit=0.701800, best_overall=0.701800, mean_diversity=0.257373,
indivs=14197988, elapsed_secs=25252, mean=0.540876, stdev=0.116187, best fit=0.701800, best_overall=0.701800, mean_diversity=0.338120,
indivs=14208086, elapsed_secs=25263, mean=0.503298, stdev=0.023668, best fit=0.701800, best_overall=0.701800, mean_diversity=0.127912,
indivs=14218184, elapsed_secs=25274, mean=0.534457, stdev=0.122414, best fit=0.701800, best_overall=0.701800, mean_diversity=0.284253,
indivs=14228282, elapsed_secs=25285, mean=0.557762, stdev=0.107447, best fit=0.701800, best_overall=0.701800, mean_diversity=0.307110,
indivs=14238380, elapsed_secs=25295, mean=0.506719, stdev=0.036300, best fit=0.701800, best_overall=0.701800, mean_diversity=0.175397,
indivs=14248478, elapsed_secs=25307, mean=0.549486, stdev=0.149406, best fit=0.701800, best_overall=0.701800, mean_diversity=0.153731,
indivs=14258576, elapsed_secs=25319, mean=0.507886, stdev=0.046310, best fit=0.701800, best_overall=0.701800, mean_diversity=0.296250,
indivs=14268674, elapsed_secs=25331, mean=0.549307, stdev=0.086546, best fit=0.701800, best_overall=0.701800, mean_diversity=0.143982,
indivs=14278772, elapsed_secs=25341, mean=0.555648, stdev=0.112711, best fit=0.701800, best_overall=0.701800, mean_diversity=0.176508,
indivs=14288870, elapsed_secs=25351, mean=0.573067, stdev=0.161497, best fit=0.701800, best_overall=0.701800, mean_diversity=0.176356,
indivs=14298968, elapsed_secs=25361, mean=0.547854, stdev=0.115749, best fit=0.701800, best_overall=0.701800, mean_diversity=0.194270,
indivs=14309066, elapsed_secs=25372, mean=0.500078, stdev=0.021959, best fit=0.701800, best_overall=0.701800, mean_diversity=0.078664,
indivs=14319164, elapsed_secs=25383, mean=0.501781, stdev=0.020240, best fit=0.701800, best_overall=0.701800, mean_diversity=0.081597,
indivs=14329262, elapsed_secs=25394, mean=0.514608, stdev=0.075829, best fit=0.701800, best_overall=0.701800, mean_diversity=0.276023,
indivs=14339360, elapsed_secs=25407, mean=0.600617, stdev=0.128832, best fit=0.701800, best_overall=0.701800, mean_diversity=0.106618,
indivs=14349458, elapsed_secs=25417, mean=0.469831, stdev=0.041586, best fit=0.701800, best_overall=0.701800, mean_diversity=0.128422,
indivs=14359556, elapsed_secs=25428, mean=0.573640, stdev=0.081352, best fit=0.701800, best_overall=0.701800, mean_diversity=0.250745,
indivs=14369654, elapsed_secs=25440, mean=0.525379, stdev=0.062626, best fit=0.701800, best_overall=0.701800, mean_diversity=0.194783,
indivs=14379752, elapsed_secs=25453, mean=0.546815, stdev=0.115425, best fit=0.701800, best_overall=0.701800, mean_diversity=0.179722,
indivs=14389850, elapsed_secs=25464, mean=0.586122, stdev=0.127825, best fit=0.701800, best_overall=0.701800, mean_diversity=0.312102,
indivs=14399948, elapsed_secs=25475, mean=0.541485, stdev=0.134846, best fit=0.701800, best_overall=0.701800, mean_diversity=0.165038,
indivs=14410046, elapsed_secs=25488, mean=0.591766, stdev=0.126066, best fit=0.701800, best_overall=0.701800, mean_diversity=0.191850,
indivs=14420144, elapsed_secs=25499, mean=0.571219, stdev=0.120747, best fit=0.701800, best_overall=0.701800, mean_diversity=0.370226,
indivs=14430242, elapsed_secs=25511, mean=0.497298, stdev=0.050004, best fit=0.701800, best_overall=0.701800, mean_diversity=0.110862,
indivs=14440340, elapsed_secs=25522, mean=0.532088, stdev=0.091675, best fit=0.701800, best_overall=0.701800, mean_diversity=0.361121,
indivs=14450438, elapsed_secs=25534, mean=0.494725, stdev=0.113045, best fit=0.701800, best_overall=0.701800, mean_diversity=0.145029,
indivs=14460536, elapsed_secs=25546, mean=0.528721, stdev=0.108584, best fit=0.701800, best_overall=0.701800, mean_diversity=0.298874,
indivs=14470634, elapsed_secs=25557, mean=0.492035, stdev=0.073101, best fit=0.701800, best_overall=0.701800, mean_diversity=0.340723,
indivs=14480732, elapsed_secs=25568, mean=0.590391, stdev=0.123435, best fit=0.701800, best_overall=0.701800, mean_diversity=0.142365,
indivs=14490830, elapsed_secs=25580, mean=0.510197, stdev=0.108550, best fit=0.701800, best_overall=0.701800, mean_diversity=0.208249,
indivs=14500928, elapsed_secs=25591, mean=0.577305, stdev=0.169790, best fit=0.701800, best_overall=0.701800, mean_diversity=0.243178,
indivs=14511026, elapsed_secs=25601, mean=0.560564, stdev=0.065980, best fit=0.701800, best_overall=0.701800, mean_diversity=0.360882,
indivs=14521124, elapsed_secs=25615, mean=0.540872, stdev=0.163904, best fit=0.701800, best_overall=0.701800, mean_diversity=0.131002,
indivs=14531222, elapsed_secs=25628, mean=0.556831, stdev=0.135532, best fit=0.701800, best_overall=0.701800, mean_diversity=0.347491,
indivs=14541320, elapsed_secs=25640, mean=0.588176, stdev=0.189647, best fit=0.701800, best_overall=0.701800, mean_diversity=0.108499,
indivs=14551418, elapsed_secs=25654, mean=0.497666, stdev=0.061307, best fit=0.701800, best_overall=0.701800, mean_diversity=0.133430,
indivs=14561516, elapsed_secs=25668, mean=0.533757, stdev=0.149461, best fit=0.701800, best_overall=0.701800, mean_diversity=0.336870,
indivs=14571614, elapsed_secs=25678, mean=0.462571, stdev=0.149607, best fit=0.701800, best_overall=0.701800, mean_diversity=0.207212,
indivs=14581712, elapsed_secs=25689, mean=0.522411, stdev=0.130474, best fit=0.701800, best_overall=0.701800, mean_diversity=0.154189,
indivs=14591810, elapsed_secs=25699, mean=0.522314, stdev=0.087572, best fit=0.701800, best_overall=0.701800, mean_diversity=0.258241,
indivs=14601908, elapsed_secs=25716, mean=0.574849, stdev=0.138229, best fit=0.701800, best_overall=0.701800, mean_diversity=0.228381,
indivs=14612006, elapsed_secs=25726, mean=0.518127, stdev=0.081507, best fit=0.701800, best_overall=0.701800, mean_diversity=0.191231,
indivs=14622104, elapsed_secs=25739, mean=0.522612, stdev=0.104162, best fit=0.701800, best_overall=0.701800, mean_diversity=0.223535,
indivs=14632202, elapsed_secs=25749, mean=0.557848, stdev=0.071056, best fit=0.701800, best_overall=0.701800, mean_diversity=0.172053,
indivs=14642300, elapsed_secs=25759, mean=0.610393, stdev=0.126953, best fit=0.701800, best_overall=0.701800, mean_diversity=0.081384,
indivs=14652398, elapsed_secs=25771, mean=0.590486, stdev=0.162463, best fit=0.701800, best_overall=0.701800, mean_diversity=0.114551,
indivs=14662496, elapsed_secs=25785, mean=0.506911, stdev=0.118113, best fit=0.701800, best_overall=0.701800, mean_diversity=0.233577,
indivs=14672594, elapsed_secs=25795, mean=0.551646, stdev=0.105774, best fit=0.701800, best_overall=0.701800, mean_diversity=0.325254,
indivs=14682692, elapsed_secs=25805, mean=0.539565, stdev=0.092980, best fit=0.701800, best_overall=0.701800, mean_diversity=0.242339,
indivs=14692790, elapsed_secs=25819, mean=0.530428, stdev=0.167713, best fit=0.701800, best_overall=0.701800, mean_diversity=0.326981,
indivs=14702888, elapsed_secs=25831, mean=0.588746, stdev=0.140714, best fit=0.701800, best_overall=0.701800, mean_diversity=0.214540,
indivs=14712986, elapsed_secs=25841, mean=0.565411, stdev=0.172537, best fit=0.701800, best_overall=0.701800, mean_diversity=0.054652,
indivs=14723084, elapsed_secs=25854, mean=0.513879, stdev=0.050590, best fit=0.701800, best_overall=0.701800, mean_diversity=0.112014,
indivs=14733182, elapsed_secs=25865, mean=0.492943, stdev=0.062251, best fit=0.701800, best_overall=0.701800, mean_diversity=0.105420,
indivs=14743280, elapsed_secs=25876, mean=0.601029, stdev=0.111928, best fit=0.701800, best_overall=0.701800, mean_diversity=0.300432,
indivs=14753378, elapsed_secs=25887, mean=0.545335, stdev=0.118734, best fit=0.701800, best_overall=0.701800, mean_diversity=0.236053,
indivs=14763476, elapsed_secs=25899, mean=0.497545, stdev=0.078579, best fit=0.701800, best_overall=0.701800, mean_diversity=0.092337,
indivs=14773574, elapsed_secs=25913, mean=0.511390, stdev=0.090855, best fit=0.701800, best_overall=0.701800, mean_diversity=0.204449,
indivs=14783672, elapsed_secs=25923, mean=0.564249, stdev=0.143318, best fit=0.701800, best_overall=0.701800, mean_diversity=0.205181,
indivs=14793770, elapsed_secs=25934, mean=0.595496, stdev=0.128213, best fit=0.701800, best_overall=0.701800, mean_diversity=0.208872,
indivs=14803868, elapsed_secs=25944, mean=0.556675, stdev=0.107841, best fit=0.701800, best_overall=0.701800, mean_diversity=0.326978,
indivs=14813966, elapsed_secs=25954, mean=0.502018, stdev=0.020079, best fit=0.701800, best_overall=0.701800, mean_diversity=0.068256,
indivs=14824064, elapsed_secs=25964, mean=0.478841, stdev=0.076393, best fit=0.701800, best_overall=0.701800, mean_diversity=0.099211,
indivs=14834162, elapsed_secs=25975, mean=0.497018, stdev=0.053836, best fit=0.701800, best_overall=0.701800, mean_diversity=0.092696,
indivs=14844260, elapsed_secs=25987, mean=0.557494, stdev=0.135636, best fit=0.701800, best_overall=0.701800, mean_diversity=0.196811,
indivs=14854358, elapsed_secs=26000, mean=0.515211, stdev=0.201117, best fit=0.701800, best_overall=0.701800, mean_diversity=0.210655,
indivs=14864456, elapsed_secs=26012, mean=0.455827, stdev=0.144916, best fit=0.701800, best_overall=0.701800, mean_diversity=0.071385,
indivs=14874554, elapsed_secs=26026, mean=0.614661, stdev=0.084464, best fit=0.701800, best_overall=0.701800, mean_diversity=0.187401,
indivs=14884652, elapsed_secs=26038, mean=0.576649, stdev=0.088009, best fit=0.701800, best_overall=0.701800, mean_diversity=0.126828,
indivs=14894750, elapsed_secs=26051, mean=0.577164, stdev=0.092868, best fit=0.701800, best_overall=0.701800, mean_diversity=0.099595,
indivs=14904848, elapsed_secs=26060, mean=0.517034, stdev=0.116452, best fit=0.701800, best_overall=0.701800, mean_diversity=0.271978,
indivs=14914946, elapsed_secs=26070, mean=0.616292, stdev=0.075518, best fit=0.701800, best_overall=0.701800, mean_diversity=0.091381,
indivs=14925044, elapsed_secs=26080, mean=0.590052, stdev=0.083021, best fit=0.701800, best_overall=0.701800, mean_diversity=0.156429,
indivs=14935142, elapsed_secs=26093, mean=0.583430, stdev=0.106359, best fit=0.701800, best_overall=0.701800, mean_diversity=0.151785,
indivs=14945240, elapsed_secs=26103, mean=0.488512, stdev=0.093500, best fit=0.701800, best_overall=0.701800, mean_diversity=0.337488,
indivs=14955338, elapsed_secs=26113, mean=0.597068, stdev=0.167188, best fit=0.701800, best_overall=0.701800, mean_diversity=0.130556,
indivs=14965436, elapsed_secs=26125, mean=0.529614, stdev=0.075299, best fit=0.701800, best_overall=0.701800, mean_diversity=0.366029,
indivs=14975534, elapsed_secs=26137, mean=0.499814, stdev=0.084763, best fit=0.701800, best_overall=0.701800, mean_diversity=0.108011,
indivs=14985632, elapsed_secs=26150, mean=0.483448, stdev=0.151204, best fit=0.701800, best_overall=0.701800, mean_diversity=0.213810,
indivs=14995730, elapsed_secs=26163, mean=0.575848, stdev=0.134317, best fit=0.701800, best_overall=0.701800, mean_diversity=0.133449,
indivs=15005828, elapsed_secs=26177, mean=0.540326, stdev=0.116331, best fit=0.701800, best_overall=0.701800, mean_diversity=0.430307,
indivs=15015926, elapsed_secs=26189, mean=0.517813, stdev=0.055562, best fit=0.701800, best_overall=0.701800, mean_diversity=0.228258,
indivs=15026024, elapsed_secs=26201, mean=0.551809, stdev=0.069246, best fit=0.701800, best_overall=0.701800, mean_diversity=0.162782,
indivs=15036122, elapsed_secs=26217, mean=0.542456, stdev=0.200936, best fit=0.701800, best_overall=0.701800, mean_diversity=0.238152,
indivs=15046220, elapsed_secs=26232, mean=0.593307, stdev=0.109670, best fit=0.701800, best_overall=0.701800, mean_diversity=0.186391,
indivs=15056318, elapsed_secs=26245, mean=0.625063, stdev=0.128205, best fit=0.701800, best_overall=0.701800, mean_diversity=0.203246,
indivs=15066416, elapsed_secs=26261, mean=0.560789, stdev=0.107084, best fit=0.701800, best_overall=0.701800, mean_diversity=0.245937,
indivs=15076514, elapsed_secs=26274, mean=0.539827, stdev=0.098605, best fit=0.701800, best_overall=0.701800, mean_diversity=0.386316,
indivs=15086612, elapsed_secs=26286, mean=0.509872, stdev=0.072266, best fit=0.701800, best_overall=0.701800, mean_diversity=0.169554,
indivs=15096710, elapsed_secs=26301, mean=0.533297, stdev=0.124750, best fit=0.701800, best_overall=0.701800, mean_diversity=0.355680,
indivs=15106808, elapsed_secs=26314, mean=0.538799, stdev=0.075937, best fit=0.701800, best_overall=0.701800, mean_diversity=0.209140,
indivs=15116906, elapsed_secs=26324, mean=0.539115, stdev=0.098299, best fit=0.701800, best_overall=0.701800, mean_diversity=0.263232,
indivs=15127004, elapsed_secs=26337, mean=0.558074, stdev=0.112205, best fit=0.701800, best_overall=0.701800, mean_diversity=0.091364,
indivs=15137102, elapsed_secs=26349, mean=0.490881, stdev=0.110107, best fit=0.701800, best_overall=0.701800, mean_diversity=0.105095,
indivs=15147200, elapsed_secs=26358, mean=0.552794, stdev=0.117853, best fit=0.701800, best_overall=0.701800, mean_diversity=0.181746,
indivs=15157298, elapsed_secs=26367, mean=0.529425, stdev=0.109040, best fit=0.701800, best_overall=0.701800, mean_diversity=0.259675,
indivs=15167396, elapsed_secs=26381, mean=0.539991, stdev=0.110129, best fit=0.701800, best_overall=0.701800, mean_diversity=0.283209,
indivs=15177494, elapsed_secs=26392, mean=0.593030, stdev=0.152870, best fit=0.701800, best_overall=0.701800, mean_diversity=0.154560,
indivs=15187592, elapsed_secs=26405, mean=0.511079, stdev=0.066853, best fit=0.701800, best_overall=0.701800, mean_diversity=0.185218,
indivs=15197690, elapsed_secs=26418, mean=0.573109, stdev=0.129730, best fit=0.701800, best_overall=0.701800, mean_diversity=0.158244,
indivs=15207788, elapsed_secs=26431, mean=0.525334, stdev=0.088947, best fit=0.701800, best_overall=0.701800, mean_diversity=0.128629,
indivs=15217886, elapsed_secs=26442, mean=0.599359, stdev=0.123612, best fit=0.701800, best_overall=0.701800, mean_diversity=0.145565,
indivs=15227984, elapsed_secs=26453, mean=0.502018, stdev=0.020079, best fit=0.701800, best_overall=0.701800, mean_diversity=0.125895,
indivs=15238082, elapsed_secs=26466, mean=0.500657, stdev=0.020798, best fit=0.701800, best_overall=0.701800, mean_diversity=0.308467,
indivs=15248180, elapsed_secs=26481, mean=0.507780, stdev=0.038728, best fit=0.701800, best_overall=0.701800, mean_diversity=0.144446,
indivs=15258278, elapsed_secs=26494, mean=0.536651, stdev=0.126847, best fit=0.701800, best_overall=0.701800, mean_diversity=0.401023,
indivs=15268376, elapsed_secs=26506, mean=0.456309, stdev=0.107373, best fit=0.701800, best_overall=0.701800, mean_diversity=0.217134,
indivs=15278474, elapsed_secs=26517, mean=0.520693, stdev=0.045493, best fit=0.701800, best_overall=0.701800, mean_diversity=0.221341,
indivs=15288572, elapsed_secs=26529, mean=0.503771, stdev=0.110136, best fit=0.701800, best_overall=0.701800, mean_diversity=0.172708,
indivs=15298670, elapsed_secs=26542, mean=0.494709, stdev=0.173540, best fit=0.701800, best_overall=0.701800, mean_diversity=0.142934,
indivs=15308768, elapsed_secs=26553, mean=0.539861, stdev=0.197528, best fit=0.701800, best_overall=0.701800, mean_diversity=0.324801,
indivs=15318866, elapsed_secs=26563, mean=0.513945, stdev=0.155912, best fit=0.701800, best_overall=0.701800, mean_diversity=0.211044,
indivs=15328964, elapsed_secs=26572, mean=0.553446, stdev=0.095069, best fit=0.701800, best_overall=0.701800, mean_diversity=0.262085,
indivs=15339062, elapsed_secs=26588, mean=0.520029, stdev=0.081984, best fit=0.701800, best_overall=0.701800, mean_diversity=0.339197,
indivs=15349160, elapsed_secs=26600, mean=0.569014, stdev=0.189994, best fit=0.701800, best_overall=0.701800, mean_diversity=0.302739,
indivs=15359258, elapsed_secs=26613, mean=0.510166, stdev=0.181125, best fit=0.701800, best_overall=0.701800, mean_diversity=0.356516,
indivs=15369356, elapsed_secs=26625, mean=0.535468, stdev=0.094926, best fit=0.701800, best_overall=0.701800, mean_diversity=0.308133,
indivs=15379454, elapsed_secs=26637, mean=0.570905, stdev=0.173779, best fit=0.701800, best_overall=0.701800, mean_diversity=0.148361,
indivs=15389552, elapsed_secs=26652, mean=0.581016, stdev=0.141981, best fit=0.701800, best_overall=0.701800, mean_diversity=0.176462,
indivs=15399650, elapsed_secs=26663, mean=0.502018, stdev=0.020079, best fit=0.701800, best_overall=0.701800, mean_diversity=0.052305,
indivs=15409748, elapsed_secs=26677, mean=0.608376, stdev=0.081786, best fit=0.701800, best_overall=0.701800, mean_diversity=0.204607,
indivs=15419846, elapsed_secs=26691, mean=0.583018, stdev=0.118336, best fit=0.701800, best_overall=0.701800, mean_diversity=0.106070,
indivs=15429944, elapsed_secs=26701, mean=0.529893, stdev=0.066665, best fit=0.701800, best_overall=0.701800, mean_diversity=0.230822,
indivs=15440042, elapsed_secs=26712, mean=0.492490, stdev=0.075264, best fit=0.701800, best_overall=0.701800, mean_diversity=0.203446,
indivs=15450140, elapsed_secs=26725, mean=0.521790, stdev=0.066350, best fit=0.701800, best_overall=0.701800, mean_diversity=0.302439,
indivs=15460238, elapsed_secs=26734, mean=0.506189, stdev=0.031268, best fit=0.701800, best_overall=0.701800, mean_diversity=0.097566,
indivs=15470336, elapsed_secs=26746, mean=0.565777, stdev=0.169981, best fit=0.701800, best_overall=0.701800, mean_diversity=0.138795,
indivs=15480434, elapsed_secs=26758, mean=0.494401, stdev=0.094269, best fit=0.701800, best_overall=0.701800, mean_diversity=0.194118,
indivs=15490532, elapsed_secs=26770, mean=0.574317, stdev=0.185533, best fit=0.701800, best_overall=0.701800, mean_diversity=0.162426,
indivs=15500630, elapsed_secs=26782, mean=0.502609, stdev=0.068090, best fit=0.701800, best_overall=0.701800, mean_diversity=0.132093,
indivs=15510728, elapsed_secs=26794, mean=0.534957, stdev=0.181927, best fit=0.701800, best_overall=0.701800, mean_diversity=0.243086,
indivs=15520826, elapsed_secs=26804, mean=0.581347, stdev=0.138589, best fit=0.701800, best_overall=0.701800, mean_diversity=0.104839,
indivs=15530924, elapsed_secs=26815, mean=0.557153, stdev=0.135760, best fit=0.701800, best_overall=0.701800, mean_diversity=0.397202,
indivs=15541022, elapsed_secs=26827, mean=0.588455, stdev=0.153180, best fit=0.701800, best_overall=0.701800, mean_diversity=0.261189,
indivs=15551120, elapsed_secs=26837, mean=0.521816, stdev=0.069943, best fit=0.701800, best_overall=0.701800, mean_diversity=0.183445,
indivs=15561218, elapsed_secs=26848, mean=0.512033, stdev=0.086969, best fit=0.701800, best_overall=0.701800, mean_diversity=0.307840,
indivs=15571316, elapsed_secs=26859, mean=0.608751, stdev=0.138136, best fit=0.701800, best_overall=0.701800, mean_diversity=0.270797,
indivs=15581414, elapsed_secs=26870, mean=0.555817, stdev=0.085753, best fit=0.701800, best_overall=0.701800, mean_diversity=0.179279,
indivs=15591512, elapsed_secs=26881, mean=0.575037, stdev=0.148809, best fit=0.701800, best_overall=0.701800, mean_diversity=0.262762,
indivs=15601610, elapsed_secs=26891, mean=0.533104, stdev=0.060091, best fit=0.701800, best_overall=0.701800, mean_diversity=0.367403,
indivs=15611708, elapsed_secs=26905, mean=0.581687, stdev=0.138861, best fit=0.701800, best_overall=0.701800, mean_diversity=0.244359,
indivs=15621806, elapsed_secs=26919, mean=0.559116, stdev=0.116273, best fit=0.701800, best_overall=0.701800, mean_diversity=0.265738,
indivs=15631904, elapsed_secs=26931, mean=0.554950, stdev=0.134088, best fit=0.701800, best_overall=0.701800, mean_diversity=0.167764,
indivs=15642002, elapsed_secs=26943, mean=0.542682, stdev=0.102665, best fit=0.701800, best_overall=0.701800, mean_diversity=0.217393,
indivs=15652100, elapsed_secs=26955, mean=0.582082, stdev=0.114927, best fit=0.701800, best_overall=0.701800, mean_diversity=0.192761,
indivs=15662198, elapsed_secs=26968, mean=0.556523, stdev=0.082504, best fit=0.701800, best_overall=0.701800, mean_diversity=0.172051,
indivs=15672296, elapsed_secs=26980, mean=0.498440, stdev=0.070136, best fit=0.701800, best_overall=0.701800, mean_diversity=0.235323,
indivs=15682394, elapsed_secs=26993, mean=0.521312, stdev=0.118426, best fit=0.701800, best_overall=0.701800, mean_diversity=0.222174,
indivs=15692492, elapsed_secs=27004, mean=0.516188, stdev=0.128912, best fit=0.701800, best_overall=0.701800, mean_diversity=0.272571,
indivs=15702590, elapsed_secs=27016, mean=0.514971, stdev=0.052833, best fit=0.701800, best_overall=0.701800, mean_diversity=0.091682,
indivs=15712688, elapsed_secs=27028, mean=0.482898, stdev=0.090890, best fit=0.701800, best_overall=0.701800, mean_diversity=0.142438,
indivs=15722786, elapsed_secs=27038, mean=0.505739, stdev=0.108557, best fit=0.701800, best_overall=0.701800, mean_diversity=0.298672,
indivs=15732884, elapsed_secs=27051, mean=0.588962, stdev=0.124346, best fit=0.701800, best_overall=0.701800, mean_diversity=0.100888,
indivs=15742982, elapsed_secs=27066, mean=0.515001, stdev=0.053385, best fit=0.701800, best_overall=0.701800, mean_diversity=0.144280,
indivs=15753080, elapsed_secs=27079, mean=0.554172, stdev=0.063117, best fit=0.701800, best_overall=0.701800, mean_diversity=0.238889,
indivs=15763178, elapsed_secs=27091, mean=0.557488, stdev=0.072592, best fit=0.701800, best_overall=0.701800, mean_diversity=0.416879,
indivs=15773276, elapsed_secs=27102, mean=0.574941, stdev=0.124722, best fit=0.701800, best_overall=0.701800, mean_diversity=0.306565,
indivs=15783374, elapsed_secs=27113, mean=0.522262, stdev=0.061200, best fit=0.701800, best_overall=0.701800, mean_diversity=0.283631,
indivs=15793472, elapsed_secs=27121, mean=0.507673, stdev=0.038698, best fit=0.701800, best_overall=0.701800, mean_diversity=0.253448,
indivs=15803570, elapsed_secs=27137, mean=0.577085, stdev=0.088365, best fit=0.701800, best_overall=0.701800, mean_diversity=0.103743,
indivs=15813668, elapsed_secs=27146, mean=0.478142, stdev=0.116141, best fit=0.701800, best_overall=0.701800, mean_diversity=0.304494,
indivs=15823766, elapsed_secs=27159, mean=0.455505, stdev=0.155051, best fit=0.701800, best_overall=0.701800, mean_diversity=0.106318,
indivs=15833864, elapsed_secs=27169, mean=0.525980, stdev=0.106385, best fit=0.701800, best_overall=0.701800, mean_diversity=0.388439,
indivs=15843962, elapsed_secs=27180, mean=0.600355, stdev=0.111625, best fit=0.701800, best_overall=0.701800, mean_diversity=0.152935,
indivs=15854060, elapsed_secs=27192, mean=0.480773, stdev=0.163476, best fit=0.701800, best_overall=0.701800, mean_diversity=0.277326,
indivs=15864158, elapsed_secs=27204, mean=0.544819, stdev=0.069137, best fit=0.701800, best_overall=0.701800, mean_diversity=0.544886,
indivs=15874256, elapsed_secs=27215, mean=0.617942, stdev=0.106091, best fit=0.701800, best_overall=0.701800, mean_diversity=0.145581,
indivs=15884354, elapsed_secs=27227, mean=0.532903, stdev=0.114498, best fit=0.701800, best_overall=0.701800, mean_diversity=0.343610,
indivs=15894452, elapsed_secs=27238, mean=0.574942, stdev=0.172178, best fit=0.701800, best_overall=0.701800, mean_diversity=0.147177,
indivs=15904550, elapsed_secs=27250, mean=0.579261, stdev=0.159830, best fit=0.701800, best_overall=0.701800, mean_diversity=0.169676,
indivs=15914648, elapsed_secs=27262, mean=0.568647, stdev=0.138242, best fit=0.701800, best_overall=0.701800, mean_diversity=0.262098,
indivs=15924746, elapsed_secs=27272, mean=0.554582, stdev=0.118546, best fit=0.701800, best_overall=0.701800, mean_diversity=0.292576,
indivs=15934844, elapsed_secs=27286, mean=0.515957, stdev=0.111441, best fit=0.701800, best_overall=0.701800, mean_diversity=0.270506,
indivs=15944942, elapsed_secs=27297, mean=0.514472, stdev=0.112756, best fit=0.701800, best_overall=0.701800, mean_diversity=0.142345,
indivs=15955040, elapsed_secs=27310, mean=0.586933, stdev=0.113481, best fit=0.701800, best_overall=0.701800, mean_diversity=0.140734,
indivs=15965138, elapsed_secs=27319, mean=0.571660, stdev=0.100635, best fit=0.701800, best_overall=0.701800, mean_diversity=0.254253,
indivs=15975236, elapsed_secs=27334, mean=0.537675, stdev=0.203242, best fit=0.701800, best_overall=0.701800, mean_diversity=0.241120,
indivs=15985334, elapsed_secs=27344, mean=0.541194, stdev=0.093125, best fit=0.701800, best_overall=0.701800, mean_diversity=0.223653,
indivs=15995432, elapsed_secs=27357, mean=0.589392, stdev=0.088641, best fit=0.701800, best_overall=0.701800, mean_diversity=0.286919,
indivs=16005530, elapsed_secs=27367, mean=0.529468, stdev=0.073426, best fit=0.701800, best_overall=0.701800, mean_diversity=0.237192,
indivs=16015628, elapsed_secs=27379, mean=0.503005, stdev=0.080123, best fit=0.701800, best_overall=0.701800, mean_diversity=0.251031,
indivs=16025726, elapsed_secs=27394, mean=0.516655, stdev=0.096129, best fit=0.701800, best_overall=0.701800, mean_diversity=0.245353,
indivs=16035824, elapsed_secs=27405, mean=0.550900, stdev=0.132213, best fit=0.701800, best_overall=0.701800, mean_diversity=0.256434,
indivs=16045922, elapsed_secs=27416, mean=0.474486, stdev=0.118717, best fit=0.701800, best_overall=0.701800, mean_diversity=0.095151,
indivs=16056020, elapsed_secs=27426, mean=0.506632, stdev=0.124710, best fit=0.701800, best_overall=0.701800, mean_diversity=0.283638,
indivs=16066118, elapsed_secs=27438, mean=0.295881, stdev=0.154692, best fit=0.701800, best_overall=0.701800, mean_diversity=0.097558,
indivs=16076216, elapsed_secs=27450, mean=0.507269, stdev=0.040964, best fit=0.701800, best_overall=0.701800, mean_diversity=0.198916,
indivs=16086314, elapsed_secs=27460, mean=0.546470, stdev=0.140606, best fit=0.701800, best_overall=0.701800, mean_diversity=0.227822,
indivs=16096412, elapsed_secs=27474, mean=0.555635, stdev=0.148103, best fit=0.701800, best_overall=0.701800, mean_diversity=0.434010,
indivs=16106510, elapsed_secs=27486, mean=0.561371, stdev=0.121966, best fit=0.701800, best_overall=0.701800, mean_diversity=0.180295,
indivs=16116608, elapsed_secs=27497, mean=0.488875, stdev=0.131257, best fit=0.701800, best_overall=0.701800, mean_diversity=0.143346,
indivs=16126706, elapsed_secs=27509, mean=0.498035, stdev=0.044759, best fit=0.701800, best_overall=0.701800, mean_diversity=0.038261,
indivs=16136804, elapsed_secs=27522, mean=0.596738, stdev=0.111582, best fit=0.701800, best_overall=0.701800, mean_diversity=0.141651,
indivs=16146902, elapsed_secs=27533, mean=0.504515, stdev=0.088663, best fit=0.701800, best_overall=0.701800, mean_diversity=0.330923,
indivs=16157000, elapsed_secs=27544, mean=0.549733, stdev=0.184052, best fit=0.701800, best_overall=0.701800, mean_diversity=0.194674,
indivs=16167098, elapsed_secs=27554, mean=0.575643, stdev=0.136293, best fit=0.701800, best_overall=0.701800, mean_diversity=0.150483,
indivs=16177196, elapsed_secs=27568, mean=0.497260, stdev=0.183958, best fit=0.701800, best_overall=0.701800, mean_diversity=0.412051,
indivs=16187294, elapsed_secs=27580, mean=0.533536, stdev=0.110839, best fit=0.701800, best_overall=0.701800, mean_diversity=0.194742,
indivs=16197392, elapsed_secs=27592, mean=0.518203, stdev=0.203537, best fit=0.701800, best_overall=0.701800, mean_diversity=0.114006,
indivs=16207490, elapsed_secs=27603, mean=0.594350, stdev=0.092948, best fit=0.701800, best_overall=0.701800, mean_diversity=0.179714,
indivs=16217588, elapsed_secs=27614, mean=0.502018, stdev=0.020079, best fit=0.701800, best_overall=0.701800, mean_diversity=0.052125,
indivs=16227686, elapsed_secs=27626, mean=0.520852, stdev=0.080266, best fit=0.701800, best_overall=0.701800, mean_diversity=0.278370,
indivs=16237784, elapsed_secs=27637, mean=0.584602, stdev=0.156710, best fit=0.701800, best_overall=0.701800, mean_diversity=0.124132,
indivs=16247882, elapsed_secs=27650, mean=0.540964, stdev=0.075076, best fit=0.701800, best_overall=0.701800, mean_diversity=0.247327,
indivs=16257980, elapsed_secs=27663, mean=0.510204, stdev=0.061154, best fit=0.701800, best_overall=0.701800, mean_diversity=0.204140,
indivs=16268078, elapsed_secs=27674, mean=0.579178, stdev=0.126527, best fit=0.701800, best_overall=0.701800, mean_diversity=0.221737,
indivs=16278176, elapsed_secs=27684, mean=0.544385, stdev=0.097766, best fit=0.701800, best_overall=0.701800, mean_diversity=0.245993,
indivs=16288274, elapsed_secs=27694, mean=0.539776, stdev=0.057513, best fit=0.701800, best_overall=0.701800, mean_diversity=0.226608,
indivs=16298372, elapsed_secs=27707, mean=0.499186, stdev=0.054773, best fit=0.701800, best_overall=0.701800, mean_diversity=0.134327,
indivs=16308470, elapsed_secs=27720, mean=0.476435, stdev=0.207976, best fit=0.701800, best_overall=0.701800, mean_diversity=0.290920,
indivs=16318568, elapsed_secs=27734, mean=0.585599, stdev=0.149534, best fit=0.701800, best_overall=0.701800, mean_diversity=0.171797,
indivs=16328666, elapsed_secs=27746, mean=0.568257, stdev=0.169895, best fit=0.701800, best_overall=0.701800, mean_diversity=0.169091,
indivs=16338764, elapsed_secs=27757, mean=0.565133, stdev=0.167471, best fit=0.701800, best_overall=0.701800, mean_diversity=0.203725,
indivs=16348862, elapsed_secs=27768, mean=0.484158, stdev=0.133589, best fit=0.701800, best_overall=0.701800, mean_diversity=0.353803,
indivs=16358960, elapsed_secs=27782, mean=0.584704, stdev=0.146434, best fit=0.701800, best_overall=0.701800, mean_diversity=0.293808,
indivs=16369058, elapsed_secs=27795, mean=0.543628, stdev=0.149050, best fit=0.701800, best_overall=0.701800, mean_diversity=0.124607,
indivs=16379156, elapsed_secs=27810, mean=0.581064, stdev=0.149521, best fit=0.701800, best_overall=0.701800, mean_diversity=0.181667,
indivs=16389254, elapsed_secs=27819, mean=0.618995, stdev=0.120420, best fit=0.701800, best_overall=0.701800, mean_diversity=0.108514,
indivs=16399352, elapsed_secs=27831, mean=0.501220, stdev=0.119126, best fit=0.701800, best_overall=0.701800, mean_diversity=0.141413,
indivs=16409450, elapsed_secs=27843, mean=0.537016, stdev=0.076351, best fit=0.701800, best_overall=0.701800, mean_diversity=0.263814,
indivs=16419548, elapsed_secs=27856, mean=0.514633, stdev=0.070604, best fit=0.701800, best_overall=0.701800, mean_diversity=0.061677,
indivs=16429646, elapsed_secs=27868, mean=0.531019, stdev=0.069140, best fit=0.701800, best_overall=0.701800, mean_diversity=0.170606,
indivs=16439744, elapsed_secs=27878, mean=0.403667, stdev=0.193187, best fit=0.701800, best_overall=0.701800, mean_diversity=0.167323,
indivs=16449842, elapsed_secs=27892, mean=0.622211, stdev=0.098350, best fit=0.701800, best_overall=0.701800, mean_diversity=0.194617,
indivs=16459940, elapsed_secs=27903, mean=0.570928, stdev=0.117674, best fit=0.701800, best_overall=0.701800, mean_diversity=0.196472,
indivs=16470038, elapsed_secs=27916, mean=0.546782, stdev=0.102488, best fit=0.701800, best_overall=0.701800, mean_diversity=0.313363,
indivs=16480136, elapsed_secs=27928, mean=0.551904, stdev=0.120165, best fit=0.701800, best_overall=0.701800, mean_diversity=0.143618,
indivs=16490234, elapsed_secs=27941, mean=0.585152, stdev=0.090460, best fit=0.701800, best_overall=0.701800, mean_diversity=0.283968,
indivs=16500332, elapsed_secs=27952, mean=0.584993, stdev=0.165047, best fit=0.701800, best_overall=0.701800, mean_diversity=0.182779,
indivs=16510430, elapsed_secs=27963, mean=0.540683, stdev=0.110381, best fit=0.701800, best_overall=0.701800, mean_diversity=0.187737,
indivs=16520528, elapsed_secs=27980, mean=0.536973, stdev=0.069480, best fit=0.701800, best_overall=0.701800, mean_diversity=0.302870,
indivs=16530626, elapsed_secs=27994, mean=0.544408, stdev=0.067447, best fit=0.701800, best_overall=0.701800, mean_diversity=0.120916,
indivs=16540724, elapsed_secs=28005, mean=0.482185, stdev=0.133784, best fit=0.701800, best_overall=0.701800, mean_diversity=0.196667,
indivs=16550822, elapsed_secs=28021, mean=0.605282, stdev=0.151761, best fit=0.701800, best_overall=0.701800, mean_diversity=0.214554,
indivs=16560920, elapsed_secs=28031, mean=0.477018, stdev=0.111261, best fit=0.701800, best_overall=0.701800, mean_diversity=0.369631,
indivs=16571018, elapsed_secs=28043, mean=0.595775, stdev=0.094480, best fit=0.701800, best_overall=0.701800, mean_diversity=0.035141,
indivs=16581116, elapsed_secs=28053, mean=0.492077, stdev=0.076127, best fit=0.701800, best_overall=0.701800, mean_diversity=0.362122,
indivs=16591214, elapsed_secs=28066, mean=0.563982, stdev=0.136889, best fit=0.701800, best_overall=0.701800, mean_diversity=0.182133,
indivs=16601312, elapsed_secs=28082, mean=0.569146, stdev=0.149736, best fit=0.701800, best_overall=0.701800, mean_diversity=0.083821,
indivs=16611410, elapsed_secs=28095, mean=0.612075, stdev=0.113103, best fit=0.701800, best_overall=0.701800, mean_diversity=0.141664,
indivs=16621508, elapsed_secs=28104, mean=0.534467, stdev=0.090164, best fit=0.701800, best_overall=0.701800, mean_diversity=0.400923,
indivs=16631606, elapsed_secs=28116, mean=0.537314, stdev=0.064583, best fit=0.701800, best_overall=0.701800, mean_diversity=0.422346,
indivs=16641704, elapsed_secs=28128, mean=0.582796, stdev=0.131886, best fit=0.701800, best_overall=0.701800, mean_diversity=0.089868,
indivs=16651802, elapsed_secs=28144, mean=0.457308, stdev=0.114079, best fit=0.701800, best_overall=0.701800, mean_diversity=0.232630,
indivs=16661900, elapsed_secs=28156, mean=0.567672, stdev=0.160248, best fit=0.701800, best_overall=0.701800, mean_diversity=0.208582,
indivs=16671998, elapsed_secs=28169, mean=0.541538, stdev=0.218985, best fit=0.701800, best_overall=0.701800, mean_diversity=0.155272,
indivs=16682096, elapsed_secs=28179, mean=0.595418, stdev=0.123397, best fit=0.701800, best_overall=0.701800, mean_diversity=0.192631,
indivs=16692194, elapsed_secs=28192, mean=0.510532, stdev=0.072890, best fit=0.701800, best_overall=0.701800, mean_diversity=0.159829,
indivs=16702292, elapsed_secs=28204, mean=0.537258, stdev=0.098122, best fit=0.701800, best_overall=0.701800, mean_diversity=0.204240,
indivs=16712390, elapsed_secs=28215, mean=0.479401, stdev=0.177073, best fit=0.701800, best_overall=0.701800, mean_diversity=0.225542,
indivs=16722488, elapsed_secs=28227, mean=0.549238, stdev=0.139417, best fit=0.701800, best_overall=0.701800, mean_diversity=0.110855,
indivs=16732586, elapsed_secs=28239, mean=0.575780, stdev=0.177834, best fit=0.701800, best_overall=0.701800, mean_diversity=0.062072,
indivs=16742684, elapsed_secs=28253, mean=0.530491, stdev=0.220070, best fit=0.701800, best_overall=0.701800, mean_diversity=0.189325,
indivs=16752782, elapsed_secs=28264, mean=0.534981, stdev=0.127511, best fit=0.701800, best_overall=0.701800, mean_diversity=0.146651,
indivs=16762880, elapsed_secs=28274, mean=0.496701, stdev=0.053941, best fit=0.701800, best_overall=0.701800, mean_diversity=0.102297,
indivs=16772978, elapsed_secs=28286, mean=0.505801, stdev=0.076430, best fit=0.701800, best_overall=0.701800, mean_diversity=0.180456,
indivs=16783076, elapsed_secs=28298, mean=0.554521, stdev=0.127721, best fit=0.701800, best_overall=0.701800, mean_diversity=0.208152,
indivs=16793174, elapsed_secs=28311, mean=0.554245, stdev=0.134440, best fit=0.701800, best_overall=0.701800, mean_diversity=0.184657,
indivs=16803272, elapsed_secs=28322, mean=0.571090, stdev=0.150415, best fit=0.701800, best_overall=0.701800, mean_diversity=0.277100,
indivs=16813370, elapsed_secs=28334, mean=0.512973, stdev=0.187693, best fit=0.701800, best_overall=0.701800, mean_diversity=0.265180,
indivs=16823468, elapsed_secs=28345, mean=0.548982, stdev=0.064839, best fit=0.701800, best_overall=0.701800, mean_diversity=0.202121,
indivs=16833566, elapsed_secs=28359, mean=0.605069, stdev=0.133716, best fit=0.701800, best_overall=0.701800, mean_diversity=0.072896,
indivs=16843664, elapsed_secs=28371, mean=0.608551, stdev=0.140827, best fit=0.701800, best_overall=0.701800, mean_diversity=0.111791,
indivs=16853762, elapsed_secs=28383, mean=0.526924, stdev=0.104076, best fit=0.701800, best_overall=0.701800, mean_diversity=0.163689,
indivs=16863860, elapsed_secs=28394, mean=0.560888, stdev=0.118134, best fit=0.701800, best_overall=0.701800, mean_diversity=0.237763,
indivs=16873958, elapsed_secs=28407, mean=0.497477, stdev=0.215963, best fit=0.701800, best_overall=0.701800, mean_diversity=0.059671,
indivs=16884056, elapsed_secs=28418, mean=0.544135, stdev=0.102560, best fit=0.701800, best_overall=0.701800, mean_diversity=0.295037,
indivs=16894154, elapsed_secs=28429, mean=0.501320, stdev=0.164273, best fit=0.701800, best_overall=0.701800, mean_diversity=0.363633,
indivs=16904252, elapsed_secs=28440, mean=0.493882, stdev=0.073553, best fit=0.701800, best_overall=0.701800, mean_diversity=0.210330,
indivs=16914350, elapsed_secs=28451, mean=0.511003, stdev=0.078817, best fit=0.701800, best_overall=0.701800, mean_diversity=0.236824,
indivs=16924448, elapsed_secs=28464, mean=0.571867, stdev=0.073459, best fit=0.701800, best_overall=0.701800, mean_diversity=0.196667,
indivs=16934546, elapsed_secs=28477, mean=0.534426, stdev=0.065154, best fit=0.701800, best_overall=0.701800, mean_diversity=0.290622,
indivs=16944644, elapsed_secs=28490, mean=0.549772, stdev=0.133830, best fit=0.701800, best_overall=0.701800, mean_diversity=0.374293,
indivs=16954742, elapsed_secs=28501, mean=0.608424, stdev=0.094038, best fit=0.701800, best_overall=0.701800, mean_diversity=0.263649,
indivs=16964840, elapsed_secs=28511, mean=0.502706, stdev=0.021308, best fit=0.701800, best_overall=0.701800, mean_diversity=0.228132,
indivs=16974938, elapsed_secs=28521, mean=0.505448, stdev=0.030164, best fit=0.701800, best_overall=0.701800, mean_diversity=0.232444,
indivs=16985036, elapsed_secs=28532, mean=0.571464, stdev=0.067249, best fit=0.701800, best_overall=0.701800, mean_diversity=0.196786,
indivs=16995134, elapsed_secs=28545, mean=0.574574, stdev=0.111594, best fit=0.701800, best_overall=0.701800, mean_diversity=0.179545,
indivs=17005232, elapsed_secs=28556, mean=0.499339, stdev=0.062993, best fit=0.701800, best_overall=0.701800, mean_diversity=0.142845,
indivs=17015330, elapsed_secs=28568, mean=0.604585, stdev=0.085210, best fit=0.701800, best_overall=0.701800, mean_diversity=0.077455,
indivs=17025428, elapsed_secs=28582, mean=0.490963, stdev=0.082648, best fit=0.701800, best_overall=0.701800, mean_diversity=0.181846,
indivs=17035526, elapsed_secs=28594, mean=0.592665, stdev=0.087870, best fit=0.701800, best_overall=0.701800, mean_diversity=0.147050,
indivs=17045624, elapsed_secs=28605, mean=0.593535, stdev=0.110722, best fit=0.701800, best_overall=0.701800, mean_diversity=0.226822,
indivs=17055722, elapsed_secs=28616, mean=0.540946, stdev=0.078905, best fit=0.701800, best_overall=0.701800, mean_diversity=0.249732,
indivs=17065820, elapsed_secs=28627, mean=0.616951, stdev=0.146738, best fit=0.701800, best_overall=0.701800, mean_diversity=0.126481,
indivs=17075918, elapsed_secs=28641, mean=0.536435, stdev=0.115076, best fit=0.701800, best_overall=0.701800, mean_diversity=0.396370,
indivs=17086016, elapsed_secs=28651, mean=0.564250, stdev=0.114238, best fit=0.701800, best_overall=0.701800, mean_diversity=0.354817,
indivs=17096114, elapsed_secs=28662, mean=0.510860, stdev=0.107167, best fit=0.701800, best_overall=0.701800, mean_diversity=0.126172,
indivs=17106212, elapsed_secs=28671, mean=0.555763, stdev=0.122139, best fit=0.701800, best_overall=0.701800, mean_diversity=0.178046,
indivs=17116310, elapsed_secs=28682, mean=0.491659, stdev=0.094312, best fit=0.701800, best_overall=0.701800, mean_diversity=0.199850,
indivs=17126408, elapsed_secs=28694, mean=0.503784, stdev=0.026575, best fit=0.701800, best_overall=0.701800, mean_diversity=0.105239,
indivs=17136506, elapsed_secs=28706, mean=0.503829, stdev=0.073263, best fit=0.701800, best_overall=0.701800, mean_diversity=0.161476,
indivs=17146604, elapsed_secs=28720, mean=0.503928, stdev=0.027674, best fit=0.701800, best_overall=0.701800, mean_diversity=0.051900,
indivs=17156702, elapsed_secs=28732, mean=0.521856, stdev=0.135437, best fit=0.701800, best_overall=0.701800, mean_diversity=0.345956,
indivs=17166800, elapsed_secs=28744, mean=0.616161, stdev=0.138341, best fit=0.701800, best_overall=0.701800, mean_diversity=0.064737,
indivs=17176898, elapsed_secs=28757, mean=0.523475, stdev=0.052824, best fit=0.701800, best_overall=0.701800, mean_diversity=0.267615,
indivs=17186996, elapsed_secs=28771, mean=0.569448, stdev=0.162468, best fit=0.701800, best_overall=0.701800, mean_diversity=0.240033,
indivs=17197094, elapsed_secs=28786, mean=0.523576, stdev=0.170743, best fit=0.701800, best_overall=0.701800, mean_diversity=0.137684,
indivs=17207192, elapsed_secs=28800, mean=0.536096, stdev=0.096062, best fit=0.701800, best_overall=0.701800, mean_diversity=0.207914,
indivs=17217290, elapsed_secs=28811, mean=0.514853, stdev=0.079821, best fit=0.701800, best_overall=0.701800, mean_diversity=0.330223,
indivs=17227388, elapsed_secs=28822, mean=0.477155, stdev=0.088740, best fit=0.701800, best_overall=0.701800, mean_diversity=0.119939,
indivs=17237486, elapsed_secs=28835, mean=0.491393, stdev=0.173474, best fit=0.701800, best_overall=0.701800, mean_diversity=0.332484,
indivs=17247584, elapsed_secs=28846, mean=0.527765, stdev=0.111720, best fit=0.701800, best_overall=0.701800, mean_diversity=0.273816,
indivs=17257682, elapsed_secs=28856, mean=0.614659, stdev=0.122561, best fit=0.701800, best_overall=0.701800, mean_diversity=0.115578,
indivs=17267780, elapsed_secs=28870, mean=0.531119, stdev=0.074249, best fit=0.701800, best_overall=0.701800, mean_diversity=0.303871,
indivs=17277878, elapsed_secs=28883, mean=0.502018, stdev=0.020079, best fit=0.701800, best_overall=0.701800, mean_diversity=0.080082,
indivs=17287976, elapsed_secs=28896, mean=0.522129, stdev=0.099733, best fit=0.701800, best_overall=0.701800, mean_diversity=0.123421,
indivs=17298074, elapsed_secs=28910, mean=0.529215, stdev=0.109718, best fit=0.701800, best_overall=0.701800, mean_diversity=0.202911,
indivs=17308172, elapsed_secs=28921, mean=0.495096, stdev=0.043347, best fit=0.701800, best_overall=0.701800, mean_diversity=0.232600,
indivs=17318270, elapsed_secs=28933, mean=0.588132, stdev=0.125474, best fit=0.701800, best_overall=0.701800, mean_diversity=0.095642,
indivs=17328368, elapsed_secs=28947, mean=0.558079, stdev=0.114472, best fit=0.701800, best_overall=0.701800, mean_diversity=0.243642,
indivs=17338466, elapsed_secs=28959, mean=0.561605, stdev=0.094235, best fit=0.701800, best_overall=0.701800, mean_diversity=0.204970,
indivs=17348564, elapsed_secs=28972, mean=0.586969, stdev=0.113610, best fit=0.701800, best_overall=0.701800, mean_diversity=0.115028,
indivs=17358662, elapsed_secs=28983, mean=0.521932, stdev=0.093778, best fit=0.701800, best_overall=0.701800, mean_diversity=0.193510,
indivs=17368760, elapsed_secs=28995, mean=0.576256, stdev=0.094981, best fit=0.701800, best_overall=0.701800, mean_diversity=0.206892,
indivs=17378858, elapsed_secs=29005, mean=0.508218, stdev=0.111367, best fit=0.701800, best_overall=0.701800, mean_diversity=0.293544,
indivs=17388956, elapsed_secs=29016, mean=0.538427, stdev=0.087731, best fit=0.701800, best_overall=0.701800, mean_diversity=0.313451,
indivs=17399054, elapsed_secs=29028, mean=0.573730, stdev=0.113092, best fit=0.701800, best_overall=0.701800, mean_diversity=0.259167,
indivs=17409152, elapsed_secs=29044, mean=0.597008, stdev=0.103826, best fit=0.701800, best_overall=0.701800, mean_diversity=0.113562,
indivs=17419250, elapsed_secs=29054, mean=0.579436, stdev=0.125131, best fit=0.701800, best_overall=0.701800, mean_diversity=0.212621,
indivs=17429348, elapsed_secs=29065, mean=0.511552, stdev=0.161040, best fit=0.701800, best_overall=0.701800, mean_diversity=0.316184,
indivs=17439446, elapsed_secs=29078, mean=0.566243, stdev=0.164776, best fit=0.701800, best_overall=0.701800, mean_diversity=0.177178,
indivs=17449544, elapsed_secs=29089, mean=0.599873, stdev=0.115218, best fit=0.701800, best_overall=0.701800, mean_diversity=0.113005,
indivs=17459642, elapsed_secs=29099, mean=0.573726, stdev=0.123486, best fit=0.701800, best_overall=0.701800, mean_diversity=0.084172,
indivs=17469740, elapsed_secs=29111, mean=0.573830, stdev=0.107311, best fit=0.701800, best_overall=0.701800, mean_diversity=0.294026,
indivs=17479838, elapsed_secs=29121, mean=0.514370, stdev=0.121507, best fit=0.701800, best_overall=0.701800, mean_diversity=0.134602,
indivs=17489936, elapsed_secs=29134, mean=0.588376, stdev=0.114305, best fit=0.701800, best_overall=0.701800, mean_diversity=0.077658,
indivs=17500034, elapsed_secs=29146, mean=0.611573, stdev=0.112976, best fit=0.701800, best_overall=0.701800, mean_diversity=0.203526,
indivs=17510132, elapsed_secs=29156, mean=0.544121, stdev=0.154947, best fit=0.701800, best_overall=0.701800, mean_diversity=0.148087,
indivs=17520230, elapsed_secs=29167, mean=0.505358, stdev=0.061269, best fit=0.701800, best_overall=0.701800, mean_diversity=0.100032,
indivs=17530328, elapsed_secs=29178, mean=0.503901, stdev=0.027324, best fit=0.701800, best_overall=0.701800, mean_diversity=0.063313,
indivs=17540426, elapsed_secs=29189, mean=0.539922, stdev=0.097966, best fit=0.701800, best_overall=0.701800, mean_diversity=0.379141,
indivs=17550524, elapsed_secs=29200, mean=0.590811, stdev=0.112447, best fit=0.701800, best_overall=0.701800, mean_diversity=0.120612,
indivs=17560622, elapsed_secs=29213, mean=0.528566, stdev=0.112593, best fit=0.701800, best_overall=0.701800, mean_diversity=0.171674,
indivs=17570720, elapsed_secs=29223, mean=0.526961, stdev=0.072403, best fit=0.701800, best_overall=0.701800, mean_diversity=0.234823,
indivs=17580818, elapsed_secs=29235, mean=0.524300, stdev=0.112979, best fit=0.701800, best_overall=0.701800, mean_diversity=0.279198,
indivs=17590916, elapsed_secs=29247, mean=0.563496, stdev=0.134514, best fit=0.701800, best_overall=0.701800, mean_diversity=0.126381,
indivs=17601014, elapsed_secs=29259, mean=0.547955, stdev=0.088606, best fit=0.701800, best_overall=0.701800, mean_diversity=0.359904,
indivs=17611112, elapsed_secs=29269, mean=0.609205, stdev=0.136768, best fit=0.701800, best_overall=0.701800, mean_diversity=0.112522,
indivs=17621210, elapsed_secs=29278, mean=0.551480, stdev=0.116371, best fit=0.701800, best_overall=0.701800, mean_diversity=0.217668,
indivs=17631308, elapsed_secs=29289, mean=0.592710, stdev=0.128095, best fit=0.701800, best_overall=0.701800, mean_diversity=0.096057,
indivs=17641406, elapsed_secs=29301, mean=0.523702, stdev=0.121676, best fit=0.701800, best_overall=0.701800, mean_diversity=0.251393,
indivs=17651504, elapsed_secs=29312, mean=0.556137, stdev=0.075483, best fit=0.701800, best_overall=0.701800, mean_diversity=0.077297,
indivs=17661602, elapsed_secs=29323, mean=0.517921, stdev=0.076900, best fit=0.701800, best_overall=0.701800, mean_diversity=0.265857,
indivs=17671700, elapsed_secs=29332, mean=0.549319, stdev=0.070539, best fit=0.701800, best_overall=0.701800, mean_diversity=0.093634,
indivs=17681798, elapsed_secs=29345, mean=0.569514, stdev=0.084892, best fit=0.701800, best_overall=0.701800, mean_diversity=0.167138,
indivs=17691896, elapsed_secs=29358, mean=0.613615, stdev=0.150975, best fit=0.701800, best_overall=0.701800, mean_diversity=0.100449,
indivs=17701994, elapsed_secs=29370, mean=0.494611, stdev=0.033358, best fit=0.701800, best_overall=0.701800, mean_diversity=0.233901,
indivs=17712092, elapsed_secs=29382, mean=0.592120, stdev=0.126276, best fit=0.701800, best_overall=0.701800, mean_diversity=0.287578,
indivs=17722190, elapsed_secs=29394, mean=0.595749, stdev=0.110935, best fit=0.701800, best_overall=0.701800, mean_diversity=0.107829,
indivs=17732288, elapsed_secs=29407, mean=0.566835, stdev=0.102975, best fit=0.701800, best_overall=0.701800, mean_diversity=0.387056,
indivs=17742386, elapsed_secs=29418, mean=0.531525, stdev=0.142071, best fit=0.701800, best_overall=0.701800, mean_diversity=0.148884,
indivs=17752484, elapsed_secs=29432, mean=0.583825, stdev=0.153526, best fit=0.701800, best_overall=0.701800, mean_diversity=0.156515,
indivs=17762582, elapsed_secs=29443, mean=0.513534, stdev=0.094775, best fit=0.701800, best_overall=0.701800, mean_diversity=0.278384,
indivs=17772680, elapsed_secs=29457, mean=0.577243, stdev=0.155473, best fit=0.701800, best_overall=0.701800, mean_diversity=0.188702,
indivs=17782778, elapsed_secs=29470, mean=0.540018, stdev=0.144231, best fit=0.701800, best_overall=0.701800, mean_diversity=0.289208,
indivs=17792876, elapsed_secs=29486, mean=0.429491, stdev=0.198707, best fit=0.701800, best_overall=0.701800, mean_diversity=0.178821,
indivs=17802974, elapsed_secs=29500, mean=0.498286, stdev=0.057636, best fit=0.701800, best_overall=0.701800, mean_diversity=0.165450,
indivs=17813072, elapsed_secs=29510, mean=0.514954, stdev=0.073355, best fit=0.701800, best_overall=0.701800, mean_diversity=0.225445,
indivs=17823170, elapsed_secs=29524, mean=0.524759, stdev=0.098751, best fit=0.701800, best_overall=0.701800, mean_diversity=0.120000,
indivs=17833268, elapsed_secs=29537, mean=0.569647, stdev=0.092873, best fit=0.701800, best_overall=0.701800, mean_diversity=0.227740,
indivs=17843366, elapsed_secs=29549, mean=0.572128, stdev=0.129888, best fit=0.701800, best_overall=0.701800, mean_diversity=0.211855,
indivs=17853464, elapsed_secs=29560, mean=0.603104, stdev=0.139640, best fit=0.701800, best_overall=0.701800, mean_diversity=0.075717,
indivs=17863562, elapsed_secs=29570, mean=0.529699, stdev=0.074946, best fit=0.701800, best_overall=0.701800, mean_diversity=0.097195,
indivs=17873660, elapsed_secs=29580, mean=0.505285, stdev=0.032196, best fit=0.701800, best_overall=0.701800, mean_diversity=0.085846,
indivs=17883758, elapsed_secs=29592, mean=0.560732, stdev=0.130335, best fit=0.701800, best_overall=0.701800, mean_diversity=0.153444,
indivs=17893856, elapsed_secs=29602, mean=0.560021, stdev=0.068134, best fit=0.701800, best_overall=0.701800, mean_diversity=0.112350,
indivs=17903954, elapsed_secs=29614, mean=0.521145, stdev=0.052291, best fit=0.701800, best_overall=0.701800, mean_diversity=0.258975,
indivs=17914052, elapsed_secs=29624, mean=0.557996, stdev=0.104395, best fit=0.701800, best_overall=0.701800, mean_diversity=0.349000,
indivs=17924150, elapsed_secs=29634, mean=0.537734, stdev=0.078580, best fit=0.701800, best_overall=0.701800, mean_diversity=0.186912,
indivs=17934248, elapsed_secs=29645, mean=0.634117, stdev=0.135366, best fit=0.701800, best_overall=0.701800, mean_diversity=0.153581,
indivs=17944346, elapsed_secs=29658, mean=0.562351, stdev=0.162608, best fit=0.701800, best_overall=0.701800, mean_diversity=0.077706,
indivs=17954444, elapsed_secs=29668, mean=0.564367, stdev=0.110545, best fit=0.701800, best_overall=0.701800, mean_diversity=0.322092,
indivs=17964542, elapsed_secs=29678, mean=0.462234, stdev=0.146208, best fit=0.701800, best_overall=0.701800, mean_diversity=0.227633,
indivs=17974640, elapsed_secs=29691, mean=0.527625, stdev=0.159802, best fit=0.701800, best_overall=0.701800, mean_diversity=0.106444,
indivs=17984738, elapsed_secs=29704, mean=0.434662, stdev=0.169436, best fit=0.701800, best_overall=0.701800, mean_diversity=0.076333,
indivs=17994836, elapsed_secs=29716, mean=0.518609, stdev=0.153010, best fit=0.701800, best_overall=0.701800, mean_diversity=0.203333,
indivs=18004934, elapsed_secs=29729, mean=0.574511, stdev=0.104433, best fit=0.701800, best_overall=0.701800, mean_diversity=0.148828,
indivs=18015032, elapsed_secs=29742, mean=0.500315, stdev=0.034750, best fit=0.701800, best_overall=0.701800, mean_diversity=0.087395,
indivs=18025130, elapsed_secs=29752, mean=0.503318, stdev=0.021165, best fit=0.701800, best_overall=0.701800, mean_diversity=0.245939,
indivs=18035228, elapsed_secs=29765, mean=0.516577, stdev=0.096358, best fit=0.701800, best_overall=0.701800, mean_diversity=0.296175,
indivs=18045326, elapsed_secs=29777, mean=0.522153, stdev=0.107208, best fit=0.701800, best_overall=0.701800, mean_diversity=0.240575,
indivs=18055424, elapsed_secs=29788, mean=0.595272, stdev=0.150399, best fit=0.701800, best_overall=0.701800, mean_diversity=0.075067,
indivs=18065522, elapsed_secs=29800, mean=0.605665, stdev=0.118117, best fit=0.701800, best_overall=0.701800, mean_diversity=0.169145,
indivs=18075620, elapsed_secs=29811, mean=0.496019, stdev=0.058475, best fit=0.701800, best_overall=0.701800, mean_diversity=0.159222,
indivs=18085718, elapsed_secs=29822, mean=0.584449, stdev=0.111930, best fit=0.701800, best_overall=0.701800, mean_diversity=0.128854,
indivs=18095816, elapsed_secs=29838, mean=0.549657, stdev=0.099901, best fit=0.701800, best_overall=0.701800, mean_diversity=0.480106,
indivs=18105914, elapsed_secs=29851, mean=0.473525, stdev=0.121565, best fit=0.701800, best_overall=0.701800, mean_diversity=0.072732,
indivs=18116012, elapsed_secs=29861, mean=0.466907, stdev=0.152325, best fit=0.701800, best_overall=0.701800, mean_diversity=0.213233,
indivs=18126110, elapsed_secs=29871, mean=0.594109, stdev=0.085094, best fit=0.701800, best_overall=0.701800, mean_diversity=0.172766,
indivs=18136208, elapsed_secs=29885, mean=0.491743, stdev=0.094755, best fit=0.701800, best_overall=0.701800, mean_diversity=0.179932,
indivs=18146306, elapsed_secs=29899, mean=0.518579, stdev=0.131054, best fit=0.701800, best_overall=0.701800, mean_diversity=0.371308,
indivs=18156404, elapsed_secs=29912, mean=0.610194, stdev=0.136553, best fit=0.701800, best_overall=0.701800, mean_diversity=0.188639,
indivs=18166502, elapsed_secs=29924, mean=0.535608, stdev=0.127511, best fit=0.701800, best_overall=0.701800, mean_diversity=0.241141,
indivs=18176600, elapsed_secs=29935, mean=0.526390, stdev=0.106259, best fit=0.701800, best_overall=0.701800, mean_diversity=0.352353,
indivs=18186698, elapsed_secs=29946, mean=0.505153, stdev=0.111113, best fit=0.701800, best_overall=0.701800, mean_diversity=0.203727,
indivs=18196796, elapsed_secs=29956, mean=0.536104, stdev=0.134805, best fit=0.701800, best_overall=0.701800, mean_diversity=0.429448,
indivs=18206894, elapsed_secs=29968, mean=0.552971, stdev=0.132047, best fit=0.701800, best_overall=0.701800, mean_diversity=0.258235,
indivs=18216992, elapsed_secs=29980, mean=0.509519, stdev=0.046684, best fit=0.701800, best_overall=0.701800, mean_diversity=0.315371,
indivs=18227090, elapsed_secs=29990, mean=0.573220, stdev=0.109301, best fit=0.701800, best_overall=0.701800, mean_diversity=0.163810,
indivs=18237188, elapsed_secs=30001, mean=0.504019, stdev=0.052415, best fit=0.701800, best_overall=0.701800, mean_diversity=0.108671,
indivs=18247286, elapsed_secs=30013, mean=0.555689, stdev=0.127409, best fit=0.701800, best_overall=0.701800, mean_diversity=0.281785,
indivs=18257384, elapsed_secs=30025, mean=0.592114, stdev=0.084639, best fit=0.701800, best_overall=0.701800, mean_diversity=0.244932,
indivs=18267482, elapsed_secs=30036, mean=0.558173, stdev=0.107439, best fit=0.701800, best_overall=0.701800, mean_diversity=0.221502,
indivs=18277580, elapsed_secs=30047, mean=0.496703, stdev=0.067049, best fit=0.701800, best_overall=0.701800, mean_diversity=0.131118,
indivs=18287678, elapsed_secs=30059, mean=0.511172, stdev=0.044919, best fit=0.701800, best_overall=0.701800, mean_diversity=0.171357,
indivs=18297776, elapsed_secs=30070, mean=0.532493, stdev=0.106700, best fit=0.701800, best_overall=0.701800, mean_diversity=0.245948,
indivs=18307874, elapsed_secs=30080, mean=0.567939, stdev=0.145064, best fit=0.701800, best_overall=0.701800, mean_diversity=0.093956,
indivs=18317972, elapsed_secs=30092, mean=0.542350, stdev=0.144404, best fit=0.701800, best_overall=0.701800, mean_diversity=0.164916,
indivs=18328070, elapsed_secs=30105, mean=0.517910, stdev=0.101278, best fit=0.701800, best_overall=0.701800, mean_diversity=0.393927,
indivs=18338168, elapsed_secs=30116, mean=0.513969, stdev=0.087459, best fit=0.701800, best_overall=0.701800, mean_diversity=0.394841,
indivs=18348266, elapsed_secs=30126, mean=0.529561, stdev=0.121490, best fit=0.701800, best_overall=0.701800, mean_diversity=0.105640,
indivs=18358364, elapsed_secs=30137, mean=0.494549, stdev=0.075404, best fit=0.701800, best_overall=0.701800, mean_diversity=0.076000,
indivs=18368462, elapsed_secs=30147, mean=0.527689, stdev=0.105005, best fit=0.701800, best_overall=0.701800, mean_diversity=0.370935,
indivs=18378560, elapsed_secs=30158, mean=0.535094, stdev=0.130445, best fit=0.701800, best_overall=0.701800, mean_diversity=0.182212,
indivs=18388658, elapsed_secs=30170, mean=0.513143, stdev=0.078525, best fit=0.701800, best_overall=0.701800, mean_diversity=0.154150,
indivs=18398756, elapsed_secs=30181, mean=0.557072, stdev=0.098487, best fit=0.701800, best_overall=0.701800, mean_diversity=0.283420,
indivs=18408854, elapsed_secs=30191, mean=0.526905, stdev=0.134524, best fit=0.701800, best_overall=0.701800, mean_diversity=0.214332,
indivs=18418952, elapsed_secs=30202, mean=0.485980, stdev=0.087967, best fit=0.701800, best_overall=0.701800, mean_diversity=0.077509,
indivs=18429050, elapsed_secs=30214, mean=0.520957, stdev=0.079085, best fit=0.701800, best_overall=0.701800, mean_diversity=0.309959,
indivs=18439148, elapsed_secs=30226, mean=0.540675, stdev=0.101225, best fit=0.701800, best_overall=0.701800, mean_diversity=0.170079,
indivs=18449246, elapsed_secs=30238, mean=0.605506, stdev=0.139540, best fit=0.701800, best_overall=0.701800, mean_diversity=0.065628,
indivs=18459344, elapsed_secs=30251, mean=0.533204, stdev=0.155092, best fit=0.701800, best_overall=0.701800, mean_diversity=0.192995,
indivs=18469442, elapsed_secs=30263, mean=0.505820, stdev=0.033119, best fit=0.701800, best_overall=0.701800, mean_diversity=0.230448,
indivs=18479540, elapsed_secs=30275, mean=0.546446, stdev=0.123469, best fit=0.701800, best_overall=0.701800, mean_diversity=0.214077,
indivs=18489638, elapsed_secs=30285, mean=0.518222, stdev=0.105968, best fit=0.701800, best_overall=0.701800, mean_diversity=0.300042,
indivs=18499736, elapsed_secs=30297, mean=0.499713, stdev=0.083417, best fit=0.701800, best_overall=0.701800, mean_diversity=0.278374,
indivs=18509834, elapsed_secs=30309, mean=0.558999, stdev=0.101160, best fit=0.701800, best_overall=0.701800, mean_diversity=0.240519,
indivs=18519932, elapsed_secs=30320, mean=0.472066, stdev=0.116090, best fit=0.701800, best_overall=0.701800, mean_diversity=0.057468,
indivs=18530030, elapsed_secs=30332, mean=0.517124, stdev=0.105063, best fit=0.701800, best_overall=0.701800, mean_diversity=0.189104,
indivs=18540128, elapsed_secs=30345, mean=0.613356, stdev=0.131134, best fit=0.701800, best_overall=0.701800, mean_diversity=0.077699,
indivs=18550226, elapsed_secs=30356, mean=0.517259, stdev=0.144768, best fit=0.701800, best_overall=0.701800, mean_diversity=0.196128,
indivs=18560324, elapsed_secs=30370, mean=0.519143, stdev=0.102238, best fit=0.701800, best_overall=0.701800, mean_diversity=0.162065,
indivs=18570422, elapsed_secs=30382, mean=0.557915, stdev=0.170300, best fit=0.701800, best_overall=0.701800, mean_diversity=0.228065,
indivs=18580520, elapsed_secs=30394, mean=0.523890, stdev=0.083816, best fit=0.701800, best_overall=0.701800, mean_diversity=0.249172,
indivs=18590618, elapsed_secs=30406, mean=0.558142, stdev=0.067538, best fit=0.701800, best_overall=0.701800, mean_diversity=0.339738,
indivs=18600716, elapsed_secs=30418, mean=0.586803, stdev=0.091438, best fit=0.701800, best_overall=0.701800, mean_diversity=0.125375,
indivs=18610814, elapsed_secs=30430, mean=0.466538, stdev=0.129707, best fit=0.701800, best_overall=0.701800, mean_diversity=0.088858,
indivs=18620912, elapsed_secs=30443, mean=0.630055, stdev=0.123178, best fit=0.701800, best_overall=0.701800, mean_diversity=0.122139,
indivs=18631010, elapsed_secs=30455, mean=0.504386, stdev=0.089201, best fit=0.701800, best_overall=0.701800, mean_diversity=0.235144,
indivs=18641108, elapsed_secs=30470, mean=0.537628, stdev=0.107945, best fit=0.701800, best_overall=0.701800, mean_diversity=0.345875,
indivs=18651206, elapsed_secs=30481, mean=0.596259, stdev=0.089776, best fit=0.701800, best_overall=0.701800, mean_diversity=0.180382,
indivs=18661304, elapsed_secs=30494, mean=0.492018, stdev=0.073099, best fit=0.701800, best_overall=0.701800, mean_diversity=0.279210,
indivs=18671402, elapsed_secs=30508, mean=0.503402, stdev=0.078819, best fit=0.701800, best_overall=0.701800, mean_diversity=0.254774,
indivs=18681500, elapsed_secs=30520, mean=0.546631, stdev=0.096405, best fit=0.701800, best_overall=0.701800, mean_diversity=0.339251,
indivs=18691598, elapsed_secs=30531, mean=0.507746, stdev=0.034245, best fit=0.701800, best_overall=0.701800, mean_diversity=0.242518,
indivs=18701696, elapsed_secs=30543, mean=0.587971, stdev=0.139774, best fit=0.701800, best_overall=0.701800, mean_diversity=0.074911,
indivs=18711794, elapsed_secs=30559, mean=0.574533, stdev=0.161855, best fit=0.701800, best_overall=0.701800, mean_diversity=0.399237,
indivs=18721892, elapsed_secs=30571, mean=0.533842, stdev=0.111374, best fit=0.701800, best_overall=0.701800, mean_diversity=0.380932,
indivs=18731990, elapsed_secs=30583, mean=0.604515, stdev=0.083319, best fit=0.701800, best_overall=0.701800, mean_diversity=0.085482,
indivs=18742088, elapsed_secs=30594, mean=0.544450, stdev=0.128614, best fit=0.701800, best_overall=0.701800, mean_diversity=0.225516,
indivs=18752186, elapsed_secs=30604, mean=0.496814, stdev=0.058925, best fit=0.701800, best_overall=0.701800, mean_diversity=0.173949,
indivs=18762284, elapsed_secs=30614, mean=0.610424, stdev=0.120283, best fit=0.701800, best_overall=0.701800, mean_diversity=0.168851,
indivs=18772382, elapsed_secs=30625, mean=0.618629, stdev=0.075190, best fit=0.701800, best_overall=0.701800, mean_diversity=0.099758,
indivs=18782480, elapsed_secs=30638, mean=0.496516, stdev=0.125992, best fit=0.701800, best_overall=0.701800, mean_diversity=0.332059,
indivs=18792578, elapsed_secs=30650, mean=0.552762, stdev=0.132954, best fit=0.701800, best_overall=0.701800, mean_diversity=0.101614,
indivs=18802676, elapsed_secs=30662, mean=0.545546, stdev=0.077767, best fit=0.701800, best_overall=0.701800, mean_diversity=0.341680,
indivs=18812774, elapsed_secs=30673, mean=0.518872, stdev=0.179298, best fit=0.701800, best_overall=0.701800, mean_diversity=0.200888,
indivs=18822872, elapsed_secs=30686, mean=0.502018, stdev=0.020079, best fit=0.701800, best_overall=0.701800, mean_diversity=0.049344,
indivs=18832970, elapsed_secs=30698, mean=0.528040, stdev=0.169183, best fit=0.701800, best_overall=0.701800, mean_diversity=0.209857,
indivs=18843068, elapsed_secs=30710, mean=0.535169, stdev=0.066288, best fit=0.701800, best_overall=0.701800, mean_diversity=0.116061,
indivs=18853166, elapsed_secs=30721, mean=0.580383, stdev=0.126508, best fit=0.701800, best_overall=0.701800, mean_diversity=0.170468,
indivs=18863264, elapsed_secs=30734, mean=0.569153, stdev=0.123392, best fit=0.701800, best_overall=0.701800, mean_diversity=0.243262,
indivs=18873362, elapsed_secs=30746, mean=0.508120, stdev=0.030244, best fit=0.701800, best_overall=0.701800, mean_diversity=0.185274,
indivs=18883460, elapsed_secs=30760, mean=0.587150, stdev=0.128467, best fit=0.701800, best_overall=0.701800, mean_diversity=0.362660,
indivs=18893558, elapsed_secs=30771, mean=0.555716, stdev=0.136414, best fit=0.701800, best_overall=0.701800, mean_diversity=0.150857,
indivs=18903656, elapsed_secs=30784, mean=0.505356, stdev=0.087393, best fit=0.701800, best_overall=0.701800, mean_diversity=0.259766,
indivs=18913754, elapsed_secs=30793, mean=0.517441, stdev=0.099906, best fit=0.701800, best_overall=0.701800, mean_diversity=0.370598,
indivs=18923852, elapsed_secs=30805, mean=0.602246, stdev=0.107034, best fit=0.701800, best_overall=0.701800, mean_diversity=0.113590,
indivs=18933950, elapsed_secs=30817, mean=0.570261, stdev=0.109779, best fit=0.701800, best_overall=0.701800, mean_diversity=0.223747,
indivs=18944048, elapsed_secs=30828, mean=0.512993, stdev=0.046644, best fit=0.701800, best_overall=0.701800, mean_diversity=0.165314,
indivs=18954146, elapsed_secs=30839, mean=0.531385, stdev=0.071296, best fit=0.701800, best_overall=0.701800, mean_diversity=0.214596,
indivs=18964244, elapsed_secs=30850, mean=0.551341, stdev=0.111705, best fit=0.701800, best_overall=0.701800, mean_diversity=0.190401,
indivs=18974342, elapsed_secs=30862, mean=0.490375, stdev=0.078032, best fit=0.701800, best_overall=0.701800, mean_diversity=0.066935,
indivs=18984440, elapsed_secs=30876, mean=0.607009, stdev=0.124845, best fit=0.701800, best_overall=0.701800, mean_diversity=0.105893,
indivs=18994538, elapsed_secs=30887, mean=0.538563, stdev=0.130269, best fit=0.701800, best_overall=0.701800, mean_diversity=0.326683,
indivs=19004636, elapsed_secs=30900, mean=0.558612, stdev=0.096116, best fit=0.701800, best_overall=0.701800, mean_diversity=0.287908,
indivs=19014734, elapsed_secs=30911, mean=0.551636, stdev=0.114004, best fit=0.701800, best_overall=0.701800, mean_diversity=0.353708,
indivs=19024832, elapsed_secs=30921, mean=0.479209, stdev=0.056796, best fit=0.701800, best_overall=0.701800, mean_diversity=0.165556,
indivs=19034930, elapsed_secs=30933, mean=0.509039, stdev=0.072019, best fit=0.701800, best_overall=0.701800, mean_diversity=0.130250,
indivs=19045028, elapsed_secs=30944, mean=0.499538, stdev=0.117400, best fit=0.701800, best_overall=0.701800, mean_diversity=0.120019,
indivs=19055126, elapsed_secs=30956, mean=0.560110, stdev=0.094224, best fit=0.701800, best_overall=0.701800, mean_diversity=0.154448,
indivs=19065224, elapsed_secs=30965, mean=0.478999, stdev=0.113398, best fit=0.701800, best_overall=0.701800, mean_diversity=0.063760,
indivs=19075322, elapsed_secs=30975, mean=0.559022, stdev=0.069328, best fit=0.701800, best_overall=0.701800, mean_diversity=0.130621,
indivs=19085420, elapsed_secs=30988, mean=0.558707, stdev=0.167860, best fit=0.701800, best_overall=0.701800, mean_diversity=0.242649,
indivs=19095518, elapsed_secs=30999, mean=0.615594, stdev=0.142731, best fit=0.701800, best_overall=0.701800, mean_diversity=0.126972,
indivs=19105616, elapsed_secs=31009, mean=0.562118, stdev=0.069225, best fit=0.701800, best_overall=0.701800, mean_diversity=0.247538,
indivs=19115714, elapsed_secs=31022, mean=0.527573, stdev=0.104892, best fit=0.701800, best_overall=0.701800, mean_diversity=0.241023,
indivs=19125812, elapsed_secs=31036, mean=0.528508, stdev=0.142412, best fit=0.701800, best_overall=0.701800, mean_diversity=0.298884,
indivs=19135910, elapsed_secs=31047, mean=0.527239, stdev=0.092085, best fit=0.701800, best_overall=0.701800, mean_diversity=0.470239,
indivs=19146008, elapsed_secs=31060, mean=0.510865, stdev=0.093288, best fit=0.701800, best_overall=0.701800, mean_diversity=0.212571,
indivs=19156106, elapsed_secs=31076, mean=0.552952, stdev=0.131425, best fit=0.701800, best_overall=0.701800, mean_diversity=0.291277,
indivs=19166204, elapsed_secs=31086, mean=0.553258, stdev=0.167697, best fit=0.701800, best_overall=0.701800, mean_diversity=0.192478,
indivs=19176302, elapsed_secs=31098, mean=0.554304, stdev=0.101712, best fit=0.701800, best_overall=0.701800, mean_diversity=0.119908,
indivs=19186400, elapsed_secs=31108, mean=0.485024, stdev=0.088779, best fit=0.701800, best_overall=0.701800, mean_diversity=0.303797,
indivs=19196498, elapsed_secs=31121, mean=0.526458, stdev=0.157524, best fit=0.701800, best_overall=0.701800, mean_diversity=0.113060,
indivs=19206596, elapsed_secs=31132, mean=0.496614, stdev=0.053964, best fit=0.701800, best_overall=0.701800, mean_diversity=0.118861,
indivs=19216694, elapsed_secs=31143, mean=0.543479, stdev=0.103533, best fit=0.701800, best_overall=0.701800, mean_diversity=0.397143,
indivs=19226792, elapsed_secs=31155, mean=0.499855, stdev=0.023471, best fit=0.701800, best_overall=0.701800, mean_diversity=0.249979,
indivs=19236890, elapsed_secs=31166, mean=0.583551, stdev=0.112095, best fit=0.701800, best_overall=0.701800, mean_diversity=0.113766,
indivs=19246988, elapsed_secs=31175, mean=0.599305, stdev=0.173972, best fit=0.701800, best_overall=0.701800, mean_diversity=0.066552,
indivs=19257086, elapsed_secs=31188, mean=0.524254, stdev=0.094275, best fit=0.701800, best_overall=0.701800, mean_diversity=0.214545,
indivs=19267184, elapsed_secs=31199, mean=0.579847, stdev=0.150826, best fit=0.701800, best_overall=0.701800, mean_diversity=0.177811,
indivs=19277282, elapsed_secs=31209, mean=0.543270, stdev=0.164886, best fit=0.701800, best_overall=0.701800, mean_diversity=0.108133,
indivs=19287380, elapsed_secs=31223, mean=0.572364, stdev=0.103936, best fit=0.701800, best_overall=0.701800, mean_diversity=0.147494,
indivs=19297478, elapsed_secs=31234, mean=0.543064, stdev=0.107901, best fit=0.701800, best_overall=0.701800, mean_diversity=0.215103,
indivs=19307576, elapsed_secs=31244, mean=0.606542, stdev=0.144055, best fit=0.701800, best_overall=0.701800, mean_diversity=0.085514,
indivs=19317674, elapsed_secs=31253, mean=0.520460, stdev=0.101147, best fit=0.701800, best_overall=0.701800, mean_diversity=0.077678,
indivs=19327772, elapsed_secs=31266, mean=0.557661, stdev=0.164453, best fit=0.701800, best_overall=0.701800, mean_diversity=0.323854,
indivs=19337870, elapsed_secs=31277, mean=0.542232, stdev=0.109250, best fit=0.701800, best_overall=0.701800, mean_diversity=0.286917,
indivs=19347968, elapsed_secs=31289, mean=0.504540, stdev=0.026561, best fit=0.701800, best_overall=0.701800, mean_diversity=0.125455,
indivs=19358066, elapsed_secs=31299, mean=0.593691, stdev=0.164435, best fit=0.701800, best_overall=0.701800, mean_diversity=0.122774,
indivs=19368164, elapsed_secs=31310, mean=0.516096, stdev=0.128652, best fit=0.701800, best_overall=0.701800, mean_diversity=0.274645,
indivs=19378262, elapsed_secs=31319, mean=0.536193, stdev=0.095469, best fit=0.701800, best_overall=0.701800, mean_diversity=0.337093,
indivs=19388360, elapsed_secs=31331, mean=0.533433, stdev=0.134395, best fit=0.701800, best_overall=0.701800, mean_diversity=0.136298,
indivs=19398458, elapsed_secs=31341, mean=0.516104, stdev=0.142142, best fit=0.701800, best_overall=0.701800, mean_diversity=0.122343,
indivs=19408556, elapsed_secs=31353, mean=0.537857, stdev=0.098763, best fit=0.701800, best_overall=0.701800, mean_diversity=0.233704,
indivs=19418654, elapsed_secs=31364, mean=0.555117, stdev=0.142510, best fit=0.701800, best_overall=0.701800, mean_diversity=0.096347,
indivs=19428752, elapsed_secs=31377, mean=0.526226, stdev=0.136422, best fit=0.701800, best_overall=0.701800, mean_diversity=0.274250,
indivs=19438850, elapsed_secs=31385, mean=0.559712, stdev=0.124283, best fit=0.701800, best_overall=0.701800, mean_diversity=0.209656,
indivs=19448948, elapsed_secs=31396, mean=0.595049, stdev=0.160925, best fit=0.701800, best_overall=0.701800, mean_diversity=0.130890,
indivs=19459046, elapsed_secs=31409, mean=0.550215, stdev=0.144508, best fit=0.701800, best_overall=0.701800, mean_diversity=0.428681,
indivs=19469144, elapsed_secs=31420, mean=0.545066, stdev=0.083485, best fit=0.701800, best_overall=0.701800, mean_diversity=0.185549,
indivs=19479242, elapsed_secs=31433, mean=0.498844, stdev=0.118299, best fit=0.701800, best_overall=0.701800, mean_diversity=0.152663,
indivs=19489340, elapsed_secs=31444, mean=0.603860, stdev=0.140307, best fit=0.701800, best_overall=0.701800, mean_diversity=0.101912,
indivs=19499438, elapsed_secs=31455, mean=0.575063, stdev=0.103951, best fit=0.701800, best_overall=0.701800, mean_diversity=0.349659,
indivs=19509536, elapsed_secs=31467, mean=0.628791, stdev=0.147094, best fit=0.701800, best_overall=0.701800, mean_diversity=0.083226,
indivs=19519634, elapsed_secs=31478, mean=0.498047, stdev=0.055300, best fit=0.701800, best_overall=0.701800, mean_diversity=0.077103,
indivs=19529732, elapsed_secs=31489, mean=0.586580, stdev=0.130052, best fit=0.701800, best_overall=0.701800, mean_diversity=0.166420,
indivs=19539830, elapsed_secs=31500, mean=0.609791, stdev=0.123395, best fit=0.701800, best_overall=0.701800, mean_diversity=0.177148,
indivs=19549928, elapsed_secs=31512, mean=0.542843, stdev=0.117501, best fit=0.701800, best_overall=0.701800, mean_diversity=0.342216,
indivs=19560026, elapsed_secs=31525, mean=0.499897, stdev=0.116292, best fit=0.701800, best_overall=0.701800, mean_diversity=0.157612,
indivs=19570124, elapsed_secs=31538, mean=0.539355, stdev=0.198710, best fit=0.701800, best_overall=0.701800, mean_diversity=0.141404,
indivs=19580222, elapsed_secs=31546, mean=0.599357, stdev=0.124179, best fit=0.701800, best_overall=0.701800, mean_diversity=0.158462,
indivs=19590320, elapsed_secs=31556, mean=0.485234, stdev=0.181074, best fit=0.701800, best_overall=0.701800, mean_diversity=0.265559,
indivs=19600418, elapsed_secs=31568, mean=0.577530, stdev=0.093811, best fit=0.701800, best_overall=0.701800, mean_diversity=0.270505,
indivs=19610516, elapsed_secs=31582, mean=0.526402, stdev=0.108700, best fit=0.701800, best_overall=0.701800, mean_diversity=0.321082,
indivs=19620614, elapsed_secs=31594, mean=0.546616, stdev=0.129236, best fit=0.701800, best_overall=0.701800, mean_diversity=0.266396,
indivs=19630712, elapsed_secs=31604, mean=0.485805, stdev=0.072219, best fit=0.701800, best_overall=0.701800, mean_diversity=0.241171,
indivs=19640810, elapsed_secs=31619, mean=0.503199, stdev=0.044926, best fit=0.701800, best_overall=0.701800, mean_diversity=0.208792,
indivs=19650908, elapsed_secs=31630, mean=0.554692, stdev=0.120479, best fit=0.701800, best_overall=0.701800, mean_diversity=0.223382,
indivs=19661006, elapsed_secs=31642, mean=0.527184, stdev=0.055155, best fit=0.701800, best_overall=0.701800, mean_diversity=0.233858,
indivs=19671104, elapsed_secs=31653, mean=0.557895, stdev=0.167944, best fit=0.701800, best_overall=0.701800, mean_diversity=0.187566,
indivs=19681202, elapsed_secs=31665, mean=0.458301, stdev=0.123535, best fit=0.701800, best_overall=0.701800, mean_diversity=0.320656,
indivs=19691300, elapsed_secs=31676, mean=0.591333, stdev=0.138145, best fit=0.701800, best_overall=0.701800, mean_diversity=0.208437,
Experiment done. Retrieving candidate algorithm.
Search fitness for candidate algorithm = 0.701800
Evaluating candidate algorithm from experiment (on T_select tasks)... 
Select fitness for candidate algorithm = 0.697500
Select fitness is the best so far. 

Final evaluation of best algorithm (on unseen tasks)...
Final evaluation fitness (on unseen data) = 0.643920
Algorithm found: 
def Setup():
  m1 = uniform(-0.00437748, -0.705768, (n_features, n_features))
  v1 = gaussian(0.648497, 0.540308, n_features)
  m0 = uniform(0.0928838, 0.831093, (n_features, n_features))
def Predict():
  s1 = dot(v0, v8)
  v5 = v8 + v7
  s4 = s0 + s4
  s4 = dot(v4, v1)
  v8 = v5 + v1
  s1 = s1 + s3
  v2 = maximum(v4, v4)
def Learn():
  v7 = v8 + v5
  v4 = s0 * v1
  s3 = s4 - s1
  v7 = s0 * v0
  s2 = s2 - s2
  v1 = v5 + v1
  v3 = v3 + v5
  s2 = s3 - s4
  s1 = s3 * s2
  v3 = s2 * v0
  s2 = s3 * s0
  v4 = heaviside(v7, 1.0)
  s3 = s2 * s4
  v8 = v3 + v5
  s1 = s1 - s3
  v4 = v0 + v3
  v2 = heaviside(v3, 1.0)
  s1 = s2 + s1
  v3 = v4 * v7

