Random seed = 2259848468
/p/work/rditljtd/automl_zero/baseline_full_qd.db3
evol_id:85183
SQLite Version: 3.4.0

Creating database for run.
/p/work/rditljtd/automl_zero/baseline_full_qd.db3
Running evolution experiment (on the T_search tasks)...
indivs=200, elapsed_secs=0, mean=0.500000, stdev=0.000000, best fit=0.500000, best_overall=0.500000, mean_diversity=0.000000,
indivs=10298, elapsed_secs=14, mean=0.495704, stdev=0.016544, best fit=0.561900, best_overall=0.561900, mean_diversity=0.159158,
indivs=20396, elapsed_secs=17, mean=0.491619, stdev=0.029463, best fit=0.561900, best_overall=0.561900, mean_diversity=0.165830,
indivs=30494, elapsed_secs=20, mean=0.502384, stdev=0.008390, best fit=0.561900, best_overall=0.561900, mean_diversity=0.221818,
indivs=40592, elapsed_secs=22, mean=0.500076, stdev=0.006938, best fit=0.561900, best_overall=0.561900, mean_diversity=0.365683,
indivs=50690, elapsed_secs=24, mean=0.500619, stdev=0.006159, best fit=0.561900, best_overall=0.561900, mean_diversity=0.127430,
indivs=60788, elapsed_secs=27, mean=0.500535, stdev=0.006224, best fit=0.561900, best_overall=0.561900, mean_diversity=0.112463,
indivs=70886, elapsed_secs=32, mean=0.500016, stdev=0.007828, best fit=0.561900, best_overall=0.561900, mean_diversity=0.320794,
indivs=80984, elapsed_secs=34, mean=0.500899, stdev=0.006436, best fit=0.561900, best_overall=0.561900, mean_diversity=0.265958,
indivs=91082, elapsed_secs=36, mean=0.500619, stdev=0.006159, best fit=0.561900, best_overall=0.561900, mean_diversity=0.075671,
indivs=101180, elapsed_secs=38, mean=0.501708, stdev=0.006843, best fit=0.561900, best_overall=0.561900, mean_diversity=0.207775,
indivs=111278, elapsed_secs=40, mean=0.500659, stdev=0.006156, best fit=0.561900, best_overall=0.561900, mean_diversity=0.143265,
indivs=121376, elapsed_secs=45, mean=0.489837, stdev=0.070935, best fit=0.561900, best_overall=0.561900, mean_diversity=0.046040,
indivs=131474, elapsed_secs=47, mean=0.490619, stdev=0.070358, best fit=0.561900, best_overall=0.561900, mean_diversity=0.065966,
indivs=141572, elapsed_secs=50, mean=0.500585, stdev=0.006172, best fit=0.561900, best_overall=0.561900, mean_diversity=0.201131,
indivs=151670, elapsed_secs=52, mean=0.493289, stdev=0.017517, best fit=0.561900, best_overall=0.561900, mean_diversity=0.389740,
indivs=161768, elapsed_secs=54, mean=0.500616, stdev=0.006159, best fit=0.561900, best_overall=0.561900, mean_diversity=0.137176,
indivs=171866, elapsed_secs=57, mean=0.500628, stdev=0.006159, best fit=0.561900, best_overall=0.561900, mean_diversity=0.165420,
indivs=181964, elapsed_secs=59, mean=0.491782, stdev=0.052497, best fit=0.561900, best_overall=0.561900, mean_diversity=0.265119,
indivs=192062, elapsed_secs=60, mean=0.500619, stdev=0.006159, best fit=0.561900, best_overall=0.561900, mean_diversity=0.211206,
indivs=202160, elapsed_secs=62, mean=0.499024, stdev=0.011964, best fit=0.561900, best_overall=0.561900, mean_diversity=0.350210,
indivs=212258, elapsed_secs=65, mean=0.497837, stdev=0.008433, best fit=0.561900, best_overall=0.561900, mean_diversity=0.343776,
indivs=222356, elapsed_secs=67, mean=0.502684, stdev=0.010789, best fit=0.561900, best_overall=0.561900, mean_diversity=0.304498,
indivs=232454, elapsed_secs=70, mean=0.500619, stdev=0.006159, best fit=0.561900, best_overall=0.561900, mean_diversity=0.383243,
indivs=242552, elapsed_secs=72, mean=0.500619, stdev=0.006159, best fit=0.561900, best_overall=0.561900, mean_diversity=0.168577,
indivs=252650, elapsed_secs=73, mean=0.500619, stdev=0.006159, best fit=0.561900, best_overall=0.561900, mean_diversity=0.221804,
indivs=262748, elapsed_secs=76, mean=0.500523, stdev=0.006242, best fit=0.561900, best_overall=0.561900, mean_diversity=0.113130,
indivs=272846, elapsed_secs=78, mean=0.502424, stdev=0.010613, best fit=0.561900, best_overall=0.561900, mean_diversity=0.237307,
indivs=282944, elapsed_secs=80, mean=0.501027, stdev=0.010383, best fit=0.561900, best_overall=0.561900, mean_diversity=0.207184,
indivs=293042, elapsed_secs=82, mean=0.500260, stdev=0.006369, best fit=0.561900, best_overall=0.561900, mean_diversity=0.280400,
indivs=303140, elapsed_secs=84, mean=0.504041, stdev=0.009573, best fit=0.561900, best_overall=0.561900, mean_diversity=0.083905,
indivs=313238, elapsed_secs=86, mean=0.500575, stdev=0.006179, best fit=0.561900, best_overall=0.561900, mean_diversity=0.192625,
indivs=323336, elapsed_secs=88, mean=0.500619, stdev=0.006159, best fit=0.561900, best_overall=0.561900, mean_diversity=0.292000,
indivs=333434, elapsed_secs=90, mean=0.498848, stdev=0.008245, best fit=0.561900, best_overall=0.561900, mean_diversity=0.272725,
indivs=343532, elapsed_secs=93, mean=0.500619, stdev=0.006159, best fit=0.561900, best_overall=0.561900, mean_diversity=0.138213,
indivs=353630, elapsed_secs=97, mean=0.502455, stdev=0.080951, best fit=0.585900, best_overall=0.585900, mean_diversity=0.183557,
indivs=363728, elapsed_secs=111, mean=0.478609, stdev=0.111236, best fit=0.600500, best_overall=0.600500, mean_diversity=0.453465,
indivs=373826, elapsed_secs=127, mean=0.522538, stdev=0.118844, best fit=0.602700, best_overall=0.602700, mean_diversity=0.154177,
indivs=383924, elapsed_secs=143, mean=0.502923, stdev=0.112086, best fit=0.602700, best_overall=0.602700, mean_diversity=0.339468,
indivs=394022, elapsed_secs=160, mean=0.494393, stdev=0.131698, best fit=0.604300, best_overall=0.604300, mean_diversity=0.353333,
indivs=404120, elapsed_secs=177, mean=0.492208, stdev=0.079983, best fit=0.604300, best_overall=0.604300, mean_diversity=0.320060,
indivs=414218, elapsed_secs=196, mean=0.490487, stdev=0.119019, best fit=0.647600, best_overall=0.647600, mean_diversity=0.512836,
indivs=424316, elapsed_secs=212, mean=0.547102, stdev=0.088783, best fit=0.669300, best_overall=0.669300, mean_diversity=0.174617,
indivs=434414, elapsed_secs=221, mean=0.510555, stdev=0.079564, best fit=0.669300, best_overall=0.669300, mean_diversity=0.351629,
indivs=444512, elapsed_secs=230, mean=0.484361, stdev=0.114505, best fit=0.669300, best_overall=0.669300, mean_diversity=0.209208,
indivs=454610, elapsed_secs=240, mean=0.532553, stdev=0.153526, best fit=0.669400, best_overall=0.669400, mean_diversity=0.217853,
indivs=464708, elapsed_secs=253, mean=0.618004, stdev=0.115593, best fit=0.669400, best_overall=0.669400, mean_diversity=0.354327,
indivs=474806, elapsed_secs=263, mean=0.486165, stdev=0.087294, best fit=0.669400, best_overall=0.669400, mean_diversity=0.204026,
indivs=484904, elapsed_secs=274, mean=0.542275, stdev=0.199459, best fit=0.669400, best_overall=0.669400, mean_diversity=0.203393,
indivs=495002, elapsed_secs=286, mean=0.530570, stdev=0.104537, best fit=0.669400, best_overall=0.669400, mean_diversity=0.213182,
indivs=505100, elapsed_secs=295, mean=0.500648, stdev=0.049665, best fit=0.669400, best_overall=0.669400, mean_diversity=0.105176,
indivs=515198, elapsed_secs=306, mean=0.565450, stdev=0.184914, best fit=0.669400, best_overall=0.669400, mean_diversity=0.150210,
indivs=525296, elapsed_secs=319, mean=0.516253, stdev=0.094220, best fit=0.669400, best_overall=0.669400, mean_diversity=0.327065,
indivs=535394, elapsed_secs=330, mean=0.536168, stdev=0.134821, best fit=0.669400, best_overall=0.669400, mean_diversity=0.251821,
indivs=545492, elapsed_secs=340, mean=0.537762, stdev=0.109345, best fit=0.669400, best_overall=0.669400, mean_diversity=0.304819,
indivs=555590, elapsed_secs=350, mean=0.517451, stdev=0.161470, best fit=0.669400, best_overall=0.669400, mean_diversity=0.118986,
indivs=565688, elapsed_secs=359, mean=0.498219, stdev=0.076686, best fit=0.669400, best_overall=0.669400, mean_diversity=0.233890,
indivs=575786, elapsed_secs=368, mean=0.520587, stdev=0.140723, best fit=0.669400, best_overall=0.669400, mean_diversity=0.325422,
indivs=585884, elapsed_secs=378, mean=0.555817, stdev=0.141931, best fit=0.669400, best_overall=0.669400, mean_diversity=0.323196,
indivs=595982, elapsed_secs=388, mean=0.550377, stdev=0.179410, best fit=0.669500, best_overall=0.669500, mean_diversity=0.283945,
indivs=606080, elapsed_secs=398, mean=0.551311, stdev=0.097596, best fit=0.669500, best_overall=0.669500, mean_diversity=0.189484,
indivs=616178, elapsed_secs=408, mean=0.493140, stdev=0.030984, best fit=0.669700, best_overall=0.669700, mean_diversity=0.223726,
indivs=626276, elapsed_secs=415, mean=0.488331, stdev=0.073367, best fit=0.671500, best_overall=0.671500, mean_diversity=0.154412,
indivs=636374, elapsed_secs=424, mean=0.506081, stdev=0.082113, best fit=0.671500, best_overall=0.671500, mean_diversity=0.100518,
indivs=646472, elapsed_secs=433, mean=0.455299, stdev=0.127743, best fit=0.671500, best_overall=0.671500, mean_diversity=0.260554,
indivs=656570, elapsed_secs=441, mean=0.499009, stdev=0.019974, best fit=0.671500, best_overall=0.671500, mean_diversity=0.175000,
indivs=666668, elapsed_secs=449, mean=0.471276, stdev=0.176689, best fit=0.671500, best_overall=0.671500, mean_diversity=0.340472,
indivs=676766, elapsed_secs=457, mean=0.538349, stdev=0.161157, best fit=0.671500, best_overall=0.671500, mean_diversity=0.192513,
indivs=686864, elapsed_secs=466, mean=0.483180, stdev=0.072597, best fit=0.671700, best_overall=0.671700, mean_diversity=0.242104,
indivs=696962, elapsed_secs=474, mean=0.571171, stdev=0.189395, best fit=0.671700, best_overall=0.671700, mean_diversity=0.127920,
indivs=707060, elapsed_secs=484, mean=0.520696, stdev=0.100217, best fit=0.671700, best_overall=0.671700, mean_diversity=0.272987,
indivs=717158, elapsed_secs=492, mean=0.503491, stdev=0.020080, best fit=0.671700, best_overall=0.671700, mean_diversity=0.199530,
indivs=727256, elapsed_secs=498, mean=0.480734, stdev=0.104223, best fit=0.671700, best_overall=0.671700, mean_diversity=0.306873,
indivs=737354, elapsed_secs=506, mean=0.553900, stdev=0.115707, best fit=0.671700, best_overall=0.671700, mean_diversity=0.097151,
indivs=747452, elapsed_secs=513, mean=0.546624, stdev=0.083204, best fit=0.671700, best_overall=0.671700, mean_diversity=0.201693,
indivs=757550, elapsed_secs=519, mean=0.470916, stdev=0.133479, best fit=0.671700, best_overall=0.671700, mean_diversity=0.227105,
indivs=767648, elapsed_secs=528, mean=0.443050, stdev=0.143385, best fit=0.671700, best_overall=0.671700, mean_diversity=0.127647,
indivs=777746, elapsed_secs=535, mean=0.584080, stdev=0.102794, best fit=0.671700, best_overall=0.671700, mean_diversity=0.216850,
indivs=787844, elapsed_secs=543, mean=0.507078, stdev=0.032982, best fit=0.671700, best_overall=0.671700, mean_diversity=0.279256,
indivs=797942, elapsed_secs=553, mean=0.501717, stdev=0.017084, best fit=0.671700, best_overall=0.671700, mean_diversity=0.394870,
indivs=808040, elapsed_secs=561, mean=0.501975, stdev=0.062446, best fit=0.671700, best_overall=0.671700, mean_diversity=0.194167,
indivs=818138, elapsed_secs=569, mean=0.499717, stdev=0.083028, best fit=0.671700, best_overall=0.671700, mean_diversity=0.083099,
indivs=828236, elapsed_secs=577, mean=0.530394, stdev=0.117006, best fit=0.671700, best_overall=0.671700, mean_diversity=0.391395,
indivs=838334, elapsed_secs=583, mean=0.571537, stdev=0.154776, best fit=0.671700, best_overall=0.671700, mean_diversity=0.066936,
indivs=848432, elapsed_secs=591, mean=0.459449, stdev=0.128112, best fit=0.671700, best_overall=0.671700, mean_diversity=0.337724,
indivs=858530, elapsed_secs=599, mean=0.468424, stdev=0.142985, best fit=0.671700, best_overall=0.671700, mean_diversity=0.204603,
indivs=868628, elapsed_secs=606, mean=0.493707, stdev=0.117104, best fit=0.671700, best_overall=0.671700, mean_diversity=0.232702,
indivs=878726, elapsed_secs=614, mean=0.487501, stdev=0.154783, best fit=0.671700, best_overall=0.671700, mean_diversity=0.251957,
indivs=888824, elapsed_secs=621, mean=0.527282, stdev=0.085803, best fit=0.671700, best_overall=0.671700, mean_diversity=0.131517,
indivs=898922, elapsed_secs=628, mean=0.494372, stdev=0.034381, best fit=0.671700, best_overall=0.671700, mean_diversity=0.295036,
indivs=909020, elapsed_secs=636, mean=0.593913, stdev=0.174830, best fit=0.671700, best_overall=0.671700, mean_diversity=0.138956,
indivs=919118, elapsed_secs=644, mean=0.503360, stdev=0.082566, best fit=0.671700, best_overall=0.671700, mean_diversity=0.129556,
indivs=929216, elapsed_secs=651, mean=0.489310, stdev=0.096059, best fit=0.671700, best_overall=0.671700, mean_diversity=0.288250,
indivs=939314, elapsed_secs=658, mean=0.532266, stdev=0.109415, best fit=0.671700, best_overall=0.671700, mean_diversity=0.124653,
indivs=949412, elapsed_secs=665, mean=0.500835, stdev=0.066825, best fit=0.671700, best_overall=0.671700, mean_diversity=0.199279,
indivs=959510, elapsed_secs=674, mean=0.490309, stdev=0.072460, best fit=0.671700, best_overall=0.671700, mean_diversity=0.132430,
indivs=969608, elapsed_secs=681, mean=0.533516, stdev=0.122088, best fit=0.671700, best_overall=0.671700, mean_diversity=0.387201,
indivs=979706, elapsed_secs=686, mean=0.487818, stdev=0.074600, best fit=0.671700, best_overall=0.671700, mean_diversity=0.299575,
indivs=989804, elapsed_secs=696, mean=0.500904, stdev=0.018082, best fit=0.671700, best_overall=0.671700, mean_diversity=0.071511,
indivs=999902, elapsed_secs=702, mean=0.505865, stdev=0.058971, best fit=0.671700, best_overall=0.671700, mean_diversity=0.056030,
indivs=1010000, elapsed_secs=710, mean=0.502409, stdev=0.018013, best fit=0.671700, best_overall=0.671700, mean_diversity=0.075721,
indivs=1020098, elapsed_secs=717, mean=0.480771, stdev=0.144514, best fit=0.671700, best_overall=0.671700, mean_diversity=0.226711,
indivs=1030196, elapsed_secs=724, mean=0.494962, stdev=0.159194, best fit=0.671700, best_overall=0.671700, mean_diversity=0.275115,
indivs=1040294, elapsed_secs=729, mean=0.451308, stdev=0.174847, best fit=0.671700, best_overall=0.671700, mean_diversity=0.256795,
indivs=1050392, elapsed_secs=736, mean=0.501161, stdev=0.017946, best fit=0.671700, best_overall=0.671700, mean_diversity=0.114959,
indivs=1060490, elapsed_secs=744, mean=0.454790, stdev=0.144342, best fit=0.671700, best_overall=0.671700, mean_diversity=0.287086,
indivs=1070588, elapsed_secs=751, mean=0.503048, stdev=0.111554, best fit=0.671700, best_overall=0.671700, mean_diversity=0.082365,
indivs=1080686, elapsed_secs=757, mean=0.463141, stdev=0.088257, best fit=0.671700, best_overall=0.671700, mean_diversity=0.290088,
indivs=1090784, elapsed_secs=764, mean=0.531434, stdev=0.107296, best fit=0.671700, best_overall=0.671700, mean_diversity=0.242161,
indivs=1100882, elapsed_secs=772, mean=0.523113, stdev=0.080940, best fit=0.671700, best_overall=0.671700, mean_diversity=0.257452,
indivs=1110980, elapsed_secs=779, mean=0.501699, stdev=0.017086, best fit=0.671700, best_overall=0.671700, mean_diversity=0.059135,
indivs=1121078, elapsed_secs=788, mean=0.493924, stdev=0.038306, best fit=0.671700, best_overall=0.671700, mean_diversity=0.101448,
indivs=1131176, elapsed_secs=797, mean=0.511049, stdev=0.104712, best fit=0.671700, best_overall=0.671700, mean_diversity=0.374541,
indivs=1141274, elapsed_secs=804, mean=0.537027, stdev=0.088638, best fit=0.671700, best_overall=0.671700, mean_diversity=0.187368,
indivs=1151372, elapsed_secs=813, mean=0.471782, stdev=0.120633, best fit=0.671700, best_overall=0.671700, mean_diversity=0.105767,
indivs=1161470, elapsed_secs=817, mean=0.515726, stdev=0.084697, best fit=0.671700, best_overall=0.671700, mean_diversity=0.171160,
indivs=1171568, elapsed_secs=827, mean=0.496603, stdev=0.074680, best fit=0.671700, best_overall=0.671700, mean_diversity=0.174439,
indivs=1181666, elapsed_secs=833, mean=0.501717, stdev=0.017084, best fit=0.671700, best_overall=0.671700, mean_diversity=0.072897,
indivs=1191764, elapsed_secs=840, mean=0.493574, stdev=0.073270, best fit=0.671700, best_overall=0.671700, mean_diversity=0.117509,
indivs=1201862, elapsed_secs=851, mean=0.535818, stdev=0.108799, best fit=0.671700, best_overall=0.671700, mean_diversity=0.369124,
indivs=1211960, elapsed_secs=860, mean=0.522900, stdev=0.232744, best fit=0.671700, best_overall=0.671700, mean_diversity=0.086096,
indivs=1222058, elapsed_secs=871, mean=0.562828, stdev=0.129416, best fit=0.671700, best_overall=0.671700, mean_diversity=0.274486,
indivs=1232156, elapsed_secs=878, mean=0.507501, stdev=0.108998, best fit=0.671700, best_overall=0.671700, mean_diversity=0.188433,
indivs=1242254, elapsed_secs=886, mean=0.448906, stdev=0.151006, best fit=0.671700, best_overall=0.671700, mean_diversity=0.266380,
indivs=1252352, elapsed_secs=896, mean=0.540957, stdev=0.092358, best fit=0.671700, best_overall=0.671700, mean_diversity=0.170432,
indivs=1262450, elapsed_secs=904, mean=0.486853, stdev=0.074712, best fit=0.671700, best_overall=0.671700, mean_diversity=0.306138,
indivs=1272548, elapsed_secs=910, mean=0.499717, stdev=0.022243, best fit=0.671700, best_overall=0.671700, mean_diversity=0.095892,
indivs=1282646, elapsed_secs=918, mean=0.547748, stdev=0.125052, best fit=0.671700, best_overall=0.671700, mean_diversity=0.134259,
indivs=1292744, elapsed_secs=925, mean=0.445437, stdev=0.127320, best fit=0.671700, best_overall=0.671700, mean_diversity=0.142170,
indivs=1302842, elapsed_secs=929, mean=0.565220, stdev=0.101541, best fit=0.671700, best_overall=0.671700, mean_diversity=0.253762,
indivs=1312940, elapsed_secs=938, mean=0.519901, stdev=0.159932, best fit=0.671700, best_overall=0.671700, mean_diversity=0.483192,
indivs=1323038, elapsed_secs=948, mean=0.473310, stdev=0.102310, best fit=0.671700, best_overall=0.671700, mean_diversity=0.078937,
indivs=1333136, elapsed_secs=955, mean=0.503065, stdev=0.099599, best fit=0.671700, best_overall=0.671700, mean_diversity=0.276825,
indivs=1343234, elapsed_secs=965, mean=0.448666, stdev=0.139582, best fit=0.671700, best_overall=0.671700, mean_diversity=0.365325,
indivs=1353332, elapsed_secs=972, mean=0.486004, stdev=0.073117, best fit=0.671700, best_overall=0.671700, mean_diversity=0.075175,
indivs=1363430, elapsed_secs=979, mean=0.488474, stdev=0.055352, best fit=0.671700, best_overall=0.671700, mean_diversity=0.368058,
indivs=1373528, elapsed_secs=988, mean=0.554358, stdev=0.147596, best fit=0.671700, best_overall=0.671700, mean_diversity=0.300667,
indivs=1383626, elapsed_secs=998, mean=0.503581, stdev=0.024216, best fit=0.671700, best_overall=0.671700, mean_diversity=0.093046,
indivs=1393724, elapsed_secs=1006, mean=0.514341, stdev=0.091287, best fit=0.671700, best_overall=0.671700, mean_diversity=0.286319,
indivs=1403822, elapsed_secs=1013, mean=0.501717, stdev=0.017084, best fit=0.671700, best_overall=0.671700, mean_diversity=0.113639,
indivs=1413920, elapsed_secs=1020, mean=0.544948, stdev=0.088437, best fit=0.671700, best_overall=0.671700, mean_diversity=0.076961,
indivs=1424018, elapsed_secs=1031, mean=0.598382, stdev=0.084777, best fit=0.671700, best_overall=0.671700, mean_diversity=0.084659,
indivs=1434116, elapsed_secs=1039, mean=0.608063, stdev=0.115015, best fit=0.671700, best_overall=0.671700, mean_diversity=0.156081,
indivs=1444214, elapsed_secs=1047, mean=0.538613, stdev=0.091391, best fit=0.671700, best_overall=0.671700, mean_diversity=0.191209,
indivs=1454312, elapsed_secs=1059, mean=0.559745, stdev=0.082129, best fit=0.671700, best_overall=0.671700, mean_diversity=0.332022,
indivs=1464410, elapsed_secs=1068, mean=0.502818, stdev=0.023828, best fit=0.671700, best_overall=0.671700, mean_diversity=0.131643,
indivs=1474508, elapsed_secs=1074, mean=0.487810, stdev=0.121277, best fit=0.671700, best_overall=0.671700, mean_diversity=0.251288,
indivs=1484606, elapsed_secs=1082, mean=0.540818, stdev=0.085865, best fit=0.671700, best_overall=0.671700, mean_diversity=0.165852,
indivs=1494704, elapsed_secs=1092, mean=0.470782, stdev=0.121523, best fit=0.671700, best_overall=0.671700, mean_diversity=0.276151,
indivs=1504802, elapsed_secs=1100, mean=0.558049, stdev=0.114206, best fit=0.671700, best_overall=0.671700, mean_diversity=0.217079,
indivs=1514900, elapsed_secs=1110, mean=0.527653, stdev=0.155159, best fit=0.671700, best_overall=0.671700, mean_diversity=0.156993,
indivs=1524998, elapsed_secs=1117, mean=0.534798, stdev=0.104823, best fit=0.671700, best_overall=0.671700, mean_diversity=0.198743,
indivs=1535096, elapsed_secs=1126, mean=0.516839, stdev=0.069491, best fit=0.671700, best_overall=0.671700, mean_diversity=0.176854,
indivs=1545194, elapsed_secs=1132, mean=0.489279, stdev=0.072655, best fit=0.671700, best_overall=0.671700, mean_diversity=0.288169,
indivs=1555292, elapsed_secs=1140, mean=0.525141, stdev=0.076652, best fit=0.671700, best_overall=0.671700, mean_diversity=0.394167,
indivs=1565390, elapsed_secs=1146, mean=0.496714, stdev=0.096810, best fit=0.671700, best_overall=0.671700, mean_diversity=0.157291,
indivs=1575488, elapsed_secs=1154, mean=0.470405, stdev=0.099219, best fit=0.671700, best_overall=0.671700, mean_diversity=0.272884,
indivs=1585586, elapsed_secs=1161, mean=0.501160, stdev=0.021972, best fit=0.671700, best_overall=0.671700, mean_diversity=0.406080,
indivs=1595684, elapsed_secs=1169, mean=0.480635, stdev=0.099801, best fit=0.671700, best_overall=0.671700, mean_diversity=0.446429,
indivs=1605782, elapsed_secs=1179, mean=0.474899, stdev=0.111946, best fit=0.671700, best_overall=0.671700, mean_diversity=0.139481,
indivs=1615880, elapsed_secs=1187, mean=0.502562, stdev=0.107716, best fit=0.671700, best_overall=0.671700, mean_diversity=0.337068,
indivs=1625978, elapsed_secs=1196, mean=0.490667, stdev=0.072858, best fit=0.671700, best_overall=0.671700, mean_diversity=0.358220,
indivs=1636076, elapsed_secs=1205, mean=0.484926, stdev=0.087407, best fit=0.671700, best_overall=0.671700, mean_diversity=0.213713,
indivs=1646174, elapsed_secs=1213, mean=0.501717, stdev=0.017084, best fit=0.671700, best_overall=0.671700, mean_diversity=0.102371,
indivs=1656272, elapsed_secs=1219, mean=0.492997, stdev=0.047119, best fit=0.671700, best_overall=0.671700, mean_diversity=0.123333,
indivs=1666370, elapsed_secs=1228, mean=0.587694, stdev=0.128414, best fit=0.671700, best_overall=0.671700, mean_diversity=0.225228,
indivs=1676468, elapsed_secs=1238, mean=0.575576, stdev=0.134233, best fit=0.671700, best_overall=0.671700, mean_diversity=0.123648,
indivs=1686566, elapsed_secs=1246, mean=0.497563, stdev=0.074051, best fit=0.671700, best_overall=0.671700, mean_diversity=0.449706,
indivs=1696664, elapsed_secs=1253, mean=0.481193, stdev=0.141048, best fit=0.671700, best_overall=0.671700, mean_diversity=0.123392,
indivs=1706762, elapsed_secs=1258, mean=0.491345, stdev=0.080262, best fit=0.671700, best_overall=0.671700, mean_diversity=0.222247,
indivs=1716860, elapsed_secs=1265, mean=0.495544, stdev=0.053111, best fit=0.671700, best_overall=0.671700, mean_diversity=0.087964,
indivs=1726958, elapsed_secs=1274, mean=0.535935, stdev=0.059498, best fit=0.671700, best_overall=0.671700, mean_diversity=0.292313,
indivs=1737056, elapsed_secs=1280, mean=0.491097, stdev=0.054203, best fit=0.671700, best_overall=0.671700, mean_diversity=0.144324,
indivs=1747154, elapsed_secs=1287, mean=0.492140, stdev=0.057167, best fit=0.671700, best_overall=0.671700, mean_diversity=0.242085,
indivs=1757252, elapsed_secs=1294, mean=0.485482, stdev=0.057746, best fit=0.671700, best_overall=0.671700, mean_diversity=0.120447,
indivs=1767350, elapsed_secs=1302, mean=0.494202, stdev=0.025004, best fit=0.671700, best_overall=0.671700, mean_diversity=0.246267,
indivs=1777448, elapsed_secs=1309, mean=0.493248, stdev=0.056856, best fit=0.671700, best_overall=0.671700, mean_diversity=0.325556,
indivs=1787546, elapsed_secs=1318, mean=0.479805, stdev=0.101127, best fit=0.671700, best_overall=0.671700, mean_diversity=0.200015,
indivs=1797644, elapsed_secs=1326, mean=0.538375, stdev=0.092439, best fit=0.671700, best_overall=0.671700, mean_diversity=0.125801,
indivs=1807742, elapsed_secs=1335, mean=0.559448, stdev=0.083598, best fit=0.671700, best_overall=0.671700, mean_diversity=0.124754,
indivs=1817840, elapsed_secs=1343, mean=0.468442, stdev=0.087919, best fit=0.671700, best_overall=0.671700, mean_diversity=0.188117,
indivs=1827938, elapsed_secs=1349, mean=0.500659, stdev=0.021242, best fit=0.671700, best_overall=0.671700, mean_diversity=0.182883,
indivs=1838036, elapsed_secs=1358, mean=0.491407, stdev=0.072290, best fit=0.671700, best_overall=0.671700, mean_diversity=0.182830,
indivs=1848134, elapsed_secs=1365, mean=0.520506, stdev=0.086460, best fit=0.671700, best_overall=0.671700, mean_diversity=0.270886,
indivs=1858232, elapsed_secs=1372, mean=0.496311, stdev=0.052893, best fit=0.671700, best_overall=0.671700, mean_diversity=0.158953,
indivs=1868330, elapsed_secs=1380, mean=0.462174, stdev=0.117675, best fit=0.671700, best_overall=0.671700, mean_diversity=0.220859,
indivs=1878428, elapsed_secs=1388, mean=0.501481, stdev=0.060884, best fit=0.671700, best_overall=0.671700, mean_diversity=0.270417,
indivs=1888526, elapsed_secs=1396, mean=0.497135, stdev=0.080430, best fit=0.671700, best_overall=0.671700, mean_diversity=0.233981,
indivs=1898624, elapsed_secs=1403, mean=0.539051, stdev=0.096211, best fit=0.671700, best_overall=0.671700, mean_diversity=0.218109,
indivs=1908722, elapsed_secs=1408, mean=0.494922, stdev=0.084008, best fit=0.671700, best_overall=0.671700, mean_diversity=0.317261,
indivs=1918820, elapsed_secs=1425, mean=0.503893, stdev=0.058990, best fit=0.671700, best_overall=0.671700, mean_diversity=0.222045,
indivs=1928918, elapsed_secs=1433, mean=0.549702, stdev=0.085082, best fit=0.671700, best_overall=0.671700, mean_diversity=0.073112,
indivs=1939016, elapsed_secs=1440, mean=0.523010, stdev=0.144954, best fit=0.671700, best_overall=0.671700, mean_diversity=0.244036,
indivs=1949114, elapsed_secs=1448, mean=0.432129, stdev=0.175524, best fit=0.671700, best_overall=0.671700, mean_diversity=0.202431,
indivs=1959212, elapsed_secs=1454, mean=0.501738, stdev=0.017089, best fit=0.671700, best_overall=0.671700, mean_diversity=0.300973,
indivs=1969310, elapsed_secs=1461, mean=0.495483, stdev=0.101538, best fit=0.671700, best_overall=0.671700, mean_diversity=0.132184,
indivs=1979408, elapsed_secs=1468, mean=0.498369, stdev=0.055363, best fit=0.671700, best_overall=0.671700, mean_diversity=0.100224,
indivs=1989506, elapsed_secs=1476, mean=0.612596, stdev=0.081229, best fit=0.671700, best_overall=0.671700, mean_diversity=0.126318,
indivs=1999604, elapsed_secs=1482, mean=0.489737, stdev=0.058589, best fit=0.671700, best_overall=0.671700, mean_diversity=0.258414,
indivs=2009702, elapsed_secs=1490, mean=0.501330, stdev=0.063414, best fit=0.671700, best_overall=0.671700, mean_diversity=0.404756,
indivs=2019800, elapsed_secs=1497, mean=0.501821, stdev=0.022863, best fit=0.671700, best_overall=0.671700, mean_diversity=0.170034,
indivs=2029898, elapsed_secs=1507, mean=0.482480, stdev=0.087615, best fit=0.671700, best_overall=0.671700, mean_diversity=0.272130,
indivs=2039996, elapsed_secs=1513, mean=0.574339, stdev=0.104596, best fit=0.671700, best_overall=0.671700, mean_diversity=0.184119,
indivs=2050094, elapsed_secs=1520, mean=0.490106, stdev=0.139149, best fit=0.671700, best_overall=0.671700, mean_diversity=0.188734,
indivs=2060192, elapsed_secs=1529, mean=0.496233, stdev=0.151799, best fit=0.671700, best_overall=0.671700, mean_diversity=0.085836,
indivs=2070290, elapsed_secs=1538, mean=0.569921, stdev=0.161850, best fit=0.671700, best_overall=0.671700, mean_diversity=0.276740,
indivs=2080388, elapsed_secs=1544, mean=0.553298, stdev=0.078231, best fit=0.671700, best_overall=0.671700, mean_diversity=0.295879,
indivs=2090486, elapsed_secs=1552, mean=0.508079, stdev=0.036991, best fit=0.671700, best_overall=0.671700, mean_diversity=0.131504,
indivs=2100584, elapsed_secs=1561, mean=0.468178, stdev=0.077136, best fit=0.671700, best_overall=0.671700, mean_diversity=0.383008,
indivs=2110682, elapsed_secs=1569, mean=0.527700, stdev=0.061350, best fit=0.671700, best_overall=0.671700, mean_diversity=0.273956,
indivs=2120780, elapsed_secs=1577, mean=0.502520, stdev=0.036065, best fit=0.671700, best_overall=0.671700, mean_diversity=0.147261,
indivs=2130878, elapsed_secs=1585, mean=0.512045, stdev=0.135331, best fit=0.671700, best_overall=0.671700, mean_diversity=0.159489,
indivs=2140976, elapsed_secs=1592, mean=0.496717, stdev=0.052764, best fit=0.671700, best_overall=0.671700, mean_diversity=0.314900,
indivs=2151074, elapsed_secs=1601, mean=0.461547, stdev=0.129881, best fit=0.671700, best_overall=0.671700, mean_diversity=0.111552,
indivs=2161172, elapsed_secs=1609, mean=0.503063, stdev=0.035848, best fit=0.671700, best_overall=0.671700, mean_diversity=0.255041,
indivs=2171270, elapsed_secs=1617, mean=0.472682, stdev=0.084736, best fit=0.671700, best_overall=0.671700, mean_diversity=0.255865,
indivs=2181368, elapsed_secs=1625, mean=0.496072, stdev=0.081603, best fit=0.671700, best_overall=0.671700, mean_diversity=0.132418,
indivs=2191466, elapsed_secs=1634, mean=0.447618, stdev=0.194443, best fit=0.671700, best_overall=0.671700, mean_diversity=0.199240,
indivs=2201564, elapsed_secs=1641, mean=0.507238, stdev=0.090714, best fit=0.671700, best_overall=0.671700, mean_diversity=0.269248,
indivs=2211662, elapsed_secs=1650, mean=0.570641, stdev=0.079222, best fit=0.671700, best_overall=0.671700, mean_diversity=0.260879,
indivs=2221760, elapsed_secs=1657, mean=0.485914, stdev=0.061306, best fit=0.671700, best_overall=0.671700, mean_diversity=0.106441,
indivs=2231858, elapsed_secs=1666, mean=0.498537, stdev=0.112666, best fit=0.671700, best_overall=0.671700, mean_diversity=0.213728,
indivs=2241956, elapsed_secs=1675, mean=0.538520, stdev=0.138171, best fit=0.671700, best_overall=0.671700, mean_diversity=0.086194,
indivs=2252054, elapsed_secs=1682, mean=0.497533, stdev=0.054498, best fit=0.671700, best_overall=0.671700, mean_diversity=0.159060,
indivs=2262152, elapsed_secs=1691, mean=0.519988, stdev=0.114258, best fit=0.671700, best_overall=0.671700, mean_diversity=0.164314,
indivs=2272250, elapsed_secs=1698, mean=0.503159, stdev=0.171884, best fit=0.671700, best_overall=0.671700, mean_diversity=0.400490,
indivs=2282348, elapsed_secs=1704, mean=0.488295, stdev=0.071670, best fit=0.671700, best_overall=0.671700, mean_diversity=0.118280,
indivs=2292446, elapsed_secs=1713, mean=0.570588, stdev=0.174588, best fit=0.671700, best_overall=0.671700, mean_diversity=0.114583,
indivs=2302544, elapsed_secs=1719, mean=0.461823, stdev=0.126552, best fit=0.671700, best_overall=0.671700, mean_diversity=0.302567,
indivs=2312642, elapsed_secs=1728, mean=0.594246, stdev=0.151957, best fit=0.671700, best_overall=0.671700, mean_diversity=0.214646,
indivs=2322740, elapsed_secs=1736, mean=0.551745, stdev=0.193553, best fit=0.671700, best_overall=0.671700, mean_diversity=0.104612,
indivs=2332838, elapsed_secs=1745, mean=0.500052, stdev=0.023889, best fit=0.671700, best_overall=0.671700, mean_diversity=0.098256,
indivs=2342936, elapsed_secs=1753, mean=0.480996, stdev=0.087655, best fit=0.671700, best_overall=0.671700, mean_diversity=0.187083,
indivs=2353034, elapsed_secs=1759, mean=0.510224, stdev=0.124286, best fit=0.671700, best_overall=0.671700, mean_diversity=0.264044,
indivs=2363132, elapsed_secs=1768, mean=0.510239, stdev=0.120476, best fit=0.671700, best_overall=0.671700, mean_diversity=0.115980,
indivs=2373230, elapsed_secs=1779, mean=0.512963, stdev=0.040920, best fit=0.671700, best_overall=0.671700, mean_diversity=0.153783,
indivs=2383328, elapsed_secs=1788, mean=0.520730, stdev=0.107263, best fit=0.671700, best_overall=0.671700, mean_diversity=0.151392,
indivs=2393426, elapsed_secs=1797, mean=0.559315, stdev=0.123436, best fit=0.671700, best_overall=0.671700, mean_diversity=0.181529,
indivs=2403524, elapsed_secs=1807, mean=0.503982, stdev=0.023958, best fit=0.671700, best_overall=0.671700, mean_diversity=0.059396,
indivs=2413622, elapsed_secs=1813, mean=0.501217, stdev=0.017842, best fit=0.671700, best_overall=0.671700, mean_diversity=0.037091,
indivs=2423720, elapsed_secs=1820, mean=0.501717, stdev=0.017084, best fit=0.671700, best_overall=0.671700, mean_diversity=0.051690,
indivs=2433818, elapsed_secs=1827, mean=0.490317, stdev=0.072254, best fit=0.671700, best_overall=0.671700, mean_diversity=0.125009,
indivs=2443916, elapsed_secs=1833, mean=0.483426, stdev=0.074964, best fit=0.671700, best_overall=0.671700, mean_diversity=0.252775,
indivs=2454014, elapsed_secs=1843, mean=0.501717, stdev=0.017084, best fit=0.671700, best_overall=0.671700, mean_diversity=0.109095,
indivs=2464112, elapsed_secs=1851, mean=0.555484, stdev=0.107314, best fit=0.671700, best_overall=0.671700, mean_diversity=0.126562,
indivs=2474210, elapsed_secs=1861, mean=0.501921, stdev=0.069130, best fit=0.671700, best_overall=0.671700, mean_diversity=0.218501,
indivs=2484308, elapsed_secs=1867, mean=0.510530, stdev=0.052206, best fit=0.671700, best_overall=0.671700, mean_diversity=0.326652,
indivs=2494406, elapsed_secs=1875, mean=0.522507, stdev=0.098221, best fit=0.671700, best_overall=0.671700, mean_diversity=0.041784,
indivs=2504504, elapsed_secs=1883, mean=0.461747, stdev=0.128385, best fit=0.671700, best_overall=0.671700, mean_diversity=0.090548,
indivs=2514602, elapsed_secs=1890, mean=0.543100, stdev=0.077011, best fit=0.671700, best_overall=0.671700, mean_diversity=0.076695,
indivs=2524700, elapsed_secs=1898, mean=0.550405, stdev=0.087642, best fit=0.671700, best_overall=0.671700, mean_diversity=0.170338,
indivs=2534798, elapsed_secs=1906, mean=0.567815, stdev=0.130442, best fit=0.671700, best_overall=0.671700, mean_diversity=0.219893,
indivs=2544896, elapsed_secs=1912, mean=0.540172, stdev=0.132831, best fit=0.671700, best_overall=0.671700, mean_diversity=0.072644,
indivs=2554994, elapsed_secs=1920, mean=0.580332, stdev=0.116623, best fit=0.671700, best_overall=0.671700, mean_diversity=0.210592,
indivs=2565092, elapsed_secs=1927, mean=0.533988, stdev=0.034831, best fit=0.671700, best_overall=0.671700, mean_diversity=0.251285,
indivs=2575190, elapsed_secs=1934, mean=0.541073, stdev=0.093723, best fit=0.671700, best_overall=0.671700, mean_diversity=0.261942,
indivs=2585288, elapsed_secs=1942, mean=0.480430, stdev=0.088230, best fit=0.671700, best_overall=0.671700, mean_diversity=0.184738,
indivs=2595386, elapsed_secs=1948, mean=0.556350, stdev=0.076687, best fit=0.671700, best_overall=0.671700, mean_diversity=0.255056,
indivs=2605484, elapsed_secs=1955, mean=0.497004, stdev=0.089287, best fit=0.671700, best_overall=0.671700, mean_diversity=0.303949,
indivs=2615582, elapsed_secs=1962, mean=0.469890, stdev=0.089130, best fit=0.671700, best_overall=0.671700, mean_diversity=0.331517,
indivs=2625680, elapsed_secs=1970, mean=0.508080, stdev=0.120493, best fit=0.671700, best_overall=0.671700, mean_diversity=0.280421,
indivs=2635778, elapsed_secs=1977, mean=0.499525, stdev=0.033960, best fit=0.671700, best_overall=0.671700, mean_diversity=0.316616,
indivs=2645876, elapsed_secs=1987, mean=0.480420, stdev=0.098129, best fit=0.671700, best_overall=0.671700, mean_diversity=0.108718,
indivs=2655974, elapsed_secs=1995, mean=0.511065, stdev=0.069466, best fit=0.671700, best_overall=0.671700, mean_diversity=0.253723,
indivs=2666072, elapsed_secs=2003, mean=0.526572, stdev=0.071413, best fit=0.671700, best_overall=0.671700, mean_diversity=0.254225,
indivs=2676170, elapsed_secs=2011, mean=0.546043, stdev=0.095113, best fit=0.671700, best_overall=0.671700, mean_diversity=0.194205,
indivs=2686268, elapsed_secs=2017, mean=0.478908, stdev=0.097393, best fit=0.671700, best_overall=0.671700, mean_diversity=0.273571,
indivs=2696366, elapsed_secs=2024, mean=0.579186, stdev=0.165501, best fit=0.671700, best_overall=0.671700, mean_diversity=0.127642,
indivs=2706464, elapsed_secs=2032, mean=0.500464, stdev=0.025132, best fit=0.671700, best_overall=0.671700, mean_diversity=0.160357,
indivs=2716562, elapsed_secs=2039, mean=0.481013, stdev=0.060027, best fit=0.671700, best_overall=0.671700, mean_diversity=0.187578,
indivs=2726660, elapsed_secs=2048, mean=0.482260, stdev=0.098306, best fit=0.671700, best_overall=0.671700, mean_diversity=0.255584,
indivs=2736758, elapsed_secs=2059, mean=0.536088, stdev=0.140383, best fit=0.671700, best_overall=0.671700, mean_diversity=0.102213,
indivs=2746856, elapsed_secs=2068, mean=0.551918, stdev=0.139906, best fit=0.671700, best_overall=0.671700, mean_diversity=0.281129,
indivs=2756954, elapsed_secs=2075, mean=0.483199, stdev=0.070437, best fit=0.671700, best_overall=0.671700, mean_diversity=0.238639,
indivs=2767052, elapsed_secs=2083, mean=0.481582, stdev=0.078153, best fit=0.671700, best_overall=0.671700, mean_diversity=0.098160,
indivs=2777150, elapsed_secs=2091, mean=0.480153, stdev=0.128417, best fit=0.671700, best_overall=0.671700, mean_diversity=0.186463,
indivs=2787248, elapsed_secs=2101, mean=0.488896, stdev=0.090834, best fit=0.671700, best_overall=0.671700, mean_diversity=0.207874,
indivs=2797346, elapsed_secs=2110, mean=0.533415, stdev=0.077299, best fit=0.671700, best_overall=0.671700, mean_diversity=0.120260,
indivs=2807444, elapsed_secs=2116, mean=0.493013, stdev=0.056177, best fit=0.671700, best_overall=0.671700, mean_diversity=0.094627,
indivs=2817542, elapsed_secs=2124, mean=0.548647, stdev=0.093994, best fit=0.671700, best_overall=0.671700, mean_diversity=0.242720,
indivs=2827640, elapsed_secs=2132, mean=0.498344, stdev=0.093491, best fit=0.671700, best_overall=0.671700, mean_diversity=0.268717,
indivs=2837738, elapsed_secs=2139, mean=0.552786, stdev=0.114313, best fit=0.671700, best_overall=0.671700, mean_diversity=0.347895,
indivs=2847836, elapsed_secs=2146, mean=0.501344, stdev=0.017423, best fit=0.671700, best_overall=0.671700, mean_diversity=0.152230,
indivs=2857934, elapsed_secs=2153, mean=0.497085, stdev=0.027646, best fit=0.671700, best_overall=0.671700, mean_diversity=0.154357,
indivs=2868032, elapsed_secs=2159, mean=0.577296, stdev=0.131943, best fit=0.671700, best_overall=0.671700, mean_diversity=0.070018,
indivs=2878130, elapsed_secs=2167, mean=0.535482, stdev=0.157711, best fit=0.671700, best_overall=0.671700, mean_diversity=0.109204,
indivs=2888228, elapsed_secs=2174, mean=0.484346, stdev=0.118442, best fit=0.671700, best_overall=0.671700, mean_diversity=0.125000,
indivs=2898326, elapsed_secs=2180, mean=0.474594, stdev=0.099711, best fit=0.671700, best_overall=0.671700, mean_diversity=0.084522,
indivs=2908424, elapsed_secs=2188, mean=0.490688, stdev=0.054957, best fit=0.671700, best_overall=0.671700, mean_diversity=0.181047,
indivs=2918522, elapsed_secs=2197, mean=0.575173, stdev=0.084836, best fit=0.671700, best_overall=0.671700, mean_diversity=0.104372,
indivs=2928620, elapsed_secs=2204, mean=0.512800, stdev=0.107260, best fit=0.671700, best_overall=0.671700, mean_diversity=0.387176,
indivs=2938718, elapsed_secs=2211, mean=0.498294, stdev=0.119603, best fit=0.671700, best_overall=0.671700, mean_diversity=0.332514,
indivs=2948816, elapsed_secs=2219, mean=0.550347, stdev=0.152734, best fit=0.671700, best_overall=0.671700, mean_diversity=0.104479,
indivs=2958914, elapsed_secs=2227, mean=0.501717, stdev=0.017084, best fit=0.671700, best_overall=0.671700, mean_diversity=0.071120,
indivs=2969012, elapsed_secs=2234, mean=0.487438, stdev=0.026130, best fit=0.671700, best_overall=0.671700, mean_diversity=0.286429,
indivs=2979110, elapsed_secs=2243, mean=0.507937, stdev=0.067395, best fit=0.671700, best_overall=0.671700, mean_diversity=0.206444,
indivs=2989208, elapsed_secs=2253, mean=0.498733, stdev=0.084140, best fit=0.671700, best_overall=0.671700, mean_diversity=0.209637,
indivs=2999306, elapsed_secs=2260, mean=0.580966, stdev=0.102071, best fit=0.671700, best_overall=0.671700, mean_diversity=0.259384,
indivs=3009404, elapsed_secs=2267, mean=0.570848, stdev=0.084232, best fit=0.671700, best_overall=0.671700, mean_diversity=0.258321,
indivs=3019502, elapsed_secs=2274, mean=0.546892, stdev=0.125618, best fit=0.671700, best_overall=0.671700, mean_diversity=0.426164,
indivs=3029600, elapsed_secs=2281, mean=0.530668, stdev=0.060205, best fit=0.671700, best_overall=0.671700, mean_diversity=0.296995,
indivs=3039698, elapsed_secs=2288, mean=0.527321, stdev=0.118806, best fit=0.671700, best_overall=0.671700, mean_diversity=0.252347,
indivs=3049796, elapsed_secs=2297, mean=0.541009, stdev=0.183064, best fit=0.671700, best_overall=0.671700, mean_diversity=0.109629,
indivs=3059894, elapsed_secs=2307, mean=0.588810, stdev=0.132984, best fit=0.671700, best_overall=0.671700, mean_diversity=0.094630,
indivs=3069992, elapsed_secs=2318, mean=0.496717, stdev=0.052764, best fit=0.671700, best_overall=0.671700, mean_diversity=0.083254,
indivs=3080090, elapsed_secs=2326, mean=0.498586, stdev=0.087485, best fit=0.671700, best_overall=0.671700, mean_diversity=0.186469,
indivs=3090188, elapsed_secs=2336, mean=0.495713, stdev=0.053632, best fit=0.671700, best_overall=0.671700, mean_diversity=0.054095,
indivs=3100286, elapsed_secs=2345, mean=0.477327, stdev=0.087647, best fit=0.671700, best_overall=0.671700, mean_diversity=0.277635,
indivs=3110384, elapsed_secs=2352, mean=0.500265, stdev=0.018008, best fit=0.671700, best_overall=0.671700, mean_diversity=0.210928,
indivs=3120482, elapsed_secs=2358, mean=0.493180, stdev=0.073166, best fit=0.671700, best_overall=0.671700, mean_diversity=0.092805,
indivs=3130580, elapsed_secs=2366, mean=0.486383, stdev=0.112488, best fit=0.671700, best_overall=0.671700, mean_diversity=0.187708,
indivs=3140678, elapsed_secs=2374, mean=0.513990, stdev=0.029975, best fit=0.671700, best_overall=0.671700, mean_diversity=0.434846,
indivs=3150776, elapsed_secs=2382, mean=0.514226, stdev=0.111837, best fit=0.671700, best_overall=0.671700, mean_diversity=0.090027,
indivs=3160874, elapsed_secs=2392, mean=0.488520, stdev=0.089384, best fit=0.671700, best_overall=0.671700, mean_diversity=0.312720,
indivs=3170972, elapsed_secs=2402, mean=0.490305, stdev=0.062990, best fit=0.671700, best_overall=0.671700, mean_diversity=0.166162,
indivs=3181070, elapsed_secs=2409, mean=0.476665, stdev=0.099894, best fit=0.671700, best_overall=0.671700, mean_diversity=0.220149,
indivs=3191168, elapsed_secs=2417, mean=0.503991, stdev=0.095781, best fit=0.671700, best_overall=0.671700, mean_diversity=0.306374,
indivs=3201266, elapsed_secs=2425, mean=0.532805, stdev=0.105504, best fit=0.671700, best_overall=0.671700, mean_diversity=0.148906,
indivs=3211364, elapsed_secs=2433, mean=0.508285, stdev=0.036699, best fit=0.671700, best_overall=0.671700, mean_diversity=0.174273,
indivs=3221462, elapsed_secs=2440, mean=0.489916, stdev=0.056216, best fit=0.671700, best_overall=0.671700, mean_diversity=0.306973,
indivs=3231560, elapsed_secs=2447, mean=0.542517, stdev=0.074673, best fit=0.671700, best_overall=0.671700, mean_diversity=0.331883,
indivs=3241658, elapsed_secs=2455, mean=0.525311, stdev=0.187859, best fit=0.671700, best_overall=0.671700, mean_diversity=0.216039,
indivs=3251756, elapsed_secs=2465, mean=0.528271, stdev=0.184905, best fit=0.671700, best_overall=0.671700, mean_diversity=0.258233,
indivs=3261854, elapsed_secs=2472, mean=0.494958, stdev=0.075550, best fit=0.671700, best_overall=0.671700, mean_diversity=0.219961,
indivs=3271952, elapsed_secs=2478, mean=0.487107, stdev=0.057966, best fit=0.671700, best_overall=0.671700, mean_diversity=0.152448,
indivs=3282050, elapsed_secs=2486, mean=0.475006, stdev=0.103562, best fit=0.671700, best_overall=0.671700, mean_diversity=0.136421,
indivs=3292148, elapsed_secs=2493, mean=0.477351, stdev=0.125025, best fit=0.671700, best_overall=0.671700, mean_diversity=0.317915,
indivs=3302246, elapsed_secs=2502, mean=0.514970, stdev=0.074091, best fit=0.671700, best_overall=0.671700, mean_diversity=0.235924,
indivs=3312344, elapsed_secs=2508, mean=0.502379, stdev=0.024519, best fit=0.671700, best_overall=0.671700, mean_diversity=0.111836,
indivs=3322442, elapsed_secs=2515, mean=0.488438, stdev=0.087883, best fit=0.671700, best_overall=0.671700, mean_diversity=0.235680,
indivs=3332540, elapsed_secs=2521, mean=0.495915, stdev=0.052897, best fit=0.671700, best_overall=0.671700, mean_diversity=0.216957,
indivs=3342638, elapsed_secs=2530, mean=0.481412, stdev=0.128233, best fit=0.671700, best_overall=0.671700, mean_diversity=0.091858,
indivs=3352736, elapsed_secs=2538, mean=0.495649, stdev=0.080996, best fit=0.671700, best_overall=0.671700, mean_diversity=0.152890,
indivs=3362834, elapsed_secs=2546, mean=0.498609, stdev=0.019578, best fit=0.671700, best_overall=0.671700, mean_diversity=0.396678,
indivs=3372932, elapsed_secs=2554, mean=0.505357, stdev=0.119491, best fit=0.671700, best_overall=0.671700, mean_diversity=0.306181,
indivs=3383030, elapsed_secs=2562, mean=0.534424, stdev=0.087861, best fit=0.671700, best_overall=0.671700, mean_diversity=0.323655,
indivs=3393128, elapsed_secs=2571, mean=0.543828, stdev=0.057315, best fit=0.671700, best_overall=0.671700, mean_diversity=0.229629,
indivs=3403226, elapsed_secs=2581, mean=0.484262, stdev=0.087404, best fit=0.671700, best_overall=0.671700, mean_diversity=0.198035,
indivs=3413324, elapsed_secs=2593, mean=0.494786, stdev=0.052960, best fit=0.671700, best_overall=0.671700, mean_diversity=0.268085,
indivs=3423422, elapsed_secs=2600, mean=0.556410, stdev=0.078534, best fit=0.671700, best_overall=0.671700, mean_diversity=0.071939,
indivs=3433520, elapsed_secs=2608, mean=0.489024, stdev=0.118578, best fit=0.671700, best_overall=0.671700, mean_diversity=0.252948,
indivs=3443618, elapsed_secs=2618, mean=0.529945, stdev=0.061308, best fit=0.671700, best_overall=0.671700, mean_diversity=0.218853,
indivs=3453716, elapsed_secs=2625, mean=0.499063, stdev=0.058386, best fit=0.671700, best_overall=0.671700, mean_diversity=0.091517,
indivs=3463814, elapsed_secs=2633, mean=0.488651, stdev=0.063886, best fit=0.671700, best_overall=0.671700, mean_diversity=0.485920,
indivs=3473912, elapsed_secs=2640, mean=0.545514, stdev=0.188998, best fit=0.671700, best_overall=0.671700, mean_diversity=0.159069,
indivs=3484010, elapsed_secs=2649, mean=0.476087, stdev=0.110710, best fit=0.671700, best_overall=0.671700, mean_diversity=0.348149,
indivs=3494108, elapsed_secs=2656, mean=0.529362, stdev=0.066405, best fit=0.671700, best_overall=0.671700, mean_diversity=0.168142,
indivs=3504206, elapsed_secs=2663, mean=0.501748, stdev=0.017084, best fit=0.671700, best_overall=0.671700, mean_diversity=0.092578,
indivs=3514304, elapsed_secs=2668, mean=0.490342, stdev=0.137286, best fit=0.671700, best_overall=0.671700, mean_diversity=0.275870,
indivs=3524402, elapsed_secs=2675, mean=0.487993, stdev=0.057416, best fit=0.671700, best_overall=0.671700, mean_diversity=0.463306,
indivs=3534500, elapsed_secs=2681, mean=0.500437, stdev=0.018134, best fit=0.671700, best_overall=0.671700, mean_diversity=0.105966,
indivs=3544598, elapsed_secs=2688, mean=0.516660, stdev=0.055758, best fit=0.671700, best_overall=0.671700, mean_diversity=0.136795,
indivs=3554696, elapsed_secs=2697, mean=0.452181, stdev=0.145004, best fit=0.671700, best_overall=0.671700, mean_diversity=0.087670,
indivs=3564794, elapsed_secs=2704, mean=0.487400, stdev=0.075816, best fit=0.671700, best_overall=0.671700, mean_diversity=0.343595,
indivs=3574892, elapsed_secs=2717, mean=0.487725, stdev=0.082123, best fit=0.671700, best_overall=0.671700, mean_diversity=0.369298,
indivs=3584990, elapsed_secs=2726, mean=0.471401, stdev=0.109036, best fit=0.671700, best_overall=0.671700, mean_diversity=0.113864,
indivs=3595088, elapsed_secs=2734, mean=0.491219, stdev=0.072287, best fit=0.671700, best_overall=0.671700, mean_diversity=0.259727,
indivs=3605186, elapsed_secs=2742, mean=0.466537, stdev=0.120616, best fit=0.671700, best_overall=0.671700, mean_diversity=0.214623,
indivs=3615284, elapsed_secs=2751, mean=0.495494, stdev=0.022804, best fit=0.671700, best_overall=0.671700, mean_diversity=0.237171,
indivs=3625382, elapsed_secs=2758, mean=0.577294, stdev=0.101415, best fit=0.671700, best_overall=0.671700, mean_diversity=0.292961,
indivs=3635480, elapsed_secs=2765, mean=0.481371, stdev=0.087295, best fit=0.671700, best_overall=0.671700, mean_diversity=0.236535,
indivs=3645578, elapsed_secs=2771, mean=0.486985, stdev=0.041178, best fit=0.671700, best_overall=0.671700, mean_diversity=0.207124,
indivs=3655676, elapsed_secs=2777, mean=0.486717, stdev=0.087283, best fit=0.671700, best_overall=0.671700, mean_diversity=0.404834,
indivs=3665774, elapsed_secs=2783, mean=0.474142, stdev=0.088432, best fit=0.671700, best_overall=0.671700, mean_diversity=0.192046,
indivs=3675872, elapsed_secs=2791, mean=0.531557, stdev=0.137114, best fit=0.671700, best_overall=0.671700, mean_diversity=0.231657,
indivs=3685970, elapsed_secs=2799, mean=0.478687, stdev=0.087637, best fit=0.671700, best_overall=0.671700, mean_diversity=0.124069,
indivs=3696068, elapsed_secs=2808, mean=0.501717, stdev=0.017084, best fit=0.671700, best_overall=0.671700, mean_diversity=0.054182,
indivs=3706166, elapsed_secs=2817, mean=0.498562, stdev=0.055812, best fit=0.671700, best_overall=0.671700, mean_diversity=0.083682,
indivs=3716264, elapsed_secs=2825, mean=0.425844, stdev=0.179857, best fit=0.671700, best_overall=0.671700, mean_diversity=0.188277,
indivs=3726362, elapsed_secs=2831, mean=0.466415, stdev=0.122325, best fit=0.671700, best_overall=0.671700, mean_diversity=0.221811,
indivs=3736460, elapsed_secs=2839, mean=0.503347, stdev=0.023437, best fit=0.671700, best_overall=0.671700, mean_diversity=0.053994,
indivs=3746558, elapsed_secs=2848, mean=0.481957, stdev=0.088527, best fit=0.671700, best_overall=0.671700, mean_diversity=0.262175,
indivs=3756656, elapsed_secs=2856, mean=0.488460, stdev=0.072873, best fit=0.671700, best_overall=0.671700, mean_diversity=0.184719,
indivs=3766754, elapsed_secs=2866, mean=0.504419, stdev=0.020935, best fit=0.671700, best_overall=0.671700, mean_diversity=0.109050,
indivs=3776852, elapsed_secs=2874, mean=0.513804, stdev=0.069784, best fit=0.671700, best_overall=0.671700, mean_diversity=0.220937,
indivs=3786950, elapsed_secs=2881, mean=0.556303, stdev=0.124994, best fit=0.671700, best_overall=0.671700, mean_diversity=0.225056,
indivs=3797048, elapsed_secs=2889, mean=0.499791, stdev=0.018373, best fit=0.671700, best_overall=0.671700, mean_diversity=0.204247,
indivs=3807146, elapsed_secs=2896, mean=0.520224, stdev=0.108311, best fit=0.671700, best_overall=0.671700, mean_diversity=0.511032,
indivs=3817244, elapsed_secs=2904, mean=0.499705, stdev=0.039763, best fit=0.671700, best_overall=0.671700, mean_diversity=0.125206,
indivs=3827342, elapsed_secs=2914, mean=0.472138, stdev=0.080539, best fit=0.671700, best_overall=0.671700, mean_diversity=0.343333,
indivs=3837440, elapsed_secs=2923, mean=0.524628, stdev=0.143022, best fit=0.671700, best_overall=0.671700, mean_diversity=0.179968,
indivs=3847538, elapsed_secs=2931, mean=0.497808, stdev=0.059468, best fit=0.671700, best_overall=0.671700, mean_diversity=0.292093,
indivs=3857636, elapsed_secs=2939, mean=0.583270, stdev=0.144058, best fit=0.671700, best_overall=0.671700, mean_diversity=0.167565,
indivs=3867734, elapsed_secs=2948, mean=0.614643, stdev=0.085296, best fit=0.671700, best_overall=0.671700, mean_diversity=0.137620,
indivs=3877832, elapsed_secs=2956, mean=0.499573, stdev=0.106790, best fit=0.671700, best_overall=0.671700, mean_diversity=0.268974,
indivs=3887930, elapsed_secs=2962, mean=0.510128, stdev=0.048244, best fit=0.671700, best_overall=0.671700, mean_diversity=0.232100,
indivs=3898028, elapsed_secs=2969, mean=0.580580, stdev=0.166462, best fit=0.671700, best_overall=0.671700, mean_diversity=0.095774,
indivs=3908126, elapsed_secs=2978, mean=0.498405, stdev=0.055473, best fit=0.671700, best_overall=0.671700, mean_diversity=0.061396,
indivs=3918224, elapsed_secs=2987, mean=0.540684, stdev=0.071389, best fit=0.671700, best_overall=0.671700, mean_diversity=0.249616,
indivs=3928322, elapsed_secs=2995, mean=0.499652, stdev=0.026365, best fit=0.671700, best_overall=0.671700, mean_diversity=0.199722,
indivs=3938420, elapsed_secs=3003, mean=0.509458, stdev=0.061305, best fit=0.671700, best_overall=0.671700, mean_diversity=0.340000,
indivs=3948518, elapsed_secs=3010, mean=0.507090, stdev=0.113396, best fit=0.671700, best_overall=0.671700, mean_diversity=0.065761,
indivs=3958616, elapsed_secs=3019, mean=0.598355, stdev=0.099570, best fit=0.671700, best_overall=0.671700, mean_diversity=0.151929,
indivs=3968714, elapsed_secs=3027, mean=0.534908, stdev=0.116087, best fit=0.671700, best_overall=0.671700, mean_diversity=0.092636,
indivs=3978812, elapsed_secs=3034, mean=0.480999, stdev=0.100160, best fit=0.671700, best_overall=0.671700, mean_diversity=0.298724,
indivs=3988910, elapsed_secs=3042, mean=0.498846, stdev=0.038858, best fit=0.671700, best_overall=0.671700, mean_diversity=0.310000,
indivs=3999008, elapsed_secs=3050, mean=0.509514, stdev=0.081643, best fit=0.671700, best_overall=0.671700, mean_diversity=0.198866,
indivs=4009106, elapsed_secs=3057, mean=0.579748, stdev=0.119202, best fit=0.671700, best_overall=0.671700, mean_diversity=0.123053,
indivs=4019204, elapsed_secs=3067, mean=0.408490, stdev=0.131696, best fit=0.671800, best_overall=0.671800, mean_diversity=0.302148,
indivs=4029302, elapsed_secs=3080, mean=0.528287, stdev=0.144605, best fit=0.671800, best_overall=0.671800, mean_diversity=0.183660,
indivs=4039400, elapsed_secs=3088, mean=0.566994, stdev=0.143848, best fit=0.671800, best_overall=0.671800, mean_diversity=0.264602,
indivs=4049498, elapsed_secs=3098, mean=0.484095, stdev=0.090378, best fit=0.671800, best_overall=0.671800, mean_diversity=0.219459,
indivs=4059596, elapsed_secs=3107, mean=0.505833, stdev=0.083509, best fit=0.671800, best_overall=0.671800, mean_diversity=0.241452,
indivs=4069694, elapsed_secs=3116, mean=0.516051, stdev=0.076276, best fit=0.671800, best_overall=0.671800, mean_diversity=0.185818,
indivs=4079792, elapsed_secs=3125, mean=0.582987, stdev=0.131128, best fit=0.671800, best_overall=0.671800, mean_diversity=0.209756,
indivs=4089890, elapsed_secs=3134, mean=0.526812, stdev=0.103170, best fit=0.671800, best_overall=0.671800, mean_diversity=0.189373,
indivs=4099988, elapsed_secs=3142, mean=0.503219, stdev=0.129843, best fit=0.671800, best_overall=0.671800, mean_diversity=0.204142,
indivs=4110086, elapsed_secs=3152, mean=0.526742, stdev=0.132359, best fit=0.671800, best_overall=0.671800, mean_diversity=0.224314,
indivs=4120184, elapsed_secs=3161, mean=0.539202, stdev=0.125727, best fit=0.671800, best_overall=0.671800, mean_diversity=0.251923,
indivs=4130282, elapsed_secs=3170, mean=0.517950, stdev=0.121853, best fit=0.671800, best_overall=0.671800, mean_diversity=0.204380,
indivs=4140380, elapsed_secs=3180, mean=0.518576, stdev=0.052942, best fit=0.671800, best_overall=0.671800, mean_diversity=0.235351,
indivs=4150478, elapsed_secs=3188, mean=0.501717, stdev=0.017094, best fit=0.671800, best_overall=0.671800, mean_diversity=0.120170,
indivs=4160576, elapsed_secs=3198, mean=0.488146, stdev=0.082345, best fit=0.671800, best_overall=0.671800, mean_diversity=0.316587,
indivs=4170674, elapsed_secs=3208, mean=0.543830, stdev=0.129597, best fit=0.671800, best_overall=0.671800, mean_diversity=0.126684,
indivs=4180772, elapsed_secs=3217, mean=0.531311, stdev=0.070308, best fit=0.671800, best_overall=0.671800, mean_diversity=0.304124,
indivs=4190870, elapsed_secs=3227, mean=0.507391, stdev=0.095367, best fit=0.671800, best_overall=0.671800, mean_diversity=0.236524,
indivs=4200968, elapsed_secs=3235, mean=0.500367, stdev=0.078402, best fit=0.671800, best_overall=0.671800, mean_diversity=0.267441,
indivs=4211066, elapsed_secs=3243, mean=0.474377, stdev=0.132818, best fit=0.671800, best_overall=0.671800, mean_diversity=0.453865,
indivs=4221164, elapsed_secs=3253, mean=0.511634, stdev=0.068602, best fit=0.671800, best_overall=0.671800, mean_diversity=0.281323,
indivs=4231262, elapsed_secs=3261, mean=0.595511, stdev=0.164639, best fit=0.671800, best_overall=0.671800, mean_diversity=0.239957,
indivs=4241360, elapsed_secs=3271, mean=0.490216, stdev=0.060079, best fit=0.671800, best_overall=0.671800, mean_diversity=0.364957,
indivs=4251458, elapsed_secs=3279, mean=0.518245, stdev=0.097868, best fit=0.671800, best_overall=0.671800, mean_diversity=0.257894,
indivs=4261556, elapsed_secs=3288, mean=0.573370, stdev=0.103185, best fit=0.671800, best_overall=0.671800, mean_diversity=0.346488,
indivs=4271654, elapsed_secs=3297, mean=0.544805, stdev=0.071406, best fit=0.671800, best_overall=0.671800, mean_diversity=0.111159,
indivs=4281752, elapsed_secs=3307, mean=0.492238, stdev=0.215000, best fit=0.671800, best_overall=0.671800, mean_diversity=0.104371,
indivs=4291850, elapsed_secs=3315, mean=0.501218, stdev=0.017851, best fit=0.671800, best_overall=0.671800, mean_diversity=0.072951,
indivs=4301948, elapsed_secs=3323, mean=0.623523, stdev=0.075057, best fit=0.671800, best_overall=0.671800, mean_diversity=0.156027,
indivs=4312046, elapsed_secs=3333, mean=0.534871, stdev=0.107197, best fit=0.671800, best_overall=0.671800, mean_diversity=0.108762,
indivs=4322144, elapsed_secs=3342, mean=0.504675, stdev=0.087030, best fit=0.671800, best_overall=0.671800, mean_diversity=0.207226,
indivs=4332242, elapsed_secs=3350, mean=0.501718, stdev=0.017094, best fit=0.671800, best_overall=0.671800, mean_diversity=0.111973,
indivs=4342340, elapsed_secs=3360, mean=0.499142, stdev=0.030331, best fit=0.671800, best_overall=0.671800, mean_diversity=0.099823,
indivs=4352438, elapsed_secs=3368, mean=0.603733, stdev=0.164008, best fit=0.671800, best_overall=0.671800, mean_diversity=0.063253,
indivs=4362536, elapsed_secs=3378, mean=0.548629, stdev=0.104106, best fit=0.671800, best_overall=0.671800, mean_diversity=0.291239,
indivs=4372634, elapsed_secs=3386, mean=0.548827, stdev=0.180951, best fit=0.671800, best_overall=0.671800, mean_diversity=0.166530,
indivs=4382732, elapsed_secs=3394, mean=0.496718, stdev=0.052767, best fit=0.671800, best_overall=0.671800, mean_diversity=0.206896,
indivs=4392830, elapsed_secs=3405, mean=0.613496, stdev=0.114545, best fit=0.671800, best_overall=0.671800, mean_diversity=0.152169,
indivs=4402928, elapsed_secs=3414, mean=0.527023, stdev=0.085937, best fit=0.671800, best_overall=0.671800, mean_diversity=0.298589,
indivs=4413026, elapsed_secs=3422, mean=0.459044, stdev=0.144350, best fit=0.671800, best_overall=0.671800, mean_diversity=0.148911,
indivs=4423124, elapsed_secs=3431, mean=0.579784, stdev=0.081464, best fit=0.671800, best_overall=0.671800, mean_diversity=0.282835,
indivs=4433222, elapsed_secs=3440, mean=0.482093, stdev=0.097469, best fit=0.671800, best_overall=0.671800, mean_diversity=0.295649,
indivs=4443320, elapsed_secs=3450, mean=0.479118, stdev=0.126874, best fit=0.671800, best_overall=0.671800, mean_diversity=0.170225,
indivs=4453418, elapsed_secs=3458, mean=0.505463, stdev=0.132778, best fit=0.671800, best_overall=0.671800, mean_diversity=0.171473,
indivs=4463516, elapsed_secs=3466, mean=0.498776, stdev=0.061360, best fit=0.671800, best_overall=0.671800, mean_diversity=0.262889,
indivs=4473614, elapsed_secs=3475, mean=0.575008, stdev=0.145646, best fit=0.671800, best_overall=0.671800, mean_diversity=0.334543,
indivs=4483712, elapsed_secs=3483, mean=0.505322, stdev=0.030970, best fit=0.671800, best_overall=0.671800, mean_diversity=0.138591,
indivs=4493810, elapsed_secs=3492, mean=0.577023, stdev=0.098080, best fit=0.671800, best_overall=0.671800, mean_diversity=0.255955,
indivs=4503908, elapsed_secs=3501, mean=0.564397, stdev=0.187970, best fit=0.671800, best_overall=0.671800, mean_diversity=0.163178,
indivs=4514006, elapsed_secs=3510, mean=0.529741, stdev=0.087786, best fit=0.671800, best_overall=0.671800, mean_diversity=0.162865,
indivs=4524104, elapsed_secs=3518, mean=0.554046, stdev=0.073625, best fit=0.671800, best_overall=0.671800, mean_diversity=0.313132,
indivs=4534202, elapsed_secs=3526, mean=0.496554, stdev=0.097866, best fit=0.671800, best_overall=0.671800, mean_diversity=0.258916,
indivs=4544300, elapsed_secs=3535, mean=0.554009, stdev=0.131170, best fit=0.671800, best_overall=0.671800, mean_diversity=0.235789,
indivs=4554398, elapsed_secs=3543, mean=0.512058, stdev=0.149880, best fit=0.671800, best_overall=0.671800, mean_diversity=0.273508,
indivs=4564496, elapsed_secs=3553, mean=0.445378, stdev=0.120970, best fit=0.671800, best_overall=0.671800, mean_diversity=0.240625,
indivs=4574594, elapsed_secs=3562, mean=0.496647, stdev=0.052814, best fit=0.671800, best_overall=0.671800, mean_diversity=0.107433,
indivs=4584692, elapsed_secs=3571, mean=0.605022, stdev=0.099636, best fit=0.671800, best_overall=0.671800, mean_diversity=0.149005,
indivs=4594790, elapsed_secs=3580, mean=0.490118, stdev=0.056335, best fit=0.671800, best_overall=0.671800, mean_diversity=0.188971,
indivs=4604888, elapsed_secs=3588, mean=0.501718, stdev=0.017094, best fit=0.671800, best_overall=0.671800, mean_diversity=0.058023,
indivs=4614986, elapsed_secs=3599, mean=0.474252, stdev=0.174318, best fit=0.671800, best_overall=0.671800, mean_diversity=0.115669,
indivs=4625084, elapsed_secs=3606, mean=0.499025, stdev=0.058325, best fit=0.671800, best_overall=0.671800, mean_diversity=0.397890,
indivs=4635182, elapsed_secs=3615, mean=0.534913, stdev=0.112588, best fit=0.671800, best_overall=0.671800, mean_diversity=0.239344,
indivs=4645280, elapsed_secs=3623, mean=0.585199, stdev=0.105220, best fit=0.671800, best_overall=0.671800, mean_diversity=0.155428,
indivs=4655378, elapsed_secs=3632, mean=0.481547, stdev=0.172900, best fit=0.671800, best_overall=0.671800, mean_diversity=0.246000,
indivs=4665476, elapsed_secs=3639, mean=0.543162, stdev=0.094506, best fit=0.671800, best_overall=0.671800, mean_diversity=0.241494,
indivs=4675574, elapsed_secs=3647, mean=0.562547, stdev=0.115805, best fit=0.671800, best_overall=0.671800, mean_diversity=0.362157,
indivs=4685672, elapsed_secs=3656, mean=0.503203, stdev=0.024549, best fit=0.671800, best_overall=0.671800, mean_diversity=0.299474,
indivs=4695770, elapsed_secs=3665, mean=0.508038, stdev=0.041424, best fit=0.671800, best_overall=0.671800, mean_diversity=0.088212,
indivs=4705868, elapsed_secs=3672, mean=0.526365, stdev=0.178439, best fit=0.671800, best_overall=0.671800, mean_diversity=0.260222,
indivs=4715966, elapsed_secs=3682, mean=0.501460, stdev=0.017311, best fit=0.671800, best_overall=0.671800, mean_diversity=0.282724,
indivs=4726064, elapsed_secs=3689, mean=0.529033, stdev=0.068180, best fit=0.671800, best_overall=0.671800, mean_diversity=0.160665,
indivs=4736162, elapsed_secs=3699, mean=0.556294, stdev=0.097991, best fit=0.671800, best_overall=0.671800, mean_diversity=0.209132,
indivs=4746260, elapsed_secs=3708, mean=0.532910, stdev=0.132227, best fit=0.671800, best_overall=0.671800, mean_diversity=0.307570,
indivs=4756358, elapsed_secs=3718, mean=0.493779, stdev=0.053903, best fit=0.671800, best_overall=0.671800, mean_diversity=0.171337,
indivs=4766456, elapsed_secs=3726, mean=0.499918, stdev=0.159425, best fit=0.671800, best_overall=0.671800, mean_diversity=0.299235,
indivs=4776554, elapsed_secs=3734, mean=0.524992, stdev=0.119964, best fit=0.671800, best_overall=0.671800, mean_diversity=0.351373,
indivs=4786652, elapsed_secs=3742, mean=0.536292, stdev=0.091335, best fit=0.671800, best_overall=0.671800, mean_diversity=0.329886,
indivs=4796750, elapsed_secs=3749, mean=0.537318, stdev=0.120543, best fit=0.671800, best_overall=0.671800, mean_diversity=0.305663,
indivs=4806848, elapsed_secs=3758, mean=0.518649, stdev=0.095912, best fit=0.671800, best_overall=0.671800, mean_diversity=0.477251,
indivs=4816946, elapsed_secs=3766, mean=0.501722, stdev=0.017094, best fit=0.671800, best_overall=0.671800, mean_diversity=0.108077,
indivs=4827044, elapsed_secs=3813, mean=0.548989, stdev=0.125964, best fit=0.671800, best_overall=0.671800, mean_diversity=0.389042,
indivs=4837142, elapsed_secs=3833, mean=0.532619, stdev=0.062241, best fit=0.683800, best_overall=0.683800, mean_diversity=0.451793,
indivs=4847240, elapsed_secs=3854, mean=0.584699, stdev=0.109361, best fit=0.683800, best_overall=0.683800, mean_diversity=0.137086,
indivs=4857338, elapsed_secs=3878, mean=0.553220, stdev=0.081663, best fit=0.687400, best_overall=0.687400, mean_diversity=0.353904,
indivs=4867436, elapsed_secs=3903, mean=0.578415, stdev=0.093737, best fit=0.687700, best_overall=0.687700, mean_diversity=0.246552,
indivs=4877534, elapsed_secs=3927, mean=0.552121, stdev=0.076936, best fit=0.687700, best_overall=0.687700, mean_diversity=0.240905,
indivs=4887632, elapsed_secs=3945, mean=0.492279, stdev=0.074185, best fit=0.687700, best_overall=0.687700, mean_diversity=0.180931,
indivs=4897730, elapsed_secs=3973, mean=0.492729, stdev=0.109346, best fit=0.689300, best_overall=0.689300, mean_diversity=0.279218,
indivs=4907828, elapsed_secs=4012, mean=0.597791, stdev=0.159902, best fit=0.689900, best_overall=0.689900, mean_diversity=0.077599,
indivs=4917926, elapsed_secs=4045, mean=0.582035, stdev=0.085408, best fit=0.689900, best_overall=0.689900, mean_diversity=0.193010,
indivs=4928024, elapsed_secs=4078, mean=0.531769, stdev=0.133410, best fit=0.689900, best_overall=0.689900, mean_diversity=0.368421,
indivs=4938122, elapsed_secs=4109, mean=0.464654, stdev=0.091836, best fit=0.689900, best_overall=0.689900, mean_diversity=0.246895,
indivs=4948220, elapsed_secs=4138, mean=0.574112, stdev=0.101242, best fit=0.689900, best_overall=0.689900, mean_diversity=0.196790,
indivs=4958318, elapsed_secs=4169, mean=0.565679, stdev=0.072747, best fit=0.689900, best_overall=0.689900, mean_diversity=0.186362,
indivs=4968416, elapsed_secs=4200, mean=0.525226, stdev=0.084092, best fit=0.689900, best_overall=0.689900, mean_diversity=0.319869,
indivs=4978514, elapsed_secs=4233, mean=0.503203, stdev=0.022812, best fit=0.689900, best_overall=0.689900, mean_diversity=0.056100,
indivs=4988612, elapsed_secs=4265, mean=0.603420, stdev=0.083092, best fit=0.690500, best_overall=0.690500, mean_diversity=0.118099,
indivs=4998710, elapsed_secs=4297, mean=0.599480, stdev=0.088573, best fit=0.690500, best_overall=0.690500, mean_diversity=0.221425,
indivs=5008808, elapsed_secs=4326, mean=0.528643, stdev=0.106252, best fit=0.690500, best_overall=0.690500, mean_diversity=0.244654,
indivs=5018906, elapsed_secs=4352, mean=0.595826, stdev=0.089017, best fit=0.690500, best_overall=0.690500, mean_diversity=0.311148,
indivs=5029004, elapsed_secs=4385, mean=0.569268, stdev=0.176195, best fit=0.690500, best_overall=0.690500, mean_diversity=0.139078,
indivs=5039102, elapsed_secs=4413, mean=0.607862, stdev=0.104559, best fit=0.690500, best_overall=0.690500, mean_diversity=0.233664,
indivs=5049200, elapsed_secs=4439, mean=0.584656, stdev=0.138708, best fit=0.690500, best_overall=0.690500, mean_diversity=0.184104,
indivs=5059298, elapsed_secs=4468, mean=0.486895, stdev=0.087705, best fit=0.690500, best_overall=0.690500, mean_diversity=0.198269,
indivs=5069396, elapsed_secs=4498, mean=0.479934, stdev=0.094191, best fit=0.690500, best_overall=0.690500, mean_diversity=0.106528,
indivs=5079494, elapsed_secs=4528, mean=0.539345, stdev=0.093755, best fit=0.690500, best_overall=0.690500, mean_diversity=0.194539,
indivs=5089592, elapsed_secs=4559, mean=0.457432, stdev=0.165327, best fit=0.690500, best_overall=0.690500, mean_diversity=0.331237,
indivs=5099690, elapsed_secs=4583, mean=0.500460, stdev=0.108006, best fit=0.690500, best_overall=0.690500, mean_diversity=0.126286,
indivs=5109788, elapsed_secs=4610, mean=0.540575, stdev=0.106630, best fit=0.690500, best_overall=0.690500, mean_diversity=0.215559,
indivs=5119886, elapsed_secs=4638, mean=0.524355, stdev=0.063209, best fit=0.691300, best_overall=0.691300, mean_diversity=0.237862,
indivs=5129984, elapsed_secs=4662, mean=0.501913, stdev=0.019034, best fit=0.691300, best_overall=0.691300, mean_diversity=0.108553,
indivs=5140082, elapsed_secs=4695, mean=0.500196, stdev=0.044334, best fit=0.691300, best_overall=0.691300, mean_diversity=0.185949,
indivs=5150180, elapsed_secs=4722, mean=0.553429, stdev=0.133482, best fit=0.691800, best_overall=0.691800, mean_diversity=0.193230,
indivs=5160278, elapsed_secs=4747, mean=0.523249, stdev=0.100063, best fit=0.691800, best_overall=0.691800, mean_diversity=0.307339,
indivs=5170376, elapsed_secs=4772, mean=0.593984, stdev=0.143002, best fit=0.691800, best_overall=0.691800, mean_diversity=0.229504,
indivs=5180474, elapsed_secs=4794, mean=0.515124, stdev=0.041046, best fit=0.691800, best_overall=0.691800, mean_diversity=0.281551,
indivs=5190572, elapsed_secs=4817, mean=0.460999, stdev=0.159690, best fit=0.691800, best_overall=0.691800, mean_diversity=0.224324,
indivs=5200670, elapsed_secs=4841, mean=0.437982, stdev=0.123193, best fit=0.691800, best_overall=0.691800, mean_diversity=0.195932,
indivs=5210768, elapsed_secs=4863, mean=0.498931, stdev=0.130102, best fit=0.691800, best_overall=0.691800, mean_diversity=0.245235,
indivs=5220866, elapsed_secs=4884, mean=0.520163, stdev=0.053136, best fit=0.691800, best_overall=0.691800, mean_diversity=0.407552,
indivs=5230964, elapsed_secs=4906, mean=0.580023, stdev=0.134040, best fit=0.691800, best_overall=0.691800, mean_diversity=0.207749,
indivs=5241062, elapsed_secs=4924, mean=0.521511, stdev=0.055913, best fit=0.691800, best_overall=0.691800, mean_diversity=0.362797,
indivs=5251160, elapsed_secs=4943, mean=0.524160, stdev=0.078881, best fit=0.691800, best_overall=0.691800, mean_diversity=0.218381,
indivs=5261258, elapsed_secs=4965, mean=0.535663, stdev=0.057574, best fit=0.691800, best_overall=0.691800, mean_diversity=0.377903,
indivs=5271356, elapsed_secs=4985, mean=0.589047, stdev=0.108067, best fit=0.691800, best_overall=0.691800, mean_diversity=0.094840,
indivs=5281454, elapsed_secs=5008, mean=0.535484, stdev=0.103978, best fit=0.691800, best_overall=0.691800, mean_diversity=0.280350,
indivs=5291552, elapsed_secs=5030, mean=0.536952, stdev=0.156047, best fit=0.691800, best_overall=0.691800, mean_diversity=0.143801,
indivs=5301650, elapsed_secs=5051, mean=0.536228, stdev=0.053376, best fit=0.691800, best_overall=0.691800, mean_diversity=0.190812,
indivs=5311748, elapsed_secs=5072, mean=0.489657, stdev=0.091789, best fit=0.691800, best_overall=0.691800, mean_diversity=0.254766,
indivs=5321846, elapsed_secs=5094, mean=0.510526, stdev=0.043822, best fit=0.691800, best_overall=0.691800, mean_diversity=0.128246,
indivs=5331944, elapsed_secs=5115, mean=0.548950, stdev=0.120229, best fit=0.691800, best_overall=0.691800, mean_diversity=0.133387,
indivs=5342042, elapsed_secs=5137, mean=0.502346, stdev=0.047813, best fit=0.691800, best_overall=0.691800, mean_diversity=0.137991,
indivs=5352140, elapsed_secs=5156, mean=0.582645, stdev=0.109576, best fit=0.691800, best_overall=0.691800, mean_diversity=0.315706,
indivs=5362238, elapsed_secs=5182, mean=0.548499, stdev=0.091407, best fit=0.691800, best_overall=0.691800, mean_diversity=0.207616,
indivs=5372336, elapsed_secs=5203, mean=0.512818, stdev=0.046744, best fit=0.691800, best_overall=0.691800, mean_diversity=0.150753,
indivs=5382434, elapsed_secs=5225, mean=0.606241, stdev=0.101936, best fit=0.691800, best_overall=0.691800, mean_diversity=0.166617,
indivs=5392532, elapsed_secs=5248, mean=0.515605, stdev=0.134885, best fit=0.693500, best_overall=0.693500, mean_diversity=0.174639,
indivs=5402630, elapsed_secs=5271, mean=0.579852, stdev=0.092153, best fit=0.693500, best_overall=0.693500, mean_diversity=0.104434,
indivs=5412728, elapsed_secs=5302, mean=0.573823, stdev=0.104203, best fit=0.693500, best_overall=0.693500, mean_diversity=0.247313,
indivs=5422826, elapsed_secs=5325, mean=0.541013, stdev=0.095042, best fit=0.693500, best_overall=0.693500, mean_diversity=0.126347,
indivs=5432924, elapsed_secs=5348, mean=0.578996, stdev=0.117084, best fit=0.693500, best_overall=0.693500, mean_diversity=0.169495,
indivs=5443022, elapsed_secs=5372, mean=0.532100, stdev=0.121499, best fit=0.693500, best_overall=0.693500, mean_diversity=0.175272,
indivs=5453120, elapsed_secs=5391, mean=0.532157, stdev=0.103108, best fit=0.693500, best_overall=0.693500, mean_diversity=0.286456,
indivs=5463218, elapsed_secs=5413, mean=0.561894, stdev=0.115912, best fit=0.693500, best_overall=0.693500, mean_diversity=0.338246,
indivs=5473316, elapsed_secs=5439, mean=0.582030, stdev=0.106412, best fit=0.693500, best_overall=0.693500, mean_diversity=0.167082,
indivs=5483414, elapsed_secs=5459, mean=0.530437, stdev=0.133806, best fit=0.693500, best_overall=0.693500, mean_diversity=0.382947,
indivs=5493512, elapsed_secs=5482, mean=0.422428, stdev=0.181225, best fit=0.693500, best_overall=0.693500, mean_diversity=0.121469,
indivs=5503610, elapsed_secs=5506, mean=0.505992, stdev=0.106195, best fit=0.693500, best_overall=0.693500, mean_diversity=0.210439,
indivs=5513708, elapsed_secs=5529, mean=0.503621, stdev=0.025408, best fit=0.693500, best_overall=0.693500, mean_diversity=0.093346,
indivs=5523806, elapsed_secs=5551, mean=0.502169, stdev=0.029339, best fit=0.693500, best_overall=0.693500, mean_diversity=0.198433,
indivs=5533904, elapsed_secs=5571, mean=0.512662, stdev=0.104111, best fit=0.693500, best_overall=0.693500, mean_diversity=0.341349,
indivs=5544002, elapsed_secs=5598, mean=0.572556, stdev=0.085949, best fit=0.693500, best_overall=0.693500, mean_diversity=0.255816,
indivs=5554100, elapsed_secs=5621, mean=0.506107, stdev=0.141856, best fit=0.693500, best_overall=0.693500, mean_diversity=0.318283,
indivs=5564198, elapsed_secs=5644, mean=0.511814, stdev=0.071480, best fit=0.693500, best_overall=0.693500, mean_diversity=0.176109,
indivs=5574296, elapsed_secs=5668, mean=0.609994, stdev=0.086417, best fit=0.693500, best_overall=0.693500, mean_diversity=0.248711,
indivs=5584394, elapsed_secs=5687, mean=0.550900, stdev=0.083857, best fit=0.693500, best_overall=0.693500, mean_diversity=0.275460,
indivs=5594492, elapsed_secs=5705, mean=0.501368, stdev=0.028435, best fit=0.693500, best_overall=0.693500, mean_diversity=0.115370,
indivs=5604590, elapsed_secs=5733, mean=0.525965, stdev=0.165473, best fit=0.693500, best_overall=0.693500, mean_diversity=0.122982,
indivs=5614688, elapsed_secs=5756, mean=0.513061, stdev=0.040272, best fit=0.693500, best_overall=0.693500, mean_diversity=0.252378,
indivs=5624786, elapsed_secs=5776, mean=0.554578, stdev=0.100386, best fit=0.693500, best_overall=0.693500, mean_diversity=0.391221,
indivs=5634884, elapsed_secs=5799, mean=0.542116, stdev=0.104893, best fit=0.693500, best_overall=0.693500, mean_diversity=0.307213,
indivs=5644982, elapsed_secs=5827, mean=0.513968, stdev=0.070362, best fit=0.693500, best_overall=0.693500, mean_diversity=0.247890,
indivs=5655080, elapsed_secs=5848, mean=0.566841, stdev=0.095634, best fit=0.693500, best_overall=0.693500, mean_diversity=0.289388,
indivs=5665178, elapsed_secs=5872, mean=0.542938, stdev=0.074561, best fit=0.693500, best_overall=0.693500, mean_diversity=0.324156,
indivs=5675276, elapsed_secs=5893, mean=0.501179, stdev=0.104324, best fit=0.693500, best_overall=0.693500, mean_diversity=0.255132,
indivs=5685374, elapsed_secs=5914, mean=0.534226, stdev=0.070311, best fit=0.693500, best_overall=0.693500, mean_diversity=0.308583,
indivs=5695472, elapsed_secs=5939, mean=0.556422, stdev=0.076782, best fit=0.693500, best_overall=0.693500, mean_diversity=0.350784,
indivs=5705570, elapsed_secs=5966, mean=0.554011, stdev=0.100855, best fit=0.693500, best_overall=0.693500, mean_diversity=0.203188,
indivs=5715668, elapsed_secs=5991, mean=0.491117, stdev=0.110849, best fit=0.693500, best_overall=0.693500, mean_diversity=0.219253,
indivs=5725766, elapsed_secs=6008, mean=0.498818, stdev=0.056486, best fit=0.693500, best_overall=0.693500, mean_diversity=0.172589,
indivs=5735864, elapsed_secs=6031, mean=0.501620, stdev=0.099890, best fit=0.693500, best_overall=0.693500, mean_diversity=0.231697,
indivs=5745962, elapsed_secs=6055, mean=0.484381, stdev=0.089732, best fit=0.693500, best_overall=0.693500, mean_diversity=0.293042,
indivs=5756060, elapsed_secs=6080, mean=0.498593, stdev=0.062781, best fit=0.693500, best_overall=0.693500, mean_diversity=0.139718,
indivs=5766158, elapsed_secs=6101, mean=0.515809, stdev=0.113336, best fit=0.693500, best_overall=0.693500, mean_diversity=0.174801,
indivs=5776256, elapsed_secs=6121, mean=0.552391, stdev=0.139115, best fit=0.693500, best_overall=0.693500, mean_diversity=0.322310,
indivs=5786354, elapsed_secs=6139, mean=0.484882, stdev=0.109031, best fit=0.693500, best_overall=0.693500, mean_diversity=0.187455,
indivs=5796452, elapsed_secs=6163, mean=0.580932, stdev=0.105110, best fit=0.693500, best_overall=0.693500, mean_diversity=0.280518,
indivs=5806550, elapsed_secs=6188, mean=0.582383, stdev=0.108764, best fit=0.693500, best_overall=0.693500, mean_diversity=0.242029,
indivs=5816648, elapsed_secs=6214, mean=0.585671, stdev=0.055728, best fit=0.693500, best_overall=0.693500, mean_diversity=0.074216,
indivs=5826746, elapsed_secs=6236, mean=0.505176, stdev=0.136243, best fit=0.693500, best_overall=0.693500, mean_diversity=0.345430,
indivs=5836844, elapsed_secs=6254, mean=0.491353, stdev=0.171977, best fit=0.693500, best_overall=0.693500, mean_diversity=0.128209,
indivs=5846942, elapsed_secs=6277, mean=0.506392, stdev=0.100083, best fit=0.693500, best_overall=0.693500, mean_diversity=0.127282,
indivs=5857040, elapsed_secs=6302, mean=0.545760, stdev=0.096062, best fit=0.693500, best_overall=0.693500, mean_diversity=0.350201,
indivs=5867138, elapsed_secs=6326, mean=0.569298, stdev=0.099705, best fit=0.693500, best_overall=0.693500, mean_diversity=0.181337,
indivs=5877236, elapsed_secs=6346, mean=0.550952, stdev=0.065202, best fit=0.693500, best_overall=0.693500, mean_diversity=0.274956,
indivs=5887334, elapsed_secs=6366, mean=0.473529, stdev=0.116428, best fit=0.693500, best_overall=0.693500, mean_diversity=0.129122,
indivs=5897432, elapsed_secs=6391, mean=0.505831, stdev=0.049868, best fit=0.693500, best_overall=0.693500, mean_diversity=0.305152,
indivs=5907530, elapsed_secs=6415, mean=0.498354, stdev=0.070810, best fit=0.693500, best_overall=0.693500, mean_diversity=0.257898,
indivs=5917628, elapsed_secs=6436, mean=0.550978, stdev=0.128747, best fit=0.693500, best_overall=0.693500, mean_diversity=0.124463,
indivs=5927726, elapsed_secs=6462, mean=0.517265, stdev=0.056030, best fit=0.693500, best_overall=0.693500, mean_diversity=0.203596,
indivs=5937824, elapsed_secs=6485, mean=0.491935, stdev=0.072865, best fit=0.693500, best_overall=0.693500, mean_diversity=0.155586,
indivs=5947922, elapsed_secs=6508, mean=0.502153, stdev=0.043448, best fit=0.693500, best_overall=0.693500, mean_diversity=0.196362,
indivs=5958020, elapsed_secs=6529, mean=0.570474, stdev=0.117813, best fit=0.693500, best_overall=0.693500, mean_diversity=0.136809,
indivs=5968118, elapsed_secs=6551, mean=0.470027, stdev=0.118948, best fit=0.693500, best_overall=0.693500, mean_diversity=0.107935,
indivs=5978216, elapsed_secs=6574, mean=0.546394, stdev=0.103133, best fit=0.693500, best_overall=0.693500, mean_diversity=0.158783,
indivs=5988314, elapsed_secs=6600, mean=0.541274, stdev=0.105410, best fit=0.693500, best_overall=0.693500, mean_diversity=0.296243,
indivs=5998412, elapsed_secs=6623, mean=0.561406, stdev=0.084121, best fit=0.693500, best_overall=0.693500, mean_diversity=0.307500,
indivs=6008510, elapsed_secs=6646, mean=0.561491, stdev=0.085811, best fit=0.693500, best_overall=0.693500, mean_diversity=0.117680,
indivs=6018608, elapsed_secs=6673, mean=0.547424, stdev=0.108797, best fit=0.693500, best_overall=0.693500, mean_diversity=0.214621,
indivs=6028706, elapsed_secs=6695, mean=0.513795, stdev=0.074662, best fit=0.693500, best_overall=0.693500, mean_diversity=0.237449,
indivs=6038804, elapsed_secs=6717, mean=0.464857, stdev=0.078857, best fit=0.693500, best_overall=0.693500, mean_diversity=0.167406,
indivs=6048902, elapsed_secs=6738, mean=0.497029, stdev=0.188474, best fit=0.693500, best_overall=0.693500, mean_diversity=0.313882,
indivs=6059000, elapsed_secs=6765, mean=0.585352, stdev=0.120479, best fit=0.693500, best_overall=0.693500, mean_diversity=0.117060,
indivs=6069098, elapsed_secs=6791, mean=0.534256, stdev=0.149662, best fit=0.693500, best_overall=0.693500, mean_diversity=0.270713,
indivs=6079196, elapsed_secs=6815, mean=0.501935, stdev=0.019253, best fit=0.693500, best_overall=0.693500, mean_diversity=0.111387,
indivs=6089294, elapsed_secs=6837, mean=0.540454, stdev=0.092749, best fit=0.693500, best_overall=0.693500, mean_diversity=0.462909,
indivs=6099392, elapsed_secs=6859, mean=0.533090, stdev=0.068048, best fit=0.693500, best_overall=0.693500, mean_diversity=0.179944,
indivs=6109490, elapsed_secs=6885, mean=0.546843, stdev=0.134623, best fit=0.693500, best_overall=0.693500, mean_diversity=0.219257,
indivs=6119588, elapsed_secs=6907, mean=0.565637, stdev=0.087258, best fit=0.693500, best_overall=0.693500, mean_diversity=0.196676,
indivs=6129686, elapsed_secs=6928, mean=0.592969, stdev=0.064703, best fit=0.693500, best_overall=0.693500, mean_diversity=0.119090,
indivs=6139784, elapsed_secs=6950, mean=0.563081, stdev=0.062301, best fit=0.693500, best_overall=0.693500, mean_diversity=0.275092,
indivs=6149882, elapsed_secs=6969, mean=0.577201, stdev=0.084728, best fit=0.693500, best_overall=0.693500, mean_diversity=0.330119,
indivs=6159980, elapsed_secs=6990, mean=0.577034, stdev=0.070992, best fit=0.693500, best_overall=0.693500, mean_diversity=0.182251,
indivs=6170078, elapsed_secs=7011, mean=0.551740, stdev=0.100355, best fit=0.693500, best_overall=0.693500, mean_diversity=0.104705,
indivs=6180176, elapsed_secs=7035, mean=0.501631, stdev=0.019401, best fit=0.693500, best_overall=0.693500, mean_diversity=0.274533,
indivs=6190274, elapsed_secs=7059, mean=0.567897, stdev=0.078442, best fit=0.693500, best_overall=0.693500, mean_diversity=0.235322,
indivs=6200372, elapsed_secs=7082, mean=0.573156, stdev=0.117564, best fit=0.693500, best_overall=0.693500, mean_diversity=0.094530,
indivs=6210470, elapsed_secs=7109, mean=0.537913, stdev=0.089740, best fit=0.693500, best_overall=0.693500, mean_diversity=0.254239,
indivs=6220568, elapsed_secs=7129, mean=0.588514, stdev=0.097796, best fit=0.693500, best_overall=0.693500, mean_diversity=0.247095,
indivs=6230666, elapsed_secs=7151, mean=0.574068, stdev=0.097483, best fit=0.693500, best_overall=0.693500, mean_diversity=0.046755,
indivs=6240764, elapsed_secs=7179, mean=0.514544, stdev=0.046601, best fit=0.693500, best_overall=0.693500, mean_diversity=0.256634,
indivs=6250862, elapsed_secs=7197, mean=0.532066, stdev=0.084867, best fit=0.693500, best_overall=0.693500, mean_diversity=0.350208,
indivs=6260960, elapsed_secs=7218, mean=0.578099, stdev=0.155677, best fit=0.693500, best_overall=0.693500, mean_diversity=0.147679,
indivs=6271058, elapsed_secs=7244, mean=0.475776, stdev=0.111190, best fit=0.693500, best_overall=0.693500, mean_diversity=0.396410,
indivs=6281156, elapsed_secs=7262, mean=0.544528, stdev=0.077234, best fit=0.693500, best_overall=0.693500, mean_diversity=0.303363,
indivs=6291254, elapsed_secs=7287, mean=0.540418, stdev=0.083326, best fit=0.693500, best_overall=0.693500, mean_diversity=0.303187,
indivs=6301352, elapsed_secs=7312, mean=0.537855, stdev=0.100367, best fit=0.693500, best_overall=0.693500, mean_diversity=0.167617,
indivs=6311450, elapsed_secs=7332, mean=0.528601, stdev=0.097598, best fit=0.693500, best_overall=0.693500, mean_diversity=0.214103,
indivs=6321548, elapsed_secs=7352, mean=0.553579, stdev=0.101908, best fit=0.693500, best_overall=0.693500, mean_diversity=0.068973,
indivs=6331646, elapsed_secs=7372, mean=0.570951, stdev=0.101599, best fit=0.693500, best_overall=0.693500, mean_diversity=0.248575,
indivs=6341744, elapsed_secs=7398, mean=0.587141, stdev=0.150236, best fit=0.693500, best_overall=0.693500, mean_diversity=0.150462,
indivs=6351842, elapsed_secs=7420, mean=0.494922, stdev=0.054301, best fit=0.693500, best_overall=0.693500, mean_diversity=0.300944,
indivs=6361940, elapsed_secs=7440, mean=0.505200, stdev=0.124711, best fit=0.693500, best_overall=0.693500, mean_diversity=0.228510,
indivs=6372038, elapsed_secs=7462, mean=0.563846, stdev=0.106250, best fit=0.693500, best_overall=0.693500, mean_diversity=0.100000,
indivs=6382136, elapsed_secs=7483, mean=0.509744, stdev=0.068355, best fit=0.693500, best_overall=0.693500, mean_diversity=0.342918,
indivs=6392234, elapsed_secs=7502, mean=0.532675, stdev=0.106442, best fit=0.693500, best_overall=0.693500, mean_diversity=0.243325,
indivs=6402332, elapsed_secs=7531, mean=0.553217, stdev=0.181767, best fit=0.693500, best_overall=0.693500, mean_diversity=0.126883,
indivs=6412430, elapsed_secs=7551, mean=0.496935, stdev=0.053526, best fit=0.693500, best_overall=0.693500, mean_diversity=0.268338,
indivs=6422528, elapsed_secs=7574, mean=0.428657, stdev=0.117932, best fit=0.693500, best_overall=0.693500, mean_diversity=0.245366,
indivs=6432626, elapsed_secs=7595, mean=0.481435, stdev=0.100273, best fit=0.693500, best_overall=0.693500, mean_diversity=0.362582,
indivs=6442724, elapsed_secs=7618, mean=0.502019, stdev=0.020989, best fit=0.693500, best_overall=0.693500, mean_diversity=0.125929,
indivs=6452822, elapsed_secs=7639, mean=0.555662, stdev=0.108536, best fit=0.693500, best_overall=0.693500, mean_diversity=0.347804,
indivs=6462920, elapsed_secs=7661, mean=0.488338, stdev=0.088646, best fit=0.693500, best_overall=0.693500, mean_diversity=0.124930,
indivs=6473018, elapsed_secs=7684, mean=0.576134, stdev=0.106004, best fit=0.693500, best_overall=0.693500, mean_diversity=0.163936,
indivs=6483116, elapsed_secs=7705, mean=0.578062, stdev=0.099130, best fit=0.693500, best_overall=0.693500, mean_diversity=0.044777,
indivs=6493214, elapsed_secs=7735, mean=0.499160, stdev=0.154832, best fit=0.693500, best_overall=0.693500, mean_diversity=0.249259,
indivs=6503312, elapsed_secs=7759, mean=0.526174, stdev=0.176551, best fit=0.693500, best_overall=0.693500, mean_diversity=0.213966,
indivs=6513410, elapsed_secs=7781, mean=0.501935, stdev=0.019253, best fit=0.693500, best_overall=0.693500, mean_diversity=0.073700,
indivs=6523508, elapsed_secs=7801, mean=0.510077, stdev=0.117359, best fit=0.693500, best_overall=0.693500, mean_diversity=0.331106,
indivs=6533606, elapsed_secs=7825, mean=0.554829, stdev=0.092280, best fit=0.693500, best_overall=0.693500, mean_diversity=0.120677,
indivs=6543704, elapsed_secs=7847, mean=0.561401, stdev=0.135829, best fit=0.693500, best_overall=0.693500, mean_diversity=0.068981,
indivs=6553802, elapsed_secs=7870, mean=0.529678, stdev=0.089219, best fit=0.693500, best_overall=0.693500, mean_diversity=0.265796,
indivs=6563900, elapsed_secs=7894, mean=0.611783, stdev=0.085875, best fit=0.693500, best_overall=0.693500, mean_diversity=0.167698,
indivs=6573998, elapsed_secs=7916, mean=0.519554, stdev=0.113303, best fit=0.693500, best_overall=0.693500, mean_diversity=0.387190,
indivs=6584096, elapsed_secs=7940, mean=0.553987, stdev=0.115566, best fit=0.693500, best_overall=0.693500, mean_diversity=0.265184,
indivs=6594194, elapsed_secs=7961, mean=0.586252, stdev=0.155628, best fit=0.693500, best_overall=0.693500, mean_diversity=0.139807,
indivs=6604292, elapsed_secs=7988, mean=0.595231, stdev=0.120413, best fit=0.693500, best_overall=0.693500, mean_diversity=0.053488,
indivs=6614390, elapsed_secs=8009, mean=0.505824, stdev=0.031859, best fit=0.693500, best_overall=0.693500, mean_diversity=0.116231,
indivs=6624488, elapsed_secs=8041, mean=0.570699, stdev=0.107097, best fit=0.693500, best_overall=0.693500, mean_diversity=0.303364,
indivs=6634586, elapsed_secs=8063, mean=0.504812, stdev=0.107824, best fit=0.693500, best_overall=0.693500, mean_diversity=0.144989,
indivs=6644684, elapsed_secs=8089, mean=0.551684, stdev=0.128027, best fit=0.693500, best_overall=0.693500, mean_diversity=0.371739,
indivs=6654782, elapsed_secs=8113, mean=0.510572, stdev=0.066429, best fit=0.693500, best_overall=0.693500, mean_diversity=0.373923,
indivs=6664880, elapsed_secs=8134, mean=0.483987, stdev=0.104521, best fit=0.693500, best_overall=0.693500, mean_diversity=0.287552,
indivs=6674978, elapsed_secs=8159, mean=0.507814, stdev=0.109025, best fit=0.693500, best_overall=0.693500, mean_diversity=0.443608,
indivs=6685076, elapsed_secs=8186, mean=0.525555, stdev=0.174750, best fit=0.693500, best_overall=0.693500, mean_diversity=0.177629,
indivs=6695174, elapsed_secs=8212, mean=0.517037, stdev=0.117304, best fit=0.693500, best_overall=0.693500, mean_diversity=0.215987,
indivs=6705272, elapsed_secs=8238, mean=0.586399, stdev=0.093720, best fit=0.693500, best_overall=0.693500, mean_diversity=0.329797,
indivs=6715370, elapsed_secs=8261, mean=0.556291, stdev=0.104785, best fit=0.693500, best_overall=0.693500, mean_diversity=0.173493,
indivs=6725468, elapsed_secs=8283, mean=0.577251, stdev=0.157745, best fit=0.693500, best_overall=0.693500, mean_diversity=0.240328,
indivs=6735566, elapsed_secs=8306, mean=0.501771, stdev=0.030139, best fit=0.693500, best_overall=0.693500, mean_diversity=0.133694,
indivs=6745664, elapsed_secs=8326, mean=0.574369, stdev=0.132257, best fit=0.693500, best_overall=0.693500, mean_diversity=0.203128,
indivs=6755762, elapsed_secs=8346, mean=0.496565, stdev=0.081687, best fit=0.693500, best_overall=0.693500, mean_diversity=0.138479,
indivs=6765860, elapsed_secs=8369, mean=0.556930, stdev=0.154977, best fit=0.693500, best_overall=0.693500, mean_diversity=0.189787,
indivs=6775958, elapsed_secs=8393, mean=0.542036, stdev=0.082985, best fit=0.693500, best_overall=0.693500, mean_diversity=0.240596,
indivs=6786056, elapsed_secs=8414, mean=0.527748, stdev=0.100313, best fit=0.693500, best_overall=0.693500, mean_diversity=0.128000,
indivs=6796154, elapsed_secs=8435, mean=0.519234, stdev=0.116617, best fit=0.693500, best_overall=0.693500, mean_diversity=0.408706,
indivs=6806252, elapsed_secs=8459, mean=0.542499, stdev=0.106861, best fit=0.693500, best_overall=0.693500, mean_diversity=0.224101,
indivs=6816350, elapsed_secs=8478, mean=0.545304, stdev=0.113251, best fit=0.693500, best_overall=0.693500, mean_diversity=0.242860,
indivs=6826448, elapsed_secs=8499, mean=0.504720, stdev=0.027692, best fit=0.693500, best_overall=0.693500, mean_diversity=0.103254,
indivs=6836546, elapsed_secs=8520, mean=0.563879, stdev=0.113629, best fit=0.693500, best_overall=0.693500, mean_diversity=0.081630,
indivs=6846644, elapsed_secs=8544, mean=0.587486, stdev=0.140526, best fit=0.693500, best_overall=0.693500, mean_diversity=0.370924,
indivs=6856742, elapsed_secs=8573, mean=0.508883, stdev=0.057611, best fit=0.693500, best_overall=0.693500, mean_diversity=0.170371,
indivs=6866840, elapsed_secs=8595, mean=0.529004, stdev=0.055599, best fit=0.693500, best_overall=0.693500, mean_diversity=0.256601,
indivs=6876938, elapsed_secs=8620, mean=0.505108, stdev=0.026251, best fit=0.693500, best_overall=0.693500, mean_diversity=0.087580,
indivs=6887036, elapsed_secs=8643, mean=0.490491, stdev=0.123839, best fit=0.693500, best_overall=0.693500, mean_diversity=0.308029,
indivs=6897134, elapsed_secs=8663, mean=0.545747, stdev=0.067833, best fit=0.693500, best_overall=0.693500, mean_diversity=0.284175,
indivs=6907232, elapsed_secs=8686, mean=0.546572, stdev=0.098488, best fit=0.693500, best_overall=0.693500, mean_diversity=0.137538,
indivs=6917330, elapsed_secs=8711, mean=0.509739, stdev=0.110964, best fit=0.693500, best_overall=0.693500, mean_diversity=0.210056,
indivs=6927428, elapsed_secs=8734, mean=0.501835, stdev=0.019288, best fit=0.693500, best_overall=0.693500, mean_diversity=0.074749,
indivs=6937526, elapsed_secs=8757, mean=0.505077, stdev=0.032217, best fit=0.693500, best_overall=0.693500, mean_diversity=0.068775,
indivs=6947624, elapsed_secs=8781, mean=0.474819, stdev=0.205931, best fit=0.693500, best_overall=0.693500, mean_diversity=0.346111,
indivs=6957722, elapsed_secs=8802, mean=0.528961, stdev=0.082661, best fit=0.693500, best_overall=0.693500, mean_diversity=0.318411,
indivs=6967820, elapsed_secs=8824, mean=0.549136, stdev=0.086413, best fit=0.693500, best_overall=0.693500, mean_diversity=0.308191,
indivs=6977918, elapsed_secs=8852, mean=0.572732, stdev=0.074957, best fit=0.693500, best_overall=0.693500, mean_diversity=0.138446,
indivs=6988016, elapsed_secs=8874, mean=0.501799, stdev=0.063665, best fit=0.693500, best_overall=0.693500, mean_diversity=0.221752,
indivs=6998114, elapsed_secs=8898, mean=0.495547, stdev=0.077513, best fit=0.693500, best_overall=0.693500, mean_diversity=0.165226,
indivs=7008212, elapsed_secs=8922, mean=0.565670, stdev=0.143636, best fit=0.693500, best_overall=0.693500, mean_diversity=0.293976,
indivs=7018310, elapsed_secs=8943, mean=0.489106, stdev=0.082517, best fit=0.693500, best_overall=0.693500, mean_diversity=0.219580,
indivs=7028408, elapsed_secs=8961, mean=0.579325, stdev=0.100140, best fit=0.693500, best_overall=0.693500, mean_diversity=0.212702,
indivs=7038506, elapsed_secs=8984, mean=0.584381, stdev=0.156197, best fit=0.693500, best_overall=0.693500, mean_diversity=0.129225,
indivs=7048604, elapsed_secs=9013, mean=0.591286, stdev=0.106164, best fit=0.693500, best_overall=0.693500, mean_diversity=0.188744,
indivs=7058702, elapsed_secs=9035, mean=0.577246, stdev=0.140095, best fit=0.693500, best_overall=0.693500, mean_diversity=0.149735,
indivs=7068800, elapsed_secs=9059, mean=0.521082, stdev=0.054900, best fit=0.693500, best_overall=0.693500, mean_diversity=0.062768,
indivs=7078898, elapsed_secs=9080, mean=0.471678, stdev=0.133603, best fit=0.693500, best_overall=0.693500, mean_diversity=0.196818,
indivs=7088996, elapsed_secs=9100, mean=0.513851, stdev=0.093694, best fit=0.693500, best_overall=0.693500, mean_diversity=0.243049,
indivs=7099094, elapsed_secs=9124, mean=0.568115, stdev=0.072560, best fit=0.693500, best_overall=0.693500, mean_diversity=0.082574,
indivs=7109192, elapsed_secs=9149, mean=0.501966, stdev=0.019252, best fit=0.693500, best_overall=0.693500, mean_diversity=0.084444,
indivs=7119290, elapsed_secs=9173, mean=0.501408, stdev=0.068135, best fit=0.693500, best_overall=0.693500, mean_diversity=0.439852,
indivs=7129388, elapsed_secs=9202, mean=0.531118, stdev=0.080170, best fit=0.693500, best_overall=0.693500, mean_diversity=0.269038,
indivs=7139486, elapsed_secs=9223, mean=0.570317, stdev=0.067251, best fit=0.693500, best_overall=0.693500, mean_diversity=0.373106,
indivs=7149584, elapsed_secs=9250, mean=0.515752, stdev=0.130478, best fit=0.693500, best_overall=0.693500, mean_diversity=0.299972,
indivs=7159682, elapsed_secs=9272, mean=0.545025, stdev=0.135753, best fit=0.693500, best_overall=0.693500, mean_diversity=0.307758,
indivs=7169780, elapsed_secs=9297, mean=0.510590, stdev=0.037835, best fit=0.693500, best_overall=0.693500, mean_diversity=0.202854,
indivs=7179878, elapsed_secs=9320, mean=0.546807, stdev=0.134493, best fit=0.693500, best_overall=0.693500, mean_diversity=0.460971,
indivs=7189976, elapsed_secs=9344, mean=0.524672, stdev=0.112960, best fit=0.693500, best_overall=0.693500, mean_diversity=0.250061,
indivs=7200074, elapsed_secs=9363, mean=0.577687, stdev=0.099409, best fit=0.693500, best_overall=0.693500, mean_diversity=0.365747,
indivs=7210172, elapsed_secs=9387, mean=0.521609, stdev=0.057225, best fit=0.693500, best_overall=0.693500, mean_diversity=0.106200,
indivs=7220270, elapsed_secs=9412, mean=0.530832, stdev=0.086261, best fit=0.693500, best_overall=0.693500, mean_diversity=0.192715,
indivs=7230368, elapsed_secs=9433, mean=0.505360, stdev=0.030534, best fit=0.693500, best_overall=0.693500, mean_diversity=0.124620,
indivs=7240466, elapsed_secs=9455, mean=0.585832, stdev=0.098897, best fit=0.693500, best_overall=0.693500, mean_diversity=0.103254,
indivs=7250564, elapsed_secs=9482, mean=0.538808, stdev=0.135309, best fit=0.693500, best_overall=0.693500, mean_diversity=0.242615,
indivs=7260662, elapsed_secs=9508, mean=0.501935, stdev=0.019253, best fit=0.693500, best_overall=0.693500, mean_diversity=0.110083,
indivs=7270760, elapsed_secs=9529, mean=0.523276, stdev=0.061859, best fit=0.693500, best_overall=0.693500, mean_diversity=0.125714,
indivs=7280858, elapsed_secs=9547, mean=0.529565, stdev=0.181965, best fit=0.693500, best_overall=0.693500, mean_diversity=0.212256,
indivs=7290956, elapsed_secs=9573, mean=0.560678, stdev=0.111797, best fit=0.693500, best_overall=0.693500, mean_diversity=0.138271,
indivs=7301054, elapsed_secs=9597, mean=0.521340, stdev=0.054466, best fit=0.693500, best_overall=0.693500, mean_diversity=0.330586,
indivs=7311152, elapsed_secs=9620, mean=0.505962, stdev=0.151184, best fit=0.693500, best_overall=0.693500, mean_diversity=0.363429,
indivs=7321250, elapsed_secs=9646, mean=0.532347, stdev=0.119851, best fit=0.693500, best_overall=0.693500, mean_diversity=0.317559,
indivs=7331348, elapsed_secs=9669, mean=0.538943, stdev=0.109975, best fit=0.693500, best_overall=0.693500, mean_diversity=0.260976,
indivs=7341446, elapsed_secs=9690, mean=0.579277, stdev=0.106427, best fit=0.693500, best_overall=0.693500, mean_diversity=0.163720,
indivs=7351544, elapsed_secs=9712, mean=0.515010, stdev=0.072209, best fit=0.693500, best_overall=0.693500, mean_diversity=0.321828,
indivs=7361642, elapsed_secs=9734, mean=0.492995, stdev=0.061813, best fit=0.693500, best_overall=0.693500, mean_diversity=0.199580,
indivs=7371740, elapsed_secs=9758, mean=0.518265, stdev=0.184366, best fit=0.693500, best_overall=0.693500, mean_diversity=0.227942,
indivs=7381838, elapsed_secs=9782, mean=0.524728, stdev=0.098585, best fit=0.693500, best_overall=0.693500, mean_diversity=0.244167,
indivs=7391936, elapsed_secs=9810, mean=0.587574, stdev=0.075985, best fit=0.693500, best_overall=0.693500, mean_diversity=0.285830,
indivs=7402034, elapsed_secs=9834, mean=0.488615, stdev=0.090075, best fit=0.693500, best_overall=0.693500, mean_diversity=0.239362,
indivs=7412132, elapsed_secs=9856, mean=0.541152, stdev=0.109802, best fit=0.693500, best_overall=0.693500, mean_diversity=0.071785,
indivs=7422230, elapsed_secs=9875, mean=0.539065, stdev=0.099798, best fit=0.693500, best_overall=0.693500, mean_diversity=0.206626,
indivs=7432328, elapsed_secs=9905, mean=0.522475, stdev=0.090358, best fit=0.693500, best_overall=0.693500, mean_diversity=0.237297,
indivs=7442426, elapsed_secs=9926, mean=0.495935, stdev=0.045364, best fit=0.693500, best_overall=0.693500, mean_diversity=0.101273,
indivs=7452524, elapsed_secs=9952, mean=0.498355, stdev=0.056636, best fit=0.693500, best_overall=0.693500, mean_diversity=0.311741,
indivs=7462622, elapsed_secs=9974, mean=0.481838, stdev=0.100226, best fit=0.693500, best_overall=0.693500, mean_diversity=0.208344,
indivs=7472720, elapsed_secs=10000, mean=0.604821, stdev=0.120649, best fit=0.693500, best_overall=0.693500, mean_diversity=0.259355,
indivs=7482818, elapsed_secs=10026, mean=0.537907, stdev=0.109709, best fit=0.693500, best_overall=0.693500, mean_diversity=0.332633,
indivs=7492916, elapsed_secs=10051, mean=0.577016, stdev=0.122752, best fit=0.693500, best_overall=0.693500, mean_diversity=0.264136,
indivs=7503014, elapsed_secs=10071, mean=0.502310, stdev=0.060227, best fit=0.693500, best_overall=0.693500, mean_diversity=0.253084,
indivs=7513112, elapsed_secs=10096, mean=0.550057, stdev=0.065994, best fit=0.693500, best_overall=0.693500, mean_diversity=0.267452,
indivs=7523210, elapsed_secs=10125, mean=0.536015, stdev=0.070864, best fit=0.693500, best_overall=0.693500, mean_diversity=0.252804,
indivs=7533308, elapsed_secs=10148, mean=0.600510, stdev=0.134018, best fit=0.693500, best_overall=0.693500, mean_diversity=0.098432,
indivs=7543406, elapsed_secs=10168, mean=0.554437, stdev=0.075482, best fit=0.693500, best_overall=0.693500, mean_diversity=0.084613,
indivs=7553504, elapsed_secs=10191, mean=0.518462, stdev=0.081217, best fit=0.693500, best_overall=0.693500, mean_diversity=0.210356,
indivs=7563602, elapsed_secs=10215, mean=0.454351, stdev=0.144975, best fit=0.693500, best_overall=0.693500, mean_diversity=0.329315,
indivs=7573700, elapsed_secs=10240, mean=0.544278, stdev=0.152112, best fit=0.693500, best_overall=0.693500, mean_diversity=0.123974,
indivs=7583798, elapsed_secs=10266, mean=0.593569, stdev=0.118556, best fit=0.693500, best_overall=0.693500, mean_diversity=0.217700,
indivs=7593896, elapsed_secs=10291, mean=0.559240, stdev=0.117267, best fit=0.693500, best_overall=0.693500, mean_diversity=0.220932,
indivs=7603994, elapsed_secs=10315, mean=0.539456, stdev=0.061392, best fit=0.693500, best_overall=0.693500, mean_diversity=0.137110,
indivs=7614092, elapsed_secs=10337, mean=0.606515, stdev=0.116810, best fit=0.693500, best_overall=0.693500, mean_diversity=0.062856,
indivs=7624190, elapsed_secs=10362, mean=0.497627, stdev=0.079030, best fit=0.693500, best_overall=0.693500, mean_diversity=0.246594,
indivs=7634288, elapsed_secs=10383, mean=0.505118, stdev=0.105599, best fit=0.693500, best_overall=0.693500, mean_diversity=0.131209,
indivs=7644386, elapsed_secs=10402, mean=0.482240, stdev=0.100416, best fit=0.693500, best_overall=0.693500, mean_diversity=0.176977,
indivs=7654484, elapsed_secs=10420, mean=0.571780, stdev=0.087637, best fit=0.693500, best_overall=0.693500, mean_diversity=0.247373,
indivs=7664582, elapsed_secs=10448, mean=0.583418, stdev=0.113799, best fit=0.693500, best_overall=0.693500, mean_diversity=0.217256,
indivs=7674680, elapsed_secs=10465, mean=0.476576, stdev=0.111158, best fit=0.693500, best_overall=0.693500, mean_diversity=0.134214,
indivs=7684778, elapsed_secs=10487, mean=0.536499, stdev=0.078070, best fit=0.693500, best_overall=0.693500, mean_diversity=0.230306,
indivs=7694876, elapsed_secs=10517, mean=0.590234, stdev=0.092548, best fit=0.693500, best_overall=0.693500, mean_diversity=0.243333,
indivs=7704974, elapsed_secs=10543, mean=0.547336, stdev=0.075693, best fit=0.693500, best_overall=0.693500, mean_diversity=0.101450,
indivs=7715072, elapsed_secs=10567, mean=0.553103, stdev=0.074726, best fit=0.693500, best_overall=0.693500, mean_diversity=0.290422,
indivs=7725170, elapsed_secs=10590, mean=0.568468, stdev=0.139803, best fit=0.693500, best_overall=0.693500, mean_diversity=0.219263,
indivs=7735268, elapsed_secs=10611, mean=0.503756, stdev=0.026284, best fit=0.693500, best_overall=0.693500, mean_diversity=0.085354,
indivs=7745366, elapsed_secs=10635, mean=0.572745, stdev=0.092648, best fit=0.693500, best_overall=0.693500, mean_diversity=0.277718,
indivs=7755464, elapsed_secs=10658, mean=0.509833, stdev=0.115265, best fit=0.693500, best_overall=0.693500, mean_diversity=0.443029,
indivs=7765562, elapsed_secs=10677, mean=0.545600, stdev=0.113355, best fit=0.693500, best_overall=0.693500, mean_diversity=0.314748,
indivs=7775660, elapsed_secs=10694, mean=0.568869, stdev=0.108925, best fit=0.693500, best_overall=0.693500, mean_diversity=0.087344,
indivs=7785758, elapsed_secs=10712, mean=0.521147, stdev=0.062686, best fit=0.693500, best_overall=0.693500, mean_diversity=0.242787,
indivs=7795856, elapsed_secs=10734, mean=0.467470, stdev=0.123860, best fit=0.693500, best_overall=0.693500, mean_diversity=0.251413,
indivs=7805954, elapsed_secs=10755, mean=0.531972, stdev=0.101682, best fit=0.693500, best_overall=0.693500, mean_diversity=0.199301,
indivs=7816052, elapsed_secs=10776, mean=0.548286, stdev=0.078865, best fit=0.693500, best_overall=0.693500, mean_diversity=0.411705,
indivs=7826150, elapsed_secs=10802, mean=0.525280, stdev=0.154010, best fit=0.693500, best_overall=0.693500, mean_diversity=0.170320,
indivs=7836248, elapsed_secs=10824, mean=0.475038, stdev=0.148535, best fit=0.693500, best_overall=0.693500, mean_diversity=0.110201,
indivs=7846346, elapsed_secs=10848, mean=0.573073, stdev=0.119134, best fit=0.693500, best_overall=0.693500, mean_diversity=0.144737,
indivs=7856444, elapsed_secs=10871, mean=0.496484, stdev=0.053688, best fit=0.693500, best_overall=0.693500, mean_diversity=0.106218,
indivs=7866542, elapsed_secs=10892, mean=0.573237, stdev=0.117183, best fit=0.693500, best_overall=0.693500, mean_diversity=0.235957,
indivs=7876640, elapsed_secs=10918, mean=0.532964, stdev=0.068891, best fit=0.693500, best_overall=0.693500, mean_diversity=0.302361,
indivs=7886738, elapsed_secs=10938, mean=0.504917, stdev=0.031294, best fit=0.693500, best_overall=0.693500, mean_diversity=0.230658,
indivs=7896836, elapsed_secs=10960, mean=0.526305, stdev=0.156815, best fit=0.693500, best_overall=0.693500, mean_diversity=0.120342,
indivs=7906934, elapsed_secs=10982, mean=0.572318, stdev=0.106235, best fit=0.693500, best_overall=0.693500, mean_diversity=0.215670,
indivs=7917032, elapsed_secs=11000, mean=0.500936, stdev=0.020580, best fit=0.693500, best_overall=0.693500, mean_diversity=0.092581,
indivs=7927130, elapsed_secs=11021, mean=0.486881, stdev=0.105508, best fit=0.693500, best_overall=0.693500, mean_diversity=0.305040,
indivs=7937228, elapsed_secs=11046, mean=0.533630, stdev=0.088501, best fit=0.693500, best_overall=0.693500, mean_diversity=0.306142,
indivs=7947326, elapsed_secs=11067, mean=0.519531, stdev=0.050956, best fit=0.693500, best_overall=0.693500, mean_diversity=0.220460,
indivs=7957424, elapsed_secs=11090, mean=0.508034, stdev=0.069532, best fit=0.693500, best_overall=0.693500, mean_diversity=0.212694,
indivs=7967522, elapsed_secs=11110, mean=0.577540, stdev=0.087593, best fit=0.693500, best_overall=0.693500, mean_diversity=0.146061,
indivs=7977620, elapsed_secs=11130, mean=0.530658, stdev=0.115319, best fit=0.693500, best_overall=0.693500, mean_diversity=0.197587,
indivs=7987718, elapsed_secs=11157, mean=0.509475, stdev=0.033569, best fit=0.693500, best_overall=0.693500, mean_diversity=0.152952,
indivs=7997816, elapsed_secs=11180, mean=0.566278, stdev=0.084415, best fit=0.693500, best_overall=0.693500, mean_diversity=0.258804,
indivs=8007914, elapsed_secs=11201, mean=0.493766, stdev=0.075091, best fit=0.693500, best_overall=0.693500, mean_diversity=0.198188,
indivs=8018012, elapsed_secs=11224, mean=0.585911, stdev=0.086899, best fit=0.693500, best_overall=0.693500, mean_diversity=0.143939,
indivs=8028110, elapsed_secs=11248, mean=0.545718, stdev=0.073327, best fit=0.693500, best_overall=0.693500, mean_diversity=0.247356,
indivs=8038208, elapsed_secs=11273, mean=0.555474, stdev=0.071674, best fit=0.693500, best_overall=0.693500, mean_diversity=0.371261,
indivs=8048306, elapsed_secs=11294, mean=0.512878, stdev=0.137100, best fit=0.693500, best_overall=0.693500, mean_diversity=0.252415,
indivs=8058404, elapsed_secs=11319, mean=0.509647, stdev=0.067906, best fit=0.693500, best_overall=0.693500, mean_diversity=0.343016,
indivs=8068502, elapsed_secs=11339, mean=0.517210, stdev=0.093139, best fit=0.693500, best_overall=0.693500, mean_diversity=0.179306,
indivs=8078600, elapsed_secs=11359, mean=0.541946, stdev=0.111773, best fit=0.693500, best_overall=0.693500, mean_diversity=0.156448,
indivs=8088698, elapsed_secs=11378, mean=0.499700, stdev=0.058908, best fit=0.693500, best_overall=0.693500, mean_diversity=0.264622,
indivs=8098796, elapsed_secs=11400, mean=0.613423, stdev=0.102411, best fit=0.693500, best_overall=0.693500, mean_diversity=0.112628,
indivs=8108894, elapsed_secs=11421, mean=0.515331, stdev=0.075963, best fit=0.693500, best_overall=0.693500, mean_diversity=0.181956,
indivs=8118992, elapsed_secs=11444, mean=0.573686, stdev=0.109403, best fit=0.693500, best_overall=0.693500, mean_diversity=0.097444,
indivs=8129090, elapsed_secs=11468, mean=0.569839, stdev=0.120734, best fit=0.693500, best_overall=0.693500, mean_diversity=0.265250,
indivs=8139188, elapsed_secs=11489, mean=0.503604, stdev=0.025298, best fit=0.693500, best_overall=0.693500, mean_diversity=0.091898,
indivs=8149286, elapsed_secs=11512, mean=0.606670, stdev=0.066172, best fit=0.693500, best_overall=0.693500, mean_diversity=0.074688,
indivs=8159384, elapsed_secs=11535, mean=0.565271, stdev=0.104076, best fit=0.693500, best_overall=0.693500, mean_diversity=0.217012,
indivs=8169482, elapsed_secs=11562, mean=0.486266, stdev=0.066841, best fit=0.693500, best_overall=0.693500, mean_diversity=0.190431,
indivs=8179580, elapsed_secs=11580, mean=0.530581, stdev=0.107322, best fit=0.693500, best_overall=0.693500, mean_diversity=0.123289,
indivs=8189678, elapsed_secs=11603, mean=0.625763, stdev=0.076240, best fit=0.693500, best_overall=0.693500, mean_diversity=0.257913,
indivs=8199776, elapsed_secs=11629, mean=0.539853, stdev=0.089030, best fit=0.693500, best_overall=0.693500, mean_diversity=0.335613,
indivs=8209874, elapsed_secs=11649, mean=0.551700, stdev=0.111548, best fit=0.693500, best_overall=0.693500, mean_diversity=0.352318,
indivs=8219972, elapsed_secs=11668, mean=0.517524, stdev=0.047512, best fit=0.693500, best_overall=0.693500, mean_diversity=0.365150,
indivs=8230070, elapsed_secs=11690, mean=0.511445, stdev=0.041530, best fit=0.693500, best_overall=0.693500, mean_diversity=0.170606,
indivs=8240168, elapsed_secs=11711, mean=0.557175, stdev=0.154745, best fit=0.693500, best_overall=0.693500, mean_diversity=0.237530,
indivs=8250266, elapsed_secs=11732, mean=0.465628, stdev=0.128593, best fit=0.693500, best_overall=0.693500, mean_diversity=0.094457,
indivs=8260364, elapsed_secs=11754, mean=0.550136, stdev=0.140780, best fit=0.693500, best_overall=0.693500, mean_diversity=0.217317,
indivs=8270462, elapsed_secs=11777, mean=0.466157, stdev=0.143359, best fit=0.693500, best_overall=0.693500, mean_diversity=0.203125,
indivs=8280560, elapsed_secs=11800, mean=0.488879, stdev=0.091922, best fit=0.693500, best_overall=0.693500, mean_diversity=0.141485,
indivs=8290658, elapsed_secs=11821, mean=0.494351, stdev=0.077868, best fit=0.693500, best_overall=0.693500, mean_diversity=0.173573,
indivs=8300756, elapsed_secs=11844, mean=0.582828, stdev=0.128953, best fit=0.693500, best_overall=0.693500, mean_diversity=0.159699,
indivs=8310854, elapsed_secs=11868, mean=0.555813, stdev=0.082427, best fit=0.693500, best_overall=0.693500, mean_diversity=0.594091,
indivs=8320952, elapsed_secs=11891, mean=0.568586, stdev=0.080228, best fit=0.693500, best_overall=0.693500, mean_diversity=0.165930,
indivs=8331050, elapsed_secs=11911, mean=0.519268, stdev=0.056021, best fit=0.693500, best_overall=0.693500, mean_diversity=0.353782,
indivs=8341148, elapsed_secs=11928, mean=0.507413, stdev=0.063595, best fit=0.693500, best_overall=0.693500, mean_diversity=0.254514,
indivs=8351246, elapsed_secs=11953, mean=0.570748, stdev=0.086292, best fit=0.693500, best_overall=0.693500, mean_diversity=0.214578,
indivs=8361344, elapsed_secs=11976, mean=0.503586, stdev=0.118061, best fit=0.693500, best_overall=0.693500, mean_diversity=0.257302,
indivs=8371442, elapsed_secs=11998, mean=0.520363, stdev=0.109826, best fit=0.693500, best_overall=0.693500, mean_diversity=0.267933,
indivs=8381540, elapsed_secs=12024, mean=0.555246, stdev=0.110651, best fit=0.693500, best_overall=0.693500, mean_diversity=0.251377,
indivs=8391638, elapsed_secs=12050, mean=0.547962, stdev=0.088517, best fit=0.693500, best_overall=0.693500, mean_diversity=0.241310,
indivs=8401736, elapsed_secs=12071, mean=0.478792, stdev=0.110652, best fit=0.693500, best_overall=0.693500, mean_diversity=0.137042,
indivs=8411834, elapsed_secs=12098, mean=0.520306, stdev=0.153700, best fit=0.693500, best_overall=0.693500, mean_diversity=0.240463,
indivs=8421932, elapsed_secs=12118, mean=0.543792, stdev=0.075603, best fit=0.693500, best_overall=0.693500, mean_diversity=0.294721,
indivs=8432030, elapsed_secs=12141, mean=0.502241, stdev=0.026805, best fit=0.693500, best_overall=0.693500, mean_diversity=0.119205,
indivs=8442128, elapsed_secs=12163, mean=0.516952, stdev=0.149417, best fit=0.693500, best_overall=0.693500, mean_diversity=0.263425,
indivs=8452226, elapsed_secs=12180, mean=0.499441, stdev=0.057070, best fit=0.693500, best_overall=0.693500, mean_diversity=0.094586,
indivs=8462324, elapsed_secs=12208, mean=0.463665, stdev=0.128853, best fit=0.693500, best_overall=0.693500, mean_diversity=0.140448,
indivs=8472422, elapsed_secs=12230, mean=0.580072, stdev=0.131185, best fit=0.693500, best_overall=0.693500, mean_diversity=0.069185,
indivs=8482520, elapsed_secs=12250, mean=0.488474, stdev=0.056661, best fit=0.693500, best_overall=0.693500, mean_diversity=0.121364,
indivs=8492618, elapsed_secs=12272, mean=0.496304, stdev=0.116519, best fit=0.693500, best_overall=0.693500, mean_diversity=0.241084,
indivs=8502716, elapsed_secs=12294, mean=0.538841, stdev=0.146134, best fit=0.693500, best_overall=0.693500, mean_diversity=0.068795,
indivs=8512814, elapsed_secs=12314, mean=0.572665, stdev=0.142414, best fit=0.693500, best_overall=0.693500, mean_diversity=0.101795,
indivs=8522912, elapsed_secs=12340, mean=0.451057, stdev=0.151662, best fit=0.693500, best_overall=0.693500, mean_diversity=0.258901,
indivs=8533010, elapsed_secs=12361, mean=0.538412, stdev=0.096290, best fit=0.693500, best_overall=0.693500, mean_diversity=0.231022,
indivs=8543108, elapsed_secs=12382, mean=0.536135, stdev=0.130885, best fit=0.693500, best_overall=0.693500, mean_diversity=0.304501,
indivs=8553206, elapsed_secs=12404, mean=0.518444, stdev=0.218044, best fit=0.693500, best_overall=0.693500, mean_diversity=0.272721,
indivs=8563304, elapsed_secs=12424, mean=0.562724, stdev=0.102581, best fit=0.693500, best_overall=0.693500, mean_diversity=0.149262,
indivs=8573402, elapsed_secs=12442, mean=0.504517, stdev=0.064717, best fit=0.693500, best_overall=0.693500, mean_diversity=0.229152,
indivs=8583500, elapsed_secs=12463, mean=0.495331, stdev=0.053926, best fit=0.693500, best_overall=0.693500, mean_diversity=0.091988,
indivs=8593598, elapsed_secs=12483, mean=0.491935, stdev=0.072865, best fit=0.693500, best_overall=0.693500, mean_diversity=0.134030,
indivs=8603696, elapsed_secs=12504, mean=0.527978, stdev=0.077791, best fit=0.693500, best_overall=0.693500, mean_diversity=0.188575,
indivs=8613794, elapsed_secs=12523, mean=0.500297, stdev=0.058218, best fit=0.693500, best_overall=0.693500, mean_diversity=0.167047,
indivs=8623892, elapsed_secs=12547, mean=0.486390, stdev=0.057451, best fit=0.693500, best_overall=0.693500, mean_diversity=0.113826,
indivs=8633990, elapsed_secs=12567, mean=0.490581, stdev=0.074486, best fit=0.693500, best_overall=0.693500, mean_diversity=0.157547,
indivs=8644088, elapsed_secs=12589, mean=0.471699, stdev=0.170654, best fit=0.693500, best_overall=0.693500, mean_diversity=0.254343,
indivs=8654186, elapsed_secs=12614, mean=0.532217, stdev=0.089657, best fit=0.693500, best_overall=0.693500, mean_diversity=0.314719,
indivs=8664284, elapsed_secs=12638, mean=0.477207, stdev=0.111845, best fit=0.693500, best_overall=0.693500, mean_diversity=0.283247,
indivs=8674382, elapsed_secs=12659, mean=0.513849, stdev=0.048414, best fit=0.693500, best_overall=0.693500, mean_diversity=0.212455,
indivs=8684480, elapsed_secs=12686, mean=0.560353, stdev=0.109997, best fit=0.693500, best_overall=0.693500, mean_diversity=0.272688,
indivs=8694578, elapsed_secs=12707, mean=0.515525, stdev=0.052721, best fit=0.693500, best_overall=0.693500, mean_diversity=0.200124,
indivs=8704676, elapsed_secs=12735, mean=0.608654, stdev=0.091295, best fit=0.693500, best_overall=0.693500, mean_diversity=0.139295,
indivs=8714774, elapsed_secs=12766, mean=0.521987, stdev=0.205412, best fit=0.693500, best_overall=0.693500, mean_diversity=0.311303,
indivs=8724872, elapsed_secs=12790, mean=0.553074, stdev=0.070725, best fit=0.693500, best_overall=0.693500, mean_diversity=0.292146,
indivs=8734970, elapsed_secs=12816, mean=0.578647, stdev=0.137892, best fit=0.693500, best_overall=0.693500, mean_diversity=0.098906,
indivs=8745068, elapsed_secs=12839, mean=0.454869, stdev=0.104048, best fit=0.693500, best_overall=0.693500, mean_diversity=0.209974,
indivs=8755166, elapsed_secs=12864, mean=0.560088, stdev=0.123247, best fit=0.693500, best_overall=0.693500, mean_diversity=0.153682,
indivs=8765264, elapsed_secs=12888, mean=0.561754, stdev=0.117049, best fit=0.693500, best_overall=0.693500, mean_diversity=0.350157,
indivs=8775362, elapsed_secs=12916, mean=0.555173, stdev=0.209258, best fit=0.693500, best_overall=0.693500, mean_diversity=0.045097,
indivs=8785460, elapsed_secs=12940, mean=0.575631, stdev=0.102758, best fit=0.693500, best_overall=0.693500, mean_diversity=0.129745,
indivs=8795558, elapsed_secs=12958, mean=0.502742, stdev=0.083802, best fit=0.693500, best_overall=0.693500, mean_diversity=0.464518,
indivs=8805656, elapsed_secs=12979, mean=0.576709, stdev=0.087727, best fit=0.693500, best_overall=0.693500, mean_diversity=0.347055,
indivs=8815754, elapsed_secs=12999, mean=0.501056, stdev=0.019728, best fit=0.693500, best_overall=0.693500, mean_diversity=0.231716,
indivs=8825852, elapsed_secs=13019, mean=0.492867, stdev=0.124592, best fit=0.693500, best_overall=0.693500, mean_diversity=0.160072,
indivs=8835950, elapsed_secs=13041, mean=0.507946, stdev=0.148053, best fit=0.693500, best_overall=0.693500, mean_diversity=0.404531,
indivs=8846048, elapsed_secs=13059, mean=0.531842, stdev=0.133767, best fit=0.693500, best_overall=0.693500, mean_diversity=0.156437,
indivs=8856146, elapsed_secs=13080, mean=0.505171, stdev=0.026783, best fit=0.693500, best_overall=0.693500, mean_diversity=0.200336,
indivs=8866244, elapsed_secs=13104, mean=0.566551, stdev=0.115150, best fit=0.693500, best_overall=0.693500, mean_diversity=0.158849,
indivs=8876342, elapsed_secs=13124, mean=0.572077, stdev=0.104494, best fit=0.693500, best_overall=0.693500, mean_diversity=0.193015,
indivs=8886440, elapsed_secs=13144, mean=0.505935, stdev=0.030267, best fit=0.693500, best_overall=0.693500, mean_diversity=0.237405,
indivs=8896538, elapsed_secs=13168, mean=0.594751, stdev=0.133308, best fit=0.693500, best_overall=0.693500, mean_diversity=0.126312,
indivs=8906636, elapsed_secs=13192, mean=0.511755, stdev=0.110056, best fit=0.693500, best_overall=0.693500, mean_diversity=0.128013,
indivs=8916734, elapsed_secs=13211, mean=0.501585, stdev=0.019519, best fit=0.693500, best_overall=0.693500, mean_diversity=0.212954,
indivs=8926832, elapsed_secs=13236, mean=0.590315, stdev=0.069857, best fit=0.693500, best_overall=0.693500, mean_diversity=0.196195,
indivs=8936930, elapsed_secs=13256, mean=0.519243, stdev=0.139867, best fit=0.693500, best_overall=0.693500, mean_diversity=0.150661,
indivs=8947028, elapsed_secs=13281, mean=0.540928, stdev=0.120772, best fit=0.693500, best_overall=0.693500, mean_diversity=0.337042,
indivs=8957126, elapsed_secs=13303, mean=0.490589, stdev=0.091943, best fit=0.693500, best_overall=0.693500, mean_diversity=0.324398,
indivs=8967224, elapsed_secs=13331, mean=0.499484, stdev=0.028187, best fit=0.693500, best_overall=0.693500, mean_diversity=0.151000,
indivs=8977322, elapsed_secs=13352, mean=0.535209, stdev=0.135358, best fit=0.693500, best_overall=0.693500, mean_diversity=0.160669,
indivs=8987420, elapsed_secs=13375, mean=0.573835, stdev=0.124846, best fit=0.693500, best_overall=0.693500, mean_diversity=0.203811,
indivs=8997518, elapsed_secs=13398, mean=0.511002, stdev=0.112670, best fit=0.693500, best_overall=0.693500, mean_diversity=0.277020,
indivs=9007616, elapsed_secs=13420, mean=0.541597, stdev=0.077632, best fit=0.693500, best_overall=0.693500, mean_diversity=0.278320,
indivs=9017714, elapsed_secs=13443, mean=0.564576, stdev=0.087578, best fit=0.693500, best_overall=0.693500, mean_diversity=0.318406,
indivs=9027812, elapsed_secs=13462, mean=0.533353, stdev=0.104655, best fit=0.693500, best_overall=0.693500, mean_diversity=0.447778,
indivs=9037910, elapsed_secs=13483, mean=0.600233, stdev=0.106063, best fit=0.693500, best_overall=0.693500, mean_diversity=0.214675,
indivs=9048008, elapsed_secs=13504, mean=0.513020, stdev=0.048808, best fit=0.693500, best_overall=0.693500, mean_diversity=0.226034,
indivs=9058106, elapsed_secs=13522, mean=0.517168, stdev=0.095561, best fit=0.693500, best_overall=0.693500, mean_diversity=0.379091,
indivs=9068204, elapsed_secs=13542, mean=0.539732, stdev=0.130391, best fit=0.693500, best_overall=0.693500, mean_diversity=0.204061,
indivs=9078302, elapsed_secs=13562, mean=0.477268, stdev=0.138498, best fit=0.693500, best_overall=0.693500, mean_diversity=0.112063,
indivs=9088400, elapsed_secs=13592, mean=0.627555, stdev=0.100076, best fit=0.693500, best_overall=0.693500, mean_diversity=0.067123,
indivs=9098498, elapsed_secs=13616, mean=0.503005, stdev=0.033944, best fit=0.693500, best_overall=0.693500, mean_diversity=0.176892,
indivs=9108596, elapsed_secs=13635, mean=0.557204, stdev=0.088428, best fit=0.693500, best_overall=0.693500, mean_diversity=0.244057,
indivs=9118694, elapsed_secs=13655, mean=0.469174, stdev=0.100480, best fit=0.693500, best_overall=0.693500, mean_diversity=0.207536,
indivs=9128792, elapsed_secs=13676, mean=0.500727, stdev=0.059660, best fit=0.693500, best_overall=0.693500, mean_diversity=0.341114,
indivs=9138890, elapsed_secs=13695, mean=0.488265, stdev=0.089901, best fit=0.693500, best_overall=0.693500, mean_diversity=0.318777,
indivs=9148988, elapsed_secs=13714, mean=0.550583, stdev=0.094932, best fit=0.693500, best_overall=0.693500, mean_diversity=0.308687,
indivs=9159086, elapsed_secs=13742, mean=0.544320, stdev=0.117766, best fit=0.693500, best_overall=0.693500, mean_diversity=0.256045,
indivs=9169184, elapsed_secs=13766, mean=0.496423, stdev=0.053740, best fit=0.693500, best_overall=0.693500, mean_diversity=0.151695,
indivs=9179282, elapsed_secs=13783, mean=0.517672, stdev=0.049936, best fit=0.693500, best_overall=0.693500, mean_diversity=0.167889,
indivs=9189380, elapsed_secs=13802, mean=0.507452, stdev=0.050094, best fit=0.693500, best_overall=0.693500, mean_diversity=0.319545,
indivs=9199478, elapsed_secs=13829, mean=0.541366, stdev=0.161384, best fit=0.693500, best_overall=0.693500, mean_diversity=0.104456,
indivs=9209576, elapsed_secs=13851, mean=0.599777, stdev=0.125647, best fit=0.693500, best_overall=0.693500, mean_diversity=0.040642,
indivs=9219674, elapsed_secs=13879, mean=0.490340, stdev=0.139538, best fit=0.693500, best_overall=0.693500, mean_diversity=0.365301,
indivs=9229772, elapsed_secs=13901, mean=0.568878, stdev=0.074306, best fit=0.693500, best_overall=0.693500, mean_diversity=0.426910,
indivs=9239870, elapsed_secs=13920, mean=0.556226, stdev=0.129036, best fit=0.693500, best_overall=0.693500, mean_diversity=0.232741,
indivs=9249968, elapsed_secs=13943, mean=0.557532, stdev=0.084896, best fit=0.693500, best_overall=0.693500, mean_diversity=0.219376,
indivs=9260066, elapsed_secs=13967, mean=0.509272, stdev=0.108260, best fit=0.693500, best_overall=0.693500, mean_diversity=0.250772,
indivs=9270164, elapsed_secs=13986, mean=0.518722, stdev=0.092886, best fit=0.693500, best_overall=0.693500, mean_diversity=0.294258,
indivs=9280262, elapsed_secs=14009, mean=0.518696, stdev=0.140831, best fit=0.693500, best_overall=0.693500, mean_diversity=0.287009,
indivs=9290360, elapsed_secs=14033, mean=0.501655, stdev=0.051610, best fit=0.693500, best_overall=0.693500, mean_diversity=0.112345,
indivs=9300458, elapsed_secs=14056, mean=0.471725, stdev=0.120745, best fit=0.693500, best_overall=0.693500, mean_diversity=0.194321,
indivs=9310556, elapsed_secs=14077, mean=0.515729, stdev=0.052356, best fit=0.693500, best_overall=0.693500, mean_diversity=0.250411,
indivs=9320654, elapsed_secs=14099, mean=0.501034, stdev=0.032871, best fit=0.693500, best_overall=0.693500, mean_diversity=0.132569,
indivs=9330752, elapsed_secs=14122, mean=0.472051, stdev=0.146723, best fit=0.693500, best_overall=0.693500, mean_diversity=0.206743,
indivs=9340850, elapsed_secs=14147, mean=0.558033, stdev=0.097294, best fit=0.693500, best_overall=0.693500, mean_diversity=0.241167,
indivs=9350948, elapsed_secs=14168, mean=0.507180, stdev=0.070777, best fit=0.693500, best_overall=0.693500, mean_diversity=0.363429,
indivs=9361046, elapsed_secs=14187, mean=0.512969, stdev=0.039534, best fit=0.693500, best_overall=0.693500, mean_diversity=0.243198,
indivs=9371144, elapsed_secs=14209, mean=0.502859, stdev=0.023814, best fit=0.693500, best_overall=0.693500, mean_diversity=0.149662,
indivs=9381242, elapsed_secs=14232, mean=0.517730, stdev=0.106089, best fit=0.693500, best_overall=0.693500, mean_diversity=0.484860,
indivs=9391340, elapsed_secs=14251, mean=0.488352, stdev=0.104725, best fit=0.693500, best_overall=0.693500, mean_diversity=0.210838,
indivs=9401438, elapsed_secs=14271, mean=0.544914, stdev=0.124831, best fit=0.693500, best_overall=0.693500, mean_diversity=0.176206,
indivs=9411536, elapsed_secs=14295, mean=0.480186, stdev=0.124599, best fit=0.693500, best_overall=0.693500, mean_diversity=0.398146,
indivs=9421634, elapsed_secs=14318, mean=0.544836, stdev=0.110209, best fit=0.693500, best_overall=0.693500, mean_diversity=0.166498,
indivs=9431732, elapsed_secs=14338, mean=0.522745, stdev=0.141634, best fit=0.693500, best_overall=0.693500, mean_diversity=0.212068,
indivs=9441830, elapsed_secs=14360, mean=0.535976, stdev=0.071389, best fit=0.693500, best_overall=0.693500, mean_diversity=0.262455,
indivs=9451928, elapsed_secs=14380, mean=0.572876, stdev=0.080810, best fit=0.693500, best_overall=0.693500, mean_diversity=0.272808,
indivs=9462026, elapsed_secs=14409, mean=0.584497, stdev=0.085307, best fit=0.693500, best_overall=0.693500, mean_diversity=0.183065,
indivs=9472124, elapsed_secs=14432, mean=0.571000, stdev=0.104661, best fit=0.693500, best_overall=0.693500, mean_diversity=0.070207,
indivs=9482222, elapsed_secs=14455, mean=0.557316, stdev=0.120151, best fit=0.693500, best_overall=0.693500, mean_diversity=0.309536,
indivs=9492320, elapsed_secs=14475, mean=0.503291, stdev=0.026480, best fit=0.693500, best_overall=0.693500, mean_diversity=0.224943,
indivs=9502418, elapsed_secs=14498, mean=0.502480, stdev=0.020033, best fit=0.693500, best_overall=0.693500, mean_diversity=0.236772,
indivs=9512516, elapsed_secs=14519, mean=0.581017, stdev=0.076282, best fit=0.693500, best_overall=0.693500, mean_diversity=0.087096,
indivs=9522614, elapsed_secs=14543, mean=0.526419, stdev=0.080584, best fit=0.693500, best_overall=0.693500, mean_diversity=0.364686,
indivs=9532712, elapsed_secs=14564, mean=0.502046, stdev=0.077583, best fit=0.693500, best_overall=0.693500, mean_diversity=0.230131,
indivs=9542810, elapsed_secs=14586, mean=0.522420, stdev=0.095210, best fit=0.693500, best_overall=0.693500, mean_diversity=0.170077,
indivs=9552908, elapsed_secs=14609, mean=0.552202, stdev=0.096106, best fit=0.693500, best_overall=0.693500, mean_diversity=0.264694,
indivs=9563006, elapsed_secs=14634, mean=0.557766, stdev=0.103011, best fit=0.693500, best_overall=0.693500, mean_diversity=0.291076,
indivs=9573104, elapsed_secs=14658, mean=0.491958, stdev=0.073099, best fit=0.693500, best_overall=0.693500, mean_diversity=0.214046,
indivs=9583202, elapsed_secs=14679, mean=0.548049, stdev=0.122813, best fit=0.693500, best_overall=0.693500, mean_diversity=0.182100,
indivs=9593300, elapsed_secs=14702, mean=0.635648, stdev=0.112156, best fit=0.693500, best_overall=0.693500, mean_diversity=0.157351,
indivs=9603398, elapsed_secs=14725, mean=0.521568, stdev=0.085370, best fit=0.693500, best_overall=0.693500, mean_diversity=0.251375,
indivs=9613496, elapsed_secs=14746, mean=0.536325, stdev=0.128129, best fit=0.693500, best_overall=0.693500, mean_diversity=0.087573,
indivs=9623594, elapsed_secs=14767, mean=0.571437, stdev=0.147249, best fit=0.693500, best_overall=0.693500, mean_diversity=0.114899,
indivs=9633692, elapsed_secs=14795, mean=0.559467, stdev=0.097838, best fit=0.693500, best_overall=0.693500, mean_diversity=0.241881,
indivs=9643790, elapsed_secs=14817, mean=0.572251, stdev=0.082178, best fit=0.693500, best_overall=0.693500, mean_diversity=0.307183,
indivs=9653888, elapsed_secs=14838, mean=0.520972, stdev=0.082735, best fit=0.693500, best_overall=0.693500, mean_diversity=0.261423,
indivs=9663986, elapsed_secs=14864, mean=0.588048, stdev=0.090996, best fit=0.693500, best_overall=0.693500, mean_diversity=0.106231,
indivs=9674084, elapsed_secs=14888, mean=0.564162, stdev=0.155706, best fit=0.693500, best_overall=0.693500, mean_diversity=0.102867,
indivs=9684182, elapsed_secs=14914, mean=0.606732, stdev=0.107632, best fit=0.693500, best_overall=0.693500, mean_diversity=0.103217,
indivs=9694280, elapsed_secs=14933, mean=0.538770, stdev=0.094374, best fit=0.693500, best_overall=0.693500, mean_diversity=0.074291,
indivs=9704378, elapsed_secs=14961, mean=0.468896, stdev=0.164815, best fit=0.693500, best_overall=0.693500, mean_diversity=0.182505,
indivs=9714476, elapsed_secs=14989, mean=0.511472, stdev=0.109762, best fit=0.693500, best_overall=0.693500, mean_diversity=0.271804,
indivs=9724574, elapsed_secs=15010, mean=0.503620, stdev=0.085169, best fit=0.693500, best_overall=0.693500, mean_diversity=0.179955,
indivs=9734672, elapsed_secs=15033, mean=0.536603, stdev=0.121481, best fit=0.693500, best_overall=0.693500, mean_diversity=0.160955,
indivs=9744770, elapsed_secs=15056, mean=0.566503, stdev=0.149925, best fit=0.693500, best_overall=0.693500, mean_diversity=0.167269,
indivs=9754868, elapsed_secs=15081, mean=0.442365, stdev=0.121978, best fit=0.693500, best_overall=0.693500, mean_diversity=0.153570,
indivs=9764966, elapsed_secs=15102, mean=0.480124, stdev=0.101060, best fit=0.693500, best_overall=0.693500, mean_diversity=0.231729,
indivs=9775064, elapsed_secs=15123, mean=0.509154, stdev=0.074352, best fit=0.693500, best_overall=0.693500, mean_diversity=0.273324,
indivs=9785162, elapsed_secs=15143, mean=0.501935, stdev=0.019253, best fit=0.693500, best_overall=0.693500, mean_diversity=0.181497,
indivs=9795260, elapsed_secs=15169, mean=0.471276, stdev=0.113052, best fit=0.693500, best_overall=0.693500, mean_diversity=0.136895,
indivs=9805358, elapsed_secs=15188, mean=0.501560, stdev=0.063246, best fit=0.693500, best_overall=0.693500, mean_diversity=0.109841,
indivs=9815456, elapsed_secs=15210, mean=0.561797, stdev=0.102593, best fit=0.693500, best_overall=0.693500, mean_diversity=0.274972,
indivs=9825554, elapsed_secs=15232, mean=0.546291, stdev=0.148714, best fit=0.693500, best_overall=0.693500, mean_diversity=0.277825,
indivs=9835652, elapsed_secs=15258, mean=0.516761, stdev=0.073928, best fit=0.693500, best_overall=0.693500, mean_diversity=0.127105,
indivs=9845750, elapsed_secs=15283, mean=0.496139, stdev=0.113128, best fit=0.693500, best_overall=0.693500, mean_diversity=0.150960,
indivs=9855848, elapsed_secs=15306, mean=0.584566, stdev=0.114593, best fit=0.693500, best_overall=0.693500, mean_diversity=0.222411,
indivs=9865946, elapsed_secs=15329, mean=0.486417, stdev=0.087760, best fit=0.693500, best_overall=0.693500, mean_diversity=0.050166,
indivs=9876044, elapsed_secs=15349, mean=0.505472, stdev=0.031150, best fit=0.693500, best_overall=0.693500, mean_diversity=0.091716,
indivs=9886142, elapsed_secs=15374, mean=0.544537, stdev=0.177800, best fit=0.693500, best_overall=0.693500, mean_diversity=0.137919,
indivs=9896240, elapsed_secs=15399, mean=0.518436, stdev=0.072703, best fit=0.693500, best_overall=0.693500, mean_diversity=0.132152,
indivs=9906338, elapsed_secs=15424, mean=0.560349, stdev=0.090907, best fit=0.693500, best_overall=0.693500, mean_diversity=0.209207,
indivs=9916436, elapsed_secs=15445, mean=0.519233, stdev=0.080939, best fit=0.693500, best_overall=0.693500, mean_diversity=0.245714,
indivs=9926534, elapsed_secs=15467, mean=0.514579, stdev=0.049846, best fit=0.693500, best_overall=0.693500, mean_diversity=0.123771,
indivs=9936632, elapsed_secs=15486, mean=0.523438, stdev=0.061341, best fit=0.693500, best_overall=0.693500, mean_diversity=0.479653,
indivs=9946730, elapsed_secs=15511, mean=0.578396, stdev=0.085016, best fit=0.693500, best_overall=0.693500, mean_diversity=0.114816,
indivs=9956828, elapsed_secs=15537, mean=0.541977, stdev=0.079387, best fit=0.693500, best_overall=0.693500, mean_diversity=0.309048,
indivs=9966926, elapsed_secs=15557, mean=0.492362, stdev=0.031466, best fit=0.693500, best_overall=0.693500, mean_diversity=0.216327,
indivs=9977024, elapsed_secs=15584, mean=0.558230, stdev=0.065797, best fit=0.693500, best_overall=0.693500, mean_diversity=0.282589,
indivs=9987122, elapsed_secs=15608, mean=0.605850, stdev=0.099244, best fit=0.693500, best_overall=0.693500, mean_diversity=0.078971,
indivs=9997220, elapsed_secs=15632, mean=0.545192, stdev=0.098232, best fit=0.693500, best_overall=0.693500, mean_diversity=0.302337,
indivs=10007318, elapsed_secs=15655, mean=0.481935, stdev=0.100240, best fit=0.693500, best_overall=0.693500, mean_diversity=0.165836,
indivs=10017416, elapsed_secs=15674, mean=0.503192, stdev=0.022853, best fit=0.693500, best_overall=0.693500, mean_diversity=0.038248,
indivs=10027514, elapsed_secs=15697, mean=0.538275, stdev=0.141375, best fit=0.693500, best_overall=0.693500, mean_diversity=0.291934,
indivs=10037612, elapsed_secs=15718, mean=0.510648, stdev=0.129527, best fit=0.693500, best_overall=0.693500, mean_diversity=0.199508,
indivs=10047710, elapsed_secs=15741, mean=0.501135, stdev=0.021270, best fit=0.693500, best_overall=0.693500, mean_diversity=0.180690,
indivs=10057808, elapsed_secs=15764, mean=0.531355, stdev=0.077197, best fit=0.693500, best_overall=0.693500, mean_diversity=0.253254,
indivs=10067906, elapsed_secs=15781, mean=0.584565, stdev=0.134408, best fit=0.693500, best_overall=0.693500, mean_diversity=0.167606,
indivs=10078004, elapsed_secs=15803, mean=0.509256, stdev=0.035705, best fit=0.693500, best_overall=0.693500, mean_diversity=0.235879,
indivs=10088102, elapsed_secs=15824, mean=0.542695, stdev=0.102926, best fit=0.693500, best_overall=0.693500, mean_diversity=0.082458,
indivs=10098200, elapsed_secs=15842, mean=0.512326, stdev=0.069231, best fit=0.693500, best_overall=0.693500, mean_diversity=0.210474,
indivs=10108298, elapsed_secs=15866, mean=0.612407, stdev=0.147404, best fit=0.693500, best_overall=0.693500, mean_diversity=0.063955,
indivs=10118396, elapsed_secs=15891, mean=0.503277, stdev=0.023319, best fit=0.693500, best_overall=0.693500, mean_diversity=0.107340,
indivs=10128494, elapsed_secs=15909, mean=0.552732, stdev=0.090025, best fit=0.693500, best_overall=0.693500, mean_diversity=0.230825,
indivs=10138592, elapsed_secs=15934, mean=0.536865, stdev=0.083785, best fit=0.693500, best_overall=0.693500, mean_diversity=0.131737,
indivs=10148690, elapsed_secs=15957, mean=0.561237, stdev=0.110910, best fit=0.693500, best_overall=0.693500, mean_diversity=0.325943,
indivs=10158788, elapsed_secs=15977, mean=0.513540, stdev=0.094341, best fit=0.693500, best_overall=0.693500, mean_diversity=0.190335,
indivs=10168886, elapsed_secs=15997, mean=0.478610, stdev=0.101100, best fit=0.693500, best_overall=0.693500, mean_diversity=0.139294,
indivs=10178984, elapsed_secs=16022, mean=0.491568, stdev=0.091633, best fit=0.693500, best_overall=0.693500, mean_diversity=0.226944,
indivs=10189082, elapsed_secs=16044, mean=0.496749, stdev=0.027698, best fit=0.693500, best_overall=0.693500, mean_diversity=0.249695,
indivs=10199180, elapsed_secs=16066, mean=0.573383, stdev=0.133645, best fit=0.693500, best_overall=0.693500, mean_diversity=0.181471,
indivs=10209278, elapsed_secs=16089, mean=0.544104, stdev=0.082225, best fit=0.693500, best_overall=0.693500, mean_diversity=0.213885,
indivs=10219376, elapsed_secs=16106, mean=0.488435, stdev=0.074268, best fit=0.693500, best_overall=0.693500, mean_diversity=0.510970,
indivs=10229474, elapsed_secs=16129, mean=0.489079, stdev=0.101516, best fit=0.693500, best_overall=0.693500, mean_diversity=0.101046,
indivs=10239572, elapsed_secs=16149, mean=0.541850, stdev=0.065819, best fit=0.693500, best_overall=0.693500, mean_diversity=0.337322,
indivs=10249670, elapsed_secs=16169, mean=0.537680, stdev=0.070133, best fit=0.693500, best_overall=0.693500, mean_diversity=0.313341,
indivs=10259768, elapsed_secs=16188, mean=0.532309, stdev=0.105444, best fit=0.693500, best_overall=0.693500, mean_diversity=0.307111,
indivs=10269866, elapsed_secs=16210, mean=0.615068, stdev=0.143613, best fit=0.693500, best_overall=0.693500, mean_diversity=0.126277,
indivs=10279964, elapsed_secs=16234, mean=0.473526, stdev=0.122259, best fit=0.693500, best_overall=0.693500, mean_diversity=0.133673,
indivs=10290062, elapsed_secs=16255, mean=0.581017, stdev=0.144333, best fit=0.693500, best_overall=0.693500, mean_diversity=0.087721,
indivs=10300160, elapsed_secs=16279, mean=0.546337, stdev=0.119733, best fit=0.693500, best_overall=0.693500, mean_diversity=0.178944,
indivs=10310258, elapsed_secs=16302, mean=0.554514, stdev=0.081041, best fit=0.693500, best_overall=0.693500, mean_diversity=0.354825,
indivs=10320356, elapsed_secs=16322, mean=0.561222, stdev=0.106324, best fit=0.693500, best_overall=0.693500, mean_diversity=0.086467,
indivs=10330454, elapsed_secs=16345, mean=0.502015, stdev=0.019261, best fit=0.693500, best_overall=0.693500, mean_diversity=0.068746,
indivs=10340552, elapsed_secs=16365, mean=0.551918, stdev=0.090066, best fit=0.693500, best_overall=0.693500, mean_diversity=0.172117,
indivs=10350650, elapsed_secs=16383, mean=0.579105, stdev=0.088231, best fit=0.693500, best_overall=0.693500, mean_diversity=0.154235,
indivs=10360748, elapsed_secs=16409, mean=0.579987, stdev=0.105080, best fit=0.693500, best_overall=0.693500, mean_diversity=0.382593,
indivs=10370846, elapsed_secs=16434, mean=0.591516, stdev=0.103824, best fit=0.693500, best_overall=0.693500, mean_diversity=0.112647,
indivs=10380944, elapsed_secs=16459, mean=0.499934, stdev=0.024988, best fit=0.693500, best_overall=0.693500, mean_diversity=0.315106,
indivs=10391042, elapsed_secs=16487, mean=0.537454, stdev=0.170344, best fit=0.693500, best_overall=0.693500, mean_diversity=0.204114,
indivs=10401140, elapsed_secs=16511, mean=0.486795, stdev=0.087755, best fit=0.693500, best_overall=0.693500, mean_diversity=0.326032,
indivs=10411238, elapsed_secs=16533, mean=0.575990, stdev=0.120961, best fit=0.693500, best_overall=0.693500, mean_diversity=0.172155,
indivs=10421336, elapsed_secs=16558, mean=0.497089, stdev=0.075685, best fit=0.693500, best_overall=0.693500, mean_diversity=0.275956,
indivs=10431434, elapsed_secs=16580, mean=0.486934, stdev=0.087771, best fit=0.693500, best_overall=0.693500, mean_diversity=0.141226,
indivs=10441532, elapsed_secs=16597, mean=0.592360, stdev=0.117660, best fit=0.693500, best_overall=0.693500, mean_diversity=0.261857,
indivs=10451630, elapsed_secs=16625, mean=0.521532, stdev=0.119526, best fit=0.693500, best_overall=0.693500, mean_diversity=0.260000,
indivs=10461728, elapsed_secs=16650, mean=0.513322, stdev=0.083106, best fit=0.693500, best_overall=0.693500, mean_diversity=0.241653,
indivs=10471826, elapsed_secs=16673, mean=0.508981, stdev=0.071416, best fit=0.693500, best_overall=0.693500, mean_diversity=0.206100,
indivs=10481924, elapsed_secs=16692, mean=0.501610, stdev=0.019692, best fit=0.693500, best_overall=0.693500, mean_diversity=0.214845,
indivs=10492022, elapsed_secs=16717, mean=0.529332, stdev=0.056357, best fit=0.693500, best_overall=0.693500, mean_diversity=0.245377,
indivs=10502120, elapsed_secs=16742, mean=0.576787, stdev=0.151414, best fit=0.693500, best_overall=0.693500, mean_diversity=0.093775,
indivs=10512218, elapsed_secs=16769, mean=0.538979, stdev=0.069913, best fit=0.693500, best_overall=0.693500, mean_diversity=0.238895,
indivs=10522316, elapsed_secs=16794, mean=0.526343, stdev=0.066052, best fit=0.693500, best_overall=0.693500, mean_diversity=0.111001,
indivs=10532414, elapsed_secs=16816, mean=0.582643, stdev=0.095722, best fit=0.693500, best_overall=0.693500, mean_diversity=0.326577,
indivs=10542512, elapsed_secs=16840, mean=0.466984, stdev=0.129555, best fit=0.693500, best_overall=0.693500, mean_diversity=0.066136,
indivs=10552610, elapsed_secs=16863, mean=0.543796, stdev=0.199846, best fit=0.693500, best_overall=0.693500, mean_diversity=0.056046,
indivs=10562708, elapsed_secs=16885, mean=0.553802, stdev=0.082034, best fit=0.693500, best_overall=0.693500, mean_diversity=0.394852,
indivs=10572806, elapsed_secs=16911, mean=0.458030, stdev=0.148611, best fit=0.693500, best_overall=0.693500, mean_diversity=0.425314,
indivs=10582904, elapsed_secs=16932, mean=0.523083, stdev=0.081555, best fit=0.693500, best_overall=0.693500, mean_diversity=0.208514,
indivs=10593002, elapsed_secs=16954, mean=0.555915, stdev=0.086113, best fit=0.693500, best_overall=0.693500, mean_diversity=0.238235,
indivs=10603100, elapsed_secs=16971, mean=0.472476, stdev=0.067264, best fit=0.693500, best_overall=0.693500, mean_diversity=0.213144,
indivs=10613198, elapsed_secs=16990, mean=0.480566, stdev=0.112684, best fit=0.693500, best_overall=0.693500, mean_diversity=0.134805,
indivs=10623296, elapsed_secs=17011, mean=0.535560, stdev=0.120135, best fit=0.693500, best_overall=0.693500, mean_diversity=0.345595,
indivs=10633394, elapsed_secs=17031, mean=0.616441, stdev=0.133584, best fit=0.693500, best_overall=0.693500, mean_diversity=0.271917,
indivs=10643492, elapsed_secs=17058, mean=0.472056, stdev=0.118933, best fit=0.693500, best_overall=0.693500, mean_diversity=0.271290,
indivs=10653590, elapsed_secs=17083, mean=0.563817, stdev=0.116958, best fit=0.693500, best_overall=0.693500, mean_diversity=0.136362,
indivs=10663688, elapsed_secs=17103, mean=0.573468, stdev=0.157293, best fit=0.693500, best_overall=0.693500, mean_diversity=0.123212,
indivs=10673786, elapsed_secs=17126, mean=0.493381, stdev=0.059162, best fit=0.693500, best_overall=0.693500, mean_diversity=0.162108,
indivs=10683884, elapsed_secs=17149, mean=0.554126, stdev=0.096978, best fit=0.693500, best_overall=0.693500, mean_diversity=0.204969,
indivs=10693982, elapsed_secs=17171, mean=0.565215, stdev=0.155493, best fit=0.693500, best_overall=0.693500, mean_diversity=0.167946,
indivs=10704080, elapsed_secs=17190, mean=0.591567, stdev=0.108830, best fit=0.693500, best_overall=0.693500, mean_diversity=0.130735,
indivs=10714178, elapsed_secs=17212, mean=0.539262, stdev=0.067798, best fit=0.693500, best_overall=0.693500, mean_diversity=0.134761,
indivs=10724276, elapsed_secs=17234, mean=0.612905, stdev=0.146688, best fit=0.693500, best_overall=0.693500, mean_diversity=0.051644,
indivs=10734374, elapsed_secs=17255, mean=0.513544, stdev=0.041142, best fit=0.693500, best_overall=0.693500, mean_diversity=0.274280,
indivs=10744472, elapsed_secs=17279, mean=0.498412, stdev=0.121537, best fit=0.693500, best_overall=0.693500, mean_diversity=0.376216,
indivs=10754570, elapsed_secs=17302, mean=0.578957, stdev=0.107370, best fit=0.693500, best_overall=0.693500, mean_diversity=0.210105,
indivs=10764668, elapsed_secs=17328, mean=0.550841, stdev=0.099014, best fit=0.693500, best_overall=0.693500, mean_diversity=0.137031,
indivs=10774766, elapsed_secs=17351, mean=0.516092, stdev=0.111814, best fit=0.693500, best_overall=0.693500, mean_diversity=0.313376,
indivs=10784864, elapsed_secs=17373, mean=0.588701, stdev=0.122356, best fit=0.693500, best_overall=0.693500, mean_diversity=0.244339,
indivs=10794962, elapsed_secs=17395, mean=0.497522, stdev=0.054807, best fit=0.693500, best_overall=0.693500, mean_diversity=0.254069,
indivs=10805060, elapsed_secs=17423, mean=0.521912, stdev=0.101437, best fit=0.693500, best_overall=0.693500, mean_diversity=0.256620,
indivs=10815158, elapsed_secs=17443, mean=0.545022, stdev=0.110504, best fit=0.693500, best_overall=0.693500, mean_diversity=0.320909,
indivs=10825256, elapsed_secs=17465, mean=0.501935, stdev=0.019253, best fit=0.693500, best_overall=0.693500, mean_diversity=0.118007,
indivs=10835354, elapsed_secs=17489, mean=0.561255, stdev=0.117050, best fit=0.693500, best_overall=0.693500, mean_diversity=0.162563,
indivs=10845452, elapsed_secs=17514, mean=0.515123, stdev=0.071267, best fit=0.693500, best_overall=0.693500, mean_diversity=0.276100,
indivs=10855550, elapsed_secs=17539, mean=0.525443, stdev=0.100880, best fit=0.693500, best_overall=0.693500, mean_diversity=0.297034,
indivs=10865648, elapsed_secs=17559, mean=0.507933, stdev=0.106526, best fit=0.693500, best_overall=0.693500, mean_diversity=0.177135,
indivs=10875746, elapsed_secs=17583, mean=0.462509, stdev=0.162057, best fit=0.693500, best_overall=0.693500, mean_diversity=0.190805,
indivs=10885844, elapsed_secs=17604, mean=0.529855, stdev=0.097003, best fit=0.693500, best_overall=0.693500, mean_diversity=0.413180,
indivs=10895942, elapsed_secs=17631, mean=0.570044, stdev=0.142494, best fit=0.693500, best_overall=0.693500, mean_diversity=0.122982,
indivs=10906040, elapsed_secs=17649, mean=0.492155, stdev=0.071083, best fit=0.693500, best_overall=0.693500, mean_diversity=0.170881,
indivs=10916138, elapsed_secs=17670, mean=0.577442, stdev=0.089770, best fit=0.693500, best_overall=0.693500, mean_diversity=0.148513,
indivs=10926236, elapsed_secs=17692, mean=0.468662, stdev=0.140749, best fit=0.693500, best_overall=0.693500, mean_diversity=0.247109,
indivs=10936334, elapsed_secs=17719, mean=0.547147, stdev=0.085333, best fit=0.693500, best_overall=0.693500, mean_diversity=0.364514,
indivs=10946432, elapsed_secs=17741, mean=0.447273, stdev=0.246173, best fit=0.693500, best_overall=0.693500, mean_diversity=0.111870,
indivs=10956530, elapsed_secs=17764, mean=0.493958, stdev=0.173687, best fit=0.693500, best_overall=0.693500, mean_diversity=0.399910,
indivs=10966628, elapsed_secs=17791, mean=0.568746, stdev=0.128013, best fit=0.693500, best_overall=0.693500, mean_diversity=0.064153,
indivs=10976726, elapsed_secs=17813, mean=0.536713, stdev=0.088885, best fit=0.693500, best_overall=0.693500, mean_diversity=0.409595,
indivs=10986824, elapsed_secs=17841, mean=0.482917, stdev=0.163004, best fit=0.693500, best_overall=0.693500, mean_diversity=0.272227,
indivs=10996922, elapsed_secs=17864, mean=0.506098, stdev=0.074442, best fit=0.693500, best_overall=0.693500, mean_diversity=0.379191,
indivs=11007020, elapsed_secs=17886, mean=0.546987, stdev=0.085427, best fit=0.693500, best_overall=0.693500, mean_diversity=0.111366,
indivs=11017118, elapsed_secs=17908, mean=0.501935, stdev=0.019253, best fit=0.693500, best_overall=0.693500, mean_diversity=0.355300,
indivs=11027216, elapsed_secs=17928, mean=0.494853, stdev=0.076191, best fit=0.693500, best_overall=0.693500, mean_diversity=0.149474,
indivs=11037314, elapsed_secs=17949, mean=0.494964, stdev=0.081804, best fit=0.693500, best_overall=0.693500, mean_diversity=0.273127,
indivs=11047412, elapsed_secs=17967, mean=0.457181, stdev=0.163563, best fit=0.693500, best_overall=0.693500, mean_diversity=0.100581,
indivs=11057510, elapsed_secs=17988, mean=0.530716, stdev=0.079572, best fit=0.693500, best_overall=0.693500, mean_diversity=0.182236,
indivs=11067608, elapsed_secs=18011, mean=0.542799, stdev=0.105185, best fit=0.693500, best_overall=0.693500, mean_diversity=0.390201,
indivs=11077706, elapsed_secs=18029, mean=0.581365, stdev=0.175479, best fit=0.693500, best_overall=0.693500, mean_diversity=0.172397,
indivs=11087804, elapsed_secs=18054, mean=0.550197, stdev=0.118828, best fit=0.693500, best_overall=0.693500, mean_diversity=0.221621,
indivs=11097902, elapsed_secs=18072, mean=0.506940, stdev=0.095936, best fit=0.693500, best_overall=0.693500, mean_diversity=0.305469,
indivs=11108000, elapsed_secs=18093, mean=0.604196, stdev=0.086212, best fit=0.693500, best_overall=0.693500, mean_diversity=0.140251,
indivs=11118098, elapsed_secs=18119, mean=0.530869, stdev=0.141016, best fit=0.693500, best_overall=0.693500, mean_diversity=0.194074,
indivs=11128196, elapsed_secs=18140, mean=0.503086, stdev=0.097441, best fit=0.693500, best_overall=0.693500, mean_diversity=0.196580,
indivs=11138294, elapsed_secs=18165, mean=0.556426, stdev=0.147566, best fit=0.693500, best_overall=0.693500, mean_diversity=0.139069,
indivs=11148392, elapsed_secs=18190, mean=0.534458, stdev=0.062806, best fit=0.693500, best_overall=0.693500, mean_diversity=0.363012,
indivs=11158490, elapsed_secs=18212, mean=0.584321, stdev=0.119509, best fit=0.693500, best_overall=0.693500, mean_diversity=0.142999,
indivs=11168588, elapsed_secs=18235, mean=0.510275, stdev=0.071732, best fit=0.693500, best_overall=0.693500, mean_diversity=0.196154,
indivs=11178686, elapsed_secs=18263, mean=0.500346, stdev=0.076821, best fit=0.693500, best_overall=0.693500, mean_diversity=0.346750,
indivs=11188784, elapsed_secs=18286, mean=0.480446, stdev=0.123115, best fit=0.693500, best_overall=0.693500, mean_diversity=0.170249,
indivs=11198882, elapsed_secs=18307, mean=0.530231, stdev=0.135364, best fit=0.693500, best_overall=0.693500, mean_diversity=0.331357,
indivs=11208980, elapsed_secs=18328, mean=0.527653, stdev=0.087297, best fit=0.693500, best_overall=0.693500, mean_diversity=0.287710,
indivs=11219078, elapsed_secs=18351, mean=0.515223, stdev=0.094466, best fit=0.693500, best_overall=0.693500, mean_diversity=0.209357,
indivs=11229176, elapsed_secs=18373, mean=0.491358, stdev=0.123026, best fit=0.693500, best_overall=0.693500, mean_diversity=0.174497,
indivs=11239274, elapsed_secs=18397, mean=0.601633, stdev=0.134353, best fit=0.693500, best_overall=0.693500, mean_diversity=0.092614,
indivs=11249372, elapsed_secs=18423, mean=0.532633, stdev=0.082736, best fit=0.693500, best_overall=0.693500, mean_diversity=0.434121,
indivs=11259470, elapsed_secs=18452, mean=0.546251, stdev=0.063131, best fit=0.693500, best_overall=0.693500, mean_diversity=0.252126,
indivs=11269568, elapsed_secs=18475, mean=0.509133, stdev=0.175358, best fit=0.693500, best_overall=0.693500, mean_diversity=0.072371,
indivs=11279666, elapsed_secs=18497, mean=0.461908, stdev=0.111051, best fit=0.693500, best_overall=0.693500, mean_diversity=0.400217,
indivs=11289764, elapsed_secs=18521, mean=0.555720, stdev=0.103909, best fit=0.693500, best_overall=0.693500, mean_diversity=0.344831,
indivs=11299862, elapsed_secs=18545, mean=0.565393, stdev=0.116850, best fit=0.693500, best_overall=0.693500, mean_diversity=0.356985,
indivs=11309960, elapsed_secs=18569, mean=0.594383, stdev=0.079592, best fit=0.693500, best_overall=0.693500, mean_diversity=0.205859,
indivs=11320058, elapsed_secs=18593, mean=0.497986, stdev=0.057129, best fit=0.693500, best_overall=0.693500, mean_diversity=0.098574,
indivs=11330156, elapsed_secs=18616, mean=0.580570, stdev=0.135387, best fit=0.693500, best_overall=0.693500, mean_diversity=0.163539,
indivs=11340254, elapsed_secs=18643, mean=0.503094, stdev=0.130064, best fit=0.693500, best_overall=0.693500, mean_diversity=0.223694,
indivs=11350352, elapsed_secs=18665, mean=0.556837, stdev=0.106830, best fit=0.693500, best_overall=0.693500, mean_diversity=0.206270,
indivs=11360450, elapsed_secs=18685, mean=0.526623, stdev=0.084540, best fit=0.693500, best_overall=0.693500, mean_diversity=0.249547,
indivs=11370548, elapsed_secs=18706, mean=0.570679, stdev=0.104157, best fit=0.693500, best_overall=0.693500, mean_diversity=0.255211,
indivs=11380646, elapsed_secs=18728, mean=0.493878, stdev=0.073676, best fit=0.693500, best_overall=0.693500, mean_diversity=0.303516,
indivs=11390744, elapsed_secs=18750, mean=0.485501, stdev=0.167601, best fit=0.693500, best_overall=0.693500, mean_diversity=0.328576,
indivs=11400842, elapsed_secs=18769, mean=0.498950, stdev=0.020476, best fit=0.693500, best_overall=0.693500, mean_diversity=0.239206,
indivs=11410940, elapsed_secs=18789, mean=0.491935, stdev=0.072865, best fit=0.693500, best_overall=0.693500, mean_diversity=0.086218,
indivs=11421038, elapsed_secs=18810, mean=0.494767, stdev=0.054395, best fit=0.693500, best_overall=0.693500, mean_diversity=0.164661,
indivs=11431136, elapsed_secs=18832, mean=0.501935, stdev=0.019253, best fit=0.693500, best_overall=0.693500, mean_diversity=0.122188,
indivs=11441234, elapsed_secs=18855, mean=0.510087, stdev=0.125363, best fit=0.693500, best_overall=0.693500, mean_diversity=0.169911,
indivs=11451332, elapsed_secs=18878, mean=0.560659, stdev=0.108486, best fit=0.693500, best_overall=0.693500, mean_diversity=0.175459,
indivs=11461430, elapsed_secs=18903, mean=0.575011, stdev=0.088407, best fit=0.693500, best_overall=0.693500, mean_diversity=0.310274,
indivs=11471528, elapsed_secs=18933, mean=0.547494, stdev=0.078918, best fit=0.693500, best_overall=0.693500, mean_diversity=0.206229,
indivs=11481626, elapsed_secs=18957, mean=0.495711, stdev=0.110717, best fit=0.693500, best_overall=0.693500, mean_diversity=0.300254,
indivs=11491724, elapsed_secs=18983, mean=0.595056, stdev=0.058111, best fit=0.693500, best_overall=0.693500, mean_diversity=0.047010,
indivs=11501822, elapsed_secs=19003, mean=0.533960, stdev=0.091819, best fit=0.693500, best_overall=0.693500, mean_diversity=0.315588,
indivs=11511920, elapsed_secs=19025, mean=0.593967, stdev=0.133567, best fit=0.693500, best_overall=0.693500, mean_diversity=0.405474,
indivs=11522018, elapsed_secs=19052, mean=0.560391, stdev=0.086591, best fit=0.693500, best_overall=0.693500, mean_diversity=0.231415,
indivs=11532116, elapsed_secs=19078, mean=0.504373, stdev=0.066242, best fit=0.693500, best_overall=0.693500, mean_diversity=0.077962,
indivs=11542214, elapsed_secs=19099, mean=0.574485, stdev=0.102185, best fit=0.693500, best_overall=0.693500, mean_diversity=0.142750,
indivs=11552312, elapsed_secs=19120, mean=0.562058, stdev=0.121083, best fit=0.693500, best_overall=0.693500, mean_diversity=0.288207,
indivs=11562410, elapsed_secs=19137, mean=0.477233, stdev=0.169168, best fit=0.693500, best_overall=0.693500, mean_diversity=0.220149,
indivs=11572508, elapsed_secs=19160, mean=0.475944, stdev=0.121503, best fit=0.693500, best_overall=0.693500, mean_diversity=0.162646,
indivs=11582606, elapsed_secs=19182, mean=0.511123, stdev=0.048626, best fit=0.693500, best_overall=0.693500, mean_diversity=0.282922,
indivs=11592704, elapsed_secs=19200, mean=0.562071, stdev=0.143630, best fit=0.693500, best_overall=0.693500, mean_diversity=0.313550,
indivs=11602802, elapsed_secs=19224, mean=0.523975, stdev=0.092632, best fit=0.693500, best_overall=0.693500, mean_diversity=0.232725,
indivs=11612900, elapsed_secs=19245, mean=0.519428, stdev=0.131026, best fit=0.693500, best_overall=0.693500, mean_diversity=0.434175,
indivs=11622998, elapsed_secs=19268, mean=0.591170, stdev=0.133350, best fit=0.693500, best_overall=0.693500, mean_diversity=0.259696,
indivs=11633096, elapsed_secs=19288, mean=0.501248, stdev=0.019897, best fit=0.693500, best_overall=0.693500, mean_diversity=0.105772,
indivs=11643194, elapsed_secs=19308, mean=0.563813, stdev=0.105389, best fit=0.693500, best_overall=0.693500, mean_diversity=0.287350,
indivs=11653292, elapsed_secs=19331, mean=0.538190, stdev=0.053085, best fit=0.693500, best_overall=0.693500, mean_diversity=0.133524,
indivs=11663390, elapsed_secs=19351, mean=0.528441, stdev=0.057090, best fit=0.693500, best_overall=0.693500, mean_diversity=0.249978,
indivs=11673488, elapsed_secs=19375, mean=0.549141, stdev=0.152551, best fit=0.693500, best_overall=0.693500, mean_diversity=0.201743,
indivs=11683586, elapsed_secs=19396, mean=0.572538, stdev=0.102463, best fit=0.693500, best_overall=0.693500, mean_diversity=0.265164,
indivs=11693684, elapsed_secs=19418, mean=0.515884, stdev=0.065176, best fit=0.693500, best_overall=0.693500, mean_diversity=0.266804,
indivs=11703782, elapsed_secs=19440, mean=0.535544, stdev=0.165092, best fit=0.693500, best_overall=0.693500, mean_diversity=0.193069,
indivs=11713880, elapsed_secs=19462, mean=0.498628, stdev=0.059719, best fit=0.693500, best_overall=0.693500, mean_diversity=0.213925,
indivs=11723978, elapsed_secs=19485, mean=0.513856, stdev=0.070343, best fit=0.693500, best_overall=0.693500, mean_diversity=0.172613,
indivs=11734076, elapsed_secs=19511, mean=0.605061, stdev=0.103578, best fit=0.693500, best_overall=0.693500, mean_diversity=0.071565,
indivs=11744174, elapsed_secs=19530, mean=0.557831, stdev=0.116592, best fit=0.693500, best_overall=0.693500, mean_diversity=0.227679,
indivs=11754272, elapsed_secs=19556, mean=0.504932, stdev=0.086072, best fit=0.693500, best_overall=0.693500, mean_diversity=0.308571,
indivs=11764370, elapsed_secs=19579, mean=0.453721, stdev=0.153657, best fit=0.693500, best_overall=0.693500, mean_diversity=0.179527,
indivs=11774468, elapsed_secs=19598, mean=0.523695, stdev=0.057911, best fit=0.693500, best_overall=0.693500, mean_diversity=0.312936,
indivs=11784566, elapsed_secs=19619, mean=0.532251, stdev=0.061448, best fit=0.693500, best_overall=0.693500, mean_diversity=0.198681,
indivs=11794664, elapsed_secs=19645, mean=0.546999, stdev=0.105892, best fit=0.693500, best_overall=0.693500, mean_diversity=0.211887,
indivs=11804762, elapsed_secs=19670, mean=0.549228, stdev=0.077305, best fit=0.693500, best_overall=0.693500, mean_diversity=0.330811,
indivs=11814860, elapsed_secs=19694, mean=0.593278, stdev=0.081491, best fit=0.693500, best_overall=0.693500, mean_diversity=0.180504,
indivs=11824958, elapsed_secs=19713, mean=0.475931, stdev=0.111110, best fit=0.693500, best_overall=0.693500, mean_diversity=0.053407,
indivs=11835056, elapsed_secs=19734, mean=0.532512, stdev=0.070675, best fit=0.693500, best_overall=0.693500, mean_diversity=0.243222,
indivs=11845154, elapsed_secs=19756, mean=0.522385, stdev=0.147350, best fit=0.693500, best_overall=0.693500, mean_diversity=0.333275,
indivs=11855252, elapsed_secs=19774, mean=0.580135, stdev=0.083193, best fit=0.693500, best_overall=0.693500, mean_diversity=0.233542,
indivs=11865350, elapsed_secs=19795, mean=0.499276, stdev=0.137391, best fit=0.693500, best_overall=0.693500, mean_diversity=0.081751,
indivs=11875448, elapsed_secs=19819, mean=0.443997, stdev=0.094760, best fit=0.693500, best_overall=0.693500, mean_diversity=0.202430,
indivs=11885546, elapsed_secs=19844, mean=0.437381, stdev=0.172780, best fit=0.693500, best_overall=0.693500, mean_diversity=0.157588,
indivs=11895644, elapsed_secs=19867, mean=0.510522, stdev=0.024387, best fit=0.693500, best_overall=0.693500, mean_diversity=0.310308,
indivs=11905742, elapsed_secs=19894, mean=0.568998, stdev=0.150744, best fit=0.693500, best_overall=0.693500, mean_diversity=0.104794,
indivs=11915840, elapsed_secs=19914, mean=0.525213, stdev=0.085921, best fit=0.693500, best_overall=0.693500, mean_diversity=0.235144,
indivs=11925938, elapsed_secs=19935, mean=0.547828, stdev=0.136847, best fit=0.693500, best_overall=0.693500, mean_diversity=0.146886,
indivs=11936036, elapsed_secs=19957, mean=0.520278, stdev=0.057133, best fit=0.693500, best_overall=0.693500, mean_diversity=0.372396,
indivs=11946134, elapsed_secs=19985, mean=0.561890, stdev=0.164542, best fit=0.693500, best_overall=0.693500, mean_diversity=0.045229,
indivs=11956232, elapsed_secs=20009, mean=0.560031, stdev=0.133282, best fit=0.693500, best_overall=0.693500, mean_diversity=0.223149,
indivs=11966330, elapsed_secs=20031, mean=0.502025, stdev=0.081637, best fit=0.693500, best_overall=0.693500, mean_diversity=0.263483,
indivs=11976428, elapsed_secs=20050, mean=0.598355, stdev=0.089934, best fit=0.693500, best_overall=0.693500, mean_diversity=0.110932,
indivs=11986526, elapsed_secs=20072, mean=0.534048, stdev=0.065398, best fit=0.693500, best_overall=0.693500, mean_diversity=0.223206,
indivs=11996624, elapsed_secs=20096, mean=0.592670, stdev=0.123402, best fit=0.693500, best_overall=0.693500, mean_diversity=0.181333,
indivs=12006722, elapsed_secs=20120, mean=0.503654, stdev=0.064492, best fit=0.693500, best_overall=0.693500, mean_diversity=0.234975,
indivs=12016820, elapsed_secs=20138, mean=0.466507, stdev=0.129467, best fit=0.693500, best_overall=0.693500, mean_diversity=0.211689,
indivs=12026918, elapsed_secs=20159, mean=0.571457, stdev=0.113717, best fit=0.693500, best_overall=0.693500, mean_diversity=0.106261,
indivs=12037016, elapsed_secs=20181, mean=0.538586, stdev=0.116911, best fit=0.693500, best_overall=0.693500, mean_diversity=0.140690,
indivs=12047114, elapsed_secs=20205, mean=0.530465, stdev=0.121086, best fit=0.693500, best_overall=0.693500, mean_diversity=0.372984,
indivs=12057212, elapsed_secs=20224, mean=0.516350, stdev=0.135275, best fit=0.693500, best_overall=0.693500, mean_diversity=0.253983,
indivs=12067310, elapsed_secs=20247, mean=0.568277, stdev=0.166246, best fit=0.693500, best_overall=0.693500, mean_diversity=0.146699,
indivs=12077408, elapsed_secs=20270, mean=0.567680, stdev=0.134198, best fit=0.693500, best_overall=0.693500, mean_diversity=0.222215,
indivs=12087506, elapsed_secs=20296, mean=0.494281, stdev=0.118922, best fit=0.693500, best_overall=0.693500, mean_diversity=0.168247,
indivs=12097604, elapsed_secs=20320, mean=0.560750, stdev=0.083243, best fit=0.693500, best_overall=0.693500, mean_diversity=0.423247,
indivs=12107702, elapsed_secs=20339, mean=0.561008, stdev=0.095442, best fit=0.693500, best_overall=0.693500, mean_diversity=0.228571,
indivs=12117800, elapsed_secs=20366, mean=0.494135, stdev=0.131148, best fit=0.693500, best_overall=0.693500, mean_diversity=0.272176,
indivs=12127898, elapsed_secs=20388, mean=0.620828, stdev=0.104292, best fit=0.693500, best_overall=0.693500, mean_diversity=0.254275,
indivs=12137996, elapsed_secs=20410, mean=0.510181, stdev=0.041973, best fit=0.693500, best_overall=0.693500, mean_diversity=0.358878,
indivs=12148094, elapsed_secs=20439, mean=0.503039, stdev=0.084125, best fit=0.693500, best_overall=0.693500, mean_diversity=0.148372,
indivs=12158192, elapsed_secs=20461, mean=0.475937, stdev=0.123064, best fit=0.693500, best_overall=0.693500, mean_diversity=0.089926,
indivs=12168290, elapsed_secs=20480, mean=0.501675, stdev=0.060489, best fit=0.693500, best_overall=0.693500, mean_diversity=0.203934,
indivs=12178388, elapsed_secs=20504, mean=0.546931, stdev=0.126817, best fit=0.693500, best_overall=0.693500, mean_diversity=0.342887,
indivs=12188486, elapsed_secs=20526, mean=0.541363, stdev=0.122026, best fit=0.693500, best_overall=0.693500, mean_diversity=0.172712,
indivs=12198584, elapsed_secs=20548, mean=0.583577, stdev=0.145173, best fit=0.693500, best_overall=0.693500, mean_diversity=0.094624,
indivs=12208682, elapsed_secs=20573, mean=0.530765, stdev=0.089921, best fit=0.693500, best_overall=0.693500, mean_diversity=0.282258,
indivs=12218780, elapsed_secs=20595, mean=0.506055, stdev=0.031160, best fit=0.693500, best_overall=0.693500, mean_diversity=0.130227,
indivs=12228878, elapsed_secs=20619, mean=0.511992, stdev=0.050887, best fit=0.693500, best_overall=0.693500, mean_diversity=0.121648,
indivs=12238976, elapsed_secs=20646, mean=0.499680, stdev=0.029731, best fit=0.693500, best_overall=0.693500, mean_diversity=0.121337,
indivs=12249074, elapsed_secs=20668, mean=0.517520, stdev=0.102375, best fit=0.693500, best_overall=0.693500, mean_diversity=0.222961,
indivs=12259172, elapsed_secs=20688, mean=0.526971, stdev=0.115918, best fit=0.693500, best_overall=0.693500, mean_diversity=0.204411,
indivs=12269270, elapsed_secs=20709, mean=0.501257, stdev=0.039357, best fit=0.693500, best_overall=0.693500, mean_diversity=0.153547,
indivs=12279368, elapsed_secs=20731, mean=0.480785, stdev=0.122584, best fit=0.693500, best_overall=0.693500, mean_diversity=0.266656,
indivs=12289466, elapsed_secs=20750, mean=0.585162, stdev=0.164917, best fit=0.693500, best_overall=0.693500, mean_diversity=0.142296,
indivs=12299564, elapsed_secs=20772, mean=0.530439, stdev=0.065428, best fit=0.693500, best_overall=0.693500, mean_diversity=0.338434,
indivs=12309662, elapsed_secs=20798, mean=0.539867, stdev=0.072478, best fit=0.693500, best_overall=0.693500, mean_diversity=0.117596,
indivs=12319760, elapsed_secs=20818, mean=0.505199, stdev=0.144810, best fit=0.693500, best_overall=0.693500, mean_diversity=0.208571,
indivs=12329858, elapsed_secs=20845, mean=0.537521, stdev=0.098431, best fit=0.693500, best_overall=0.693500, mean_diversity=0.071992,
indivs=12339956, elapsed_secs=20869, mean=0.503193, stdev=0.026842, best fit=0.693500, best_overall=0.693500, mean_diversity=0.127236,
indivs=12350054, elapsed_secs=20887, mean=0.537140, stdev=0.077938, best fit=0.693500, best_overall=0.693500, mean_diversity=0.205743,
indivs=12360152, elapsed_secs=20908, mean=0.569149, stdev=0.069380, best fit=0.693500, best_overall=0.693500, mean_diversity=0.113484,
indivs=12370250, elapsed_secs=20929, mean=0.561581, stdev=0.112041, best fit=0.693500, best_overall=0.693500, mean_diversity=0.181897,
indivs=12380348, elapsed_secs=20947, mean=0.504388, stdev=0.045716, best fit=0.693500, best_overall=0.693500, mean_diversity=0.217789,
indivs=12390446, elapsed_secs=20971, mean=0.549457, stdev=0.096808, best fit=0.693500, best_overall=0.693500, mean_diversity=0.256741,
indivs=12400544, elapsed_secs=20994, mean=0.537666, stdev=0.081703, best fit=0.693500, best_overall=0.693500, mean_diversity=0.196281,
indivs=12410642, elapsed_secs=21019, mean=0.526274, stdev=0.111223, best fit=0.693500, best_overall=0.693500, mean_diversity=0.325391,
indivs=12420740, elapsed_secs=21044, mean=0.526563, stdev=0.062169, best fit=0.693500, best_overall=0.693500, mean_diversity=0.316287,
indivs=12430838, elapsed_secs=21063, mean=0.550096, stdev=0.081671, best fit=0.693500, best_overall=0.693500, mean_diversity=0.392167,
indivs=12440936, elapsed_secs=21082, mean=0.482205, stdev=0.101406, best fit=0.693500, best_overall=0.693500, mean_diversity=0.145700,
indivs=12451034, elapsed_secs=21106, mean=0.493238, stdev=0.057677, best fit=0.693500, best_overall=0.693500, mean_diversity=0.272712,
indivs=12461132, elapsed_secs=21124, mean=0.481935, stdev=0.100240, best fit=0.693500, best_overall=0.693500, mean_diversity=0.346316,
indivs=12471230, elapsed_secs=21147, mean=0.497545, stdev=0.098731, best fit=0.693500, best_overall=0.693500, mean_diversity=0.311203,
indivs=12481328, elapsed_secs=21171, mean=0.553504, stdev=0.096521, best fit=0.693500, best_overall=0.693500, mean_diversity=0.250536,
indivs=12491426, elapsed_secs=21195, mean=0.548483, stdev=0.137657, best fit=0.693500, best_overall=0.693500, mean_diversity=0.342542,
indivs=12501524, elapsed_secs=21221, mean=0.503758, stdev=0.026318, best fit=0.693500, best_overall=0.693500, mean_diversity=0.181866,
indivs=12511622, elapsed_secs=21240, mean=0.441939, stdev=0.157332, best fit=0.693500, best_overall=0.693500, mean_diversity=0.169876,
indivs=12521720, elapsed_secs=21267, mean=0.623596, stdev=0.078674, best fit=0.693500, best_overall=0.693500, mean_diversity=0.103432,
indivs=12531818, elapsed_secs=21292, mean=0.500316, stdev=0.084660, best fit=0.693500, best_overall=0.693500, mean_diversity=0.253634,
indivs=12541916, elapsed_secs=21311, mean=0.509748, stdev=0.109644, best fit=0.693500, best_overall=0.693500, mean_diversity=0.085043,
indivs=12552014, elapsed_secs=21336, mean=0.574401, stdev=0.174043, best fit=0.693500, best_overall=0.693500, mean_diversity=0.086815,
indivs=12562112, elapsed_secs=21361, mean=0.573720, stdev=0.104489, best fit=0.693500, best_overall=0.693500, mean_diversity=0.235276,
indivs=12572210, elapsed_secs=21385, mean=0.549733, stdev=0.116421, best fit=0.693500, best_overall=0.693500, mean_diversity=0.293498,
indivs=12582308, elapsed_secs=21405, mean=0.524811, stdev=0.084478, best fit=0.693500, best_overall=0.693500, mean_diversity=0.190027,
indivs=12592406, elapsed_secs=21425, mean=0.483381, stdev=0.116912, best fit=0.693500, best_overall=0.693500, mean_diversity=0.336039,
indivs=12602504, elapsed_secs=21443, mean=0.512811, stdev=0.094076, best fit=0.693500, best_overall=0.693500, mean_diversity=0.183305,
indivs=12612602, elapsed_secs=21467, mean=0.567874, stdev=0.121835, best fit=0.693500, best_overall=0.693500, mean_diversity=0.250124,
indivs=12622700, elapsed_secs=21486, mean=0.568393, stdev=0.103947, best fit=0.693500, best_overall=0.693500, mean_diversity=0.340263,
indivs=12632798, elapsed_secs=21513, mean=0.501920, stdev=0.019255, best fit=0.693500, best_overall=0.693500, mean_diversity=0.104319,
indivs=12642896, elapsed_secs=21533, mean=0.582616, stdev=0.085173, best fit=0.693500, best_overall=0.693500, mean_diversity=0.221983,
indivs=12652994, elapsed_secs=21558, mean=0.558033, stdev=0.115911, best fit=0.693500, best_overall=0.693500, mean_diversity=0.399061,
indivs=12663092, elapsed_secs=21583, mean=0.544734, stdev=0.096185, best fit=0.693500, best_overall=0.693500, mean_diversity=0.118375,
indivs=12673190, elapsed_secs=21604, mean=0.520010, stdev=0.049429, best fit=0.693500, best_overall=0.693500, mean_diversity=0.385642,
indivs=12683288, elapsed_secs=21629, mean=0.487514, stdev=0.123721, best fit=0.693500, best_overall=0.693500, mean_diversity=0.260837,
indivs=12693386, elapsed_secs=21650, mean=0.501033, stdev=0.020348, best fit=0.693500, best_overall=0.693500, mean_diversity=0.155703,
indivs=12703484, elapsed_secs=21676, mean=0.525774, stdev=0.112549, best fit=0.693500, best_overall=0.693500, mean_diversity=0.357582,
indivs=12713582, elapsed_secs=21699, mean=0.522577, stdev=0.089437, best fit=0.693500, best_overall=0.693500, mean_diversity=0.283818,
indivs=12723680, elapsed_secs=21726, mean=0.563087, stdev=0.066355, best fit=0.693500, best_overall=0.693500, mean_diversity=0.204817,
indivs=12733778, elapsed_secs=21749, mean=0.562389, stdev=0.155956, best fit=0.693500, best_overall=0.693500, mean_diversity=0.363405,
indivs=12743876, elapsed_secs=21774, mean=0.557440, stdev=0.081581, best fit=0.693500, best_overall=0.693500, mean_diversity=0.272328,
indivs=12753974, elapsed_secs=21798, mean=0.596236, stdev=0.077433, best fit=0.693500, best_overall=0.693500, mean_diversity=0.076519,
indivs=12764072, elapsed_secs=21817, mean=0.496733, stdev=0.053560, best fit=0.693500, best_overall=0.693500, mean_diversity=0.322365,
indivs=12774170, elapsed_secs=21843, mean=0.565045, stdev=0.066803, best fit=0.693500, best_overall=0.693500, mean_diversity=0.257587,
indivs=12784268, elapsed_secs=21869, mean=0.496031, stdev=0.084156, best fit=0.693500, best_overall=0.693500, mean_diversity=0.214071,
indivs=12794366, elapsed_secs=21896, mean=0.503911, stdev=0.115944, best fit=0.693500, best_overall=0.693500, mean_diversity=0.199869,
indivs=12804464, elapsed_secs=21915, mean=0.511145, stdev=0.081595, best fit=0.693500, best_overall=0.693500, mean_diversity=0.141247,
indivs=12814562, elapsed_secs=21936, mean=0.581527, stdev=0.132691, best fit=0.693500, best_overall=0.693500, mean_diversity=0.122500,
indivs=12824660, elapsed_secs=21961, mean=0.613676, stdev=0.082648, best fit=0.693500, best_overall=0.693500, mean_diversity=0.055521,
indivs=12834758, elapsed_secs=21980, mean=0.561299, stdev=0.118946, best fit=0.693500, best_overall=0.693500, mean_diversity=0.291790,
indivs=12844856, elapsed_secs=22003, mean=0.530748, stdev=0.115044, best fit=0.693500, best_overall=0.693500, mean_diversity=0.208267,
indivs=12854954, elapsed_secs=22026, mean=0.529985, stdev=0.138271, best fit=0.693500, best_overall=0.693500, mean_diversity=0.269181,
indivs=12865052, elapsed_secs=22045, mean=0.561880, stdev=0.138455, best fit=0.693500, best_overall=0.693500, mean_diversity=0.115703,
indivs=12875150, elapsed_secs=22069, mean=0.547076, stdev=0.078715, best fit=0.693500, best_overall=0.693500, mean_diversity=0.379957,
indivs=12885248, elapsed_secs=22091, mean=0.563076, stdev=0.165208, best fit=0.693500, best_overall=0.693500, mean_diversity=0.194607,
indivs=12895346, elapsed_secs=22110, mean=0.598161, stdev=0.094704, best fit=0.693500, best_overall=0.693500, mean_diversity=0.084011,
indivs=12905444, elapsed_secs=22135, mean=0.467312, stdev=0.143893, best fit=0.693500, best_overall=0.693500, mean_diversity=0.092425,
indivs=12915542, elapsed_secs=22154, mean=0.516417, stdev=0.109318, best fit=0.693500, best_overall=0.693500, mean_diversity=0.207917,
indivs=12925640, elapsed_secs=22181, mean=0.568438, stdev=0.115294, best fit=0.693500, best_overall=0.693500, mean_diversity=0.300892,
indivs=12935738, elapsed_secs=22204, mean=0.478785, stdev=0.113002, best fit=0.693500, best_overall=0.693500, mean_diversity=0.263196,
indivs=12945836, elapsed_secs=22230, mean=0.463287, stdev=0.139264, best fit=0.693500, best_overall=0.693500, mean_diversity=0.327772,
indivs=12955934, elapsed_secs=22255, mean=0.595515, stdev=0.081834, best fit=0.693500, best_overall=0.693500, mean_diversity=0.222711,
indivs=12966032, elapsed_secs=22280, mean=0.609837, stdev=0.081319, best fit=0.693500, best_overall=0.693500, mean_diversity=0.163914,
indivs=12976130, elapsed_secs=22305, mean=0.495301, stdev=0.096109, best fit=0.693500, best_overall=0.693500, mean_diversity=0.140474,
indivs=12986228, elapsed_secs=22325, mean=0.493792, stdev=0.078359, best fit=0.693500, best_overall=0.693500, mean_diversity=0.224090,
indivs=12996326, elapsed_secs=22348, mean=0.531567, stdev=0.084637, best fit=0.693500, best_overall=0.693500, mean_diversity=0.198884,
indivs=13006424, elapsed_secs=22373, mean=0.546989, stdev=0.093259, best fit=0.693500, best_overall=0.693500, mean_diversity=0.192957,
indivs=13016522, elapsed_secs=22392, mean=0.557957, stdev=0.087143, best fit=0.693500, best_overall=0.693500, mean_diversity=0.124000,
indivs=13026620, elapsed_secs=22413, mean=0.554117, stdev=0.102676, best fit=0.693500, best_overall=0.693500, mean_diversity=0.312910,
indivs=13036718, elapsed_secs=22440, mean=0.500279, stdev=0.047574, best fit=0.693500, best_overall=0.693500, mean_diversity=0.193463,
indivs=13046816, elapsed_secs=22468, mean=0.498299, stdev=0.063741, best fit=0.693500, best_overall=0.693500, mean_diversity=0.198016,
indivs=13056914, elapsed_secs=22489, mean=0.542710, stdev=0.107662, best fit=0.693500, best_overall=0.693500, mean_diversity=0.092854,
indivs=13067012, elapsed_secs=22509, mean=0.501729, stdev=0.019328, best fit=0.693500, best_overall=0.693500, mean_diversity=0.133203,
indivs=13077110, elapsed_secs=22532, mean=0.596376, stdev=0.087704, best fit=0.693500, best_overall=0.693500, mean_diversity=0.228485,
indivs=13087208, elapsed_secs=22555, mean=0.516086, stdev=0.113193, best fit=0.693500, best_overall=0.693500, mean_diversity=0.367158,
indivs=13097306, elapsed_secs=22577, mean=0.567609, stdev=0.128629, best fit=0.693500, best_overall=0.693500, mean_diversity=0.151342,
indivs=13107404, elapsed_secs=22606, mean=0.530632, stdev=0.071686, best fit=0.693500, best_overall=0.693500, mean_diversity=0.404041,
indivs=13117502, elapsed_secs=22626, mean=0.460046, stdev=0.137546, best fit=0.693500, best_overall=0.693500, mean_diversity=0.124120,
indivs=13127600, elapsed_secs=22647, mean=0.512577, stdev=0.073574, best fit=0.693500, best_overall=0.693500, mean_diversity=0.267276,
indivs=13137698, elapsed_secs=22672, mean=0.520189, stdev=0.156204, best fit=0.693500, best_overall=0.693500, mean_diversity=0.422339,
indivs=13147796, elapsed_secs=22703, mean=0.601538, stdev=0.084963, best fit=0.693500, best_overall=0.693500, mean_diversity=0.070831,
indivs=13157894, elapsed_secs=22729, mean=0.501901, stdev=0.030786, best fit=0.693500, best_overall=0.693500, mean_diversity=0.274200,
indivs=13167992, elapsed_secs=22753, mean=0.488994, stdev=0.119489, best fit=0.693500, best_overall=0.693500, mean_diversity=0.168910,
indivs=13178090, elapsed_secs=22773, mean=0.504175, stdev=0.060805, best fit=0.693500, best_overall=0.693500, mean_diversity=0.225553,
indivs=13188188, elapsed_secs=22798, mean=0.501935, stdev=0.019253, best fit=0.693500, best_overall=0.693500, mean_diversity=0.124843,
indivs=13198286, elapsed_secs=22819, mean=0.501793, stdev=0.019307, best fit=0.693500, best_overall=0.693500, mean_diversity=0.254110,
indivs=13208384, elapsed_secs=22841, mean=0.570870, stdev=0.116829, best fit=0.693500, best_overall=0.693500, mean_diversity=0.170169,
indivs=13218482, elapsed_secs=22866, mean=0.572884, stdev=0.127087, best fit=0.693500, best_overall=0.693500, mean_diversity=0.265061,
indivs=13228580, elapsed_secs=22893, mean=0.469318, stdev=0.121827, best fit=0.693500, best_overall=0.693500, mean_diversity=0.124103,
indivs=13238678, elapsed_secs=22915, mean=0.582248, stdev=0.092871, best fit=0.693500, best_overall=0.693500, mean_diversity=0.167538,
indivs=13248776, elapsed_secs=22938, mean=0.594356, stdev=0.120720, best fit=0.693500, best_overall=0.693500, mean_diversity=0.080880,
indivs=13258874, elapsed_secs=22960, mean=0.524210, stdev=0.153669, best fit=0.693500, best_overall=0.693500, mean_diversity=0.228213,
indivs=13268972, elapsed_secs=22983, mean=0.567180, stdev=0.188485, best fit=0.693500, best_overall=0.693500, mean_diversity=0.040000,
indivs=13279070, elapsed_secs=23008, mean=0.554444, stdev=0.115919, best fit=0.693500, best_overall=0.693500, mean_diversity=0.153257,
indivs=13289168, elapsed_secs=23032, mean=0.527308, stdev=0.140677, best fit=0.693500, best_overall=0.693500, mean_diversity=0.096440,
indivs=13299266, elapsed_secs=23056, mean=0.494465, stdev=0.070861, best fit=0.693500, best_overall=0.693500, mean_diversity=0.105353,
indivs=13309364, elapsed_secs=23079, mean=0.537586, stdev=0.069703, best fit=0.693500, best_overall=0.693500, mean_diversity=0.325087,
indivs=13319462, elapsed_secs=23103, mean=0.511916, stdev=0.164736, best fit=0.693500, best_overall=0.693500, mean_diversity=0.178838,
indivs=13329560, elapsed_secs=23126, mean=0.503214, stdev=0.020337, best fit=0.693500, best_overall=0.693500, mean_diversity=0.116545,
indivs=13339658, elapsed_secs=23149, mean=0.519649, stdev=0.047217, best fit=0.693500, best_overall=0.693500, mean_diversity=0.274659,
indivs=13349756, elapsed_secs=23174, mean=0.569731, stdev=0.106157, best fit=0.693500, best_overall=0.693500, mean_diversity=0.105863,
indivs=13359854, elapsed_secs=23197, mean=0.540373, stdev=0.131883, best fit=0.693500, best_overall=0.693500, mean_diversity=0.341192,
indivs=13369952, elapsed_secs=23224, mean=0.475721, stdev=0.135076, best fit=0.693500, best_overall=0.693500, mean_diversity=0.271853,
indivs=13380050, elapsed_secs=23250, mean=0.510721, stdev=0.067134, best fit=0.693500, best_overall=0.693500, mean_diversity=0.228796,
indivs=13390148, elapsed_secs=23274, mean=0.511735, stdev=0.085110, best fit=0.693500, best_overall=0.693500, mean_diversity=0.177031,
indivs=13400246, elapsed_secs=23301, mean=0.507356, stdev=0.090344, best fit=0.693500, best_overall=0.693500, mean_diversity=0.274347,
indivs=13410344, elapsed_secs=23326, mean=0.501935, stdev=0.019253, best fit=0.693500, best_overall=0.693500, mean_diversity=0.085273,
indivs=13420442, elapsed_secs=23362, mean=0.514346, stdev=0.048850, best fit=0.693500, best_overall=0.693500, mean_diversity=0.322821,
indivs=13430540, elapsed_secs=23389, mean=0.541909, stdev=0.111155, best fit=0.693500, best_overall=0.693500, mean_diversity=0.245579,
indivs=13440638, elapsed_secs=23418, mean=0.614339, stdev=0.082998, best fit=0.693500, best_overall=0.693500, mean_diversity=0.232273,
indivs=13450736, elapsed_secs=23435, mean=0.492447, stdev=0.075892, best fit=0.693500, best_overall=0.693500, mean_diversity=0.349459,
indivs=13460834, elapsed_secs=23457, mean=0.503619, stdev=0.023343, best fit=0.693500, best_overall=0.693500, mean_diversity=0.071038,
indivs=13470932, elapsed_secs=23482, mean=0.567412, stdev=0.134538, best fit=0.693500, best_overall=0.693500, mean_diversity=0.094645,
indivs=13481030, elapsed_secs=23511, mean=0.510661, stdev=0.061785, best fit=0.693500, best_overall=0.693500, mean_diversity=0.336605,
indivs=13491128, elapsed_secs=23537, mean=0.525426, stdev=0.108123, best fit=0.693500, best_overall=0.693500, mean_diversity=0.374873,
indivs=13501226, elapsed_secs=23564, mean=0.550089, stdev=0.076969, best fit=0.693500, best_overall=0.693500, mean_diversity=0.360846,
indivs=13511324, elapsed_secs=23587, mean=0.500141, stdev=0.059027, best fit=0.693500, best_overall=0.693500, mean_diversity=0.198267,
indivs=13521422, elapsed_secs=23613, mean=0.515430, stdev=0.149125, best fit=0.693500, best_overall=0.693500, mean_diversity=0.182183,
indivs=13531520, elapsed_secs=23635, mean=0.531185, stdev=0.133192, best fit=0.693500, best_overall=0.693500, mean_diversity=0.226285,
indivs=13541618, elapsed_secs=23655, mean=0.492765, stdev=0.073188, best fit=0.693500, best_overall=0.693500, mean_diversity=0.147758,
indivs=13551716, elapsed_secs=23671, mean=0.588028, stdev=0.123594, best fit=0.693500, best_overall=0.693500, mean_diversity=0.187337,
indivs=13561814, elapsed_secs=23693, mean=0.531850, stdev=0.068231, best fit=0.693500, best_overall=0.693500, mean_diversity=0.244692,
indivs=13571912, elapsed_secs=23720, mean=0.532718, stdev=0.055851, best fit=0.693500, best_overall=0.693500, mean_diversity=0.182464,
indivs=13582010, elapsed_secs=23743, mean=0.593284, stdev=0.064534, best fit=0.693500, best_overall=0.693500, mean_diversity=0.068229,
indivs=13592108, elapsed_secs=23765, mean=0.527714, stdev=0.115616, best fit=0.693500, best_overall=0.693500, mean_diversity=0.357442,
indivs=13602206, elapsed_secs=23791, mean=0.568472, stdev=0.125599, best fit=0.693500, best_overall=0.693500, mean_diversity=0.163524,
indivs=13612304, elapsed_secs=23817, mean=0.545910, stdev=0.107876, best fit=0.693500, best_overall=0.693500, mean_diversity=0.271552,
indivs=13622402, elapsed_secs=23845, mean=0.523969, stdev=0.078182, best fit=0.693500, best_overall=0.693500, mean_diversity=0.323131,
indivs=13632500, elapsed_secs=23868, mean=0.543544, stdev=0.097122, best fit=0.693500, best_overall=0.693500, mean_diversity=0.332092,
indivs=13642598, elapsed_secs=23892, mean=0.526257, stdev=0.060149, best fit=0.693500, best_overall=0.693500, mean_diversity=0.224335,
indivs=13652696, elapsed_secs=23916, mean=0.515448, stdev=0.077236, best fit=0.693500, best_overall=0.693500, mean_diversity=0.181699,
indivs=13662794, elapsed_secs=23946, mean=0.557094, stdev=0.120877, best fit=0.693500, best_overall=0.693500, mean_diversity=0.187437,
indivs=13672892, elapsed_secs=23970, mean=0.533641, stdev=0.064746, best fit=0.693500, best_overall=0.693500, mean_diversity=0.311513,
indivs=13682990, elapsed_secs=23991, mean=0.558462, stdev=0.185903, best fit=0.693500, best_overall=0.693500, mean_diversity=0.277333,
indivs=13693088, elapsed_secs=24016, mean=0.536949, stdev=0.109379, best fit=0.693500, best_overall=0.693500, mean_diversity=0.302283,
indivs=13703186, elapsed_secs=24036, mean=0.496847, stdev=0.110315, best fit=0.693500, best_overall=0.693500, mean_diversity=0.061228,
indivs=13713284, elapsed_secs=24059, mean=0.538580, stdev=0.116135, best fit=0.693500, best_overall=0.693500, mean_diversity=0.255208,
indivs=13723382, elapsed_secs=24082, mean=0.501986, stdev=0.037300, best fit=0.693500, best_overall=0.693500, mean_diversity=0.081254,
indivs=13733480, elapsed_secs=24106, mean=0.551046, stdev=0.105525, best fit=0.693500, best_overall=0.693500, mean_diversity=0.318217,
indivs=13743578, elapsed_secs=24133, mean=0.550458, stdev=0.065672, best fit=0.693500, best_overall=0.693500, mean_diversity=0.366083,
indivs=13753676, elapsed_secs=24156, mean=0.530728, stdev=0.087070, best fit=0.693500, best_overall=0.693500, mean_diversity=0.262436,
indivs=13763774, elapsed_secs=24178, mean=0.580995, stdev=0.137677, best fit=0.693500, best_overall=0.693500, mean_diversity=0.169408,
indivs=13773872, elapsed_secs=24201, mean=0.522861, stdev=0.084545, best fit=0.693500, best_overall=0.693500, mean_diversity=0.357634,
indivs=13783970, elapsed_secs=24225, mean=0.578361, stdev=0.075560, best fit=0.693500, best_overall=0.693500, mean_diversity=0.118214,
indivs=13794068, elapsed_secs=24245, mean=0.534563, stdev=0.102443, best fit=0.693500, best_overall=0.693500, mean_diversity=0.260830,
indivs=13804166, elapsed_secs=24270, mean=0.576763, stdev=0.119862, best fit=0.693500, best_overall=0.693500, mean_diversity=0.123078,
indivs=13814264, elapsed_secs=24298, mean=0.485637, stdev=0.104183, best fit=0.693500, best_overall=0.693500, mean_diversity=0.287017,
indivs=13824362, elapsed_secs=24321, mean=0.584199, stdev=0.109131, best fit=0.693500, best_overall=0.693500, mean_diversity=0.118748,
indivs=13834460, elapsed_secs=24345, mean=0.587974, stdev=0.120721, best fit=0.693500, best_overall=0.693500, mean_diversity=0.056779,
indivs=13844558, elapsed_secs=24370, mean=0.501756, stdev=0.019368, best fit=0.693500, best_overall=0.693500, mean_diversity=0.059711,
indivs=13854656, elapsed_secs=24398, mean=0.530296, stdev=0.104165, best fit=0.693500, best_overall=0.693500, mean_diversity=0.226407,
indivs=13864754, elapsed_secs=24420, mean=0.488717, stdev=0.089961, best fit=0.693500, best_overall=0.693500, mean_diversity=0.146896,
indivs=13874852, elapsed_secs=24439, mean=0.487602, stdev=0.106106, best fit=0.693500, best_overall=0.693500, mean_diversity=0.125871,
indivs=13884950, elapsed_secs=24460, mean=0.487931, stdev=0.035760, best fit=0.693500, best_overall=0.693500, mean_diversity=0.359882,
indivs=13895048, elapsed_secs=24484, mean=0.565600, stdev=0.113297, best fit=0.693500, best_overall=0.693500, mean_diversity=0.165019,
indivs=13905146, elapsed_secs=24512, mean=0.561302, stdev=0.086544, best fit=0.693500, best_overall=0.693500, mean_diversity=0.072962,
indivs=13915244, elapsed_secs=24535, mean=0.578826, stdev=0.126235, best fit=0.693500, best_overall=0.693500, mean_diversity=0.131572,
indivs=13925342, elapsed_secs=24560, mean=0.501461, stdev=0.033583, best fit=0.693500, best_overall=0.693500, mean_diversity=0.185738,
indivs=13935440, elapsed_secs=24587, mean=0.543593, stdev=0.119321, best fit=0.693500, best_overall=0.693500, mean_diversity=0.256710,
indivs=13945538, elapsed_secs=24615, mean=0.524381, stdev=0.091334, best fit=0.693500, best_overall=0.693500, mean_diversity=0.226541,
indivs=13955636, elapsed_secs=24640, mean=0.458105, stdev=0.177964, best fit=0.693500, best_overall=0.693500, mean_diversity=0.145993,
indivs=13965734, elapsed_secs=24661, mean=0.547152, stdev=0.075279, best fit=0.693500, best_overall=0.693500, mean_diversity=0.131237,
indivs=13975832, elapsed_secs=24685, mean=0.600779, stdev=0.099760, best fit=0.693500, best_overall=0.693500, mean_diversity=0.112026,
indivs=13985930, elapsed_secs=24713, mean=0.557593, stdev=0.139263, best fit=0.693500, best_overall=0.693500, mean_diversity=0.148289,
indivs=13996028, elapsed_secs=24741, mean=0.591994, stdev=0.127659, best fit=0.693500, best_overall=0.693500, mean_diversity=0.250583,
indivs=14006126, elapsed_secs=24769, mean=0.473813, stdev=0.134911, best fit=0.693500, best_overall=0.693500, mean_diversity=0.321183,
indivs=14016224, elapsed_secs=24795, mean=0.553460, stdev=0.090455, best fit=0.693500, best_overall=0.693500, mean_diversity=0.446716,
indivs=14026322, elapsed_secs=24819, mean=0.578969, stdev=0.090114, best fit=0.693500, best_overall=0.693500, mean_diversity=0.202597,
indivs=14036420, elapsed_secs=24844, mean=0.516147, stdev=0.056693, best fit=0.693500, best_overall=0.693500, mean_diversity=0.243962,
indivs=14046518, elapsed_secs=24870, mean=0.515198, stdev=0.050851, best fit=0.693500, best_overall=0.693500, mean_diversity=0.418882,
indivs=14056616, elapsed_secs=24891, mean=0.520356, stdev=0.081757, best fit=0.693500, best_overall=0.693500, mean_diversity=0.232292,
indivs=14066714, elapsed_secs=24915, mean=0.456478, stdev=0.142320, best fit=0.693500, best_overall=0.693500, mean_diversity=0.101840,
indivs=14076812, elapsed_secs=24935, mean=0.556833, stdev=0.101974, best fit=0.693500, best_overall=0.693500, mean_diversity=0.121542,
indivs=14086910, elapsed_secs=24962, mean=0.544725, stdev=0.110712, best fit=0.693500, best_overall=0.693500, mean_diversity=0.089489,
indivs=14097008, elapsed_secs=24988, mean=0.584615, stdev=0.071639, best fit=0.693500, best_overall=0.693500, mean_diversity=0.103038,
indivs=14107106, elapsed_secs=25011, mean=0.566233, stdev=0.120141, best fit=0.693500, best_overall=0.693500, mean_diversity=0.258935,
indivs=14117204, elapsed_secs=25037, mean=0.503145, stdev=0.022604, best fit=0.693500, best_overall=0.693500, mean_diversity=0.058773,
indivs=14127302, elapsed_secs=25064, mean=0.522303, stdev=0.104800, best fit=0.693500, best_overall=0.693500, mean_diversity=0.309784,
indivs=14137400, elapsed_secs=25085, mean=0.589318, stdev=0.091794, best fit=0.693500, best_overall=0.693500, mean_diversity=0.149159,
indivs=14147498, elapsed_secs=25111, mean=0.502157, stdev=0.022814, best fit=0.693500, best_overall=0.693500, mean_diversity=0.089216,
indivs=14157596, elapsed_secs=25140, mean=0.600286, stdev=0.085759, best fit=0.693500, best_overall=0.693500, mean_diversity=0.203918,
indivs=14167694, elapsed_secs=25163, mean=0.499516, stdev=0.143281, best fit=0.693500, best_overall=0.693500, mean_diversity=0.251660,
indivs=14177792, elapsed_secs=25186, mean=0.545045, stdev=0.065291, best fit=0.693500, best_overall=0.693500, mean_diversity=0.075923,
indivs=14187890, elapsed_secs=25208, mean=0.527750, stdev=0.104554, best fit=0.693500, best_overall=0.693500, mean_diversity=0.348356,
indivs=14197988, elapsed_secs=25230, mean=0.545605, stdev=0.083723, best fit=0.693500, best_overall=0.693500, mean_diversity=0.139878,
indivs=14208086, elapsed_secs=25253, mean=0.537121, stdev=0.109538, best fit=0.693500, best_overall=0.693500, mean_diversity=0.166725,
indivs=14218184, elapsed_secs=25272, mean=0.492851, stdev=0.124231, best fit=0.693500, best_overall=0.693500, mean_diversity=0.292715,
indivs=14228282, elapsed_secs=25294, mean=0.573660, stdev=0.130643, best fit=0.693500, best_overall=0.693500, mean_diversity=0.257692,
indivs=14238380, elapsed_secs=25318, mean=0.580040, stdev=0.088713, best fit=0.693500, best_overall=0.693500, mean_diversity=0.189581,
indivs=14248478, elapsed_secs=25343, mean=0.515185, stdev=0.070452, best fit=0.693500, best_overall=0.693500, mean_diversity=0.259953,
indivs=14258576, elapsed_secs=25361, mean=0.569778, stdev=0.093158, best fit=0.693500, best_overall=0.693500, mean_diversity=0.091712,
indivs=14268674, elapsed_secs=25383, mean=0.481991, stdev=0.100250, best fit=0.693500, best_overall=0.693500, mean_diversity=0.477018,
indivs=14278772, elapsed_secs=25410, mean=0.476541, stdev=0.138959, best fit=0.693500, best_overall=0.693500, mean_diversity=0.308905,
indivs=14288870, elapsed_secs=25438, mean=0.444513, stdev=0.106105, best fit=0.693500, best_overall=0.693500, mean_diversity=0.272147,
indivs=14298968, elapsed_secs=25462, mean=0.547188, stdev=0.129081, best fit=0.693500, best_overall=0.693500, mean_diversity=0.378167,
indivs=14309066, elapsed_secs=25488, mean=0.537211, stdev=0.081061, best fit=0.693500, best_overall=0.693500, mean_diversity=0.336737,
indivs=14319164, elapsed_secs=25515, mean=0.496943, stdev=0.053526, best fit=0.693500, best_overall=0.693500, mean_diversity=0.098962,
indivs=14329262, elapsed_secs=25541, mean=0.447529, stdev=0.158568, best fit=0.693500, best_overall=0.693500, mean_diversity=0.114505,
indivs=14339360, elapsed_secs=25567, mean=0.502863, stdev=0.027490, best fit=0.693500, best_overall=0.693500, mean_diversity=0.091526,
indivs=14349458, elapsed_secs=25589, mean=0.470439, stdev=0.110781, best fit=0.693500, best_overall=0.693500, mean_diversity=0.239456,
indivs=14359556, elapsed_secs=25612, mean=0.560690, stdev=0.099649, best fit=0.693500, best_overall=0.693500, mean_diversity=0.135216,
indivs=14369654, elapsed_secs=25639, mean=0.527260, stdev=0.185502, best fit=0.693500, best_overall=0.693500, mean_diversity=0.251400,
indivs=14379752, elapsed_secs=25665, mean=0.507265, stdev=0.087579, best fit=0.693500, best_overall=0.693500, mean_diversity=0.210573,
indivs=14389850, elapsed_secs=25694, mean=0.562999, stdev=0.098036, best fit=0.693500, best_overall=0.693500, mean_diversity=0.172742,
indivs=14399948, elapsed_secs=25726, mean=0.479563, stdev=0.113793, best fit=0.693500, best_overall=0.693500, mean_diversity=0.330556,
indivs=14410046, elapsed_secs=25747, mean=0.502755, stdev=0.114366, best fit=0.693500, best_overall=0.693500, mean_diversity=0.360476,
indivs=14420144, elapsed_secs=25771, mean=0.528463, stdev=0.096553, best fit=0.693500, best_overall=0.693500, mean_diversity=0.115732,
indivs=14430242, elapsed_secs=25795, mean=0.533351, stdev=0.138267, best fit=0.693500, best_overall=0.693500, mean_diversity=0.223674,
indivs=14440340, elapsed_secs=25817, mean=0.549681, stdev=0.134865, best fit=0.693500, best_overall=0.693500, mean_diversity=0.074085,
indivs=14450438, elapsed_secs=25836, mean=0.503351, stdev=0.153152, best fit=0.693500, best_overall=0.693500, mean_diversity=0.164352,
indivs=14460536, elapsed_secs=25862, mean=0.501935, stdev=0.019253, best fit=0.693500, best_overall=0.693500, mean_diversity=0.085038,
indivs=14470634, elapsed_secs=25886, mean=0.451942, stdev=0.153442, best fit=0.693500, best_overall=0.693500, mean_diversity=0.091655,
indivs=14480732, elapsed_secs=25914, mean=0.546815, stdev=0.097838, best fit=0.693500, best_overall=0.693500, mean_diversity=0.170724,
indivs=14490830, elapsed_secs=25938, mean=0.592511, stdev=0.115882, best fit=0.693500, best_overall=0.693500, mean_diversity=0.057451,
indivs=14500928, elapsed_secs=25963, mean=0.607023, stdev=0.085262, best fit=0.693500, best_overall=0.693500, mean_diversity=0.112618,
indivs=14511026, elapsed_secs=25988, mean=0.476931, stdev=0.111096, best fit=0.693500, best_overall=0.693500, mean_diversity=0.155943,
indivs=14521124, elapsed_secs=26020, mean=0.533692, stdev=0.088934, best fit=0.693500, best_overall=0.693500, mean_diversity=0.308430,
indivs=14531222, elapsed_secs=26043, mean=0.525274, stdev=0.150204, best fit=0.693500, best_overall=0.693500, mean_diversity=0.215000,
indivs=14541320, elapsed_secs=26068, mean=0.510569, stdev=0.160781, best fit=0.693500, best_overall=0.693500, mean_diversity=0.102020,
indivs=14551418, elapsed_secs=26093, mean=0.543105, stdev=0.194862, best fit=0.693500, best_overall=0.693500, mean_diversity=0.210328,
indivs=14561516, elapsed_secs=26118, mean=0.566627, stdev=0.119171, best fit=0.693500, best_overall=0.693500, mean_diversity=0.187525,
indivs=14571614, elapsed_secs=26140, mean=0.550151, stdev=0.151192, best fit=0.693500, best_overall=0.693500, mean_diversity=0.338193,
indivs=14581712, elapsed_secs=26161, mean=0.533295, stdev=0.078726, best fit=0.693500, best_overall=0.693500, mean_diversity=0.145100,
indivs=14591810, elapsed_secs=26184, mean=0.556774, stdev=0.086841, best fit=0.693500, best_overall=0.693500, mean_diversity=0.322857,
indivs=14601908, elapsed_secs=26211, mean=0.523536, stdev=0.058388, best fit=0.693500, best_overall=0.693500, mean_diversity=0.211358,
indivs=14612006, elapsed_secs=26241, mean=0.480631, stdev=0.129489, best fit=0.693500, best_overall=0.693500, mean_diversity=0.183995,
indivs=14622104, elapsed_secs=26268, mean=0.574423, stdev=0.103953, best fit=0.693500, best_overall=0.693500, mean_diversity=0.098262,
indivs=14632202, elapsed_secs=26293, mean=0.520401, stdev=0.082754, best fit=0.693500, best_overall=0.693500, mean_diversity=0.355310,
indivs=14642300, elapsed_secs=26319, mean=0.503312, stdev=0.082368, best fit=0.693500, best_overall=0.693500, mean_diversity=0.200379,
indivs=14652398, elapsed_secs=26346, mean=0.571608, stdev=0.104876, best fit=0.693500, best_overall=0.693500, mean_diversity=0.100211,
indivs=14662496, elapsed_secs=26372, mean=0.534547, stdev=0.081053, best fit=0.693500, best_overall=0.693500, mean_diversity=0.224213,
indivs=14672594, elapsed_secs=26397, mean=0.569577, stdev=0.083263, best fit=0.693500, best_overall=0.693500, mean_diversity=0.302126,
indivs=14682692, elapsed_secs=26425, mean=0.532595, stdev=0.133649, best fit=0.693500, best_overall=0.693500, mean_diversity=0.135208,
indivs=14692790, elapsed_secs=26450, mean=0.587353, stdev=0.102584, best fit=0.693500, best_overall=0.693500, mean_diversity=0.094497,
indivs=14702888, elapsed_secs=26478, mean=0.509581, stdev=0.033496, best fit=0.693500, best_overall=0.693500, mean_diversity=0.140740,
indivs=14712986, elapsed_secs=26499, mean=0.525192, stdev=0.091715, best fit=0.693500, best_overall=0.693500, mean_diversity=0.281948,
indivs=14723084, elapsed_secs=26521, mean=0.495562, stdev=0.057690, best fit=0.693500, best_overall=0.693500, mean_diversity=0.393171,
indivs=14733182, elapsed_secs=26546, mean=0.501484, stdev=0.019813, best fit=0.693500, best_overall=0.693500, mean_diversity=0.227297,
indivs=14743280, elapsed_secs=26571, mean=0.532317, stdev=0.066760, best fit=0.693500, best_overall=0.693500, mean_diversity=0.171156,
indivs=14753378, elapsed_secs=26598, mean=0.582857, stdev=0.093974, best fit=0.693500, best_overall=0.693500, mean_diversity=0.208056,
indivs=14763476, elapsed_secs=26622, mean=0.525438, stdev=0.098270, best fit=0.693500, best_overall=0.693500, mean_diversity=0.185345,
indivs=14773574, elapsed_secs=26651, mean=0.472028, stdev=0.122233, best fit=0.693500, best_overall=0.693500, mean_diversity=0.227226,
indivs=14783672, elapsed_secs=26671, mean=0.518320, stdev=0.079444, best fit=0.693500, best_overall=0.693500, mean_diversity=0.225757,
indivs=14793770, elapsed_secs=26696, mean=0.502684, stdev=0.206650, best fit=0.693500, best_overall=0.693500, mean_diversity=0.078203,
indivs=14803868, elapsed_secs=26720, mean=0.501935, stdev=0.019253, best fit=0.693500, best_overall=0.693500, mean_diversity=0.043586,
indivs=14813966, elapsed_secs=26742, mean=0.527925, stdev=0.056808, best fit=0.693500, best_overall=0.693500, mean_diversity=0.255680,
indivs=14824064, elapsed_secs=26762, mean=0.547007, stdev=0.078132, best fit=0.693500, best_overall=0.693500, mean_diversity=0.417186,
indivs=14834162, elapsed_secs=26779, mean=0.504962, stdev=0.032103, best fit=0.693500, best_overall=0.693500, mean_diversity=0.160066,
indivs=14844260, elapsed_secs=26804, mean=0.547234, stdev=0.108891, best fit=0.693500, best_overall=0.693500, mean_diversity=0.192758,
indivs=14854358, elapsed_secs=26826, mean=0.600386, stdev=0.128350, best fit=0.693500, best_overall=0.693500, mean_diversity=0.169437,
indivs=14864456, elapsed_secs=26845, mean=0.478537, stdev=0.032815, best fit=0.693500, best_overall=0.693500, mean_diversity=0.163090,
indivs=14874554, elapsed_secs=26867, mean=0.574072, stdev=0.084426, best fit=0.693500, best_overall=0.693500, mean_diversity=0.337247,
indivs=14884652, elapsed_secs=26889, mean=0.511928, stdev=0.164331, best fit=0.693500, best_overall=0.693500, mean_diversity=0.181331,
indivs=14894750, elapsed_secs=26913, mean=0.547315, stdev=0.114272, best fit=0.693500, best_overall=0.693500, mean_diversity=0.311468,
indivs=14904848, elapsed_secs=26935, mean=0.591177, stdev=0.112428, best fit=0.693500, best_overall=0.693500, mean_diversity=0.261952,
indivs=14914946, elapsed_secs=26961, mean=0.476869, stdev=0.111084, best fit=0.693500, best_overall=0.693500, mean_diversity=0.082175,
indivs=14925044, elapsed_secs=26980, mean=0.554850, stdev=0.176318, best fit=0.693500, best_overall=0.693500, mean_diversity=0.208542,
indivs=14935142, elapsed_secs=27004, mean=0.449699, stdev=0.262623, best fit=0.693500, best_overall=0.693500, mean_diversity=0.138422,
indivs=14945240, elapsed_secs=27026, mean=0.574081, stdev=0.085273, best fit=0.693500, best_overall=0.693500, mean_diversity=0.168682,
indivs=14955338, elapsed_secs=27051, mean=0.585700, stdev=0.101447, best fit=0.693500, best_overall=0.693500, mean_diversity=0.138849,
indivs=14965436, elapsed_secs=27081, mean=0.516272, stdev=0.053863, best fit=0.693500, best_overall=0.693500, mean_diversity=0.213489,
indivs=14975534, elapsed_secs=27099, mean=0.517387, stdev=0.163855, best fit=0.693500, best_overall=0.693500, mean_diversity=0.174308,
indivs=14985632, elapsed_secs=27122, mean=0.493752, stdev=0.075118, best fit=0.693500, best_overall=0.693500, mean_diversity=0.114887,
indivs=14995730, elapsed_secs=27146, mean=0.570478, stdev=0.085145, best fit=0.693500, best_overall=0.693500, mean_diversity=0.192382,
indivs=15005828, elapsed_secs=27168, mean=0.533561, stdev=0.063187, best fit=0.693500, best_overall=0.693500, mean_diversity=0.300458,
indivs=15015926, elapsed_secs=27190, mean=0.501435, stdev=0.019934, best fit=0.693500, best_overall=0.693500, mean_diversity=0.106336,
indivs=15026024, elapsed_secs=27214, mean=0.591586, stdev=0.094860, best fit=0.693500, best_overall=0.693500, mean_diversity=0.126412,
indivs=15036122, elapsed_secs=27237, mean=0.456741, stdev=0.191435, best fit=0.693500, best_overall=0.693500, mean_diversity=0.293456,
indivs=15046220, elapsed_secs=27265, mean=0.485743, stdev=0.163750, best fit=0.693500, best_overall=0.693500, mean_diversity=0.259073,
indivs=15056318, elapsed_secs=27289, mean=0.496503, stdev=0.053642, best fit=0.693500, best_overall=0.693500, mean_diversity=0.079802,
indivs=15066416, elapsed_secs=27317, mean=0.589004, stdev=0.106967, best fit=0.693500, best_overall=0.693500, mean_diversity=0.232537,
indivs=15076514, elapsed_secs=27341, mean=0.540087, stdev=0.117370, best fit=0.693500, best_overall=0.693500, mean_diversity=0.306316,
indivs=15086612, elapsed_secs=27367, mean=0.558942, stdev=0.071589, best fit=0.693500, best_overall=0.693500, mean_diversity=0.214664,
indivs=15096710, elapsed_secs=27391, mean=0.585309, stdev=0.099629, best fit=0.693500, best_overall=0.693500, mean_diversity=0.173305,
indivs=15106808, elapsed_secs=27418, mean=0.514465, stdev=0.043828, best fit=0.693500, best_overall=0.693500, mean_diversity=0.238567,
indivs=15116906, elapsed_secs=27444, mean=0.544310, stdev=0.088966, best fit=0.693500, best_overall=0.693500, mean_diversity=0.128579,
indivs=15127004, elapsed_secs=27466, mean=0.471416, stdev=0.126812, best fit=0.693500, best_overall=0.693500, mean_diversity=0.156878,
indivs=15137102, elapsed_secs=27494, mean=0.553654, stdev=0.142728, best fit=0.693500, best_overall=0.693500, mean_diversity=0.129722,
indivs=15147200, elapsed_secs=27514, mean=0.504307, stdev=0.094013, best fit=0.693500, best_overall=0.693500, mean_diversity=0.179186,
indivs=15157298, elapsed_secs=27537, mean=0.507258, stdev=0.035515, best fit=0.693500, best_overall=0.693500, mean_diversity=0.141511,
indivs=15167396, elapsed_secs=27557, mean=0.582437, stdev=0.103047, best fit=0.693500, best_overall=0.693500, mean_diversity=0.251944,
indivs=15177494, elapsed_secs=27582, mean=0.559494, stdev=0.098652, best fit=0.693500, best_overall=0.693500, mean_diversity=0.161310,
indivs=15187592, elapsed_secs=27607, mean=0.535631, stdev=0.081858, best fit=0.693500, best_overall=0.693500, mean_diversity=0.263978,
indivs=15197690, elapsed_secs=27633, mean=0.502544, stdev=0.058486, best fit=0.693500, best_overall=0.693500, mean_diversity=0.181062,
indivs=15207788, elapsed_secs=27656, mean=0.501933, stdev=0.019253, best fit=0.693500, best_overall=0.693500, mean_diversity=0.126098,
indivs=15217886, elapsed_secs=27681, mean=0.522982, stdev=0.098774, best fit=0.693500, best_overall=0.693500, mean_diversity=0.216598,
indivs=15227984, elapsed_secs=27701, mean=0.525552, stdev=0.067980, best fit=0.693500, best_overall=0.693500, mean_diversity=0.362863,
indivs=15238082, elapsed_secs=27722, mean=0.502923, stdev=0.021529, best fit=0.693500, best_overall=0.693500, mean_diversity=0.105889,
indivs=15248180, elapsed_secs=27743, mean=0.545125, stdev=0.068527, best fit=0.693500, best_overall=0.693500, mean_diversity=0.279701,
indivs=15258278, elapsed_secs=27769, mean=0.497834, stdev=0.078695, best fit=0.693500, best_overall=0.693500, mean_diversity=0.104638,
indivs=15268376, elapsed_secs=27793, mean=0.590659, stdev=0.119609, best fit=0.693500, best_overall=0.693500, mean_diversity=0.143830,
indivs=15278474, elapsed_secs=27817, mean=0.526390, stdev=0.083072, best fit=0.693500, best_overall=0.693500, mean_diversity=0.107711,
indivs=15288572, elapsed_secs=27841, mean=0.528551, stdev=0.117721, best fit=0.693500, best_overall=0.693500, mean_diversity=0.370648,
indivs=15298670, elapsed_secs=27864, mean=0.495435, stdev=0.050780, best fit=0.693500, best_overall=0.693500, mean_diversity=0.068149,
indivs=15308768, elapsed_secs=27887, mean=0.501656, stdev=0.060690, best fit=0.693500, best_overall=0.693500, mean_diversity=0.113837,
indivs=15318866, elapsed_secs=27916, mean=0.522991, stdev=0.102015, best fit=0.693500, best_overall=0.693500, mean_diversity=0.349565,
indivs=15328964, elapsed_secs=27938, mean=0.544859, stdev=0.099709, best fit=0.693500, best_overall=0.693500, mean_diversity=0.481081,
indivs=15339062, elapsed_secs=27962, mean=0.507420, stdev=0.157634, best fit=0.693500, best_overall=0.693500, mean_diversity=0.342419,
indivs=15349160, elapsed_secs=27981, mean=0.521857, stdev=0.059198, best fit=0.693500, best_overall=0.693500, mean_diversity=0.283975,
indivs=15359258, elapsed_secs=28008, mean=0.567880, stdev=0.112635, best fit=0.693500, best_overall=0.693500, mean_diversity=0.206266,
indivs=15369356, elapsed_secs=28033, mean=0.484132, stdev=0.130603, best fit=0.693500, best_overall=0.693500, mean_diversity=0.246842,
indivs=15379454, elapsed_secs=28059, mean=0.513024, stdev=0.046590, best fit=0.693500, best_overall=0.693500, mean_diversity=0.156175,
indivs=15389552, elapsed_secs=28084, mean=0.494441, stdev=0.189281, best fit=0.693500, best_overall=0.693500, mean_diversity=0.113559,
indivs=15399650, elapsed_secs=28110, mean=0.526205, stdev=0.055146, best fit=0.693500, best_overall=0.693500, mean_diversity=0.250829,
indivs=15409748, elapsed_secs=28134, mean=0.501863, stdev=0.019275, best fit=0.693500, best_overall=0.693500, mean_diversity=0.156411,
indivs=15419846, elapsed_secs=28155, mean=0.506238, stdev=0.071259, best fit=0.693500, best_overall=0.693500, mean_diversity=0.315049,
indivs=15429944, elapsed_secs=28180, mean=0.508711, stdev=0.114102, best fit=0.693500, best_overall=0.693500, mean_diversity=0.223930,
indivs=15440042, elapsed_secs=28206, mean=0.491935, stdev=0.072865, best fit=0.693500, best_overall=0.693500, mean_diversity=0.223359,
indivs=15450140, elapsed_secs=28232, mean=0.585060, stdev=0.120161, best fit=0.693500, best_overall=0.693500, mean_diversity=0.147691,
indivs=15460238, elapsed_secs=28256, mean=0.532438, stdev=0.075692, best fit=0.693500, best_overall=0.693500, mean_diversity=0.326767,
indivs=15470336, elapsed_secs=28277, mean=0.502040, stdev=0.023372, best fit=0.693500, best_overall=0.693500, mean_diversity=0.072421,
indivs=15480434, elapsed_secs=28300, mean=0.456807, stdev=0.131948, best fit=0.693500, best_overall=0.693500, mean_diversity=0.137015,
indivs=15490532, elapsed_secs=28322, mean=0.514029, stdev=0.094962, best fit=0.693500, best_overall=0.693500, mean_diversity=0.296385,
indivs=15500630, elapsed_secs=28346, mean=0.516340, stdev=0.077839, best fit=0.693500, best_overall=0.693500, mean_diversity=0.154084,
indivs=15510728, elapsed_secs=28369, mean=0.480620, stdev=0.099394, best fit=0.693500, best_overall=0.693500, mean_diversity=0.242159,
indivs=15520826, elapsed_secs=28393, mean=0.538484, stdev=0.062916, best fit=0.693500, best_overall=0.693500, mean_diversity=0.175990,
indivs=15530924, elapsed_secs=28419, mean=0.438034, stdev=0.180859, best fit=0.693500, best_overall=0.693500, mean_diversity=0.166815,
indivs=15541022, elapsed_secs=28442, mean=0.581259, stdev=0.087828, best fit=0.693500, best_overall=0.693500, mean_diversity=0.172371,
indivs=15551120, elapsed_secs=28470, mean=0.576300, stdev=0.141622, best fit=0.693500, best_overall=0.693500, mean_diversity=0.166165,
indivs=15561218, elapsed_secs=28498, mean=0.554329, stdev=0.075406, best fit=0.693500, best_overall=0.693500, mean_diversity=0.204035,
indivs=15571316, elapsed_secs=28526, mean=0.520178, stdev=0.047647, best fit=0.693500, best_overall=0.693500, mean_diversity=0.380718,
indivs=15581414, elapsed_secs=28551, mean=0.534496, stdev=0.174044, best fit=0.693500, best_overall=0.693500, mean_diversity=0.096241,
indivs=15591512, elapsed_secs=28580, mean=0.554170, stdev=0.135456, best fit=0.693500, best_overall=0.693500, mean_diversity=0.196028,
indivs=15601610, elapsed_secs=28602, mean=0.493376, stdev=0.113489, best fit=0.693500, best_overall=0.693500, mean_diversity=0.266014,
indivs=15611708, elapsed_secs=28623, mean=0.617503, stdev=0.102609, best fit=0.693500, best_overall=0.693500, mean_diversity=0.130529,
indivs=15621806, elapsed_secs=28646, mean=0.446979, stdev=0.181136, best fit=0.693500, best_overall=0.693500, mean_diversity=0.276882,
indivs=15631904, elapsed_secs=28664, mean=0.487000, stdev=0.087781, best fit=0.693500, best_overall=0.693500, mean_diversity=0.395429,
indivs=15642002, elapsed_secs=28689, mean=0.557773, stdev=0.084338, best fit=0.693500, best_overall=0.693500, mean_diversity=0.343214,
indivs=15652100, elapsed_secs=28707, mean=0.592157, stdev=0.081215, best fit=0.693500, best_overall=0.693500, mean_diversity=0.135689,
indivs=15662198, elapsed_secs=28731, mean=0.509590, stdev=0.071224, best fit=0.693500, best_overall=0.693500, mean_diversity=0.137423,
indivs=15672296, elapsed_secs=28761, mean=0.595989, stdev=0.146622, best fit=0.693500, best_overall=0.693500, mean_diversity=0.054339,
indivs=15682394, elapsed_secs=28787, mean=0.561098, stdev=0.125797, best fit=0.693500, best_overall=0.693500, mean_diversity=0.111340,
indivs=15692492, elapsed_secs=28808, mean=0.528929, stdev=0.081738, best fit=0.693500, best_overall=0.693500, mean_diversity=0.235599,
indivs=15702590, elapsed_secs=28837, mean=0.578056, stdev=0.113806, best fit=0.693500, best_overall=0.693500, mean_diversity=0.139217,
indivs=15712688, elapsed_secs=28865, mean=0.552883, stdev=0.136106, best fit=0.693500, best_overall=0.693500, mean_diversity=0.152817,
indivs=15722786, elapsed_secs=28888, mean=0.517032, stdev=0.140722, best fit=0.693500, best_overall=0.693500, mean_diversity=0.367718,
indivs=15732884, elapsed_secs=28910, mean=0.563160, stdev=0.087379, best fit=0.693500, best_overall=0.693500, mean_diversity=0.223746,
indivs=15742982, elapsed_secs=28933, mean=0.500959, stdev=0.033626, best fit=0.693500, best_overall=0.693500, mean_diversity=0.148810,
indivs=15753080, elapsed_secs=28950, mean=0.501935, stdev=0.019253, best fit=0.693500, best_overall=0.693500, mean_diversity=0.186729,
indivs=15763178, elapsed_secs=28978, mean=0.509513, stdev=0.098609, best fit=0.693500, best_overall=0.693500, mean_diversity=0.410506,
indivs=15773276, elapsed_secs=29004, mean=0.519774, stdev=0.079698, best fit=0.693500, best_overall=0.693500, mean_diversity=0.296570,
indivs=15783374, elapsed_secs=29031, mean=0.586458, stdev=0.118017, best fit=0.693500, best_overall=0.693500, mean_diversity=0.080989,
indivs=15793472, elapsed_secs=29054, mean=0.503054, stdev=0.063546, best fit=0.693500, best_overall=0.693500, mean_diversity=0.169670,
indivs=15803570, elapsed_secs=29071, mean=0.567363, stdev=0.109603, best fit=0.693500, best_overall=0.693500, mean_diversity=0.215759,
indivs=15813668, elapsed_secs=29090, mean=0.563918, stdev=0.115097, best fit=0.693500, best_overall=0.693500, mean_diversity=0.290807,
indivs=15823766, elapsed_secs=29117, mean=0.544410, stdev=0.125181, best fit=0.693500, best_overall=0.693500, mean_diversity=0.400393,
indivs=15833864, elapsed_secs=29143, mean=0.542972, stdev=0.128171, best fit=0.693500, best_overall=0.693500, mean_diversity=0.253491,
indivs=15843962, elapsed_secs=29163, mean=0.533599, stdev=0.122782, best fit=0.693500, best_overall=0.693500, mean_diversity=0.394206,
indivs=15854060, elapsed_secs=29184, mean=0.576979, stdev=0.135385, best fit=0.693500, best_overall=0.693500, mean_diversity=0.120361,
indivs=15864158, elapsed_secs=29212, mean=0.575703, stdev=0.078524, best fit=0.693500, best_overall=0.693500, mean_diversity=0.130359,
indivs=15874256, elapsed_secs=29232, mean=0.566229, stdev=0.105816, best fit=0.693500, best_overall=0.693500, mean_diversity=0.189538,
indivs=15884354, elapsed_secs=29257, mean=0.517662, stdev=0.054572, best fit=0.693500, best_overall=0.693500, mean_diversity=0.272191,
indivs=15894452, elapsed_secs=29286, mean=0.517241, stdev=0.055434, best fit=0.693500, best_overall=0.693500, mean_diversity=0.169961,
indivs=15904550, elapsed_secs=29311, mean=0.615631, stdev=0.100859, best fit=0.693500, best_overall=0.693500, mean_diversity=0.061205,
indivs=15914648, elapsed_secs=29335, mean=0.503457, stdev=0.027823, best fit=0.693500, best_overall=0.693500, mean_diversity=0.216304,
indivs=15924746, elapsed_secs=29360, mean=0.590472, stdev=0.111955, best fit=0.693500, best_overall=0.693500, mean_diversity=0.170913,
indivs=15934844, elapsed_secs=29386, mean=0.512947, stdev=0.093023, best fit=0.693500, best_overall=0.693500, mean_diversity=0.103167,
indivs=15944942, elapsed_secs=29411, mean=0.505329, stdev=0.029534, best fit=0.693500, best_overall=0.693500, mean_diversity=0.088637,
indivs=15955040, elapsed_secs=29430, mean=0.533794, stdev=0.076576, best fit=0.693500, best_overall=0.693500, mean_diversity=0.311225,
indivs=15965138, elapsed_secs=29452, mean=0.415852, stdev=0.096824, best fit=0.693500, best_overall=0.693500, mean_diversity=0.164033,
indivs=15975236, elapsed_secs=29477, mean=0.536405, stdev=0.069242, best fit=0.693500, best_overall=0.693500, mean_diversity=0.264453,
indivs=15985334, elapsed_secs=29498, mean=0.518611, stdev=0.092526, best fit=0.693500, best_overall=0.693500, mean_diversity=0.153147,
indivs=15995432, elapsed_secs=29516, mean=0.507362, stdev=0.107487, best fit=0.693500, best_overall=0.693500, mean_diversity=0.223171,
indivs=16005530, elapsed_secs=29538, mean=0.572767, stdev=0.118492, best fit=0.693500, best_overall=0.693500, mean_diversity=0.253832,
indivs=16015628, elapsed_secs=29561, mean=0.593961, stdev=0.086834, best fit=0.693500, best_overall=0.693500, mean_diversity=0.083855,
indivs=16025726, elapsed_secs=29584, mean=0.510407, stdev=0.075052, best fit=0.693500, best_overall=0.693500, mean_diversity=0.422036,
indivs=16035824, elapsed_secs=29600, mean=0.513315, stdev=0.045316, best fit=0.693500, best_overall=0.693500, mean_diversity=0.147320,
indivs=16045922, elapsed_secs=29625, mean=0.532358, stdev=0.066927, best fit=0.693500, best_overall=0.693500, mean_diversity=0.257764,
indivs=16056020, elapsed_secs=29647, mean=0.469877, stdev=0.112549, best fit=0.693500, best_overall=0.693500, mean_diversity=0.125933,
indivs=16066118, elapsed_secs=29664, mean=0.477939, stdev=0.087043, best fit=0.693500, best_overall=0.693500, mean_diversity=0.109457,
indivs=16076216, elapsed_secs=29684, mean=0.507820, stdev=0.101303, best fit=0.693500, best_overall=0.693500, mean_diversity=0.317833,
indivs=16086314, elapsed_secs=29713, mean=0.536818, stdev=0.118153, best fit=0.693500, best_overall=0.693500, mean_diversity=0.323941,
indivs=16096412, elapsed_secs=29732, mean=0.568635, stdev=0.130216, best fit=0.693500, best_overall=0.693500, mean_diversity=0.171319,
indivs=16106510, elapsed_secs=29759, mean=0.525420, stdev=0.077961, best fit=0.693500, best_overall=0.693500, mean_diversity=0.143419,
indivs=16116608, elapsed_secs=29780, mean=0.503176, stdev=0.022767, best fit=0.693500, best_overall=0.693500, mean_diversity=0.090118,
indivs=16126706, elapsed_secs=29802, mean=0.494553, stdev=0.132142, best fit=0.693500, best_overall=0.693500, mean_diversity=0.078971,
indivs=16136804, elapsed_secs=29827, mean=0.513453, stdev=0.058021, best fit=0.693500, best_overall=0.693500, mean_diversity=0.157410,
indivs=16146902, elapsed_secs=29851, mean=0.484692, stdev=0.035790, best fit=0.693500, best_overall=0.693500, mean_diversity=0.171569,
indivs=16157000, elapsed_secs=29875, mean=0.501957, stdev=0.019251, best fit=0.693500, best_overall=0.693500, mean_diversity=0.102857,
indivs=16167098, elapsed_secs=29899, mean=0.509592, stdev=0.138123, best fit=0.693500, best_overall=0.693500, mean_diversity=0.266771,
indivs=16177196, elapsed_secs=29921, mean=0.503323, stdev=0.029214, best fit=0.693500, best_overall=0.693500, mean_diversity=0.361415,
indivs=16187294, elapsed_secs=29947, mean=0.588730, stdev=0.101901, best fit=0.693500, best_overall=0.693500, mean_diversity=0.184793,
indivs=16197392, elapsed_secs=29971, mean=0.533011, stdev=0.090007, best fit=0.693500, best_overall=0.693500, mean_diversity=0.256491,
indivs=16207490, elapsed_secs=29997, mean=0.540420, stdev=0.108817, best fit=0.693500, best_overall=0.693500, mean_diversity=0.413655,
indivs=16217588, elapsed_secs=30023, mean=0.548136, stdev=0.069979, best fit=0.693500, best_overall=0.693500, mean_diversity=0.131624,
indivs=16227686, elapsed_secs=30046, mean=0.521068, stdev=0.092780, best fit=0.693500, best_overall=0.693500, mean_diversity=0.211056,
indivs=16237784, elapsed_secs=30068, mean=0.499424, stdev=0.024383, best fit=0.693500, best_overall=0.693500, mean_diversity=0.201100,
indivs=16247882, elapsed_secs=30094, mean=0.508183, stdev=0.069549, best fit=0.693500, best_overall=0.693500, mean_diversity=0.163612,
indivs=16257980, elapsed_secs=30117, mean=0.464021, stdev=0.151300, best fit=0.693500, best_overall=0.693500, mean_diversity=0.094110,
indivs=16268078, elapsed_secs=30141, mean=0.501935, stdev=0.019253, best fit=0.693500, best_overall=0.693500, mean_diversity=0.123469,
indivs=16278176, elapsed_secs=30163, mean=0.476935, stdev=0.111096, best fit=0.693500, best_overall=0.693500, mean_diversity=0.246750,
indivs=16288274, elapsed_secs=30187, mean=0.495715, stdev=0.096112, best fit=0.693500, best_overall=0.693500, mean_diversity=0.279576,
indivs=16298372, elapsed_secs=30210, mean=0.574076, stdev=0.081465, best fit=0.693500, best_overall=0.693500, mean_diversity=0.083544,
indivs=16308470, elapsed_secs=30235, mean=0.554009, stdev=0.070412, best fit=0.693500, best_overall=0.693500, mean_diversity=0.248017,
indivs=16318568, elapsed_secs=30263, mean=0.531742, stdev=0.128793, best fit=0.693500, best_overall=0.693500, mean_diversity=0.316368,
indivs=16328666, elapsed_secs=30294, mean=0.587406, stdev=0.100462, best fit=0.693500, best_overall=0.693500, mean_diversity=0.328587,
indivs=16338764, elapsed_secs=30321, mean=0.561649, stdev=0.169135, best fit=0.693500, best_overall=0.693500, mean_diversity=0.169134,
indivs=16348862, elapsed_secs=30345, mean=0.523643, stdev=0.093978, best fit=0.693500, best_overall=0.693500, mean_diversity=0.073992,
indivs=16358960, elapsed_secs=30367, mean=0.605695, stdev=0.118488, best fit=0.693500, best_overall=0.693500, mean_diversity=0.098105,
indivs=16369058, elapsed_secs=30388, mean=0.554868, stdev=0.081854, best fit=0.693500, best_overall=0.693500, mean_diversity=0.295993,
indivs=16379156, elapsed_secs=30410, mean=0.503381, stdev=0.022789, best fit=0.693500, best_overall=0.693500, mean_diversity=0.180734,
indivs=16389254, elapsed_secs=30432, mean=0.511389, stdev=0.059266, best fit=0.693500, best_overall=0.693500, mean_diversity=0.163342,
indivs=16399352, elapsed_secs=30457, mean=0.503903, stdev=0.063821, best fit=0.693500, best_overall=0.693500, mean_diversity=0.105955,
indivs=16409450, elapsed_secs=30483, mean=0.577478, stdev=0.087142, best fit=0.693500, best_overall=0.693500, mean_diversity=0.183787,
indivs=16419548, elapsed_secs=30510, mean=0.507522, stdev=0.026264, best fit=0.693500, best_overall=0.693500, mean_diversity=0.162217,
indivs=16429646, elapsed_secs=30537, mean=0.527478, stdev=0.102940, best fit=0.693500, best_overall=0.693500, mean_diversity=0.405455,
indivs=16439744, elapsed_secs=30559, mean=0.462978, stdev=0.198558, best fit=0.693500, best_overall=0.693500, mean_diversity=0.111140,
indivs=16449842, elapsed_secs=30583, mean=0.508048, stdev=0.060973, best fit=0.693500, best_overall=0.693500, mean_diversity=0.252814,
indivs=16459940, elapsed_secs=30609, mean=0.547350, stdev=0.115088, best fit=0.693500, best_overall=0.693500, mean_diversity=0.363828,
indivs=16470038, elapsed_secs=30630, mean=0.495461, stdev=0.077548, best fit=0.693500, best_overall=0.693500, mean_diversity=0.193864,
indivs=16480136, elapsed_secs=30658, mean=0.524246, stdev=0.098935, best fit=0.693500, best_overall=0.693500, mean_diversity=0.204799,
indivs=16490234, elapsed_secs=30682, mean=0.517821, stdev=0.073782, best fit=0.693500, best_overall=0.693500, mean_diversity=0.279762,
indivs=16500332, elapsed_secs=30707, mean=0.520054, stdev=0.055639, best fit=0.693500, best_overall=0.693500, mean_diversity=0.162997,
indivs=16510430, elapsed_secs=30732, mean=0.612161, stdev=0.101174, best fit=0.693500, best_overall=0.693500, mean_diversity=0.099120,
indivs=16520528, elapsed_secs=30756, mean=0.570915, stdev=0.085886, best fit=0.693500, best_overall=0.693500, mean_diversity=0.196447,
indivs=16530626, elapsed_secs=30780, mean=0.545934, stdev=0.077849, best fit=0.693500, best_overall=0.693500, mean_diversity=0.264589,
indivs=16540724, elapsed_secs=30804, mean=0.491302, stdev=0.073050, best fit=0.693500, best_overall=0.693500, mean_diversity=0.196000,
indivs=16550822, elapsed_secs=30826, mean=0.546952, stdev=0.112096, best fit=0.693500, best_overall=0.693500, mean_diversity=0.117848,
indivs=16560920, elapsed_secs=30850, mean=0.541303, stdev=0.133895, best fit=0.693500, best_overall=0.693500, mean_diversity=0.117442,
indivs=16571018, elapsed_secs=30873, mean=0.553736, stdev=0.099268, best fit=0.693500, best_overall=0.693500, mean_diversity=0.316608,
indivs=16581116, elapsed_secs=30897, mean=0.503132, stdev=0.106081, best fit=0.693500, best_overall=0.693500, mean_diversity=0.260034,
indivs=16591214, elapsed_secs=30923, mean=0.563184, stdev=0.099643, best fit=0.693500, best_overall=0.693500, mean_diversity=0.194265,
indivs=16601312, elapsed_secs=30948, mean=0.455184, stdev=0.117332, best fit=0.693500, best_overall=0.693500, mean_diversity=0.483038,
indivs=16611410, elapsed_secs=30966, mean=0.526640, stdev=0.063468, best fit=0.693500, best_overall=0.693500, mean_diversity=0.241825,
indivs=16621508, elapsed_secs=30983, mean=0.539673, stdev=0.127698, best fit=0.693500, best_overall=0.693500, mean_diversity=0.186229,
indivs=16631606, elapsed_secs=31004, mean=0.573126, stdev=0.083089, best fit=0.693500, best_overall=0.693500, mean_diversity=0.105457,
indivs=16641704, elapsed_secs=31030, mean=0.596493, stdev=0.113221, best fit=0.693500, best_overall=0.693500, mean_diversity=0.173265,
indivs=16651802, elapsed_secs=31057, mean=0.510514, stdev=0.068271, best fit=0.693500, best_overall=0.693500, mean_diversity=0.260966,
indivs=16661900, elapsed_secs=31077, mean=0.537044, stdev=0.071415, best fit=0.693500, best_overall=0.693500, mean_diversity=0.296553,
indivs=16671998, elapsed_secs=31100, mean=0.493328, stdev=0.077019, best fit=0.693500, best_overall=0.693500, mean_diversity=0.252358,
indivs=16682096, elapsed_secs=31121, mean=0.497832, stdev=0.032510, best fit=0.693500, best_overall=0.693500, mean_diversity=0.179530,
indivs=16692194, elapsed_secs=31144, mean=0.502141, stdev=0.019286, best fit=0.693500, best_overall=0.693500, mean_diversity=0.287627,
indivs=16702292, elapsed_secs=31164, mean=0.467235, stdev=0.129630, best fit=0.693500, best_overall=0.693500, mean_diversity=0.058232,
indivs=16712390, elapsed_secs=31187, mean=0.550997, stdev=0.096934, best fit=0.693500, best_overall=0.693500, mean_diversity=0.153436,
indivs=16722488, elapsed_secs=31211, mean=0.522802, stdev=0.100533, best fit=0.693500, best_overall=0.693500, mean_diversity=0.198541,
indivs=16732586, elapsed_secs=31237, mean=0.587303, stdev=0.100183, best fit=0.693500, best_overall=0.693500, mean_diversity=0.293802,
indivs=16742684, elapsed_secs=31261, mean=0.592498, stdev=0.106728, best fit=0.693500, best_overall=0.693500, mean_diversity=0.145640,
indivs=16752782, elapsed_secs=31283, mean=0.519063, stdev=0.113693, best fit=0.693500, best_overall=0.693500, mean_diversity=0.100766,
indivs=16762880, elapsed_secs=31305, mean=0.549921, stdev=0.082315, best fit=0.693500, best_overall=0.693500, mean_diversity=0.052490,
indivs=16772978, elapsed_secs=31327, mean=0.521905, stdev=0.082515, best fit=0.693500, best_overall=0.693500, mean_diversity=0.272834,
indivs=16783076, elapsed_secs=31347, mean=0.548156, stdev=0.118446, best fit=0.693500, best_overall=0.693500, mean_diversity=0.172941,
indivs=16793174, elapsed_secs=31371, mean=0.509145, stdev=0.090390, best fit=0.693500, best_overall=0.693500, mean_diversity=0.317566,
indivs=16803272, elapsed_secs=31392, mean=0.550380, stdev=0.074860, best fit=0.693500, best_overall=0.693500, mean_diversity=0.065582,
indivs=16813370, elapsed_secs=31417, mean=0.528591, stdev=0.079305, best fit=0.693500, best_overall=0.693500, mean_diversity=0.381933,
indivs=16823468, elapsed_secs=31443, mean=0.497644, stdev=0.052345, best fit=0.693500, best_overall=0.693500, mean_diversity=0.245244,
indivs=16833566, elapsed_secs=31470, mean=0.582271, stdev=0.085246, best fit=0.693500, best_overall=0.693500, mean_diversity=0.093790,
indivs=16843664, elapsed_secs=31493, mean=0.555343, stdev=0.087369, best fit=0.693500, best_overall=0.693500, mean_diversity=0.319259,
indivs=16853762, elapsed_secs=31517, mean=0.601315, stdev=0.115736, best fit=0.693500, best_overall=0.693500, mean_diversity=0.123251,
indivs=16863860, elapsed_secs=31547, mean=0.500639, stdev=0.036194, best fit=0.693500, best_overall=0.693500, mean_diversity=0.089746,
indivs=16873958, elapsed_secs=31578, mean=0.521049, stdev=0.099411, best fit=0.693500, best_overall=0.693500, mean_diversity=0.229693,
indivs=16884056, elapsed_secs=31602, mean=0.491903, stdev=0.136309, best fit=0.693500, best_overall=0.693500, mean_diversity=0.155089,
indivs=16894154, elapsed_secs=31625, mean=0.486225, stdev=0.087809, best fit=0.693500, best_overall=0.693500, mean_diversity=0.204902,
indivs=16904252, elapsed_secs=31644, mean=0.503272, stdev=0.086188, best fit=0.693500, best_overall=0.693500, mean_diversity=0.216464,
indivs=16914350, elapsed_secs=31665, mean=0.512896, stdev=0.114488, best fit=0.693500, best_overall=0.693500, mean_diversity=0.318377,
indivs=16924448, elapsed_secs=31686, mean=0.572783, stdev=0.123780, best fit=0.693500, best_overall=0.693500, mean_diversity=0.115841,
indivs=16934546, elapsed_secs=31709, mean=0.522240, stdev=0.147056, best fit=0.693500, best_overall=0.693500, mean_diversity=0.272837,
indivs=16944644, elapsed_secs=31730, mean=0.542189, stdev=0.072788, best fit=0.693500, best_overall=0.693500, mean_diversity=0.280176,
indivs=16954742, elapsed_secs=31759, mean=0.551883, stdev=0.102955, best fit=0.693500, best_overall=0.693500, mean_diversity=0.357191,
indivs=16964840, elapsed_secs=31780, mean=0.564689, stdev=0.131843, best fit=0.693500, best_overall=0.693500, mean_diversity=0.109764,
indivs=16974938, elapsed_secs=31804, mean=0.575869, stdev=0.080686, best fit=0.693500, best_overall=0.693500, mean_diversity=0.164238,
indivs=16985036, elapsed_secs=31823, mean=0.585181, stdev=0.084998, best fit=0.693500, best_overall=0.693500, mean_diversity=0.142456,
indivs=16995134, elapsed_secs=31839, mean=0.561937, stdev=0.129943, best fit=0.693500, best_overall=0.693500, mean_diversity=0.114876,
indivs=17005232, elapsed_secs=31859, mean=0.485413, stdev=0.088282, best fit=0.693500, best_overall=0.693500, mean_diversity=0.179452,
indivs=17015330, elapsed_secs=31884, mean=0.555512, stdev=0.104713, best fit=0.693500, best_overall=0.693500, mean_diversity=0.211994,
indivs=17025428, elapsed_secs=31909, mean=0.551216, stdev=0.068292, best fit=0.693500, best_overall=0.693500, mean_diversity=0.280000,
indivs=17035526, elapsed_secs=31932, mean=0.501841, stdev=0.043533, best fit=0.693500, best_overall=0.693500, mean_diversity=0.435000,
indivs=17045624, elapsed_secs=31954, mean=0.481929, stdev=0.100239, best fit=0.693500, best_overall=0.693500, mean_diversity=0.280254,
indivs=17055722, elapsed_secs=31977, mean=0.501361, stdev=0.019648, best fit=0.693500, best_overall=0.693500, mean_diversity=0.294800,
indivs=17065820, elapsed_secs=32002, mean=0.572269, stdev=0.104107, best fit=0.693500, best_overall=0.693500, mean_diversity=0.322553,
indivs=17075918, elapsed_secs=32028, mean=0.558964, stdev=0.100409, best fit=0.693500, best_overall=0.693500, mean_diversity=0.321862,
indivs=17086016, elapsed_secs=32056, mean=0.500735, stdev=0.021861, best fit=0.693500, best_overall=0.693500, mean_diversity=0.052212,
indivs=17096114, elapsed_secs=32078, mean=0.531691, stdev=0.089694, best fit=0.693500, best_overall=0.693500, mean_diversity=0.293519,
indivs=17106212, elapsed_secs=32098, mean=0.619413, stdev=0.104391, best fit=0.693500, best_overall=0.693500, mean_diversity=0.209028,
indivs=17116310, elapsed_secs=32124, mean=0.497048, stdev=0.032368, best fit=0.693500, best_overall=0.693500, mean_diversity=0.236402,
indivs=17126408, elapsed_secs=32148, mean=0.596275, stdev=0.098377, best fit=0.693500, best_overall=0.693500, mean_diversity=0.185655,
indivs=17136506, elapsed_secs=32170, mean=0.502720, stdev=0.085465, best fit=0.693500, best_overall=0.693500, mean_diversity=0.101489,
indivs=17146604, elapsed_secs=32199, mean=0.596840, stdev=0.145407, best fit=0.693500, best_overall=0.693500, mean_diversity=0.160512,
indivs=17156702, elapsed_secs=32220, mean=0.518645, stdev=0.046952, best fit=0.693500, best_overall=0.693500, mean_diversity=0.280352,
indivs=17166800, elapsed_secs=32244, mean=0.490304, stdev=0.077942, best fit=0.693500, best_overall=0.693500, mean_diversity=0.136235,
indivs=17176898, elapsed_secs=32262, mean=0.496532, stdev=0.053744, best fit=0.693500, best_overall=0.693500, mean_diversity=0.124708,
indivs=17186996, elapsed_secs=32288, mean=0.507493, stdev=0.150260, best fit=0.693500, best_overall=0.693500, mean_diversity=0.051571,
indivs=17197094, elapsed_secs=32311, mean=0.545206, stdev=0.066913, best fit=0.693500, best_overall=0.693500, mean_diversity=0.289834,
indivs=17207192, elapsed_secs=32337, mean=0.554105, stdev=0.138414, best fit=0.693500, best_overall=0.693500, mean_diversity=0.221335,
indivs=17217290, elapsed_secs=32363, mean=0.521908, stdev=0.044732, best fit=0.693500, best_overall=0.693500, mean_diversity=0.182833,
indivs=17227388, elapsed_secs=32381, mean=0.517760, stdev=0.082157, best fit=0.693500, best_overall=0.693500, mean_diversity=0.155895,
indivs=17237486, elapsed_secs=32406, mean=0.544148, stdev=0.116733, best fit=0.693500, best_overall=0.693500, mean_diversity=0.405016,
indivs=17247584, elapsed_secs=32430, mean=0.529017, stdev=0.127648, best fit=0.693500, best_overall=0.693500, mean_diversity=0.083240,
indivs=17257682, elapsed_secs=32455, mean=0.509885, stdev=0.081569, best fit=0.693500, best_overall=0.693500, mean_diversity=0.200987,
indivs=17267780, elapsed_secs=32482, mean=0.497787, stdev=0.178907, best fit=0.693500, best_overall=0.693500, mean_diversity=0.288429,
indivs=17277878, elapsed_secs=32503, mean=0.548941, stdev=0.077881, best fit=0.693500, best_overall=0.693500, mean_diversity=0.308974,
indivs=17287976, elapsed_secs=32527, mean=0.520200, stdev=0.103568, best fit=0.693500, best_overall=0.693500, mean_diversity=0.342850,
indivs=17298074, elapsed_secs=32545, mean=0.552945, stdev=0.105201, best fit=0.693500, best_overall=0.693500, mean_diversity=0.043724,
indivs=17308172, elapsed_secs=32569, mean=0.575999, stdev=0.143988, best fit=0.693500, best_overall=0.693500, mean_diversity=0.280968,
indivs=17318270, elapsed_secs=32591, mean=0.566992, stdev=0.123985, best fit=0.693500, best_overall=0.693500, mean_diversity=0.147703,
indivs=17328368, elapsed_secs=32619, mean=0.613371, stdev=0.118499, best fit=0.693500, best_overall=0.693500, mean_diversity=0.089821,
indivs=17338466, elapsed_secs=32638, mean=0.569074, stdev=0.142601, best fit=0.693500, best_overall=0.693500, mean_diversity=0.260830,
indivs=17348564, elapsed_secs=32657, mean=0.576216, stdev=0.127651, best fit=0.693500, best_overall=0.693500, mean_diversity=0.144605,
indivs=17358662, elapsed_secs=32678, mean=0.549968, stdev=0.127475, best fit=0.693500, best_overall=0.693500, mean_diversity=0.189971,
indivs=17368760, elapsed_secs=32703, mean=0.548136, stdev=0.116079, best fit=0.693500, best_overall=0.693500, mean_diversity=0.297401,
indivs=17378858, elapsed_secs=32724, mean=0.564207, stdev=0.097180, best fit=0.693500, best_overall=0.693500, mean_diversity=0.218193,
indivs=17388956, elapsed_secs=32747, mean=0.566106, stdev=0.154334, best fit=0.693500, best_overall=0.693500, mean_diversity=0.205216,
indivs=17399054, elapsed_secs=32771, mean=0.577130, stdev=0.104406, best fit=0.693500, best_overall=0.693500, mean_diversity=0.253435,
indivs=17409152, elapsed_secs=32792, mean=0.524715, stdev=0.142681, best fit=0.693500, best_overall=0.693500, mean_diversity=0.176221,
indivs=17419250, elapsed_secs=32817, mean=0.479876, stdev=0.114546, best fit=0.693500, best_overall=0.693500, mean_diversity=0.092805,
indivs=17429348, elapsed_secs=32838, mean=0.488588, stdev=0.107392, best fit=0.693500, best_overall=0.693500, mean_diversity=0.200693,
indivs=17439446, elapsed_secs=32865, mean=0.605414, stdev=0.104400, best fit=0.693500, best_overall=0.693500, mean_diversity=0.040830,
indivs=17449544, elapsed_secs=32893, mean=0.573037, stdev=0.069133, best fit=0.693500, best_overall=0.693500, mean_diversity=0.090163,
indivs=17459642, elapsed_secs=32918, mean=0.577786, stdev=0.144581, best fit=0.693500, best_overall=0.693500, mean_diversity=0.125257,
indivs=17469740, elapsed_secs=32939, mean=0.501935, stdev=0.019253, best fit=0.693500, best_overall=0.693500, mean_diversity=0.053483,
indivs=17479838, elapsed_secs=32963, mean=0.577676, stdev=0.099168, best fit=0.693500, best_overall=0.693500, mean_diversity=0.232678,
indivs=17489936, elapsed_secs=32987, mean=0.506857, stdev=0.034310, best fit=0.693500, best_overall=0.693500, mean_diversity=0.173543,
indivs=17500034, elapsed_secs=33005, mean=0.505430, stdev=0.026312, best fit=0.693500, best_overall=0.693500, mean_diversity=0.253636,
indivs=17510132, elapsed_secs=33029, mean=0.475997, stdev=0.083568, best fit=0.693500, best_overall=0.693500, mean_diversity=0.389286,
indivs=17520230, elapsed_secs=33047, mean=0.510618, stdev=0.035830, best fit=0.693500, best_overall=0.693500, mean_diversity=0.204296,
indivs=17530328, elapsed_secs=33073, mean=0.517753, stdev=0.122792, best fit=0.693500, best_overall=0.693500, mean_diversity=0.322908,
indivs=17540426, elapsed_secs=33097, mean=0.502281, stdev=0.019370, best fit=0.693500, best_overall=0.693500, mean_diversity=0.094467,
indivs=17550524, elapsed_secs=33126, mean=0.513194, stdev=0.034540, best fit=0.693500, best_overall=0.693500, mean_diversity=0.113862,
indivs=17560622, elapsed_secs=33154, mean=0.546991, stdev=0.109345, best fit=0.693500, best_overall=0.693500, mean_diversity=0.350875,
indivs=17570720, elapsed_secs=33174, mean=0.577818, stdev=0.118636, best fit=0.693500, best_overall=0.693500, mean_diversity=0.168706,
indivs=17580818, elapsed_secs=33199, mean=0.509752, stdev=0.092171, best fit=0.693500, best_overall=0.693500, mean_diversity=0.232652,
indivs=17590916, elapsed_secs=33224, mean=0.536962, stdev=0.073663, best fit=0.693500, best_overall=0.693500, mean_diversity=0.438008,
indivs=17601014, elapsed_secs=33246, mean=0.506604, stdev=0.089395, best fit=0.693500, best_overall=0.693500, mean_diversity=0.181291,
indivs=17611112, elapsed_secs=33270, mean=0.575608, stdev=0.095821, best fit=0.693500, best_overall=0.693500, mean_diversity=0.281255,
indivs=17621210, elapsed_secs=33292, mean=0.514923, stdev=0.138570, best fit=0.693500, best_overall=0.693500, mean_diversity=0.300653,
indivs=17631308, elapsed_secs=33319, mean=0.534894, stdev=0.122245, best fit=0.693500, best_overall=0.693500, mean_diversity=0.236923,
indivs=17641406, elapsed_secs=33341, mean=0.538442, stdev=0.091358, best fit=0.693500, best_overall=0.693500, mean_diversity=0.242763,
indivs=17651504, elapsed_secs=33369, mean=0.509415, stdev=0.103084, best fit=0.693500, best_overall=0.693500, mean_diversity=0.157417,
indivs=17661602, elapsed_secs=33390, mean=0.608949, stdev=0.098992, best fit=0.693500, best_overall=0.693500, mean_diversity=0.147319,
indivs=17671700, elapsed_secs=33414, mean=0.565533, stdev=0.114378, best fit=0.693500, best_overall=0.693500, mean_diversity=0.094867,
indivs=17681798, elapsed_secs=33439, mean=0.601744, stdev=0.108571, best fit=0.693500, best_overall=0.693500, mean_diversity=0.121250,
indivs=17691896, elapsed_secs=33462, mean=0.495942, stdev=0.105563, best fit=0.693500, best_overall=0.693500, mean_diversity=0.162616,
indivs=17701994, elapsed_secs=33484, mean=0.536792, stdev=0.081942, best fit=0.693500, best_overall=0.693500, mean_diversity=0.218724,
indivs=17712092, elapsed_secs=33506, mean=0.479499, stdev=0.126927, best fit=0.693500, best_overall=0.693500, mean_diversity=0.089701,
indivs=17722190, elapsed_secs=33526, mean=0.585917, stdev=0.086881, best fit=0.693500, best_overall=0.693500, mean_diversity=0.287570,
indivs=17732288, elapsed_secs=33546, mean=0.560473, stdev=0.106998, best fit=0.693500, best_overall=0.693500, mean_diversity=0.328529,
indivs=17742386, elapsed_secs=33570, mean=0.546826, stdev=0.089164, best fit=0.693500, best_overall=0.693500, mean_diversity=0.281474,
indivs=17752484, elapsed_secs=33596, mean=0.506857, stdev=0.145457, best fit=0.693500, best_overall=0.693500, mean_diversity=0.243516,
indivs=17762582, elapsed_secs=33617, mean=0.582135, stdev=0.106709, best fit=0.693500, best_overall=0.693500, mean_diversity=0.158452,
indivs=17772680, elapsed_secs=33643, mean=0.539105, stdev=0.132353, best fit=0.693500, best_overall=0.693500, mean_diversity=0.307891,
indivs=17782778, elapsed_secs=33663, mean=0.504630, stdev=0.061385, best fit=0.693500, best_overall=0.693500, mean_diversity=0.221046,
indivs=17792876, elapsed_secs=33685, mean=0.506323, stdev=0.084426, best fit=0.693500, best_overall=0.693500, mean_diversity=0.221048,
indivs=17802974, elapsed_secs=33707, mean=0.499518, stdev=0.059769, best fit=0.693500, best_overall=0.693500, mean_diversity=0.180675,
indivs=17813072, elapsed_secs=33728, mean=0.546393, stdev=0.114242, best fit=0.693500, best_overall=0.693500, mean_diversity=0.127465,
indivs=17823170, elapsed_secs=33750, mean=0.483431, stdev=0.088687, best fit=0.693500, best_overall=0.693500, mean_diversity=0.060330,
indivs=17833268, elapsed_secs=33767, mean=0.494252, stdev=0.146734, best fit=0.693500, best_overall=0.693500, mean_diversity=0.276346,
indivs=17843366, elapsed_secs=33785, mean=0.558994, stdev=0.115117, best fit=0.693500, best_overall=0.693500, mean_diversity=0.193628,
indivs=17853464, elapsed_secs=33807, mean=0.517604, stdev=0.095538, best fit=0.693500, best_overall=0.693500, mean_diversity=0.165185,
indivs=17863562, elapsed_secs=33829, mean=0.501829, stdev=0.019293, best fit=0.693500, best_overall=0.693500, mean_diversity=0.183157,
indivs=17873660, elapsed_secs=33851, mean=0.568604, stdev=0.119126, best fit=0.693500, best_overall=0.693500, mean_diversity=0.190888,
indivs=17883758, elapsed_secs=33871, mean=0.449227, stdev=0.151112, best fit=0.693500, best_overall=0.693500, mean_diversity=0.210845,
indivs=17893856, elapsed_secs=33892, mean=0.501935, stdev=0.019253, best fit=0.693500, best_overall=0.693500, mean_diversity=0.260503,
indivs=17903954, elapsed_secs=33912, mean=0.519312, stdev=0.105601, best fit=0.693500, best_overall=0.693500, mean_diversity=0.261512,
indivs=17914052, elapsed_secs=33934, mean=0.530081, stdev=0.065916, best fit=0.693500, best_overall=0.693500, mean_diversity=0.236000,
indivs=17924150, elapsed_secs=33959, mean=0.506656, stdev=0.033457, best fit=0.693500, best_overall=0.693500, mean_diversity=0.211622,
indivs=17934248, elapsed_secs=33979, mean=0.559474, stdev=0.116136, best fit=0.693500, best_overall=0.693500, mean_diversity=0.159820,
indivs=17944346, elapsed_secs=34003, mean=0.595706, stdev=0.112744, best fit=0.693500, best_overall=0.693500, mean_diversity=0.126218,
indivs=17954444, elapsed_secs=34025, mean=0.501411, stdev=0.049144, best fit=0.693500, best_overall=0.693500, mean_diversity=0.328155,
indivs=17964542, elapsed_secs=34048, mean=0.496251, stdev=0.058082, best fit=0.693500, best_overall=0.693500, mean_diversity=0.174383,
indivs=17974640, elapsed_secs=34069, mean=0.579609, stdev=0.084822, best fit=0.693500, best_overall=0.693500, mean_diversity=0.312562,
indivs=17984738, elapsed_secs=34089, mean=0.480535, stdev=0.114398, best fit=0.693500, best_overall=0.693500, mean_diversity=0.231808,
indivs=17994836, elapsed_secs=34113, mean=0.492912, stdev=0.035199, best fit=0.693500, best_overall=0.693500, mean_diversity=0.226444,
indivs=18004934, elapsed_secs=34133, mean=0.556549, stdev=0.117316, best fit=0.693500, best_overall=0.693500, mean_diversity=0.137220,
indivs=18015032, elapsed_secs=34154, mean=0.556583, stdev=0.151230, best fit=0.693500, best_overall=0.693500, mean_diversity=0.166851,
indivs=18025130, elapsed_secs=34178, mean=0.549544, stdev=0.116304, best fit=0.693500, best_overall=0.693500, mean_diversity=0.326875,
indivs=18035228, elapsed_secs=34202, mean=0.465531, stdev=0.116450, best fit=0.693500, best_overall=0.693500, mean_diversity=0.259562,
indivs=18045326, elapsed_secs=34226, mean=0.516895, stdev=0.069358, best fit=0.693500, best_overall=0.693500, mean_diversity=0.205897,
indivs=18055424, elapsed_secs=34249, mean=0.524375, stdev=0.086342, best fit=0.693500, best_overall=0.693500, mean_diversity=0.317784,
indivs=18065522, elapsed_secs=34273, mean=0.548285, stdev=0.105462, best fit=0.693500, best_overall=0.693500, mean_diversity=0.155237,
indivs=18075620, elapsed_secs=34296, mean=0.523762, stdev=0.102656, best fit=0.693500, best_overall=0.693500, mean_diversity=0.187818,
indivs=18085718, elapsed_secs=34315, mean=0.531087, stdev=0.107759, best fit=0.693500, best_overall=0.693500, mean_diversity=0.306357,
indivs=18095816, elapsed_secs=34339, mean=0.573569, stdev=0.104483, best fit=0.693500, best_overall=0.693500, mean_diversity=0.104014,
indivs=18105914, elapsed_secs=34361, mean=0.500935, stdev=0.020580, best fit=0.693500, best_overall=0.693500, mean_diversity=0.087766,
indivs=18116012, elapsed_secs=34384, mean=0.554169, stdev=0.102133, best fit=0.693500, best_overall=0.693500, mean_diversity=0.268564,
indivs=18126110, elapsed_secs=34405, mean=0.555869, stdev=0.082270, best fit=0.693500, best_overall=0.693500, mean_diversity=0.285098,
indivs=18136208, elapsed_secs=34429, mean=0.551550, stdev=0.112151, best fit=0.693500, best_overall=0.693500, mean_diversity=0.102494,
indivs=18146306, elapsed_secs=34454, mean=0.513081, stdev=0.137132, best fit=0.693500, best_overall=0.693500, mean_diversity=0.269251,
indivs=18156404, elapsed_secs=34478, mean=0.501772, stdev=0.019338, best fit=0.693500, best_overall=0.693500, mean_diversity=0.073967,
indivs=18166502, elapsed_secs=34500, mean=0.495551, stdev=0.076158, best fit=0.693500, best_overall=0.693500, mean_diversity=0.275900,
indivs=18176600, elapsed_secs=34526, mean=0.534287, stdev=0.061091, best fit=0.693500, best_overall=0.693500, mean_diversity=0.261352,
indivs=18186698, elapsed_secs=34548, mean=0.601888, stdev=0.118557, best fit=0.693500, best_overall=0.693500, mean_diversity=0.180261,
indivs=18196796, elapsed_secs=34577, mean=0.535119, stdev=0.167073, best fit=0.693500, best_overall=0.693500, mean_diversity=0.219086,
indivs=18206894, elapsed_secs=34598, mean=0.512229, stdev=0.053836, best fit=0.693500, best_overall=0.693500, mean_diversity=0.157920,
indivs=18216992, elapsed_secs=34619, mean=0.532556, stdev=0.100002, best fit=0.693500, best_overall=0.693500, mean_diversity=0.444448,
indivs=18227090, elapsed_secs=34640, mean=0.490330, stdev=0.081877, best fit=0.693500, best_overall=0.693500, mean_diversity=0.375877,
indivs=18237188, elapsed_secs=34663, mean=0.578072, stdev=0.072315, best fit=0.693500, best_overall=0.693500, mean_diversity=0.298660,
indivs=18247286, elapsed_secs=34681, mean=0.590173, stdev=0.089009, best fit=0.693500, best_overall=0.693500, mean_diversity=0.194391,
indivs=18257384, elapsed_secs=34700, mean=0.574736, stdev=0.151072, best fit=0.693500, best_overall=0.693500, mean_diversity=0.075309,
indivs=18267482, elapsed_secs=34725, mean=0.500770, stdev=0.024656, best fit=0.693500, best_overall=0.693500, mean_diversity=0.097584,
indivs=18277580, elapsed_secs=34749, mean=0.540996, stdev=0.095621, best fit=0.693500, best_overall=0.693500, mean_diversity=0.087303,
indivs=18287678, elapsed_secs=34775, mean=0.540691, stdev=0.143541, best fit=0.693500, best_overall=0.693500, mean_diversity=0.250233,
indivs=18297776, elapsed_secs=34793, mean=0.575675, stdev=0.106976, best fit=0.693500, best_overall=0.693500, mean_diversity=0.283894,
indivs=18307874, elapsed_secs=34819, mean=0.497891, stdev=0.062574, best fit=0.693500, best_overall=0.693500, mean_diversity=0.280980,
indivs=18317972, elapsed_secs=34846, mean=0.532623, stdev=0.138902, best fit=0.693500, best_overall=0.693500, mean_diversity=0.122604,
indivs=18328070, elapsed_secs=34863, mean=0.521018, stdev=0.057735, best fit=0.693500, best_overall=0.693500, mean_diversity=0.256278,
indivs=18338168, elapsed_secs=34889, mean=0.550215, stdev=0.192969, best fit=0.693500, best_overall=0.693500, mean_diversity=0.093056,
indivs=18348266, elapsed_secs=34909, mean=0.566638, stdev=0.079773, best fit=0.693500, best_overall=0.693500, mean_diversity=0.131305,
indivs=18358364, elapsed_secs=34929, mean=0.562306, stdev=0.165137, best fit=0.693500, best_overall=0.693500, mean_diversity=0.104519,
indivs=18368462, elapsed_secs=34952, mean=0.502489, stdev=0.071537, best fit=0.693500, best_overall=0.693500, mean_diversity=0.230021,
indivs=18378560, elapsed_secs=34973, mean=0.525942, stdev=0.083858, best fit=0.693500, best_overall=0.693500, mean_diversity=0.195777,
indivs=18388658, elapsed_secs=34993, mean=0.496622, stdev=0.067037, best fit=0.693500, best_overall=0.693500, mean_diversity=0.268952,
indivs=18398756, elapsed_secs=35019, mean=0.540506, stdev=0.100981, best fit=0.693500, best_overall=0.693500, mean_diversity=0.308413,
indivs=18408854, elapsed_secs=35041, mean=0.524541, stdev=0.049212, best fit=0.693500, best_overall=0.693500, mean_diversity=0.191936,
indivs=18418952, elapsed_secs=35063, mean=0.513510, stdev=0.137193, best fit=0.693500, best_overall=0.693500, mean_diversity=0.264735,
indivs=18429050, elapsed_secs=35081, mean=0.540904, stdev=0.084500, best fit=0.693500, best_overall=0.693500, mean_diversity=0.265267,
indivs=18439148, elapsed_secs=35104, mean=0.544238, stdev=0.083480, best fit=0.693500, best_overall=0.693500, mean_diversity=0.357896,
indivs=18449246, elapsed_secs=35126, mean=0.561938, stdev=0.127765, best fit=0.693500, best_overall=0.693500, mean_diversity=0.048214,
indivs=18459344, elapsed_secs=35154, mean=0.494483, stdev=0.075624, best fit=0.693500, best_overall=0.693500, mean_diversity=0.471494,
indivs=18469442, elapsed_secs=35179, mean=0.572546, stdev=0.106189, best fit=0.693500, best_overall=0.693500, mean_diversity=0.176961,
indivs=18479540, elapsed_secs=35199, mean=0.544733, stdev=0.097960, best fit=0.693500, best_overall=0.693500, mean_diversity=0.311956,
indivs=18489638, elapsed_secs=35225, mean=0.497170, stdev=0.053557, best fit=0.693500, best_overall=0.693500, mean_diversity=0.150432,
indivs=18499736, elapsed_secs=35246, mean=0.580921, stdev=0.102130, best fit=0.693500, best_overall=0.693500, mean_diversity=0.155963,
indivs=18509834, elapsed_secs=35268, mean=0.509111, stdev=0.039939, best fit=0.693500, best_overall=0.693500, mean_diversity=0.144368,
indivs=18519932, elapsed_secs=35293, mean=0.475320, stdev=0.124335, best fit=0.693500, best_overall=0.693500, mean_diversity=0.125494,
indivs=18530030, elapsed_secs=35315, mean=0.571309, stdev=0.126988, best fit=0.693500, best_overall=0.693500, mean_diversity=0.308149,
indivs=18540128, elapsed_secs=35339, mean=0.503862, stdev=0.026554, best fit=0.693500, best_overall=0.693500, mean_diversity=0.074058,
indivs=18550226, elapsed_secs=35369, mean=0.529258, stdev=0.058806, best fit=0.693500, best_overall=0.693500, mean_diversity=0.327744,
indivs=18560324, elapsed_secs=35393, mean=0.541599, stdev=0.089356, best fit=0.693500, best_overall=0.693500, mean_diversity=0.323160,
indivs=18570422, elapsed_secs=35416, mean=0.520132, stdev=0.114209, best fit=0.693500, best_overall=0.693500, mean_diversity=0.240875,
indivs=18580520, elapsed_secs=35434, mean=0.515137, stdev=0.079584, best fit=0.693500, best_overall=0.693500, mean_diversity=0.202709,
indivs=18590618, elapsed_secs=35457, mean=0.588102, stdev=0.148412, best fit=0.693500, best_overall=0.693500, mean_diversity=0.125122,
indivs=18600716, elapsed_secs=35484, mean=0.511354, stdev=0.072952, best fit=0.693500, best_overall=0.693500, mean_diversity=0.237363,
indivs=18610814, elapsed_secs=35509, mean=0.426375, stdev=0.121504, best fit=0.693500, best_overall=0.693500, mean_diversity=0.120121,
indivs=18620912, elapsed_secs=35528, mean=0.479962, stdev=0.096545, best fit=0.693500, best_overall=0.693500, mean_diversity=0.277669,
indivs=18631010, elapsed_secs=35553, mean=0.506213, stdev=0.237279, best fit=0.693500, best_overall=0.693500, mean_diversity=0.157118,
indivs=18641108, elapsed_secs=35577, mean=0.518945, stdev=0.109617, best fit=0.693500, best_overall=0.693500, mean_diversity=0.253449,
indivs=18651206, elapsed_secs=35597, mean=0.557459, stdev=0.109537, best fit=0.693500, best_overall=0.693500, mean_diversity=0.161830,
indivs=18661304, elapsed_secs=35616, mean=0.498042, stdev=0.056503, best fit=0.693500, best_overall=0.693500, mean_diversity=0.274686,
indivs=18671402, elapsed_secs=35638, mean=0.556156, stdev=0.087885, best fit=0.693500, best_overall=0.693500, mean_diversity=0.181144,
indivs=18681500, elapsed_secs=35659, mean=0.496343, stdev=0.053581, best fit=0.693500, best_overall=0.693500, mean_diversity=0.315949,
indivs=18691598, elapsed_secs=35686, mean=0.518310, stdev=0.115169, best fit=0.693500, best_overall=0.693500, mean_diversity=0.214987,
indivs=18701696, elapsed_secs=35708, mean=0.546907, stdev=0.113739, best fit=0.693500, best_overall=0.693500, mean_diversity=0.337163,
indivs=18711794, elapsed_secs=35736, mean=0.473707, stdev=0.134359, best fit=0.693500, best_overall=0.693500, mean_diversity=0.184462,
indivs=18721892, elapsed_secs=35758, mean=0.451790, stdev=0.151830, best fit=0.693500, best_overall=0.693500, mean_diversity=0.134023,
indivs=18731990, elapsed_secs=35778, mean=0.592781, stdev=0.121878, best fit=0.693500, best_overall=0.693500, mean_diversity=0.201761,
indivs=18742088, elapsed_secs=35801, mean=0.553278, stdev=0.062367, best fit=0.693500, best_overall=0.693500, mean_diversity=0.313689,
indivs=18752186, elapsed_secs=35822, mean=0.512754, stdev=0.118914, best fit=0.693500, best_overall=0.693500, mean_diversity=0.233780,
indivs=18762284, elapsed_secs=35846, mean=0.576130, stdev=0.099501, best fit=0.693500, best_overall=0.693500, mean_diversity=0.161639,
indivs=18772382, elapsed_secs=35868, mean=0.569235, stdev=0.122551, best fit=0.693500, best_overall=0.693500, mean_diversity=0.198915,
indivs=18782480, elapsed_secs=35890, mean=0.618826, stdev=0.099071, best fit=0.693500, best_overall=0.693500, mean_diversity=0.249337,
indivs=18792578, elapsed_secs=35913, mean=0.555041, stdev=0.073700, best fit=0.693500, best_overall=0.693500, mean_diversity=0.308861,
indivs=18802676, elapsed_secs=35930, mean=0.528291, stdev=0.099816, best fit=0.693500, best_overall=0.693500, mean_diversity=0.324036,
indivs=18812774, elapsed_secs=35956, mean=0.545187, stdev=0.113048, best fit=0.693500, best_overall=0.693500, mean_diversity=0.202574,
indivs=18822872, elapsed_secs=35975, mean=0.512719, stdev=0.046401, best fit=0.693500, best_overall=0.693500, mean_diversity=0.112083,
indivs=18832970, elapsed_secs=35995, mean=0.473247, stdev=0.093339, best fit=0.693500, best_overall=0.693500, mean_diversity=0.236519,
indivs=18843068, elapsed_secs=36018, mean=0.526454, stdev=0.101104, best fit=0.693500, best_overall=0.693500, mean_diversity=0.250803,
indivs=18853166, elapsed_secs=36041, mean=0.552100, stdev=0.129099, best fit=0.693500, best_overall=0.693500, mean_diversity=0.128735,
indivs=18863264, elapsed_secs=36060, mean=0.516556, stdev=0.129406, best fit=0.693500, best_overall=0.693500, mean_diversity=0.231244,
indivs=18873362, elapsed_secs=36081, mean=0.528710, stdev=0.155584, best fit=0.693500, best_overall=0.693500, mean_diversity=0.216427,
indivs=18883460, elapsed_secs=36106, mean=0.552917, stdev=0.136513, best fit=0.693500, best_overall=0.693500, mean_diversity=0.180470,
indivs=18893558, elapsed_secs=36133, mean=0.601725, stdev=0.105135, best fit=0.693500, best_overall=0.693500, mean_diversity=0.102399,
indivs=18903656, elapsed_secs=36153, mean=0.549198, stdev=0.125525, best fit=0.693500, best_overall=0.693500, mean_diversity=0.297852,
indivs=18913754, elapsed_secs=36171, mean=0.569817, stdev=0.113374, best fit=0.693500, best_overall=0.693500, mean_diversity=0.222317,
indivs=18923852, elapsed_secs=36194, mean=0.489590, stdev=0.170152, best fit=0.693500, best_overall=0.693500, mean_diversity=0.410341,
indivs=18933950, elapsed_secs=36221, mean=0.532528, stdev=0.067999, best fit=0.693500, best_overall=0.693500, mean_diversity=0.170623,
indivs=18944048, elapsed_secs=36239, mean=0.506275, stdev=0.081286, best fit=0.693500, best_overall=0.693500, mean_diversity=0.151235,
indivs=18954146, elapsed_secs=36261, mean=0.481688, stdev=0.108237, best fit=0.693500, best_overall=0.693500, mean_diversity=0.293428,
indivs=18964244, elapsed_secs=36282, mean=0.505805, stdev=0.070707, best fit=0.693500, best_overall=0.693500, mean_diversity=0.171798,
indivs=18974342, elapsed_secs=36308, mean=0.522181, stdev=0.238192, best fit=0.693500, best_overall=0.693500, mean_diversity=0.158569,
indivs=18984440, elapsed_secs=36330, mean=0.578334, stdev=0.141584, best fit=0.693500, best_overall=0.693500, mean_diversity=0.202155,
indivs=18994538, elapsed_secs=36355, mean=0.484122, stdev=0.143330, best fit=0.693500, best_overall=0.693500, mean_diversity=0.353662,
indivs=19004636, elapsed_secs=36377, mean=0.492260, stdev=0.115840, best fit=0.693500, best_overall=0.693500, mean_diversity=0.248722,
indivs=19014734, elapsed_secs=36398, mean=0.501645, stdev=0.081212, best fit=0.693500, best_overall=0.693500, mean_diversity=0.137583,
indivs=19024832, elapsed_secs=36421, mean=0.581660, stdev=0.092533, best fit=0.693500, best_overall=0.693500, mean_diversity=0.243652,
indivs=19034930, elapsed_secs=36444, mean=0.563460, stdev=0.102533, best fit=0.693500, best_overall=0.693500, mean_diversity=0.106826,
indivs=19045028, elapsed_secs=36466, mean=0.548244, stdev=0.125740, best fit=0.693500, best_overall=0.693500, mean_diversity=0.296547,
indivs=19055126, elapsed_secs=36487, mean=0.525989, stdev=0.143461, best fit=0.693500, best_overall=0.693500, mean_diversity=0.287729,
indivs=19065224, elapsed_secs=36510, mean=0.503477, stdev=0.025476, best fit=0.693500, best_overall=0.693500, mean_diversity=0.106685,
indivs=19075322, elapsed_secs=36531, mean=0.491156, stdev=0.072956, best fit=0.693500, best_overall=0.693500, mean_diversity=0.181419,
indivs=19085420, elapsed_secs=36555, mean=0.485541, stdev=0.102294, best fit=0.693500, best_overall=0.693500, mean_diversity=0.329009,
indivs=19095518, elapsed_secs=36577, mean=0.537397, stdev=0.122757, best fit=0.693500, best_overall=0.693500, mean_diversity=0.188556,
indivs=19105616, elapsed_secs=36597, mean=0.480478, stdev=0.114538, best fit=0.693500, best_overall=0.693500, mean_diversity=0.095090,
indivs=19115714, elapsed_secs=36624, mean=0.493669, stdev=0.122069, best fit=0.693500, best_overall=0.693500, mean_diversity=0.442237,
indivs=19125812, elapsed_secs=36642, mean=0.498486, stdev=0.058998, best fit=0.693500, best_overall=0.693500, mean_diversity=0.213797,
indivs=19135910, elapsed_secs=36659, mean=0.498558, stdev=0.056519, best fit=0.693500, best_overall=0.693500, mean_diversity=0.285296,
indivs=19146008, elapsed_secs=36685, mean=0.492641, stdev=0.051693, best fit=0.693500, best_overall=0.693500, mean_diversity=0.193115,
indivs=19156106, elapsed_secs=36706, mean=0.591434, stdev=0.104820, best fit=0.693500, best_overall=0.693500, mean_diversity=0.183242,
indivs=19166204, elapsed_secs=36723, mean=0.496220, stdev=0.138772, best fit=0.693500, best_overall=0.693500, mean_diversity=0.306502,
indivs=19176302, elapsed_secs=36746, mean=0.489816, stdev=0.095865, best fit=0.693500, best_overall=0.693500, mean_diversity=0.096343,
indivs=19186400, elapsed_secs=36773, mean=0.584125, stdev=0.118210, best fit=0.693500, best_overall=0.693500, mean_diversity=0.311328,
indivs=19196498, elapsed_secs=36793, mean=0.529844, stdev=0.075528, best fit=0.693500, best_overall=0.693500, mean_diversity=0.313653,
indivs=19206596, elapsed_secs=36817, mean=0.552366, stdev=0.101686, best fit=0.693500, best_overall=0.693500, mean_diversity=0.334905,
indivs=19216694, elapsed_secs=36842, mean=0.581576, stdev=0.098039, best fit=0.693500, best_overall=0.693500, mean_diversity=0.163007,
indivs=19226792, elapsed_secs=36864, mean=0.515628, stdev=0.112409, best fit=0.693500, best_overall=0.693500, mean_diversity=0.305273,
indivs=19236890, elapsed_secs=36884, mean=0.501935, stdev=0.019253, best fit=0.693500, best_overall=0.693500, mean_diversity=0.054996,
indivs=19246988, elapsed_secs=36908, mean=0.502415, stdev=0.019398, best fit=0.693500, best_overall=0.693500, mean_diversity=0.063373,
indivs=19257086, elapsed_secs=36931, mean=0.536587, stdev=0.081070, best fit=0.693500, best_overall=0.693500, mean_diversity=0.253428,
indivs=19267184, elapsed_secs=36956, mean=0.511409, stdev=0.046360, best fit=0.693500, best_overall=0.693500, mean_diversity=0.199505,
indivs=19277282, elapsed_secs=36979, mean=0.501935, stdev=0.019253, best fit=0.693500, best_overall=0.693500, mean_diversity=0.042416,
indivs=19287380, elapsed_secs=37006, mean=0.519023, stdev=0.098769, best fit=0.693500, best_overall=0.693500, mean_diversity=0.188446,
indivs=19297478, elapsed_secs=37026, mean=0.476045, stdev=0.111017, best fit=0.693500, best_overall=0.693500, mean_diversity=0.209101,
indivs=19307576, elapsed_secs=37046, mean=0.489074, stdev=0.093202, best fit=0.693500, best_overall=0.693500, mean_diversity=0.128011,
indivs=19317674, elapsed_secs=37068, mean=0.599226, stdev=0.106962, best fit=0.693500, best_overall=0.693500, mean_diversity=0.074306,
indivs=19327772, elapsed_secs=37091, mean=0.559007, stdev=0.102224, best fit=0.693500, best_overall=0.693500, mean_diversity=0.205219,
indivs=19337870, elapsed_secs=37114, mean=0.503249, stdev=0.183057, best fit=0.693500, best_overall=0.693500, mean_diversity=0.214379,
indivs=19347968, elapsed_secs=37140, mean=0.509779, stdev=0.112846, best fit=0.693500, best_overall=0.693500, mean_diversity=0.221374,
indivs=19358066, elapsed_secs=37163, mean=0.528610, stdev=0.080153, best fit=0.693500, best_overall=0.693500, mean_diversity=0.331046,
indivs=19368164, elapsed_secs=37193, mean=0.498268, stdev=0.025803, best fit=0.693500, best_overall=0.693500, mean_diversity=0.077488,
indivs=19378262, elapsed_secs=37213, mean=0.501935, stdev=0.019253, best fit=0.693500, best_overall=0.693500, mean_diversity=0.053439,
indivs=19388360, elapsed_secs=37236, mean=0.481193, stdev=0.124075, best fit=0.693500, best_overall=0.693500, mean_diversity=0.268556,
indivs=19398458, elapsed_secs=37260, mean=0.524511, stdev=0.118921, best fit=0.693500, best_overall=0.693500, mean_diversity=0.263879,
indivs=19408556, elapsed_secs=37283, mean=0.518443, stdev=0.097029, best fit=0.693500, best_overall=0.693500, mean_diversity=0.399408,
indivs=19418654, elapsed_secs=37307, mean=0.501935, stdev=0.019253, best fit=0.693500, best_overall=0.693500, mean_diversity=0.085191,
indivs=19428752, elapsed_secs=37330, mean=0.525252, stdev=0.064064, best fit=0.693500, best_overall=0.693500, mean_diversity=0.226184,
indivs=19438850, elapsed_secs=37354, mean=0.588366, stdev=0.118553, best fit=0.693500, best_overall=0.693500, mean_diversity=0.112387,
indivs=19448948, elapsed_secs=37383, mean=0.593037, stdev=0.105776, best fit=0.693500, best_overall=0.693500, mean_diversity=0.356648,
indivs=19459046, elapsed_secs=37400, mean=0.496935, stdev=0.053526, best fit=0.693500, best_overall=0.693500, mean_diversity=0.121949,
indivs=19469144, elapsed_secs=37420, mean=0.513196, stdev=0.074663, best fit=0.693500, best_overall=0.693500, mean_diversity=0.194009,
indivs=19479242, elapsed_secs=37436, mean=0.497165, stdev=0.053653, best fit=0.693500, best_overall=0.693500, mean_diversity=0.313565,
indivs=19489340, elapsed_secs=37458, mean=0.518179, stdev=0.078097, best fit=0.693500, best_overall=0.693500, mean_diversity=0.169192,
indivs=19499438, elapsed_secs=37481, mean=0.545176, stdev=0.146386, best fit=0.693500, best_overall=0.693500, mean_diversity=0.379474,
indivs=19509536, elapsed_secs=37505, mean=0.510098, stdev=0.040686, best fit=0.693500, best_overall=0.693500, mean_diversity=0.210055,
indivs=19519634, elapsed_secs=37527, mean=0.495935, stdev=0.029290, best fit=0.693500, best_overall=0.693500, mean_diversity=0.331443,
indivs=19529732, elapsed_secs=37547, mean=0.531732, stdev=0.056635, best fit=0.693500, best_overall=0.693500, mean_diversity=0.251232,
indivs=19539830, elapsed_secs=37571, mean=0.480147, stdev=0.080276, best fit=0.693500, best_overall=0.693500, mean_diversity=0.316516,
indivs=19549928, elapsed_secs=37595, mean=0.542913, stdev=0.133164, best fit=0.693500, best_overall=0.693500, mean_diversity=0.243131,
indivs=19560026, elapsed_secs=37621, mean=0.572780, stdev=0.111296, best fit=0.693500, best_overall=0.693500, mean_diversity=0.295920,
indivs=19570124, elapsed_secs=37648, mean=0.483839, stdev=0.062953, best fit=0.693500, best_overall=0.693500, mean_diversity=0.188924,
indivs=19580222, elapsed_secs=37670, mean=0.604351, stdev=0.073175, best fit=0.693500, best_overall=0.693500, mean_diversity=0.042236,
indivs=19590320, elapsed_secs=37691, mean=0.502023, stdev=0.019268, best fit=0.693500, best_overall=0.693500, mean_diversity=0.099075,
indivs=19600418, elapsed_secs=37710, mean=0.531226, stdev=0.088554, best fit=0.693500, best_overall=0.693500, mean_diversity=0.146213,
indivs=19610516, elapsed_secs=37732, mean=0.547548, stdev=0.112958, best fit=0.693500, best_overall=0.693500, mean_diversity=0.108454,
indivs=19620614, elapsed_secs=37751, mean=0.457811, stdev=0.099524, best fit=0.693500, best_overall=0.693500, mean_diversity=0.393333,
indivs=19630712, elapsed_secs=37778, mean=0.593977, stdev=0.155740, best fit=0.693500, best_overall=0.693500, mean_diversity=0.042021,
indivs=19640810, elapsed_secs=37808, mean=0.581155, stdev=0.101303, best fit=0.693500, best_overall=0.693500, mean_diversity=0.114885,
indivs=19650908, elapsed_secs=37830, mean=0.485070, stdev=0.137828, best fit=0.693500, best_overall=0.693500, mean_diversity=0.086046,
indivs=19661006, elapsed_secs=37849, mean=0.454371, stdev=0.148936, best fit=0.693500, best_overall=0.693500, mean_diversity=0.097018,
indivs=19671104, elapsed_secs=37876, mean=0.595193, stdev=0.131627, best fit=0.693500, best_overall=0.693500, mean_diversity=0.097717,
indivs=19681202, elapsed_secs=37895, mean=0.570988, stdev=0.089918, best fit=0.693500, best_overall=0.693500, mean_diversity=0.189294,
indivs=19691300, elapsed_secs=37916, mean=0.500698, stdev=0.083162, best fit=0.693500, best_overall=0.693500, mean_diversity=0.131565,
indivs=19701398, elapsed_secs=37939, mean=0.509303, stdev=0.095380, best fit=0.693500, best_overall=0.693500, mean_diversity=0.150656,
indivs=19711496, elapsed_secs=37957, mean=0.534158, stdev=0.185755, best fit=0.693500, best_overall=0.693500, mean_diversity=0.048808,
indivs=19721594, elapsed_secs=37985, mean=0.495871, stdev=0.029659, best fit=0.693500, best_overall=0.693500, mean_diversity=0.099155,
indivs=19731692, elapsed_secs=38008, mean=0.536898, stdev=0.095095, best fit=0.693500, best_overall=0.693500, mean_diversity=0.300052,
indivs=19741790, elapsed_secs=38027, mean=0.572991, stdev=0.131222, best fit=0.693500, best_overall=0.693500, mean_diversity=0.048076,
indivs=19751888, elapsed_secs=38053, mean=0.591161, stdev=0.086781, best fit=0.693500, best_overall=0.693500, mean_diversity=0.170456,
indivs=19761986, elapsed_secs=38077, mean=0.518856, stdev=0.052891, best fit=0.693500, best_overall=0.693500, mean_diversity=0.201025,
indivs=19772084, elapsed_secs=38098, mean=0.597135, stdev=0.103157, best fit=0.693500, best_overall=0.693500, mean_diversity=0.150875,
indivs=19782182, elapsed_secs=38119, mean=0.525858, stdev=0.089683, best fit=0.693500, best_overall=0.693500, mean_diversity=0.225371,
indivs=19792280, elapsed_secs=38146, mean=0.595079, stdev=0.148622, best fit=0.693500, best_overall=0.693500, mean_diversity=0.127186,
indivs=19802378, elapsed_secs=38168, mean=0.558030, stdev=0.072162, best fit=0.693500, best_overall=0.693500, mean_diversity=0.089585,
indivs=19812476, elapsed_secs=38187, mean=0.529716, stdev=0.102317, best fit=0.693500, best_overall=0.693500, mean_diversity=0.228787,
indivs=19822574, elapsed_secs=38212, mean=0.513686, stdev=0.092613, best fit=0.693500, best_overall=0.693500, mean_diversity=0.176757,
indivs=19832672, elapsed_secs=38233, mean=0.574259, stdev=0.096237, best fit=0.693500, best_overall=0.693500, mean_diversity=0.119674,
indivs=19842770, elapsed_secs=38256, mean=0.576721, stdev=0.086558, best fit=0.693500, best_overall=0.693500, mean_diversity=0.062498,
indivs=19852868, elapsed_secs=38277, mean=0.576030, stdev=0.115366, best fit=0.693500, best_overall=0.693500, mean_diversity=0.109895,
indivs=19862966, elapsed_secs=38300, mean=0.495110, stdev=0.113149, best fit=0.693500, best_overall=0.693500, mean_diversity=0.215852,
indivs=19873064, elapsed_secs=38320, mean=0.542928, stdev=0.064565, best fit=0.693500, best_overall=0.693500, mean_diversity=0.226601,
indivs=19883162, elapsed_secs=38341, mean=0.493935, stdev=0.061136, best fit=0.693500, best_overall=0.693500, mean_diversity=0.120154,
indivs=19893260, elapsed_secs=38364, mean=0.511045, stdev=0.043411, best fit=0.693500, best_overall=0.693500, mean_diversity=0.243889,
indivs=19903358, elapsed_secs=38385, mean=0.527418, stdev=0.189782, best fit=0.693500, best_overall=0.693500, mean_diversity=0.228889,
indivs=19913456, elapsed_secs=38408, mean=0.540986, stdev=0.115647, best fit=0.693500, best_overall=0.693500, mean_diversity=0.114357,
indivs=19923554, elapsed_secs=38425, mean=0.502654, stdev=0.063291, best fit=0.693500, best_overall=0.693500, mean_diversity=0.152520,
indivs=19933652, elapsed_secs=38444, mean=0.549313, stdev=0.110833, best fit=0.693500, best_overall=0.693500, mean_diversity=0.274004,
indivs=19943750, elapsed_secs=38464, mean=0.634643, stdev=0.077660, best fit=0.693500, best_overall=0.693500, mean_diversity=0.194529,
indivs=19953848, elapsed_secs=38484, mean=0.529664, stdev=0.070137, best fit=0.693500, best_overall=0.693500, mean_diversity=0.228516,
indivs=19963946, elapsed_secs=38505, mean=0.541829, stdev=0.075047, best fit=0.693500, best_overall=0.693500, mean_diversity=0.206535,
indivs=19974044, elapsed_secs=38527, mean=0.453931, stdev=0.108579, best fit=0.693500, best_overall=0.693500, mean_diversity=0.152868,
indivs=19984142, elapsed_secs=38549, mean=0.578448, stdev=0.145074, best fit=0.693500, best_overall=0.693500, mean_diversity=0.065550,
indivs=19994240, elapsed_secs=38569, mean=0.546082, stdev=0.068216, best fit=0.693500, best_overall=0.693500, mean_diversity=0.234877,
indivs=20004338, elapsed_secs=38595, mean=0.543099, stdev=0.097282, best fit=0.693500, best_overall=0.693500, mean_diversity=0.319233,
indivs=20014436, elapsed_secs=38615, mean=0.477935, stdev=0.091036, best fit=0.693500, best_overall=0.693500, mean_diversity=0.116851,
indivs=20024534, elapsed_secs=38638, mean=0.487048, stdev=0.137144, best fit=0.693500, best_overall=0.693500, mean_diversity=0.172037,
indivs=20034632, elapsed_secs=38658, mean=0.559747, stdev=0.100693, best fit=0.693500, best_overall=0.693500, mean_diversity=0.188848,
indivs=20044730, elapsed_secs=38686, mean=0.502545, stdev=0.104059, best fit=0.693500, best_overall=0.693500, mean_diversity=0.270607,
indivs=20054828, elapsed_secs=38706, mean=0.475189, stdev=0.204948, best fit=0.693500, best_overall=0.693500, mean_diversity=0.263462,
indivs=20064926, elapsed_secs=38728, mean=0.498529, stdev=0.115435, best fit=0.693500, best_overall=0.693500, mean_diversity=0.322712,
indivs=20075024, elapsed_secs=38753, mean=0.560311, stdev=0.080549, best fit=0.693500, best_overall=0.693500, mean_diversity=0.253075,
indivs=20085122, elapsed_secs=38774, mean=0.582755, stdev=0.107595, best fit=0.693500, best_overall=0.693500, mean_diversity=0.150792,
indivs=20095220, elapsed_secs=38793, mean=0.553588, stdev=0.066200, best fit=0.693500, best_overall=0.693500, mean_diversity=0.282861,
indivs=20105318, elapsed_secs=38810, mean=0.516292, stdev=0.165693, best fit=0.693500, best_overall=0.693500, mean_diversity=0.212045,
indivs=20115416, elapsed_secs=38832, mean=0.567972, stdev=0.141140, best fit=0.693500, best_overall=0.693500, mean_diversity=0.183750,
indivs=20125514, elapsed_secs=38857, mean=0.619192, stdev=0.143463, best fit=0.693500, best_overall=0.693500, mean_diversity=0.053089,
indivs=20135612, elapsed_secs=38880, mean=0.515844, stdev=0.097759, best fit=0.693500, best_overall=0.693500, mean_diversity=0.166612,
indivs=20145710, elapsed_secs=38901, mean=0.512776, stdev=0.088843, best fit=0.693500, best_overall=0.693500, mean_diversity=0.212676,
indivs=20155808, elapsed_secs=38921, mean=0.575455, stdev=0.084946, best fit=0.693500, best_overall=0.693500, mean_diversity=0.305028,
indivs=20165906, elapsed_secs=38944, mean=0.552980, stdev=0.115350, best fit=0.693500, best_overall=0.693500, mean_diversity=0.166411,
indivs=20176004, elapsed_secs=38970, mean=0.554770, stdev=0.138651, best fit=0.693500, best_overall=0.693500, mean_diversity=0.419722,
indivs=20186102, elapsed_secs=38991, mean=0.505788, stdev=0.059229, best fit=0.693500, best_overall=0.693500, mean_diversity=0.310600,
indivs=20196200, elapsed_secs=39009, mean=0.467516, stdev=0.162715, best fit=0.693500, best_overall=0.693500, mean_diversity=0.131333,
indivs=20206298, elapsed_secs=39033, mean=0.503180, stdev=0.132117, best fit=0.693500, best_overall=0.693500, mean_diversity=0.110463,
indivs=20216396, elapsed_secs=39055, mean=0.529348, stdev=0.081622, best fit=0.693500, best_overall=0.693500, mean_diversity=0.282343,
indivs=20226494, elapsed_secs=39075, mean=0.549667, stdev=0.073332, best fit=0.693500, best_overall=0.693500, mean_diversity=0.182308,
indivs=20236592, elapsed_secs=39097, mean=0.542879, stdev=0.109372, best fit=0.693500, best_overall=0.693500, mean_diversity=0.278439,
indivs=20246690, elapsed_secs=39121, mean=0.600820, stdev=0.090226, best fit=0.693500, best_overall=0.693500, mean_diversity=0.227943,
indivs=20256788, elapsed_secs=39143, mean=0.522490, stdev=0.090105, best fit=0.693500, best_overall=0.693500, mean_diversity=0.137267,
indivs=20266886, elapsed_secs=39165, mean=0.502740, stdev=0.028235, best fit=0.693500, best_overall=0.693500, mean_diversity=0.137344,
indivs=20276984, elapsed_secs=39186, mean=0.543143, stdev=0.115802, best fit=0.693500, best_overall=0.693500, mean_diversity=0.127190,
indivs=20287082, elapsed_secs=39212, mean=0.501935, stdev=0.019253, best fit=0.693500, best_overall=0.693500, mean_diversity=0.077973,
indivs=20297180, elapsed_secs=39238, mean=0.580888, stdev=0.132929, best fit=0.693500, best_overall=0.693500, mean_diversity=0.248278,
indivs=20307278, elapsed_secs=39265, mean=0.571840, stdev=0.153521, best fit=0.693500, best_overall=0.693500, mean_diversity=0.302104,
indivs=20317376, elapsed_secs=39290, mean=0.533691, stdev=0.084492, best fit=0.693500, best_overall=0.693500, mean_diversity=0.327034,
indivs=20327474, elapsed_secs=39316, mean=0.551911, stdev=0.089391, best fit=0.693500, best_overall=0.693500, mean_diversity=0.101799,
indivs=20337572, elapsed_secs=39337, mean=0.548207, stdev=0.074769, best fit=0.693500, best_overall=0.693500, mean_diversity=0.355182,
indivs=20347670, elapsed_secs=39357, mean=0.587540, stdev=0.118337, best fit=0.693500, best_overall=0.693500, mean_diversity=0.167031,
indivs=20357768, elapsed_secs=39378, mean=0.528625, stdev=0.080467, best fit=0.693500, best_overall=0.693500, mean_diversity=0.239120,
indivs=20367866, elapsed_secs=39402, mean=0.474592, stdev=0.167867, best fit=0.693500, best_overall=0.693500, mean_diversity=0.180342,
indivs=20377964, elapsed_secs=39423, mean=0.501936, stdev=0.019253, best fit=0.693500, best_overall=0.693500, mean_diversity=0.045004,
indivs=20388062, elapsed_secs=39448, mean=0.534801, stdev=0.127232, best fit=0.693500, best_overall=0.693500, mean_diversity=0.267668,
indivs=20398160, elapsed_secs=39470, mean=0.570494, stdev=0.080129, best fit=0.693500, best_overall=0.693500, mean_diversity=0.120768,
indivs=20408258, elapsed_secs=39491, mean=0.529901, stdev=0.105458, best fit=0.693500, best_overall=0.693500, mean_diversity=0.105292,
indivs=20418356, elapsed_secs=39510, mean=0.486642, stdev=0.105712, best fit=0.693500, best_overall=0.693500, mean_diversity=0.308456,
indivs=20428454, elapsed_secs=39531, mean=0.498749, stdev=0.038814, best fit=0.693500, best_overall=0.693500, mean_diversity=0.179788,
indivs=20438552, elapsed_secs=39551, mean=0.545437, stdev=0.074335, best fit=0.693500, best_overall=0.693500, mean_diversity=0.317852,
indivs=20448650, elapsed_secs=39569, mean=0.500939, stdev=0.021743, best fit=0.693500, best_overall=0.693500, mean_diversity=0.145976,
indivs=20458748, elapsed_secs=39594, mean=0.503035, stdev=0.101500, best fit=0.693500, best_overall=0.693500, mean_diversity=0.127762,
indivs=20468846, elapsed_secs=39618, mean=0.497431, stdev=0.048917, best fit=0.693500, best_overall=0.693500, mean_diversity=0.166888,
indivs=20478944, elapsed_secs=39643, mean=0.501707, stdev=0.090924, best fit=0.693500, best_overall=0.693500, mean_diversity=0.308446,
indivs=20489042, elapsed_secs=39666, mean=0.579253, stdev=0.100733, best fit=0.693500, best_overall=0.693500, mean_diversity=0.263284,
indivs=20499140, elapsed_secs=39682, mean=0.533541, stdev=0.165625, best fit=0.693500, best_overall=0.693500, mean_diversity=0.389813,
indivs=20509238, elapsed_secs=39706, mean=0.495531, stdev=0.047562, best fit=0.693500, best_overall=0.693500, mean_diversity=0.140349,
indivs=20519336, elapsed_secs=39725, mean=0.577227, stdev=0.092168, best fit=0.693500, best_overall=0.693500, mean_diversity=0.138963,
indivs=20529434, elapsed_secs=39749, mean=0.607136, stdev=0.085508, best fit=0.693500, best_overall=0.693500, mean_diversity=0.089587,
indivs=20539532, elapsed_secs=39775, mean=0.538033, stdev=0.069929, best fit=0.693500, best_overall=0.693500, mean_diversity=0.189881,
indivs=20549630, elapsed_secs=39799, mean=0.501935, stdev=0.019253, best fit=0.693500, best_overall=0.693500, mean_diversity=0.110000,
indivs=20559728, elapsed_secs=39818, mean=0.574800, stdev=0.107168, best fit=0.693500, best_overall=0.693500, mean_diversity=0.291252,
indivs=20569826, elapsed_secs=39838, mean=0.487435, stdev=0.059929, best fit=0.693500, best_overall=0.693500, mean_diversity=0.167365,
indivs=20579924, elapsed_secs=39856, mean=0.501917, stdev=0.019255, best fit=0.693500, best_overall=0.693500, mean_diversity=0.109361,
indivs=20590022, elapsed_secs=39882, mean=0.596134, stdev=0.089740, best fit=0.693500, best_overall=0.693500, mean_diversity=0.304737,
indivs=20600120, elapsed_secs=39907, mean=0.535219, stdev=0.147329, best fit=0.693500, best_overall=0.693500, mean_diversity=0.252929,
indivs=20610218, elapsed_secs=39930, mean=0.598359, stdev=0.086010, best fit=0.693500, best_overall=0.693500, mean_diversity=0.236298,
indivs=20620316, elapsed_secs=39957, mean=0.508874, stdev=0.101103, best fit=0.693500, best_overall=0.693500, mean_diversity=0.078945,
indivs=20630414, elapsed_secs=39981, mean=0.554575, stdev=0.074799, best fit=0.693500, best_overall=0.693500, mean_diversity=0.196754,
indivs=20640512, elapsed_secs=40006, mean=0.513139, stdev=0.090782, best fit=0.693500, best_overall=0.693500, mean_diversity=0.154910,
indivs=20650610, elapsed_secs=40026, mean=0.486935, stdev=0.087771, best fit=0.693500, best_overall=0.693500, mean_diversity=0.412786,
indivs=20660708, elapsed_secs=40047, mean=0.512197, stdev=0.095968, best fit=0.693500, best_overall=0.693500, mean_diversity=0.174063,
indivs=20670806, elapsed_secs=40069, mean=0.490648, stdev=0.124350, best fit=0.693500, best_overall=0.693500, mean_diversity=0.174856,
indivs=20680904, elapsed_secs=40089, mean=0.500285, stdev=0.146927, best fit=0.693500, best_overall=0.693500, mean_diversity=0.069541,
indivs=20691002, elapsed_secs=40114, mean=0.575755, stdev=0.122124, best fit=0.693500, best_overall=0.693500, mean_diversity=0.306973,
indivs=20701100, elapsed_secs=40138, mean=0.509364, stdev=0.040823, best fit=0.693500, best_overall=0.693500, mean_diversity=0.108308,
indivs=20711198, elapsed_secs=40160, mean=0.510579, stdev=0.092120, best fit=0.693500, best_overall=0.693500, mean_diversity=0.148639,
indivs=20721296, elapsed_secs=40187, mean=0.571746, stdev=0.105393, best fit=0.693500, best_overall=0.693500, mean_diversity=0.265849,
indivs=20731394, elapsed_secs=40209, mean=0.541310, stdev=0.127764, best fit=0.693500, best_overall=0.693500, mean_diversity=0.309145,
indivs=20741492, elapsed_secs=40230, mean=0.607364, stdev=0.082118, best fit=0.693500, best_overall=0.693500, mean_diversity=0.125622,
indivs=20751590, elapsed_secs=40256, mean=0.545561, stdev=0.119519, best fit=0.693500, best_overall=0.693500, mean_diversity=0.344119,
indivs=20761688, elapsed_secs=40279, mean=0.573180, stdev=0.127271, best fit=0.693500, best_overall=0.693500, mean_diversity=0.159660,
indivs=20771786, elapsed_secs=40300, mean=0.501935, stdev=0.019253, best fit=0.693500, best_overall=0.693500, mean_diversity=0.438451,
indivs=20781884, elapsed_secs=40321, mean=0.573440, stdev=0.081579, best fit=0.693500, best_overall=0.693500, mean_diversity=0.081526,
indivs=20791982, elapsed_secs=40341, mean=0.560599, stdev=0.118177, best fit=0.693500, best_overall=0.693500, mean_diversity=0.295325,
indivs=20802080, elapsed_secs=40361, mean=0.504657, stdev=0.088174, best fit=0.693500, best_overall=0.693500, mean_diversity=0.334369,
indivs=20812178, elapsed_secs=40387, mean=0.554506, stdev=0.092632, best fit=0.693500, best_overall=0.693500, mean_diversity=0.231616,
indivs=20822276, elapsed_secs=40410, mean=0.501933, stdev=0.019253, best fit=0.693500, best_overall=0.693500, mean_diversity=0.093182,
indivs=20832374, elapsed_secs=40427, mean=0.503792, stdev=0.068891, best fit=0.693500, best_overall=0.693500, mean_diversity=0.417158,
indivs=20842472, elapsed_secs=40448, mean=0.509939, stdev=0.043211, best fit=0.693500, best_overall=0.693500, mean_diversity=0.202757,
indivs=20852570, elapsed_secs=40468, mean=0.537241, stdev=0.091820, best fit=0.693500, best_overall=0.693500, mean_diversity=0.246284,
indivs=20862668, elapsed_secs=40490, mean=0.528545, stdev=0.081480, best fit=0.693500, best_overall=0.693500, mean_diversity=0.515700,
indivs=20872766, elapsed_secs=40511, mean=0.493787, stdev=0.095626, best fit=0.693500, best_overall=0.693500, mean_diversity=0.247303,
indivs=20882864, elapsed_secs=40535, mean=0.533828, stdev=0.089277, best fit=0.693500, best_overall=0.693500, mean_diversity=0.338118,
indivs=20892962, elapsed_secs=40559, mean=0.531034, stdev=0.081867, best fit=0.693500, best_overall=0.693500, mean_diversity=0.110920,
indivs=20903060, elapsed_secs=40579, mean=0.478059, stdev=0.140499, best fit=0.693500, best_overall=0.693500, mean_diversity=0.203052,
indivs=20913158, elapsed_secs=40603, mean=0.506564, stdev=0.071877, best fit=0.693500, best_overall=0.693500, mean_diversity=0.352350,
indivs=20923256, elapsed_secs=40623, mean=0.555234, stdev=0.136508, best fit=0.693500, best_overall=0.693500, mean_diversity=0.126426,
indivs=20933354, elapsed_secs=40646, mean=0.520511, stdev=0.060541, best fit=0.693500, best_overall=0.693500, mean_diversity=0.204620,
indivs=20943452, elapsed_secs=40665, mean=0.540167, stdev=0.161195, best fit=0.693500, best_overall=0.693500, mean_diversity=0.213837,
indivs=20953550, elapsed_secs=40687, mean=0.530546, stdev=0.117567, best fit=0.693500, best_overall=0.693500, mean_diversity=0.111219,
indivs=20963648, elapsed_secs=40712, mean=0.537351, stdev=0.125715, best fit=0.693500, best_overall=0.693500, mean_diversity=0.235838,
indivs=20973746, elapsed_secs=40734, mean=0.601418, stdev=0.100990, best fit=0.693500, best_overall=0.693500, mean_diversity=0.041996,
indivs=20983844, elapsed_secs=40758, mean=0.537113, stdev=0.073453, best fit=0.693500, best_overall=0.693500, mean_diversity=0.171776,
indivs=20993942, elapsed_secs=40780, mean=0.487368, stdev=0.056238, best fit=0.693500, best_overall=0.693500, mean_diversity=0.106961,
indivs=21004040, elapsed_secs=40804, mean=0.472369, stdev=0.143724, best fit=0.693500, best_overall=0.693500, mean_diversity=0.381805,
indivs=21014138, elapsed_secs=40829, mean=0.503410, stdev=0.026711, best fit=0.693500, best_overall=0.693500, mean_diversity=0.114302,
indivs=21024236, elapsed_secs=40848, mean=0.531151, stdev=0.198231, best fit=0.693500, best_overall=0.693500, mean_diversity=0.085271,
indivs=21034334, elapsed_secs=40867, mean=0.562686, stdev=0.081462, best fit=0.693500, best_overall=0.693500, mean_diversity=0.483586,
indivs=21044432, elapsed_secs=40890, mean=0.554903, stdev=0.117024, best fit=0.693500, best_overall=0.693500, mean_diversity=0.363111,
indivs=21054530, elapsed_secs=40908, mean=0.504184, stdev=0.026043, best fit=0.693500, best_overall=0.693500, mean_diversity=0.394519,
indivs=21064628, elapsed_secs=40931, mean=0.466737, stdev=0.142230, best fit=0.693500, best_overall=0.693500, mean_diversity=0.068683,
indivs=21074726, elapsed_secs=40954, mean=0.588463, stdev=0.079860, best fit=0.693500, best_overall=0.693500, mean_diversity=0.155419,
indivs=21084824, elapsed_secs=40979, mean=0.540202, stdev=0.074800, best fit=0.693500, best_overall=0.693500, mean_diversity=0.068123,
indivs=21094922, elapsed_secs=41000, mean=0.510441, stdev=0.039069, best fit=0.693500, best_overall=0.693500, mean_diversity=0.245874,
indivs=21105020, elapsed_secs=41021, mean=0.533993, stdev=0.149284, best fit=0.693500, best_overall=0.693500, mean_diversity=0.309095,
indivs=21115118, elapsed_secs=41040, mean=0.512789, stdev=0.133423, best fit=0.693500, best_overall=0.693500, mean_diversity=0.292876,
indivs=21125216, elapsed_secs=41063, mean=0.579641, stdev=0.122860, best fit=0.693500, best_overall=0.693500, mean_diversity=0.226148,
indivs=21135314, elapsed_secs=41084, mean=0.578623, stdev=0.114211, best fit=0.693500, best_overall=0.693500, mean_diversity=0.160184,
indivs=21145412, elapsed_secs=41107, mean=0.488876, stdev=0.107978, best fit=0.693500, best_overall=0.693500, mean_diversity=0.384808,
indivs=21155510, elapsed_secs=41125, mean=0.535517, stdev=0.107718, best fit=0.693500, best_overall=0.693500, mean_diversity=0.137495,
indivs=21165608, elapsed_secs=41148, mean=0.592588, stdev=0.114149, best fit=0.693500, best_overall=0.693500, mean_diversity=0.141721,
indivs=21175706, elapsed_secs=41164, mean=0.542250, stdev=0.139701, best fit=0.693500, best_overall=0.693500, mean_diversity=0.256917,
indivs=21185804, elapsed_secs=41188, mean=0.520987, stdev=0.047516, best fit=0.693500, best_overall=0.693500, mean_diversity=0.315871,
indivs=21195902, elapsed_secs=41210, mean=0.511745, stdev=0.040440, best fit=0.693500, best_overall=0.693500, mean_diversity=0.212262,
indivs=21206000, elapsed_secs=41230, mean=0.511918, stdev=0.040047, best fit=0.693500, best_overall=0.693500, mean_diversity=0.220575,
indivs=21216098, elapsed_secs=41253, mean=0.498693, stdev=0.081070, best fit=0.693500, best_overall=0.693500, mean_diversity=0.338316,
indivs=21226196, elapsed_secs=41276, mean=0.568622, stdev=0.101255, best fit=0.693500, best_overall=0.693500, mean_diversity=0.320769,
indivs=21236294, elapsed_secs=41298, mean=0.587102, stdev=0.071222, best fit=0.693500, best_overall=0.693500, mean_diversity=0.178020,
indivs=21246392, elapsed_secs=41318, mean=0.509830, stdev=0.189323, best fit=0.693500, best_overall=0.693500, mean_diversity=0.312566,
indivs=21256490, elapsed_secs=41340, mean=0.570187, stdev=0.103346, best fit=0.693500, best_overall=0.693500, mean_diversity=0.115748,
indivs=21266588, elapsed_secs=41357, mean=0.495960, stdev=0.109886, best fit=0.693500, best_overall=0.693500, mean_diversity=0.224646,
indivs=21276686, elapsed_secs=41381, mean=0.460766, stdev=0.128479, best fit=0.693500, best_overall=0.693500, mean_diversity=0.179809,
indivs=21286784, elapsed_secs=41402, mean=0.545529, stdev=0.098337, best fit=0.693500, best_overall=0.693500, mean_diversity=0.370670,
indivs=21296882, elapsed_secs=41425, mean=0.519593, stdev=0.084473, best fit=0.693500, best_overall=0.693500, mean_diversity=0.112656,
indivs=21306980, elapsed_secs=41450, mean=0.507994, stdev=0.085962, best fit=0.693500, best_overall=0.693500, mean_diversity=0.158501,
indivs=21317078, elapsed_secs=41472, mean=0.570130, stdev=0.106933, best fit=0.693500, best_overall=0.693500, mean_diversity=0.247011,
indivs=21327176, elapsed_secs=41494, mean=0.578004, stdev=0.133806, best fit=0.693500, best_overall=0.693500, mean_diversity=0.205220,
indivs=21337274, elapsed_secs=41519, mean=0.489064, stdev=0.088253, best fit=0.693500, best_overall=0.693500, mean_diversity=0.314008,
indivs=21347372, elapsed_secs=41539, mean=0.512879, stdev=0.112106, best fit=0.693500, best_overall=0.693500, mean_diversity=0.212681,
indivs=21357470, elapsed_secs=41564, mean=0.561970, stdev=0.103956, best fit=0.693500, best_overall=0.693500, mean_diversity=0.408120,
indivs=21367568, elapsed_secs=41589, mean=0.501057, stdev=0.065753, best fit=0.693500, best_overall=0.693500, mean_diversity=0.271205,
indivs=21377666, elapsed_secs=41612, mean=0.525748, stdev=0.055584, best fit=0.693500, best_overall=0.693500, mean_diversity=0.287478,
indivs=21387764, elapsed_secs=41636, mean=0.559700, stdev=0.095537, best fit=0.693500, best_overall=0.693500, mean_diversity=0.063759,
indivs=21397862, elapsed_secs=41658, mean=0.490875, stdev=0.087097, best fit=0.693500, best_overall=0.693500, mean_diversity=0.245938,
indivs=21407960, elapsed_secs=41680, mean=0.573599, stdev=0.111597, best fit=0.693500, best_overall=0.693500, mean_diversity=0.077151,
indivs=21418058, elapsed_secs=41702, mean=0.543710, stdev=0.099199, best fit=0.693500, best_overall=0.693500, mean_diversity=0.303027,
indivs=21428156, elapsed_secs=41726, mean=0.535258, stdev=0.122911, best fit=0.693500, best_overall=0.693500, mean_diversity=0.140607,
indivs=21438254, elapsed_secs=41752, mean=0.563943, stdev=0.104436, best fit=0.693500, best_overall=0.693500, mean_diversity=0.185649,
indivs=21448352, elapsed_secs=41775, mean=0.565552, stdev=0.068509, best fit=0.693500, best_overall=0.693500, mean_diversity=0.109946,
indivs=21458450, elapsed_secs=41804, mean=0.531779, stdev=0.069083, best fit=0.693500, best_overall=0.693500, mean_diversity=0.221686,
indivs=21468548, elapsed_secs=41825, mean=0.480435, stdev=0.100581, best fit=0.693500, best_overall=0.693500, mean_diversity=0.261713,
indivs=21478646, elapsed_secs=41846, mean=0.489851, stdev=0.074314, best fit=0.693500, best_overall=0.693500, mean_diversity=0.136221,
indivs=21488744, elapsed_secs=41865, mean=0.456594, stdev=0.259134, best fit=0.693500, best_overall=0.693500, mean_diversity=0.229912,
indivs=21498842, elapsed_secs=41887, mean=0.520683, stdev=0.055949, best fit=0.693500, best_overall=0.693500, mean_diversity=0.127419,
indivs=21508940, elapsed_secs=41908, mean=0.515626, stdev=0.074545, best fit=0.693500, best_overall=0.693500, mean_diversity=0.100838,
indivs=21519038, elapsed_secs=41934, mean=0.518159, stdev=0.099295, best fit=0.693500, best_overall=0.693500, mean_diversity=0.191620,
indivs=21529136, elapsed_secs=41960, mean=0.550452, stdev=0.129559, best fit=0.693500, best_overall=0.693500, mean_diversity=0.257769,
indivs=21539234, elapsed_secs=41983, mean=0.449256, stdev=0.197836, best fit=0.693500, best_overall=0.693500, mean_diversity=0.127594,
indivs=21549332, elapsed_secs=42005, mean=0.523767, stdev=0.113437, best fit=0.693500, best_overall=0.693500, mean_diversity=0.093415,
indivs=21559430, elapsed_secs=42028, mean=0.519239, stdev=0.050323, best fit=0.693500, best_overall=0.693500, mean_diversity=0.215488,
indivs=21569528, elapsed_secs=42052, mean=0.597620, stdev=0.075005, best fit=0.693500, best_overall=0.693500, mean_diversity=0.216376,
indivs=21579626, elapsed_secs=42080, mean=0.558752, stdev=0.114428, best fit=0.693500, best_overall=0.693500, mean_diversity=0.242706,
indivs=21589724, elapsed_secs=42108, mean=0.551796, stdev=0.112042, best fit=0.693500, best_overall=0.693500, mean_diversity=0.110849,
indivs=21599822, elapsed_secs=42133, mean=0.539578, stdev=0.117851, best fit=0.693500, best_overall=0.693500, mean_diversity=0.352476,
indivs=21609920, elapsed_secs=42152, mean=0.500762, stdev=0.020948, best fit=0.693500, best_overall=0.693500, mean_diversity=0.169412,
indivs=21620018, elapsed_secs=42176, mean=0.574857, stdev=0.155864, best fit=0.693500, best_overall=0.693500, mean_diversity=0.114275,
indivs=21630116, elapsed_secs=42200, mean=0.484826, stdev=0.132296, best fit=0.693500, best_overall=0.693500, mean_diversity=0.500231,
indivs=21640214, elapsed_secs=42223, mean=0.509199, stdev=0.056989, best fit=0.693500, best_overall=0.693500, mean_diversity=0.147234,
indivs=21650312, elapsed_secs=42245, mean=0.496935, stdev=0.053526, best fit=0.693500, best_overall=0.693500, mean_diversity=0.279444,
indivs=21660410, elapsed_secs=42264, mean=0.482336, stdev=0.088034, best fit=0.693500, best_overall=0.693500, mean_diversity=0.124419,
indivs=21670508, elapsed_secs=42282, mean=0.503958, stdev=0.026571, best fit=0.693500, best_overall=0.693500, mean_diversity=0.060899,
indivs=21680606, elapsed_secs=42309, mean=0.501137, stdev=0.020116, best fit=0.693500, best_overall=0.693500, mean_diversity=0.106475,
indivs=21690704, elapsed_secs=42331, mean=0.571742, stdev=0.115589, best fit=0.693500, best_overall=0.693500, mean_diversity=0.154150,
indivs=21700802, elapsed_secs=42356, mean=0.488742, stdev=0.130522, best fit=0.693500, best_overall=0.693500, mean_diversity=0.160133,
indivs=21710900, elapsed_secs=42378, mean=0.560363, stdev=0.172132, best fit=0.693500, best_overall=0.693500, mean_diversity=0.090760,
indivs=21720998, elapsed_secs=42399, mean=0.503628, stdev=0.073727, best fit=0.693500, best_overall=0.693500, mean_diversity=0.289778,
indivs=21731096, elapsed_secs=42420, mean=0.458832, stdev=0.157699, best fit=0.693500, best_overall=0.693500, mean_diversity=0.091567,
indivs=21741194, elapsed_secs=42442, mean=0.570981, stdev=0.112190, best fit=0.693500, best_overall=0.693500, mean_diversity=0.356795,
indivs=21751292, elapsed_secs=42464, mean=0.591951, stdev=0.084504, best fit=0.693500, best_overall=0.693500, mean_diversity=0.123136,
indivs=21761390, elapsed_secs=42488, mean=0.514441, stdev=0.132512, best fit=0.693500, best_overall=0.693500, mean_diversity=0.092497,
indivs=21771488, elapsed_secs=42516, mean=0.540329, stdev=0.181097, best fit=0.693500, best_overall=0.693500, mean_diversity=0.091975,
indivs=21781586, elapsed_secs=42541, mean=0.574571, stdev=0.133519, best fit=0.693500, best_overall=0.693500, mean_diversity=0.310811,
indivs=21791684, elapsed_secs=42562, mean=0.528604, stdev=0.103080, best fit=0.693500, best_overall=0.693500, mean_diversity=0.265482,
indivs=21801782, elapsed_secs=42585, mean=0.542198, stdev=0.104537, best fit=0.693500, best_overall=0.693500, mean_diversity=0.205274,
indivs=21811880, elapsed_secs=42606, mean=0.518983, stdev=0.078488, best fit=0.693500, best_overall=0.693500, mean_diversity=0.411879,
indivs=21821978, elapsed_secs=42626, mean=0.552165, stdev=0.089795, best fit=0.693500, best_overall=0.693500, mean_diversity=0.290694,
indivs=21832076, elapsed_secs=42651, mean=0.523108, stdev=0.084463, best fit=0.693500, best_overall=0.693500, mean_diversity=0.123959,
indivs=21842174, elapsed_secs=42680, mean=0.569109, stdev=0.130519, best fit=0.693500, best_overall=0.693500, mean_diversity=0.160524,
indivs=21852272, elapsed_secs=42704, mean=0.547581, stdev=0.129026, best fit=0.693500, best_overall=0.693500, mean_diversity=0.344146,
indivs=21862370, elapsed_secs=42729, mean=0.496935, stdev=0.053526, best fit=0.693500, best_overall=0.693500, mean_diversity=0.153093,
indivs=21872468, elapsed_secs=42750, mean=0.527561, stdev=0.111116, best fit=0.693500, best_overall=0.693500, mean_diversity=0.316132,
indivs=21882566, elapsed_secs=42772, mean=0.569352, stdev=0.097296, best fit=0.693500, best_overall=0.693500, mean_diversity=0.137054,
indivs=21892664, elapsed_secs=42798, mean=0.492699, stdev=0.068543, best fit=0.693500, best_overall=0.693500, mean_diversity=0.220645,
indivs=21902762, elapsed_secs=42814, mean=0.527512, stdev=0.079955, best fit=0.693500, best_overall=0.693500, mean_diversity=0.416710,
indivs=21912860, elapsed_secs=42837, mean=0.514584, stdev=0.097273, best fit=0.693500, best_overall=0.693500, mean_diversity=0.295782,
indivs=21922958, elapsed_secs=42861, mean=0.578179, stdev=0.066192, best fit=0.693500, best_overall=0.693500, mean_diversity=0.235073,
indivs=21933056, elapsed_secs=42881, mean=0.496593, stdev=0.024939, best fit=0.693500, best_overall=0.693500, mean_diversity=0.283986,
indivs=21943154, elapsed_secs=42905, mean=0.493526, stdev=0.074327, best fit=0.693500, best_overall=0.693500, mean_diversity=0.290517,
indivs=21953252, elapsed_secs=42927, mean=0.414934, stdev=0.156487, best fit=0.693500, best_overall=0.693500, mean_diversity=0.071984,
indivs=21963350, elapsed_secs=42951, mean=0.519493, stdev=0.098065, best fit=0.693500, best_overall=0.693500, mean_diversity=0.540255,
indivs=21973448, elapsed_secs=42977, mean=0.466340, stdev=0.131173, best fit=0.693500, best_overall=0.693500, mean_diversity=0.114845,
indivs=21983546, elapsed_secs=42998, mean=0.546781, stdev=0.127783, best fit=0.693500, best_overall=0.693500, mean_diversity=0.273748,
indivs=21993644, elapsed_secs=43025, mean=0.557192, stdev=0.147504, best fit=0.693500, best_overall=0.693500, mean_diversity=0.217759,
indivs=22003742, elapsed_secs=43048, mean=0.560007, stdev=0.114960, best fit=0.693500, best_overall=0.693500, mean_diversity=0.184457,
Experiment done. Retrieving candidate algorithm.
Search fitness for candidate algorithm = 0.693500
Evaluating candidate algorithm from experiment (on T_select tasks)... 
Select fitness for candidate algorithm = 0.682200
Select fitness is the best so far. 

Final evaluation of best algorithm (on unseen tasks)...
Final evaluation fitness (on unseen data) = 0.675420
Algorithm found: 
def Setup():
  s4 = -0.862778
  m1 = gaussian(0.407157, 0.294378, (n_features, n_features))
  s2 = uniform(0.384007, 2.10854)
  s3 = uniform(-0.093027, 0.251246)
  s1 = gaussian(0.274258, 0.256442)
def Predict():
  v1 = maximum(v8, v8)
  s4 = s3 + s1
  s1 = dot(v2, v0)
  v3 = dot(m1, v6)
  v6 = dot(m0, v3)
  s2 = s1 + s3
  v5 = v5 + v4
  v1 = v7 + v7
def Learn():
  s2 = s1 * s4
  s4 = s0 + s3
  v7 = s2 * v6
  s2 = s4 - s2
  s1 = s1 * s4
  v6 = v4 * v3
  m0 = m1 + m1
  v1 = s4 * v3
  v8 = v0 + v3
  v4 = s2 * v0
  v2 = v7 + v5
  v7 = s1 * v2
  v1 = heaviside(v1, 1.0)
  s4 = s0 + s1
  v7 = heaviside(v4, 1.0)
  v6 = v7 * v6
  m0 = outer(v4, v1)
  v5 = v5 + v1

