Random seed = 1508428319
/p/work/rditljtd/automl_zero/baseline_full.db3
evol_id:95807
SQLite Version: 3.45.1

Creating database for run.
/p/work/rditljtd/automl_zero/baseline_full.db3
Running evolution experiment (on the T_search tasks)...
indivs=200, elapsed_secs=0, mean=0.500000, stdev=0.000000, best fit=0.500000, best_overall=0.500000, mean_diversity=0.000000,
indivs=10315, elapsed_secs=10, mean=0.500186, stdev=0.005230, best fit=0.512900, best_overall=0.512900, mean_diversity=0.355714,
indivs=20337, elapsed_secs=21, mean=0.606137, stdev=0.113670, best fit=0.669000, best_overall=0.669000, mean_diversity=0.205471,
indivs=30461, elapsed_secs=80, mean=0.613034, stdev=0.065096, best fit=0.669400, best_overall=0.669400, mean_diversity=0.203397,
indivs=40607, elapsed_secs=98, mean=0.618745, stdev=0.083054, best fit=0.669400, best_overall=0.669400, mean_diversity=0.174465,
indivs=50715, elapsed_secs=116, mean=0.597135, stdev=0.095814, best fit=0.669400, best_overall=0.669400, mean_diversity=0.150644,
indivs=60827, elapsed_secs=123, mean=0.616871, stdev=0.111525, best fit=0.669400, best_overall=0.669400, mean_diversity=0.203311,
indivs=70890, elapsed_secs=144, mean=0.610241, stdev=0.052572, best fit=0.669400, best_overall=0.669400, mean_diversity=0.165535,
indivs=80916, elapsed_secs=157, mean=0.583821, stdev=0.097655, best fit=0.669400, best_overall=0.669400, mean_diversity=0.142648,
indivs=91031, elapsed_secs=180, mean=0.593453, stdev=0.139498, best fit=0.669400, best_overall=0.669400, mean_diversity=0.236477,
indivs=101050, elapsed_secs=188, mean=0.602402, stdev=0.141057, best fit=0.669400, best_overall=0.669400, mean_diversity=0.115694,
indivs=111074, elapsed_secs=198, mean=0.623163, stdev=0.063459, best fit=0.669400, best_overall=0.669400, mean_diversity=0.117740,
indivs=121129, elapsed_secs=211, mean=0.598739, stdev=0.056498, best fit=0.669400, best_overall=0.669400, mean_diversity=0.127686,
indivs=131187, elapsed_secs=228, mean=0.595628, stdev=0.059013, best fit=0.669400, best_overall=0.669400, mean_diversity=0.103727,
indivs=141191, elapsed_secs=257, mean=0.599233, stdev=0.059993, best fit=0.669800, best_overall=0.669800, mean_diversity=0.075526,
indivs=151248, elapsed_secs=271, mean=0.614851, stdev=0.059096, best fit=0.670800, best_overall=0.670800, mean_diversity=0.123075,
indivs=161275, elapsed_secs=297, mean=0.608912, stdev=0.070952, best fit=0.670800, best_overall=0.670800, mean_diversity=0.167822,
indivs=171406, elapsed_secs=313, mean=0.621439, stdev=0.074623, best fit=0.673900, best_overall=0.673900, mean_diversity=0.190090,
indivs=181424, elapsed_secs=330, mean=0.592670, stdev=0.069947, best fit=0.673900, best_overall=0.673900, mean_diversity=0.201978,
indivs=191441, elapsed_secs=341, mean=0.615690, stdev=0.061469, best fit=0.673900, best_overall=0.673900, mean_diversity=0.168343,
indivs=201453, elapsed_secs=382, mean=0.615309, stdev=0.059908, best fit=0.673900, best_overall=0.673900, mean_diversity=0.153318,
indivs=211524, elapsed_secs=403, mean=0.595883, stdev=0.061314, best fit=0.673900, best_overall=0.673900, mean_diversity=0.111947,
indivs=221632, elapsed_secs=429, mean=0.607897, stdev=0.115876, best fit=0.673900, best_overall=0.673900, mean_diversity=0.199202,
indivs=231703, elapsed_secs=451, mean=0.586784, stdev=0.101474, best fit=0.673900, best_overall=0.673900, mean_diversity=0.151558,
indivs=241794, elapsed_secs=472, mean=0.617349, stdev=0.065401, best fit=0.673900, best_overall=0.673900, mean_diversity=0.166318,
indivs=251803, elapsed_secs=493, mean=0.614208, stdev=0.141784, best fit=0.673900, best_overall=0.673900, mean_diversity=0.244602,
indivs=261869, elapsed_secs=528, mean=0.583546, stdev=0.087671, best fit=0.673900, best_overall=0.673900, mean_diversity=0.182333,
indivs=271919, elapsed_secs=545, mean=0.607881, stdev=0.058881, best fit=0.673900, best_overall=0.673900, mean_diversity=0.178368,
indivs=281936, elapsed_secs=553, mean=0.608900, stdev=0.055691, best fit=0.674400, best_overall=0.674400, mean_diversity=0.208590,
indivs=291968, elapsed_secs=570, mean=0.603035, stdev=0.106753, best fit=0.674700, best_overall=0.674700, mean_diversity=0.141095,
indivs=302063, elapsed_secs=592, mean=0.553707, stdev=0.164262, best fit=0.674700, best_overall=0.674700, mean_diversity=0.201097,
indivs=312197, elapsed_secs=609, mean=0.586326, stdev=0.162438, best fit=0.675000, best_overall=0.675000, mean_diversity=0.083406,
indivs=322293, elapsed_secs=678, mean=0.573054, stdev=0.184974, best fit=0.675000, best_overall=0.675000, mean_diversity=0.113727,
indivs=332375, elapsed_secs=711, mean=0.606202, stdev=0.111508, best fit=0.675000, best_overall=0.675000, mean_diversity=0.257712,
indivs=342486, elapsed_secs=733, mean=0.562371, stdev=0.181717, best fit=0.675000, best_overall=0.675000, mean_diversity=0.105458,
indivs=352539, elapsed_secs=765, mean=0.586099, stdev=0.135201, best fit=0.675000, best_overall=0.675000, mean_diversity=0.115173,
indivs=362562, elapsed_secs=786, mean=0.560661, stdev=0.172760, best fit=0.675000, best_overall=0.675000, mean_diversity=0.102268,
indivs=372696, elapsed_secs=808, mean=0.628678, stdev=0.094455, best fit=0.675000, best_overall=0.675000, mean_diversity=0.090731,
indivs=382818, elapsed_secs=827, mean=0.614427, stdev=0.107669, best fit=0.675000, best_overall=0.675000, mean_diversity=0.111379,
indivs=392837, elapsed_secs=851, mean=0.580056, stdev=0.169600, best fit=0.675000, best_overall=0.675000, mean_diversity=0.116458,
indivs=402961, elapsed_secs=881, mean=0.550684, stdev=0.196491, best fit=0.675000, best_overall=0.675000, mean_diversity=0.228379,
indivs=413094, elapsed_secs=908, mean=0.534520, stdev=0.234131, best fit=0.675000, best_overall=0.675000, mean_diversity=0.155950,
indivs=423213, elapsed_secs=928, mean=0.609999, stdev=0.116929, best fit=0.675100, best_overall=0.675100, mean_diversity=0.108654,
indivs=433304, elapsed_secs=991, mean=0.610983, stdev=0.073230, best fit=0.675100, best_overall=0.675100, mean_diversity=0.111058,
indivs=443342, elapsed_secs=1014, mean=0.625031, stdev=0.083815, best fit=0.675100, best_overall=0.675100, mean_diversity=0.244261,
indivs=453396, elapsed_secs=1039, mean=0.583226, stdev=0.124496, best fit=0.675100, best_overall=0.675100, mean_diversity=0.083576,
indivs=463437, elapsed_secs=1056, mean=0.602310, stdev=0.058765, best fit=0.675100, best_overall=0.675100, mean_diversity=0.156154,
indivs=473476, elapsed_secs=1099, mean=0.611933, stdev=0.103223, best fit=0.675100, best_overall=0.675100, mean_diversity=0.080368,
indivs=483642, elapsed_secs=1124, mean=0.627052, stdev=0.094110, best fit=0.675100, best_overall=0.675100, mean_diversity=0.124436,
indivs=493702, elapsed_secs=1144, mean=0.594613, stdev=0.155341, best fit=0.675100, best_overall=0.675100, mean_diversity=0.115515,
indivs=503807, elapsed_secs=1175, mean=0.590785, stdev=0.103792, best fit=0.675100, best_overall=0.675100, mean_diversity=0.163730,
indivs=513823, elapsed_secs=1205, mean=0.621269, stdev=0.078862, best fit=0.675100, best_overall=0.675100, mean_diversity=0.183456,
indivs=523919, elapsed_secs=1223, mean=0.619303, stdev=0.096908, best fit=0.675100, best_overall=0.675100, mean_diversity=0.092063,
indivs=533940, elapsed_secs=1242, mean=0.589527, stdev=0.087931, best fit=0.675100, best_overall=0.675100, mean_diversity=0.075902,
indivs=543976, elapsed_secs=1270, mean=0.616346, stdev=0.098580, best fit=0.675100, best_overall=0.675100, mean_diversity=0.096047,
indivs=554102, elapsed_secs=1291, mean=0.614152, stdev=0.078884, best fit=0.675100, best_overall=0.675100, mean_diversity=0.176381,
indivs=564192, elapsed_secs=1321, mean=0.636742, stdev=0.067476, best fit=0.675100, best_overall=0.675100, mean_diversity=0.212756,
indivs=574221, elapsed_secs=1349, mean=0.619215, stdev=0.113404, best fit=0.675100, best_overall=0.675100, mean_diversity=0.167600,
indivs=584360, elapsed_secs=1376, mean=0.601747, stdev=0.153992, best fit=0.675100, best_overall=0.675100, mean_diversity=0.138314,
indivs=594383, elapsed_secs=1403, mean=0.617863, stdev=0.115239, best fit=0.675100, best_overall=0.675100, mean_diversity=0.183823,
indivs=604537, elapsed_secs=1443, mean=0.609022, stdev=0.122645, best fit=0.675100, best_overall=0.675100, mean_diversity=0.305577,
indivs=614680, elapsed_secs=1464, mean=0.626343, stdev=0.091811, best fit=0.675100, best_overall=0.675100, mean_diversity=0.164164,
indivs=624796, elapsed_secs=1482, mean=0.608014, stdev=0.093958, best fit=0.675100, best_overall=0.675100, mean_diversity=0.234310,
indivs=634900, elapsed_secs=1506, mean=0.631677, stdev=0.086571, best fit=0.675100, best_overall=0.675100, mean_diversity=0.219769,
indivs=644994, elapsed_secs=1528, mean=0.590687, stdev=0.102060, best fit=0.675100, best_overall=0.675100, mean_diversity=0.135988,
indivs=655056, elapsed_secs=1554, mean=0.598325, stdev=0.143675, best fit=0.675100, best_overall=0.675100, mean_diversity=0.292715,
indivs=665181, elapsed_secs=1577, mean=0.604318, stdev=0.142045, best fit=0.675300, best_overall=0.675300, mean_diversity=0.258154,
indivs=675239, elapsed_secs=1608, mean=0.597368, stdev=0.124412, best fit=0.675300, best_overall=0.675300, mean_diversity=0.193857,
indivs=685391, elapsed_secs=1648, mean=0.595536, stdev=0.143670, best fit=0.675300, best_overall=0.675300, mean_diversity=0.215546,
indivs=695528, elapsed_secs=1670, mean=0.574378, stdev=0.184317, best fit=0.675300, best_overall=0.675300, mean_diversity=0.150922,
indivs=705637, elapsed_secs=1690, mean=0.614098, stdev=0.119222, best fit=0.675300, best_overall=0.675300, mean_diversity=0.090903,
indivs=715725, elapsed_secs=1715, mean=0.603099, stdev=0.143280, best fit=0.675300, best_overall=0.675300, mean_diversity=0.118489,
indivs=725743, elapsed_secs=1743, mean=0.584142, stdev=0.091339, best fit=0.675300, best_overall=0.675300, mean_diversity=0.177766,
indivs=735835, elapsed_secs=1769, mean=0.627330, stdev=0.101692, best fit=0.675300, best_overall=0.675300, mean_diversity=0.195332,
indivs=745909, elapsed_secs=1794, mean=0.605003, stdev=0.055090, best fit=0.675300, best_overall=0.675300, mean_diversity=0.086786,
indivs=755986, elapsed_secs=1836, mean=0.562904, stdev=0.179491, best fit=0.675300, best_overall=0.675300, mean_diversity=0.298555,
indivs=766050, elapsed_secs=1867, mean=0.637778, stdev=0.069000, best fit=0.675500, best_overall=0.675500, mean_diversity=0.187544,
indivs=776089, elapsed_secs=1891, mean=0.626577, stdev=0.094520, best fit=0.675700, best_overall=0.675700, mean_diversity=0.093125,
indivs=786095, elapsed_secs=1912, mean=0.626943, stdev=0.078320, best fit=0.675900, best_overall=0.675900, mean_diversity=0.175385,
indivs=796148, elapsed_secs=1941, mean=0.617600, stdev=0.069604, best fit=0.676100, best_overall=0.676100, mean_diversity=0.330862,
indivs=806171, elapsed_secs=1962, mean=0.631012, stdev=0.093521, best fit=0.676100, best_overall=0.676100, mean_diversity=0.041890,
indivs=816287, elapsed_secs=1989, mean=0.607508, stdev=0.089000, best fit=0.676100, best_overall=0.676100, mean_diversity=0.102593,
indivs=826390, elapsed_secs=2008, mean=0.605892, stdev=0.078614, best fit=0.676100, best_overall=0.676100, mean_diversity=0.323391,
indivs=836469, elapsed_secs=2028, mean=0.612562, stdev=0.059981, best fit=0.676100, best_overall=0.676100, mean_diversity=0.150511,
indivs=846517, elapsed_secs=2045, mean=0.591594, stdev=0.085547, best fit=0.676400, best_overall=0.676400, mean_diversity=0.089430,
indivs=856678, elapsed_secs=2075, mean=0.618588, stdev=0.115238, best fit=0.676400, best_overall=0.676400, mean_diversity=0.108005,
indivs=866777, elapsed_secs=2100, mean=0.591338, stdev=0.124509, best fit=0.676400, best_overall=0.676400, mean_diversity=0.331614,
indivs=876823, elapsed_secs=2119, mean=0.623557, stdev=0.078197, best fit=0.676400, best_overall=0.676400, mean_diversity=0.159786,
indivs=886878, elapsed_secs=2148, mean=0.612723, stdev=0.100098, best fit=0.676400, best_overall=0.676400, mean_diversity=0.064351,
indivs=897038, elapsed_secs=2173, mean=0.636998, stdev=0.068308, best fit=0.676400, best_overall=0.676400, mean_diversity=0.208276,
indivs=907089, elapsed_secs=2190, mean=0.622763, stdev=0.072041, best fit=0.676400, best_overall=0.676400, mean_diversity=0.113358,
indivs=917198, elapsed_secs=2210, mean=0.604154, stdev=0.088869, best fit=0.676400, best_overall=0.676400, mean_diversity=0.104987,
indivs=927221, elapsed_secs=2242, mean=0.627962, stdev=0.073496, best fit=0.676600, best_overall=0.676600, mean_diversity=0.125137,
indivs=937327, elapsed_secs=2282, mean=0.605161, stdev=0.127553, best fit=0.676600, best_overall=0.676600, mean_diversity=0.157149,
indivs=947424, elapsed_secs=2323, mean=0.599173, stdev=0.061609, best fit=0.676600, best_overall=0.676600, mean_diversity=0.094647,
indivs=957493, elapsed_secs=2348, mean=0.629007, stdev=0.074887, best fit=0.676600, best_overall=0.676600, mean_diversity=0.074017,
indivs=967497, elapsed_secs=2377, mean=0.629340, stdev=0.094521, best fit=0.676600, best_overall=0.676600, mean_diversity=0.247805,
indivs=977632, elapsed_secs=2410, mean=0.613798, stdev=0.093335, best fit=0.676600, best_overall=0.676600, mean_diversity=0.171544,
indivs=987648, elapsed_secs=2439, mean=0.608302, stdev=0.075154, best fit=0.676600, best_overall=0.676600, mean_diversity=0.146599,
indivs=997793, elapsed_secs=2469, mean=0.625924, stdev=0.077273, best fit=0.676600, best_overall=0.676600, mean_diversity=0.321533,
indivs=1007892, elapsed_secs=2506, mean=0.601696, stdev=0.131517, best fit=0.676600, best_overall=0.676600, mean_diversity=0.121051,
indivs=1018001, elapsed_secs=2548, mean=0.617564, stdev=0.124851, best fit=0.676600, best_overall=0.676600, mean_diversity=0.128840,
indivs=1028109, elapsed_secs=2574, mean=0.611097, stdev=0.085947, best fit=0.676600, best_overall=0.676600, mean_diversity=0.153571,
indivs=1038126, elapsed_secs=2601, mean=0.598014, stdev=0.138877, best fit=0.676600, best_overall=0.676600, mean_diversity=0.245989,
indivs=1048132, elapsed_secs=2625, mean=0.597902, stdev=0.109964, best fit=0.676600, best_overall=0.676600, mean_diversity=0.150928,
indivs=1058197, elapsed_secs=2649, mean=0.612098, stdev=0.095879, best fit=0.676600, best_overall=0.676600, mean_diversity=0.161462,
indivs=1068257, elapsed_secs=2678, mean=0.594605, stdev=0.101800, best fit=0.676600, best_overall=0.676600, mean_diversity=0.089010,
indivs=1078408, elapsed_secs=2706, mean=0.632985, stdev=0.072725, best fit=0.676600, best_overall=0.676600, mean_diversity=0.152120,
indivs=1088480, elapsed_secs=2728, mean=0.606627, stdev=0.082853, best fit=0.676600, best_overall=0.676600, mean_diversity=0.292521,
indivs=1098575, elapsed_secs=2752, mean=0.649041, stdev=0.059945, best fit=0.676600, best_overall=0.676600, mean_diversity=0.138852,
indivs=1108692, elapsed_secs=2784, mean=0.615298, stdev=0.094803, best fit=0.676600, best_overall=0.676600, mean_diversity=0.108146,
indivs=1118798, elapsed_secs=2813, mean=0.594138, stdev=0.086798, best fit=0.676600, best_overall=0.676600, mean_diversity=0.231276,
indivs=1128844, elapsed_secs=2840, mean=0.631869, stdev=0.093338, best fit=0.676600, best_overall=0.676600, mean_diversity=0.123250,
indivs=1138858, elapsed_secs=2867, mean=0.610228, stdev=0.111281, best fit=0.676600, best_overall=0.676600, mean_diversity=0.166749,
indivs=1148865, elapsed_secs=2895, mean=0.591566, stdev=0.176545, best fit=0.676600, best_overall=0.676600, mean_diversity=0.243664,
indivs=1158883, elapsed_secs=2923, mean=0.633528, stdev=0.094045, best fit=0.676600, best_overall=0.676600, mean_diversity=0.183800,
indivs=1169027, elapsed_secs=2954, mean=0.553712, stdev=0.216975, best fit=0.676600, best_overall=0.676600, mean_diversity=0.151370,
indivs=1179170, elapsed_secs=2984, mean=0.620266, stdev=0.101333, best fit=0.676600, best_overall=0.676600, mean_diversity=0.135848,
indivs=1189303, elapsed_secs=3006, mean=0.604219, stdev=0.155098, best fit=0.676600, best_overall=0.676600, mean_diversity=0.162122,
indivs=1199446, elapsed_secs=3028, mean=0.619622, stdev=0.099408, best fit=0.676600, best_overall=0.676600, mean_diversity=0.407226,
indivs=1209569, elapsed_secs=3053, mean=0.630058, stdev=0.074661, best fit=0.676600, best_overall=0.676600, mean_diversity=0.263815,
indivs=1219610, elapsed_secs=3074, mean=0.637659, stdev=0.068798, best fit=0.676600, best_overall=0.676600, mean_diversity=0.121475,
indivs=1229630, elapsed_secs=3096, mean=0.634683, stdev=0.070996, best fit=0.676600, best_overall=0.676600, mean_diversity=0.208054,
indivs=1239730, elapsed_secs=3122, mean=0.633137, stdev=0.094106, best fit=0.676600, best_overall=0.676600, mean_diversity=0.138339,
indivs=1249800, elapsed_secs=3151, mean=0.630946, stdev=0.070769, best fit=0.676600, best_overall=0.676600, mean_diversity=0.268860,
indivs=1259932, elapsed_secs=3176, mean=0.627838, stdev=0.073126, best fit=0.676600, best_overall=0.676600, mean_diversity=0.172824,
indivs=1269994, elapsed_secs=3202, mean=0.592428, stdev=0.106279, best fit=0.676600, best_overall=0.676600, mean_diversity=0.145681,
indivs=1280133, elapsed_secs=3238, mean=0.613999, stdev=0.098347, best fit=0.676600, best_overall=0.676600, mean_diversity=0.116250,
indivs=1290250, elapsed_secs=3263, mean=0.603536, stdev=0.155451, best fit=0.676600, best_overall=0.676600, mean_diversity=0.135350,
indivs=1300393, elapsed_secs=3288, mean=0.627155, stdev=0.064393, best fit=0.676600, best_overall=0.676600, mean_diversity=0.127616,
indivs=1310476, elapsed_secs=3324, mean=0.619149, stdev=0.094481, best fit=0.676600, best_overall=0.676600, mean_diversity=0.221652,
indivs=1320517, elapsed_secs=3353, mean=0.585100, stdev=0.132121, best fit=0.676600, best_overall=0.676600, mean_diversity=0.110453,
indivs=1330644, elapsed_secs=3377, mean=0.617305, stdev=0.115719, best fit=0.676600, best_overall=0.676600, mean_diversity=0.127055,
indivs=1340694, elapsed_secs=3428, mean=0.606113, stdev=0.072478, best fit=0.676600, best_overall=0.676600, mean_diversity=0.107453,
indivs=1350839, elapsed_secs=3483, mean=0.615328, stdev=0.115143, best fit=0.676600, best_overall=0.676600, mean_diversity=0.178479,
indivs=1360896, elapsed_secs=3511, mean=0.630184, stdev=0.073204, best fit=0.676600, best_overall=0.676600, mean_diversity=0.262917,
indivs=1371015, elapsed_secs=3538, mean=0.606761, stdev=0.130080, best fit=0.676600, best_overall=0.676600, mean_diversity=0.133565,
indivs=1381032, elapsed_secs=3568, mean=0.581383, stdev=0.173779, best fit=0.676600, best_overall=0.676600, mean_diversity=0.213077,
indivs=1391083, elapsed_secs=3595, mean=0.591282, stdev=0.086015, best fit=0.676600, best_overall=0.676600, mean_diversity=0.158583,
indivs=1401223, elapsed_secs=3636, mean=0.605672, stdev=0.154759, best fit=0.676600, best_overall=0.676600, mean_diversity=0.229689,
indivs=1411248, elapsed_secs=3663, mean=0.577000, stdev=0.161781, best fit=0.676600, best_overall=0.676600, mean_diversity=0.133667,
indivs=1421378, elapsed_secs=3689, mean=0.613833, stdev=0.117327, best fit=0.676600, best_overall=0.676600, mean_diversity=0.106383,
indivs=1431398, elapsed_secs=3730, mean=0.597364, stdev=0.064204, best fit=0.676600, best_overall=0.676600, mean_diversity=0.116514,
indivs=1441515, elapsed_secs=3756, mean=0.622783, stdev=0.075234, best fit=0.676600, best_overall=0.676600, mean_diversity=0.134346,
indivs=1451562, elapsed_secs=3792, mean=0.619326, stdev=0.051551, best fit=0.676600, best_overall=0.676600, mean_diversity=0.143470,
indivs=1461636, elapsed_secs=3816, mean=0.613187, stdev=0.116671, best fit=0.676600, best_overall=0.676600, mean_diversity=0.119485,
indivs=1471691, elapsed_secs=3857, mean=0.614033, stdev=0.095672, best fit=0.676600, best_overall=0.676600, mean_diversity=0.105691,
indivs=1481817, elapsed_secs=3887, mean=0.610348, stdev=0.067739, best fit=0.676600, best_overall=0.676600, mean_diversity=0.129292,
indivs=1491845, elapsed_secs=3916, mean=0.599324, stdev=0.175638, best fit=0.676600, best_overall=0.676600, mean_diversity=0.104289,
indivs=1501917, elapsed_secs=3941, mean=0.576358, stdev=0.166681, best fit=0.676600, best_overall=0.676600, mean_diversity=0.175339,
indivs=1511976, elapsed_secs=3978, mean=0.601968, stdev=0.155427, best fit=0.676600, best_overall=0.676600, mean_diversity=0.114000,
indivs=1521998, elapsed_secs=4003, mean=0.633568, stdev=0.071622, best fit=0.676600, best_overall=0.676600, mean_diversity=0.152992,
indivs=1532053, elapsed_secs=4025, mean=0.605417, stdev=0.085019, best fit=0.676600, best_overall=0.676600, mean_diversity=0.148320,
indivs=1542089, elapsed_secs=4048, mean=0.604306, stdev=0.117683, best fit=0.676600, best_overall=0.676600, mean_diversity=0.136068,
indivs=1552145, elapsed_secs=4076, mean=0.612804, stdev=0.064758, best fit=0.676600, best_overall=0.676600, mean_diversity=0.125424,
indivs=1562247, elapsed_secs=4096, mean=0.627685, stdev=0.074889, best fit=0.676600, best_overall=0.676600, mean_diversity=0.192407,
indivs=1572406, elapsed_secs=4123, mean=0.624610, stdev=0.110866, best fit=0.676600, best_overall=0.676600, mean_diversity=0.175000,
indivs=1582412, elapsed_secs=4145, mean=0.634462, stdev=0.064932, best fit=0.676600, best_overall=0.676600, mean_diversity=0.132278,
indivs=1592458, elapsed_secs=4168, mean=0.618346, stdev=0.123767, best fit=0.676600, best_overall=0.676600, mean_diversity=0.111042,
indivs=1602492, elapsed_secs=4200, mean=0.634921, stdev=0.089416, best fit=0.676600, best_overall=0.676600, mean_diversity=0.082062,
indivs=1612560, elapsed_secs=4234, mean=0.608514, stdev=0.067310, best fit=0.676600, best_overall=0.676600, mean_diversity=0.115030,
indivs=1622563, elapsed_secs=4265, mean=0.577017, stdev=0.153823, best fit=0.676600, best_overall=0.676600, mean_diversity=0.107098,
indivs=1632594, elapsed_secs=4295, mean=0.619141, stdev=0.114208, best fit=0.676600, best_overall=0.676600, mean_diversity=0.083023,
indivs=1642634, elapsed_secs=4317, mean=0.616153, stdev=0.114525, best fit=0.676600, best_overall=0.676600, mean_diversity=0.169540,
indivs=1652642, elapsed_secs=4357, mean=0.601707, stdev=0.103755, best fit=0.676600, best_overall=0.676600, mean_diversity=0.082816,
indivs=1662704, elapsed_secs=4386, mean=0.611601, stdev=0.105459, best fit=0.676600, best_overall=0.676600, mean_diversity=0.137517,
indivs=1672809, elapsed_secs=4417, mean=0.601392, stdev=0.129163, best fit=0.676600, best_overall=0.676600, mean_diversity=0.118208,
indivs=1682873, elapsed_secs=4448, mean=0.592611, stdev=0.106242, best fit=0.676600, best_overall=0.676600, mean_diversity=0.154783,
indivs=1692915, elapsed_secs=4475, mean=0.605882, stdev=0.081252, best fit=0.676600, best_overall=0.676600, mean_diversity=0.252460,
indivs=1702953, elapsed_secs=4525, mean=0.583919, stdev=0.087758, best fit=0.676600, best_overall=0.676600, mean_diversity=0.160085,
indivs=1713038, elapsed_secs=4552, mean=0.588065, stdev=0.087751, best fit=0.676600, best_overall=0.676600, mean_diversity=0.123060,
indivs=1723064, elapsed_secs=4583, mean=0.614722, stdev=0.082820, best fit=0.677500, best_overall=0.677500, mean_diversity=0.182136,
indivs=1733123, elapsed_secs=4612, mean=0.613856, stdev=0.142846, best fit=0.677500, best_overall=0.677500, mean_diversity=0.122290,
indivs=1743206, elapsed_secs=4637, mean=0.609404, stdev=0.054659, best fit=0.677500, best_overall=0.677500, mean_diversity=0.158151,
indivs=1753294, elapsed_secs=4669, mean=0.605375, stdev=0.079587, best fit=0.677500, best_overall=0.677500, mean_diversity=0.125427,
indivs=1763328, elapsed_secs=4707, mean=0.566009, stdev=0.175299, best fit=0.677500, best_overall=0.677500, mean_diversity=0.175305,
indivs=1773360, elapsed_secs=4743, mean=0.627642, stdev=0.074262, best fit=0.677500, best_overall=0.677500, mean_diversity=0.136429,
indivs=1783452, elapsed_secs=4787, mean=0.598249, stdev=0.089045, best fit=0.677500, best_overall=0.677500, mean_diversity=0.244960,
indivs=1793473, elapsed_secs=4823, mean=0.609533, stdev=0.065933, best fit=0.677500, best_overall=0.677500, mean_diversity=0.229944,
indivs=1803492, elapsed_secs=4853, mean=0.592337, stdev=0.145616, best fit=0.677500, best_overall=0.677500, mean_diversity=0.216385,
indivs=1813662, elapsed_secs=4883, mean=0.620972, stdev=0.112940, best fit=0.677500, best_overall=0.677500, mean_diversity=0.160000,
indivs=1823725, elapsed_secs=4902, mean=0.609601, stdev=0.072902, best fit=0.677500, best_overall=0.677500, mean_diversity=0.188844,
indivs=1833792, elapsed_secs=4950, mean=0.612632, stdev=0.115552, best fit=0.677500, best_overall=0.677500, mean_diversity=0.133602,
indivs=1843819, elapsed_secs=4973, mean=0.606309, stdev=0.054893, best fit=0.677500, best_overall=0.677500, mean_diversity=0.145267,
indivs=1853879, elapsed_secs=5012, mean=0.616271, stdev=0.075548, best fit=0.677500, best_overall=0.677500, mean_diversity=0.129726,
indivs=1863954, elapsed_secs=5053, mean=0.590453, stdev=0.128446, best fit=0.677500, best_overall=0.677500, mean_diversity=0.139581,
indivs=1874095, elapsed_secs=5088, mean=0.609388, stdev=0.097253, best fit=0.677500, best_overall=0.677500, mean_diversity=0.081700,
indivs=1884190, elapsed_secs=5110, mean=0.584618, stdev=0.098209, best fit=0.677500, best_overall=0.677500, mean_diversity=0.241985,
indivs=1894191, elapsed_secs=5144, mean=0.625682, stdev=0.073841, best fit=0.677500, best_overall=0.677500, mean_diversity=0.130537,
indivs=1904212, elapsed_secs=5169, mean=0.630156, stdev=0.078975, best fit=0.677500, best_overall=0.677500, mean_diversity=0.180585,
indivs=1914321, elapsed_secs=5200, mean=0.613922, stdev=0.098541, best fit=0.677500, best_overall=0.677500, mean_diversity=0.145950,
indivs=1924338, elapsed_secs=5230, mean=0.630343, stdev=0.089024, best fit=0.677500, best_overall=0.677500, mean_diversity=0.141678,
indivs=1934375, elapsed_secs=5283, mean=0.623204, stdev=0.068980, best fit=0.677500, best_overall=0.677500, mean_diversity=0.215795,
indivs=1944421, elapsed_secs=5308, mean=0.619818, stdev=0.088435, best fit=0.677500, best_overall=0.677500, mean_diversity=0.158245,
indivs=1954491, elapsed_secs=5332, mean=0.609614, stdev=0.087322, best fit=0.677500, best_overall=0.677500, mean_diversity=0.094270,
indivs=1964546, elapsed_secs=5360, mean=0.626588, stdev=0.069023, best fit=0.677500, best_overall=0.677500, mean_diversity=0.115442,
indivs=1974640, elapsed_secs=5385, mean=0.614269, stdev=0.091888, best fit=0.677500, best_overall=0.677500, mean_diversity=0.184237,
indivs=1984689, elapsed_secs=5410, mean=0.597899, stdev=0.064992, best fit=0.677500, best_overall=0.677500, mean_diversity=0.163500,
indivs=1994781, elapsed_secs=5434, mean=0.605970, stdev=0.096480, best fit=0.677500, best_overall=0.677500, mean_diversity=0.092185,
indivs=2004823, elapsed_secs=5480, mean=0.575597, stdev=0.184965, best fit=0.677500, best_overall=0.677500, mean_diversity=0.149940,
indivs=2014917, elapsed_secs=5520, mean=0.619541, stdev=0.072277, best fit=0.677500, best_overall=0.677500, mean_diversity=0.125887,
indivs=2024996, elapsed_secs=5548, mean=0.613904, stdev=0.096474, best fit=0.677500, best_overall=0.677500, mean_diversity=0.161051,
indivs=2035077, elapsed_secs=5575, mean=0.590406, stdev=0.175638, best fit=0.677500, best_overall=0.677500, mean_diversity=0.155273,
indivs=2045133, elapsed_secs=5616, mean=0.602397, stdev=0.072681, best fit=0.677500, best_overall=0.677500, mean_diversity=0.166126,
indivs=2055225, elapsed_secs=5644, mean=0.616494, stdev=0.089410, best fit=0.677500, best_overall=0.677500, mean_diversity=0.138537,
indivs=2065246, elapsed_secs=5673, mean=0.641720, stdev=0.065520, best fit=0.677500, best_overall=0.677500, mean_diversity=0.202799,
indivs=2075373, elapsed_secs=5697, mean=0.618459, stdev=0.093451, best fit=0.677500, best_overall=0.677500, mean_diversity=0.120497,
indivs=2085377, elapsed_secs=5745, mean=0.583839, stdev=0.140197, best fit=0.677500, best_overall=0.677500, mean_diversity=0.096371,
indivs=2095477, elapsed_secs=5775, mean=0.606259, stdev=0.115678, best fit=0.677500, best_overall=0.677500, mean_diversity=0.199499,
indivs=2105485, elapsed_secs=5818, mean=0.623669, stdev=0.074899, best fit=0.677500, best_overall=0.677500, mean_diversity=0.252329,
indivs=2115561, elapsed_secs=5848, mean=0.610583, stdev=0.057386, best fit=0.677500, best_overall=0.677500, mean_diversity=0.122282,
indivs=2125631, elapsed_secs=5876, mean=0.607764, stdev=0.094396, best fit=0.677500, best_overall=0.677500, mean_diversity=0.128354,
indivs=2135646, elapsed_secs=5912, mean=0.615479, stdev=0.061553, best fit=0.677500, best_overall=0.677500, mean_diversity=0.117338,
indivs=2145774, elapsed_secs=5934, mean=0.621183, stdev=0.066201, best fit=0.677500, best_overall=0.677500, mean_diversity=0.084330,
indivs=2155837, elapsed_secs=5960, mean=0.594625, stdev=0.067635, best fit=0.677500, best_overall=0.677500, mean_diversity=0.254319,
indivs=2165949, elapsed_secs=5989, mean=0.626682, stdev=0.069902, best fit=0.677500, best_overall=0.677500, mean_diversity=0.165071,
indivs=2175978, elapsed_secs=6027, mean=0.610510, stdev=0.076917, best fit=0.677500, best_overall=0.677500, mean_diversity=0.163213,
indivs=2186107, elapsed_secs=6065, mean=0.612775, stdev=0.082694, best fit=0.677500, best_overall=0.677500, mean_diversity=0.143780,
indivs=2196215, elapsed_secs=6095, mean=0.602743, stdev=0.068160, best fit=0.677500, best_overall=0.677500, mean_diversity=0.140131,
indivs=2206266, elapsed_secs=6132, mean=0.600063, stdev=0.059775, best fit=0.677500, best_overall=0.677500, mean_diversity=0.184560,
indivs=2216296, elapsed_secs=6156, mean=0.610993, stdev=0.072830, best fit=0.677500, best_overall=0.677500, mean_diversity=0.179358,
indivs=2226332, elapsed_secs=6186, mean=0.591506, stdev=0.089334, best fit=0.677500, best_overall=0.677500, mean_diversity=0.138065,
indivs=2236336, elapsed_secs=6222, mean=0.632218, stdev=0.070124, best fit=0.677500, best_overall=0.677500, mean_diversity=0.095750,
indivs=2246452, elapsed_secs=6249, mean=0.602228, stdev=0.109715, best fit=0.677500, best_overall=0.677500, mean_diversity=0.135158,
indivs=2256454, elapsed_secs=6295, mean=0.615276, stdev=0.078004, best fit=0.677500, best_overall=0.677500, mean_diversity=0.140798,
indivs=2266479, elapsed_secs=6329, mean=0.609869, stdev=0.094565, best fit=0.677500, best_overall=0.677500, mean_diversity=0.276162,
indivs=2276602, elapsed_secs=6365, mean=0.618710, stdev=0.067157, best fit=0.677500, best_overall=0.677500, mean_diversity=0.172979,
indivs=2286673, elapsed_secs=6396, mean=0.583749, stdev=0.143095, best fit=0.677500, best_overall=0.677500, mean_diversity=0.099233,
indivs=2296738, elapsed_secs=6427, mean=0.605641, stdev=0.066159, best fit=0.677500, best_overall=0.677500, mean_diversity=0.130629,
indivs=2306837, elapsed_secs=6458, mean=0.604452, stdev=0.095141, best fit=0.677500, best_overall=0.677500, mean_diversity=0.190625,
indivs=2316948, elapsed_secs=6505, mean=0.612556, stdev=0.074490, best fit=0.677500, best_overall=0.677500, mean_diversity=0.134137,
indivs=2327105, elapsed_secs=6534, mean=0.632335, stdev=0.071727, best fit=0.677500, best_overall=0.677500, mean_diversity=0.121735,
indivs=2337108, elapsed_secs=6567, mean=0.587035, stdev=0.165827, best fit=0.677500, best_overall=0.677500, mean_diversity=0.145901,
indivs=2347230, elapsed_secs=6601, mean=0.614659, stdev=0.066210, best fit=0.677500, best_overall=0.677500, mean_diversity=0.142167,
indivs=2357317, elapsed_secs=6632, mean=0.608769, stdev=0.089292, best fit=0.677500, best_overall=0.677500, mean_diversity=0.128775,
indivs=2367459, elapsed_secs=6666, mean=0.615139, stdev=0.074028, best fit=0.677500, best_overall=0.677500, mean_diversity=0.180038,
indivs=2377539, elapsed_secs=6693, mean=0.618456, stdev=0.078759, best fit=0.677500, best_overall=0.677500, mean_diversity=0.127696,
indivs=2387549, elapsed_secs=6718, mean=0.621035, stdev=0.097314, best fit=0.677500, best_overall=0.677500, mean_diversity=0.115768,
indivs=2397677, elapsed_secs=6763, mean=0.639065, stdev=0.087235, best fit=0.677500, best_overall=0.677500, mean_diversity=0.205443,
indivs=2407724, elapsed_secs=6798, mean=0.610498, stdev=0.116426, best fit=0.677500, best_overall=0.677500, mean_diversity=0.321556,
indivs=2417745, elapsed_secs=6825, mean=0.613485, stdev=0.077908, best fit=0.677500, best_overall=0.677500, mean_diversity=0.096604,
indivs=2427888, elapsed_secs=6853, mean=0.622526, stdev=0.068001, best fit=0.677500, best_overall=0.677500, mean_diversity=0.148529,
indivs=2438022, elapsed_secs=6879, mean=0.621050, stdev=0.093464, best fit=0.677500, best_overall=0.677500, mean_diversity=0.100919,
indivs=2448023, elapsed_secs=6901, mean=0.631563, stdev=0.069367, best fit=0.677500, best_overall=0.677500, mean_diversity=0.126877,
indivs=2458163, elapsed_secs=6948, mean=0.626866, stdev=0.093793, best fit=0.677500, best_overall=0.677500, mean_diversity=0.258062,
indivs=2468318, elapsed_secs=6986, mean=0.611110, stdev=0.117024, best fit=0.677500, best_overall=0.677500, mean_diversity=0.138638,
indivs=2478352, elapsed_secs=7016, mean=0.635776, stdev=0.064801, best fit=0.677500, best_overall=0.677500, mean_diversity=0.113449,
indivs=2488400, elapsed_secs=7056, mean=0.602025, stdev=0.062435, best fit=0.677500, best_overall=0.677500, mean_diversity=0.116419,
indivs=2498432, elapsed_secs=7083, mean=0.617294, stdev=0.093584, best fit=0.677500, best_overall=0.677500, mean_diversity=0.217551,
indivs=2508553, elapsed_secs=7110, mean=0.606187, stdev=0.142325, best fit=0.677500, best_overall=0.677500, mean_diversity=0.137344,
indivs=2518578, elapsed_secs=7136, mean=0.628224, stdev=0.102813, best fit=0.677500, best_overall=0.677500, mean_diversity=0.127386,
indivs=2528650, elapsed_secs=7170, mean=0.608937, stdev=0.138871, best fit=0.677500, best_overall=0.677500, mean_diversity=0.158697,
indivs=2538650, elapsed_secs=7208, mean=0.622071, stdev=0.108072, best fit=0.677500, best_overall=0.677500, mean_diversity=0.142688,
indivs=2548715, elapsed_secs=7248, mean=0.609307, stdev=0.102842, best fit=0.677500, best_overall=0.677500, mean_diversity=0.109636,
indivs=2558729, elapsed_secs=7270, mean=0.620086, stdev=0.062781, best fit=0.677500, best_overall=0.677500, mean_diversity=0.178344,
indivs=2568786, elapsed_secs=7307, mean=0.577577, stdev=0.149750, best fit=0.677500, best_overall=0.677500, mean_diversity=0.146295,
indivs=2578792, elapsed_secs=7331, mean=0.594696, stdev=0.061845, best fit=0.677500, best_overall=0.677500, mean_diversity=0.137143,
indivs=2588874, elapsed_secs=7377, mean=0.607347, stdev=0.072034, best fit=0.677500, best_overall=0.677500, mean_diversity=0.131043,
indivs=2598960, elapsed_secs=7409, mean=0.565003, stdev=0.200803, best fit=0.677500, best_overall=0.677500, mean_diversity=0.160933,
indivs=2609045, elapsed_secs=7436, mean=0.616912, stdev=0.092539, best fit=0.677500, best_overall=0.677500, mean_diversity=0.107781,
indivs=2619105, elapsed_secs=7470, mean=0.600206, stdev=0.106254, best fit=0.677500, best_overall=0.677500, mean_diversity=0.101765,
indivs=2629138, elapsed_secs=7508, mean=0.596096, stdev=0.110188, best fit=0.677500, best_overall=0.677500, mean_diversity=0.144984,
indivs=2639219, elapsed_secs=7555, mean=0.603090, stdev=0.064561, best fit=0.677500, best_overall=0.677500, mean_diversity=0.160982,
indivs=2649382, elapsed_secs=7579, mean=0.629305, stdev=0.091803, best fit=0.677500, best_overall=0.677500, mean_diversity=0.159897,
indivs=2659488, elapsed_secs=7602, mean=0.630174, stdev=0.065829, best fit=0.677500, best_overall=0.677500, mean_diversity=0.226216,
indivs=2669540, elapsed_secs=7641, mean=0.610704, stdev=0.054482, best fit=0.677500, best_overall=0.677500, mean_diversity=0.108548,
indivs=2679565, elapsed_secs=7674, mean=0.613649, stdev=0.072033, best fit=0.677500, best_overall=0.677500, mean_diversity=0.172000,
indivs=2689631, elapsed_secs=7726, mean=0.619403, stdev=0.091861, best fit=0.677500, best_overall=0.677500, mean_diversity=0.183872,
indivs=2699652, elapsed_secs=7754, mean=0.604646, stdev=0.116433, best fit=0.677500, best_overall=0.677500, mean_diversity=0.201220,
indivs=2709748, elapsed_secs=7773, mean=0.604611, stdev=0.062554, best fit=0.677500, best_overall=0.677500, mean_diversity=0.161556,
indivs=2719764, elapsed_secs=7807, mean=0.611450, stdev=0.088437, best fit=0.677500, best_overall=0.677500, mean_diversity=0.113333,
indivs=2729804, elapsed_secs=7834, mean=0.603723, stdev=0.102518, best fit=0.677500, best_overall=0.677500, mean_diversity=0.144820,
indivs=2739887, elapsed_secs=7857, mean=0.612798, stdev=0.074413, best fit=0.677500, best_overall=0.677500, mean_diversity=0.074377,
indivs=2750031, elapsed_secs=7886, mean=0.597857, stdev=0.129770, best fit=0.677500, best_overall=0.677500, mean_diversity=0.143077,
indivs=2760105, elapsed_secs=7912, mean=0.604109, stdev=0.069763, best fit=0.677500, best_overall=0.677500, mean_diversity=0.276061,
indivs=2770178, elapsed_secs=7948, mean=0.617390, stdev=0.078161, best fit=0.677500, best_overall=0.677500, mean_diversity=0.116815,
indivs=2780274, elapsed_secs=7979, mean=0.621092, stdev=0.092671, best fit=0.677500, best_overall=0.677500, mean_diversity=0.196788,
indivs=2790425, elapsed_secs=8012, mean=0.635021, stdev=0.069109, best fit=0.677500, best_overall=0.677500, mean_diversity=0.105028,
indivs=2800430, elapsed_secs=8051, mean=0.626433, stdev=0.066835, best fit=0.677500, best_overall=0.677500, mean_diversity=0.215458,
indivs=2810551, elapsed_secs=8078, mean=0.616860, stdev=0.071439, best fit=0.677500, best_overall=0.677500, mean_diversity=0.188178,
indivs=2820608, elapsed_secs=8112, mean=0.599376, stdev=0.096351, best fit=0.677500, best_overall=0.677500, mean_diversity=0.143079,
indivs=2830667, elapsed_secs=8140, mean=0.621628, stdev=0.096171, best fit=0.677500, best_overall=0.677500, mean_diversity=0.141522,
indivs=2840808, elapsed_secs=8160, mean=0.605994, stdev=0.103402, best fit=0.677500, best_overall=0.677500, mean_diversity=0.160034,
indivs=2850887, elapsed_secs=8181, mean=0.618013, stdev=0.090632, best fit=0.677500, best_overall=0.677500, mean_diversity=0.152227,
indivs=2860983, elapsed_secs=8206, mean=0.610964, stdev=0.069661, best fit=0.677500, best_overall=0.677500, mean_diversity=0.137186,
indivs=2871117, elapsed_secs=8236, mean=0.607698, stdev=0.078854, best fit=0.677500, best_overall=0.677500, mean_diversity=0.134100,
indivs=2881226, elapsed_secs=8279, mean=0.615038, stdev=0.092947, best fit=0.677500, best_overall=0.677500, mean_diversity=0.114925,
indivs=2891262, elapsed_secs=8313, mean=0.611439, stdev=0.093850, best fit=0.677500, best_overall=0.677500, mean_diversity=0.104952,
indivs=2901310, elapsed_secs=8338, mean=0.593364, stdev=0.116383, best fit=0.677500, best_overall=0.677500, mean_diversity=0.271556,
indivs=2911372, elapsed_secs=8370, mean=0.599184, stdev=0.092974, best fit=0.677500, best_overall=0.677500, mean_diversity=0.166281,
indivs=2921428, elapsed_secs=8397, mean=0.597954, stdev=0.087914, best fit=0.677500, best_overall=0.677500, mean_diversity=0.202237,
indivs=2931534, elapsed_secs=8422, mean=0.611216, stdev=0.067917, best fit=0.677500, best_overall=0.677500, mean_diversity=0.117993,
indivs=2941686, elapsed_secs=8439, mean=0.603213, stdev=0.129365, best fit=0.677500, best_overall=0.677500, mean_diversity=0.147698,
indivs=2951745, elapsed_secs=8461, mean=0.607731, stdev=0.062955, best fit=0.677500, best_overall=0.677500, mean_diversity=0.139667,
indivs=2961776, elapsed_secs=8484, mean=0.607012, stdev=0.061445, best fit=0.677500, best_overall=0.677500, mean_diversity=0.082258,
indivs=2971844, elapsed_secs=8509, mean=0.604073, stdev=0.081176, best fit=0.677500, best_overall=0.677500, mean_diversity=0.114072,
indivs=2982008, elapsed_secs=8538, mean=0.622019, stdev=0.090531, best fit=0.677500, best_overall=0.677500, mean_diversity=0.155918,
indivs=2992121, elapsed_secs=8566, mean=0.616675, stdev=0.100835, best fit=0.677500, best_overall=0.677500, mean_diversity=0.199094,
indivs=3002122, elapsed_secs=8595, mean=0.623019, stdev=0.094679, best fit=0.677500, best_overall=0.677500, mean_diversity=0.236824,
indivs=3012154, elapsed_secs=8628, mean=0.585298, stdev=0.159004, best fit=0.677500, best_overall=0.677500, mean_diversity=0.165860,
indivs=3022193, elapsed_secs=8653, mean=0.627895, stdev=0.089727, best fit=0.677500, best_overall=0.677500, mean_diversity=0.219893,
indivs=3032279, elapsed_secs=8679, mean=0.600531, stdev=0.064233, best fit=0.677500, best_overall=0.677500, mean_diversity=0.158125,
indivs=3042392, elapsed_secs=8706, mean=0.629969, stdev=0.073221, best fit=0.677500, best_overall=0.677500, mean_diversity=0.161866,
indivs=3052467, elapsed_secs=8731, mean=0.629775, stdev=0.070909, best fit=0.677500, best_overall=0.677500, mean_diversity=0.110526,
indivs=3062560, elapsed_secs=8757, mean=0.619531, stdev=0.070601, best fit=0.677500, best_overall=0.677500, mean_diversity=0.151120,
indivs=3072691, elapsed_secs=8789, mean=0.606202, stdev=0.096573, best fit=0.677500, best_overall=0.677500, mean_diversity=0.138958,
indivs=3082734, elapsed_secs=8825, mean=0.623487, stdev=0.093698, best fit=0.677500, best_overall=0.677500, mean_diversity=0.130997,
indivs=3092755, elapsed_secs=8846, mean=0.616717, stdev=0.073298, best fit=0.677500, best_overall=0.677500, mean_diversity=0.186352,
indivs=3102803, elapsed_secs=8878, mean=0.620290, stdev=0.096078, best fit=0.677500, best_overall=0.677500, mean_diversity=0.101576,
indivs=3112924, elapsed_secs=8910, mean=0.611267, stdev=0.075583, best fit=0.677500, best_overall=0.677500, mean_diversity=0.179120,
indivs=3122992, elapsed_secs=8937, mean=0.607790, stdev=0.106097, best fit=0.677500, best_overall=0.677500, mean_diversity=0.163490,
indivs=3133022, elapsed_secs=8958, mean=0.586470, stdev=0.085719, best fit=0.677500, best_overall=0.677500, mean_diversity=0.187702,
indivs=3143195, elapsed_secs=8977, mean=0.582184, stdev=0.175077, best fit=0.677500, best_overall=0.677500, mean_diversity=0.160190,
indivs=3153292, elapsed_secs=8991, mean=0.602727, stdev=0.060814, best fit=0.677500, best_overall=0.677500, mean_diversity=0.145600,
indivs=3163437, elapsed_secs=9002, mean=0.610556, stdev=0.117166, best fit=0.677500, best_overall=0.677500, mean_diversity=0.152671,
indivs=3173442, elapsed_secs=9016, mean=0.629385, stdev=0.069195, best fit=0.677500, best_overall=0.677500, mean_diversity=0.183070,
indivs=3183515, elapsed_secs=9049, mean=0.597840, stdev=0.155318, best fit=0.677500, best_overall=0.677500, mean_diversity=0.152486,
indivs=3193605, elapsed_secs=9074, mean=0.622241, stdev=0.115258, best fit=0.677500, best_overall=0.677500, mean_diversity=0.120125,
indivs=3203712, elapsed_secs=9108, mean=0.600746, stdev=0.094687, best fit=0.677500, best_overall=0.677500, mean_diversity=0.215285,
indivs=3213818, elapsed_secs=9136, mean=0.602022, stdev=0.086135, best fit=0.677500, best_overall=0.677500, mean_diversity=0.287727,
indivs=3223900, elapsed_secs=9166, mean=0.618434, stdev=0.080390, best fit=0.677500, best_overall=0.677500, mean_diversity=0.285924,
indivs=3233930, elapsed_secs=9191, mean=0.607687, stdev=0.094768, best fit=0.677500, best_overall=0.677500, mean_diversity=0.113548,
indivs=3244035, elapsed_secs=9215, mean=0.606816, stdev=0.099627, best fit=0.677500, best_overall=0.677500, mean_diversity=0.091586,
indivs=3254109, elapsed_secs=9239, mean=0.590036, stdev=0.102335, best fit=0.677500, best_overall=0.677500, mean_diversity=0.094448,
indivs=3264196, elapsed_secs=9267, mean=0.614971, stdev=0.074898, best fit=0.677500, best_overall=0.677500, mean_diversity=0.171067,
indivs=3274202, elapsed_secs=9290, mean=0.619663, stdev=0.073638, best fit=0.677500, best_overall=0.677500, mean_diversity=0.124064,
indivs=3284328, elapsed_secs=9325, mean=0.620100, stdev=0.069608, best fit=0.677500, best_overall=0.677500, mean_diversity=0.097564,
indivs=3294479, elapsed_secs=9353, mean=0.631164, stdev=0.091067, best fit=0.677500, best_overall=0.677500, mean_diversity=0.170149,
indivs=3304651, elapsed_secs=9378, mean=0.621639, stdev=0.097565, best fit=0.677500, best_overall=0.677500, mean_diversity=0.213444,
indivs=3314802, elapsed_secs=9398, mean=0.611726, stdev=0.078638, best fit=0.677500, best_overall=0.677500, mean_diversity=0.134602,
indivs=3324875, elapsed_secs=9431, mean=0.607572, stdev=0.063226, best fit=0.677500, best_overall=0.677500, mean_diversity=0.112284,
indivs=3334920, elapsed_secs=9449, mean=0.593406, stdev=0.085259, best fit=0.677500, best_overall=0.677500, mean_diversity=0.323367,
indivs=3344942, elapsed_secs=9482, mean=0.591308, stdev=0.108113, best fit=0.677500, best_overall=0.677500, mean_diversity=0.235896,
indivs=3355006, elapsed_secs=9512, mean=0.603137, stdev=0.086576, best fit=0.677500, best_overall=0.677500, mean_diversity=0.167891,
indivs=3365117, elapsed_secs=9536, mean=0.617248, stdev=0.095922, best fit=0.677500, best_overall=0.677500, mean_diversity=0.259048,
indivs=3375172, elapsed_secs=9564, mean=0.610702, stdev=0.102882, best fit=0.677500, best_overall=0.677500, mean_diversity=0.168160,
indivs=3385307, elapsed_secs=9588, mean=0.631478, stdev=0.092348, best fit=0.677500, best_overall=0.677500, mean_diversity=0.108533,
indivs=3395425, elapsed_secs=9611, mean=0.621325, stdev=0.074478, best fit=0.677500, best_overall=0.677500, mean_diversity=0.091575,
indivs=3405494, elapsed_secs=9637, mean=0.614866, stdev=0.095934, best fit=0.677500, best_overall=0.677500, mean_diversity=0.364919,
indivs=3415578, elapsed_secs=9661, mean=0.622555, stdev=0.077414, best fit=0.677500, best_overall=0.677500, mean_diversity=0.157602,
indivs=3425682, elapsed_secs=9695, mean=0.605249, stdev=0.065094, best fit=0.677500, best_overall=0.677500, mean_diversity=0.184545,
indivs=3435703, elapsed_secs=9723, mean=0.616503, stdev=0.056269, best fit=0.677500, best_overall=0.677500, mean_diversity=0.224924,
indivs=3445828, elapsed_secs=9746, mean=0.599750, stdev=0.096455, best fit=0.677500, best_overall=0.677500, mean_diversity=0.261902,
indivs=3455867, elapsed_secs=9769, mean=0.595474, stdev=0.072831, best fit=0.677500, best_overall=0.677500, mean_diversity=0.119749,
indivs=3465964, elapsed_secs=9794, mean=0.631705, stdev=0.072581, best fit=0.677500, best_overall=0.677500, mean_diversity=0.273713,
indivs=3476035, elapsed_secs=9817, mean=0.594857, stdev=0.060509, best fit=0.677500, best_overall=0.677500, mean_diversity=0.204291,
indivs=3486112, elapsed_secs=9844, mean=0.617788, stdev=0.100584, best fit=0.677500, best_overall=0.677500, mean_diversity=0.145281,
indivs=3496216, elapsed_secs=9876, mean=0.610015, stdev=0.056615, best fit=0.677500, best_overall=0.677500, mean_diversity=0.218716,
indivs=3506230, elapsed_secs=9902, mean=0.602908, stdev=0.140985, best fit=0.677500, best_overall=0.677500, mean_diversity=0.101825,
indivs=3516272, elapsed_secs=9932, mean=0.617345, stdev=0.065935, best fit=0.677500, best_overall=0.677500, mean_diversity=0.152980,
indivs=3526323, elapsed_secs=9962, mean=0.608125, stdev=0.105971, best fit=0.677500, best_overall=0.677500, mean_diversity=0.103786,
indivs=3536429, elapsed_secs=10000, mean=0.616120, stdev=0.096737, best fit=0.677500, best_overall=0.677500, mean_diversity=0.123521,
indivs=3546506, elapsed_secs=10023, mean=0.625526, stdev=0.072425, best fit=0.677500, best_overall=0.677500, mean_diversity=0.142081,
indivs=3556666, elapsed_secs=10053, mean=0.624604, stdev=0.095568, best fit=0.677500, best_overall=0.677500, mean_diversity=0.109472,
indivs=3566689, elapsed_secs=10083, mean=0.622642, stdev=0.072705, best fit=0.677500, best_overall=0.677500, mean_diversity=0.153376,
indivs=3576834, elapsed_secs=10107, mean=0.604490, stdev=0.100061, best fit=0.677500, best_overall=0.677500, mean_diversity=0.183922,
indivs=3586839, elapsed_secs=10133, mean=0.625073, stdev=0.070304, best fit=0.677500, best_overall=0.677500, mean_diversity=0.084353,
indivs=3596843, elapsed_secs=10155, mean=0.625568, stdev=0.057552, best fit=0.677500, best_overall=0.677500, mean_diversity=0.188846,
indivs=3606926, elapsed_secs=10181, mean=0.613953, stdev=0.051976, best fit=0.677500, best_overall=0.677500, mean_diversity=0.178431,
indivs=3617043, elapsed_secs=10202, mean=0.593093, stdev=0.158823, best fit=0.677500, best_overall=0.677500, mean_diversity=0.103253,
indivs=3627067, elapsed_secs=10231, mean=0.617796, stdev=0.129879, best fit=0.678500, best_overall=0.678500, mean_diversity=0.090628,
indivs=3637157, elapsed_secs=10262, mean=0.596066, stdev=0.166916, best fit=0.679500, best_overall=0.679500, mean_diversity=0.154908,
indivs=3647186, elapsed_secs=10296, mean=0.607589, stdev=0.168187, best fit=0.680500, best_overall=0.680500, mean_diversity=0.126796,
indivs=3657260, elapsed_secs=10335, mean=0.537334, stdev=0.192005, best fit=0.680600, best_overall=0.680600, mean_diversity=0.139948,
indivs=3667291, elapsed_secs=10371, mean=0.585032, stdev=0.182602, best fit=0.680600, best_overall=0.680600, mean_diversity=0.101538,
indivs=3677387, elapsed_secs=10403, mean=0.571428, stdev=0.146103, best fit=0.680700, best_overall=0.680700, mean_diversity=0.106870,
indivs=3687476, elapsed_secs=10438, mean=0.599683, stdev=0.161859, best fit=0.680700, best_overall=0.680700, mean_diversity=0.057791,
indivs=3697488, elapsed_secs=10470, mean=0.577064, stdev=0.184958, best fit=0.680700, best_overall=0.680700, mean_diversity=0.101841,
indivs=3707606, elapsed_secs=10506, mean=0.455637, stdev=0.246796, best fit=0.680700, best_overall=0.680700, mean_diversity=0.192021,
indivs=3717614, elapsed_secs=10550, mean=0.562123, stdev=0.225310, best fit=0.680800, best_overall=0.680800, mean_diversity=0.106138,
indivs=3727776, elapsed_secs=10587, mean=0.586602, stdev=0.179512, best fit=0.680800, best_overall=0.680800, mean_diversity=0.154213,
indivs=3737900, elapsed_secs=10626, mean=0.578447, stdev=0.194716, best fit=0.680800, best_overall=0.680800, mean_diversity=0.125279,
indivs=3748045, elapsed_secs=10662, mean=0.618689, stdev=0.071392, best fit=0.680800, best_overall=0.680800, mean_diversity=0.136631,
indivs=3758048, elapsed_secs=10698, mean=0.582417, stdev=0.172380, best fit=0.680800, best_overall=0.680800, mean_diversity=0.072650,
indivs=3768086, elapsed_secs=10739, mean=0.569092, stdev=0.187182, best fit=0.680800, best_overall=0.680800, mean_diversity=0.120565,
indivs=3778120, elapsed_secs=10781, mean=0.632269, stdev=0.093297, best fit=0.681100, best_overall=0.681100, mean_diversity=0.080678,
indivs=3788143, elapsed_secs=10822, mean=0.583958, stdev=0.153084, best fit=0.681100, best_overall=0.681100, mean_diversity=0.119831,
indivs=3798153, elapsed_secs=10860, mean=0.578852, stdev=0.142181, best fit=0.681100, best_overall=0.681100, mean_diversity=0.115937,
indivs=3808260, elapsed_secs=10902, mean=0.571760, stdev=0.179444, best fit=0.681100, best_overall=0.681100, mean_diversity=0.082950,
indivs=3818378, elapsed_secs=10944, mean=0.558468, stdev=0.184733, best fit=0.681100, best_overall=0.681100, mean_diversity=0.153130,
indivs=3828433, elapsed_secs=10979, mean=0.562856, stdev=0.168587, best fit=0.681100, best_overall=0.681100, mean_diversity=0.112847,
indivs=3838479, elapsed_secs=11017, mean=0.583742, stdev=0.147725, best fit=0.681100, best_overall=0.681100, mean_diversity=0.125566,
indivs=3848611, elapsed_secs=11057, mean=0.625159, stdev=0.117203, best fit=0.681100, best_overall=0.681100, mean_diversity=0.143364,
indivs=3858691, elapsed_secs=11094, mean=0.576807, stdev=0.166740, best fit=0.681100, best_overall=0.681100, mean_diversity=0.127782,
indivs=3868778, elapsed_secs=11134, mean=0.606058, stdev=0.166329, best fit=0.681100, best_overall=0.681100, mean_diversity=0.084493,
indivs=3878785, elapsed_secs=11165, mean=0.601809, stdev=0.113876, best fit=0.681100, best_overall=0.681100, mean_diversity=0.097636,
indivs=3888926, elapsed_secs=11202, mean=0.607662, stdev=0.134055, best fit=0.681100, best_overall=0.681100, mean_diversity=0.076180,
indivs=3899055, elapsed_secs=11246, mean=0.568927, stdev=0.190803, best fit=0.681100, best_overall=0.681100, mean_diversity=0.081327,
indivs=3909155, elapsed_secs=11284, mean=0.584831, stdev=0.129981, best fit=0.681100, best_overall=0.681100, mean_diversity=0.137371,
indivs=3919252, elapsed_secs=11322, mean=0.526519, stdev=0.203412, best fit=0.681100, best_overall=0.681100, mean_diversity=0.196541,
indivs=3929255, elapsed_secs=11363, mean=0.590216, stdev=0.176994, best fit=0.681100, best_overall=0.681100, mean_diversity=0.103861,
indivs=3939379, elapsed_secs=11407, mean=0.628563, stdev=0.112231, best fit=0.681100, best_overall=0.681100, mean_diversity=0.096992,
indivs=3949408, elapsed_secs=11449, mean=0.564480, stdev=0.198752, best fit=0.681100, best_overall=0.681100, mean_diversity=0.079385,
indivs=3959543, elapsed_secs=11489, mean=0.628785, stdev=0.088371, best fit=0.681100, best_overall=0.681100, mean_diversity=0.144096,
indivs=3969642, elapsed_secs=11528, mean=0.620183, stdev=0.130333, best fit=0.681100, best_overall=0.681100, mean_diversity=0.146733,
indivs=3979704, elapsed_secs=11563, mean=0.589625, stdev=0.168481, best fit=0.681100, best_overall=0.681100, mean_diversity=0.117734,
indivs=3989784, elapsed_secs=11605, mean=0.611875, stdev=0.133385, best fit=0.681100, best_overall=0.681100, mean_diversity=0.090333,
indivs=3999948, elapsed_secs=11646, mean=0.597146, stdev=0.161700, best fit=0.681100, best_overall=0.681100, mean_diversity=0.146188,
indivs=4010044, elapsed_secs=11689, mean=0.580906, stdev=0.152155, best fit=0.681100, best_overall=0.681100, mean_diversity=0.133034,
indivs=4020166, elapsed_secs=11729, mean=0.585551, stdev=0.176153, best fit=0.681100, best_overall=0.681100, mean_diversity=0.105643,
indivs=4030215, elapsed_secs=11771, mean=0.560835, stdev=0.152091, best fit=0.681100, best_overall=0.681100, mean_diversity=0.154503,
indivs=4040355, elapsed_secs=11820, mean=0.592989, stdev=0.164092, best fit=0.681100, best_overall=0.681100, mean_diversity=0.168012,
indivs=4050371, elapsed_secs=11862, mean=0.622092, stdev=0.097496, best fit=0.681100, best_overall=0.681100, mean_diversity=0.151211,
indivs=4060469, elapsed_secs=11907, mean=0.599464, stdev=0.170080, best fit=0.681100, best_overall=0.681100, mean_diversity=0.139000,
indivs=4070537, elapsed_secs=11950, mean=0.607926, stdev=0.129155, best fit=0.681100, best_overall=0.681100, mean_diversity=0.068795,
indivs=4080643, elapsed_secs=11985, mean=0.584575, stdev=0.143753, best fit=0.681100, best_overall=0.681100, mean_diversity=0.125958,
indivs=4090653, elapsed_secs=12025, mean=0.596744, stdev=0.149311, best fit=0.681100, best_overall=0.681100, mean_diversity=0.153281,
indivs=4100680, elapsed_secs=12068, mean=0.580466, stdev=0.144413, best fit=0.681100, best_overall=0.681100, mean_diversity=0.109444,
indivs=4110753, elapsed_secs=12106, mean=0.615312, stdev=0.142588, best fit=0.681100, best_overall=0.681100, mean_diversity=0.170175,
indivs=4120827, elapsed_secs=12150, mean=0.588826, stdev=0.110551, best fit=0.681100, best_overall=0.681100, mean_diversity=0.287264,
indivs=4130829, elapsed_secs=12191, mean=0.620406, stdev=0.124150, best fit=0.681100, best_overall=0.681100, mean_diversity=0.126867,
indivs=4140841, elapsed_secs=12233, mean=0.609109, stdev=0.142924, best fit=0.681100, best_overall=0.681100, mean_diversity=0.103384,
indivs=4150917, elapsed_secs=12268, mean=0.574600, stdev=0.174213, best fit=0.681100, best_overall=0.681100, mean_diversity=0.133863,
indivs=4161049, elapsed_secs=12307, mean=0.592809, stdev=0.129917, best fit=0.681100, best_overall=0.681100, mean_diversity=0.145833,
indivs=4171143, elapsed_secs=12346, mean=0.580219, stdev=0.142484, best fit=0.681100, best_overall=0.681100, mean_diversity=0.092521,
indivs=4181168, elapsed_secs=12384, mean=0.540692, stdev=0.200453, best fit=0.681100, best_overall=0.681100, mean_diversity=0.158725,
indivs=4191202, elapsed_secs=12428, mean=0.593848, stdev=0.143279, best fit=0.681100, best_overall=0.681100, mean_diversity=0.110117,
indivs=4201226, elapsed_secs=12470, mean=0.593151, stdev=0.151869, best fit=0.681200, best_overall=0.681200, mean_diversity=0.054204,
indivs=4211248, elapsed_secs=12503, mean=0.591303, stdev=0.172061, best fit=0.681200, best_overall=0.681200, mean_diversity=0.135182,
indivs=4221281, elapsed_secs=12539, mean=0.578405, stdev=0.160859, best fit=0.681200, best_overall=0.681200, mean_diversity=0.163782,
indivs=4231384, elapsed_secs=12578, mean=0.585203, stdev=0.156599, best fit=0.681200, best_overall=0.681200, mean_diversity=0.184459,
indivs=4241411, elapsed_secs=12615, mean=0.587617, stdev=0.177839, best fit=0.681200, best_overall=0.681200, mean_diversity=0.113974,
indivs=4251417, elapsed_secs=12655, mean=0.579267, stdev=0.195518, best fit=0.681200, best_overall=0.681200, mean_diversity=0.148667,
indivs=4261488, elapsed_secs=12696, mean=0.602961, stdev=0.088746, best fit=0.681200, best_overall=0.681200, mean_diversity=0.123173,
indivs=4271516, elapsed_secs=12732, mean=0.584823, stdev=0.125744, best fit=0.681200, best_overall=0.681200, mean_diversity=0.175163,
indivs=4281671, elapsed_secs=12766, mean=0.581040, stdev=0.175730, best fit=0.681200, best_overall=0.681200, mean_diversity=0.132954,
indivs=4291694, elapsed_secs=12805, mean=0.603089, stdev=0.144020, best fit=0.681200, best_overall=0.681200, mean_diversity=0.113439,
indivs=4301747, elapsed_secs=12841, mean=0.599034, stdev=0.126357, best fit=0.681200, best_overall=0.681200, mean_diversity=0.135397,
indivs=4311845, elapsed_secs=12877, mean=0.588950, stdev=0.131107, best fit=0.681200, best_overall=0.681200, mean_diversity=0.059622,
indivs=4321868, elapsed_secs=12915, mean=0.593759, stdev=0.153593, best fit=0.681200, best_overall=0.681200, mean_diversity=0.113322,
indivs=4331966, elapsed_secs=12954, mean=0.558691, stdev=0.164279, best fit=0.681200, best_overall=0.681200, mean_diversity=0.170400,
indivs=4342101, elapsed_secs=12991, mean=0.593878, stdev=0.157504, best fit=0.681200, best_overall=0.681200, mean_diversity=0.097489,
indivs=4352205, elapsed_secs=13027, mean=0.615141, stdev=0.131184, best fit=0.681200, best_overall=0.681200, mean_diversity=0.130495,
indivs=4362294, elapsed_secs=13071, mean=0.580795, stdev=0.118791, best fit=0.681200, best_overall=0.681200, mean_diversity=0.149609,
indivs=4372458, elapsed_secs=13110, mean=0.638147, stdev=0.123114, best fit=0.681200, best_overall=0.681200, mean_diversity=0.111439,
indivs=4382470, elapsed_secs=13147, mean=0.568248, stdev=0.159735, best fit=0.681200, best_overall=0.681200, mean_diversity=0.122250,
indivs=4392478, elapsed_secs=13182, mean=0.594073, stdev=0.074418, best fit=0.681200, best_overall=0.681200, mean_diversity=0.137612,
indivs=4402522, elapsed_secs=13220, mean=0.603456, stdev=0.125337, best fit=0.681200, best_overall=0.681200, mean_diversity=0.137127,
indivs=4412602, elapsed_secs=13257, mean=0.609614, stdev=0.107812, best fit=0.681200, best_overall=0.681200, mean_diversity=0.120822,
indivs=4422699, elapsed_secs=13297, mean=0.580632, stdev=0.190988, best fit=0.681200, best_overall=0.681200, mean_diversity=0.097023,
indivs=4432805, elapsed_secs=13334, mean=0.614479, stdev=0.124315, best fit=0.681200, best_overall=0.681200, mean_diversity=0.098527,
indivs=4442913, elapsed_secs=13365, mean=0.591424, stdev=0.148679, best fit=0.681200, best_overall=0.681200, mean_diversity=0.142308,
indivs=4452939, elapsed_secs=13397, mean=0.587268, stdev=0.136842, best fit=0.681200, best_overall=0.681200, mean_diversity=0.146276,
indivs=4463086, elapsed_secs=13436, mean=0.553243, stdev=0.215223, best fit=0.681200, best_overall=0.681200, mean_diversity=0.143333,
indivs=4473092, elapsed_secs=13473, mean=0.631535, stdev=0.093095, best fit=0.681200, best_overall=0.681200, mean_diversity=0.161967,
indivs=4483100, elapsed_secs=13503, mean=0.587980, stdev=0.140097, best fit=0.681200, best_overall=0.681200, mean_diversity=0.084183,
indivs=4493213, elapsed_secs=13545, mean=0.584567, stdev=0.175770, best fit=0.681200, best_overall=0.681200, mean_diversity=0.073824,
indivs=4503223, elapsed_secs=13576, mean=0.611356, stdev=0.107825, best fit=0.681200, best_overall=0.681200, mean_diversity=0.212857,
indivs=4513362, elapsed_secs=13615, mean=0.600702, stdev=0.146803, best fit=0.681200, best_overall=0.681200, mean_diversity=0.102577,
indivs=4523446, elapsed_secs=13654, mean=0.600591, stdev=0.128143, best fit=0.681200, best_overall=0.681200, mean_diversity=0.100280,
indivs=4533483, elapsed_secs=13688, mean=0.591957, stdev=0.162866, best fit=0.681200, best_overall=0.681200, mean_diversity=0.103197,
indivs=4543536, elapsed_secs=13726, mean=0.616701, stdev=0.134520, best fit=0.681200, best_overall=0.681200, mean_diversity=0.242874,
indivs=4553611, elapsed_secs=13768, mean=0.595979, stdev=0.171173, best fit=0.681200, best_overall=0.681200, mean_diversity=0.076475,
indivs=4563643, elapsed_secs=13810, mean=0.589450, stdev=0.162601, best fit=0.681200, best_overall=0.681200, mean_diversity=0.101172,
indivs=4573709, elapsed_secs=13849, mean=0.557506, stdev=0.195199, best fit=0.681200, best_overall=0.681200, mean_diversity=0.111396,
indivs=4583752, elapsed_secs=13885, mean=0.622357, stdev=0.126490, best fit=0.681200, best_overall=0.681200, mean_diversity=0.138216,
indivs=4593765, elapsed_secs=13921, mean=0.596918, stdev=0.154893, best fit=0.681200, best_overall=0.681200, mean_diversity=0.090672,
indivs=4603810, elapsed_secs=13959, mean=0.596676, stdev=0.137676, best fit=0.681200, best_overall=0.681200, mean_diversity=0.163439,
indivs=4613862, elapsed_secs=13994, mean=0.580719, stdev=0.120812, best fit=0.681200, best_overall=0.681200, mean_diversity=0.132894,
indivs=4623910, elapsed_secs=14029, mean=0.603429, stdev=0.122140, best fit=0.681200, best_overall=0.681200, mean_diversity=0.110618,
indivs=4633994, elapsed_secs=14067, mean=0.591859, stdev=0.118173, best fit=0.681200, best_overall=0.681200, mean_diversity=0.095000,
indivs=4644077, elapsed_secs=14106, mean=0.610688, stdev=0.129904, best fit=0.681200, best_overall=0.681200, mean_diversity=0.068152,
indivs=4654106, elapsed_secs=14146, mean=0.577512, stdev=0.143306, best fit=0.681200, best_overall=0.681200, mean_diversity=0.134145,
indivs=4664187, elapsed_secs=14184, mean=0.602778, stdev=0.160910, best fit=0.681200, best_overall=0.681200, mean_diversity=0.095462,
indivs=4674223, elapsed_secs=14220, mean=0.590966, stdev=0.165595, best fit=0.681200, best_overall=0.681200, mean_diversity=0.114704,
indivs=4684259, elapsed_secs=14256, mean=0.588424, stdev=0.177916, best fit=0.681200, best_overall=0.681200, mean_diversity=0.127884,
indivs=4694370, elapsed_secs=14292, mean=0.596429, stdev=0.164512, best fit=0.681200, best_overall=0.681200, mean_diversity=0.096717,
indivs=4704419, elapsed_secs=14330, mean=0.597983, stdev=0.163853, best fit=0.681200, best_overall=0.681200, mean_diversity=0.135129,
indivs=4714577, elapsed_secs=14364, mean=0.568454, stdev=0.160239, best fit=0.681200, best_overall=0.681200, mean_diversity=0.136526,
indivs=4724647, elapsed_secs=14401, mean=0.608562, stdev=0.145455, best fit=0.681200, best_overall=0.681200, mean_diversity=0.160936,
indivs=4734719, elapsed_secs=14439, mean=0.575962, stdev=0.149028, best fit=0.681200, best_overall=0.681200, mean_diversity=0.110781,
indivs=4744802, elapsed_secs=14477, mean=0.619913, stdev=0.090435, best fit=0.681200, best_overall=0.681200, mean_diversity=0.155625,
indivs=4754882, elapsed_secs=14514, mean=0.613524, stdev=0.109780, best fit=0.681200, best_overall=0.681200, mean_diversity=0.195461,
indivs=4764906, elapsed_secs=14547, mean=0.597065, stdev=0.110873, best fit=0.681200, best_overall=0.681200, mean_diversity=0.120170,
indivs=4775023, elapsed_secs=14585, mean=0.578742, stdev=0.170527, best fit=0.681200, best_overall=0.681200, mean_diversity=0.174096,
indivs=4785040, elapsed_secs=14618, mean=0.598762, stdev=0.088618, best fit=0.681200, best_overall=0.681200, mean_diversity=0.187129,
indivs=4795103, elapsed_secs=14654, mean=0.578436, stdev=0.137044, best fit=0.681200, best_overall=0.681200, mean_diversity=0.105311,
indivs=4805128, elapsed_secs=14688, mean=0.591044, stdev=0.176184, best fit=0.681200, best_overall=0.681200, mean_diversity=0.101672,
indivs=4815284, elapsed_secs=14723, mean=0.585153, stdev=0.180059, best fit=0.681200, best_overall=0.681200, mean_diversity=0.082153,
indivs=4825405, elapsed_secs=14765, mean=0.576252, stdev=0.178360, best fit=0.681200, best_overall=0.681200, mean_diversity=0.120691,
indivs=4835562, elapsed_secs=14805, mean=0.605676, stdev=0.126001, best fit=0.681200, best_overall=0.681200, mean_diversity=0.123514,
indivs=4845566, elapsed_secs=14842, mean=0.605810, stdev=0.134443, best fit=0.681200, best_overall=0.681200, mean_diversity=0.140206,
indivs=4855644, elapsed_secs=14878, mean=0.590570, stdev=0.119974, best fit=0.681200, best_overall=0.681200, mean_diversity=0.086414,
indivs=4865778, elapsed_secs=14913, mean=0.587977, stdev=0.164762, best fit=0.681200, best_overall=0.681200, mean_diversity=0.105388,
indivs=4875852, elapsed_secs=14950, mean=0.602092, stdev=0.149734, best fit=0.681200, best_overall=0.681200, mean_diversity=0.064530,
indivs=4885948, elapsed_secs=14993, mean=0.567677, stdev=0.150017, best fit=0.681200, best_overall=0.681200, mean_diversity=0.097087,
indivs=4895948, elapsed_secs=15032, mean=0.588359, stdev=0.105063, best fit=0.681200, best_overall=0.681200, mean_diversity=0.074944,
indivs=4905993, elapsed_secs=15071, mean=0.580044, stdev=0.166914, best fit=0.681200, best_overall=0.681200, mean_diversity=0.133255,
indivs=4916090, elapsed_secs=15114, mean=0.566392, stdev=0.178636, best fit=0.681200, best_overall=0.681200, mean_diversity=0.115417,
indivs=4926164, elapsed_secs=15152, mean=0.572854, stdev=0.132352, best fit=0.681200, best_overall=0.681200, mean_diversity=0.119664,
indivs=4936272, elapsed_secs=15192, mean=0.582624, stdev=0.185196, best fit=0.681200, best_overall=0.681200, mean_diversity=0.109106,
indivs=4946437, elapsed_secs=15226, mean=0.602417, stdev=0.163773, best fit=0.681200, best_overall=0.681200, mean_diversity=0.099256,
indivs=4956524, elapsed_secs=15264, mean=0.603426, stdev=0.155638, best fit=0.681200, best_overall=0.681200, mean_diversity=0.152014,
indivs=4966557, elapsed_secs=15303, mean=0.572035, stdev=0.173053, best fit=0.681200, best_overall=0.681200, mean_diversity=0.120551,
indivs=4976642, elapsed_secs=15341, mean=0.578259, stdev=0.133376, best fit=0.681200, best_overall=0.681200, mean_diversity=0.136186,
indivs=4986652, elapsed_secs=15379, mean=0.577951, stdev=0.122677, best fit=0.681200, best_overall=0.681200, mean_diversity=0.138873,
indivs=4996754, elapsed_secs=15412, mean=0.593691, stdev=0.160014, best fit=0.681200, best_overall=0.681200, mean_diversity=0.104066,
indivs=5006887, elapsed_secs=15453, mean=0.569675, stdev=0.168626, best fit=0.681200, best_overall=0.681200, mean_diversity=0.107122,
indivs=5016951, elapsed_secs=15487, mean=0.556285, stdev=0.155734, best fit=0.681200, best_overall=0.681200, mean_diversity=0.104865,
indivs=5027039, elapsed_secs=15528, mean=0.565997, stdev=0.189179, best fit=0.681200, best_overall=0.681200, mean_diversity=0.146498,
indivs=5037147, elapsed_secs=15556, mean=0.610950, stdev=0.135892, best fit=0.681200, best_overall=0.681200, mean_diversity=0.189831,
indivs=5047282, elapsed_secs=15592, mean=0.580194, stdev=0.173691, best fit=0.681200, best_overall=0.681200, mean_diversity=0.130660,
indivs=5057456, elapsed_secs=15629, mean=0.609969, stdev=0.143734, best fit=0.681200, best_overall=0.681200, mean_diversity=0.092332,
indivs=5067567, elapsed_secs=15670, mean=0.550851, stdev=0.200245, best fit=0.681200, best_overall=0.681200, mean_diversity=0.107148,
indivs=5077733, elapsed_secs=15706, mean=0.632855, stdev=0.096452, best fit=0.681200, best_overall=0.681200, mean_diversity=0.116207,
indivs=5087768, elapsed_secs=15745, mean=0.614472, stdev=0.130866, best fit=0.681200, best_overall=0.681200, mean_diversity=0.143207,
indivs=5097770, elapsed_secs=15786, mean=0.624699, stdev=0.112860, best fit=0.681200, best_overall=0.681200, mean_diversity=0.090393,
indivs=5107787, elapsed_secs=15828, mean=0.577422, stdev=0.142379, best fit=0.681200, best_overall=0.681200, mean_diversity=0.076181,
indivs=5117839, elapsed_secs=15863, mean=0.563709, stdev=0.207444, best fit=0.681400, best_overall=0.681400, mean_diversity=0.181818,
indivs=5127875, elapsed_secs=15906, mean=0.559091, stdev=0.213617, best fit=0.681500, best_overall=0.681500, mean_diversity=0.107551,
indivs=5137921, elapsed_secs=15949, mean=0.573850, stdev=0.168057, best fit=0.681500, best_overall=0.681500, mean_diversity=0.122802,
indivs=5147926, elapsed_secs=15988, mean=0.583787, stdev=0.126789, best fit=0.681500, best_overall=0.681500, mean_diversity=0.151316,
indivs=5157961, elapsed_secs=16038, mean=0.586614, stdev=0.172539, best fit=0.681500, best_overall=0.681500, mean_diversity=0.212993,
indivs=5167997, elapsed_secs=16077, mean=0.603926, stdev=0.146458, best fit=0.681500, best_overall=0.681500, mean_diversity=0.120837,
indivs=5178108, elapsed_secs=16119, mean=0.605428, stdev=0.151768, best fit=0.681500, best_overall=0.681500, mean_diversity=0.189187,
indivs=5188186, elapsed_secs=16165, mean=0.626363, stdev=0.126912, best fit=0.681500, best_overall=0.681500, mean_diversity=0.202639,
indivs=5198292, elapsed_secs=16209, mean=0.588770, stdev=0.172925, best fit=0.681500, best_overall=0.681500, mean_diversity=0.123864,
indivs=5208354, elapsed_secs=16247, mean=0.600970, stdev=0.138743, best fit=0.681500, best_overall=0.681500, mean_diversity=0.094983,
indivs=5218405, elapsed_secs=16289, mean=0.606441, stdev=0.155684, best fit=0.681500, best_overall=0.681500, mean_diversity=0.207205,
indivs=5228477, elapsed_secs=16337, mean=0.542132, stdev=0.234978, best fit=0.681600, best_overall=0.681600, mean_diversity=0.115000,
indivs=5238490, elapsed_secs=16375, mean=0.591904, stdev=0.203141, best fit=0.681600, best_overall=0.681600, mean_diversity=0.112696,
indivs=5248505, elapsed_secs=16420, mean=0.516488, stdev=0.256679, best fit=0.681600, best_overall=0.681600, mean_diversity=0.091822,
indivs=5258576, elapsed_secs=16457, mean=0.583868, stdev=0.118077, best fit=0.681600, best_overall=0.681600, mean_diversity=0.107500,
indivs=5268690, elapsed_secs=16502, mean=0.607682, stdev=0.122745, best fit=0.681600, best_overall=0.681600, mean_diversity=0.142316,
indivs=5278845, elapsed_secs=16547, mean=0.524328, stdev=0.259601, best fit=0.681600, best_overall=0.681600, mean_diversity=0.071375,
indivs=5288967, elapsed_secs=16595, mean=0.510739, stdev=0.263165, best fit=0.681600, best_overall=0.681600, mean_diversity=0.188579,
indivs=5299064, elapsed_secs=16639, mean=0.519048, stdev=0.236677, best fit=0.681600, best_overall=0.681600, mean_diversity=0.108834,
indivs=5309209, elapsed_secs=16679, mean=0.571938, stdev=0.192479, best fit=0.681600, best_overall=0.681600, mean_diversity=0.093099,
indivs=5319222, elapsed_secs=16721, mean=0.515443, stdev=0.257679, best fit=0.681600, best_overall=0.681600, mean_diversity=0.099301,
indivs=5329302, elapsed_secs=16762, mean=0.535426, stdev=0.202079, best fit=0.681600, best_overall=0.681600, mean_diversity=0.118787,
indivs=5339406, elapsed_secs=16804, mean=0.528619, stdev=0.184040, best fit=0.681600, best_overall=0.681600, mean_diversity=0.112184,
indivs=5349495, elapsed_secs=16849, mean=0.582346, stdev=0.195778, best fit=0.681600, best_overall=0.681600, mean_diversity=0.084652,
indivs=5359602, elapsed_secs=16889, mean=0.559027, stdev=0.208309, best fit=0.681600, best_overall=0.681600, mean_diversity=0.130280,
indivs=5369748, elapsed_secs=16932, mean=0.562312, stdev=0.213668, best fit=0.681600, best_overall=0.681600, mean_diversity=0.177654,
indivs=5379817, elapsed_secs=16970, mean=0.579547, stdev=0.203326, best fit=0.681600, best_overall=0.681600, mean_diversity=0.171677,
indivs=5389935, elapsed_secs=17018, mean=0.555112, stdev=0.216073, best fit=0.681600, best_overall=0.681600, mean_diversity=0.236826,
indivs=5399957, elapsed_secs=17061, mean=0.562639, stdev=0.173957, best fit=0.681600, best_overall=0.681600, mean_diversity=0.162570,
indivs=5410066, elapsed_secs=17113, mean=0.548376, stdev=0.243735, best fit=0.681600, best_overall=0.681600, mean_diversity=0.257114,
indivs=5420168, elapsed_secs=17152, mean=0.540004, stdev=0.237095, best fit=0.681600, best_overall=0.681600, mean_diversity=0.105000,
indivs=5430257, elapsed_secs=17199, mean=0.525472, stdev=0.216497, best fit=0.681600, best_overall=0.681600, mean_diversity=0.232129,
indivs=5440297, elapsed_secs=17237, mean=0.504762, stdev=0.230495, best fit=0.681600, best_overall=0.681600, mean_diversity=0.143393,
indivs=5450461, elapsed_secs=17280, mean=0.594787, stdev=0.183111, best fit=0.681600, best_overall=0.681600, mean_diversity=0.178464,
indivs=5460550, elapsed_secs=17324, mean=0.560085, stdev=0.206692, best fit=0.681600, best_overall=0.681600, mean_diversity=0.161639,
indivs=5470619, elapsed_secs=17365, mean=0.576839, stdev=0.161291, best fit=0.681600, best_overall=0.681600, mean_diversity=0.195503,
indivs=5480703, elapsed_secs=17410, mean=0.524517, stdev=0.191686, best fit=0.681600, best_overall=0.681600, mean_diversity=0.084793,
indivs=5490827, elapsed_secs=17448, mean=0.529836, stdev=0.225116, best fit=0.681600, best_overall=0.681600, mean_diversity=0.082382,
indivs=5500853, elapsed_secs=17489, mean=0.526330, stdev=0.202085, best fit=0.681600, best_overall=0.681600, mean_diversity=0.089432,
indivs=5510882, elapsed_secs=17532, mean=0.502778, stdev=0.246706, best fit=0.681600, best_overall=0.681600, mean_diversity=0.071370,
indivs=5520958, elapsed_secs=17578, mean=0.553246, stdev=0.150758, best fit=0.681600, best_overall=0.681600, mean_diversity=0.100030,
indivs=5531000, elapsed_secs=17617, mean=0.545144, stdev=0.241389, best fit=0.681600, best_overall=0.681600, mean_diversity=0.110404,
indivs=5541068, elapsed_secs=17660, mean=0.516241, stdev=0.270403, best fit=0.681600, best_overall=0.681600, mean_diversity=0.111387,
indivs=5551097, elapsed_secs=17701, mean=0.595225, stdev=0.147485, best fit=0.681600, best_overall=0.681600, mean_diversity=0.155959,
indivs=5561170, elapsed_secs=17743, mean=0.532945, stdev=0.252512, best fit=0.681600, best_overall=0.681600, mean_diversity=0.080683,
indivs=5571192, elapsed_secs=17781, mean=0.514682, stdev=0.186161, best fit=0.681600, best_overall=0.681600, mean_diversity=0.121552,
indivs=5581338, elapsed_secs=17821, mean=0.571684, stdev=0.185102, best fit=0.681600, best_overall=0.681600, mean_diversity=0.173362,
indivs=5591377, elapsed_secs=17866, mean=0.554140, stdev=0.224002, best fit=0.681600, best_overall=0.681600, mean_diversity=0.069622,
indivs=5601419, elapsed_secs=17908, mean=0.576306, stdev=0.123572, best fit=0.681600, best_overall=0.681600, mean_diversity=0.112253,
indivs=5611529, elapsed_secs=17957, mean=0.584967, stdev=0.129511, best fit=0.681600, best_overall=0.681600, mean_diversity=0.070246,
indivs=5621567, elapsed_secs=18001, mean=0.582712, stdev=0.131415, best fit=0.681600, best_overall=0.681600, mean_diversity=0.211483,
indivs=5631630, elapsed_secs=18045, mean=0.508285, stdev=0.275543, best fit=0.681600, best_overall=0.681600, mean_diversity=0.073737,
indivs=5641729, elapsed_secs=18087, mean=0.456852, stdev=0.245106, best fit=0.681600, best_overall=0.681600, mean_diversity=0.096072,
indivs=5651765, elapsed_secs=18126, mean=0.560209, stdev=0.221440, best fit=0.681600, best_overall=0.681600, mean_diversity=0.061726,
indivs=5661785, elapsed_secs=18166, mean=0.514576, stdev=0.227436, best fit=0.681600, best_overall=0.681600, mean_diversity=0.204277,
indivs=5671943, elapsed_secs=18209, mean=0.531054, stdev=0.245991, best fit=0.681600, best_overall=0.681600, mean_diversity=0.096786,
indivs=5682111, elapsed_secs=18257, mean=0.543536, stdev=0.237860, best fit=0.681600, best_overall=0.681600, mean_diversity=0.056206,
indivs=5692191, elapsed_secs=18300, mean=0.567334, stdev=0.169599, best fit=0.681600, best_overall=0.681600, mean_diversity=0.048125,
indivs=5702251, elapsed_secs=18339, mean=0.524192, stdev=0.201364, best fit=0.681600, best_overall=0.681600, mean_diversity=0.087347,
indivs=5712325, elapsed_secs=18383, mean=0.438676, stdev=0.259776, best fit=0.681600, best_overall=0.681600, mean_diversity=0.113291,
indivs=5722333, elapsed_secs=18425, mean=0.487795, stdev=0.235341, best fit=0.681600, best_overall=0.681600, mean_diversity=0.102921,
indivs=5732403, elapsed_secs=18467, mean=0.457306, stdev=0.240685, best fit=0.681600, best_overall=0.681600, mean_diversity=0.075072,
indivs=5742457, elapsed_secs=18506, mean=0.467858, stdev=0.277555, best fit=0.681600, best_overall=0.681600, mean_diversity=0.075234,
indivs=5752591, elapsed_secs=18545, mean=0.535627, stdev=0.245282, best fit=0.681600, best_overall=0.681600, mean_diversity=0.296842,
indivs=5762673, elapsed_secs=18590, mean=0.561045, stdev=0.188741, best fit=0.681600, best_overall=0.681600, mean_diversity=0.133632,
indivs=5772703, elapsed_secs=18630, mean=0.531154, stdev=0.240554, best fit=0.681600, best_overall=0.681600, mean_diversity=0.079970,
indivs=5782844, elapsed_secs=18669, mean=0.560144, stdev=0.205853, best fit=0.681600, best_overall=0.681600, mean_diversity=0.209253,
indivs=5792893, elapsed_secs=18712, mean=0.602112, stdev=0.148911, best fit=0.681800, best_overall=0.681800, mean_diversity=0.114712,
indivs=5802946, elapsed_secs=18753, mean=0.617442, stdev=0.114492, best fit=0.681800, best_overall=0.681800, mean_diversity=0.047361,
indivs=5813016, elapsed_secs=18790, mean=0.595784, stdev=0.128389, best fit=0.681900, best_overall=0.681900, mean_diversity=0.091989,
indivs=5823109, elapsed_secs=18828, mean=0.583944, stdev=0.192682, best fit=0.681900, best_overall=0.681900, mean_diversity=0.074801,
indivs=5833110, elapsed_secs=18866, mean=0.570964, stdev=0.212670, best fit=0.681900, best_overall=0.681900, mean_diversity=0.059783,
indivs=5843129, elapsed_secs=18895, mean=0.584451, stdev=0.153579, best fit=0.681900, best_overall=0.681900, mean_diversity=0.113462,
indivs=5853152, elapsed_secs=18928, mean=0.598331, stdev=0.100348, best fit=0.681900, best_overall=0.681900, mean_diversity=0.113864,
indivs=5863175, elapsed_secs=18965, mean=0.549564, stdev=0.144114, best fit=0.681900, best_overall=0.681900, mean_diversity=0.064621,
indivs=5873250, elapsed_secs=19005, mean=0.582358, stdev=0.133140, best fit=0.681900, best_overall=0.681900, mean_diversity=0.192696,
indivs=5883333, elapsed_secs=19040, mean=0.551368, stdev=0.213524, best fit=0.681900, best_overall=0.681900, mean_diversity=0.066966,
indivs=5893403, elapsed_secs=19075, mean=0.591814, stdev=0.162176, best fit=0.681900, best_overall=0.681900, mean_diversity=0.051241,
indivs=5903415, elapsed_secs=19108, mean=0.598367, stdev=0.135823, best fit=0.681900, best_overall=0.681900, mean_diversity=0.165812,
indivs=5913452, elapsed_secs=19144, mean=0.591979, stdev=0.140377, best fit=0.681900, best_overall=0.681900, mean_diversity=0.177854,
indivs=5923551, elapsed_secs=19179, mean=0.578094, stdev=0.148899, best fit=0.681900, best_overall=0.681900, mean_diversity=0.113172,
indivs=5933686, elapsed_secs=19211, mean=0.602469, stdev=0.147376, best fit=0.681900, best_overall=0.681900, mean_diversity=0.202511,
indivs=5943720, elapsed_secs=19251, mean=0.607135, stdev=0.145923, best fit=0.681900, best_overall=0.681900, mean_diversity=0.113765,
indivs=5953818, elapsed_secs=19288, mean=0.512698, stdev=0.253082, best fit=0.681900, best_overall=0.681900, mean_diversity=0.101518,
indivs=5963889, elapsed_secs=19331, mean=0.531420, stdev=0.249655, best fit=0.681900, best_overall=0.681900, mean_diversity=0.091987,
indivs=5973980, elapsed_secs=19368, mean=0.596970, stdev=0.125123, best fit=0.681900, best_overall=0.681900, mean_diversity=0.107116,
indivs=5984143, elapsed_secs=19398, mean=0.588134, stdev=0.195468, best fit=0.681900, best_overall=0.681900, mean_diversity=0.070712,
indivs=5994193, elapsed_secs=19430, mean=0.582583, stdev=0.175359, best fit=0.681900, best_overall=0.681900, mean_diversity=0.181302,
indivs=6004228, elapsed_secs=19463, mean=0.613359, stdev=0.137955, best fit=0.681900, best_overall=0.681900, mean_diversity=0.140240,
indivs=6014242, elapsed_secs=19507, mean=0.529539, stdev=0.177885, best fit=0.682000, best_overall=0.682000, mean_diversity=0.054833,
indivs=6024406, elapsed_secs=19547, mean=0.615407, stdev=0.108911, best fit=0.682000, best_overall=0.682000, mean_diversity=0.272105,
indivs=6034499, elapsed_secs=19586, mean=0.572980, stdev=0.184732, best fit=0.682000, best_overall=0.682000, mean_diversity=0.109336,
indivs=6044502, elapsed_secs=19630, mean=0.528942, stdev=0.206086, best fit=0.682000, best_overall=0.682000, mean_diversity=0.114758,
indivs=6054574, elapsed_secs=19670, mean=0.591025, stdev=0.139281, best fit=0.682000, best_overall=0.682000, mean_diversity=0.192284,
indivs=6064721, elapsed_secs=19704, mean=0.564368, stdev=0.216225, best fit=0.682000, best_overall=0.682000, mean_diversity=0.169218,
indivs=6074811, elapsed_secs=19747, mean=0.612240, stdev=0.128776, best fit=0.682000, best_overall=0.682000, mean_diversity=0.097373,
indivs=6084914, elapsed_secs=19787, mean=0.548533, stdev=0.194436, best fit=0.682000, best_overall=0.682000, mean_diversity=0.198750,
indivs=6094962, elapsed_secs=19827, mean=0.550946, stdev=0.178334, best fit=0.682700, best_overall=0.682700, mean_diversity=0.149397,
indivs=6105048, elapsed_secs=19867, mean=0.605324, stdev=0.130265, best fit=0.682700, best_overall=0.682700, mean_diversity=0.163621,
indivs=6115185, elapsed_secs=19908, mean=0.553039, stdev=0.206977, best fit=0.682700, best_overall=0.682700, mean_diversity=0.039192,
indivs=6125266, elapsed_secs=19950, mean=0.536291, stdev=0.243582, best fit=0.682700, best_overall=0.682700, mean_diversity=0.089116,
indivs=6135319, elapsed_secs=19980, mean=0.477615, stdev=0.219751, best fit=0.682700, best_overall=0.682700, mean_diversity=0.073125,
indivs=6145329, elapsed_secs=20019, mean=0.551047, stdev=0.182616, best fit=0.682700, best_overall=0.682700, mean_diversity=0.158651,
indivs=6155406, elapsed_secs=20056, mean=0.587365, stdev=0.167402, best fit=0.682700, best_overall=0.682700, mean_diversity=0.101636,
indivs=6165419, elapsed_secs=20094, mean=0.555224, stdev=0.174407, best fit=0.682700, best_overall=0.682700, mean_diversity=0.159756,
indivs=6175529, elapsed_secs=20133, mean=0.564122, stdev=0.187751, best fit=0.682700, best_overall=0.682700, mean_diversity=0.089821,
indivs=6185645, elapsed_secs=20173, mean=0.529932, stdev=0.181273, best fit=0.682700, best_overall=0.682700, mean_diversity=0.090359,
indivs=6195649, elapsed_secs=20211, mean=0.551182, stdev=0.161950, best fit=0.682700, best_overall=0.682700, mean_diversity=0.061526,
indivs=6205744, elapsed_secs=20251, mean=0.597381, stdev=0.105204, best fit=0.682700, best_overall=0.682700, mean_diversity=0.074276,
indivs=6215781, elapsed_secs=20293, mean=0.578640, stdev=0.203877, best fit=0.682700, best_overall=0.682700, mean_diversity=0.262467,
indivs=6225875, elapsed_secs=20336, mean=0.533072, stdev=0.209357, best fit=0.682700, best_overall=0.682700, mean_diversity=0.165109,
indivs=6235879, elapsed_secs=20372, mean=0.538857, stdev=0.166794, best fit=0.682700, best_overall=0.682700, mean_diversity=0.107897,
indivs=6245917, elapsed_secs=20411, mean=0.498255, stdev=0.232558, best fit=0.682700, best_overall=0.682700, mean_diversity=0.073034,
indivs=6255997, elapsed_secs=20449, mean=0.582653, stdev=0.107747, best fit=0.682700, best_overall=0.682700, mean_diversity=0.184030,
indivs=6266067, elapsed_secs=20491, mean=0.533887, stdev=0.240108, best fit=0.682700, best_overall=0.682700, mean_diversity=0.161694,
indivs=6276191, elapsed_secs=20533, mean=0.588989, stdev=0.124353, best fit=0.683000, best_overall=0.683000, mean_diversity=0.166355,
indivs=6286207, elapsed_secs=20578, mean=0.559643, stdev=0.208622, best fit=0.683000, best_overall=0.683000, mean_diversity=0.098390,
indivs=6296216, elapsed_secs=20600, mean=0.605163, stdev=0.113251, best fit=0.684700, best_overall=0.684700, mean_diversity=0.091254,
indivs=6306285, elapsed_secs=20614, mean=0.597912, stdev=0.148659, best fit=0.684800, best_overall=0.684800, mean_diversity=0.102216,
indivs=6316329, elapsed_secs=20625, mean=0.624653, stdev=0.102654, best fit=0.684800, best_overall=0.684800, mean_diversity=0.128065,
indivs=6326379, elapsed_secs=20639, mean=0.639461, stdev=0.077617, best fit=0.684800, best_overall=0.684800, mean_diversity=0.204779,
indivs=6336409, elapsed_secs=20649, mean=0.554298, stdev=0.172594, best fit=0.685500, best_overall=0.685500, mean_diversity=0.097316,
indivs=6346550, elapsed_secs=20670, mean=0.604677, stdev=0.156698, best fit=0.687400, best_overall=0.687400, mean_diversity=0.160288,
indivs=6356625, elapsed_secs=20688, mean=0.623219, stdev=0.113194, best fit=0.687400, best_overall=0.687400, mean_diversity=0.219660,
indivs=6366703, elapsed_secs=20710, mean=0.596792, stdev=0.093406, best fit=0.687400, best_overall=0.687400, mean_diversity=0.129711,
indivs=6376741, elapsed_secs=20733, mean=0.610126, stdev=0.139086, best fit=0.689000, best_overall=0.689000, mean_diversity=0.132586,
indivs=6386775, elapsed_secs=20750, mean=0.601060, stdev=0.159125, best fit=0.690000, best_overall=0.690000, mean_diversity=0.142066,
indivs=6396788, elapsed_secs=20765, mean=0.610358, stdev=0.149695, best fit=0.690000, best_overall=0.690000, mean_diversity=0.220514,
indivs=6406839, elapsed_secs=20782, mean=0.623760, stdev=0.136376, best fit=0.690500, best_overall=0.690500, mean_diversity=0.193356,
indivs=6416891, elapsed_secs=20796, mean=0.600347, stdev=0.138273, best fit=0.690500, best_overall=0.690500, mean_diversity=0.092027,
indivs=6427004, elapsed_secs=20814, mean=0.602344, stdev=0.144483, best fit=0.690500, best_overall=0.690500, mean_diversity=0.150047,
indivs=6437055, elapsed_secs=20831, mean=0.617660, stdev=0.080491, best fit=0.690500, best_overall=0.690500, mean_diversity=0.229686,
indivs=6447114, elapsed_secs=20847, mean=0.595132, stdev=0.071681, best fit=0.690500, best_overall=0.690500, mean_diversity=0.135943,
indivs=6457163, elapsed_secs=20863, mean=0.605815, stdev=0.094067, best fit=0.690500, best_overall=0.690500, mean_diversity=0.132402,
indivs=6467171, elapsed_secs=20878, mean=0.620545, stdev=0.084239, best fit=0.690500, best_overall=0.690500, mean_diversity=0.185822,
indivs=6477316, elapsed_secs=20893, mean=0.615543, stdev=0.104259, best fit=0.690500, best_overall=0.690500, mean_diversity=0.202102,
indivs=6487361, elapsed_secs=20908, mean=0.569080, stdev=0.088448, best fit=0.690500, best_overall=0.690500, mean_diversity=0.141191,
indivs=6497396, elapsed_secs=20930, mean=0.558516, stdev=0.169868, best fit=0.690500, best_overall=0.690500, mean_diversity=0.279930,
indivs=6507519, elapsed_secs=20952, mean=0.594040, stdev=0.137140, best fit=0.690500, best_overall=0.690500, mean_diversity=0.232586,
indivs=6517538, elapsed_secs=20974, mean=0.563457, stdev=0.162226, best fit=0.690500, best_overall=0.690500, mean_diversity=0.168227,
indivs=6527555, elapsed_secs=20998, mean=0.564578, stdev=0.135327, best fit=0.690500, best_overall=0.690500, mean_diversity=0.147460,
indivs=6537571, elapsed_secs=21045, mean=0.607895, stdev=0.063421, best fit=0.690500, best_overall=0.690500, mean_diversity=0.144580,
indivs=6547596, elapsed_secs=21086, mean=0.604961, stdev=0.066865, best fit=0.690500, best_overall=0.690500, mean_diversity=0.116213,
indivs=6557662, elapsed_secs=21125, mean=0.601783, stdev=0.087132, best fit=0.690500, best_overall=0.690500, mean_diversity=0.129254,
indivs=6567687, elapsed_secs=21152, mean=0.607759, stdev=0.069880, best fit=0.690500, best_overall=0.690500, mean_diversity=0.227957,
indivs=6577767, elapsed_secs=21180, mean=0.599680, stdev=0.068631, best fit=0.690500, best_overall=0.690500, mean_diversity=0.190000,
indivs=6587785, elapsed_secs=21208, mean=0.588825, stdev=0.106819, best fit=0.690500, best_overall=0.690500, mean_diversity=0.172006,
indivs=6597822, elapsed_secs=21239, mean=0.625657, stdev=0.131998, best fit=0.690500, best_overall=0.690500, mean_diversity=0.154035,
indivs=6607978, elapsed_secs=21279, mean=0.615206, stdev=0.133207, best fit=0.690500, best_overall=0.690500, mean_diversity=0.183722,
indivs=6618079, elapsed_secs=21315, mean=0.607053, stdev=0.110233, best fit=0.690500, best_overall=0.690500, mean_diversity=0.205543,
indivs=6628107, elapsed_secs=21343, mean=0.619842, stdev=0.120700, best fit=0.690500, best_overall=0.690500, mean_diversity=0.124058,
indivs=6638109, elapsed_secs=21361, mean=0.603839, stdev=0.072281, best fit=0.690500, best_overall=0.690500, mean_diversity=0.144965,
indivs=6648154, elapsed_secs=21391, mean=0.610706, stdev=0.084836, best fit=0.690500, best_overall=0.690500, mean_diversity=0.137619,
indivs=6658251, elapsed_secs=21421, mean=0.627032, stdev=0.066976, best fit=0.690500, best_overall=0.690500, mean_diversity=0.274891,
indivs=6668258, elapsed_secs=21444, mean=0.616154, stdev=0.120335, best fit=0.690500, best_overall=0.690500, mean_diversity=0.233904,
indivs=6678342, elapsed_secs=21471, mean=0.588923, stdev=0.099321, best fit=0.690500, best_overall=0.690500, mean_diversity=0.220455,
indivs=6688519, elapsed_secs=21498, mean=0.636438, stdev=0.077531, best fit=0.690500, best_overall=0.690500, mean_diversity=0.110423,
indivs=6698612, elapsed_secs=21522, mean=0.591402, stdev=0.134430, best fit=0.690500, best_overall=0.690500, mean_diversity=0.125123,
indivs=6708710, elapsed_secs=21549, mean=0.592716, stdev=0.134686, best fit=0.690500, best_overall=0.690500, mean_diversity=0.153151,
indivs=6718840, elapsed_secs=21581, mean=0.632292, stdev=0.114321, best fit=0.690500, best_overall=0.690500, mean_diversity=0.209163,
indivs=6728906, elapsed_secs=21615, mean=0.603399, stdev=0.160004, best fit=0.690500, best_overall=0.690500, mean_diversity=0.115124,
indivs=6738913, elapsed_secs=21641, mean=0.633974, stdev=0.101243, best fit=0.690500, best_overall=0.690500, mean_diversity=0.100453,
indivs=6749010, elapsed_secs=21656, mean=0.628134, stdev=0.101128, best fit=0.690500, best_overall=0.690500, mean_diversity=0.159075,
indivs=6759138, elapsed_secs=21674, mean=0.619961, stdev=0.108369, best fit=0.690500, best_overall=0.690500, mean_diversity=0.207394,
indivs=6769230, elapsed_secs=21686, mean=0.620960, stdev=0.132345, best fit=0.690500, best_overall=0.690500, mean_diversity=0.204095,
indivs=6779260, elapsed_secs=21715, mean=0.614078, stdev=0.117985, best fit=0.690500, best_overall=0.690500, mean_diversity=0.231600,
indivs=6789272, elapsed_secs=21745, mean=0.597057, stdev=0.142106, best fit=0.690500, best_overall=0.690500, mean_diversity=0.121363,
indivs=6799292, elapsed_secs=21777, mean=0.583585, stdev=0.178820, best fit=0.690500, best_overall=0.690500, mean_diversity=0.131850,
indivs=6809339, elapsed_secs=21809, mean=0.588634, stdev=0.102186, best fit=0.690500, best_overall=0.690500, mean_diversity=0.221857,
indivs=6819493, elapsed_secs=21838, mean=0.644765, stdev=0.072973, best fit=0.690500, best_overall=0.690500, mean_diversity=0.135617,
indivs=6829554, elapsed_secs=21871, mean=0.617323, stdev=0.093279, best fit=0.690500, best_overall=0.690500, mean_diversity=0.258356,
indivs=6839662, elapsed_secs=21894, mean=0.613913, stdev=0.105997, best fit=0.690500, best_overall=0.690500, mean_diversity=0.147763,
indivs=6849738, elapsed_secs=21926, mean=0.646050, stdev=0.077803, best fit=0.690500, best_overall=0.690500, mean_diversity=0.105849,
indivs=6859758, elapsed_secs=21948, mean=0.581829, stdev=0.103490, best fit=0.690500, best_overall=0.690500, mean_diversity=0.221135,
indivs=6869856, elapsed_secs=21970, mean=0.620916, stdev=0.119975, best fit=0.690500, best_overall=0.690500, mean_diversity=0.267152,
indivs=6879918, elapsed_secs=21995, mean=0.592890, stdev=0.113073, best fit=0.690500, best_overall=0.690500, mean_diversity=0.283134,
indivs=6890039, elapsed_secs=22019, mean=0.621366, stdev=0.123691, best fit=0.690500, best_overall=0.690500, mean_diversity=0.215630,
indivs=6900040, elapsed_secs=22048, mean=0.604372, stdev=0.154765, best fit=0.690500, best_overall=0.690500, mean_diversity=0.126797,
indivs=6910110, elapsed_secs=22080, mean=0.603352, stdev=0.132692, best fit=0.690500, best_overall=0.690500, mean_diversity=0.210323,
indivs=6920127, elapsed_secs=22110, mean=0.611565, stdev=0.119528, best fit=0.690500, best_overall=0.690500, mean_diversity=0.138320,
indivs=6930183, elapsed_secs=22133, mean=0.590987, stdev=0.083589, best fit=0.690500, best_overall=0.690500, mean_diversity=0.165270,
indivs=6940295, elapsed_secs=22154, mean=0.583886, stdev=0.107579, best fit=0.690500, best_overall=0.690500, mean_diversity=0.182564,
indivs=6950366, elapsed_secs=22175, mean=0.615065, stdev=0.059453, best fit=0.690500, best_overall=0.690500, mean_diversity=0.138797,
indivs=6960417, elapsed_secs=22196, mean=0.605334, stdev=0.112343, best fit=0.690500, best_overall=0.690500, mean_diversity=0.105590,
indivs=6970464, elapsed_secs=22214, mean=0.629221, stdev=0.081556, best fit=0.690500, best_overall=0.690500, mean_diversity=0.151445,
indivs=6980511, elapsed_secs=22234, mean=0.620337, stdev=0.117217, best fit=0.690500, best_overall=0.690500, mean_diversity=0.202488,
indivs=6990650, elapsed_secs=22266, mean=0.606452, stdev=0.147472, best fit=0.690500, best_overall=0.690500, mean_diversity=0.213375,
indivs=7000763, elapsed_secs=22296, mean=0.627625, stdev=0.085143, best fit=0.690500, best_overall=0.690500, mean_diversity=0.198824,
indivs=7010859, elapsed_secs=22325, mean=0.598581, stdev=0.114443, best fit=0.690500, best_overall=0.690500, mean_diversity=0.230119,
indivs=7020943, elapsed_secs=22347, mean=0.617513, stdev=0.105625, best fit=0.690500, best_overall=0.690500, mean_diversity=0.152248,
indivs=7031020, elapsed_secs=22371, mean=0.614502, stdev=0.145497, best fit=0.690500, best_overall=0.690500, mean_diversity=0.290000,
indivs=7041143, elapsed_secs=22393, mean=0.606845, stdev=0.136586, best fit=0.690500, best_overall=0.690500, mean_diversity=0.137253,
indivs=7051252, elapsed_secs=22420, mean=0.602065, stdev=0.145809, best fit=0.690500, best_overall=0.690500, mean_diversity=0.125739,
indivs=7061300, elapsed_secs=22444, mean=0.568642, stdev=0.162328, best fit=0.690500, best_overall=0.690500, mean_diversity=0.149367,
indivs=7071314, elapsed_secs=22469, mean=0.605787, stdev=0.097135, best fit=0.690500, best_overall=0.690500, mean_diversity=0.185156,
indivs=7081418, elapsed_secs=22489, mean=0.600206, stdev=0.094178, best fit=0.690500, best_overall=0.690500, mean_diversity=0.181136,
indivs=7091482, elapsed_secs=22531, mean=0.617641, stdev=0.137793, best fit=0.690500, best_overall=0.690500, mean_diversity=0.146796,
indivs=7101531, elapsed_secs=22560, mean=0.645149, stdev=0.098582, best fit=0.690500, best_overall=0.690500, mean_diversity=0.209219,
indivs=7111687, elapsed_secs=22592, mean=0.582977, stdev=0.175877, best fit=0.690500, best_overall=0.690500, mean_diversity=0.135548,
indivs=7121752, elapsed_secs=22628, mean=0.595199, stdev=0.083239, best fit=0.690500, best_overall=0.690500, mean_diversity=0.195457,
indivs=7131806, elapsed_secs=22641, mean=0.614308, stdev=0.119325, best fit=0.690500, best_overall=0.690500, mean_diversity=0.163459,
indivs=7141822, elapsed_secs=22660, mean=0.630962, stdev=0.116869, best fit=0.690500, best_overall=0.690500, mean_diversity=0.137687,
indivs=7151844, elapsed_secs=22678, mean=0.602474, stdev=0.089711, best fit=0.690500, best_overall=0.690500, mean_diversity=0.136981,
indivs=7161922, elapsed_secs=22696, mean=0.596643, stdev=0.097123, best fit=0.690500, best_overall=0.690500, mean_diversity=0.163509,
indivs=7172076, elapsed_secs=22710, mean=0.631350, stdev=0.083846, best fit=0.690500, best_overall=0.690500, mean_diversity=0.146206,
indivs=7182134, elapsed_secs=22726, mean=0.621896, stdev=0.118515, best fit=0.690500, best_overall=0.690500, mean_diversity=0.174982,
indivs=7192217, elapsed_secs=22753, mean=0.600620, stdev=0.088692, best fit=0.690500, best_overall=0.690500, mean_diversity=0.128031,
indivs=7202234, elapsed_secs=22770, mean=0.562558, stdev=0.165242, best fit=0.690500, best_overall=0.690500, mean_diversity=0.163290,
indivs=7212340, elapsed_secs=22808, mean=0.614032, stdev=0.139936, best fit=0.690500, best_overall=0.690500, mean_diversity=0.218676,
indivs=7222367, elapsed_secs=22838, mean=0.598732, stdev=0.091954, best fit=0.690500, best_overall=0.690500, mean_diversity=0.214883,
indivs=7232501, elapsed_secs=22855, mean=0.632980, stdev=0.088233, best fit=0.690500, best_overall=0.690500, mean_diversity=0.235192,
indivs=7242581, elapsed_secs=22879, mean=0.599555, stdev=0.107024, best fit=0.690500, best_overall=0.690500, mean_diversity=0.118597,
indivs=7252676, elapsed_secs=22892, mean=0.578194, stdev=0.127557, best fit=0.690500, best_overall=0.690500, mean_diversity=0.130428,
indivs=7262690, elapsed_secs=22913, mean=0.614985, stdev=0.100495, best fit=0.690500, best_overall=0.690500, mean_diversity=0.112471,
indivs=7272855, elapsed_secs=22941, mean=0.633586, stdev=0.077457, best fit=0.690500, best_overall=0.690500, mean_diversity=0.178556,
indivs=7282945, elapsed_secs=22974, mean=0.608588, stdev=0.086850, best fit=0.690500, best_overall=0.690500, mean_diversity=0.147770,
indivs=7293020, elapsed_secs=23003, mean=0.593664, stdev=0.103721, best fit=0.690500, best_overall=0.690500, mean_diversity=0.151760,
indivs=7303110, elapsed_secs=23040, mean=0.636850, stdev=0.074788, best fit=0.690500, best_overall=0.690500, mean_diversity=0.094625,
indivs=7313148, elapsed_secs=23075, mean=0.617865, stdev=0.118493, best fit=0.690500, best_overall=0.690500, mean_diversity=0.199048,
indivs=7323229, elapsed_secs=23103, mean=0.640750, stdev=0.060450, best fit=0.690500, best_overall=0.690500, mean_diversity=0.200795,
indivs=7333291, elapsed_secs=23127, mean=0.585488, stdev=0.156961, best fit=0.690500, best_overall=0.690500, mean_diversity=0.128185,
indivs=7343311, elapsed_secs=23169, mean=0.624446, stdev=0.085758, best fit=0.690500, best_overall=0.690500, mean_diversity=0.126145,
indivs=7353405, elapsed_secs=23207, mean=0.598197, stdev=0.071734, best fit=0.690500, best_overall=0.690500, mean_diversity=0.163109,
indivs=7363490, elapsed_secs=23245, mean=0.606925, stdev=0.078832, best fit=0.690500, best_overall=0.690500, mean_diversity=0.166100,
indivs=7373580, elapsed_secs=23275, mean=0.631170, stdev=0.101627, best fit=0.690500, best_overall=0.690500, mean_diversity=0.208571,
indivs=7383679, elapsed_secs=23306, mean=0.609758, stdev=0.122219, best fit=0.690500, best_overall=0.690500, mean_diversity=0.152162,
indivs=7393819, elapsed_secs=23341, mean=0.603791, stdev=0.107345, best fit=0.690500, best_overall=0.690500, mean_diversity=0.127935,
indivs=7403852, elapsed_secs=23370, mean=0.589622, stdev=0.112934, best fit=0.690500, best_overall=0.690500, mean_diversity=0.116587,
indivs=7413960, elapsed_secs=23404, mean=0.571692, stdev=0.167127, best fit=0.690500, best_overall=0.690500, mean_diversity=0.117810,
indivs=7423974, elapsed_secs=23440, mean=0.621505, stdev=0.114739, best fit=0.690500, best_overall=0.690500, mean_diversity=0.119008,
indivs=7434053, elapsed_secs=23471, mean=0.625624, stdev=0.078477, best fit=0.690500, best_overall=0.690500, mean_diversity=0.172093,
indivs=7444178, elapsed_secs=23501, mean=0.624153, stdev=0.099472, best fit=0.690500, best_overall=0.690500, mean_diversity=0.151336,
indivs=7454281, elapsed_secs=23531, mean=0.594323, stdev=0.146598, best fit=0.690500, best_overall=0.690500, mean_diversity=0.283182,
indivs=7464302, elapsed_secs=23556, mean=0.619612, stdev=0.100336, best fit=0.690500, best_overall=0.690500, mean_diversity=0.145064,
indivs=7474362, elapsed_secs=23577, mean=0.613132, stdev=0.085559, best fit=0.690500, best_overall=0.690500, mean_diversity=0.143204,
indivs=7484446, elapsed_secs=23592, mean=0.623270, stdev=0.100403, best fit=0.690500, best_overall=0.690500, mean_diversity=0.193037,
indivs=7494618, elapsed_secs=23617, mean=0.626147, stdev=0.133711, best fit=0.690500, best_overall=0.690500, mean_diversity=0.145092,
indivs=7504721, elapsed_secs=23642, mean=0.579384, stdev=0.147815, best fit=0.690500, best_overall=0.690500, mean_diversity=0.083772,
indivs=7514783, elapsed_secs=23668, mean=0.534474, stdev=0.215467, best fit=0.690500, best_overall=0.690500, mean_diversity=0.197225,
indivs=7524786, elapsed_secs=23703, mean=0.607416, stdev=0.146956, best fit=0.690500, best_overall=0.690500, mean_diversity=0.172076,
indivs=7534808, elapsed_secs=23737, mean=0.586482, stdev=0.155052, best fit=0.690500, best_overall=0.690500, mean_diversity=0.114718,
indivs=7544918, elapsed_secs=23774, mean=0.591422, stdev=0.152749, best fit=0.690500, best_overall=0.690500, mean_diversity=0.223382,
indivs=7554996, elapsed_secs=23808, mean=0.568766, stdev=0.170501, best fit=0.690500, best_overall=0.690500, mean_diversity=0.188916,
indivs=7565092, elapsed_secs=23832, mean=0.560162, stdev=0.205716, best fit=0.690500, best_overall=0.690500, mean_diversity=0.131777,
indivs=7575182, elapsed_secs=23860, mean=0.588879, stdev=0.169542, best fit=0.690500, best_overall=0.690500, mean_diversity=0.123103,
indivs=7585229, elapsed_secs=23898, mean=0.585765, stdev=0.142821, best fit=0.690500, best_overall=0.690500, mean_diversity=0.186555,
indivs=7595236, elapsed_secs=23936, mean=0.587452, stdev=0.120993, best fit=0.690500, best_overall=0.690500, mean_diversity=0.221824,
indivs=7605323, elapsed_secs=23974, mean=0.590562, stdev=0.113149, best fit=0.690500, best_overall=0.690500, mean_diversity=0.247538,
indivs=7615487, elapsed_secs=24018, mean=0.617565, stdev=0.133676, best fit=0.690500, best_overall=0.690500, mean_diversity=0.128780,
indivs=7625517, elapsed_secs=24049, mean=0.625705, stdev=0.117710, best fit=0.690500, best_overall=0.690500, mean_diversity=0.144591,
indivs=7635603, elapsed_secs=24073, mean=0.611061, stdev=0.146432, best fit=0.690500, best_overall=0.690500, mean_diversity=0.176250,
indivs=7645630, elapsed_secs=24095, mean=0.595969, stdev=0.174381, best fit=0.690500, best_overall=0.690500, mean_diversity=0.138306,
indivs=7655775, elapsed_secs=24121, mean=0.636886, stdev=0.087906, best fit=0.690500, best_overall=0.690500, mean_diversity=0.274328,
indivs=7665890, elapsed_secs=24139, mean=0.623950, stdev=0.113806, best fit=0.690500, best_overall=0.690500, mean_diversity=0.131004,
indivs=7675956, elapsed_secs=24153, mean=0.623878, stdev=0.083908, best fit=0.690500, best_overall=0.690500, mean_diversity=0.128400,
indivs=7685992, elapsed_secs=24172, mean=0.629490, stdev=0.096313, best fit=0.690500, best_overall=0.690500, mean_diversity=0.160215,
indivs=7696082, elapsed_secs=24192, mean=0.615054, stdev=0.076535, best fit=0.690500, best_overall=0.690500, mean_diversity=0.168571,
indivs=7706111, elapsed_secs=24201, mean=0.587537, stdev=0.095746, best fit=0.690500, best_overall=0.690500, mean_diversity=0.139231,
indivs=7716189, elapsed_secs=24217, mean=0.600904, stdev=0.116761, best fit=0.690500, best_overall=0.690500, mean_diversity=0.128634,
indivs=7726221, elapsed_secs=24234, mean=0.569016, stdev=0.159243, best fit=0.690500, best_overall=0.690500, mean_diversity=0.121754,
indivs=7736339, elapsed_secs=24258, mean=0.617063, stdev=0.118302, best fit=0.690500, best_overall=0.690500, mean_diversity=0.120543,
indivs=7746404, elapsed_secs=24277, mean=0.602021, stdev=0.088977, best fit=0.690500, best_overall=0.690500, mean_diversity=0.187196,
indivs=7756501, elapsed_secs=24294, mean=0.623636, stdev=0.096828, best fit=0.690500, best_overall=0.690500, mean_diversity=0.126552,
indivs=7766574, elapsed_secs=24311, mean=0.585310, stdev=0.171424, best fit=0.690500, best_overall=0.690500, mean_diversity=0.176192,
indivs=7776656, elapsed_secs=24329, mean=0.613313, stdev=0.066792, best fit=0.690500, best_overall=0.690500, mean_diversity=0.099227,
indivs=7786768, elapsed_secs=24349, mean=0.625490, stdev=0.119141, best fit=0.690500, best_overall=0.690500, mean_diversity=0.134302,
indivs=7796864, elapsed_secs=24371, mean=0.531820, stdev=0.208535, best fit=0.690500, best_overall=0.690500, mean_diversity=0.117078,
indivs=7806937, elapsed_secs=24397, mean=0.629389, stdev=0.103978, best fit=0.690500, best_overall=0.690500, mean_diversity=0.191345,
indivs=7817008, elapsed_secs=24421, mean=0.582367, stdev=0.122210, best fit=0.690500, best_overall=0.690500, mean_diversity=0.232941,
indivs=7827096, elapsed_secs=24442, mean=0.618336, stdev=0.105290, best fit=0.690500, best_overall=0.690500, mean_diversity=0.181602,
indivs=7837178, elapsed_secs=24461, mean=0.586917, stdev=0.126241, best fit=0.690500, best_overall=0.690500, mean_diversity=0.107267,
indivs=7847253, elapsed_secs=24490, mean=0.579390, stdev=0.160063, best fit=0.690500, best_overall=0.690500, mean_diversity=0.148020,
indivs=7857301, elapsed_secs=24514, mean=0.602440, stdev=0.128488, best fit=0.690500, best_overall=0.690500, mean_diversity=0.144280,
indivs=7867387, elapsed_secs=24547, mean=0.631728, stdev=0.082929, best fit=0.690500, best_overall=0.690500, mean_diversity=0.147926,
indivs=7877451, elapsed_secs=24578, mean=0.613359, stdev=0.122468, best fit=0.690500, best_overall=0.690500, mean_diversity=0.113419,
indivs=7887511, elapsed_secs=24612, mean=0.588848, stdev=0.089794, best fit=0.690500, best_overall=0.690500, mean_diversity=0.253737,
indivs=7897589, elapsed_secs=24643, mean=0.591394, stdev=0.159238, best fit=0.690500, best_overall=0.690500, mean_diversity=0.154345,
indivs=7907638, elapsed_secs=24667, mean=0.614935, stdev=0.074401, best fit=0.690500, best_overall=0.690500, mean_diversity=0.194615,
indivs=7917669, elapsed_secs=24705, mean=0.616643, stdev=0.102159, best fit=0.690500, best_overall=0.690500, mean_diversity=0.221773,
indivs=7927784, elapsed_secs=24739, mean=0.603175, stdev=0.105411, best fit=0.690500, best_overall=0.690500, mean_diversity=0.124381,
indivs=7937810, elapsed_secs=24775, mean=0.606735, stdev=0.114005, best fit=0.690500, best_overall=0.690500, mean_diversity=0.178182,
indivs=7947843, elapsed_secs=24806, mean=0.614807, stdev=0.095049, best fit=0.690500, best_overall=0.690500, mean_diversity=0.136364,
indivs=7957847, elapsed_secs=24841, mean=0.582151, stdev=0.124916, best fit=0.690500, best_overall=0.690500, mean_diversity=0.129386,
indivs=7967914, elapsed_secs=24891, mean=0.548591, stdev=0.239908, best fit=0.690500, best_overall=0.690500, mean_diversity=0.104427,
indivs=7977947, elapsed_secs=24924, mean=0.629203, stdev=0.117262, best fit=0.690500, best_overall=0.690500, mean_diversity=0.216192,
indivs=7987952, elapsed_secs=24948, mean=0.586886, stdev=0.134715, best fit=0.690500, best_overall=0.690500, mean_diversity=0.166620,
indivs=7997969, elapsed_secs=24978, mean=0.618581, stdev=0.077504, best fit=0.690500, best_overall=0.690500, mean_diversity=0.134728,
indivs=8008086, elapsed_secs=24994, mean=0.606481, stdev=0.134954, best fit=0.690500, best_overall=0.690500, mean_diversity=0.182380,
indivs=8018155, elapsed_secs=25016, mean=0.606129, stdev=0.149970, best fit=0.690500, best_overall=0.690500, mean_diversity=0.108717,
indivs=8028232, elapsed_secs=25044, mean=0.599529, stdev=0.088693, best fit=0.690500, best_overall=0.690500, mean_diversity=0.144157,
indivs=8038319, elapsed_secs=25078, mean=0.612971, stdev=0.123238, best fit=0.690500, best_overall=0.690500, mean_diversity=0.126269,
indivs=8048471, elapsed_secs=25105, mean=0.619585, stdev=0.099231, best fit=0.690500, best_overall=0.690500, mean_diversity=0.105851,
indivs=8058545, elapsed_secs=25142, mean=0.615967, stdev=0.076771, best fit=0.690500, best_overall=0.690500, mean_diversity=0.153401,
indivs=8068561, elapsed_secs=25164, mean=0.591253, stdev=0.135375, best fit=0.690500, best_overall=0.690500, mean_diversity=0.179009,
indivs=8078571, elapsed_secs=25191, mean=0.589741, stdev=0.108037, best fit=0.690500, best_overall=0.690500, mean_diversity=0.214116,
indivs=8088582, elapsed_secs=25223, mean=0.591537, stdev=0.098086, best fit=0.690500, best_overall=0.690500, mean_diversity=0.168946,
indivs=8098618, elapsed_secs=25247, mean=0.594893, stdev=0.090980, best fit=0.690500, best_overall=0.690500, mean_diversity=0.236973,
indivs=8108671, elapsed_secs=25267, mean=0.601852, stdev=0.146689, best fit=0.690500, best_overall=0.690500, mean_diversity=0.109062,
indivs=8118792, elapsed_secs=25285, mean=0.613971, stdev=0.103199, best fit=0.690500, best_overall=0.690500, mean_diversity=0.139072,
indivs=8128878, elapsed_secs=25307, mean=0.603071, stdev=0.076285, best fit=0.690500, best_overall=0.690500, mean_diversity=0.235631,
indivs=8139015, elapsed_secs=25326, mean=0.616687, stdev=0.134544, best fit=0.690500, best_overall=0.690500, mean_diversity=0.250241,
indivs=8149124, elapsed_secs=25348, mean=0.615984, stdev=0.077960, best fit=0.690500, best_overall=0.690500, mean_diversity=0.239298,
indivs=8159193, elapsed_secs=25372, mean=0.592974, stdev=0.113977, best fit=0.690500, best_overall=0.690500, mean_diversity=0.205769,
indivs=8169212, elapsed_secs=25394, mean=0.608328, stdev=0.068600, best fit=0.690500, best_overall=0.690500, mean_diversity=0.163325,
indivs=8179323, elapsed_secs=25416, mean=0.616054, stdev=0.136529, best fit=0.690500, best_overall=0.690500, mean_diversity=0.199899,
indivs=8189396, elapsed_secs=25428, mean=0.605673, stdev=0.085299, best fit=0.690500, best_overall=0.690500, mean_diversity=0.178208,
indivs=8199489, elapsed_secs=25448, mean=0.598595, stdev=0.123559, best fit=0.690500, best_overall=0.690500, mean_diversity=0.111193,
indivs=8209509, elapsed_secs=25463, mean=0.621702, stdev=0.113759, best fit=0.690500, best_overall=0.690500, mean_diversity=0.233601,
indivs=8219623, elapsed_secs=25483, mean=0.624868, stdev=0.096487, best fit=0.690500, best_overall=0.690500, mean_diversity=0.336509,
indivs=8229784, elapsed_secs=25507, mean=0.617343, stdev=0.116381, best fit=0.690500, best_overall=0.690500, mean_diversity=0.127951,
indivs=8239868, elapsed_secs=25532, mean=0.628332, stdev=0.081037, best fit=0.690500, best_overall=0.690500, mean_diversity=0.167081,
indivs=8249876, elapsed_secs=25558, mean=0.623448, stdev=0.104273, best fit=0.690500, best_overall=0.690500, mean_diversity=0.149925,
indivs=8260010, elapsed_secs=25582, mean=0.625135, stdev=0.079001, best fit=0.690500, best_overall=0.690500, mean_diversity=0.147925,
indivs=8270151, elapsed_secs=25608, mean=0.602065, stdev=0.148660, best fit=0.690500, best_overall=0.690500, mean_diversity=0.190732,
indivs=8280278, elapsed_secs=25645, mean=0.611598, stdev=0.100596, best fit=0.690500, best_overall=0.690500, mean_diversity=0.170829,
indivs=8290342, elapsed_secs=25683, mean=0.620696, stdev=0.075201, best fit=0.690500, best_overall=0.690500, mean_diversity=0.165195,
indivs=8300378, elapsed_secs=25705, mean=0.592874, stdev=0.092615, best fit=0.690500, best_overall=0.690500, mean_diversity=0.240359,
indivs=8310526, elapsed_secs=25724, mean=0.626732, stdev=0.076518, best fit=0.690500, best_overall=0.690500, mean_diversity=0.187227,
indivs=8320538, elapsed_secs=25749, mean=0.597293, stdev=0.097870, best fit=0.690500, best_overall=0.690500, mean_diversity=0.247217,
indivs=8330566, elapsed_secs=25766, mean=0.594969, stdev=0.075294, best fit=0.690500, best_overall=0.690500, mean_diversity=0.151519,
indivs=8340677, elapsed_secs=25793, mean=0.622837, stdev=0.074662, best fit=0.690500, best_overall=0.690500, mean_diversity=0.231245,
indivs=8350682, elapsed_secs=25820, mean=0.610675, stdev=0.098873, best fit=0.690500, best_overall=0.690500, mean_diversity=0.175918,
indivs=8360694, elapsed_secs=25843, mean=0.602600, stdev=0.092141, best fit=0.690500, best_overall=0.690500, mean_diversity=0.136104,
indivs=8370814, elapsed_secs=25865, mean=0.622388, stdev=0.139715, best fit=0.690500, best_overall=0.690500, mean_diversity=0.112255,
indivs=8380880, elapsed_secs=25900, mean=0.609246, stdev=0.131361, best fit=0.690500, best_overall=0.690500, mean_diversity=0.143441,
indivs=8390919, elapsed_secs=25926, mean=0.633589, stdev=0.073012, best fit=0.690500, best_overall=0.690500, mean_diversity=0.180721,
indivs=8400957, elapsed_secs=25952, mean=0.631512, stdev=0.102703, best fit=0.690500, best_overall=0.690500, mean_diversity=0.186547,
indivs=8411068, elapsed_secs=25974, mean=0.618590, stdev=0.094059, best fit=0.690500, best_overall=0.690500, mean_diversity=0.155765,
indivs=8421119, elapsed_secs=25999, mean=0.600760, stdev=0.128123, best fit=0.690500, best_overall=0.690500, mean_diversity=0.177038,
indivs=8431159, elapsed_secs=26024, mean=0.607782, stdev=0.077890, best fit=0.690500, best_overall=0.690500, mean_diversity=0.068728,
indivs=8441165, elapsed_secs=26039, mean=0.625069, stdev=0.144161, best fit=0.690500, best_overall=0.690500, mean_diversity=0.133402,
indivs=8451274, elapsed_secs=26061, mean=0.626671, stdev=0.083526, best fit=0.690500, best_overall=0.690500, mean_diversity=0.206245,
indivs=8461334, elapsed_secs=26080, mean=0.604193, stdev=0.105830, best fit=0.690500, best_overall=0.690500, mean_diversity=0.123455,
indivs=8471405, elapsed_secs=26101, mean=0.608471, stdev=0.146935, best fit=0.690500, best_overall=0.690500, mean_diversity=0.155544,
indivs=8481426, elapsed_secs=26129, mean=0.615614, stdev=0.069714, best fit=0.690500, best_overall=0.690500, mean_diversity=0.132572,
indivs=8491518, elapsed_secs=26168, mean=0.592679, stdev=0.173057, best fit=0.690500, best_overall=0.690500, mean_diversity=0.269945,
indivs=8501593, elapsed_secs=26191, mean=0.599424, stdev=0.091823, best fit=0.690500, best_overall=0.690500, mean_diversity=0.163106,
indivs=8511649, elapsed_secs=26212, mean=0.614812, stdev=0.082293, best fit=0.690500, best_overall=0.690500, mean_diversity=0.104244,
indivs=8521659, elapsed_secs=26236, mean=0.594760, stdev=0.113691, best fit=0.690500, best_overall=0.690500, mean_diversity=0.126959,
indivs=8531716, elapsed_secs=26276, mean=0.611525, stdev=0.067496, best fit=0.690500, best_overall=0.690500, mean_diversity=0.121851,
indivs=8541774, elapsed_secs=26309, mean=0.607694, stdev=0.067178, best fit=0.690500, best_overall=0.690500, mean_diversity=0.114424,
indivs=8551851, elapsed_secs=26345, mean=0.623454, stdev=0.095021, best fit=0.690500, best_overall=0.690500, mean_diversity=0.112804,
indivs=8561930, elapsed_secs=26387, mean=0.621888, stdev=0.095061, best fit=0.690500, best_overall=0.690500, mean_diversity=0.117994,
indivs=8572077, elapsed_secs=26432, mean=0.627233, stdev=0.079678, best fit=0.690500, best_overall=0.690500, mean_diversity=0.242381,
indivs=8582082, elapsed_secs=26474, mean=0.616711, stdev=0.121782, best fit=0.690500, best_overall=0.690500, mean_diversity=0.138605,
indivs=8592130, elapsed_secs=26514, mean=0.593133, stdev=0.111077, best fit=0.690500, best_overall=0.690500, mean_diversity=0.149888,
indivs=8602216, elapsed_secs=26541, mean=0.603840, stdev=0.112123, best fit=0.690500, best_overall=0.690500, mean_diversity=0.195281,
indivs=8612298, elapsed_secs=26568, mean=0.604380, stdev=0.095059, best fit=0.690500, best_overall=0.690500, mean_diversity=0.176655,
indivs=8622303, elapsed_secs=26600, mean=0.613681, stdev=0.076016, best fit=0.690500, best_overall=0.690500, mean_diversity=0.139077,
indivs=8632320, elapsed_secs=26630, mean=0.617916, stdev=0.093008, best fit=0.690500, best_overall=0.690500, mean_diversity=0.166649,
indivs=8642431, elapsed_secs=26650, mean=0.619158, stdev=0.099907, best fit=0.690500, best_overall=0.690500, mean_diversity=0.108998,
indivs=8652439, elapsed_secs=26669, mean=0.625693, stdev=0.118537, best fit=0.690500, best_overall=0.690500, mean_diversity=0.126092,
indivs=8662506, elapsed_secs=26703, mean=0.617455, stdev=0.068951, best fit=0.690500, best_overall=0.690500, mean_diversity=0.169328,
indivs=8672603, elapsed_secs=26728, mean=0.622808, stdev=0.080720, best fit=0.690500, best_overall=0.690500, mean_diversity=0.124777,
indivs=8682677, elapsed_secs=26749, mean=0.595971, stdev=0.124657, best fit=0.690500, best_overall=0.690500, mean_diversity=0.162727,
indivs=8692688, elapsed_secs=26770, mean=0.604047, stdev=0.108516, best fit=0.690500, best_overall=0.690500, mean_diversity=0.121481,
indivs=8702753, elapsed_secs=26793, mean=0.606340, stdev=0.148535, best fit=0.690500, best_overall=0.690500, mean_diversity=0.189385,
indivs=8712908, elapsed_secs=26812, mean=0.619751, stdev=0.118647, best fit=0.690500, best_overall=0.690500, mean_diversity=0.161405,
indivs=8722936, elapsed_secs=26834, mean=0.622510, stdev=0.116855, best fit=0.690500, best_overall=0.690500, mean_diversity=0.241088,
indivs=8732965, elapsed_secs=26855, mean=0.626712, stdev=0.105968, best fit=0.690500, best_overall=0.690500, mean_diversity=0.193469,
indivs=8742969, elapsed_secs=26871, mean=0.593880, stdev=0.090505, best fit=0.690500, best_overall=0.690500, mean_diversity=0.232735,
indivs=8753105, elapsed_secs=26887, mean=0.638818, stdev=0.141094, best fit=0.690500, best_overall=0.690500, mean_diversity=0.100431,
indivs=8763112, elapsed_secs=26915, mean=0.572812, stdev=0.127001, best fit=0.690500, best_overall=0.690500, mean_diversity=0.288571,
indivs=8773164, elapsed_secs=26935, mean=0.583201, stdev=0.082751, best fit=0.690500, best_overall=0.690500, mean_diversity=0.138817,
indivs=8783280, elapsed_secs=26947, mean=0.620954, stdev=0.101993, best fit=0.690500, best_overall=0.690500, mean_diversity=0.125000,
indivs=8793372, elapsed_secs=26961, mean=0.604154, stdev=0.149252, best fit=0.690500, best_overall=0.690500, mean_diversity=0.103371,
indivs=8803460, elapsed_secs=26981, mean=0.605277, stdev=0.168292, best fit=0.690500, best_overall=0.690500, mean_diversity=0.146111,
indivs=8813519, elapsed_secs=26998, mean=0.604031, stdev=0.098951, best fit=0.690500, best_overall=0.690500, mean_diversity=0.178360,
indivs=8823565, elapsed_secs=27021, mean=0.648473, stdev=0.090248, best fit=0.690500, best_overall=0.690500, mean_diversity=0.101429,
indivs=8833657, elapsed_secs=27045, mean=0.618946, stdev=0.114143, best fit=0.690500, best_overall=0.690500, mean_diversity=0.257123,
indivs=8843742, elapsed_secs=27064, mean=0.615554, stdev=0.078566, best fit=0.690500, best_overall=0.690500, mean_diversity=0.168953,
indivs=8853826, elapsed_secs=27075, mean=0.607222, stdev=0.086894, best fit=0.690500, best_overall=0.690500, mean_diversity=0.178196,
indivs=8863900, elapsed_secs=27091, mean=0.595388, stdev=0.107463, best fit=0.690500, best_overall=0.690500, mean_diversity=0.119756,
indivs=8873953, elapsed_secs=27107, mean=0.587268, stdev=0.077933, best fit=0.690500, best_overall=0.690500, mean_diversity=0.195934,
indivs=8884027, elapsed_secs=27128, mean=0.599133, stdev=0.096386, best fit=0.690500, best_overall=0.690500, mean_diversity=0.151217,
indivs=8894142, elapsed_secs=27153, mean=0.626797, stdev=0.121009, best fit=0.690500, best_overall=0.690500, mean_diversity=0.185174,
indivs=8904244, elapsed_secs=27175, mean=0.637474, stdev=0.095702, best fit=0.690500, best_overall=0.690500, mean_diversity=0.113386,
indivs=8914293, elapsed_secs=27189, mean=0.592333, stdev=0.084048, best fit=0.690500, best_overall=0.690500, mean_diversity=0.190277,
indivs=8924358, elapsed_secs=27221, mean=0.590931, stdev=0.108047, best fit=0.690500, best_overall=0.690500, mean_diversity=0.215780,
indivs=8934512, elapsed_secs=27255, mean=0.603800, stdev=0.113588, best fit=0.690500, best_overall=0.690500, mean_diversity=0.137980,
indivs=8944636, elapsed_secs=27290, mean=0.606330, stdev=0.134948, best fit=0.690500, best_overall=0.690500, mean_diversity=0.208228,
indivs=8954797, elapsed_secs=27320, mean=0.584566, stdev=0.148295, best fit=0.690500, best_overall=0.690500, mean_diversity=0.130543,
indivs=8964956, elapsed_secs=27346, mean=0.576619, stdev=0.186097, best fit=0.690500, best_overall=0.690500, mean_diversity=0.157085,
indivs=8975084, elapsed_secs=27386, mean=0.572705, stdev=0.124726, best fit=0.690500, best_overall=0.690500, mean_diversity=0.165160,
indivs=8985200, elapsed_secs=27419, mean=0.611965, stdev=0.079194, best fit=0.690500, best_overall=0.690500, mean_diversity=0.115316,
indivs=8995355, elapsed_secs=27455, mean=0.576911, stdev=0.169190, best fit=0.690500, best_overall=0.690500, mean_diversity=0.189076,
indivs=9005363, elapsed_secs=27479, mean=0.594145, stdev=0.111766, best fit=0.690500, best_overall=0.690500, mean_diversity=0.165556,
indivs=9015419, elapsed_secs=27504, mean=0.597857, stdev=0.099633, best fit=0.690500, best_overall=0.690500, mean_diversity=0.143050,
indivs=9025563, elapsed_secs=27533, mean=0.576229, stdev=0.163021, best fit=0.690500, best_overall=0.690500, mean_diversity=0.145897,
indivs=9035575, elapsed_secs=27564, mean=0.594010, stdev=0.082236, best fit=0.690500, best_overall=0.690500, mean_diversity=0.125343,
indivs=9045652, elapsed_secs=27592, mean=0.583967, stdev=0.114128, best fit=0.690500, best_overall=0.690500, mean_diversity=0.160132,
indivs=9055688, elapsed_secs=27618, mean=0.608587, stdev=0.063791, best fit=0.690500, best_overall=0.690500, mean_diversity=0.172294,
indivs=9065754, elapsed_secs=27631, mean=0.590486, stdev=0.133728, best fit=0.690500, best_overall=0.690500, mean_diversity=0.124324,
indivs=9075854, elapsed_secs=27649, mean=0.609902, stdev=0.097675, best fit=0.690500, best_overall=0.690500, mean_diversity=0.163724,
indivs=9085915, elapsed_secs=27669, mean=0.618441, stdev=0.103040, best fit=0.690500, best_overall=0.690500, mean_diversity=0.092771,
indivs=9096063, elapsed_secs=27684, mean=0.600469, stdev=0.123802, best fit=0.690500, best_overall=0.690500, mean_diversity=0.174368,
indivs=9106111, elapsed_secs=27705, mean=0.617512, stdev=0.126263, best fit=0.690500, best_overall=0.690500, mean_diversity=0.110737,
indivs=9116224, elapsed_secs=27730, mean=0.624220, stdev=0.130500, best fit=0.690500, best_overall=0.690500, mean_diversity=0.151897,
indivs=9126246, elapsed_secs=27759, mean=0.620871, stdev=0.084905, best fit=0.690500, best_overall=0.690500, mean_diversity=0.268937,
indivs=9136252, elapsed_secs=27791, mean=0.594310, stdev=0.072827, best fit=0.690500, best_overall=0.690500, mean_diversity=0.169104,
indivs=9146290, elapsed_secs=27811, mean=0.602447, stdev=0.072775, best fit=0.690500, best_overall=0.690500, mean_diversity=0.210097,
indivs=9156407, elapsed_secs=27831, mean=0.627624, stdev=0.101203, best fit=0.690500, best_overall=0.690500, mean_diversity=0.291850,
indivs=9166424, elapsed_secs=27859, mean=0.593747, stdev=0.188226, best fit=0.690500, best_overall=0.690500, mean_diversity=0.102949,
indivs=9176514, elapsed_secs=27888, mean=0.596194, stdev=0.099893, best fit=0.690500, best_overall=0.690500, mean_diversity=0.145519,
indivs=9186616, elapsed_secs=27911, mean=0.593786, stdev=0.157189, best fit=0.690500, best_overall=0.690500, mean_diversity=0.191054,
indivs=9196685, elapsed_secs=27926, mean=0.594296, stdev=0.100157, best fit=0.690500, best_overall=0.690500, mean_diversity=0.134140,
indivs=9206691, elapsed_secs=27948, mean=0.620507, stdev=0.118831, best fit=0.690500, best_overall=0.690500, mean_diversity=0.168510,
indivs=9216783, elapsed_secs=27968, mean=0.608714, stdev=0.121513, best fit=0.690500, best_overall=0.690500, mean_diversity=0.226732,
indivs=9226903, elapsed_secs=27998, mean=0.622241, stdev=0.133354, best fit=0.690500, best_overall=0.690500, mean_diversity=0.204834,
indivs=9237010, elapsed_secs=28028, mean=0.596479, stdev=0.169563, best fit=0.690500, best_overall=0.690500, mean_diversity=0.174029,
indivs=9247012, elapsed_secs=28048, mean=0.589820, stdev=0.162833, best fit=0.690500, best_overall=0.690500, mean_diversity=0.159776,
indivs=9257064, elapsed_secs=28067, mean=0.625250, stdev=0.075351, best fit=0.690500, best_overall=0.690500, mean_diversity=0.217412,
indivs=9267162, elapsed_secs=28094, mean=0.600326, stdev=0.168829, best fit=0.690500, best_overall=0.690500, mean_diversity=0.169833,
indivs=9277166, elapsed_secs=28114, mean=0.642409, stdev=0.096544, best fit=0.690500, best_overall=0.690500, mean_diversity=0.134225,
indivs=9287195, elapsed_secs=28132, mean=0.626950, stdev=0.126420, best fit=0.690500, best_overall=0.690500, mean_diversity=0.166845,
indivs=9297293, elapsed_secs=28153, mean=0.590465, stdev=0.152568, best fit=0.690500, best_overall=0.690500, mean_diversity=0.253043,
indivs=9307330, elapsed_secs=28175, mean=0.607176, stdev=0.119520, best fit=0.690500, best_overall=0.690500, mean_diversity=0.202569,
indivs=9317426, elapsed_secs=28191, mean=0.626417, stdev=0.078887, best fit=0.690500, best_overall=0.690500, mean_diversity=0.139328,
indivs=9327514, elapsed_secs=28208, mean=0.630129, stdev=0.100838, best fit=0.690500, best_overall=0.690500, mean_diversity=0.139249,
indivs=9337693, elapsed_secs=28220, mean=0.658110, stdev=0.064024, best fit=0.690500, best_overall=0.690500, mean_diversity=0.176439,
indivs=9347719, elapsed_secs=28229, mean=0.610385, stdev=0.119259, best fit=0.690500, best_overall=0.690500, mean_diversity=0.179561,
indivs=9357863, elapsed_secs=28245, mean=0.616122, stdev=0.117394, best fit=0.690500, best_overall=0.690500, mean_diversity=0.229531,
indivs=9367911, elapsed_secs=28258, mean=0.595291, stdev=0.110383, best fit=0.690500, best_overall=0.690500, mean_diversity=0.198743,
indivs=9377965, elapsed_secs=28269, mean=0.626870, stdev=0.068926, best fit=0.690500, best_overall=0.690500, mean_diversity=0.198140,
indivs=9387999, elapsed_secs=28282, mean=0.611963, stdev=0.073317, best fit=0.690500, best_overall=0.690500, mean_diversity=0.160830,
indivs=9398004, elapsed_secs=28292, mean=0.621831, stdev=0.132883, best fit=0.690500, best_overall=0.690500, mean_diversity=0.208281,
indivs=9408183, elapsed_secs=28308, mean=0.602005, stdev=0.179032, best fit=0.690500, best_overall=0.690500, mean_diversity=0.152353,
indivs=9418208, elapsed_secs=28327, mean=0.604298, stdev=0.090247, best fit=0.690500, best_overall=0.690500, mean_diversity=0.131167,
indivs=9428279, elapsed_secs=28344, mean=0.603575, stdev=0.071543, best fit=0.690500, best_overall=0.690500, mean_diversity=0.219160,
indivs=9438435, elapsed_secs=28354, mean=0.617963, stdev=0.099632, best fit=0.690500, best_overall=0.690500, mean_diversity=0.119501,
indivs=9448440, elapsed_secs=28363, mean=0.627457, stdev=0.074090, best fit=0.690500, best_overall=0.690500, mean_diversity=0.180665,
indivs=9458577, elapsed_secs=28379, mean=0.624444, stdev=0.144088, best fit=0.690500, best_overall=0.690500, mean_diversity=0.148222,
indivs=9468718, elapsed_secs=28396, mean=0.629048, stdev=0.077687, best fit=0.690500, best_overall=0.690500, mean_diversity=0.205429,
indivs=9478809, elapsed_secs=28414, mean=0.643734, stdev=0.069664, best fit=0.690500, best_overall=0.690500, mean_diversity=0.140249,
indivs=9488822, elapsed_secs=28432, mean=0.607643, stdev=0.062774, best fit=0.690500, best_overall=0.690500, mean_diversity=0.128345,
indivs=9498887, elapsed_secs=28452, mean=0.604379, stdev=0.061995, best fit=0.690500, best_overall=0.690500, mean_diversity=0.093233,
indivs=9508896, elapsed_secs=28473, mean=0.625983, stdev=0.091316, best fit=0.690500, best_overall=0.690500, mean_diversity=0.138424,
indivs=9518968, elapsed_secs=28490, mean=0.609372, stdev=0.100277, best fit=0.690500, best_overall=0.690500, mean_diversity=0.177317,
indivs=9529116, elapsed_secs=28521, mean=0.606050, stdev=0.124928, best fit=0.690500, best_overall=0.690500, mean_diversity=0.193948,
indivs=9539194, elapsed_secs=28541, mean=0.604104, stdev=0.082396, best fit=0.690500, best_overall=0.690500, mean_diversity=0.159667,
indivs=9549327, elapsed_secs=28553, mean=0.629418, stdev=0.071242, best fit=0.690500, best_overall=0.690500, mean_diversity=0.127471,
indivs=9559338, elapsed_secs=28568, mean=0.580051, stdev=0.163427, best fit=0.690500, best_overall=0.690500, mean_diversity=0.157439,
indivs=9569503, elapsed_secs=28580, mean=0.628110, stdev=0.088899, best fit=0.690500, best_overall=0.690500, mean_diversity=0.158227,
indivs=9579535, elapsed_secs=28592, mean=0.606733, stdev=0.093206, best fit=0.690500, best_overall=0.690500, mean_diversity=0.156807,
indivs=9589639, elapsed_secs=28604, mean=0.617880, stdev=0.087562, best fit=0.690500, best_overall=0.690500, mean_diversity=0.297847,
indivs=9599711, elapsed_secs=28621, mean=0.549923, stdev=0.219398, best fit=0.690500, best_overall=0.690500, mean_diversity=0.127358,
indivs=9609874, elapsed_secs=28632, mean=0.626411, stdev=0.114976, best fit=0.690500, best_overall=0.690500, mean_diversity=0.140892,
indivs=9619899, elapsed_secs=28654, mean=0.626273, stdev=0.102843, best fit=0.690500, best_overall=0.690500, mean_diversity=0.160352,
indivs=9629924, elapsed_secs=28676, mean=0.618821, stdev=0.113538, best fit=0.690500, best_overall=0.690500, mean_diversity=0.101753,
indivs=9639972, elapsed_secs=28700, mean=0.595797, stdev=0.090330, best fit=0.690500, best_overall=0.690500, mean_diversity=0.139342,
indivs=9650041, elapsed_secs=28725, mean=0.609382, stdev=0.135365, best fit=0.690500, best_overall=0.690500, mean_diversity=0.147682,
indivs=9660106, elapsed_secs=28747, mean=0.620969, stdev=0.102351, best fit=0.690500, best_overall=0.690500, mean_diversity=0.190826,
indivs=9670283, elapsed_secs=28764, mean=0.600879, stdev=0.169425, best fit=0.690500, best_overall=0.690500, mean_diversity=0.188409,
indivs=9680335, elapsed_secs=28780, mean=0.617943, stdev=0.080423, best fit=0.690500, best_overall=0.690500, mean_diversity=0.106560,
indivs=9690339, elapsed_secs=28796, mean=0.629751, stdev=0.089067, best fit=0.690500, best_overall=0.690500, mean_diversity=0.185631,
indivs=9700442, elapsed_secs=28807, mean=0.637560, stdev=0.098563, best fit=0.690500, best_overall=0.690500, mean_diversity=0.161828,
indivs=9710598, elapsed_secs=28834, mean=0.513483, stdev=0.264763, best fit=0.690500, best_overall=0.690500, mean_diversity=0.201686,
indivs=9720642, elapsed_secs=28860, mean=0.596846, stdev=0.096277, best fit=0.690500, best_overall=0.690500, mean_diversity=0.151064,
indivs=9730774, elapsed_secs=28879, mean=0.622322, stdev=0.101627, best fit=0.690500, best_overall=0.690500, mean_diversity=0.283333,
indivs=9740908, elapsed_secs=28900, mean=0.585292, stdev=0.171205, best fit=0.690500, best_overall=0.690500, mean_diversity=0.204866,
indivs=9750971, elapsed_secs=28916, mean=0.619523, stdev=0.131762, best fit=0.690500, best_overall=0.690500, mean_diversity=0.170789,
indivs=9761028, elapsed_secs=28950, mean=0.598236, stdev=0.114112, best fit=0.690500, best_overall=0.690500, mean_diversity=0.156000,
indivs=9771032, elapsed_secs=28978, mean=0.605120, stdev=0.144790, best fit=0.690500, best_overall=0.690500, mean_diversity=0.188371,
indivs=9781147, elapsed_secs=28995, mean=0.614690, stdev=0.104935, best fit=0.690500, best_overall=0.690500, mean_diversity=0.261356,
indivs=9791249, elapsed_secs=29018, mean=0.610487, stdev=0.099613, best fit=0.690500, best_overall=0.690500, mean_diversity=0.183333,
indivs=9801334, elapsed_secs=29038, mean=0.573442, stdev=0.156598, best fit=0.690500, best_overall=0.690500, mean_diversity=0.197527,
indivs=9811403, elapsed_secs=29060, mean=0.565477, stdev=0.179672, best fit=0.690500, best_overall=0.690500, mean_diversity=0.252117,
indivs=9821403, elapsed_secs=29080, mean=0.586017, stdev=0.079146, best fit=0.690500, best_overall=0.690500, mean_diversity=0.216337,
indivs=9831415, elapsed_secs=29099, mean=0.616602, stdev=0.152147, best fit=0.690500, best_overall=0.690500, mean_diversity=0.150578,
indivs=9841571, elapsed_secs=29118, mean=0.592226, stdev=0.176114, best fit=0.690500, best_overall=0.690500, mean_diversity=0.129547,
indivs=9851605, elapsed_secs=29137, mean=0.571047, stdev=0.185266, best fit=0.690500, best_overall=0.690500, mean_diversity=0.167418,
indivs=9861696, elapsed_secs=29153, mean=0.617281, stdev=0.083858, best fit=0.690500, best_overall=0.690500, mean_diversity=0.137639,
indivs=9871725, elapsed_secs=29172, mean=0.605848, stdev=0.100418, best fit=0.690500, best_overall=0.690500, mean_diversity=0.153778,
indivs=9881800, elapsed_secs=29182, mean=0.595746, stdev=0.070984, best fit=0.690500, best_overall=0.690500, mean_diversity=0.178855,
indivs=9891858, elapsed_secs=29196, mean=0.613995, stdev=0.096089, best fit=0.690500, best_overall=0.690500, mean_diversity=0.130457,
indivs=9901888, elapsed_secs=29221, mean=0.587782, stdev=0.128526, best fit=0.690500, best_overall=0.690500, mean_diversity=0.240459,
indivs=9911914, elapsed_secs=29240, mean=0.606351, stdev=0.067299, best fit=0.690500, best_overall=0.690500, mean_diversity=0.134440,
indivs=9921954, elapsed_secs=29261, mean=0.626793, stdev=0.098542, best fit=0.690500, best_overall=0.690500, mean_diversity=0.142653,
indivs=9931978, elapsed_secs=29274, mean=0.606830, stdev=0.139980, best fit=0.690500, best_overall=0.690500, mean_diversity=0.120985,
indivs=9942118, elapsed_secs=29284, mean=0.630654, stdev=0.098957, best fit=0.690500, best_overall=0.690500, mean_diversity=0.093556,
indivs=9952262, elapsed_secs=29300, mean=0.629638, stdev=0.079161, best fit=0.690500, best_overall=0.690500, mean_diversity=0.158870,
indivs=9962333, elapsed_secs=29315, mean=0.596646, stdev=0.064471, best fit=0.690500, best_overall=0.690500, mean_diversity=0.230332,
indivs=9972349, elapsed_secs=29330, mean=0.576609, stdev=0.137859, best fit=0.690500, best_overall=0.690500, mean_diversity=0.142821,
indivs=9982414, elapsed_secs=29349, mean=0.579525, stdev=0.158365, best fit=0.690500, best_overall=0.690500, mean_diversity=0.200435,
indivs=9992472, elapsed_secs=29367, mean=0.623978, stdev=0.096832, best fit=0.690500, best_overall=0.690500, mean_diversity=0.137850,
indivs=10002500, elapsed_secs=29386, mean=0.576618, stdev=0.106840, best fit=0.690500, best_overall=0.690500, mean_diversity=0.212444,
indivs=10012522, elapsed_secs=29412, mean=0.577682, stdev=0.161693, best fit=0.690500, best_overall=0.690500, mean_diversity=0.126169,
indivs=10022563, elapsed_secs=29431, mean=0.580922, stdev=0.143782, best fit=0.690500, best_overall=0.690500, mean_diversity=0.181724,
indivs=10032665, elapsed_secs=29446, mean=0.608284, stdev=0.116276, best fit=0.690500, best_overall=0.690500, mean_diversity=0.160089,
indivs=10042722, elapsed_secs=29462, mean=0.555029, stdev=0.190440, best fit=0.690500, best_overall=0.690500, mean_diversity=0.097985,
indivs=10052770, elapsed_secs=29480, mean=0.586218, stdev=0.178952, best fit=0.690500, best_overall=0.690500, mean_diversity=0.193196,
indivs=10062885, elapsed_secs=29495, mean=0.613671, stdev=0.118873, best fit=0.690500, best_overall=0.690500, mean_diversity=0.142364,
indivs=10072958, elapsed_secs=29516, mean=0.556827, stdev=0.238868, best fit=0.697400, best_overall=0.697400, mean_diversity=0.086154,
indivs=10082979, elapsed_secs=29544, mean=0.625207, stdev=0.149119, best fit=0.697500, best_overall=0.697500, mean_diversity=0.121880,
indivs=10093123, elapsed_secs=29571, mean=0.603434, stdev=0.122883, best fit=0.697500, best_overall=0.697500, mean_diversity=0.190625,
indivs=10103156, elapsed_secs=29601, mean=0.629891, stdev=0.093786, best fit=0.698400, best_overall=0.698400, mean_diversity=0.123872,
indivs=10113202, elapsed_secs=29626, mean=0.601812, stdev=0.151524, best fit=0.698400, best_overall=0.698400, mean_diversity=0.109135,
indivs=10123211, elapsed_secs=29648, mean=0.608824, stdev=0.108833, best fit=0.698400, best_overall=0.698400, mean_diversity=0.100219,
indivs=10133353, elapsed_secs=29674, mean=0.626160, stdev=0.080229, best fit=0.698400, best_overall=0.698400, mean_diversity=0.232000,
indivs=10143455, elapsed_secs=29696, mean=0.600362, stdev=0.129453, best fit=0.698400, best_overall=0.698400, mean_diversity=0.144278,
indivs=10153462, elapsed_secs=29717, mean=0.588326, stdev=0.114894, best fit=0.698400, best_overall=0.698400, mean_diversity=0.223282,
indivs=10163604, elapsed_secs=29740, mean=0.604534, stdev=0.151421, best fit=0.698400, best_overall=0.698400, mean_diversity=0.162252,
indivs=10173772, elapsed_secs=29762, mean=0.613436, stdev=0.172297, best fit=0.698400, best_overall=0.698400, mean_diversity=0.089197,
indivs=10183854, elapsed_secs=29782, mean=0.614713, stdev=0.106723, best fit=0.698400, best_overall=0.698400, mean_diversity=0.106232,
indivs=10193921, elapsed_secs=29805, mean=0.598500, stdev=0.147434, best fit=0.698400, best_overall=0.698400, mean_diversity=0.105313,
indivs=10204036, elapsed_secs=29830, mean=0.593166, stdev=0.161489, best fit=0.698700, best_overall=0.698700, mean_diversity=0.340169,
indivs=10214066, elapsed_secs=29848, mean=0.625667, stdev=0.136030, best fit=0.698700, best_overall=0.698700, mean_diversity=0.137763,
indivs=10224160, elapsed_secs=29877, mean=0.614030, stdev=0.122009, best fit=0.698700, best_overall=0.698700, mean_diversity=0.130031,
indivs=10234179, elapsed_secs=29896, mean=0.597690, stdev=0.153337, best fit=0.698700, best_overall=0.698700, mean_diversity=0.159128,
indivs=10244300, elapsed_secs=29918, mean=0.601745, stdev=0.162118, best fit=0.698700, best_overall=0.698700, mean_diversity=0.166287,
indivs=10254382, elapsed_secs=29939, mean=0.604565, stdev=0.120307, best fit=0.698700, best_overall=0.698700, mean_diversity=0.175580,
indivs=10264439, elapsed_secs=29960, mean=0.617882, stdev=0.111497, best fit=0.698700, best_overall=0.698700, mean_diversity=0.103342,
indivs=10274512, elapsed_secs=29980, mean=0.596884, stdev=0.123868, best fit=0.698700, best_overall=0.698700, mean_diversity=0.129318,
indivs=10284519, elapsed_secs=29997, mean=0.612266, stdev=0.127906, best fit=0.698700, best_overall=0.698700, mean_diversity=0.087978,
indivs=10294667, elapsed_secs=30018, mean=0.613314, stdev=0.119481, best fit=0.698700, best_overall=0.698700, mean_diversity=0.070675,
indivs=10304764, elapsed_secs=30036, mean=0.623063, stdev=0.110617, best fit=0.698700, best_overall=0.698700, mean_diversity=0.154205,
indivs=10314921, elapsed_secs=30058, mean=0.613130, stdev=0.160681, best fit=0.698700, best_overall=0.698700, mean_diversity=0.101297,
indivs=10325028, elapsed_secs=30079, mean=0.611060, stdev=0.120880, best fit=0.698700, best_overall=0.698700, mean_diversity=0.133188,
indivs=10335107, elapsed_secs=30097, mean=0.597022, stdev=0.100544, best fit=0.698700, best_overall=0.698700, mean_diversity=0.189790,
indivs=10345210, elapsed_secs=30117, mean=0.588694, stdev=0.092546, best fit=0.698700, best_overall=0.698700, mean_diversity=0.111164,
indivs=10355212, elapsed_secs=30137, mean=0.629534, stdev=0.081009, best fit=0.698700, best_overall=0.698700, mean_diversity=0.130981,
indivs=10365255, elapsed_secs=30162, mean=0.619767, stdev=0.102362, best fit=0.698700, best_overall=0.698700, mean_diversity=0.157119,
indivs=10375307, elapsed_secs=30183, mean=0.631948, stdev=0.132807, best fit=0.698700, best_overall=0.698700, mean_diversity=0.176822,
indivs=10385389, elapsed_secs=30204, mean=0.632857, stdev=0.082010, best fit=0.698700, best_overall=0.698700, mean_diversity=0.174731,
indivs=10395442, elapsed_secs=30226, mean=0.587392, stdev=0.088252, best fit=0.698800, best_overall=0.698800, mean_diversity=0.097692,
indivs=10405478, elapsed_secs=30246, mean=0.629211, stdev=0.126305, best fit=0.699900, best_overall=0.699900, mean_diversity=0.173854,
indivs=10415619, elapsed_secs=30261, mean=0.630198, stdev=0.114805, best fit=0.699900, best_overall=0.699900, mean_diversity=0.221084,
indivs=10425796, elapsed_secs=30276, mean=0.632858, stdev=0.136802, best fit=0.699900, best_overall=0.699900, mean_diversity=0.136505,
indivs=10435843, elapsed_secs=30286, mean=0.637772, stdev=0.137011, best fit=0.699900, best_overall=0.699900, mean_diversity=0.102336,
indivs=10445939, elapsed_secs=30300, mean=0.596418, stdev=0.124469, best fit=0.699900, best_overall=0.699900, mean_diversity=0.191905,
indivs=10456049, elapsed_secs=30313, mean=0.600083, stdev=0.116963, best fit=0.699900, best_overall=0.699900, mean_diversity=0.290479,
indivs=10466124, elapsed_secs=30324, mean=0.639512, stdev=0.067602, best fit=0.699900, best_overall=0.699900, mean_diversity=0.247291,
indivs=10476130, elapsed_secs=30334, mean=0.628434, stdev=0.079581, best fit=0.699900, best_overall=0.699900, mean_diversity=0.131340,
indivs=10486157, elapsed_secs=30349, mean=0.620115, stdev=0.141468, best fit=0.700000, best_overall=0.700000, mean_diversity=0.093249,
indivs=10496182, elapsed_secs=30364, mean=0.603780, stdev=0.136012, best fit=0.700000, best_overall=0.700000, mean_diversity=0.120538,
indivs=10506189, elapsed_secs=30378, mean=0.625827, stdev=0.122548, best fit=0.700000, best_overall=0.700000, mean_diversity=0.114278,
indivs=10516220, elapsed_secs=30399, mean=0.588163, stdev=0.195887, best fit=0.700200, best_overall=0.700200, mean_diversity=0.096136,
indivs=10526323, elapsed_secs=30421, mean=0.636518, stdev=0.107670, best fit=0.700200, best_overall=0.700200, mean_diversity=0.167240,
indivs=10536394, elapsed_secs=30440, mean=0.596303, stdev=0.093397, best fit=0.700200, best_overall=0.700200, mean_diversity=0.155134,
indivs=10546489, elapsed_secs=30458, mean=0.633532, stdev=0.106854, best fit=0.700200, best_overall=0.700200, mean_diversity=0.104350,
indivs=10556500, elapsed_secs=30481, mean=0.617969, stdev=0.142059, best fit=0.700200, best_overall=0.700200, mean_diversity=0.157354,
indivs=10566524, elapsed_secs=30509, mean=0.597850, stdev=0.065448, best fit=0.700200, best_overall=0.700200, mean_diversity=0.116846,
indivs=10576594, elapsed_secs=30524, mean=0.627567, stdev=0.140229, best fit=0.700200, best_overall=0.700200, mean_diversity=0.079129,
indivs=10586649, elapsed_secs=30545, mean=0.582403, stdev=0.123089, best fit=0.700200, best_overall=0.700200, mean_diversity=0.103414,
indivs=10596724, elapsed_secs=30561, mean=0.591862, stdev=0.124246, best fit=0.700200, best_overall=0.700200, mean_diversity=0.104174,
indivs=10606819, elapsed_secs=30581, mean=0.601898, stdev=0.111034, best fit=0.700200, best_overall=0.700200, mean_diversity=0.111350,
indivs=10616898, elapsed_secs=30606, mean=0.613967, stdev=0.175215, best fit=0.700200, best_overall=0.700200, mean_diversity=0.138535,
indivs=10627047, elapsed_secs=30629, mean=0.634084, stdev=0.088362, best fit=0.700200, best_overall=0.700200, mean_diversity=0.134984,
indivs=10637105, elapsed_secs=30652, mean=0.567768, stdev=0.165113, best fit=0.700200, best_overall=0.700200, mean_diversity=0.082814,
indivs=10647176, elapsed_secs=30671, mean=0.615767, stdev=0.090790, best fit=0.700200, best_overall=0.700200, mean_diversity=0.091966,
indivs=10657264, elapsed_secs=30687, mean=0.642984, stdev=0.083545, best fit=0.700200, best_overall=0.700200, mean_diversity=0.136513,
indivs=10667311, elapsed_secs=30706, mean=0.629734, stdev=0.092240, best fit=0.700200, best_overall=0.700200, mean_diversity=0.164611,
indivs=10677448, elapsed_secs=30730, mean=0.607027, stdev=0.141180, best fit=0.700200, best_overall=0.700200, mean_diversity=0.078277,
indivs=10687468, elapsed_secs=30749, mean=0.599789, stdev=0.122921, best fit=0.700200, best_overall=0.700200, mean_diversity=0.086369,
indivs=10697598, elapsed_secs=30769, mean=0.618188, stdev=0.116445, best fit=0.700200, best_overall=0.700200, mean_diversity=0.134475,
indivs=10707757, elapsed_secs=30791, mean=0.624594, stdev=0.123848, best fit=0.700200, best_overall=0.700200, mean_diversity=0.094146,
indivs=10717795, elapsed_secs=30810, mean=0.616942, stdev=0.115632, best fit=0.700200, best_overall=0.700200, mean_diversity=0.137993,
indivs=10727886, elapsed_secs=30826, mean=0.632062, stdev=0.092017, best fit=0.700200, best_overall=0.700200, mean_diversity=0.175920,
indivs=10738011, elapsed_secs=30846, mean=0.632002, stdev=0.073238, best fit=0.700200, best_overall=0.700200, mean_diversity=0.099888,
indivs=10748021, elapsed_secs=30869, mean=0.594964, stdev=0.129540, best fit=0.700200, best_overall=0.700200, mean_diversity=0.200558,
indivs=10758045, elapsed_secs=30891, mean=0.596828, stdev=0.170666, best fit=0.700200, best_overall=0.700200, mean_diversity=0.132399,
indivs=10768189, elapsed_secs=30915, mean=0.619810, stdev=0.110604, best fit=0.700200, best_overall=0.700200, mean_diversity=0.198368,
indivs=10778308, elapsed_secs=30932, mean=0.620726, stdev=0.100565, best fit=0.700200, best_overall=0.700200, mean_diversity=0.118674,
indivs=10788374, elapsed_secs=30953, mean=0.614165, stdev=0.123541, best fit=0.700200, best_overall=0.700200, mean_diversity=0.120456,
indivs=10798416, elapsed_secs=30973, mean=0.593785, stdev=0.131015, best fit=0.700200, best_overall=0.700200, mean_diversity=0.136245,
indivs=10808508, elapsed_secs=30990, mean=0.592736, stdev=0.106388, best fit=0.700200, best_overall=0.700200, mean_diversity=0.101562,
indivs=10818570, elapsed_secs=31011, mean=0.629902, stdev=0.109287, best fit=0.700200, best_overall=0.700200, mean_diversity=0.128158,
indivs=10828604, elapsed_secs=31030, mean=0.617621, stdev=0.089616, best fit=0.700200, best_overall=0.700200, mean_diversity=0.103519,
indivs=10838726, elapsed_secs=31051, mean=0.600900, stdev=0.129274, best fit=0.700200, best_overall=0.700200, mean_diversity=0.102568,
indivs=10848759, elapsed_secs=31069, mean=0.640107, stdev=0.106394, best fit=0.700200, best_overall=0.700200, mean_diversity=0.240833,
indivs=10858762, elapsed_secs=31087, mean=0.618361, stdev=0.113188, best fit=0.700200, best_overall=0.700200, mean_diversity=0.162667,
indivs=10868838, elapsed_secs=31102, mean=0.601318, stdev=0.094059, best fit=0.700200, best_overall=0.700200, mean_diversity=0.101908,
indivs=10878840, elapsed_secs=31116, mean=0.608951, stdev=0.163780, best fit=0.700200, best_overall=0.700200, mean_diversity=0.090971,
indivs=10888962, elapsed_secs=31133, mean=0.601408, stdev=0.141638, best fit=0.700200, best_overall=0.700200, mean_diversity=0.129632,
indivs=10899051, elapsed_secs=31153, mean=0.625671, stdev=0.162518, best fit=0.700200, best_overall=0.700200, mean_diversity=0.096331,
indivs=10909080, elapsed_secs=31174, mean=0.585754, stdev=0.106196, best fit=0.700200, best_overall=0.700200, mean_diversity=0.247209,
indivs=10919170, elapsed_secs=31196, mean=0.634335, stdev=0.101551, best fit=0.700200, best_overall=0.700200, mean_diversity=0.087016,
indivs=10929180, elapsed_secs=31213, mean=0.626298, stdev=0.104492, best fit=0.700200, best_overall=0.700200, mean_diversity=0.108869,
indivs=10939211, elapsed_secs=31232, mean=0.590788, stdev=0.197038, best fit=0.700200, best_overall=0.700200, mean_diversity=0.148984,
indivs=10949305, elapsed_secs=31250, mean=0.620213, stdev=0.155711, best fit=0.700200, best_overall=0.700200, mean_diversity=0.108120,
indivs=10959437, elapsed_secs=31268, mean=0.642611, stdev=0.103996, best fit=0.700200, best_overall=0.700200, mean_diversity=0.137100,
indivs=10969566, elapsed_secs=31286, mean=0.649229, stdev=0.087100, best fit=0.700200, best_overall=0.700200, mean_diversity=0.124982,
indivs=10979582, elapsed_secs=31302, mean=0.640924, stdev=0.102623, best fit=0.700200, best_overall=0.700200, mean_diversity=0.087053,
indivs=10989601, elapsed_secs=31322, mean=0.625272, stdev=0.104692, best fit=0.700200, best_overall=0.700200, mean_diversity=0.122179,
indivs=10999706, elapsed_secs=31339, mean=0.599849, stdev=0.123695, best fit=0.700200, best_overall=0.700200, mean_diversity=0.122544,
indivs=11009767, elapsed_secs=31358, mean=0.581200, stdev=0.108471, best fit=0.700200, best_overall=0.700200, mean_diversity=0.090403,
indivs=11019885, elapsed_secs=31378, mean=0.620876, stdev=0.144893, best fit=0.700200, best_overall=0.700200, mean_diversity=0.079294,
indivs=11029982, elapsed_secs=31392, mean=0.594608, stdev=0.086705, best fit=0.700200, best_overall=0.700200, mean_diversity=0.201583,
indivs=11040075, elapsed_secs=31411, mean=0.612494, stdev=0.093448, best fit=0.700200, best_overall=0.700200, mean_diversity=0.177764,
indivs=11050227, elapsed_secs=31429, mean=0.608034, stdev=0.149448, best fit=0.700200, best_overall=0.700200, mean_diversity=0.127204,
indivs=11060273, elapsed_secs=31446, mean=0.630653, stdev=0.081108, best fit=0.700200, best_overall=0.700200, mean_diversity=0.088920,
indivs=11070378, elapsed_secs=31466, mean=0.615611, stdev=0.128037, best fit=0.700200, best_overall=0.700200, mean_diversity=0.143899,
indivs=11080413, elapsed_secs=31482, mean=0.601253, stdev=0.120062, best fit=0.700200, best_overall=0.700200, mean_diversity=0.138796,
indivs=11090461, elapsed_secs=31500, mean=0.632289, stdev=0.136150, best fit=0.700200, best_overall=0.700200, mean_diversity=0.087793,
indivs=11100467, elapsed_secs=31518, mean=0.611089, stdev=0.062959, best fit=0.700200, best_overall=0.700200, mean_diversity=0.087182,
indivs=11110472, elapsed_secs=31538, mean=0.609566, stdev=0.149142, best fit=0.700200, best_overall=0.700200, mean_diversity=0.141374,
indivs=11120495, elapsed_secs=31559, mean=0.644884, stdev=0.103008, best fit=0.700200, best_overall=0.700200, mean_diversity=0.072226,
indivs=11130566, elapsed_secs=31578, mean=0.610775, stdev=0.094304, best fit=0.700200, best_overall=0.700200, mean_diversity=0.147390,
indivs=11140614, elapsed_secs=31595, mean=0.645285, stdev=0.078572, best fit=0.700200, best_overall=0.700200, mean_diversity=0.091050,
indivs=11150708, elapsed_secs=31616, mean=0.633633, stdev=0.087592, best fit=0.700200, best_overall=0.700200, mean_diversity=0.093799,
indivs=11160741, elapsed_secs=31638, mean=0.591387, stdev=0.088343, best fit=0.700200, best_overall=0.700200, mean_diversity=0.120804,
indivs=11170834, elapsed_secs=31654, mean=0.615051, stdev=0.084442, best fit=0.700200, best_overall=0.700200, mean_diversity=0.115207,
indivs=11180877, elapsed_secs=31674, mean=0.574570, stdev=0.163628, best fit=0.700200, best_overall=0.700200, mean_diversity=0.120873,
indivs=11190954, elapsed_secs=31696, mean=0.608070, stdev=0.091685, best fit=0.700200, best_overall=0.700200, mean_diversity=0.102906,
indivs=11201008, elapsed_secs=31715, mean=0.608075, stdev=0.115585, best fit=0.700200, best_overall=0.700200, mean_diversity=0.157807,
indivs=11211067, elapsed_secs=31734, mean=0.634731, stdev=0.091129, best fit=0.700200, best_overall=0.700200, mean_diversity=0.195922,
indivs=11221119, elapsed_secs=31756, mean=0.606633, stdev=0.092122, best fit=0.700200, best_overall=0.700200, mean_diversity=0.090031,
indivs=11231240, elapsed_secs=31770, mean=0.605849, stdev=0.097580, best fit=0.700200, best_overall=0.700200, mean_diversity=0.129088,
indivs=11241378, elapsed_secs=31792, mean=0.592859, stdev=0.180191, best fit=0.700200, best_overall=0.700200, mean_diversity=0.158937,
indivs=11251440, elapsed_secs=31808, mean=0.630471, stdev=0.138331, best fit=0.700200, best_overall=0.700200, mean_diversity=0.101935,
indivs=11261568, elapsed_secs=31825, mean=0.587120, stdev=0.184131, best fit=0.700200, best_overall=0.700200, mean_diversity=0.176477,
indivs=11271673, elapsed_secs=31840, mean=0.620705, stdev=0.125503, best fit=0.700200, best_overall=0.700200, mean_diversity=0.240000,
indivs=11281743, elapsed_secs=31860, mean=0.605990, stdev=0.174618, best fit=0.700200, best_overall=0.700200, mean_diversity=0.169113,
indivs=11291865, elapsed_secs=31877, mean=0.634452, stdev=0.120132, best fit=0.700200, best_overall=0.700200, mean_diversity=0.116194,
indivs=11301948, elapsed_secs=31893, mean=0.587672, stdev=0.122007, best fit=0.700200, best_overall=0.700200, mean_diversity=0.109184,
indivs=11311952, elapsed_secs=31912, mean=0.621525, stdev=0.127968, best fit=0.700200, best_overall=0.700200, mean_diversity=0.178456,
indivs=11322014, elapsed_secs=31931, mean=0.604326, stdev=0.148681, best fit=0.700200, best_overall=0.700200, mean_diversity=0.111111,
indivs=11332074, elapsed_secs=31949, mean=0.644837, stdev=0.085311, best fit=0.700200, best_overall=0.700200, mean_diversity=0.094553,
indivs=11342122, elapsed_secs=31968, mean=0.589170, stdev=0.122378, best fit=0.700200, best_overall=0.700200, mean_diversity=0.202077,
indivs=11352294, elapsed_secs=31986, mean=0.629452, stdev=0.123391, best fit=0.700200, best_overall=0.700200, mean_diversity=0.154177,
indivs=11362375, elapsed_secs=32006, mean=0.638317, stdev=0.106424, best fit=0.700200, best_overall=0.700200, mean_diversity=0.123881,
indivs=11372451, elapsed_secs=32030, mean=0.618084, stdev=0.128946, best fit=0.700200, best_overall=0.700200, mean_diversity=0.120031,
indivs=11382492, elapsed_secs=32047, mean=0.597935, stdev=0.107879, best fit=0.700200, best_overall=0.700200, mean_diversity=0.172632,
indivs=11392631, elapsed_secs=32065, mean=0.631527, stdev=0.081727, best fit=0.700200, best_overall=0.700200, mean_diversity=0.181623,
indivs=11402738, elapsed_secs=32083, mean=0.600719, stdev=0.192865, best fit=0.700200, best_overall=0.700200, mean_diversity=0.110573,
indivs=11412770, elapsed_secs=32102, mean=0.612969, stdev=0.150736, best fit=0.700200, best_overall=0.700200, mean_diversity=0.115034,
indivs=11422854, elapsed_secs=32124, mean=0.599317, stdev=0.140400, best fit=0.700200, best_overall=0.700200, mean_diversity=0.162007,
indivs=11432904, elapsed_secs=32140, mean=0.622912, stdev=0.122956, best fit=0.700200, best_overall=0.700200, mean_diversity=0.104333,
indivs=11442944, elapsed_secs=32156, mean=0.611034, stdev=0.141430, best fit=0.700200, best_overall=0.700200, mean_diversity=0.105012,
indivs=11452984, elapsed_secs=32173, mean=0.590325, stdev=0.106467, best fit=0.700200, best_overall=0.700200, mean_diversity=0.144621,
indivs=11463106, elapsed_secs=32193, mean=0.603185, stdev=0.117866, best fit=0.700200, best_overall=0.700200, mean_diversity=0.306886,
indivs=11473229, elapsed_secs=32209, mean=0.613912, stdev=0.116182, best fit=0.700200, best_overall=0.700200, mean_diversity=0.132363,
indivs=11483254, elapsed_secs=32228, mean=0.609705, stdev=0.145120, best fit=0.700200, best_overall=0.700200, mean_diversity=0.092766,
indivs=11493362, elapsed_secs=32247, mean=0.581412, stdev=0.210011, best fit=0.700200, best_overall=0.700200, mean_diversity=0.101773,
indivs=11503436, elapsed_secs=32269, mean=0.621220, stdev=0.120917, best fit=0.700200, best_overall=0.700200, mean_diversity=0.132779,
indivs=11513441, elapsed_secs=32285, mean=0.618554, stdev=0.112380, best fit=0.700200, best_overall=0.700200, mean_diversity=0.106850,
indivs=11523446, elapsed_secs=32303, mean=0.612790, stdev=0.097355, best fit=0.700200, best_overall=0.700200, mean_diversity=0.110319,
indivs=11533570, elapsed_secs=32320, mean=0.634723, stdev=0.101081, best fit=0.700200, best_overall=0.700200, mean_diversity=0.126497,
indivs=11543690, elapsed_secs=32340, mean=0.624887, stdev=0.121271, best fit=0.700200, best_overall=0.700200, mean_diversity=0.129290,
indivs=11553727, elapsed_secs=32358, mean=0.640556, stdev=0.118606, best fit=0.700200, best_overall=0.700200, mean_diversity=0.125806,
indivs=11563823, elapsed_secs=32376, mean=0.593244, stdev=0.128052, best fit=0.700200, best_overall=0.700200, mean_diversity=0.181134,
indivs=11573863, elapsed_secs=32394, mean=0.608659, stdev=0.100284, best fit=0.700200, best_overall=0.700200, mean_diversity=0.120712,
indivs=11583920, elapsed_secs=32410, mean=0.651399, stdev=0.097632, best fit=0.700200, best_overall=0.700200, mean_diversity=0.083153,
indivs=11594029, elapsed_secs=32428, mean=0.628131, stdev=0.126757, best fit=0.700200, best_overall=0.700200, mean_diversity=0.103342,
indivs=11604101, elapsed_secs=32445, mean=0.606120, stdev=0.125897, best fit=0.700200, best_overall=0.700200, mean_diversity=0.136596,
indivs=11614107, elapsed_secs=32464, mean=0.626347, stdev=0.126112, best fit=0.700200, best_overall=0.700200, mean_diversity=0.123559,
indivs=11624217, elapsed_secs=32480, mean=0.620443, stdev=0.081476, best fit=0.700200, best_overall=0.700200, mean_diversity=0.150251,
indivs=11634277, elapsed_secs=32497, mean=0.620358, stdev=0.110589, best fit=0.700200, best_overall=0.700200, mean_diversity=0.107380,
indivs=11644283, elapsed_secs=32525, mean=0.608193, stdev=0.072446, best fit=0.700200, best_overall=0.700200, mean_diversity=0.091302,
indivs=11654337, elapsed_secs=32544, mean=0.630934, stdev=0.102970, best fit=0.700200, best_overall=0.700200, mean_diversity=0.119129,
indivs=11664381, elapsed_secs=32564, mean=0.596398, stdev=0.118595, best fit=0.700200, best_overall=0.700200, mean_diversity=0.130709,
indivs=11674390, elapsed_secs=32585, mean=0.592514, stdev=0.108268, best fit=0.700200, best_overall=0.700200, mean_diversity=0.155787,
indivs=11684451, elapsed_secs=32602, mean=0.622690, stdev=0.078688, best fit=0.700200, best_overall=0.700200, mean_diversity=0.125194,
indivs=11694461, elapsed_secs=32618, mean=0.615683, stdev=0.101337, best fit=0.700200, best_overall=0.700200, mean_diversity=0.191250,
indivs=11704464, elapsed_secs=32642, mean=0.606657, stdev=0.116742, best fit=0.700200, best_overall=0.700200, mean_diversity=0.143092,
indivs=11714515, elapsed_secs=32663, mean=0.602895, stdev=0.127878, best fit=0.700200, best_overall=0.700200, mean_diversity=0.090397,
indivs=11724542, elapsed_secs=32683, mean=0.626398, stdev=0.102710, best fit=0.700200, best_overall=0.700200, mean_diversity=0.142116,
indivs=11734638, elapsed_secs=32703, mean=0.635954, stdev=0.096502, best fit=0.700200, best_overall=0.700200, mean_diversity=0.163077,
indivs=11744643, elapsed_secs=32721, mean=0.622434, stdev=0.138449, best fit=0.700200, best_overall=0.700200, mean_diversity=0.142632,
indivs=11754683, elapsed_secs=32746, mean=0.622565, stdev=0.151698, best fit=0.700200, best_overall=0.700200, mean_diversity=0.153989,
indivs=11764822, elapsed_secs=32766, mean=0.623789, stdev=0.161126, best fit=0.700200, best_overall=0.700200, mean_diversity=0.189038,
indivs=11774950, elapsed_secs=32781, mean=0.616672, stdev=0.141761, best fit=0.700200, best_overall=0.700200, mean_diversity=0.229417,
indivs=11784971, elapsed_secs=32796, mean=0.637272, stdev=0.113590, best fit=0.700200, best_overall=0.700200, mean_diversity=0.232030,
indivs=11795047, elapsed_secs=32819, mean=0.573871, stdev=0.203844, best fit=0.700200, best_overall=0.700200, mean_diversity=0.097244,
indivs=11805200, elapsed_secs=32839, mean=0.639920, stdev=0.123326, best fit=0.700200, best_overall=0.700200, mean_diversity=0.093205,
indivs=11815209, elapsed_secs=32859, mean=0.619521, stdev=0.110577, best fit=0.700200, best_overall=0.700200, mean_diversity=0.094036,
indivs=11825288, elapsed_secs=32879, mean=0.636569, stdev=0.106475, best fit=0.700200, best_overall=0.700200, mean_diversity=0.144762,
indivs=11835319, elapsed_secs=32898, mean=0.583906, stdev=0.123040, best fit=0.700200, best_overall=0.700200, mean_diversity=0.104222,
indivs=11845437, elapsed_secs=32918, mean=0.634516, stdev=0.105193, best fit=0.700200, best_overall=0.700200, mean_diversity=0.115895,
indivs=11855593, elapsed_secs=32938, mean=0.634721, stdev=0.136575, best fit=0.700200, best_overall=0.700200, mean_diversity=0.073908,
indivs=11865760, elapsed_secs=32959, mean=0.626125, stdev=0.124739, best fit=0.700200, best_overall=0.700200, mean_diversity=0.143242,
indivs=11875817, elapsed_secs=32978, mean=0.600010, stdev=0.108264, best fit=0.700200, best_overall=0.700200, mean_diversity=0.102527,
indivs=11885882, elapsed_secs=33001, mean=0.601331, stdev=0.137411, best fit=0.700200, best_overall=0.700200, mean_diversity=0.145633,
indivs=11895989, elapsed_secs=33019, mean=0.625440, stdev=0.126618, best fit=0.700200, best_overall=0.700200, mean_diversity=0.114367,
indivs=11905992, elapsed_secs=33037, mean=0.601832, stdev=0.102727, best fit=0.700200, best_overall=0.700200, mean_diversity=0.195517,
indivs=11916142, elapsed_secs=33052, mean=0.627960, stdev=0.111246, best fit=0.700200, best_overall=0.700200, mean_diversity=0.143033,
indivs=11926143, elapsed_secs=33072, mean=0.597480, stdev=0.121156, best fit=0.700200, best_overall=0.700200, mean_diversity=0.123701,
indivs=11936276, elapsed_secs=33089, mean=0.613273, stdev=0.116837, best fit=0.700200, best_overall=0.700200, mean_diversity=0.112410,
indivs=11946430, elapsed_secs=33108, mean=0.616900, stdev=0.128656, best fit=0.700200, best_overall=0.700200, mean_diversity=0.179467,
indivs=11956475, elapsed_secs=33124, mean=0.617233, stdev=0.163671, best fit=0.700200, best_overall=0.700200, mean_diversity=0.149860,
indivs=11966599, elapsed_secs=33141, mean=0.610695, stdev=0.164246, best fit=0.700200, best_overall=0.700200, mean_diversity=0.121568,
indivs=11976761, elapsed_secs=33159, mean=0.590397, stdev=0.172408, best fit=0.700200, best_overall=0.700200, mean_diversity=0.244362,
indivs=11986888, elapsed_secs=33182, mean=0.621637, stdev=0.080602, best fit=0.700200, best_overall=0.700200, mean_diversity=0.112091,
indivs=11996888, elapsed_secs=33208, mean=0.580228, stdev=0.174896, best fit=0.700200, best_overall=0.700200, mean_diversity=0.169032,
indivs=12006919, elapsed_secs=33229, mean=0.580452, stdev=0.137283, best fit=0.700200, best_overall=0.700200, mean_diversity=0.182143,
indivs=12016981, elapsed_secs=33245, mean=0.581466, stdev=0.098210, best fit=0.700200, best_overall=0.700200, mean_diversity=0.129828,
indivs=12027003, elapsed_secs=33262, mean=0.606054, stdev=0.064823, best fit=0.700200, best_overall=0.700200, mean_diversity=0.080187,
indivs=12037144, elapsed_secs=33283, mean=0.623039, stdev=0.124678, best fit=0.700200, best_overall=0.700200, mean_diversity=0.070992,
indivs=12047156, elapsed_secs=33299, mean=0.596454, stdev=0.133864, best fit=0.700200, best_overall=0.700200, mean_diversity=0.142468,
indivs=12057176, elapsed_secs=33315, mean=0.608928, stdev=0.104134, best fit=0.700200, best_overall=0.700200, mean_diversity=0.138023,
indivs=12067296, elapsed_secs=33332, mean=0.627486, stdev=0.103902, best fit=0.700200, best_overall=0.700200, mean_diversity=0.132251,
indivs=12077378, elapsed_secs=33351, mean=0.605443, stdev=0.095602, best fit=0.700200, best_overall=0.700200, mean_diversity=0.107271,
indivs=12087418, elapsed_secs=33370, mean=0.608788, stdev=0.093616, best fit=0.700200, best_overall=0.700200, mean_diversity=0.187663,
indivs=12097498, elapsed_secs=33389, mean=0.605613, stdev=0.103961, best fit=0.700200, best_overall=0.700200, mean_diversity=0.128958,
indivs=12107515, elapsed_secs=33403, mean=0.634282, stdev=0.074222, best fit=0.700200, best_overall=0.700200, mean_diversity=0.094043,
indivs=12117523, elapsed_secs=33420, mean=0.633782, stdev=0.087703, best fit=0.700200, best_overall=0.700200, mean_diversity=0.101989,
indivs=12127669, elapsed_secs=33435, mean=0.643776, stdev=0.086283, best fit=0.700200, best_overall=0.700200, mean_diversity=0.086406,
indivs=12137739, elapsed_secs=33453, mean=0.600731, stdev=0.108678, best fit=0.700200, best_overall=0.700200, mean_diversity=0.135657,
indivs=12147908, elapsed_secs=33467, mean=0.612769, stdev=0.168705, best fit=0.700200, best_overall=0.700200, mean_diversity=0.127656,
indivs=12158008, elapsed_secs=33486, mean=0.635948, stdev=0.074711, best fit=0.700200, best_overall=0.700200, mean_diversity=0.102683,
indivs=12168058, elapsed_secs=33506, mean=0.601370, stdev=0.105277, best fit=0.700200, best_overall=0.700200, mean_diversity=0.143500,
indivs=12178209, elapsed_secs=33523, mean=0.629802, stdev=0.122684, best fit=0.700200, best_overall=0.700200, mean_diversity=0.204221,
indivs=12188221, elapsed_secs=33540, mean=0.625152, stdev=0.108944, best fit=0.700200, best_overall=0.700200, mean_diversity=0.154894,
indivs=12198335, elapsed_secs=33555, mean=0.606830, stdev=0.129761, best fit=0.700200, best_overall=0.700200, mean_diversity=0.111077,
indivs=12208425, elapsed_secs=33576, mean=0.617834, stdev=0.107669, best fit=0.700200, best_overall=0.700200, mean_diversity=0.121155,
indivs=12218483, elapsed_secs=33588, mean=0.599378, stdev=0.174489, best fit=0.700200, best_overall=0.700200, mean_diversity=0.108136,
indivs=12228555, elapsed_secs=33604, mean=0.592820, stdev=0.153995, best fit=0.700200, best_overall=0.700200, mean_diversity=0.130362,
indivs=12238599, elapsed_secs=33630, mean=0.622865, stdev=0.150869, best fit=0.700200, best_overall=0.700200, mean_diversity=0.215500,
indivs=12248643, elapsed_secs=33645, mean=0.616360, stdev=0.099461, best fit=0.700200, best_overall=0.700200, mean_diversity=0.066600,
indivs=12258695, elapsed_secs=33661, mean=0.643468, stdev=0.082875, best fit=0.700200, best_overall=0.700200, mean_diversity=0.091962,
indivs=12268763, elapsed_secs=33673, mean=0.635775, stdev=0.078519, best fit=0.700200, best_overall=0.700200, mean_diversity=0.134009,
indivs=12278770, elapsed_secs=33690, mean=0.632502, stdev=0.104872, best fit=0.700200, best_overall=0.700200, mean_diversity=0.095128,
indivs=12288920, elapsed_secs=33709, mean=0.627563, stdev=0.110069, best fit=0.700200, best_overall=0.700200, mean_diversity=0.141709,
indivs=12298960, elapsed_secs=33728, mean=0.620729, stdev=0.076105, best fit=0.700200, best_overall=0.700200, mean_diversity=0.143123,
indivs=12309009, elapsed_secs=33743, mean=0.595382, stdev=0.110313, best fit=0.700200, best_overall=0.700200, mean_diversity=0.160733,
indivs=12319134, elapsed_secs=33757, mean=0.634249, stdev=0.109415, best fit=0.700200, best_overall=0.700200, mean_diversity=0.301871,
indivs=12329143, elapsed_secs=33772, mean=0.621150, stdev=0.138585, best fit=0.700200, best_overall=0.700200, mean_diversity=0.124465,
indivs=12339195, elapsed_secs=33789, mean=0.581207, stdev=0.135603, best fit=0.700200, best_overall=0.700200, mean_diversity=0.102241,
indivs=12349308, elapsed_secs=33806, mean=0.646666, stdev=0.083394, best fit=0.700200, best_overall=0.700200, mean_diversity=0.081340,
indivs=12359411, elapsed_secs=33829, mean=0.629992, stdev=0.081767, best fit=0.700200, best_overall=0.700200, mean_diversity=0.116264,
indivs=12369536, elapsed_secs=33848, mean=0.628298, stdev=0.110006, best fit=0.700200, best_overall=0.700200, mean_diversity=0.146649,
indivs=12379680, elapsed_secs=33867, mean=0.630970, stdev=0.124970, best fit=0.700200, best_overall=0.700200, mean_diversity=0.104948,
indivs=12389765, elapsed_secs=33882, mean=0.594030, stdev=0.171983, best fit=0.700200, best_overall=0.700200, mean_diversity=0.125176,
indivs=12399767, elapsed_secs=33900, mean=0.642321, stdev=0.103070, best fit=0.700200, best_overall=0.700200, mean_diversity=0.103699,
indivs=12409820, elapsed_secs=33920, mean=0.579036, stdev=0.227422, best fit=0.700200, best_overall=0.700200, mean_diversity=0.157126,
indivs=12419900, elapsed_secs=33941, mean=0.637155, stdev=0.134119, best fit=0.700200, best_overall=0.700200, mean_diversity=0.164332,
indivs=12429987, elapsed_secs=33960, mean=0.640369, stdev=0.083434, best fit=0.700200, best_overall=0.700200, mean_diversity=0.076568,
indivs=12440002, elapsed_secs=33973, mean=0.603845, stdev=0.066874, best fit=0.700400, best_overall=0.700400, mean_diversity=0.083288,
indivs=12450054, elapsed_secs=33984, mean=0.610687, stdev=0.156049, best fit=0.700600, best_overall=0.700600, mean_diversity=0.206667,
indivs=12460200, elapsed_secs=33994, mean=0.581497, stdev=0.173729, best fit=0.700600, best_overall=0.700600, mean_diversity=0.107619,
indivs=12470293, elapsed_secs=34005, mean=0.604365, stdev=0.190237, best fit=0.700600, best_overall=0.700600, mean_diversity=0.085822,
indivs=12480331, elapsed_secs=34016, mean=0.627465, stdev=0.130231, best fit=0.700600, best_overall=0.700600, mean_diversity=0.092315,
indivs=12490503, elapsed_secs=34027, mean=0.621930, stdev=0.147661, best fit=0.700600, best_overall=0.700600, mean_diversity=0.075640,
indivs=12500524, elapsed_secs=34038, mean=0.605591, stdev=0.139318, best fit=0.700600, best_overall=0.700600, mean_diversity=0.094635,
indivs=12510637, elapsed_secs=34049, mean=0.606344, stdev=0.154581, best fit=0.700600, best_overall=0.700600, mean_diversity=0.097654,
indivs=12520728, elapsed_secs=34062, mean=0.612972, stdev=0.172970, best fit=0.700600, best_overall=0.700600, mean_diversity=0.110482,
indivs=12530748, elapsed_secs=34072, mean=0.652354, stdev=0.071551, best fit=0.700600, best_overall=0.700600, mean_diversity=0.165000,
indivs=12540788, elapsed_secs=34087, mean=0.591957, stdev=0.120181, best fit=0.700600, best_overall=0.700600, mean_diversity=0.128220,
indivs=12550845, elapsed_secs=34096, mean=0.594316, stdev=0.124227, best fit=0.700600, best_overall=0.700600, mean_diversity=0.085231,
indivs=12560850, elapsed_secs=34105, mean=0.583342, stdev=0.120274, best fit=0.700600, best_overall=0.700600, mean_diversity=0.145304,
indivs=12570946, elapsed_secs=34114, mean=0.628573, stdev=0.133085, best fit=0.700600, best_overall=0.700600, mean_diversity=0.105496,
indivs=12580961, elapsed_secs=34124, mean=0.605973, stdev=0.144276, best fit=0.700600, best_overall=0.700600, mean_diversity=0.103708,
indivs=12591066, elapsed_secs=34136, mean=0.633338, stdev=0.133318, best fit=0.700600, best_overall=0.700600, mean_diversity=0.126789,
indivs=12601082, elapsed_secs=34145, mean=0.617952, stdev=0.129683, best fit=0.700600, best_overall=0.700600, mean_diversity=0.140932,
indivs=12611167, elapsed_secs=34158, mean=0.623498, stdev=0.169110, best fit=0.700600, best_overall=0.700600, mean_diversity=0.111070,
indivs=12621231, elapsed_secs=34167, mean=0.604235, stdev=0.132010, best fit=0.700600, best_overall=0.700600, mean_diversity=0.161044,
indivs=12631270, elapsed_secs=34176, mean=0.616962, stdev=0.151107, best fit=0.700600, best_overall=0.700600, mean_diversity=0.140757,
indivs=12641293, elapsed_secs=34187, mean=0.577710, stdev=0.214839, best fit=0.700600, best_overall=0.700600, mean_diversity=0.102175,
indivs=12651461, elapsed_secs=34195, mean=0.576471, stdev=0.199822, best fit=0.700600, best_overall=0.700600, mean_diversity=0.083391,
indivs=12661555, elapsed_secs=34206, mean=0.586723, stdev=0.197962, best fit=0.700600, best_overall=0.700600, mean_diversity=0.070258,
indivs=12671664, elapsed_secs=34217, mean=0.611822, stdev=0.142690, best fit=0.700600, best_overall=0.700600, mean_diversity=0.137713,
indivs=12681671, elapsed_secs=34227, mean=0.628338, stdev=0.121200, best fit=0.700600, best_overall=0.700600, mean_diversity=0.071489,
indivs=12691770, elapsed_secs=34237, mean=0.594635, stdev=0.104672, best fit=0.700600, best_overall=0.700600, mean_diversity=0.100000,
indivs=12701781, elapsed_secs=34246, mean=0.589193, stdev=0.149471, best fit=0.700600, best_overall=0.700600, mean_diversity=0.121864,
indivs=12711800, elapsed_secs=34256, mean=0.574361, stdev=0.138104, best fit=0.700600, best_overall=0.700600, mean_diversity=0.143467,
indivs=12721918, elapsed_secs=34266, mean=0.597603, stdev=0.205125, best fit=0.700600, best_overall=0.700600, mean_diversity=0.122239,
indivs=12732035, elapsed_secs=34275, mean=0.556869, stdev=0.136981, best fit=0.700600, best_overall=0.700600, mean_diversity=0.086989,
indivs=12742184, elapsed_secs=34285, mean=0.574117, stdev=0.192904, best fit=0.700600, best_overall=0.700600, mean_diversity=0.089525,
indivs=12752290, elapsed_secs=34299, mean=0.635369, stdev=0.118548, best fit=0.700600, best_overall=0.700600, mean_diversity=0.160952,
indivs=12762357, elapsed_secs=34311, mean=0.595537, stdev=0.158133, best fit=0.700600, best_overall=0.700600, mean_diversity=0.108225,
indivs=12772416, elapsed_secs=34321, mean=0.607900, stdev=0.124649, best fit=0.700600, best_overall=0.700600, mean_diversity=0.079304,
indivs=12782473, elapsed_secs=34330, mean=0.597166, stdev=0.140237, best fit=0.700600, best_overall=0.700600, mean_diversity=0.089912,
indivs=12792556, elapsed_secs=34339, mean=0.591376, stdev=0.108285, best fit=0.700600, best_overall=0.700600, mean_diversity=0.127748,
indivs=12802640, elapsed_secs=34350, mean=0.606246, stdev=0.163440, best fit=0.700600, best_overall=0.700600, mean_diversity=0.126600,
indivs=12812698, elapsed_secs=34359, mean=0.608371, stdev=0.152972, best fit=0.700600, best_overall=0.700600, mean_diversity=0.141444,
indivs=12822816, elapsed_secs=34369, mean=0.588751, stdev=0.168773, best fit=0.700600, best_overall=0.700600, mean_diversity=0.114373,
indivs=12832821, elapsed_secs=34379, mean=0.585948, stdev=0.135868, best fit=0.700600, best_overall=0.700600, mean_diversity=0.072646,
indivs=12842997, elapsed_secs=34387, mean=0.645533, stdev=0.106809, best fit=0.700600, best_overall=0.700600, mean_diversity=0.088764,
indivs=12853143, elapsed_secs=34401, mean=0.618999, stdev=0.127701, best fit=0.700800, best_overall=0.700800, mean_diversity=0.108703,
indivs=12863266, elapsed_secs=34416, mean=0.610981, stdev=0.096859, best fit=0.700800, best_overall=0.700800, mean_diversity=0.220866,
indivs=12873378, elapsed_secs=34453, mean=0.617449, stdev=0.141881, best fit=0.700800, best_overall=0.700800, mean_diversity=0.130624,
indivs=12883468, elapsed_secs=34474, mean=0.615488, stdev=0.113546, best fit=0.700800, best_overall=0.700800, mean_diversity=0.211026,
indivs=12893558, elapsed_secs=34497, mean=0.600054, stdev=0.155201, best fit=0.700800, best_overall=0.700800, mean_diversity=0.096497,
indivs=12903565, elapsed_secs=34522, mean=0.612590, stdev=0.127464, best fit=0.700800, best_overall=0.700800, mean_diversity=0.212577,
indivs=12913627, elapsed_secs=34542, mean=0.600279, stdev=0.132111, best fit=0.700800, best_overall=0.700800, mean_diversity=0.138469,
indivs=12923665, elapsed_secs=34570, mean=0.635881, stdev=0.107976, best fit=0.700800, best_overall=0.700800, mean_diversity=0.138909,
indivs=12933740, elapsed_secs=34591, mean=0.611422, stdev=0.079299, best fit=0.700800, best_overall=0.700800, mean_diversity=0.152125,
indivs=12943821, elapsed_secs=34613, mean=0.632613, stdev=0.109764, best fit=0.700800, best_overall=0.700800, mean_diversity=0.174492,
indivs=12953918, elapsed_secs=34634, mean=0.569510, stdev=0.152038, best fit=0.700800, best_overall=0.700800, mean_diversity=0.167971,
indivs=12964069, elapsed_secs=34656, mean=0.604326, stdev=0.174777, best fit=0.700800, best_overall=0.700800, mean_diversity=0.186882,
indivs=12974083, elapsed_secs=34683, mean=0.587348, stdev=0.070158, best fit=0.700800, best_overall=0.700800, mean_diversity=0.074146,
indivs=12984191, elapsed_secs=34705, mean=0.639397, stdev=0.085486, best fit=0.700800, best_overall=0.700800, mean_diversity=0.123268,
indivs=12994277, elapsed_secs=34717, mean=0.606762, stdev=0.153110, best fit=0.700800, best_overall=0.700800, mean_diversity=0.202381,
indivs=13004279, elapsed_secs=34733, mean=0.602829, stdev=0.118256, best fit=0.700800, best_overall=0.700800, mean_diversity=0.116724,
indivs=13014352, elapsed_secs=34756, mean=0.604049, stdev=0.142807, best fit=0.700800, best_overall=0.700800, mean_diversity=0.164023,
indivs=13024433, elapsed_secs=34772, mean=0.573292, stdev=0.146841, best fit=0.700800, best_overall=0.700800, mean_diversity=0.232972,
indivs=13034484, elapsed_secs=34797, mean=0.631800, stdev=0.122636, best fit=0.700800, best_overall=0.700800, mean_diversity=0.175601,
indivs=13044593, elapsed_secs=34815, mean=0.601071, stdev=0.114025, best fit=0.700800, best_overall=0.700800, mean_diversity=0.176469,
indivs=13054644, elapsed_secs=34836, mean=0.633579, stdev=0.087199, best fit=0.700800, best_overall=0.700800, mean_diversity=0.108406,
indivs=13064676, elapsed_secs=34854, mean=0.601180, stdev=0.139671, best fit=0.700800, best_overall=0.700800, mean_diversity=0.132724,
indivs=13074819, elapsed_secs=34876, mean=0.641288, stdev=0.083433, best fit=0.700800, best_overall=0.700800, mean_diversity=0.231853,
indivs=13084918, elapsed_secs=34895, mean=0.634183, stdev=0.089589, best fit=0.700800, best_overall=0.700800, mean_diversity=0.177822,
indivs=13094993, elapsed_secs=34914, mean=0.600561, stdev=0.135135, best fit=0.700800, best_overall=0.700800, mean_diversity=0.093943,
indivs=13104998, elapsed_secs=34937, mean=0.640030, stdev=0.081942, best fit=0.700800, best_overall=0.700800, mean_diversity=0.128795,
indivs=13115011, elapsed_secs=34964, mean=0.604661, stdev=0.159804, best fit=0.700800, best_overall=0.700800, mean_diversity=0.127804,
indivs=13125153, elapsed_secs=34989, mean=0.632978, stdev=0.139686, best fit=0.700800, best_overall=0.700800, mean_diversity=0.113819,
indivs=13135156, elapsed_secs=35008, mean=0.604772, stdev=0.083708, best fit=0.700800, best_overall=0.700800, mean_diversity=0.110547,
indivs=13145172, elapsed_secs=35026, mean=0.598435, stdev=0.165164, best fit=0.700800, best_overall=0.700800, mean_diversity=0.065974,
indivs=13155214, elapsed_secs=35053, mean=0.599444, stdev=0.114377, best fit=0.700800, best_overall=0.700800, mean_diversity=0.180446,
indivs=13165374, elapsed_secs=35075, mean=0.622995, stdev=0.140390, best fit=0.700800, best_overall=0.700800, mean_diversity=0.171455,
indivs=13175387, elapsed_secs=35093, mean=0.581851, stdev=0.105915, best fit=0.700800, best_overall=0.700800, mean_diversity=0.142243,
indivs=13185547, elapsed_secs=35117, mean=0.611876, stdev=0.150003, best fit=0.700800, best_overall=0.700800, mean_diversity=0.134915,
indivs=13195671, elapsed_secs=35139, mean=0.615941, stdev=0.150109, best fit=0.700800, best_overall=0.700800, mean_diversity=0.184315,
indivs=13205685, elapsed_secs=35169, mean=0.622356, stdev=0.077882, best fit=0.700800, best_overall=0.700800, mean_diversity=0.162962,
indivs=13215717, elapsed_secs=35189, mean=0.630445, stdev=0.123984, best fit=0.700800, best_overall=0.700800, mean_diversity=0.186177,
indivs=13225774, elapsed_secs=35210, mean=0.610705, stdev=0.073825, best fit=0.700800, best_overall=0.700800, mean_diversity=0.207237,
indivs=13235812, elapsed_secs=35236, mean=0.602689, stdev=0.175937, best fit=0.700800, best_overall=0.700800, mean_diversity=0.184043,
indivs=13245862, elapsed_secs=35266, mean=0.601572, stdev=0.103203, best fit=0.700800, best_overall=0.700800, mean_diversity=0.128947,
indivs=13255889, elapsed_secs=35289, mean=0.606598, stdev=0.099827, best fit=0.700800, best_overall=0.700800, mean_diversity=0.105809,
indivs=13265941, elapsed_secs=35313, mean=0.626987, stdev=0.108894, best fit=0.700800, best_overall=0.700800, mean_diversity=0.203019,
indivs=13276090, elapsed_secs=35337, mean=0.620642, stdev=0.150562, best fit=0.700800, best_overall=0.700800, mean_diversity=0.115074,
indivs=13286099, elapsed_secs=35356, mean=0.615761, stdev=0.139544, best fit=0.700800, best_overall=0.700800, mean_diversity=0.247685,
indivs=13296194, elapsed_secs=35381, mean=0.620131, stdev=0.084454, best fit=0.700800, best_overall=0.700800, mean_diversity=0.123591,
indivs=13306221, elapsed_secs=35402, mean=0.604853, stdev=0.077443, best fit=0.700800, best_overall=0.700800, mean_diversity=0.126737,
indivs=13316237, elapsed_secs=35418, mean=0.619918, stdev=0.072142, best fit=0.700800, best_overall=0.700800, mean_diversity=0.149830,
indivs=13326344, elapsed_secs=35437, mean=0.601024, stdev=0.164508, best fit=0.700800, best_overall=0.700800, mean_diversity=0.185301,
indivs=13336363, elapsed_secs=35461, mean=0.604971, stdev=0.068073, best fit=0.700800, best_overall=0.700800, mean_diversity=0.088647,
indivs=13346437, elapsed_secs=35484, mean=0.611330, stdev=0.099748, best fit=0.700800, best_overall=0.700800, mean_diversity=0.240514,
indivs=13356513, elapsed_secs=35515, mean=0.611647, stdev=0.163537, best fit=0.700800, best_overall=0.700800, mean_diversity=0.097637,
indivs=13366519, elapsed_secs=35536, mean=0.654556, stdev=0.076405, best fit=0.700800, best_overall=0.700800, mean_diversity=0.130078,
indivs=13376671, elapsed_secs=35562, mean=0.627009, stdev=0.088306, best fit=0.700800, best_overall=0.700800, mean_diversity=0.138852,
indivs=13386696, elapsed_secs=35584, mean=0.609532, stdev=0.062681, best fit=0.700800, best_overall=0.700800, mean_diversity=0.101401,
indivs=13396720, elapsed_secs=35600, mean=0.608502, stdev=0.114175, best fit=0.700800, best_overall=0.700800, mean_diversity=0.116034,
indivs=13406755, elapsed_secs=35624, mean=0.575950, stdev=0.125250, best fit=0.700800, best_overall=0.700800, mean_diversity=0.164853,
indivs=13416835, elapsed_secs=35646, mean=0.580448, stdev=0.135061, best fit=0.700800, best_overall=0.700800, mean_diversity=0.154290,
indivs=13426868, elapsed_secs=35678, mean=0.590950, stdev=0.136654, best fit=0.700800, best_overall=0.700800, mean_diversity=0.139287,
indivs=13436996, elapsed_secs=35693, mean=0.627738, stdev=0.088249, best fit=0.700800, best_overall=0.700800, mean_diversity=0.139942,
indivs=13447120, elapsed_secs=35714, mean=0.648180, stdev=0.097429, best fit=0.700800, best_overall=0.700800, mean_diversity=0.255444,
indivs=13457223, elapsed_secs=35740, mean=0.642789, stdev=0.105613, best fit=0.700800, best_overall=0.700800, mean_diversity=0.139982,
indivs=13467256, elapsed_secs=35768, mean=0.601413, stdev=0.110719, best fit=0.700800, best_overall=0.700800, mean_diversity=0.263157,
indivs=13477279, elapsed_secs=35789, mean=0.600064, stdev=0.091031, best fit=0.700800, best_overall=0.700800, mean_diversity=0.142086,
indivs=13487401, elapsed_secs=35810, mean=0.605692, stdev=0.127772, best fit=0.700800, best_overall=0.700800, mean_diversity=0.113577,
indivs=13497459, elapsed_secs=35834, mean=0.644536, stdev=0.119021, best fit=0.700800, best_overall=0.700800, mean_diversity=0.099577,
indivs=13507495, elapsed_secs=35848, mean=0.577227, stdev=0.216780, best fit=0.700800, best_overall=0.700800, mean_diversity=0.148279,
indivs=13517576, elapsed_secs=35865, mean=0.585619, stdev=0.132537, best fit=0.700800, best_overall=0.700800, mean_diversity=0.204502,
indivs=13527713, elapsed_secs=35887, mean=0.632763, stdev=0.108325, best fit=0.700800, best_overall=0.700800, mean_diversity=0.135501,
indivs=13537830, elapsed_secs=35902, mean=0.599973, stdev=0.114212, best fit=0.700800, best_overall=0.700800, mean_diversity=0.274596,
indivs=13547988, elapsed_secs=35921, mean=0.608268, stdev=0.174575, best fit=0.700800, best_overall=0.700800, mean_diversity=0.204526,
indivs=13558057, elapsed_secs=35943, mean=0.607357, stdev=0.136246, best fit=0.700800, best_overall=0.700800, mean_diversity=0.145948,
indivs=13568148, elapsed_secs=35957, mean=0.597955, stdev=0.084106, best fit=0.700800, best_overall=0.700800, mean_diversity=0.174679,
indivs=13578181, elapsed_secs=35977, mean=0.579296, stdev=0.178170, best fit=0.700800, best_overall=0.700800, mean_diversity=0.135382,
indivs=13588308, elapsed_secs=35999, mean=0.614822, stdev=0.108028, best fit=0.700800, best_overall=0.700800, mean_diversity=0.188422,
indivs=13598316, elapsed_secs=36024, mean=0.611563, stdev=0.099491, best fit=0.700800, best_overall=0.700800, mean_diversity=0.112776,
indivs=13608434, elapsed_secs=36044, mean=0.636600, stdev=0.106884, best fit=0.700800, best_overall=0.700800, mean_diversity=0.182559,
indivs=13618485, elapsed_secs=36061, mean=0.623648, stdev=0.106698, best fit=0.700800, best_overall=0.700800, mean_diversity=0.143401,
indivs=13628592, elapsed_secs=36091, mean=0.601926, stdev=0.138149, best fit=0.700800, best_overall=0.700800, mean_diversity=0.216146,
indivs=13638704, elapsed_secs=36117, mean=0.604734, stdev=0.115313, best fit=0.700800, best_overall=0.700800, mean_diversity=0.158226,
indivs=13648821, elapsed_secs=36138, mean=0.614679, stdev=0.121399, best fit=0.700800, best_overall=0.700800, mean_diversity=0.182376,
indivs=13658872, elapsed_secs=36152, mean=0.628906, stdev=0.114360, best fit=0.700800, best_overall=0.700800, mean_diversity=0.185522,
indivs=13668963, elapsed_secs=36173, mean=0.616796, stdev=0.106178, best fit=0.700800, best_overall=0.700800, mean_diversity=0.237722,
indivs=13679128, elapsed_secs=36198, mean=0.608024, stdev=0.141884, best fit=0.700800, best_overall=0.700800, mean_diversity=0.191514,
indivs=13689224, elapsed_secs=36225, mean=0.633947, stdev=0.087636, best fit=0.700800, best_overall=0.700800, mean_diversity=0.093217,
indivs=13699237, elapsed_secs=36247, mean=0.621795, stdev=0.081335, best fit=0.700800, best_overall=0.700800, mean_diversity=0.210572,
indivs=13709272, elapsed_secs=36269, mean=0.618724, stdev=0.149367, best fit=0.700800, best_overall=0.700800, mean_diversity=0.193351,
indivs=13719355, elapsed_secs=36292, mean=0.622347, stdev=0.152080, best fit=0.700800, best_overall=0.700800, mean_diversity=0.100290,
indivs=13729444, elapsed_secs=36312, mean=0.597365, stdev=0.072372, best fit=0.700800, best_overall=0.700800, mean_diversity=0.107763,
indivs=13739505, elapsed_secs=36331, mean=0.607550, stdev=0.093582, best fit=0.700800, best_overall=0.700800, mean_diversity=0.196472,
indivs=13749627, elapsed_secs=36345, mean=0.630695, stdev=0.092736, best fit=0.700800, best_overall=0.700800, mean_diversity=0.222784,
indivs=13759718, elapsed_secs=36362, mean=0.598596, stdev=0.077909, best fit=0.700800, best_overall=0.700800, mean_diversity=0.176018,
indivs=13769780, elapsed_secs=36382, mean=0.629991, stdev=0.123312, best fit=0.700800, best_overall=0.700800, mean_diversity=0.117177,
indivs=13779893, elapsed_secs=36398, mean=0.612532, stdev=0.112240, best fit=0.700800, best_overall=0.700800, mean_diversity=0.125637,
indivs=13790019, elapsed_secs=36424, mean=0.599249, stdev=0.174747, best fit=0.700800, best_overall=0.700800, mean_diversity=0.098489,
indivs=13800094, elapsed_secs=36437, mean=0.606540, stdev=0.152980, best fit=0.700800, best_overall=0.700800, mean_diversity=0.250792,
indivs=13810192, elapsed_secs=36453, mean=0.613787, stdev=0.082820, best fit=0.700800, best_overall=0.700800, mean_diversity=0.183137,
indivs=13820223, elapsed_secs=36470, mean=0.625497, stdev=0.102987, best fit=0.700800, best_overall=0.700800, mean_diversity=0.129462,
indivs=13830360, elapsed_secs=36490, mean=0.566156, stdev=0.223287, best fit=0.700800, best_overall=0.700800, mean_diversity=0.126260,
indivs=13840406, elapsed_secs=36504, mean=0.589939, stdev=0.175063, best fit=0.700800, best_overall=0.700800, mean_diversity=0.157680,
indivs=13850535, elapsed_secs=36522, mean=0.630878, stdev=0.125859, best fit=0.700800, best_overall=0.700800, mean_diversity=0.094125,
indivs=13860566, elapsed_secs=36542, mean=0.619349, stdev=0.150752, best fit=0.700800, best_overall=0.700800, mean_diversity=0.188029,
indivs=13870583, elapsed_secs=36562, mean=0.635828, stdev=0.097361, best fit=0.700800, best_overall=0.700800, mean_diversity=0.159924,
indivs=13880620, elapsed_secs=36578, mean=0.597132, stdev=0.071326, best fit=0.700800, best_overall=0.700800, mean_diversity=0.174773,
indivs=13890737, elapsed_secs=36594, mean=0.617988, stdev=0.103001, best fit=0.700800, best_overall=0.700800, mean_diversity=0.234700,
indivs=13900795, elapsed_secs=36620, mean=0.595288, stdev=0.154516, best fit=0.700800, best_overall=0.700800, mean_diversity=0.219621,
indivs=13910882, elapsed_secs=36646, mean=0.604512, stdev=0.153823, best fit=0.700800, best_overall=0.700800, mean_diversity=0.184637,
indivs=13920892, elapsed_secs=36672, mean=0.575270, stdev=0.179946, best fit=0.700800, best_overall=0.700800, mean_diversity=0.119350,
indivs=13930909, elapsed_secs=36693, mean=0.605550, stdev=0.119217, best fit=0.700800, best_overall=0.700800, mean_diversity=0.150312,
indivs=13940926, elapsed_secs=36715, mean=0.587192, stdev=0.110711, best fit=0.700800, best_overall=0.700800, mean_diversity=0.163960,
indivs=13951004, elapsed_secs=36741, mean=0.603683, stdev=0.104160, best fit=0.700800, best_overall=0.700800, mean_diversity=0.181634,
indivs=13961084, elapsed_secs=36764, mean=0.590040, stdev=0.140283, best fit=0.700800, best_overall=0.700800, mean_diversity=0.256018,
indivs=13971247, elapsed_secs=36778, mean=0.566712, stdev=0.221854, best fit=0.700800, best_overall=0.700800, mean_diversity=0.196891,
indivs=13981344, elapsed_secs=36793, mean=0.623912, stdev=0.109927, best fit=0.700800, best_overall=0.700800, mean_diversity=0.081173,
indivs=13991415, elapsed_secs=36806, mean=0.617624, stdev=0.163609, best fit=0.700800, best_overall=0.700800, mean_diversity=0.160603,
indivs=14001443, elapsed_secs=36829, mean=0.602124, stdev=0.090126, best fit=0.700800, best_overall=0.700800, mean_diversity=0.178750,
indivs=14011453, elapsed_secs=36845, mean=0.612918, stdev=0.109420, best fit=0.700800, best_overall=0.700800, mean_diversity=0.102163,
indivs=14021627, elapsed_secs=36865, mean=0.646797, stdev=0.102954, best fit=0.700800, best_overall=0.700800, mean_diversity=0.148602,
indivs=14031794, elapsed_secs=36887, mean=0.614082, stdev=0.154241, best fit=0.700800, best_overall=0.700800, mean_diversity=0.099309,
indivs=14041852, elapsed_secs=36915, mean=0.604936, stdev=0.076626, best fit=0.700800, best_overall=0.700800, mean_diversity=0.238317,
indivs=14051945, elapsed_secs=36933, mean=0.618601, stdev=0.147052, best fit=0.700800, best_overall=0.700800, mean_diversity=0.112136,
indivs=14062040, elapsed_secs=36952, mean=0.604926, stdev=0.117015, best fit=0.700800, best_overall=0.700800, mean_diversity=0.129773,
indivs=14072138, elapsed_secs=36973, mean=0.640783, stdev=0.120315, best fit=0.700800, best_overall=0.700800, mean_diversity=0.196421,
indivs=14082238, elapsed_secs=36995, mean=0.571421, stdev=0.239976, best fit=0.700800, best_overall=0.700800, mean_diversity=0.179510,
indivs=14092311, elapsed_secs=37013, mean=0.628523, stdev=0.088670, best fit=0.700800, best_overall=0.700800, mean_diversity=0.107827,
indivs=14102464, elapsed_secs=37033, mean=0.636580, stdev=0.134313, best fit=0.700800, best_overall=0.700800, mean_diversity=0.239869,
indivs=14112597, elapsed_secs=37050, mean=0.599361, stdev=0.143820, best fit=0.700800, best_overall=0.700800, mean_diversity=0.114960,
indivs=14122630, elapsed_secs=37070, mean=0.607379, stdev=0.193687, best fit=0.700800, best_overall=0.700800, mean_diversity=0.150284,
indivs=14132763, elapsed_secs=37090, mean=0.640088, stdev=0.100643, best fit=0.700800, best_overall=0.700800, mean_diversity=0.084613,
indivs=14142877, elapsed_secs=37110, mean=0.615321, stdev=0.139393, best fit=0.700800, best_overall=0.700800, mean_diversity=0.124647,
indivs=14152977, elapsed_secs=37135, mean=0.606221, stdev=0.101089, best fit=0.700800, best_overall=0.700800, mean_diversity=0.099514,
indivs=14162986, elapsed_secs=37154, mean=0.598155, stdev=0.071273, best fit=0.700800, best_overall=0.700800, mean_diversity=0.214884,
indivs=14173112, elapsed_secs=37190, mean=0.595901, stdev=0.117843, best fit=0.700800, best_overall=0.700800, mean_diversity=0.124322,
indivs=14183152, elapsed_secs=37208, mean=0.601980, stdev=0.163254, best fit=0.700800, best_overall=0.700800, mean_diversity=0.258103,
indivs=14193291, elapsed_secs=37229, mean=0.620962, stdev=0.092512, best fit=0.700800, best_overall=0.700800, mean_diversity=0.222556,
indivs=14203448, elapsed_secs=37244, mean=0.619427, stdev=0.110934, best fit=0.700800, best_overall=0.700800, mean_diversity=0.138142,
indivs=14213568, elapsed_secs=37276, mean=0.557086, stdev=0.245304, best fit=0.700800, best_overall=0.700800, mean_diversity=0.098220,
indivs=14223620, elapsed_secs=37294, mean=0.626692, stdev=0.125109, best fit=0.700800, best_overall=0.700800, mean_diversity=0.175724,
indivs=14233759, elapsed_secs=37311, mean=0.607951, stdev=0.143332, best fit=0.700800, best_overall=0.700800, mean_diversity=0.151250,
indivs=14243886, elapsed_secs=37330, mean=0.603930, stdev=0.177181, best fit=0.700800, best_overall=0.700800, mean_diversity=0.158102,
indivs=14253934, elapsed_secs=37347, mean=0.595122, stdev=0.184461, best fit=0.700800, best_overall=0.700800, mean_diversity=0.141187,
indivs=14264056, elapsed_secs=37367, mean=0.622170, stdev=0.093283, best fit=0.700800, best_overall=0.700800, mean_diversity=0.159483,
indivs=14274201, elapsed_secs=37378, mean=0.617989, stdev=0.137948, best fit=0.700800, best_overall=0.700800, mean_diversity=0.258424,
indivs=14284264, elapsed_secs=37396, mean=0.604690, stdev=0.069995, best fit=0.700800, best_overall=0.700800, mean_diversity=0.198914,
indivs=14294321, elapsed_secs=37420, mean=0.595580, stdev=0.194333, best fit=0.700800, best_overall=0.700800, mean_diversity=0.165775,
indivs=14304442, elapsed_secs=37440, mean=0.644480, stdev=0.105035, best fit=0.700800, best_overall=0.700800, mean_diversity=0.187393,
indivs=14314546, elapsed_secs=37465, mean=0.626151, stdev=0.126001, best fit=0.700800, best_overall=0.700800, mean_diversity=0.151312,
indivs=14324701, elapsed_secs=37493, mean=0.614751, stdev=0.138069, best fit=0.700800, best_overall=0.700800, mean_diversity=0.219627,
indivs=14334833, elapsed_secs=37511, mean=0.619066, stdev=0.139605, best fit=0.700800, best_overall=0.700800, mean_diversity=0.171979,
indivs=14344873, elapsed_secs=37531, mean=0.621200, stdev=0.139930, best fit=0.700800, best_overall=0.700800, mean_diversity=0.198140,
indivs=14355016, elapsed_secs=37552, mean=0.605081, stdev=0.154188, best fit=0.700800, best_overall=0.700800, mean_diversity=0.170197,
indivs=14365024, elapsed_secs=37572, mean=0.611840, stdev=0.163487, best fit=0.700800, best_overall=0.700800, mean_diversity=0.151313,
indivs=14375147, elapsed_secs=37588, mean=0.622400, stdev=0.097481, best fit=0.700800, best_overall=0.700800, mean_diversity=0.150266,
indivs=14385248, elapsed_secs=37609, mean=0.640982, stdev=0.119533, best fit=0.700800, best_overall=0.700800, mean_diversity=0.115884,
indivs=14395263, elapsed_secs=37628, mean=0.619617, stdev=0.126574, best fit=0.700800, best_overall=0.700800, mean_diversity=0.151014,
indivs=14405313, elapsed_secs=37651, mean=0.607854, stdev=0.062480, best fit=0.700800, best_overall=0.700800, mean_diversity=0.091108,
indivs=14415427, elapsed_secs=37677, mean=0.592691, stdev=0.101831, best fit=0.700800, best_overall=0.700800, mean_diversity=0.149877,
indivs=14425532, elapsed_secs=37694, mean=0.632056, stdev=0.125690, best fit=0.700800, best_overall=0.700800, mean_diversity=0.132057,
indivs=14435660, elapsed_secs=37711, mean=0.600407, stdev=0.105610, best fit=0.700800, best_overall=0.700800, mean_diversity=0.086271,
indivs=14445744, elapsed_secs=37743, mean=0.586238, stdev=0.120736, best fit=0.700800, best_overall=0.700800, mean_diversity=0.105182,
indivs=14455749, elapsed_secs=37769, mean=0.640517, stdev=0.089151, best fit=0.700800, best_overall=0.700800, mean_diversity=0.117582,
indivs=14465750, elapsed_secs=37791, mean=0.589619, stdev=0.162957, best fit=0.700800, best_overall=0.700800, mean_diversity=0.197900,
indivs=14475754, elapsed_secs=37813, mean=0.595621, stdev=0.147658, best fit=0.700800, best_overall=0.700800, mean_diversity=0.300919,
indivs=14485862, elapsed_secs=37839, mean=0.616533, stdev=0.109375, best fit=0.700800, best_overall=0.700800, mean_diversity=0.151903,
indivs=14495928, elapsed_secs=37854, mean=0.637136, stdev=0.107139, best fit=0.700800, best_overall=0.700800, mean_diversity=0.124771,
indivs=14505933, elapsed_secs=37874, mean=0.649620, stdev=0.079580, best fit=0.700800, best_overall=0.700800, mean_diversity=0.102210,
indivs=14516057, elapsed_secs=37892, mean=0.607535, stdev=0.091678, best fit=0.700800, best_overall=0.700800, mean_diversity=0.126912,
indivs=14526094, elapsed_secs=37916, mean=0.605146, stdev=0.104237, best fit=0.700800, best_overall=0.700800, mean_diversity=0.162371,
indivs=14536175, elapsed_secs=37938, mean=0.593943, stdev=0.065470, best fit=0.700800, best_overall=0.700800, mean_diversity=0.194963,
indivs=14546319, elapsed_secs=37955, mean=0.631572, stdev=0.080328, best fit=0.700800, best_overall=0.700800, mean_diversity=0.115767,
indivs=14556338, elapsed_secs=37976, mean=0.626649, stdev=0.136420, best fit=0.700800, best_overall=0.700800, mean_diversity=0.139604,
indivs=14566387, elapsed_secs=37998, mean=0.613225, stdev=0.102759, best fit=0.700800, best_overall=0.700800, mean_diversity=0.153672,
indivs=14576555, elapsed_secs=38022, mean=0.614178, stdev=0.151400, best fit=0.700800, best_overall=0.700800, mean_diversity=0.166624,
indivs=14586630, elapsed_secs=38049, mean=0.607378, stdev=0.077265, best fit=0.700800, best_overall=0.700800, mean_diversity=0.098467,
indivs=14596637, elapsed_secs=38083, mean=0.625197, stdev=0.106855, best fit=0.700800, best_overall=0.700800, mean_diversity=0.171166,
indivs=14606692, elapsed_secs=38114, mean=0.595986, stdev=0.133005, best fit=0.700800, best_overall=0.700800, mean_diversity=0.141719,
indivs=14616770, elapsed_secs=38145, mean=0.615936, stdev=0.074876, best fit=0.700800, best_overall=0.700800, mean_diversity=0.164147,
indivs=14626841, elapsed_secs=38177, mean=0.638186, stdev=0.086936, best fit=0.700800, best_overall=0.700800, mean_diversity=0.216451,
indivs=14636985, elapsed_secs=38196, mean=0.616730, stdev=0.123931, best fit=0.700800, best_overall=0.700800, mean_diversity=0.140833,
indivs=14647116, elapsed_secs=38216, mean=0.593882, stdev=0.184937, best fit=0.700800, best_overall=0.700800, mean_diversity=0.177018,
indivs=14657214, elapsed_secs=38244, mean=0.636038, stdev=0.137742, best fit=0.700800, best_overall=0.700800, mean_diversity=0.127201,
indivs=14667344, elapsed_secs=38272, mean=0.614045, stdev=0.084261, best fit=0.700800, best_overall=0.700800, mean_diversity=0.082786,
indivs=14677493, elapsed_secs=38294, mean=0.607768, stdev=0.134539, best fit=0.700800, best_overall=0.700800, mean_diversity=0.133573,
indivs=14687564, elapsed_secs=38319, mean=0.632741, stdev=0.094822, best fit=0.700800, best_overall=0.700800, mean_diversity=0.182207,
indivs=14697585, elapsed_secs=38337, mean=0.592750, stdev=0.120833, best fit=0.700800, best_overall=0.700800, mean_diversity=0.127230,
indivs=14707644, elapsed_secs=38354, mean=0.597175, stdev=0.092887, best fit=0.700800, best_overall=0.700800, mean_diversity=0.127868,
indivs=14717706, elapsed_secs=38369, mean=0.606555, stdev=0.110907, best fit=0.700800, best_overall=0.700800, mean_diversity=0.167030,
indivs=14727834, elapsed_secs=38394, mean=0.591568, stdev=0.177727, best fit=0.700800, best_overall=0.700800, mean_diversity=0.189858,
indivs=14737856, elapsed_secs=38423, mean=0.613904, stdev=0.086391, best fit=0.700800, best_overall=0.700800, mean_diversity=0.132639,
indivs=14748002, elapsed_secs=38450, mean=0.610965, stdev=0.162022, best fit=0.700800, best_overall=0.700800, mean_diversity=0.100609,
indivs=14758142, elapsed_secs=38477, mean=0.632709, stdev=0.121499, best fit=0.700800, best_overall=0.700800, mean_diversity=0.246131,
indivs=14768163, elapsed_secs=38494, mean=0.643200, stdev=0.103926, best fit=0.700800, best_overall=0.700800, mean_diversity=0.102266,
indivs=14778336, elapsed_secs=38511, mean=0.600645, stdev=0.184891, best fit=0.700800, best_overall=0.700800, mean_diversity=0.249441,
indivs=14788347, elapsed_secs=38533, mean=0.586455, stdev=0.194351, best fit=0.700800, best_overall=0.700800, mean_diversity=0.138226,
indivs=14798446, elapsed_secs=38555, mean=0.625926, stdev=0.104891, best fit=0.700800, best_overall=0.700800, mean_diversity=0.179667,
indivs=14808572, elapsed_secs=38575, mean=0.633075, stdev=0.101627, best fit=0.700800, best_overall=0.700800, mean_diversity=0.130938,
indivs=14818641, elapsed_secs=38592, mean=0.624923, stdev=0.098797, best fit=0.700800, best_overall=0.700800, mean_diversity=0.134706,
indivs=14828707, elapsed_secs=38610, mean=0.636114, stdev=0.124589, best fit=0.700800, best_overall=0.700800, mean_diversity=0.159080,
indivs=14838812, elapsed_secs=38638, mean=0.632335, stdev=0.079560, best fit=0.700800, best_overall=0.700800, mean_diversity=0.112214,
indivs=14848922, elapsed_secs=38654, mean=0.621473, stdev=0.069424, best fit=0.700800, best_overall=0.700800, mean_diversity=0.165665,
indivs=14859014, elapsed_secs=38685, mean=0.600072, stdev=0.125598, best fit=0.700800, best_overall=0.700800, mean_diversity=0.114485,
indivs=14869130, elapsed_secs=38713, mean=0.599154, stdev=0.165677, best fit=0.700800, best_overall=0.700800, mean_diversity=0.162989,
indivs=14879216, elapsed_secs=38745, mean=0.597035, stdev=0.165371, best fit=0.700800, best_overall=0.700800, mean_diversity=0.148896,
indivs=14889263, elapsed_secs=38768, mean=0.623072, stdev=0.113380, best fit=0.700800, best_overall=0.700800, mean_diversity=0.175468,
indivs=14899368, elapsed_secs=38787, mean=0.600894, stdev=0.173926, best fit=0.700800, best_overall=0.700800, mean_diversity=0.098090,
indivs=14909468, elapsed_secs=38807, mean=0.627003, stdev=0.149432, best fit=0.700800, best_overall=0.700800, mean_diversity=0.154363,
indivs=14919564, elapsed_secs=38827, mean=0.602018, stdev=0.069775, best fit=0.700800, best_overall=0.700800, mean_diversity=0.293938,
indivs=14929659, elapsed_secs=38847, mean=0.648095, stdev=0.102918, best fit=0.700800, best_overall=0.700800, mean_diversity=0.193099,
indivs=14939825, elapsed_secs=38870, mean=0.638369, stdev=0.114996, best fit=0.700800, best_overall=0.700800, mean_diversity=0.227199,
indivs=14949961, elapsed_secs=38890, mean=0.640998, stdev=0.120884, best fit=0.700800, best_overall=0.700800, mean_diversity=0.126646,
indivs=14960073, elapsed_secs=38911, mean=0.629036, stdev=0.121722, best fit=0.700800, best_overall=0.700800, mean_diversity=0.151222,
indivs=14970091, elapsed_secs=38932, mean=0.604287, stdev=0.072578, best fit=0.700800, best_overall=0.700800, mean_diversity=0.121663,
indivs=14980268, elapsed_secs=38943, mean=0.639981, stdev=0.147420, best fit=0.700800, best_overall=0.700800, mean_diversity=0.130194,
indivs=14990350, elapsed_secs=38960, mean=0.594110, stdev=0.110331, best fit=0.700800, best_overall=0.700800, mean_diversity=0.182620,
indivs=15000353, elapsed_secs=38975, mean=0.571752, stdev=0.136462, best fit=0.700800, best_overall=0.700800, mean_diversity=0.153561,
indivs=15010379, elapsed_secs=38986, mean=0.602682, stdev=0.148275, best fit=0.700800, best_overall=0.700800, mean_diversity=0.189431,
indivs=15020506, elapsed_secs=39000, mean=0.605117, stdev=0.119329, best fit=0.700800, best_overall=0.700800, mean_diversity=0.156715,
indivs=15030511, elapsed_secs=39020, mean=0.609522, stdev=0.120931, best fit=0.700800, best_overall=0.700800, mean_diversity=0.214855,
indivs=15040519, elapsed_secs=39043, mean=0.611674, stdev=0.130895, best fit=0.700800, best_overall=0.700800, mean_diversity=0.183471,
indivs=15050648, elapsed_secs=39071, mean=0.597320, stdev=0.173231, best fit=0.700800, best_overall=0.700800, mean_diversity=0.181925,
indivs=15060716, elapsed_secs=39092, mean=0.633509, stdev=0.122676, best fit=0.700800, best_overall=0.700800, mean_diversity=0.165508,
indivs=15070834, elapsed_secs=39123, mean=0.605923, stdev=0.132595, best fit=0.700800, best_overall=0.700800, mean_diversity=0.174350,
indivs=15080854, elapsed_secs=39143, mean=0.615410, stdev=0.139951, best fit=0.700800, best_overall=0.700800, mean_diversity=0.135217,
indivs=15090964, elapsed_secs=39162, mean=0.597890, stdev=0.097844, best fit=0.700800, best_overall=0.700800, mean_diversity=0.119556,
indivs=15101029, elapsed_secs=39180, mean=0.606067, stdev=0.111888, best fit=0.700800, best_overall=0.700800, mean_diversity=0.199153,
indivs=15111143, elapsed_secs=39197, mean=0.633044, stdev=0.107693, best fit=0.700800, best_overall=0.700800, mean_diversity=0.162692,
indivs=15121170, elapsed_secs=39215, mean=0.610272, stdev=0.107048, best fit=0.700800, best_overall=0.700800, mean_diversity=0.103406,
indivs=15131252, elapsed_secs=39231, mean=0.621603, stdev=0.118423, best fit=0.700800, best_overall=0.700800, mean_diversity=0.085897,
indivs=15141355, elapsed_secs=39252, mean=0.607624, stdev=0.074229, best fit=0.700800, best_overall=0.700800, mean_diversity=0.094672,
indivs=15151426, elapsed_secs=39274, mean=0.590893, stdev=0.125322, best fit=0.701200, best_overall=0.701200, mean_diversity=0.141131,
indivs=15161477, elapsed_secs=39298, mean=0.619526, stdev=0.127759, best fit=0.701200, best_overall=0.701200, mean_diversity=0.097625,
indivs=15171529, elapsed_secs=39320, mean=0.586471, stdev=0.210910, best fit=0.701200, best_overall=0.701200, mean_diversity=0.103834,
indivs=15181591, elapsed_secs=39338, mean=0.594781, stdev=0.087578, best fit=0.701200, best_overall=0.701200, mean_diversity=0.188829,
indivs=15191636, elapsed_secs=39362, mean=0.586354, stdev=0.146973, best fit=0.701200, best_overall=0.701200, mean_diversity=0.118675,
indivs=15201697, elapsed_secs=39387, mean=0.619833, stdev=0.107953, best fit=0.701200, best_overall=0.701200, mean_diversity=0.200368,
indivs=15211788, elapsed_secs=39410, mean=0.631163, stdev=0.090625, best fit=0.701200, best_overall=0.701200, mean_diversity=0.147117,
indivs=15221836, elapsed_secs=39428, mean=0.610059, stdev=0.105820, best fit=0.701200, best_overall=0.701200, mean_diversity=0.099677,
indivs=15231849, elapsed_secs=39447, mean=0.608693, stdev=0.165580, best fit=0.701200, best_overall=0.701200, mean_diversity=0.163271,
indivs=15241948, elapsed_secs=39466, mean=0.587193, stdev=0.177943, best fit=0.701200, best_overall=0.701200, mean_diversity=0.221967,
indivs=15251968, elapsed_secs=39490, mean=0.584049, stdev=0.107671, best fit=0.701200, best_overall=0.701200, mean_diversity=0.102957,
indivs=15261985, elapsed_secs=39512, mean=0.623897, stdev=0.088256, best fit=0.701200, best_overall=0.701200, mean_diversity=0.123707,
indivs=15272010, elapsed_secs=39533, mean=0.597999, stdev=0.129236, best fit=0.701200, best_overall=0.701200, mean_diversity=0.121123,
indivs=15282027, elapsed_secs=39548, mean=0.640244, stdev=0.107683, best fit=0.701200, best_overall=0.701200, mean_diversity=0.083307,
indivs=15292146, elapsed_secs=39570, mean=0.622407, stdev=0.088357, best fit=0.701200, best_overall=0.701200, mean_diversity=0.108397,
indivs=15302198, elapsed_secs=39590, mean=0.633016, stdev=0.092973, best fit=0.701200, best_overall=0.701200, mean_diversity=0.125051,
indivs=15312242, elapsed_secs=39610, mean=0.605741, stdev=0.135321, best fit=0.701200, best_overall=0.701200, mean_diversity=0.090325,
indivs=15322340, elapsed_secs=39631, mean=0.608136, stdev=0.108233, best fit=0.701200, best_overall=0.701200, mean_diversity=0.194471,
indivs=15332493, elapsed_secs=39655, mean=0.633004, stdev=0.109027, best fit=0.701200, best_overall=0.701200, mean_diversity=0.154958,
indivs=15342532, elapsed_secs=39670, mean=0.638285, stdev=0.084202, best fit=0.701200, best_overall=0.701200, mean_diversity=0.104913,
indivs=15352553, elapsed_secs=39691, mean=0.619113, stdev=0.115594, best fit=0.701200, best_overall=0.701200, mean_diversity=0.117785,
indivs=15362598, elapsed_secs=39712, mean=0.590358, stdev=0.073742, best fit=0.701200, best_overall=0.701200, mean_diversity=0.217561,
indivs=15372697, elapsed_secs=39732, mean=0.614732, stdev=0.121973, best fit=0.701200, best_overall=0.701200, mean_diversity=0.144819,
indivs=15382717, elapsed_secs=39754, mean=0.631035, stdev=0.128342, best fit=0.701200, best_overall=0.701200, mean_diversity=0.138333,
indivs=15392849, elapsed_secs=39777, mean=0.616738, stdev=0.111539, best fit=0.701200, best_overall=0.701200, mean_diversity=0.099211,
indivs=15402974, elapsed_secs=39801, mean=0.623323, stdev=0.127901, best fit=0.701200, best_overall=0.701200, mean_diversity=0.085755,
indivs=15412982, elapsed_secs=39823, mean=0.617112, stdev=0.174747, best fit=0.701200, best_overall=0.701200, mean_diversity=0.113725,
indivs=15423076, elapsed_secs=39841, mean=0.615857, stdev=0.130728, best fit=0.701200, best_overall=0.701200, mean_diversity=0.096098,
indivs=15433238, elapsed_secs=39858, mean=0.631856, stdev=0.110183, best fit=0.701200, best_overall=0.701200, mean_diversity=0.181364,
indivs=15443284, elapsed_secs=39876, mean=0.604324, stdev=0.063863, best fit=0.701200, best_overall=0.701200, mean_diversity=0.132675,
indivs=15453392, elapsed_secs=39901, mean=0.631654, stdev=0.111991, best fit=0.701200, best_overall=0.701200, mean_diversity=0.119768,
indivs=15463452, elapsed_secs=39924, mean=0.603865, stdev=0.069009, best fit=0.701200, best_overall=0.701200, mean_diversity=0.142085,
indivs=15473576, elapsed_secs=39948, mean=0.593452, stdev=0.131049, best fit=0.701200, best_overall=0.701200, mean_diversity=0.188690,
indivs=15483717, elapsed_secs=39969, mean=0.625877, stdev=0.131378, best fit=0.701200, best_overall=0.701200, mean_diversity=0.114721,
indivs=15493783, elapsed_secs=39988, mean=0.591105, stdev=0.091960, best fit=0.701200, best_overall=0.701200, mean_diversity=0.158041,
indivs=15503857, elapsed_secs=40010, mean=0.623195, stdev=0.091082, best fit=0.701200, best_overall=0.701200, mean_diversity=0.112310,
indivs=15513859, elapsed_secs=40036, mean=0.599957, stdev=0.096573, best fit=0.701200, best_overall=0.701200, mean_diversity=0.121042,
indivs=15523922, elapsed_secs=40059, mean=0.605819, stdev=0.065153, best fit=0.701200, best_overall=0.701200, mean_diversity=0.109646,
indivs=15534000, elapsed_secs=40075, mean=0.636426, stdev=0.093723, best fit=0.701200, best_overall=0.701200, mean_diversity=0.122528,
indivs=15544111, elapsed_secs=40097, mean=0.636674, stdev=0.104616, best fit=0.701200, best_overall=0.701200, mean_diversity=0.155981,
indivs=15554169, elapsed_secs=40121, mean=0.624088, stdev=0.107314, best fit=0.701200, best_overall=0.701200, mean_diversity=0.106007,
indivs=15564189, elapsed_secs=40145, mean=0.623839, stdev=0.108623, best fit=0.701200, best_overall=0.701200, mean_diversity=0.218660,
indivs=15574279, elapsed_secs=40168, mean=0.566954, stdev=0.196871, best fit=0.701200, best_overall=0.701200, mean_diversity=0.134948,
indivs=15584311, elapsed_secs=40183, mean=0.602419, stdev=0.135671, best fit=0.701200, best_overall=0.701200, mean_diversity=0.145916,
indivs=15594445, elapsed_secs=40205, mean=0.584446, stdev=0.180076, best fit=0.701200, best_overall=0.701200, mean_diversity=0.112872,
indivs=15604456, elapsed_secs=40225, mean=0.622826, stdev=0.162928, best fit=0.701200, best_overall=0.701200, mean_diversity=0.127100,
indivs=15614456, elapsed_secs=40251, mean=0.607944, stdev=0.090217, best fit=0.701200, best_overall=0.701200, mean_diversity=0.091471,
indivs=15624556, elapsed_secs=40269, mean=0.627674, stdev=0.129991, best fit=0.701200, best_overall=0.701200, mean_diversity=0.116761,
indivs=15634644, elapsed_secs=40289, mean=0.622655, stdev=0.077875, best fit=0.701200, best_overall=0.701200, mean_diversity=0.102158,
indivs=15644756, elapsed_secs=40309, mean=0.630329, stdev=0.124453, best fit=0.701200, best_overall=0.701200, mean_diversity=0.158372,
indivs=15654778, elapsed_secs=40336, mean=0.631876, stdev=0.089988, best fit=0.701200, best_overall=0.701200, mean_diversity=0.143476,
indivs=15664792, elapsed_secs=40358, mean=0.611773, stdev=0.088121, best fit=0.701200, best_overall=0.701200, mean_diversity=0.191401,
indivs=15674852, elapsed_secs=40381, mean=0.596356, stdev=0.096929, best fit=0.701200, best_overall=0.701200, mean_diversity=0.198588,
indivs=15684907, elapsed_secs=40399, mean=0.595731, stdev=0.115484, best fit=0.701200, best_overall=0.701200, mean_diversity=0.122132,
indivs=15695028, elapsed_secs=40421, mean=0.619010, stdev=0.124779, best fit=0.701200, best_overall=0.701200, mean_diversity=0.119410,
indivs=15705138, elapsed_secs=40447, mean=0.598668, stdev=0.127551, best fit=0.701200, best_overall=0.701200, mean_diversity=0.161429,
indivs=15715219, elapsed_secs=40470, mean=0.609522, stdev=0.132737, best fit=0.701200, best_overall=0.701200, mean_diversity=0.151214,
indivs=15725279, elapsed_secs=40491, mean=0.618055, stdev=0.140960, best fit=0.701200, best_overall=0.701200, mean_diversity=0.088521,
indivs=15735286, elapsed_secs=40510, mean=0.603256, stdev=0.090095, best fit=0.701200, best_overall=0.701200, mean_diversity=0.152239,
indivs=15745411, elapsed_secs=40536, mean=0.628198, stdev=0.096789, best fit=0.701200, best_overall=0.701200, mean_diversity=0.175726,
indivs=15755428, elapsed_secs=40556, mean=0.621892, stdev=0.075699, best fit=0.701200, best_overall=0.701200, mean_diversity=0.105700,
indivs=15765430, elapsed_secs=40578, mean=0.610521, stdev=0.157081, best fit=0.701200, best_overall=0.701200, mean_diversity=0.171633,
indivs=15775491, elapsed_secs=40601, mean=0.608671, stdev=0.140086, best fit=0.701200, best_overall=0.701200, mean_diversity=0.143648,
indivs=15785527, elapsed_secs=40619, mean=0.577582, stdev=0.134975, best fit=0.701200, best_overall=0.701200, mean_diversity=0.139676,
indivs=15795537, elapsed_secs=40640, mean=0.627062, stdev=0.088509, best fit=0.701200, best_overall=0.701200, mean_diversity=0.088202,
indivs=15805628, elapsed_secs=40663, mean=0.620591, stdev=0.066396, best fit=0.701200, best_overall=0.701200, mean_diversity=0.113283,
indivs=15815635, elapsed_secs=40679, mean=0.626643, stdev=0.127577, best fit=0.701200, best_overall=0.701200, mean_diversity=0.230694,
indivs=15825701, elapsed_secs=40708, mean=0.628352, stdev=0.136051, best fit=0.701200, best_overall=0.701200, mean_diversity=0.097251,
indivs=15835707, elapsed_secs=40730, mean=0.621692, stdev=0.149677, best fit=0.701200, best_overall=0.701200, mean_diversity=0.154737,
indivs=15845776, elapsed_secs=40754, mean=0.629894, stdev=0.061676, best fit=0.701200, best_overall=0.701200, mean_diversity=0.189375,
indivs=15855875, elapsed_secs=40775, mean=0.611393, stdev=0.121494, best fit=0.701200, best_overall=0.701200, mean_diversity=0.148313,
indivs=15865899, elapsed_secs=40801, mean=0.607118, stdev=0.152693, best fit=0.701200, best_overall=0.701200, mean_diversity=0.170089,
indivs=15875974, elapsed_secs=40825, mean=0.621262, stdev=0.100359, best fit=0.701200, best_overall=0.701200, mean_diversity=0.217353,
indivs=15886089, elapsed_secs=40857, mean=0.606947, stdev=0.118032, best fit=0.701200, best_overall=0.701200, mean_diversity=0.147400,
indivs=15896158, elapsed_secs=40880, mean=0.606957, stdev=0.076803, best fit=0.701200, best_overall=0.701200, mean_diversity=0.119164,
indivs=15906286, elapsed_secs=40903, mean=0.619490, stdev=0.096489, best fit=0.701200, best_overall=0.701200, mean_diversity=0.101246,
indivs=15916340, elapsed_secs=40925, mean=0.644780, stdev=0.089856, best fit=0.701200, best_overall=0.701200, mean_diversity=0.090455,
indivs=15926480, elapsed_secs=40944, mean=0.619768, stdev=0.163098, best fit=0.701200, best_overall=0.701200, mean_diversity=0.101313,
indivs=15936603, elapsed_secs=40963, mean=0.567457, stdev=0.211745, best fit=0.701200, best_overall=0.701200, mean_diversity=0.170094,
indivs=15946625, elapsed_secs=40983, mean=0.654871, stdev=0.077740, best fit=0.701200, best_overall=0.701200, mean_diversity=0.086203,
indivs=15956662, elapsed_secs=41008, mean=0.605793, stdev=0.110645, best fit=0.701200, best_overall=0.701200, mean_diversity=0.133431,
indivs=15966696, elapsed_secs=41028, mean=0.600231, stdev=0.066293, best fit=0.701200, best_overall=0.701200, mean_diversity=0.149221,
indivs=15976802, elapsed_secs=41047, mean=0.624415, stdev=0.088024, best fit=0.701200, best_overall=0.701200, mean_diversity=0.071791,
indivs=15986893, elapsed_secs=41067, mean=0.593053, stdev=0.075812, best fit=0.701200, best_overall=0.701200, mean_diversity=0.123138,
indivs=15996929, elapsed_secs=41091, mean=0.638817, stdev=0.083381, best fit=0.701200, best_overall=0.701200, mean_diversity=0.178007,
indivs=16007029, elapsed_secs=41109, mean=0.621760, stdev=0.113866, best fit=0.701200, best_overall=0.701200, mean_diversity=0.146871,
indivs=16017170, elapsed_secs=41130, mean=0.594395, stdev=0.161463, best fit=0.701200, best_overall=0.701200, mean_diversity=0.122857,
indivs=16027250, elapsed_secs=41152, mean=0.621042, stdev=0.144230, best fit=0.701200, best_overall=0.701200, mean_diversity=0.103525,
indivs=16037388, elapsed_secs=41174, mean=0.630520, stdev=0.110005, best fit=0.701200, best_overall=0.701200, mean_diversity=0.112950,
indivs=16047554, elapsed_secs=41195, mean=0.640871, stdev=0.088382, best fit=0.701200, best_overall=0.701200, mean_diversity=0.124429,
indivs=16057628, elapsed_secs=41221, mean=0.611499, stdev=0.103607, best fit=0.701200, best_overall=0.701200, mean_diversity=0.185650,
indivs=16067666, elapsed_secs=41242, mean=0.604839, stdev=0.147487, best fit=0.701200, best_overall=0.701200, mean_diversity=0.168956,
indivs=16077713, elapsed_secs=41262, mean=0.598637, stdev=0.148391, best fit=0.701200, best_overall=0.701200, mean_diversity=0.193623,
indivs=16087859, elapsed_secs=41289, mean=0.623809, stdev=0.127800, best fit=0.701200, best_overall=0.701200, mean_diversity=0.141312,
indivs=16098004, elapsed_secs=41314, mean=0.637734, stdev=0.107397, best fit=0.701200, best_overall=0.701200, mean_diversity=0.147436,
indivs=16108012, elapsed_secs=41332, mean=0.614252, stdev=0.130158, best fit=0.701200, best_overall=0.701200, mean_diversity=0.153865,
indivs=16118104, elapsed_secs=41355, mean=0.631434, stdev=0.116235, best fit=0.701200, best_overall=0.701200, mean_diversity=0.161444,
indivs=16128178, elapsed_secs=41370, mean=0.621837, stdev=0.081418, best fit=0.701200, best_overall=0.701200, mean_diversity=0.188253,
indivs=16138238, elapsed_secs=41392, mean=0.616304, stdev=0.087892, best fit=0.701200, best_overall=0.701200, mean_diversity=0.106562,
indivs=16148270, elapsed_secs=41414, mean=0.602403, stdev=0.125956, best fit=0.701200, best_overall=0.701200, mean_diversity=0.084031,
indivs=16158290, elapsed_secs=41437, mean=0.618302, stdev=0.092064, best fit=0.701200, best_overall=0.701200, mean_diversity=0.186700,
indivs=16168368, elapsed_secs=41460, mean=0.612716, stdev=0.086095, best fit=0.701200, best_overall=0.701200, mean_diversity=0.193020,
indivs=16178426, elapsed_secs=41482, mean=0.586644, stdev=0.140495, best fit=0.701200, best_overall=0.701200, mean_diversity=0.152889,
indivs=16188446, elapsed_secs=41508, mean=0.590540, stdev=0.135529, best fit=0.701200, best_overall=0.701200, mean_diversity=0.123308,
indivs=16198510, elapsed_secs=41530, mean=0.518893, stdev=0.258747, best fit=0.701200, best_overall=0.701200, mean_diversity=0.099821,
indivs=16208619, elapsed_secs=41548, mean=0.596494, stdev=0.142336, best fit=0.701200, best_overall=0.701200, mean_diversity=0.186797,
indivs=16218697, elapsed_secs=41572, mean=0.604802, stdev=0.110391, best fit=0.701200, best_overall=0.701200, mean_diversity=0.143944,
indivs=16228815, elapsed_secs=41596, mean=0.626896, stdev=0.125861, best fit=0.701200, best_overall=0.701200, mean_diversity=0.221429,
indivs=16238853, elapsed_secs=41620, mean=0.635683, stdev=0.090670, best fit=0.701200, best_overall=0.701200, mean_diversity=0.103963,
indivs=16248921, elapsed_secs=41641, mean=0.591540, stdev=0.141516, best fit=0.701200, best_overall=0.701200, mean_diversity=0.111364,
indivs=16258976, elapsed_secs=41660, mean=0.620250, stdev=0.101084, best fit=0.701200, best_overall=0.701200, mean_diversity=0.111346,
indivs=16269134, elapsed_secs=41687, mean=0.624184, stdev=0.128607, best fit=0.701200, best_overall=0.701200, mean_diversity=0.158270,
indivs=16279238, elapsed_secs=41709, mean=0.558816, stdev=0.183114, best fit=0.701200, best_overall=0.701200, mean_diversity=0.107914,
indivs=16289350, elapsed_secs=41728, mean=0.634724, stdev=0.093494, best fit=0.701200, best_overall=0.701200, mean_diversity=0.111971,
indivs=16299376, elapsed_secs=41754, mean=0.619834, stdev=0.133004, best fit=0.701200, best_overall=0.701200, mean_diversity=0.158645,
indivs=16309458, elapsed_secs=41772, mean=0.598827, stdev=0.070371, best fit=0.701200, best_overall=0.701200, mean_diversity=0.162829,
indivs=16319581, elapsed_secs=41789, mean=0.617454, stdev=0.097317, best fit=0.701200, best_overall=0.701200, mean_diversity=0.193815,
indivs=16329714, elapsed_secs=41810, mean=0.636588, stdev=0.113852, best fit=0.701200, best_overall=0.701200, mean_diversity=0.206257,
indivs=16339747, elapsed_secs=41831, mean=0.636357, stdev=0.090720, best fit=0.701200, best_overall=0.701200, mean_diversity=0.127633,
indivs=16349877, elapsed_secs=41851, mean=0.635504, stdev=0.135722, best fit=0.701200, best_overall=0.701200, mean_diversity=0.092508,
indivs=16359946, elapsed_secs=41879, mean=0.622556, stdev=0.105748, best fit=0.701200, best_overall=0.701200, mean_diversity=0.147514,
indivs=16369950, elapsed_secs=41895, mean=0.613920, stdev=0.125991, best fit=0.701200, best_overall=0.701200, mean_diversity=0.102260,
indivs=16380066, elapsed_secs=41921, mean=0.611406, stdev=0.104460, best fit=0.701200, best_overall=0.701200, mean_diversity=0.097616,
indivs=16390211, elapsed_secs=41940, mean=0.577229, stdev=0.197653, best fit=0.701200, best_overall=0.701200, mean_diversity=0.125863,
indivs=16400313, elapsed_secs=41963, mean=0.609880, stdev=0.117333, best fit=0.701200, best_overall=0.701200, mean_diversity=0.125314,
indivs=16410322, elapsed_secs=41985, mean=0.640033, stdev=0.112620, best fit=0.701200, best_overall=0.701200, mean_diversity=0.102065,
indivs=16420443, elapsed_secs=42004, mean=0.631529, stdev=0.093741, best fit=0.701200, best_overall=0.701200, mean_diversity=0.091161,
indivs=16430558, elapsed_secs=42024, mean=0.637278, stdev=0.081994, best fit=0.701200, best_overall=0.701200, mean_diversity=0.124402,
indivs=16440635, elapsed_secs=42045, mean=0.569997, stdev=0.181576, best fit=0.701200, best_overall=0.701200, mean_diversity=0.144238,
indivs=16450743, elapsed_secs=42072, mean=0.575583, stdev=0.174569, best fit=0.701200, best_overall=0.701200, mean_diversity=0.104789,
indivs=16460892, elapsed_secs=42090, mean=0.590287, stdev=0.154114, best fit=0.701200, best_overall=0.701200, mean_diversity=0.176176,
indivs=16470938, elapsed_secs=42112, mean=0.625507, stdev=0.110651, best fit=0.701200, best_overall=0.701200, mean_diversity=0.157148,
indivs=16481086, elapsed_secs=42133, mean=0.622457, stdev=0.096989, best fit=0.701200, best_overall=0.701200, mean_diversity=0.120545,
indivs=16491233, elapsed_secs=42153, mean=0.613646, stdev=0.152224, best fit=0.701200, best_overall=0.701200, mean_diversity=0.115248,
indivs=16501300, elapsed_secs=42172, mean=0.595621, stdev=0.075047, best fit=0.701200, best_overall=0.701200, mean_diversity=0.125415,
indivs=16511311, elapsed_secs=42195, mean=0.599432, stdev=0.135242, best fit=0.701200, best_overall=0.701200, mean_diversity=0.123042,
indivs=16521370, elapsed_secs=42213, mean=0.632287, stdev=0.106530, best fit=0.701200, best_overall=0.701200, mean_diversity=0.107276,
indivs=16531439, elapsed_secs=42233, mean=0.617694, stdev=0.097877, best fit=0.701200, best_overall=0.701200, mean_diversity=0.163004,
indivs=16541496, elapsed_secs=42256, mean=0.606076, stdev=0.129916, best fit=0.701200, best_overall=0.701200, mean_diversity=0.175387,
indivs=16551622, elapsed_secs=42283, mean=0.628355, stdev=0.101972, best fit=0.701200, best_overall=0.701200, mean_diversity=0.072973,
indivs=16561699, elapsed_secs=42307, mean=0.630982, stdev=0.107627, best fit=0.701200, best_overall=0.701200, mean_diversity=0.118267,
indivs=16571812, elapsed_secs=42327, mean=0.610535, stdev=0.112134, best fit=0.701200, best_overall=0.701200, mean_diversity=0.130606,
indivs=16581833, elapsed_secs=42347, mean=0.589613, stdev=0.081016, best fit=0.701200, best_overall=0.701200, mean_diversity=0.110099,
indivs=16591947, elapsed_secs=42369, mean=0.619202, stdev=0.125009, best fit=0.701200, best_overall=0.701200, mean_diversity=0.103414,
indivs=16602071, elapsed_secs=42389, mean=0.651285, stdev=0.117185, best fit=0.701200, best_overall=0.701200, mean_diversity=0.132816,
indivs=16612215, elapsed_secs=42411, mean=0.625610, stdev=0.106084, best fit=0.701200, best_overall=0.701200, mean_diversity=0.125087,
indivs=16622285, elapsed_secs=42429, mean=0.589416, stdev=0.151078, best fit=0.701200, best_overall=0.701200, mean_diversity=0.229847,
indivs=16632289, elapsed_secs=42453, mean=0.589880, stdev=0.183825, best fit=0.701200, best_overall=0.701200, mean_diversity=0.136176,
indivs=16642356, elapsed_secs=42474, mean=0.634775, stdev=0.088994, best fit=0.701200, best_overall=0.701200, mean_diversity=0.109532,
indivs=16652509, elapsed_secs=42497, mean=0.627563, stdev=0.139893, best fit=0.701200, best_overall=0.701200, mean_diversity=0.084109,
indivs=16662618, elapsed_secs=42517, mean=0.634780, stdev=0.106538, best fit=0.701200, best_overall=0.701200, mean_diversity=0.188820,
indivs=16672661, elapsed_secs=42541, mean=0.627560, stdev=0.110405, best fit=0.701200, best_overall=0.701200, mean_diversity=0.086261,
indivs=16682730, elapsed_secs=42564, mean=0.611749, stdev=0.080259, best fit=0.701200, best_overall=0.701200, mean_diversity=0.158315,
indivs=16692880, elapsed_secs=42584, mean=0.628859, stdev=0.140721, best fit=0.701200, best_overall=0.701200, mean_diversity=0.165234,
indivs=16702948, elapsed_secs=42608, mean=0.624038, stdev=0.084174, best fit=0.701200, best_overall=0.701200, mean_diversity=0.101242,
indivs=16712959, elapsed_secs=42632, mean=0.616370, stdev=0.153746, best fit=0.701200, best_overall=0.701200, mean_diversity=0.112156,
indivs=16722981, elapsed_secs=42653, mean=0.614280, stdev=0.150412, best fit=0.701200, best_overall=0.701200, mean_diversity=0.151516,
indivs=16733033, elapsed_secs=42681, mean=0.622943, stdev=0.089920, best fit=0.701200, best_overall=0.701200, mean_diversity=0.117350,
indivs=16743110, elapsed_secs=42706, mean=0.614153, stdev=0.112901, best fit=0.701200, best_overall=0.701200, mean_diversity=0.072447,
indivs=16753163, elapsed_secs=42723, mean=0.584563, stdev=0.105059, best fit=0.701200, best_overall=0.701200, mean_diversity=0.117117,
indivs=16763311, elapsed_secs=42740, mean=0.646647, stdev=0.086170, best fit=0.701200, best_overall=0.701200, mean_diversity=0.133404,
indivs=16773439, elapsed_secs=42758, mean=0.618159, stdev=0.098406, best fit=0.701200, best_overall=0.701200, mean_diversity=0.073689,
indivs=16783487, elapsed_secs=42775, mean=0.584872, stdev=0.119449, best fit=0.701200, best_overall=0.701200, mean_diversity=0.117720,
indivs=16793585, elapsed_secs=42795, mean=0.600429, stdev=0.131439, best fit=0.701200, best_overall=0.701200, mean_diversity=0.211323,
indivs=16803669, elapsed_secs=42814, mean=0.611769, stdev=0.137911, best fit=0.701200, best_overall=0.701200, mean_diversity=0.207179,
indivs=16813716, elapsed_secs=42840, mean=0.614527, stdev=0.151613, best fit=0.701200, best_overall=0.701200, mean_diversity=0.087370,
indivs=16823733, elapsed_secs=42866, mean=0.604015, stdev=0.146146, best fit=0.701200, best_overall=0.701200, mean_diversity=0.172000,
indivs=16833839, elapsed_secs=42880, mean=0.640867, stdev=0.110661, best fit=0.701200, best_overall=0.701200, mean_diversity=0.133943,
indivs=16843907, elapsed_secs=42900, mean=0.631935, stdev=0.126205, best fit=0.701200, best_overall=0.701200, mean_diversity=0.296241,
indivs=16853913, elapsed_secs=42921, mean=0.612772, stdev=0.136406, best fit=0.701200, best_overall=0.701200, mean_diversity=0.149882,
indivs=16863923, elapsed_secs=42950, mean=0.580079, stdev=0.198470, best fit=0.701200, best_overall=0.701200, mean_diversity=0.120141,
indivs=16873965, elapsed_secs=42973, mean=0.598196, stdev=0.102411, best fit=0.701200, best_overall=0.701200, mean_diversity=0.126690,
indivs=16884031, elapsed_secs=42997, mean=0.595630, stdev=0.094120, best fit=0.701200, best_overall=0.701200, mean_diversity=0.124051,
indivs=16894122, elapsed_secs=43020, mean=0.609841, stdev=0.099739, best fit=0.701200, best_overall=0.701200, mean_diversity=0.176187,
indivs=16904221, elapsed_secs=43047, mean=0.615700, stdev=0.141762, best fit=0.701200, best_overall=0.701200, mean_diversity=0.235459,
indivs=16914226, elapsed_secs=43071, mean=0.590038, stdev=0.109799, best fit=0.701200, best_overall=0.701200, mean_diversity=0.097211,
indivs=16924359, elapsed_secs=43093, mean=0.622972, stdev=0.087585, best fit=0.701200, best_overall=0.701200, mean_diversity=0.086382,
indivs=16934391, elapsed_secs=43115, mean=0.620012, stdev=0.111807, best fit=0.701200, best_overall=0.701200, mean_diversity=0.095596,
indivs=16944519, elapsed_secs=43138, mean=0.639092, stdev=0.124584, best fit=0.701200, best_overall=0.701200, mean_diversity=0.226319,
indivs=16954696, elapsed_secs=43160, mean=0.606823, stdev=0.175095, best fit=0.701200, best_overall=0.701200, mean_diversity=0.147807,
indivs=16964834, elapsed_secs=43185, mean=0.603277, stdev=0.160574, best fit=0.701200, best_overall=0.701200, mean_diversity=0.109216,
indivs=16974951, elapsed_secs=43203, mean=0.605897, stdev=0.107794, best fit=0.701200, best_overall=0.701200, mean_diversity=0.103481,
indivs=16985051, elapsed_secs=43221, mean=0.598607, stdev=0.098589, best fit=0.701200, best_overall=0.701200, mean_diversity=0.129968,
indivs=16995089, elapsed_secs=43242, mean=0.462120, stdev=0.290201, best fit=0.701200, best_overall=0.701200, mean_diversity=0.095358,
indivs=17005109, elapsed_secs=43260, mean=0.588171, stdev=0.106514, best fit=0.701200, best_overall=0.701200, mean_diversity=0.111682,
indivs=17015134, elapsed_secs=43286, mean=0.634448, stdev=0.110531, best fit=0.701200, best_overall=0.701200, mean_diversity=0.119115,
indivs=17025226, elapsed_secs=43308, mean=0.599129, stdev=0.112444, best fit=0.701200, best_overall=0.701200, mean_diversity=0.147738,
indivs=17035339, elapsed_secs=43329, mean=0.617750, stdev=0.083289, best fit=0.701200, best_overall=0.701200, mean_diversity=0.112523,
indivs=17045461, elapsed_secs=43346, mean=0.630633, stdev=0.089895, best fit=0.701200, best_overall=0.701200, mean_diversity=0.120052,
indivs=17055562, elapsed_secs=43366, mean=0.579892, stdev=0.173111, best fit=0.701200, best_overall=0.701200, mean_diversity=0.134800,
indivs=17065669, elapsed_secs=43389, mean=0.610457, stdev=0.089718, best fit=0.701200, best_overall=0.701200, mean_diversity=0.176346,
indivs=17075729, elapsed_secs=43413, mean=0.595382, stdev=0.091335, best fit=0.701200, best_overall=0.701200, mean_diversity=0.166226,
indivs=17085807, elapsed_secs=43436, mean=0.598024, stdev=0.180913, best fit=0.701200, best_overall=0.701200, mean_diversity=0.146770,
indivs=17095951, elapsed_secs=43457, mean=0.612682, stdev=0.117491, best fit=0.701200, best_overall=0.701200, mean_diversity=0.106173,
indivs=17106121, elapsed_secs=43479, mean=0.609247, stdev=0.131063, best fit=0.701200, best_overall=0.701200, mean_diversity=0.138326,
indivs=17116139, elapsed_secs=43503, mean=0.610071, stdev=0.092104, best fit=0.701200, best_overall=0.701200, mean_diversity=0.123223,
indivs=17126181, elapsed_secs=43521, mean=0.589093, stdev=0.074783, best fit=0.701200, best_overall=0.701200, mean_diversity=0.117634,
indivs=17136336, elapsed_secs=43545, mean=0.623963, stdev=0.101953, best fit=0.701200, best_overall=0.701200, mean_diversity=0.106827,
indivs=17146400, elapsed_secs=43564, mean=0.622593, stdev=0.153594, best fit=0.701200, best_overall=0.701200, mean_diversity=0.086933,
indivs=17156493, elapsed_secs=43591, mean=0.614954, stdev=0.131685, best fit=0.701200, best_overall=0.701200, mean_diversity=0.149365,
indivs=17166537, elapsed_secs=43618, mean=0.621469, stdev=0.095876, best fit=0.701200, best_overall=0.701200, mean_diversity=0.168889,
indivs=17176553, elapsed_secs=43645, mean=0.632695, stdev=0.087465, best fit=0.701200, best_overall=0.701200, mean_diversity=0.132941,
indivs=17186584, elapsed_secs=43661, mean=0.617958, stdev=0.074535, best fit=0.701200, best_overall=0.701200, mean_diversity=0.109904,
indivs=17196669, elapsed_secs=43684, mean=0.603742, stdev=0.128672, best fit=0.701200, best_overall=0.701200, mean_diversity=0.186551,
indivs=17206722, elapsed_secs=43706, mean=0.618876, stdev=0.163938, best fit=0.701200, best_overall=0.701200, mean_diversity=0.243680,
indivs=17216724, elapsed_secs=43727, mean=0.627653, stdev=0.139985, best fit=0.701200, best_overall=0.701200, mean_diversity=0.161866,
indivs=17226747, elapsed_secs=43746, mean=0.601182, stdev=0.094054, best fit=0.701200, best_overall=0.701200, mean_diversity=0.127356,
indivs=17236836, elapsed_secs=43767, mean=0.577156, stdev=0.141072, best fit=0.701200, best_overall=0.701200, mean_diversity=0.177652,
indivs=17246947, elapsed_secs=43791, mean=0.621118, stdev=0.129303, best fit=0.701200, best_overall=0.701200, mean_diversity=0.109888,
indivs=17257028, elapsed_secs=43813, mean=0.625115, stdev=0.118905, best fit=0.701200, best_overall=0.701200, mean_diversity=0.116380,
indivs=17267120, elapsed_secs=43833, mean=0.617990, stdev=0.078756, best fit=0.701200, best_overall=0.701200, mean_diversity=0.121861,
indivs=17277194, elapsed_secs=43853, mean=0.602678, stdev=0.087918, best fit=0.701200, best_overall=0.701200, mean_diversity=0.150977,
indivs=17287354, elapsed_secs=43873, mean=0.636524, stdev=0.106803, best fit=0.701200, best_overall=0.701200, mean_diversity=0.115577,
indivs=17297419, elapsed_secs=43889, mean=0.596614, stdev=0.161464, best fit=0.701200, best_overall=0.701200, mean_diversity=0.161250,
indivs=17307451, elapsed_secs=43910, mean=0.582910, stdev=0.163588, best fit=0.701200, best_overall=0.701200, mean_diversity=0.200821,
indivs=17317471, elapsed_secs=43930, mean=0.633966, stdev=0.093571, best fit=0.701200, best_overall=0.701200, mean_diversity=0.159829,
indivs=17327473, elapsed_secs=43952, mean=0.619803, stdev=0.150852, best fit=0.701200, best_overall=0.701200, mean_diversity=0.142308,
indivs=17337487, elapsed_secs=43970, mean=0.581554, stdev=0.125504, best fit=0.701200, best_overall=0.701200, mean_diversity=0.100000,
indivs=17347585, elapsed_secs=43992, mean=0.600095, stdev=0.148760, best fit=0.701200, best_overall=0.701200, mean_diversity=0.107154,
indivs=17357742, elapsed_secs=44017, mean=0.590371, stdev=0.177833, best fit=0.701200, best_overall=0.701200, mean_diversity=0.238109,
indivs=17367854, elapsed_secs=44036, mean=0.605097, stdev=0.100913, best fit=0.701200, best_overall=0.701200, mean_diversity=0.095993,
indivs=17377859, elapsed_secs=44054, mean=0.623070, stdev=0.123535, best fit=0.701200, best_overall=0.701200, mean_diversity=0.089643,
indivs=17387976, elapsed_secs=44071, mean=0.643552, stdev=0.102200, best fit=0.701200, best_overall=0.701200, mean_diversity=0.125845,
indivs=17398009, elapsed_secs=44089, mean=0.611266, stdev=0.107641, best fit=0.701200, best_overall=0.701200, mean_diversity=0.135261,
indivs=17408143, elapsed_secs=44108, mean=0.647426, stdev=0.083922, best fit=0.701200, best_overall=0.701200, mean_diversity=0.122085,
indivs=17418218, elapsed_secs=44128, mean=0.642653, stdev=0.087643, best fit=0.701200, best_overall=0.701200, mean_diversity=0.127888,
indivs=17428354, elapsed_secs=44150, mean=0.632195, stdev=0.090892, best fit=0.701200, best_overall=0.701200, mean_diversity=0.124115,
indivs=17438416, elapsed_secs=44170, mean=0.629754, stdev=0.094337, best fit=0.701200, best_overall=0.701200, mean_diversity=0.096133,
indivs=17448453, elapsed_secs=44190, mean=0.594436, stdev=0.067937, best fit=0.701200, best_overall=0.701200, mean_diversity=0.105794,
indivs=17458503, elapsed_secs=44208, mean=0.595568, stdev=0.097332, best fit=0.701200, best_overall=0.701200, mean_diversity=0.127919,
indivs=17468548, elapsed_secs=44230, mean=0.605274, stdev=0.131022, best fit=0.701200, best_overall=0.701200, mean_diversity=0.180118,
indivs=17478609, elapsed_secs=44248, mean=0.589309, stdev=0.107633, best fit=0.701200, best_overall=0.701200, mean_diversity=0.106875,
indivs=17488676, elapsed_secs=44265, mean=0.635949, stdev=0.088572, best fit=0.701200, best_overall=0.701200, mean_diversity=0.164703,
indivs=17498769, elapsed_secs=44285, mean=0.599171, stdev=0.084789, best fit=0.701200, best_overall=0.701200, mean_diversity=0.123930,
indivs=17508849, elapsed_secs=44305, mean=0.629376, stdev=0.107663, best fit=0.701200, best_overall=0.701200, mean_diversity=0.164582,
indivs=17518927, elapsed_secs=44325, mean=0.606025, stdev=0.079736, best fit=0.701200, best_overall=0.701200, mean_diversity=0.111543,
indivs=17529057, elapsed_secs=44349, mean=0.613793, stdev=0.129154, best fit=0.701200, best_overall=0.701200, mean_diversity=0.122268,
indivs=17539164, elapsed_secs=44370, mean=0.600849, stdev=0.097634, best fit=0.701200, best_overall=0.701200, mean_diversity=0.216800,
indivs=17549189, elapsed_secs=44394, mean=0.629586, stdev=0.129340, best fit=0.701200, best_overall=0.701200, mean_diversity=0.134804,
indivs=17559195, elapsed_secs=44414, mean=0.576600, stdev=0.089336, best fit=0.701200, best_overall=0.701200, mean_diversity=0.138168,
indivs=17569317, elapsed_secs=44432, mean=0.643548, stdev=0.104084, best fit=0.701200, best_overall=0.701200, mean_diversity=0.114801,
indivs=17579394, elapsed_secs=44451, mean=0.627929, stdev=0.117536, best fit=0.701200, best_overall=0.701200, mean_diversity=0.084345,
indivs=17589490, elapsed_secs=44473, mean=0.605180, stdev=0.176951, best fit=0.701200, best_overall=0.701200, mean_diversity=0.089291,
indivs=17599540, elapsed_secs=44494, mean=0.591976, stdev=0.183046, best fit=0.701200, best_overall=0.701200, mean_diversity=0.164694,
indivs=17609636, elapsed_secs=44515, mean=0.594035, stdev=0.090759, best fit=0.701200, best_overall=0.701200, mean_diversity=0.103297,
indivs=17619731, elapsed_secs=44539, mean=0.600469, stdev=0.086090, best fit=0.701200, best_overall=0.701200, mean_diversity=0.113686,
indivs=17629802, elapsed_secs=44558, mean=0.611054, stdev=0.081601, best fit=0.701200, best_overall=0.701200, mean_diversity=0.158875,
indivs=17639872, elapsed_secs=44580, mean=0.599440, stdev=0.074087, best fit=0.701200, best_overall=0.701200, mean_diversity=0.096791,
indivs=17649969, elapsed_secs=44597, mean=0.602390, stdev=0.076115, best fit=0.701200, best_overall=0.701200, mean_diversity=0.123633,
indivs=17660066, elapsed_secs=44620, mean=0.592401, stdev=0.147497, best fit=0.701200, best_overall=0.701200, mean_diversity=0.147885,
indivs=17670090, elapsed_secs=44640, mean=0.600189, stdev=0.120796, best fit=0.701200, best_overall=0.701200, mean_diversity=0.207108,
indivs=17680110, elapsed_secs=44664, mean=0.598859, stdev=0.098950, best fit=0.701200, best_overall=0.701200, mean_diversity=0.129505,
indivs=17690120, elapsed_secs=44685, mean=0.613594, stdev=0.080579, best fit=0.701200, best_overall=0.701200, mean_diversity=0.102741,
indivs=17700132, elapsed_secs=44711, mean=0.623370, stdev=0.096810, best fit=0.701200, best_overall=0.701200, mean_diversity=0.148608,
indivs=17710236, elapsed_secs=44734, mean=0.590323, stdev=0.154646, best fit=0.701200, best_overall=0.701200, mean_diversity=0.135370,
indivs=17720311, elapsed_secs=44761, mean=0.603052, stdev=0.069901, best fit=0.701200, best_overall=0.701200, mean_diversity=0.151324,
indivs=17730445, elapsed_secs=44785, mean=0.631321, stdev=0.103678, best fit=0.701200, best_overall=0.701200, mean_diversity=0.087945,
indivs=17740472, elapsed_secs=44806, mean=0.598055, stdev=0.167104, best fit=0.701200, best_overall=0.701200, mean_diversity=0.216582,
indivs=17750562, elapsed_secs=44823, mean=0.585829, stdev=0.130146, best fit=0.701200, best_overall=0.701200, mean_diversity=0.130263,
indivs=17760579, elapsed_secs=44843, mean=0.614001, stdev=0.077782, best fit=0.701200, best_overall=0.701200, mean_diversity=0.140819,
indivs=17770611, elapsed_secs=44864, mean=0.593990, stdev=0.143101, best fit=0.701200, best_overall=0.701200, mean_diversity=0.109906,
indivs=17780631, elapsed_secs=44885, mean=0.613144, stdev=0.139015, best fit=0.701200, best_overall=0.701200, mean_diversity=0.110827,
indivs=17790704, elapsed_secs=44903, mean=0.586442, stdev=0.118836, best fit=0.701200, best_overall=0.701200, mean_diversity=0.110274,
indivs=17800872, elapsed_secs=44928, mean=0.627389, stdev=0.120669, best fit=0.701200, best_overall=0.701200, mean_diversity=0.119088,
indivs=17810880, elapsed_secs=44957, mean=0.606546, stdev=0.116529, best fit=0.701200, best_overall=0.701200, mean_diversity=0.104123,
indivs=17820972, elapsed_secs=44981, mean=0.631011, stdev=0.096676, best fit=0.701200, best_overall=0.701200, mean_diversity=0.131271,
indivs=17831044, elapsed_secs=45000, mean=0.621142, stdev=0.141190, best fit=0.701200, best_overall=0.701200, mean_diversity=0.109237,
indivs=17841087, elapsed_secs=45026, mean=0.602203, stdev=0.077141, best fit=0.701200, best_overall=0.701200, mean_diversity=0.163608,
indivs=17851217, elapsed_secs=45045, mean=0.625910, stdev=0.087509, best fit=0.701200, best_overall=0.701200, mean_diversity=0.119695,
indivs=17861324, elapsed_secs=45064, mean=0.585087, stdev=0.114441, best fit=0.701200, best_overall=0.701200, mean_diversity=0.095661,
indivs=17871376, elapsed_secs=45082, mean=0.616388, stdev=0.105844, best fit=0.701200, best_overall=0.701200, mean_diversity=0.161301,
indivs=17881509, elapsed_secs=45105, mean=0.641434, stdev=0.088860, best fit=0.701200, best_overall=0.701200, mean_diversity=0.133986,
indivs=17891514, elapsed_secs=45127, mean=0.574683, stdev=0.165712, best fit=0.701200, best_overall=0.701200, mean_diversity=0.117387,
indivs=17901621, elapsed_secs=45151, mean=0.598508, stdev=0.107879, best fit=0.701200, best_overall=0.701200, mean_diversity=0.116101,
indivs=17911692, elapsed_secs=45176, mean=0.599215, stdev=0.066314, best fit=0.701200, best_overall=0.701200, mean_diversity=0.186047,
indivs=17921780, elapsed_secs=45200, mean=0.627601, stdev=0.094047, best fit=0.701200, best_overall=0.701200, mean_diversity=0.167396,
indivs=17931797, elapsed_secs=45222, mean=0.591377, stdev=0.093573, best fit=0.701200, best_overall=0.701200, mean_diversity=0.101698,
indivs=17941886, elapsed_secs=45237, mean=0.591279, stdev=0.107022, best fit=0.701200, best_overall=0.701200, mean_diversity=0.114594,
indivs=17951938, elapsed_secs=45255, mean=0.595330, stdev=0.111496, best fit=0.701200, best_overall=0.701200, mean_diversity=0.132614,
indivs=17961997, elapsed_secs=45276, mean=0.619212, stdev=0.109579, best fit=0.701200, best_overall=0.701200, mean_diversity=0.092977,
indivs=17972079, elapsed_secs=45300, mean=0.599537, stdev=0.096970, best fit=0.701200, best_overall=0.701200, mean_diversity=0.117556,
indivs=17982113, elapsed_secs=45325, mean=0.583994, stdev=0.105757, best fit=0.701200, best_overall=0.701200, mean_diversity=0.094029,
indivs=17992186, elapsed_secs=45343, mean=0.618668, stdev=0.093566, best fit=0.701200, best_overall=0.701200, mean_diversity=0.135429,
indivs=18002199, elapsed_secs=45363, mean=0.628583, stdev=0.122707, best fit=0.701200, best_overall=0.701200, mean_diversity=0.127727,
indivs=18012291, elapsed_secs=45384, mean=0.603891, stdev=0.085774, best fit=0.701200, best_overall=0.701200, mean_diversity=0.090611,
indivs=18022433, elapsed_secs=45408, mean=0.611638, stdev=0.121560, best fit=0.701200, best_overall=0.701200, mean_diversity=0.145714,
indivs=18032544, elapsed_secs=45427, mean=0.612496, stdev=0.142395, best fit=0.701200, best_overall=0.701200, mean_diversity=0.138917,
indivs=18042646, elapsed_secs=45451, mean=0.600454, stdev=0.163658, best fit=0.701200, best_overall=0.701200, mean_diversity=0.112353,
indivs=18052737, elapsed_secs=45473, mean=0.605342, stdev=0.073638, best fit=0.701200, best_overall=0.701200, mean_diversity=0.158280,
indivs=18062794, elapsed_secs=45493, mean=0.621098, stdev=0.101021, best fit=0.701200, best_overall=0.701200, mean_diversity=0.104050,
indivs=18072832, elapsed_secs=45511, mean=0.621858, stdev=0.120126, best fit=0.701200, best_overall=0.701200, mean_diversity=0.083510,
indivs=18082860, elapsed_secs=45533, mean=0.589691, stdev=0.155063, best fit=0.701200, best_overall=0.701200, mean_diversity=0.081858,
indivs=18092897, elapsed_secs=45557, mean=0.619089, stdev=0.104926, best fit=0.701200, best_overall=0.701200, mean_diversity=0.140148,
indivs=18102905, elapsed_secs=45581, mean=0.583019, stdev=0.161861, best fit=0.701200, best_overall=0.701200, mean_diversity=0.159014,
indivs=18112995, elapsed_secs=45605, mean=0.580497, stdev=0.090975, best fit=0.701200, best_overall=0.701200, mean_diversity=0.107232,
indivs=18123076, elapsed_secs=45627, mean=0.584179, stdev=0.092570, best fit=0.701200, best_overall=0.701200, mean_diversity=0.124750,
indivs=18133233, elapsed_secs=45647, mean=0.600897, stdev=0.141917, best fit=0.701200, best_overall=0.701200, mean_diversity=0.131056,
indivs=18143245, elapsed_secs=45669, mean=0.587459, stdev=0.091942, best fit=0.701200, best_overall=0.701200, mean_diversity=0.104669,
indivs=18153299, elapsed_secs=45689, mean=0.587450, stdev=0.087623, best fit=0.701200, best_overall=0.701200, mean_diversity=0.083021,
indivs=18163426, elapsed_secs=45715, mean=0.595982, stdev=0.160570, best fit=0.701200, best_overall=0.701200, mean_diversity=0.128951,
indivs=18173482, elapsed_secs=45736, mean=0.624114, stdev=0.104541, best fit=0.701200, best_overall=0.701200, mean_diversity=0.165186,
indivs=18183548, elapsed_secs=45754, mean=0.634533, stdev=0.090791, best fit=0.701200, best_overall=0.701200, mean_diversity=0.096044,
indivs=18193583, elapsed_secs=45774, mean=0.616986, stdev=0.088263, best fit=0.701200, best_overall=0.701200, mean_diversity=0.143702,
indivs=18203604, elapsed_secs=45795, mean=0.632865, stdev=0.095245, best fit=0.701200, best_overall=0.701200, mean_diversity=0.091003,
indivs=18213621, elapsed_secs=45812, mean=0.616581, stdev=0.109790, best fit=0.701200, best_overall=0.701200, mean_diversity=0.116383,
indivs=18223756, elapsed_secs=45833, mean=0.618964, stdev=0.082470, best fit=0.701200, best_overall=0.701200, mean_diversity=0.103723,
indivs=18233769, elapsed_secs=45852, mean=0.601111, stdev=0.107603, best fit=0.701200, best_overall=0.701200, mean_diversity=0.087683,
indivs=18243852, elapsed_secs=45874, mean=0.591237, stdev=0.202156, best fit=0.701200, best_overall=0.701200, mean_diversity=0.141460,
indivs=18253857, elapsed_secs=45893, mean=0.609812, stdev=0.153804, best fit=0.701200, best_overall=0.701200, mean_diversity=0.169278,
indivs=18263933, elapsed_secs=45908, mean=0.630898, stdev=0.090237, best fit=0.701200, best_overall=0.701200, mean_diversity=0.127170,
indivs=18274063, elapsed_secs=45927, mean=0.615803, stdev=0.152505, best fit=0.701200, best_overall=0.701200, mean_diversity=0.130215,
indivs=18284203, elapsed_secs=45948, mean=0.619549, stdev=0.127196, best fit=0.701200, best_overall=0.701200, mean_diversity=0.120152,
indivs=18294291, elapsed_secs=45974, mean=0.586415, stdev=0.115910, best fit=0.701200, best_overall=0.701200, mean_diversity=0.071389,
indivs=18304428, elapsed_secs=45999, mean=0.598493, stdev=0.163427, best fit=0.701200, best_overall=0.701200, mean_diversity=0.080848,
indivs=18314518, elapsed_secs=46023, mean=0.599982, stdev=0.102771, best fit=0.701200, best_overall=0.701200, mean_diversity=0.182903,
indivs=18324617, elapsed_secs=46046, mean=0.585413, stdev=0.136305, best fit=0.701200, best_overall=0.701200, mean_diversity=0.151862,
indivs=18334711, elapsed_secs=46070, mean=0.618740, stdev=0.105503, best fit=0.701200, best_overall=0.701200, mean_diversity=0.156140,
indivs=18344730, elapsed_secs=46089, mean=0.641799, stdev=0.106539, best fit=0.701200, best_overall=0.701200, mean_diversity=0.204038,
indivs=18354807, elapsed_secs=46110, mean=0.610220, stdev=0.096053, best fit=0.701200, best_overall=0.701200, mean_diversity=0.147807,
Experiment done. Retrieving candidate algorithm.
Search fitness for candidate algorithm = 0.701200
Evaluating candidate algorithm from experiment (on T_select tasks)... 
Select fitness for candidate algorithm = 0.697000
Select fitness is the best so far. 

Final evaluation of best algorithm (on unseen tasks)...
Final evaluation fitness (on unseen data) = 0.691340
Algorithm found: 
def Setup():
  s2 = 1.61308
  v3 = gaussian(-0.829102, 0.900178, n_features)
  m1 = gaussian(0.940652, 0.614938, (n_features, n_features))
def Predict():
  s2 = dot(v3, v7)
  v2 = v6 + v1
  s3 = s3 + s1
  v6 = v3 + v6
  s1 = dot(v0, v6)
  v8 = dot(m0, v8)
  v7 = maximum(v7, v2)
  v6 = v1 + v5
  v7 = dot(m1, v7)
def Learn():
  v1 = s3 * v3
  s3 = s4 + s0
  v6 = heaviside(v4, 1.0)
  m1 = m1 + m0
  v7 = heaviside(v3, 1.0)
  m1 = outer(v4, v0)
  s1 = s3 - s1
  v5 = v2 + v5
  m1 = m1 + m0
  v3 = v7 * v6
  v3 = v3 + v0
  s2 = s3 + s1
  v6 = v4 + v2
  s3 = s1 + s2

