Random seed = 697250935
/p/work/rditljtd/automl_zero/baseline_full_qd.db3
evol_id:91859
SQLite Version: 3.4.0

Creating database for run.
/p/work/rditljtd/automl_zero/baseline_full_qd.db3
Running evolution experiment (on the T_search tasks)...
indivs=200, elapsed_secs=0, mean=0.500000, stdev=0.000000, best fit=0.500000, best_overall=0.500000, mean_diversity=0.000000,
indivs=10290, elapsed_secs=36, mean=0.577764, stdev=0.102396, best fit=0.669000, best_overall=0.669000, mean_diversity=0.111789,
indivs=20339, elapsed_secs=47, mean=0.506757, stdev=0.066740, best fit=0.669000, best_overall=0.669000, mean_diversity=0.191231,
indivs=30359, elapsed_secs=61, mean=0.548367, stdev=0.106331, best fit=0.669300, best_overall=0.669300, mean_diversity=0.104151,
indivs=40480, elapsed_secs=74, mean=0.596876, stdev=0.142965, best fit=0.669300, best_overall=0.669300, mean_diversity=0.190597,
indivs=50603, elapsed_secs=91, mean=0.566324, stdev=0.167867, best fit=0.669300, best_overall=0.669300, mean_diversity=0.059809,
indivs=60663, elapsed_secs=105, mean=0.532347, stdev=0.105195, best fit=0.669400, best_overall=0.669400, mean_diversity=0.239664,
indivs=70696, elapsed_secs=122, mean=0.557431, stdev=0.066372, best fit=0.669700, best_overall=0.669700, mean_diversity=0.398526,
indivs=80780, elapsed_secs=138, mean=0.582675, stdev=0.117712, best fit=0.669900, best_overall=0.669900, mean_diversity=0.220385,
indivs=90800, elapsed_secs=155, mean=0.493201, stdev=0.062993, best fit=0.670100, best_overall=0.670100, mean_diversity=0.084580,
indivs=100854, elapsed_secs=172, mean=0.554049, stdev=0.111429, best fit=0.670100, best_overall=0.670100, mean_diversity=0.382590,
indivs=110922, elapsed_secs=190, mean=0.568751, stdev=0.096311, best fit=0.670100, best_overall=0.670100, mean_diversity=0.147161,
indivs=120994, elapsed_secs=207, mean=0.509387, stdev=0.033766, best fit=0.670100, best_overall=0.670100, mean_diversity=0.276946,
indivs=131016, elapsed_secs=222, mean=0.566909, stdev=0.063927, best fit=0.670100, best_overall=0.670100, mean_diversity=0.189571,
indivs=141132, elapsed_secs=237, mean=0.577455, stdev=0.084269, best fit=0.670100, best_overall=0.670100, mean_diversity=0.285506,
indivs=151198, elapsed_secs=253, mean=0.540525, stdev=0.099056, best fit=0.670100, best_overall=0.670100, mean_diversity=0.307177,
indivs=161246, elapsed_secs=269, mean=0.568616, stdev=0.097622, best fit=0.670100, best_overall=0.670100, mean_diversity=0.116271,
indivs=171310, elapsed_secs=283, mean=0.520310, stdev=0.079811, best fit=0.670100, best_overall=0.670100, mean_diversity=0.127011,
indivs=181447, elapsed_secs=298, mean=0.539640, stdev=0.132697, best fit=0.670100, best_overall=0.670100, mean_diversity=0.206968,
indivs=191525, elapsed_secs=313, mean=0.566059, stdev=0.115975, best fit=0.670100, best_overall=0.670100, mean_diversity=0.269635,
indivs=201618, elapsed_secs=328, mean=0.542406, stdev=0.129895, best fit=0.670100, best_overall=0.670100, mean_diversity=0.177651,
indivs=211687, elapsed_secs=344, mean=0.542713, stdev=0.095202, best fit=0.670100, best_overall=0.670100, mean_diversity=0.242898,
indivs=221783, elapsed_secs=358, mean=0.600599, stdev=0.100786, best fit=0.670100, best_overall=0.670100, mean_diversity=0.087539,
indivs=231917, elapsed_secs=375, mean=0.574266, stdev=0.102281, best fit=0.670100, best_overall=0.670100, mean_diversity=0.232478,
indivs=241964, elapsed_secs=391, mean=0.560160, stdev=0.115874, best fit=0.670100, best_overall=0.670100, mean_diversity=0.256824,
indivs=251987, elapsed_secs=407, mean=0.567901, stdev=0.084505, best fit=0.670100, best_overall=0.670100, mean_diversity=0.206765,
indivs=261997, elapsed_secs=421, mean=0.547956, stdev=0.076372, best fit=0.670100, best_overall=0.670100, mean_diversity=0.289096,
indivs=272084, elapsed_secs=436, mean=0.541682, stdev=0.155293, best fit=0.670100, best_overall=0.670100, mean_diversity=0.281153,
indivs=282155, elapsed_secs=452, mean=0.516762, stdev=0.077079, best fit=0.670100, best_overall=0.670100, mean_diversity=0.243061,
indivs=292256, elapsed_secs=466, mean=0.515731, stdev=0.077263, best fit=0.670100, best_overall=0.670100, mean_diversity=0.244677,
indivs=302390, elapsed_secs=482, mean=0.603107, stdev=0.135477, best fit=0.670100, best_overall=0.670100, mean_diversity=0.193567,
indivs=312496, elapsed_secs=498, mean=0.622254, stdev=0.079001, best fit=0.670200, best_overall=0.670200, mean_diversity=0.050273,
indivs=322597, elapsed_secs=515, mean=0.592886, stdev=0.117204, best fit=0.670200, best_overall=0.670200, mean_diversity=0.212870,
indivs=332597, elapsed_secs=532, mean=0.501702, stdev=0.016935, best fit=0.670200, best_overall=0.670200, mean_diversity=0.113709,
indivs=342687, elapsed_secs=548, mean=0.514785, stdev=0.041592, best fit=0.670200, best_overall=0.670200, mean_diversity=0.298021,
indivs=352692, elapsed_secs=564, mean=0.505083, stdev=0.028944, best fit=0.670200, best_overall=0.670200, mean_diversity=0.109256,
indivs=362811, elapsed_secs=582, mean=0.589489, stdev=0.102151, best fit=0.670200, best_overall=0.670200, mean_diversity=0.160584,
indivs=372847, elapsed_secs=594, mean=0.599208, stdev=0.116776, best fit=0.670200, best_overall=0.670200, mean_diversity=0.137459,
indivs=382895, elapsed_secs=609, mean=0.455202, stdev=0.144941, best fit=0.670200, best_overall=0.670200, mean_diversity=0.055299,
indivs=392916, elapsed_secs=626, mean=0.570052, stdev=0.084085, best fit=0.670200, best_overall=0.670200, mean_diversity=0.429711,
indivs=402977, elapsed_secs=642, mean=0.565121, stdev=0.130002, best fit=0.670200, best_overall=0.670200, mean_diversity=0.086174,
indivs=413079, elapsed_secs=658, mean=0.577818, stdev=0.117300, best fit=0.670200, best_overall=0.670200, mean_diversity=0.244615,
indivs=423120, elapsed_secs=675, mean=0.491847, stdev=0.072280, best fit=0.670200, best_overall=0.670200, mean_diversity=0.121911,
indivs=433207, elapsed_secs=691, mean=0.587772, stdev=0.117714, best fit=0.670200, best_overall=0.670200, mean_diversity=0.354291,
indivs=443210, elapsed_secs=706, mean=0.536138, stdev=0.089755, best fit=0.670200, best_overall=0.670200, mean_diversity=0.318558,
indivs=453226, elapsed_secs=723, mean=0.570754, stdev=0.126494, best fit=0.670200, best_overall=0.670200, mean_diversity=0.244259,
indivs=463255, elapsed_secs=739, mean=0.548161, stdev=0.094219, best fit=0.670200, best_overall=0.670200, mean_diversity=0.175249,
indivs=473355, elapsed_secs=755, mean=0.512257, stdev=0.125006, best fit=0.670200, best_overall=0.670200, mean_diversity=0.220934,
indivs=483419, elapsed_secs=769, mean=0.602421, stdev=0.106300, best fit=0.670200, best_overall=0.670200, mean_diversity=0.148092,
indivs=493486, elapsed_secs=781, mean=0.531865, stdev=0.084209, best fit=0.670200, best_overall=0.670200, mean_diversity=0.206637,
indivs=503548, elapsed_secs=797, mean=0.536223, stdev=0.091535, best fit=0.670200, best_overall=0.670200, mean_diversity=0.268419,
indivs=513626, elapsed_secs=811, mean=0.552836, stdev=0.136711, best fit=0.670200, best_overall=0.670200, mean_diversity=0.204870,
indivs=523717, elapsed_secs=827, mean=0.540241, stdev=0.072341, best fit=0.670200, best_overall=0.670200, mean_diversity=0.234104,
indivs=533772, elapsed_secs=842, mean=0.531179, stdev=0.072224, best fit=0.670200, best_overall=0.670200, mean_diversity=0.191124,
indivs=543870, elapsed_secs=859, mean=0.545641, stdev=0.110942, best fit=0.670200, best_overall=0.670200, mean_diversity=0.201709,
indivs=553970, elapsed_secs=874, mean=0.580342, stdev=0.100090, best fit=0.670200, best_overall=0.670200, mean_diversity=0.285228,
indivs=563993, elapsed_secs=886, mean=0.581282, stdev=0.102168, best fit=0.670200, best_overall=0.670200, mean_diversity=0.296603,
indivs=574079, elapsed_secs=901, mean=0.571544, stdev=0.085410, best fit=0.670200, best_overall=0.670200, mean_diversity=0.151937,
indivs=584125, elapsed_secs=915, mean=0.620692, stdev=0.112026, best fit=0.670200, best_overall=0.670200, mean_diversity=0.077458,
indivs=594144, elapsed_secs=931, mean=0.517144, stdev=0.048267, best fit=0.670200, best_overall=0.670200, mean_diversity=0.209110,
indivs=604225, elapsed_secs=950, mean=0.462230, stdev=0.121323, best fit=0.670200, best_overall=0.670200, mean_diversity=0.123775,
indivs=614251, elapsed_secs=964, mean=0.579826, stdev=0.084134, best fit=0.670200, best_overall=0.670200, mean_diversity=0.269281,
indivs=624349, elapsed_secs=980, mean=0.585832, stdev=0.084786, best fit=0.670200, best_overall=0.670200, mean_diversity=0.211662,
indivs=634351, elapsed_secs=995, mean=0.561755, stdev=0.083025, best fit=0.670200, best_overall=0.670200, mean_diversity=0.253987,
indivs=644363, elapsed_secs=1009, mean=0.559913, stdev=0.141065, best fit=0.670200, best_overall=0.670200, mean_diversity=0.117340,
indivs=654401, elapsed_secs=1024, mean=0.552598, stdev=0.120062, best fit=0.670200, best_overall=0.670200, mean_diversity=0.260107,
indivs=664493, elapsed_secs=1040, mean=0.586649, stdev=0.080120, best fit=0.670200, best_overall=0.670200, mean_diversity=0.115180,
indivs=674533, elapsed_secs=1055, mean=0.550178, stdev=0.103227, best fit=0.670200, best_overall=0.670200, mean_diversity=0.314309,
indivs=684606, elapsed_secs=1071, mean=0.518692, stdev=0.156008, best fit=0.670200, best_overall=0.670200, mean_diversity=0.117448,
indivs=694616, elapsed_secs=1087, mean=0.490179, stdev=0.105600, best fit=0.670200, best_overall=0.670200, mean_diversity=0.214431,
indivs=704657, elapsed_secs=1101, mean=0.609052, stdev=0.100064, best fit=0.670200, best_overall=0.670200, mean_diversity=0.110454,
indivs=714675, elapsed_secs=1116, mean=0.609713, stdev=0.064678, best fit=0.670400, best_overall=0.670400, mean_diversity=0.114680,
indivs=724708, elapsed_secs=1132, mean=0.518106, stdev=0.052313, best fit=0.670400, best_overall=0.670400, mean_diversity=0.116319,
indivs=734732, elapsed_secs=1150, mean=0.590475, stdev=0.102962, best fit=0.670400, best_overall=0.670400, mean_diversity=0.530909,
indivs=744872, elapsed_secs=1167, mean=0.560363, stdev=0.110321, best fit=0.670600, best_overall=0.670600, mean_diversity=0.291909,
indivs=754919, elapsed_secs=1183, mean=0.556561, stdev=0.121045, best fit=0.670600, best_overall=0.670600, mean_diversity=0.371013,
indivs=764929, elapsed_secs=1201, mean=0.579037, stdev=0.102324, best fit=0.670600, best_overall=0.670600, mean_diversity=0.295717,
indivs=774999, elapsed_secs=1217, mean=0.534299, stdev=0.071409, best fit=0.670600, best_overall=0.670600, mean_diversity=0.308419,
indivs=785148, elapsed_secs=1235, mean=0.605578, stdev=0.085074, best fit=0.670600, best_overall=0.670600, mean_diversity=0.312365,
indivs=795265, elapsed_secs=1253, mean=0.564473, stdev=0.115759, best fit=0.670600, best_overall=0.670600, mean_diversity=0.322652,
indivs=805305, elapsed_secs=1269, mean=0.510924, stdev=0.040604, best fit=0.670600, best_overall=0.670600, mean_diversity=0.243386,
indivs=815352, elapsed_secs=1288, mean=0.543144, stdev=0.091685, best fit=0.670600, best_overall=0.670600, mean_diversity=0.473433,
indivs=825477, elapsed_secs=1306, mean=0.551990, stdev=0.082875, best fit=0.670600, best_overall=0.670600, mean_diversity=0.310514,
indivs=835497, elapsed_secs=1325, mean=0.588006, stdev=0.081061, best fit=0.670600, best_overall=0.670600, mean_diversity=0.363229,
indivs=845604, elapsed_secs=1347, mean=0.573884, stdev=0.109677, best fit=0.670600, best_overall=0.670600, mean_diversity=0.181064,
indivs=855684, elapsed_secs=1363, mean=0.515163, stdev=0.160928, best fit=0.670600, best_overall=0.670600, mean_diversity=0.319307,
indivs=865752, elapsed_secs=1379, mean=0.527519, stdev=0.126222, best fit=0.670600, best_overall=0.670600, mean_diversity=0.502404,
indivs=875824, elapsed_secs=1394, mean=0.524737, stdev=0.082692, best fit=0.670600, best_overall=0.670600, mean_diversity=0.328413,
indivs=885937, elapsed_secs=1411, mean=0.578770, stdev=0.072350, best fit=0.670600, best_overall=0.670600, mean_diversity=0.112788,
indivs=895975, elapsed_secs=1427, mean=0.513332, stdev=0.095678, best fit=0.670600, best_overall=0.670600, mean_diversity=0.419654,
indivs=906141, elapsed_secs=1447, mean=0.608162, stdev=0.097434, best fit=0.670600, best_overall=0.670600, mean_diversity=0.143602,
indivs=916286, elapsed_secs=1465, mean=0.591313, stdev=0.096292, best fit=0.670600, best_overall=0.670600, mean_diversity=0.146518,
indivs=926337, elapsed_secs=1484, mean=0.582987, stdev=0.094203, best fit=0.670600, best_overall=0.670600, mean_diversity=0.152236,
indivs=936468, elapsed_secs=1501, mean=0.591124, stdev=0.131911, best fit=0.670600, best_overall=0.670600, mean_diversity=0.202393,
indivs=946495, elapsed_secs=1522, mean=0.456122, stdev=0.165151, best fit=0.670600, best_overall=0.670600, mean_diversity=0.144517,
indivs=956559, elapsed_secs=1535, mean=0.549696, stdev=0.070686, best fit=0.670600, best_overall=0.670600, mean_diversity=0.503526,
indivs=966588, elapsed_secs=1554, mean=0.617844, stdev=0.076999, best fit=0.670600, best_overall=0.670600, mean_diversity=0.085259,
indivs=976704, elapsed_secs=1574, mean=0.606914, stdev=0.111080, best fit=0.670600, best_overall=0.670600, mean_diversity=0.163002,
indivs=986772, elapsed_secs=1591, mean=0.583370, stdev=0.120365, best fit=0.670600, best_overall=0.670600, mean_diversity=0.082253,
indivs=996901, elapsed_secs=1607, mean=0.592385, stdev=0.080625, best fit=0.670600, best_overall=0.670600, mean_diversity=0.142615,
indivs=1006972, elapsed_secs=1625, mean=0.581430, stdev=0.085595, best fit=0.670600, best_overall=0.670600, mean_diversity=0.305673,
indivs=1016992, elapsed_secs=1643, mean=0.509245, stdev=0.079291, best fit=0.670600, best_overall=0.670600, mean_diversity=0.126736,
indivs=1027051, elapsed_secs=1661, mean=0.539986, stdev=0.098219, best fit=0.670600, best_overall=0.670600, mean_diversity=0.384745,
indivs=1037160, elapsed_secs=1678, mean=0.584043, stdev=0.081284, best fit=0.670600, best_overall=0.670600, mean_diversity=0.289916,
indivs=1047250, elapsed_secs=1697, mean=0.551216, stdev=0.123441, best fit=0.670600, best_overall=0.670600, mean_diversity=0.122820,
indivs=1057355, elapsed_secs=1713, mean=0.555149, stdev=0.159038, best fit=0.670600, best_overall=0.670600, mean_diversity=0.211603,
indivs=1067485, elapsed_secs=1729, mean=0.575712, stdev=0.107207, best fit=0.670600, best_overall=0.670600, mean_diversity=0.146695,
indivs=1077503, elapsed_secs=1748, mean=0.501810, stdev=0.016995, best fit=0.670600, best_overall=0.670600, mean_diversity=0.132945,
indivs=1087607, elapsed_secs=1764, mean=0.574635, stdev=0.129004, best fit=0.670600, best_overall=0.670600, mean_diversity=0.160990,
indivs=1097643, elapsed_secs=1781, mean=0.571221, stdev=0.101090, best fit=0.670600, best_overall=0.670600, mean_diversity=0.383366,
indivs=1107660, elapsed_secs=1801, mean=0.575666, stdev=0.098258, best fit=0.670600, best_overall=0.670600, mean_diversity=0.155947,
indivs=1117672, elapsed_secs=1817, mean=0.617250, stdev=0.112384, best fit=0.670600, best_overall=0.670600, mean_diversity=0.083864,
indivs=1127755, elapsed_secs=1834, mean=0.597887, stdev=0.116930, best fit=0.670600, best_overall=0.670600, mean_diversity=0.141359,
indivs=1137900, elapsed_secs=1853, mean=0.558502, stdev=0.175462, best fit=0.670600, best_overall=0.670600, mean_diversity=0.132092,
indivs=1147966, elapsed_secs=1870, mean=0.505534, stdev=0.107400, best fit=0.670600, best_overall=0.670600, mean_diversity=0.280795,
indivs=1158048, elapsed_secs=1889, mean=0.533268, stdev=0.055088, best fit=0.670600, best_overall=0.670600, mean_diversity=0.285570,
indivs=1168072, elapsed_secs=1904, mean=0.550202, stdev=0.064490, best fit=0.670600, best_overall=0.670600, mean_diversity=0.182033,
indivs=1178121, elapsed_secs=1922, mean=0.509821, stdev=0.049822, best fit=0.670600, best_overall=0.670600, mean_diversity=0.086193,
indivs=1188161, elapsed_secs=1939, mean=0.520863, stdev=0.200253, best fit=0.670600, best_overall=0.670600, mean_diversity=0.204709,
indivs=1198301, elapsed_secs=1957, mean=0.565428, stdev=0.120401, best fit=0.670600, best_overall=0.670600, mean_diversity=0.200379,
indivs=1208404, elapsed_secs=1978, mean=0.536675, stdev=0.186773, best fit=0.670600, best_overall=0.670600, mean_diversity=0.349702,
indivs=1218457, elapsed_secs=1994, mean=0.530648, stdev=0.057915, best fit=0.670600, best_overall=0.670600, mean_diversity=0.289434,
indivs=1228458, elapsed_secs=2010, mean=0.502331, stdev=0.020536, best fit=0.670600, best_overall=0.670600, mean_diversity=0.051134,
indivs=1238501, elapsed_secs=2028, mean=0.549947, stdev=0.098858, best fit=0.670600, best_overall=0.670600, mean_diversity=0.193773,
indivs=1248530, elapsed_secs=2045, mean=0.551657, stdev=0.089207, best fit=0.670600, best_overall=0.670600, mean_diversity=0.263346,
indivs=1258573, elapsed_secs=2062, mean=0.587108, stdev=0.103472, best fit=0.670600, best_overall=0.670600, mean_diversity=0.385991,
indivs=1268651, elapsed_secs=2080, mean=0.497381, stdev=0.055537, best fit=0.670600, best_overall=0.670600, mean_diversity=0.167805,
indivs=1278660, elapsed_secs=2096, mean=0.575824, stdev=0.062626, best fit=0.670600, best_overall=0.670600, mean_diversity=0.202531,
indivs=1288721, elapsed_secs=2115, mean=0.569373, stdev=0.063478, best fit=0.670600, best_overall=0.670600, mean_diversity=0.229074,
indivs=1298783, elapsed_secs=2133, mean=0.575134, stdev=0.128991, best fit=0.670600, best_overall=0.670600, mean_diversity=0.238883,
indivs=1308901, elapsed_secs=2150, mean=0.524051, stdev=0.081641, best fit=0.670600, best_overall=0.670600, mean_diversity=0.295609,
indivs=1318937, elapsed_secs=2170, mean=0.576165, stdev=0.139616, best fit=0.670600, best_overall=0.670600, mean_diversity=0.101763,
indivs=1328955, elapsed_secs=2187, mean=0.586977, stdev=0.080531, best fit=0.670600, best_overall=0.670600, mean_diversity=0.177928,
indivs=1338962, elapsed_secs=2206, mean=0.491507, stdev=0.062418, best fit=0.670600, best_overall=0.670600, mean_diversity=0.415758,
indivs=1348990, elapsed_secs=2223, mean=0.505399, stdev=0.028927, best fit=0.670600, best_overall=0.670600, mean_diversity=0.201663,
indivs=1359085, elapsed_secs=2244, mean=0.582047, stdev=0.065087, best fit=0.670600, best_overall=0.670600, mean_diversity=0.278924,
indivs=1369183, elapsed_secs=2259, mean=0.493450, stdev=0.131831, best fit=0.670600, best_overall=0.670600, mean_diversity=0.174269,
indivs=1379189, elapsed_secs=2276, mean=0.581245, stdev=0.060130, best fit=0.670600, best_overall=0.670600, mean_diversity=0.156740,
indivs=1389254, elapsed_secs=2293, mean=0.592480, stdev=0.084546, best fit=0.670600, best_overall=0.670600, mean_diversity=0.282965,
indivs=1399337, elapsed_secs=2311, mean=0.547780, stdev=0.099795, best fit=0.670600, best_overall=0.670600, mean_diversity=0.313316,
indivs=1409434, elapsed_secs=2327, mean=0.599407, stdev=0.116895, best fit=0.670600, best_overall=0.670600, mean_diversity=0.122218,
indivs=1419588, elapsed_secs=2344, mean=0.586517, stdev=0.115266, best fit=0.670600, best_overall=0.670600, mean_diversity=0.248536,
indivs=1429670, elapsed_secs=2361, mean=0.555577, stdev=0.064943, best fit=0.670600, best_overall=0.670600, mean_diversity=0.293342,
indivs=1439680, elapsed_secs=2379, mean=0.521859, stdev=0.056984, best fit=0.670600, best_overall=0.670600, mean_diversity=0.311791,
indivs=1449706, elapsed_secs=2399, mean=0.541825, stdev=0.109933, best fit=0.670600, best_overall=0.670600, mean_diversity=0.260147,
indivs=1459755, elapsed_secs=2417, mean=0.549787, stdev=0.117261, best fit=0.670600, best_overall=0.670600, mean_diversity=0.234308,
indivs=1469796, elapsed_secs=2434, mean=0.539536, stdev=0.075455, best fit=0.670600, best_overall=0.670600, mean_diversity=0.323090,
indivs=1479911, elapsed_secs=2451, mean=0.615710, stdev=0.081282, best fit=0.670600, best_overall=0.670600, mean_diversity=0.294395,
indivs=1490081, elapsed_secs=2468, mean=0.627394, stdev=0.073949, best fit=0.670600, best_overall=0.670600, mean_diversity=0.318395,
indivs=1500081, elapsed_secs=2487, mean=0.504999, stdev=0.131806, best fit=0.670600, best_overall=0.670600, mean_diversity=0.310186,
indivs=1510105, elapsed_secs=2503, mean=0.581067, stdev=0.119129, best fit=0.670600, best_overall=0.670600, mean_diversity=0.231239,
indivs=1520151, elapsed_secs=2523, mean=0.575317, stdev=0.084495, best fit=0.670600, best_overall=0.670600, mean_diversity=0.157657,
indivs=1530248, elapsed_secs=2542, mean=0.516123, stdev=0.077737, best fit=0.670600, best_overall=0.670600, mean_diversity=0.235800,
indivs=1540362, elapsed_secs=2560, mean=0.582933, stdev=0.086123, best fit=0.670600, best_overall=0.670600, mean_diversity=0.216212,
indivs=1550458, elapsed_secs=2579, mean=0.505796, stdev=0.067256, best fit=0.670600, best_overall=0.670600, mean_diversity=0.130671,
indivs=1560458, elapsed_secs=2598, mean=0.524040, stdev=0.046668, best fit=0.670600, best_overall=0.670600, mean_diversity=0.277088,
indivs=1570526, elapsed_secs=2616, mean=0.600832, stdev=0.142698, best fit=0.670600, best_overall=0.670600, mean_diversity=0.251850,
indivs=1580667, elapsed_secs=2637, mean=0.580005, stdev=0.129062, best fit=0.670600, best_overall=0.670600, mean_diversity=0.219451,
indivs=1590787, elapsed_secs=2657, mean=0.550084, stdev=0.172025, best fit=0.670600, best_overall=0.670600, mean_diversity=0.080375,
indivs=1600810, elapsed_secs=2674, mean=0.518229, stdev=0.116755, best fit=0.670600, best_overall=0.670600, mean_diversity=0.206867,
indivs=1610844, elapsed_secs=2693, mean=0.507199, stdev=0.069285, best fit=0.670600, best_overall=0.670600, mean_diversity=0.360234,
indivs=1620906, elapsed_secs=2712, mean=0.559213, stdev=0.140979, best fit=0.670600, best_overall=0.670600, mean_diversity=0.220752,
indivs=1631032, elapsed_secs=2730, mean=0.581270, stdev=0.102213, best fit=0.670600, best_overall=0.670600, mean_diversity=0.154661,
indivs=1641055, elapsed_secs=2748, mean=0.564572, stdev=0.153613, best fit=0.670600, best_overall=0.670600, mean_diversity=0.129236,
indivs=1651082, elapsed_secs=2764, mean=0.556192, stdev=0.068592, best fit=0.670600, best_overall=0.670600, mean_diversity=0.216906,
indivs=1661139, elapsed_secs=2782, mean=0.584206, stdev=0.119678, best fit=0.670600, best_overall=0.670600, mean_diversity=0.082047,
indivs=1671277, elapsed_secs=2802, mean=0.557456, stdev=0.128502, best fit=0.670600, best_overall=0.670600, mean_diversity=0.246921,
indivs=1681300, elapsed_secs=2818, mean=0.497420, stdev=0.123785, best fit=0.670600, best_overall=0.670600, mean_diversity=0.261658,
indivs=1691355, elapsed_secs=2836, mean=0.585155, stdev=0.082632, best fit=0.670600, best_overall=0.670600, mean_diversity=0.172256,
indivs=1701356, elapsed_secs=2850, mean=0.506895, stdev=0.077496, best fit=0.670600, best_overall=0.670600, mean_diversity=0.195111,
indivs=1711391, elapsed_secs=2869, mean=0.578866, stdev=0.117270, best fit=0.670600, best_overall=0.670600, mean_diversity=0.306060,
indivs=1721396, elapsed_secs=2888, mean=0.539540, stdev=0.096254, best fit=0.670600, best_overall=0.670600, mean_diversity=0.251550,
indivs=1731491, elapsed_secs=2910, mean=0.562572, stdev=0.081581, best fit=0.670600, best_overall=0.670600, mean_diversity=0.253905,
indivs=1741531, elapsed_secs=2928, mean=0.559146, stdev=0.065426, best fit=0.670600, best_overall=0.670600, mean_diversity=0.328976,
indivs=1751576, elapsed_secs=2946, mean=0.532806, stdev=0.065880, best fit=0.670600, best_overall=0.670600, mean_diversity=0.297820,
indivs=1761582, elapsed_secs=2964, mean=0.501631, stdev=0.016998, best fit=0.670600, best_overall=0.670600, mean_diversity=0.097534,
indivs=1771626, elapsed_secs=2983, mean=0.599433, stdev=0.096333, best fit=0.670600, best_overall=0.670600, mean_diversity=0.138186,
indivs=1781740, elapsed_secs=3001, mean=0.571253, stdev=0.116919, best fit=0.670600, best_overall=0.670600, mean_diversity=0.415411,
indivs=1791763, elapsed_secs=3018, mean=0.576462, stdev=0.069460, best fit=0.670600, best_overall=0.670600, mean_diversity=0.264774,
indivs=1801789, elapsed_secs=3037, mean=0.515865, stdev=0.048277, best fit=0.670600, best_overall=0.670600, mean_diversity=0.244680,
indivs=1811856, elapsed_secs=3054, mean=0.530440, stdev=0.104498, best fit=0.670600, best_overall=0.670600, mean_diversity=0.367200,
indivs=1822011, elapsed_secs=3072, mean=0.520065, stdev=0.205184, best fit=0.670600, best_overall=0.670600, mean_diversity=0.138714,
indivs=1832059, elapsed_secs=3089, mean=0.581885, stdev=0.103037, best fit=0.670600, best_overall=0.670600, mean_diversity=0.159596,
indivs=1842155, elapsed_secs=3106, mean=0.538436, stdev=0.091968, best fit=0.670600, best_overall=0.670600, mean_diversity=0.098464,
indivs=1852241, elapsed_secs=3122, mean=0.583911, stdev=0.111271, best fit=0.670600, best_overall=0.670600, mean_diversity=0.122409,
indivs=1862287, elapsed_secs=3143, mean=0.513669, stdev=0.107971, best fit=0.670600, best_overall=0.670600, mean_diversity=0.301056,
indivs=1872375, elapsed_secs=3160, mean=0.515363, stdev=0.144709, best fit=0.670600, best_overall=0.670600, mean_diversity=0.254103,
indivs=1882413, elapsed_secs=3175, mean=0.545964, stdev=0.094824, best fit=0.670600, best_overall=0.670600, mean_diversity=0.330738,
indivs=1892470, elapsed_secs=3194, mean=0.524124, stdev=0.084718, best fit=0.670600, best_overall=0.670600, mean_diversity=0.151994,
indivs=1902510, elapsed_secs=3209, mean=0.568350, stdev=0.066484, best fit=0.670600, best_overall=0.670600, mean_diversity=0.129979,
indivs=1912532, elapsed_secs=3227, mean=0.508459, stdev=0.036868, best fit=0.670600, best_overall=0.670600, mean_diversity=0.087539,
indivs=1922626, elapsed_secs=3244, mean=0.574936, stdev=0.087692, best fit=0.670600, best_overall=0.670600, mean_diversity=0.178202,
indivs=1932775, elapsed_secs=3260, mean=0.541541, stdev=0.171944, best fit=0.670600, best_overall=0.670600, mean_diversity=0.105669,
indivs=1942841, elapsed_secs=3280, mean=0.560088, stdev=0.129281, best fit=0.670600, best_overall=0.670600, mean_diversity=0.400785,
indivs=1952868, elapsed_secs=3291, mean=0.579782, stdev=0.101943, best fit=0.670600, best_overall=0.670600, mean_diversity=0.212284,
indivs=1962922, elapsed_secs=3308, mean=0.595976, stdev=0.081607, best fit=0.670600, best_overall=0.670600, mean_diversity=0.140420,
indivs=1973079, elapsed_secs=3328, mean=0.611905, stdev=0.099796, best fit=0.670600, best_overall=0.670600, mean_diversity=0.168690,
indivs=1983114, elapsed_secs=3348, mean=0.606017, stdev=0.115787, best fit=0.670600, best_overall=0.670600, mean_diversity=0.144791,
indivs=1993272, elapsed_secs=3364, mean=0.622414, stdev=0.076312, best fit=0.670600, best_overall=0.670600, mean_diversity=0.141943,
indivs=2003376, elapsed_secs=3379, mean=0.510363, stdev=0.070477, best fit=0.670600, best_overall=0.670600, mean_diversity=0.210482,
indivs=2013520, elapsed_secs=3395, mean=0.585009, stdev=0.121606, best fit=0.670600, best_overall=0.670600, mean_diversity=0.244142,
indivs=2023531, elapsed_secs=3414, mean=0.602104, stdev=0.067567, best fit=0.670600, best_overall=0.670600, mean_diversity=0.177251,
indivs=2033556, elapsed_secs=3429, mean=0.522903, stdev=0.047392, best fit=0.670600, best_overall=0.670600, mean_diversity=0.130386,
indivs=2043645, elapsed_secs=3444, mean=0.501704, stdev=0.016975, best fit=0.670600, best_overall=0.670600, mean_diversity=0.095956,
indivs=2053696, elapsed_secs=3462, mean=0.516642, stdev=0.050859, best fit=0.670600, best_overall=0.670600, mean_diversity=0.129311,
indivs=2063733, elapsed_secs=3478, mean=0.491745, stdev=0.109228, best fit=0.670600, best_overall=0.670600, mean_diversity=0.147264,
indivs=2073811, elapsed_secs=3496, mean=0.544995, stdev=0.089836, best fit=0.670600, best_overall=0.670600, mean_diversity=0.299547,
indivs=2083895, elapsed_secs=3513, mean=0.607471, stdev=0.094043, best fit=0.670600, best_overall=0.670600, mean_diversity=0.047689,
indivs=2093915, elapsed_secs=3530, mean=0.603887, stdev=0.095199, best fit=0.670600, best_overall=0.670600, mean_diversity=0.235372,
indivs=2103951, elapsed_secs=3547, mean=0.570215, stdev=0.067079, best fit=0.670600, best_overall=0.670600, mean_diversity=0.203297,
indivs=2114076, elapsed_secs=3567, mean=0.569205, stdev=0.176430, best fit=0.670600, best_overall=0.670600, mean_diversity=0.132068,
indivs=2124098, elapsed_secs=3584, mean=0.501680, stdev=0.017576, best fit=0.670600, best_overall=0.670600, mean_diversity=0.282188,
indivs=2134195, elapsed_secs=3601, mean=0.506207, stdev=0.030499, best fit=0.670600, best_overall=0.670600, mean_diversity=0.154226,
indivs=2144282, elapsed_secs=3618, mean=0.531567, stdev=0.069313, best fit=0.670700, best_overall=0.670700, mean_diversity=0.258464,
indivs=2154292, elapsed_secs=3631, mean=0.581691, stdev=0.117160, best fit=0.670700, best_overall=0.670700, mean_diversity=0.328571,
indivs=2164297, elapsed_secs=3645, mean=0.503724, stdev=0.060516, best fit=0.670700, best_overall=0.670700, mean_diversity=0.131853,
indivs=2174401, elapsed_secs=3658, mean=0.545320, stdev=0.150336, best fit=0.670800, best_overall=0.670800, mean_diversity=0.124468,
indivs=2184494, elapsed_secs=3672, mean=0.562937, stdev=0.081283, best fit=0.671500, best_overall=0.671500, mean_diversity=0.363654,
indivs=2194592, elapsed_secs=3689, mean=0.517191, stdev=0.079305, best fit=0.671500, best_overall=0.671500, mean_diversity=0.278681,
indivs=2204691, elapsed_secs=3703, mean=0.503402, stdev=0.023815, best fit=0.671500, best_overall=0.671500, mean_diversity=0.045357,
indivs=2214757, elapsed_secs=3718, mean=0.558151, stdev=0.126927, best fit=0.671500, best_overall=0.671500, mean_diversity=0.228796,
indivs=2224789, elapsed_secs=3732, mean=0.582300, stdev=0.120311, best fit=0.671500, best_overall=0.671500, mean_diversity=0.258113,
indivs=2234856, elapsed_secs=3744, mean=0.536019, stdev=0.150922, best fit=0.671500, best_overall=0.671500, mean_diversity=0.314220,
indivs=2244931, elapsed_secs=3755, mean=0.509683, stdev=0.156321, best fit=0.671500, best_overall=0.671500, mean_diversity=0.291034,
indivs=2254944, elapsed_secs=3772, mean=0.531581, stdev=0.133718, best fit=0.671500, best_overall=0.671500, mean_diversity=0.190700,
indivs=2265003, elapsed_secs=3785, mean=0.557435, stdev=0.127066, best fit=0.671500, best_overall=0.671500, mean_diversity=0.151495,
indivs=2275100, elapsed_secs=3799, mean=0.531767, stdev=0.114499, best fit=0.672000, best_overall=0.672000, mean_diversity=0.235333,
indivs=2285182, elapsed_secs=3811, mean=0.599118, stdev=0.054840, best fit=0.672000, best_overall=0.672000, mean_diversity=0.136935,
indivs=2295193, elapsed_secs=3825, mean=0.492768, stdev=0.075491, best fit=0.672000, best_overall=0.672000, mean_diversity=0.127425,
indivs=2305248, elapsed_secs=3840, mean=0.576382, stdev=0.130553, best fit=0.672000, best_overall=0.672000, mean_diversity=0.215250,
indivs=2315264, elapsed_secs=3854, mean=0.552428, stdev=0.114635, best fit=0.672000, best_overall=0.672000, mean_diversity=0.333628,
indivs=2325341, elapsed_secs=3868, mean=0.587637, stdev=0.111453, best fit=0.672000, best_overall=0.672000, mean_diversity=0.203333,
indivs=2335414, elapsed_secs=3880, mean=0.501275, stdev=0.085733, best fit=0.672000, best_overall=0.672000, mean_diversity=0.345760,
indivs=2345500, elapsed_secs=3894, mean=0.541312, stdev=0.120176, best fit=0.672000, best_overall=0.672000, mean_diversity=0.208866,
indivs=2355626, elapsed_secs=3908, mean=0.557335, stdev=0.139866, best fit=0.672000, best_overall=0.672000, mean_diversity=0.132319,
indivs=2365706, elapsed_secs=3922, mean=0.571198, stdev=0.096298, best fit=0.672000, best_overall=0.672000, mean_diversity=0.208384,
indivs=2375787, elapsed_secs=3935, mean=0.501805, stdev=0.026341, best fit=0.672000, best_overall=0.672000, mean_diversity=0.411978,
indivs=2385954, elapsed_secs=3950, mean=0.602598, stdev=0.125014, best fit=0.672000, best_overall=0.672000, mean_diversity=0.101050,
indivs=2396035, elapsed_secs=3964, mean=0.574284, stdev=0.086094, best fit=0.672000, best_overall=0.672000, mean_diversity=0.233732,
indivs=2406166, elapsed_secs=3976, mean=0.575273, stdev=0.102097, best fit=0.672000, best_overall=0.672000, mean_diversity=0.165079,
indivs=2416187, elapsed_secs=3988, mean=0.508186, stdev=0.117945, best fit=0.672000, best_overall=0.672000, mean_diversity=0.260142,
indivs=2426256, elapsed_secs=4002, mean=0.554987, stdev=0.093598, best fit=0.672000, best_overall=0.672000, mean_diversity=0.362131,
indivs=2436337, elapsed_secs=4016, mean=0.575602, stdev=0.120965, best fit=0.672000, best_overall=0.672000, mean_diversity=0.304318,
indivs=2446402, elapsed_secs=4028, mean=0.553269, stdev=0.095747, best fit=0.672000, best_overall=0.672000, mean_diversity=0.149174,
indivs=2456477, elapsed_secs=4041, mean=0.576661, stdev=0.099471, best fit=0.672000, best_overall=0.672000, mean_diversity=0.064799,
indivs=2466513, elapsed_secs=4055, mean=0.563523, stdev=0.082151, best fit=0.672000, best_overall=0.672000, mean_diversity=0.335092,
indivs=2476522, elapsed_secs=4069, mean=0.519297, stdev=0.055720, best fit=0.672000, best_overall=0.672000, mean_diversity=0.111876,
indivs=2486571, elapsed_secs=4087, mean=0.514917, stdev=0.094642, best fit=0.672000, best_overall=0.672000, mean_diversity=0.359492,
indivs=2496656, elapsed_secs=4099, mean=0.556624, stdev=0.115032, best fit=0.672000, best_overall=0.672000, mean_diversity=0.253529,
indivs=2506772, elapsed_secs=4114, mean=0.507359, stdev=0.161567, best fit=0.672000, best_overall=0.672000, mean_diversity=0.395042,
indivs=2516782, elapsed_secs=4126, mean=0.511083, stdev=0.178617, best fit=0.672100, best_overall=0.672100, mean_diversity=0.222558,
indivs=2526829, elapsed_secs=4138, mean=0.593562, stdev=0.129071, best fit=0.672200, best_overall=0.672200, mean_diversity=0.157261,
indivs=2536850, elapsed_secs=4149, mean=0.503318, stdev=0.118285, best fit=0.672200, best_overall=0.672200, mean_diversity=0.214828,
indivs=2546883, elapsed_secs=4159, mean=0.503639, stdev=0.021483, best fit=0.672200, best_overall=0.672200, mean_diversity=0.090206,
indivs=2556949, elapsed_secs=4172, mean=0.568322, stdev=0.078023, best fit=0.672200, best_overall=0.672200, mean_diversity=0.214324,
indivs=2567036, elapsed_secs=4184, mean=0.505422, stdev=0.091696, best fit=0.672200, best_overall=0.672200, mean_diversity=0.145877,
indivs=2577121, elapsed_secs=4196, mean=0.532203, stdev=0.146748, best fit=0.672200, best_overall=0.672200, mean_diversity=0.266870,
indivs=2587160, elapsed_secs=4207, mean=0.555567, stdev=0.095275, best fit=0.672200, best_overall=0.672200, mean_diversity=0.190049,
indivs=2597223, elapsed_secs=4218, mean=0.517690, stdev=0.168404, best fit=0.672200, best_overall=0.672200, mean_diversity=0.293470,
indivs=2607306, elapsed_secs=4228, mean=0.569654, stdev=0.107154, best fit=0.672200, best_overall=0.672200, mean_diversity=0.215534,
indivs=2617414, elapsed_secs=4240, mean=0.557814, stdev=0.122058, best fit=0.672300, best_overall=0.672300, mean_diversity=0.134925,
indivs=2627499, elapsed_secs=4251, mean=0.613358, stdev=0.099267, best fit=0.672300, best_overall=0.672300, mean_diversity=0.073150,
indivs=2637589, elapsed_secs=4263, mean=0.593764, stdev=0.084088, best fit=0.672300, best_overall=0.672300, mean_diversity=0.147189,
indivs=2647714, elapsed_secs=4275, mean=0.505071, stdev=0.185416, best fit=0.672300, best_overall=0.672300, mean_diversity=0.155311,
indivs=2657779, elapsed_secs=4287, mean=0.548994, stdev=0.119107, best fit=0.672300, best_overall=0.672300, mean_diversity=0.262369,
indivs=2667784, elapsed_secs=4300, mean=0.545898, stdev=0.066324, best fit=0.672300, best_overall=0.672300, mean_diversity=0.245584,
indivs=2677899, elapsed_secs=4312, mean=0.588828, stdev=0.108816, best fit=0.672300, best_overall=0.672300, mean_diversity=0.095778,
indivs=2687943, elapsed_secs=4324, mean=0.564684, stdev=0.174445, best fit=0.672300, best_overall=0.672300, mean_diversity=0.096455,
indivs=2697978, elapsed_secs=4335, mean=0.514355, stdev=0.138207, best fit=0.672300, best_overall=0.672300, mean_diversity=0.286078,
indivs=2708073, elapsed_secs=4347, mean=0.577080, stdev=0.132478, best fit=0.672300, best_overall=0.672300, mean_diversity=0.105428,
indivs=2718150, elapsed_secs=4359, mean=0.617027, stdev=0.099590, best fit=0.672300, best_overall=0.672300, mean_diversity=0.092784,
indivs=2728199, elapsed_secs=4369, mean=0.557447, stdev=0.105936, best fit=0.672300, best_overall=0.672300, mean_diversity=0.223453,
indivs=2738323, elapsed_secs=4382, mean=0.557877, stdev=0.158480, best fit=0.672300, best_overall=0.672300, mean_diversity=0.241056,
indivs=2748414, elapsed_secs=4393, mean=0.524247, stdev=0.107756, best fit=0.672300, best_overall=0.672300, mean_diversity=0.351459,
indivs=2758416, elapsed_secs=4403, mean=0.494756, stdev=0.063001, best fit=0.672300, best_overall=0.672300, mean_diversity=0.176692,
indivs=2768458, elapsed_secs=4413, mean=0.573477, stdev=0.141885, best fit=0.672300, best_overall=0.672300, mean_diversity=0.193339,
indivs=2778562, elapsed_secs=4424, mean=0.512339, stdev=0.074778, best fit=0.672300, best_overall=0.672300, mean_diversity=0.289098,
indivs=2788619, elapsed_secs=4438, mean=0.508548, stdev=0.218990, best fit=0.672300, best_overall=0.672300, mean_diversity=0.321818,
indivs=2798692, elapsed_secs=4451, mean=0.556964, stdev=0.065934, best fit=0.672300, best_overall=0.672300, mean_diversity=0.142629,
indivs=2808849, elapsed_secs=4462, mean=0.550813, stdev=0.163684, best fit=0.672300, best_overall=0.672300, mean_diversity=0.066243,
indivs=2818978, elapsed_secs=4475, mean=0.572835, stdev=0.185401, best fit=0.672300, best_overall=0.672300, mean_diversity=0.109636,
indivs=2829008, elapsed_secs=4486, mean=0.606511, stdev=0.129094, best fit=0.672300, best_overall=0.672300, mean_diversity=0.175537,
indivs=2839042, elapsed_secs=4497, mean=0.579497, stdev=0.081965, best fit=0.672300, best_overall=0.672300, mean_diversity=0.233521,
indivs=2849133, elapsed_secs=4511, mean=0.576138, stdev=0.130671, best fit=0.672300, best_overall=0.672300, mean_diversity=0.138157,
indivs=2859234, elapsed_secs=4523, mean=0.568856, stdev=0.069801, best fit=0.672300, best_overall=0.672300, mean_diversity=0.182201,
indivs=2869301, elapsed_secs=4535, mean=0.502839, stdev=0.060668, best fit=0.672300, best_overall=0.672300, mean_diversity=0.162993,
indivs=2879421, elapsed_secs=4548, mean=0.585699, stdev=0.133807, best fit=0.672300, best_overall=0.672300, mean_diversity=0.138378,
indivs=2889456, elapsed_secs=4560, mean=0.526846, stdev=0.099210, best fit=0.672300, best_overall=0.672300, mean_diversity=0.186745,
indivs=2899511, elapsed_secs=4571, mean=0.574757, stdev=0.090096, best fit=0.672300, best_overall=0.672300, mean_diversity=0.142597,
indivs=2909548, elapsed_secs=4581, mean=0.605065, stdev=0.142900, best fit=0.672300, best_overall=0.672300, mean_diversity=0.064931,
indivs=2919549, elapsed_secs=4593, mean=0.562664, stdev=0.082873, best fit=0.672300, best_overall=0.672300, mean_diversity=0.401618,
indivs=2929618, elapsed_secs=4604, mean=0.491545, stdev=0.142500, best fit=0.672300, best_overall=0.672300, mean_diversity=0.322432,
indivs=2939662, elapsed_secs=4615, mean=0.558587, stdev=0.125139, best fit=0.672300, best_overall=0.672300, mean_diversity=0.125592,
indivs=2949719, elapsed_secs=4625, mean=0.532903, stdev=0.087869, best fit=0.672300, best_overall=0.672300, mean_diversity=0.274879,
indivs=2959720, elapsed_secs=4638, mean=0.577432, stdev=0.164935, best fit=0.672300, best_overall=0.672300, mean_diversity=0.052273,
indivs=2969746, elapsed_secs=4649, mean=0.567392, stdev=0.126221, best fit=0.672300, best_overall=0.672300, mean_diversity=0.250062,
indivs=2979846, elapsed_secs=4659, mean=0.555488, stdev=0.182035, best fit=0.672300, best_overall=0.672300, mean_diversity=0.247614,
indivs=2989849, elapsed_secs=4670, mean=0.537304, stdev=0.113635, best fit=0.672300, best_overall=0.672300, mean_diversity=0.411980,
indivs=2999920, elapsed_secs=4681, mean=0.548300, stdev=0.122959, best fit=0.672300, best_overall=0.672300, mean_diversity=0.192125,
indivs=3010058, elapsed_secs=4694, mean=0.560662, stdev=0.131225, best fit=0.672300, best_overall=0.672300, mean_diversity=0.275000,
indivs=3020112, elapsed_secs=4705, mean=0.573252, stdev=0.131548, best fit=0.672300, best_overall=0.672300, mean_diversity=0.078849,
indivs=3030157, elapsed_secs=4716, mean=0.503011, stdev=0.208720, best fit=0.672300, best_overall=0.672300, mean_diversity=0.134007,
indivs=3040183, elapsed_secs=4730, mean=0.576890, stdev=0.131010, best fit=0.672300, best_overall=0.672300, mean_diversity=0.078327,
indivs=3050189, elapsed_secs=4740, mean=0.568022, stdev=0.151675, best fit=0.672300, best_overall=0.672300, mean_diversity=0.110115,
indivs=3060216, elapsed_secs=4751, mean=0.570837, stdev=0.153027, best fit=0.672300, best_overall=0.672300, mean_diversity=0.218926,
indivs=3070245, elapsed_secs=4763, mean=0.527531, stdev=0.063653, best fit=0.672300, best_overall=0.672300, mean_diversity=0.177719,
indivs=3080275, elapsed_secs=4774, mean=0.556839, stdev=0.082733, best fit=0.672300, best_overall=0.672300, mean_diversity=0.282396,
indivs=3090330, elapsed_secs=4788, mean=0.486838, stdev=0.170246, best fit=0.672300, best_overall=0.672300, mean_diversity=0.298168,
indivs=3100443, elapsed_secs=4800, mean=0.522398, stdev=0.068688, best fit=0.672300, best_overall=0.672300, mean_diversity=0.395267,
indivs=3110481, elapsed_secs=4811, mean=0.536122, stdev=0.110322, best fit=0.672300, best_overall=0.672300, mean_diversity=0.386400,
indivs=3120519, elapsed_secs=4823, mean=0.496216, stdev=0.050602, best fit=0.672300, best_overall=0.672300, mean_diversity=0.215299,
indivs=3130527, elapsed_secs=4836, mean=0.531183, stdev=0.066634, best fit=0.672300, best_overall=0.672300, mean_diversity=0.273000,
indivs=3140645, elapsed_secs=4846, mean=0.559794, stdev=0.134797, best fit=0.672300, best_overall=0.672300, mean_diversity=0.255958,
indivs=3150773, elapsed_secs=4857, mean=0.532202, stdev=0.083359, best fit=0.672300, best_overall=0.672300, mean_diversity=0.303142,
indivs=3160799, elapsed_secs=4869, mean=0.570083, stdev=0.117527, best fit=0.672300, best_overall=0.672300, mean_diversity=0.303805,
indivs=3170927, elapsed_secs=4882, mean=0.593480, stdev=0.109633, best fit=0.672300, best_overall=0.672300, mean_diversity=0.125837,
indivs=3180950, elapsed_secs=4893, mean=0.528839, stdev=0.103574, best fit=0.672300, best_overall=0.672300, mean_diversity=0.369234,
indivs=3191035, elapsed_secs=4905, mean=0.493255, stdev=0.110589, best fit=0.672300, best_overall=0.672300, mean_diversity=0.174835,
indivs=3201170, elapsed_secs=4917, mean=0.545377, stdev=0.137478, best fit=0.672300, best_overall=0.672300, mean_diversity=0.228016,
indivs=3211175, elapsed_secs=4929, mean=0.562993, stdev=0.123801, best fit=0.672300, best_overall=0.672300, mean_diversity=0.216354,
indivs=3221181, elapsed_secs=4939, mean=0.503802, stdev=0.097576, best fit=0.672300, best_overall=0.672300, mean_diversity=0.307417,
indivs=3231258, elapsed_secs=4952, mean=0.581906, stdev=0.139386, best fit=0.672300, best_overall=0.672300, mean_diversity=0.139508,
indivs=3241331, elapsed_secs=4964, mean=0.623631, stdev=0.076430, best fit=0.672300, best_overall=0.672300, mean_diversity=0.116936,
indivs=3251381, elapsed_secs=4975, mean=0.512486, stdev=0.050424, best fit=0.672300, best_overall=0.672300, mean_diversity=0.113598,
indivs=3261427, elapsed_secs=4985, mean=0.493223, stdev=0.058957, best fit=0.672300, best_overall=0.672300, mean_diversity=0.101952,
indivs=3271444, elapsed_secs=4995, mean=0.605233, stdev=0.152908, best fit=0.672300, best_overall=0.672300, mean_diversity=0.143721,
indivs=3281541, elapsed_secs=5007, mean=0.595290, stdev=0.115356, best fit=0.672300, best_overall=0.672300, mean_diversity=0.085580,
indivs=3291578, elapsed_secs=5017, mean=0.511735, stdev=0.071976, best fit=0.672300, best_overall=0.672300, mean_diversity=0.140836,
indivs=3301626, elapsed_secs=5028, mean=0.500549, stdev=0.056038, best fit=0.672300, best_overall=0.672300, mean_diversity=0.144715,
indivs=3311726, elapsed_secs=5040, mean=0.563649, stdev=0.102399, best fit=0.672300, best_overall=0.672300, mean_diversity=0.301215,
indivs=3321770, elapsed_secs=5052, mean=0.583859, stdev=0.141184, best fit=0.672300, best_overall=0.672300, mean_diversity=0.089949,
indivs=3331852, elapsed_secs=5064, mean=0.538019, stdev=0.085653, best fit=0.672300, best_overall=0.672300, mean_diversity=0.458442,
indivs=3341895, elapsed_secs=5075, mean=0.518555, stdev=0.133836, best fit=0.672300, best_overall=0.672300, mean_diversity=0.354387,
indivs=3351986, elapsed_secs=5086, mean=0.582057, stdev=0.084618, best fit=0.672300, best_overall=0.672300, mean_diversity=0.130422,
indivs=3362096, elapsed_secs=5098, mean=0.591783, stdev=0.088528, best fit=0.672300, best_overall=0.672300, mean_diversity=0.068750,
indivs=3372215, elapsed_secs=5111, mean=0.595025, stdev=0.082996, best fit=0.672300, best_overall=0.672300, mean_diversity=0.197281,
indivs=3382277, elapsed_secs=5122, mean=0.483702, stdev=0.141013, best fit=0.672300, best_overall=0.672300, mean_diversity=0.290933,
indivs=3392370, elapsed_secs=5133, mean=0.499455, stdev=0.098092, best fit=0.672300, best_overall=0.672300, mean_diversity=0.152493,
indivs=3402416, elapsed_secs=5144, mean=0.553596, stdev=0.113572, best fit=0.672300, best_overall=0.672300, mean_diversity=0.230088,
indivs=3412435, elapsed_secs=5156, mean=0.467992, stdev=0.097171, best fit=0.672300, best_overall=0.672300, mean_diversity=0.132958,
indivs=3422482, elapsed_secs=5167, mean=0.504253, stdev=0.024472, best fit=0.672300, best_overall=0.672300, mean_diversity=0.081550,
indivs=3432514, elapsed_secs=5178, mean=0.568609, stdev=0.072123, best fit=0.672300, best_overall=0.672300, mean_diversity=0.434758,
indivs=3442595, elapsed_secs=5192, mean=0.551689, stdev=0.179423, best fit=0.672300, best_overall=0.672300, mean_diversity=0.124324,
indivs=3452672, elapsed_secs=5205, mean=0.564197, stdev=0.100132, best fit=0.673400, best_overall=0.673400, mean_diversity=0.198654,
indivs=3462756, elapsed_secs=5218, mean=0.553732, stdev=0.097368, best fit=0.673400, best_overall=0.673400, mean_diversity=0.272832,
indivs=3472811, elapsed_secs=5231, mean=0.533973, stdev=0.153990, best fit=0.673400, best_overall=0.673400, mean_diversity=0.327265,
indivs=3482881, elapsed_secs=5242, mean=0.496367, stdev=0.052916, best fit=0.673400, best_overall=0.673400, mean_diversity=0.218124,
indivs=3492972, elapsed_secs=5254, mean=0.582865, stdev=0.142694, best fit=0.673400, best_overall=0.673400, mean_diversity=0.093886,
indivs=3502999, elapsed_secs=5267, mean=0.567732, stdev=0.109485, best fit=0.673400, best_overall=0.673400, mean_diversity=0.122668,
indivs=3513099, elapsed_secs=5281, mean=0.584876, stdev=0.110027, best fit=0.673400, best_overall=0.673400, mean_diversity=0.112521,
indivs=3523206, elapsed_secs=5294, mean=0.552005, stdev=0.115835, best fit=0.673400, best_overall=0.673400, mean_diversity=0.199464,
indivs=3533231, elapsed_secs=5308, mean=0.579615, stdev=0.131964, best fit=0.673400, best_overall=0.673400, mean_diversity=0.130663,
indivs=3543249, elapsed_secs=5318, mean=0.581831, stdev=0.131605, best fit=0.673400, best_overall=0.673400, mean_diversity=0.109403,
indivs=3553289, elapsed_secs=5330, mean=0.534029, stdev=0.106582, best fit=0.673400, best_overall=0.673400, mean_diversity=0.427580,
indivs=3563348, elapsed_secs=5341, mean=0.603358, stdev=0.118069, best fit=0.673400, best_overall=0.673400, mean_diversity=0.113173,
indivs=3573437, elapsed_secs=5355, mean=0.560079, stdev=0.144862, best fit=0.673400, best_overall=0.673400, mean_diversity=0.159058,
indivs=3583463, elapsed_secs=5366, mean=0.535196, stdev=0.093834, best fit=0.673400, best_overall=0.673400, mean_diversity=0.230065,
indivs=3593499, elapsed_secs=5378, mean=0.481241, stdev=0.099905, best fit=0.673400, best_overall=0.673400, mean_diversity=0.201705,
indivs=3603573, elapsed_secs=5388, mean=0.533929, stdev=0.060631, best fit=0.673400, best_overall=0.673400, mean_diversity=0.354807,
indivs=3613609, elapsed_secs=5399, mean=0.527313, stdev=0.056025, best fit=0.673400, best_overall=0.673400, mean_diversity=0.294838,
indivs=3623687, elapsed_secs=5411, mean=0.555134, stdev=0.126109, best fit=0.673400, best_overall=0.673400, mean_diversity=0.304664,
indivs=3633716, elapsed_secs=5422, mean=0.530068, stdev=0.082632, best fit=0.673400, best_overall=0.673400, mean_diversity=0.415793,
indivs=3643736, elapsed_secs=5433, mean=0.570482, stdev=0.117101, best fit=0.673400, best_overall=0.673400, mean_diversity=0.093813,
indivs=3653844, elapsed_secs=5442, mean=0.394585, stdev=0.193346, best fit=0.673400, best_overall=0.673400, mean_diversity=0.178620,
indivs=3663857, elapsed_secs=5453, mean=0.505946, stdev=0.116701, best fit=0.673400, best_overall=0.673400, mean_diversity=0.242444,
indivs=3673873, elapsed_secs=5463, mean=0.593260, stdev=0.059714, best fit=0.673400, best_overall=0.673400, mean_diversity=0.177559,
indivs=3683886, elapsed_secs=5474, mean=0.544721, stdev=0.073773, best fit=0.673400, best_overall=0.673400, mean_diversity=0.181411,
indivs=3693928, elapsed_secs=5485, mean=0.467566, stdev=0.125897, best fit=0.673400, best_overall=0.673400, mean_diversity=0.294263,
indivs=3704001, elapsed_secs=5497, mean=0.583382, stdev=0.071892, best fit=0.673400, best_overall=0.673400, mean_diversity=0.252455,
indivs=3714074, elapsed_secs=5510, mean=0.612232, stdev=0.099378, best fit=0.673400, best_overall=0.673400, mean_diversity=0.111049,
indivs=3724144, elapsed_secs=5521, mean=0.525182, stdev=0.047888, best fit=0.673400, best_overall=0.673400, mean_diversity=0.173094,
indivs=3734186, elapsed_secs=5533, mean=0.505307, stdev=0.155019, best fit=0.673400, best_overall=0.673400, mean_diversity=0.394502,
indivs=3744210, elapsed_secs=5544, mean=0.501734, stdev=0.017253, best fit=0.673400, best_overall=0.673400, mean_diversity=0.057010,
indivs=3754318, elapsed_secs=5555, mean=0.535178, stdev=0.147148, best fit=0.673400, best_overall=0.673400, mean_diversity=0.156190,
indivs=3764433, elapsed_secs=5566, mean=0.515256, stdev=0.092897, best fit=0.673400, best_overall=0.673400, mean_diversity=0.374286,
indivs=3774457, elapsed_secs=5577, mean=0.498702, stdev=0.020313, best fit=0.673400, best_overall=0.673400, mean_diversity=0.219457,
indivs=3784458, elapsed_secs=5588, mean=0.519965, stdev=0.051211, best fit=0.673400, best_overall=0.673400, mean_diversity=0.254590,
indivs=3794465, elapsed_secs=5599, mean=0.530383, stdev=0.110967, best fit=0.673400, best_overall=0.673400, mean_diversity=0.158889,
indivs=3804557, elapsed_secs=5610, mean=0.575294, stdev=0.134283, best fit=0.673400, best_overall=0.673400, mean_diversity=0.238027,
indivs=3814691, elapsed_secs=5622, mean=0.574710, stdev=0.143843, best fit=0.673400, best_overall=0.673400, mean_diversity=0.094289,
indivs=3824806, elapsed_secs=5633, mean=0.592821, stdev=0.083897, best fit=0.673400, best_overall=0.673400, mean_diversity=0.256736,
indivs=3834812, elapsed_secs=5644, mean=0.547125, stdev=0.102176, best fit=0.673400, best_overall=0.673400, mean_diversity=0.219068,
indivs=3844846, elapsed_secs=5655, mean=0.593122, stdev=0.116662, best fit=0.673400, best_overall=0.673400, mean_diversity=0.092434,
indivs=3854973, elapsed_secs=5666, mean=0.593137, stdev=0.116850, best fit=0.673400, best_overall=0.673400, mean_diversity=0.129461,
indivs=3865045, elapsed_secs=5677, mean=0.590993, stdev=0.062366, best fit=0.673400, best_overall=0.673400, mean_diversity=0.280649,
indivs=3875142, elapsed_secs=5687, mean=0.501734, stdev=0.017253, best fit=0.673400, best_overall=0.673400, mean_diversity=0.153087,
indivs=3885300, elapsed_secs=5697, mean=0.594604, stdev=0.115956, best fit=0.673400, best_overall=0.673400, mean_diversity=0.100383,
indivs=3895357, elapsed_secs=5710, mean=0.604282, stdev=0.082397, best fit=0.673400, best_overall=0.673400, mean_diversity=0.075670,
indivs=3905425, elapsed_secs=5720, mean=0.572297, stdev=0.114486, best fit=0.673400, best_overall=0.673400, mean_diversity=0.186556,
indivs=3915510, elapsed_secs=5732, mean=0.574824, stdev=0.119925, best fit=0.673400, best_overall=0.673400, mean_diversity=0.212530,
indivs=3925519, elapsed_secs=5744, mean=0.536219, stdev=0.070630, best fit=0.673400, best_overall=0.673400, mean_diversity=0.345629,
indivs=3935522, elapsed_secs=5753, mean=0.454741, stdev=0.108828, best fit=0.673400, best_overall=0.673400, mean_diversity=0.109923,
indivs=3945620, elapsed_secs=5767, mean=0.510274, stdev=0.165791, best fit=0.673400, best_overall=0.673400, mean_diversity=0.394037,
indivs=3955721, elapsed_secs=5779, mean=0.584992, stdev=0.088962, best fit=0.673400, best_overall=0.673400, mean_diversity=0.263858,
indivs=3965816, elapsed_secs=5790, mean=0.504229, stdev=0.087517, best fit=0.673400, best_overall=0.673400, mean_diversity=0.202576,
indivs=3975879, elapsed_secs=5802, mean=0.532189, stdev=0.066321, best fit=0.673400, best_overall=0.673400, mean_diversity=0.352846,
indivs=3985964, elapsed_secs=5812, mean=0.531807, stdev=0.089466, best fit=0.673400, best_overall=0.673400, mean_diversity=0.275819,
indivs=3996008, elapsed_secs=5825, mean=0.597227, stdev=0.056508, best fit=0.673400, best_overall=0.673400, mean_diversity=0.170696,
indivs=4006062, elapsed_secs=5837, mean=0.559048, stdev=0.112240, best fit=0.673400, best_overall=0.673400, mean_diversity=0.236534,
indivs=4016163, elapsed_secs=5850, mean=0.532454, stdev=0.115033, best fit=0.673400, best_overall=0.673400, mean_diversity=0.246318,
indivs=4026257, elapsed_secs=5859, mean=0.463626, stdev=0.127918, best fit=0.673400, best_overall=0.673400, mean_diversity=0.273826,
indivs=4036276, elapsed_secs=5870, mean=0.512183, stdev=0.048476, best fit=0.673400, best_overall=0.673400, mean_diversity=0.207578,
indivs=4046325, elapsed_secs=5882, mean=0.535787, stdev=0.088839, best fit=0.673400, best_overall=0.673400, mean_diversity=0.237024,
indivs=4056412, elapsed_secs=5893, mean=0.526808, stdev=0.166477, best fit=0.673400, best_overall=0.673400, mean_diversity=0.188178,
indivs=4066414, elapsed_secs=5905, mean=0.607870, stdev=0.080883, best fit=0.673400, best_overall=0.673400, mean_diversity=0.077776,
indivs=4076521, elapsed_secs=5916, mean=0.579069, stdev=0.177041, best fit=0.673400, best_overall=0.673400, mean_diversity=0.108329,
indivs=4086662, elapsed_secs=5927, mean=0.492736, stdev=0.093288, best fit=0.673400, best_overall=0.673400, mean_diversity=0.066027,
indivs=4096726, elapsed_secs=5939, mean=0.526920, stdev=0.124293, best fit=0.673400, best_overall=0.673400, mean_diversity=0.270852,
indivs=4106843, elapsed_secs=5951, mean=0.621647, stdev=0.111604, best fit=0.673400, best_overall=0.673400, mean_diversity=0.045031,
indivs=4116984, elapsed_secs=5961, mean=0.586899, stdev=0.153917, best fit=0.673400, best_overall=0.673400, mean_diversity=0.114588,
indivs=4127054, elapsed_secs=5971, mean=0.506713, stdev=0.033557, best fit=0.673400, best_overall=0.673400, mean_diversity=0.084233,
indivs=4137137, elapsed_secs=5983, mean=0.540637, stdev=0.091739, best fit=0.673400, best_overall=0.673400, mean_diversity=0.373598,
indivs=4147242, elapsed_secs=5995, mean=0.591634, stdev=0.100645, best fit=0.673400, best_overall=0.673400, mean_diversity=0.165278,
indivs=4157277, elapsed_secs=6007, mean=0.504655, stdev=0.068553, best fit=0.673400, best_overall=0.673400, mean_diversity=0.191554,
indivs=4167318, elapsed_secs=6017, mean=0.530473, stdev=0.113693, best fit=0.673400, best_overall=0.673400, mean_diversity=0.354138,
indivs=4177346, elapsed_secs=6031, mean=0.583187, stdev=0.135235, best fit=0.673400, best_overall=0.673400, mean_diversity=0.139165,
indivs=4187434, elapsed_secs=6042, mean=0.517837, stdev=0.078729, best fit=0.673400, best_overall=0.673400, mean_diversity=0.233403,
indivs=4197521, elapsed_secs=6053, mean=0.555876, stdev=0.108443, best fit=0.673400, best_overall=0.673400, mean_diversity=0.209415,
indivs=4207670, elapsed_secs=6065, mean=0.608530, stdev=0.103003, best fit=0.673400, best_overall=0.673400, mean_diversity=0.080316,
indivs=4217726, elapsed_secs=6075, mean=0.504437, stdev=0.057490, best fit=0.673400, best_overall=0.673400, mean_diversity=0.192715,
indivs=4227753, elapsed_secs=6086, mean=0.570670, stdev=0.083036, best fit=0.673400, best_overall=0.673400, mean_diversity=0.211989,
indivs=4237850, elapsed_secs=6098, mean=0.500277, stdev=0.115873, best fit=0.673400, best_overall=0.673400, mean_diversity=0.166318,
indivs=4247867, elapsed_secs=6108, mean=0.571518, stdev=0.069059, best fit=0.673400, best_overall=0.673400, mean_diversity=0.200503,
indivs=4257903, elapsed_secs=6119, mean=0.523387, stdev=0.082526, best fit=0.673400, best_overall=0.673400, mean_diversity=0.302970,
indivs=4267938, elapsed_secs=6128, mean=0.500862, stdev=0.066502, best fit=0.673400, best_overall=0.673400, mean_diversity=0.229832,
indivs=4278060, elapsed_secs=6140, mean=0.574593, stdev=0.112763, best fit=0.673400, best_overall=0.673400, mean_diversity=0.206102,
indivs=4288129, elapsed_secs=6150, mean=0.563177, stdev=0.075950, best fit=0.673400, best_overall=0.673400, mean_diversity=0.256570,
indivs=4298281, elapsed_secs=6162, mean=0.547857, stdev=0.172368, best fit=0.673400, best_overall=0.673400, mean_diversity=0.157273,
indivs=4308317, elapsed_secs=6174, mean=0.626423, stdev=0.073176, best fit=0.673400, best_overall=0.673400, mean_diversity=0.046452,
indivs=4318349, elapsed_secs=6184, mean=0.495109, stdev=0.076446, best fit=0.673400, best_overall=0.673400, mean_diversity=0.169710,
indivs=4328398, elapsed_secs=6194, mean=0.503418, stdev=0.023950, best fit=0.673400, best_overall=0.673400, mean_diversity=0.078233,
indivs=4338425, elapsed_secs=6204, mean=0.496613, stdev=0.063269, best fit=0.673400, best_overall=0.673400, mean_diversity=0.138491,
indivs=4348473, elapsed_secs=6216, mean=0.560569, stdev=0.114255, best fit=0.673400, best_overall=0.673400, mean_diversity=0.240402,
indivs=4358491, elapsed_secs=6227, mean=0.547078, stdev=0.111308, best fit=0.673400, best_overall=0.673400, mean_diversity=0.327814,
indivs=4368498, elapsed_secs=6238, mean=0.609460, stdev=0.070015, best fit=0.673400, best_overall=0.673400, mean_diversity=0.212677,
indivs=4378560, elapsed_secs=6250, mean=0.569134, stdev=0.083422, best fit=0.673400, best_overall=0.673400, mean_diversity=0.086832,
indivs=4388624, elapsed_secs=6261, mean=0.568552, stdev=0.132842, best fit=0.682400, best_overall=0.682400, mean_diversity=0.272068,
indivs=4398688, elapsed_secs=6280, mean=0.641968, stdev=0.070326, best fit=0.688600, best_overall=0.688600, mean_diversity=0.133304,
indivs=4408689, elapsed_secs=6299, mean=0.577043, stdev=0.115182, best fit=0.689000, best_overall=0.689000, mean_diversity=0.200044,
indivs=4418749, elapsed_secs=6317, mean=0.547401, stdev=0.170414, best fit=0.689100, best_overall=0.689100, mean_diversity=0.110000,
indivs=4428754, elapsed_secs=6335, mean=0.581939, stdev=0.148083, best fit=0.689100, best_overall=0.689100, mean_diversity=0.238378,
indivs=4438791, elapsed_secs=6349, mean=0.592523, stdev=0.129643, best fit=0.689100, best_overall=0.689100, mean_diversity=0.097686,
indivs=4448820, elapsed_secs=6367, mean=0.563364, stdev=0.083753, best fit=0.690000, best_overall=0.690000, mean_diversity=0.107514,
indivs=4458847, elapsed_secs=6385, mean=0.500281, stdev=0.062259, best fit=0.690000, best_overall=0.690000, mean_diversity=0.164930,
indivs=4468987, elapsed_secs=6405, mean=0.548005, stdev=0.174411, best fit=0.690000, best_overall=0.690000, mean_diversity=0.364247,
indivs=4479045, elapsed_secs=6423, mean=0.580515, stdev=0.140886, best fit=0.690000, best_overall=0.690000, mean_diversity=0.125887,
indivs=4489082, elapsed_secs=6440, mean=0.594204, stdev=0.129240, best fit=0.690000, best_overall=0.690000, mean_diversity=0.157315,
indivs=4499182, elapsed_secs=6459, mean=0.584004, stdev=0.098146, best fit=0.690000, best_overall=0.690000, mean_diversity=0.071178,
indivs=4509312, elapsed_secs=6479, mean=0.545796, stdev=0.111737, best fit=0.690000, best_overall=0.690000, mean_diversity=0.303290,
indivs=4519408, elapsed_secs=6499, mean=0.563692, stdev=0.130206, best fit=0.690000, best_overall=0.690000, mean_diversity=0.228484,
indivs=4529519, elapsed_secs=6518, mean=0.557012, stdev=0.158281, best fit=0.690000, best_overall=0.690000, mean_diversity=0.177056,
indivs=4539551, elapsed_secs=6540, mean=0.500905, stdev=0.181320, best fit=0.690400, best_overall=0.690400, mean_diversity=0.096412,
indivs=4549563, elapsed_secs=6560, mean=0.591565, stdev=0.168010, best fit=0.690400, best_overall=0.690400, mean_diversity=0.100854,
indivs=4559579, elapsed_secs=6580, mean=0.534241, stdev=0.092590, best fit=0.690400, best_overall=0.690400, mean_diversity=0.417403,
indivs=4569604, elapsed_secs=6598, mean=0.571138, stdev=0.195064, best fit=0.690400, best_overall=0.690400, mean_diversity=0.113833,
indivs=4579749, elapsed_secs=6618, mean=0.599120, stdev=0.158675, best fit=0.690400, best_overall=0.690400, mean_diversity=0.036020,
indivs=4589780, elapsed_secs=6635, mean=0.529957, stdev=0.114922, best fit=0.690400, best_overall=0.690400, mean_diversity=0.214667,
indivs=4599845, elapsed_secs=6656, mean=0.542826, stdev=0.162453, best fit=0.690400, best_overall=0.690400, mean_diversity=0.210650,
indivs=4609919, elapsed_secs=6673, mean=0.600122, stdev=0.158165, best fit=0.690400, best_overall=0.690400, mean_diversity=0.149656,
indivs=4619923, elapsed_secs=6690, mean=0.569936, stdev=0.120100, best fit=0.690400, best_overall=0.690400, mean_diversity=0.281214,
indivs=4629956, elapsed_secs=6707, mean=0.495727, stdev=0.058975, best fit=0.690400, best_overall=0.690400, mean_diversity=0.141183,
indivs=4640093, elapsed_secs=6725, mean=0.586764, stdev=0.143588, best fit=0.690400, best_overall=0.690400, mean_diversity=0.319810,
indivs=4650100, elapsed_secs=6742, mean=0.530490, stdev=0.131121, best fit=0.690400, best_overall=0.690400, mean_diversity=0.280560,
indivs=4660241, elapsed_secs=6759, mean=0.580799, stdev=0.107717, best fit=0.690400, best_overall=0.690400, mean_diversity=0.264781,
indivs=4670343, elapsed_secs=6776, mean=0.595272, stdev=0.078315, best fit=0.690400, best_overall=0.690400, mean_diversity=0.078452,
indivs=4680346, elapsed_secs=6794, mean=0.478101, stdev=0.209054, best fit=0.690400, best_overall=0.690400, mean_diversity=0.235484,
indivs=4690417, elapsed_secs=6810, mean=0.560167, stdev=0.103280, best fit=0.690400, best_overall=0.690400, mean_diversity=0.207610,
indivs=4700548, elapsed_secs=6830, mean=0.584517, stdev=0.118299, best fit=0.690400, best_overall=0.690400, mean_diversity=0.133698,
indivs=4710573, elapsed_secs=6849, mean=0.592282, stdev=0.174156, best fit=0.690400, best_overall=0.690400, mean_diversity=0.129123,
indivs=4720578, elapsed_secs=6868, mean=0.543484, stdev=0.208202, best fit=0.690400, best_overall=0.690400, mean_diversity=0.162821,
indivs=4730619, elapsed_secs=6885, mean=0.602097, stdev=0.107354, best fit=0.690400, best_overall=0.690400, mean_diversity=0.203054,
indivs=4740702, elapsed_secs=6904, mean=0.499987, stdev=0.151495, best fit=0.690700, best_overall=0.690700, mean_diversity=0.264279,
indivs=4750833, elapsed_secs=6925, mean=0.589538, stdev=0.158624, best fit=0.690700, best_overall=0.690700, mean_diversity=0.371935,
indivs=4760844, elapsed_secs=6944, mean=0.619453, stdev=0.130935, best fit=0.690700, best_overall=0.690700, mean_diversity=0.162519,
indivs=4770876, elapsed_secs=6964, mean=0.427593, stdev=0.196592, best fit=0.690700, best_overall=0.690700, mean_diversity=0.221469,
indivs=4780999, elapsed_secs=6982, mean=0.551829, stdev=0.135146, best fit=0.690700, best_overall=0.690700, mean_diversity=0.287042,
indivs=4791044, elapsed_secs=7001, mean=0.492496, stdev=0.078007, best fit=0.697700, best_overall=0.697700, mean_diversity=0.212036,
indivs=4801128, elapsed_secs=7018, mean=0.495754, stdev=0.054377, best fit=0.699600, best_overall=0.699600, mean_diversity=0.080048,
indivs=4811181, elapsed_secs=7035, mean=0.529917, stdev=0.096013, best fit=0.699600, best_overall=0.699600, mean_diversity=0.395472,
indivs=4821213, elapsed_secs=7051, mean=0.484423, stdev=0.095667, best fit=0.699600, best_overall=0.699600, mean_diversity=0.068767,
indivs=4831340, elapsed_secs=7068, mean=0.477185, stdev=0.112417, best fit=0.699600, best_overall=0.699600, mean_diversity=0.248328,
indivs=4841368, elapsed_secs=7086, mean=0.620115, stdev=0.120608, best fit=0.699600, best_overall=0.699600, mean_diversity=0.091040,
indivs=4851379, elapsed_secs=7101, mean=0.535279, stdev=0.176102, best fit=0.699600, best_overall=0.699600, mean_diversity=0.291483,
indivs=4861379, elapsed_secs=7118, mean=0.523105, stdev=0.085059, best fit=0.699600, best_overall=0.699600, mean_diversity=0.253063,
indivs=4871479, elapsed_secs=7137, mean=0.530722, stdev=0.074847, best fit=0.699600, best_overall=0.699600, mean_diversity=0.327907,
indivs=4881505, elapsed_secs=7153, mean=0.544341, stdev=0.142058, best fit=0.699600, best_overall=0.699600, mean_diversity=0.329805,
indivs=4891560, elapsed_secs=7169, mean=0.519771, stdev=0.100756, best fit=0.699600, best_overall=0.699600, mean_diversity=0.262844,
indivs=4901635, elapsed_secs=7184, mean=0.555433, stdev=0.159275, best fit=0.699600, best_overall=0.699600, mean_diversity=0.189214,
indivs=4911690, elapsed_secs=7200, mean=0.513571, stdev=0.137658, best fit=0.699600, best_overall=0.699600, mean_diversity=0.127568,
indivs=4921819, elapsed_secs=7218, mean=0.583531, stdev=0.125876, best fit=0.699600, best_overall=0.699600, mean_diversity=0.133345,
indivs=4931842, elapsed_secs=7234, mean=0.519121, stdev=0.081744, best fit=0.699600, best_overall=0.699600, mean_diversity=0.140721,
indivs=4941856, elapsed_secs=7250, mean=0.507827, stdev=0.034617, best fit=0.699600, best_overall=0.699600, mean_diversity=0.267439,
indivs=4951901, elapsed_secs=7265, mean=0.492699, stdev=0.112345, best fit=0.699600, best_overall=0.699600, mean_diversity=0.210785,
indivs=4962052, elapsed_secs=7279, mean=0.613748, stdev=0.084996, best fit=0.699600, best_overall=0.699600, mean_diversity=0.186155,
indivs=4972192, elapsed_secs=7297, mean=0.606308, stdev=0.097369, best fit=0.699600, best_overall=0.699600, mean_diversity=0.305333,
indivs=4982312, elapsed_secs=7312, mean=0.551095, stdev=0.102534, best fit=0.699600, best_overall=0.699600, mean_diversity=0.432714,
indivs=4992462, elapsed_secs=7329, mean=0.606862, stdev=0.160152, best fit=0.699600, best_overall=0.699600, mean_diversity=0.069085,
indivs=5002467, elapsed_secs=7346, mean=0.534124, stdev=0.131845, best fit=0.699600, best_overall=0.699600, mean_diversity=0.264220,
indivs=5012545, elapsed_secs=7363, mean=0.581974, stdev=0.135138, best fit=0.699600, best_overall=0.699600, mean_diversity=0.227044,
indivs=5022654, elapsed_secs=7379, mean=0.574596, stdev=0.122416, best fit=0.699600, best_overall=0.699600, mean_diversity=0.285360,
indivs=5032677, elapsed_secs=7400, mean=0.520615, stdev=0.083850, best fit=0.700000, best_overall=0.700000, mean_diversity=0.104628,
indivs=5042754, elapsed_secs=7421, mean=0.573676, stdev=0.181048, best fit=0.700000, best_overall=0.700000, mean_diversity=0.202114,
indivs=5052838, elapsed_secs=7442, mean=0.536063, stdev=0.128293, best fit=0.700000, best_overall=0.700000, mean_diversity=0.202009,
indivs=5062848, elapsed_secs=7461, mean=0.540908, stdev=0.101552, best fit=0.700000, best_overall=0.700000, mean_diversity=0.282886,
indivs=5072873, elapsed_secs=7484, mean=0.503478, stdev=0.190120, best fit=0.700000, best_overall=0.700000, mean_diversity=0.337561,
indivs=5082889, elapsed_secs=7503, mean=0.553491, stdev=0.091611, best fit=0.700000, best_overall=0.700000, mean_diversity=0.224026,
indivs=5092989, elapsed_secs=7522, mean=0.566832, stdev=0.184232, best fit=0.700000, best_overall=0.700000, mean_diversity=0.115986,
indivs=5102992, elapsed_secs=7536, mean=0.558862, stdev=0.131086, best fit=0.700000, best_overall=0.700000, mean_diversity=0.342440,
indivs=5113012, elapsed_secs=7555, mean=0.566685, stdev=0.153337, best fit=0.700000, best_overall=0.700000, mean_diversity=0.203930,
indivs=5123047, elapsed_secs=7577, mean=0.603778, stdev=0.079659, best fit=0.700000, best_overall=0.700000, mean_diversity=0.387886,
indivs=5133163, elapsed_secs=7595, mean=0.555756, stdev=0.177560, best fit=0.700000, best_overall=0.700000, mean_diversity=0.227263,
indivs=5143284, elapsed_secs=7613, mean=0.536384, stdev=0.112378, best fit=0.700000, best_overall=0.700000, mean_diversity=0.393071,
indivs=5153301, elapsed_secs=7634, mean=0.516665, stdev=0.079816, best fit=0.700000, best_overall=0.700000, mean_diversity=0.228755,
indivs=5163384, elapsed_secs=7653, mean=0.458198, stdev=0.138250, best fit=0.700000, best_overall=0.700000, mean_diversity=0.078111,
indivs=5173534, elapsed_secs=7672, mean=0.586038, stdev=0.173048, best fit=0.700000, best_overall=0.700000, mean_diversity=0.043750,
indivs=5183559, elapsed_secs=7691, mean=0.561221, stdev=0.129497, best fit=0.700000, best_overall=0.700000, mean_diversity=0.205106,
indivs=5193665, elapsed_secs=7710, mean=0.563034, stdev=0.174700, best fit=0.700000, best_overall=0.700000, mean_diversity=0.109143,
indivs=5203762, elapsed_secs=7730, mean=0.565091, stdev=0.119265, best fit=0.700000, best_overall=0.700000, mean_diversity=0.115446,
indivs=5213885, elapsed_secs=7746, mean=0.622147, stdev=0.148744, best fit=0.700000, best_overall=0.700000, mean_diversity=0.068133,
indivs=5223953, elapsed_secs=7768, mean=0.561074, stdev=0.149764, best fit=0.700000, best_overall=0.700000, mean_diversity=0.269913,
indivs=5234106, elapsed_secs=7783, mean=0.549698, stdev=0.144582, best fit=0.700000, best_overall=0.700000, mean_diversity=0.153804,
indivs=5244120, elapsed_secs=7804, mean=0.508563, stdev=0.125539, best fit=0.700000, best_overall=0.700000, mean_diversity=0.270128,
indivs=5254197, elapsed_secs=7824, mean=0.603015, stdev=0.111721, best fit=0.700000, best_overall=0.700000, mean_diversity=0.266277,
indivs=5264251, elapsed_secs=7843, mean=0.498480, stdev=0.057302, best fit=0.700000, best_overall=0.700000, mean_diversity=0.128659,
indivs=5274375, elapsed_secs=7860, mean=0.564079, stdev=0.228327, best fit=0.700000, best_overall=0.700000, mean_diversity=0.062075,
indivs=5284449, elapsed_secs=7877, mean=0.605233, stdev=0.161239, best fit=0.700000, best_overall=0.700000, mean_diversity=0.171003,
indivs=5294549, elapsed_secs=7893, mean=0.538420, stdev=0.149608, best fit=0.700000, best_overall=0.700000, mean_diversity=0.184599,
indivs=5304552, elapsed_secs=7915, mean=0.595696, stdev=0.152410, best fit=0.700000, best_overall=0.700000, mean_diversity=0.169251,
indivs=5314597, elapsed_secs=7933, mean=0.556258, stdev=0.106470, best fit=0.700000, best_overall=0.700000, mean_diversity=0.448632,
indivs=5324617, elapsed_secs=7951, mean=0.529961, stdev=0.148197, best fit=0.700000, best_overall=0.700000, mean_diversity=0.153268,
indivs=5334707, elapsed_secs=7970, mean=0.599304, stdev=0.164618, best fit=0.700000, best_overall=0.700000, mean_diversity=0.108812,
indivs=5344725, elapsed_secs=7990, mean=0.567224, stdev=0.160825, best fit=0.700000, best_overall=0.700000, mean_diversity=0.197021,
indivs=5354830, elapsed_secs=8010, mean=0.547950, stdev=0.125708, best fit=0.700000, best_overall=0.700000, mean_diversity=0.223756,
indivs=5364927, elapsed_secs=8027, mean=0.515273, stdev=0.079744, best fit=0.700000, best_overall=0.700000, mean_diversity=0.177384,
indivs=5374988, elapsed_secs=8044, mean=0.488400, stdev=0.102668, best fit=0.700000, best_overall=0.700000, mean_diversity=0.099945,
indivs=5385090, elapsed_secs=8061, mean=0.506198, stdev=0.076801, best fit=0.700000, best_overall=0.700000, mean_diversity=0.182995,
indivs=5395187, elapsed_secs=8079, mean=0.619744, stdev=0.098912, best fit=0.700000, best_overall=0.700000, mean_diversity=0.229067,
indivs=5405237, elapsed_secs=8098, mean=0.404678, stdev=0.147063, best fit=0.700000, best_overall=0.700000, mean_diversity=0.178532,
indivs=5415275, elapsed_secs=8117, mean=0.568749, stdev=0.215997, best fit=0.700000, best_overall=0.700000, mean_diversity=0.065803,
indivs=5425307, elapsed_secs=8136, mean=0.536532, stdev=0.071892, best fit=0.700000, best_overall=0.700000, mean_diversity=0.332136,
indivs=5435330, elapsed_secs=8155, mean=0.506249, stdev=0.138893, best fit=0.700000, best_overall=0.700000, mean_diversity=0.265735,
indivs=5445425, elapsed_secs=8176, mean=0.541233, stdev=0.145091, best fit=0.700000, best_overall=0.700000, mean_diversity=0.107125,
indivs=5455516, elapsed_secs=8195, mean=0.511165, stdev=0.147587, best fit=0.700000, best_overall=0.700000, mean_diversity=0.309791,
indivs=5465544, elapsed_secs=8215, mean=0.553710, stdev=0.108224, best fit=0.700000, best_overall=0.700000, mean_diversity=0.184350,
indivs=5475587, elapsed_secs=8234, mean=0.583120, stdev=0.172892, best fit=0.700000, best_overall=0.700000, mean_diversity=0.251728,
indivs=5485679, elapsed_secs=8257, mean=0.615781, stdev=0.120206, best fit=0.700000, best_overall=0.700000, mean_diversity=0.133016,
indivs=5495722, elapsed_secs=8276, mean=0.483545, stdev=0.145166, best fit=0.700000, best_overall=0.700000, mean_diversity=0.089137,
indivs=5505773, elapsed_secs=8297, mean=0.582026, stdev=0.143757, best fit=0.700000, best_overall=0.700000, mean_diversity=0.153710,
indivs=5515831, elapsed_secs=8315, mean=0.512672, stdev=0.121215, best fit=0.700000, best_overall=0.700000, mean_diversity=0.198293,
indivs=5525930, elapsed_secs=8335, mean=0.528859, stdev=0.163210, best fit=0.700000, best_overall=0.700000, mean_diversity=0.355182,
indivs=5536048, elapsed_secs=8353, mean=0.553130, stdev=0.106488, best fit=0.700000, best_overall=0.700000, mean_diversity=0.212490,
indivs=5546136, elapsed_secs=8372, mean=0.505057, stdev=0.215434, best fit=0.700000, best_overall=0.700000, mean_diversity=0.279880,
indivs=5556152, elapsed_secs=8392, mean=0.621728, stdev=0.130432, best fit=0.700000, best_overall=0.700000, mean_diversity=0.079605,
indivs=5566203, elapsed_secs=8413, mean=0.514599, stdev=0.104274, best fit=0.700000, best_overall=0.700000, mean_diversity=0.416150,
indivs=5576210, elapsed_secs=8431, mean=0.556810, stdev=0.130808, best fit=0.700000, best_overall=0.700000, mean_diversity=0.265950,
indivs=5586305, elapsed_secs=8449, mean=0.534704, stdev=0.114117, best fit=0.700000, best_overall=0.700000, mean_diversity=0.299277,
indivs=5596398, elapsed_secs=8470, mean=0.499234, stdev=0.135611, best fit=0.700000, best_overall=0.700000, mean_diversity=0.184037,
indivs=5606522, elapsed_secs=8488, mean=0.548655, stdev=0.118584, best fit=0.700000, best_overall=0.700000, mean_diversity=0.315314,
indivs=5616589, elapsed_secs=8509, mean=0.607919, stdev=0.161239, best fit=0.700000, best_overall=0.700000, mean_diversity=0.053605,
indivs=5626667, elapsed_secs=8529, mean=0.553665, stdev=0.198358, best fit=0.700000, best_overall=0.700000, mean_diversity=0.318141,
indivs=5636726, elapsed_secs=8545, mean=0.510381, stdev=0.039023, best fit=0.700000, best_overall=0.700000, mean_diversity=0.284434,
indivs=5646771, elapsed_secs=8561, mean=0.541387, stdev=0.130085, best fit=0.700000, best_overall=0.700000, mean_diversity=0.299787,
indivs=5656834, elapsed_secs=8581, mean=0.566789, stdev=0.123999, best fit=0.700000, best_overall=0.700000, mean_diversity=0.118939,
indivs=5666923, elapsed_secs=8598, mean=0.498813, stdev=0.056809, best fit=0.700000, best_overall=0.700000, mean_diversity=0.135479,
indivs=5677069, elapsed_secs=8615, mean=0.607105, stdev=0.135964, best fit=0.700000, best_overall=0.700000, mean_diversity=0.094882,
indivs=5687091, elapsed_secs=8632, mean=0.588828, stdev=0.171923, best fit=0.700000, best_overall=0.700000, mean_diversity=0.219722,
indivs=5697204, elapsed_secs=8652, mean=0.603260, stdev=0.129828, best fit=0.700000, best_overall=0.700000, mean_diversity=0.061085,
indivs=5707217, elapsed_secs=8670, mean=0.554173, stdev=0.138300, best fit=0.700000, best_overall=0.700000, mean_diversity=0.222677,
indivs=5717282, elapsed_secs=8689, mean=0.516168, stdev=0.152751, best fit=0.700000, best_overall=0.700000, mean_diversity=0.158250,
indivs=5727284, elapsed_secs=8709, mean=0.602402, stdev=0.156034, best fit=0.700000, best_overall=0.700000, mean_diversity=0.100385,
indivs=5737353, elapsed_secs=8729, mean=0.545934, stdev=0.152249, best fit=0.700000, best_overall=0.700000, mean_diversity=0.312980,
indivs=5747392, elapsed_secs=8747, mean=0.501318, stdev=0.063188, best fit=0.700000, best_overall=0.700000, mean_diversity=0.111209,
indivs=5757407, elapsed_secs=8769, mean=0.533504, stdev=0.093879, best fit=0.700000, best_overall=0.700000, mean_diversity=0.300284,
indivs=5767440, elapsed_secs=8788, mean=0.492000, stdev=0.073048, best fit=0.700000, best_overall=0.700000, mean_diversity=0.094326,
indivs=5777472, elapsed_secs=8807, mean=0.514489, stdev=0.136303, best fit=0.700000, best_overall=0.700000, mean_diversity=0.420465,
indivs=5787522, elapsed_secs=8826, mean=0.496640, stdev=0.181190, best fit=0.700000, best_overall=0.700000, mean_diversity=0.226952,
indivs=5797656, elapsed_secs=8847, mean=0.642540, stdev=0.100429, best fit=0.700000, best_overall=0.700000, mean_diversity=0.131775,
indivs=5807741, elapsed_secs=8866, mean=0.598678, stdev=0.120605, best fit=0.700000, best_overall=0.700000, mean_diversity=0.172085,
indivs=5817812, elapsed_secs=8884, mean=0.606942, stdev=0.128732, best fit=0.700000, best_overall=0.700000, mean_diversity=0.124932,
indivs=5827842, elapsed_secs=8902, mean=0.585426, stdev=0.130173, best fit=0.700000, best_overall=0.700000, mean_diversity=0.275438,
indivs=5837930, elapsed_secs=8921, mean=0.514634, stdev=0.083988, best fit=0.700000, best_overall=0.700000, mean_diversity=0.238041,
indivs=5847932, elapsed_secs=8939, mean=0.608136, stdev=0.159634, best fit=0.700000, best_overall=0.700000, mean_diversity=0.129078,
indivs=5857947, elapsed_secs=8956, mean=0.531940, stdev=0.073161, best fit=0.700000, best_overall=0.700000, mean_diversity=0.289040,
indivs=5867960, elapsed_secs=8973, mean=0.592567, stdev=0.130490, best fit=0.700000, best_overall=0.700000, mean_diversity=0.111988,
indivs=5877961, elapsed_secs=8994, mean=0.525276, stdev=0.117519, best fit=0.700000, best_overall=0.700000, mean_diversity=0.379247,
indivs=5887988, elapsed_secs=9009, mean=0.542837, stdev=0.210940, best fit=0.700000, best_overall=0.700000, mean_diversity=0.076784,
indivs=5897990, elapsed_secs=9027, mean=0.542178, stdev=0.108415, best fit=0.700000, best_overall=0.700000, mean_diversity=0.227475,
indivs=5908100, elapsed_secs=9043, mean=0.505251, stdev=0.221775, best fit=0.700000, best_overall=0.700000, mean_diversity=0.204878,
indivs=5918109, elapsed_secs=9062, mean=0.502914, stdev=0.144619, best fit=0.700000, best_overall=0.700000, mean_diversity=0.159139,
indivs=5928116, elapsed_secs=9081, mean=0.462463, stdev=0.109795, best fit=0.700000, best_overall=0.700000, mean_diversity=0.213162,
indivs=5938195, elapsed_secs=9097, mean=0.572651, stdev=0.137530, best fit=0.700000, best_overall=0.700000, mean_diversity=0.424235,
indivs=5948336, elapsed_secs=9116, mean=0.597126, stdev=0.139815, best fit=0.700000, best_overall=0.700000, mean_diversity=0.173103,
indivs=5958375, elapsed_secs=9134, mean=0.556192, stdev=0.136217, best fit=0.700000, best_overall=0.700000, mean_diversity=0.126984,
indivs=5968470, elapsed_secs=9154, mean=0.523681, stdev=0.126062, best fit=0.700000, best_overall=0.700000, mean_diversity=0.437617,
indivs=5978534, elapsed_secs=9169, mean=0.559996, stdev=0.112707, best fit=0.700000, best_overall=0.700000, mean_diversity=0.292201,
indivs=5988564, elapsed_secs=9187, mean=0.612048, stdev=0.134937, best fit=0.700000, best_overall=0.700000, mean_diversity=0.150829,
indivs=5998681, elapsed_secs=9207, mean=0.571583, stdev=0.132559, best fit=0.700000, best_overall=0.700000, mean_diversity=0.292769,
indivs=6008767, elapsed_secs=9226, mean=0.503654, stdev=0.070428, best fit=0.700000, best_overall=0.700000, mean_diversity=0.324927,
indivs=6018861, elapsed_secs=9245, mean=0.558967, stdev=0.180591, best fit=0.700000, best_overall=0.700000, mean_diversity=0.109198,
indivs=6028950, elapsed_secs=9264, mean=0.565352, stdev=0.108594, best fit=0.700000, best_overall=0.700000, mean_diversity=0.184159,
indivs=6038980, elapsed_secs=9282, mean=0.546450, stdev=0.093622, best fit=0.700000, best_overall=0.700000, mean_diversity=0.307927,
indivs=6049059, elapsed_secs=9304, mean=0.571650, stdev=0.084206, best fit=0.700000, best_overall=0.700000, mean_diversity=0.338558,
indivs=6059061, elapsed_secs=9324, mean=0.474251, stdev=0.066526, best fit=0.700000, best_overall=0.700000, mean_diversity=0.276208,
indivs=6069163, elapsed_secs=9342, mean=0.431045, stdev=0.184467, best fit=0.700000, best_overall=0.700000, mean_diversity=0.316567,
indivs=6079298, elapsed_secs=9360, mean=0.574415, stdev=0.124307, best fit=0.700000, best_overall=0.700000, mean_diversity=0.205975,
indivs=6089394, elapsed_secs=9376, mean=0.511880, stdev=0.148091, best fit=0.700000, best_overall=0.700000, mean_diversity=0.201743,
indivs=6099443, elapsed_secs=9395, mean=0.510536, stdev=0.121964, best fit=0.700000, best_overall=0.700000, mean_diversity=0.294189,
indivs=6109448, elapsed_secs=9414, mean=0.529428, stdev=0.136575, best fit=0.700000, best_overall=0.700000, mean_diversity=0.221120,
indivs=6119484, elapsed_secs=9434, mean=0.477735, stdev=0.183180, best fit=0.700000, best_overall=0.700000, mean_diversity=0.288538,
indivs=6129540, elapsed_secs=9452, mean=0.590728, stdev=0.095989, best fit=0.700000, best_overall=0.700000, mean_diversity=0.289710,
indivs=6139624, elapsed_secs=9471, mean=0.580291, stdev=0.152273, best fit=0.700000, best_overall=0.700000, mean_diversity=0.083666,
indivs=6149717, elapsed_secs=9487, mean=0.503670, stdev=0.025789, best fit=0.700000, best_overall=0.700000, mean_diversity=0.139880,
indivs=6159739, elapsed_secs=9507, mean=0.523487, stdev=0.113935, best fit=0.700000, best_overall=0.700000, mean_diversity=0.317716,
indivs=6169901, elapsed_secs=9524, mean=0.580214, stdev=0.181225, best fit=0.700000, best_overall=0.700000, mean_diversity=0.093635,
indivs=6179997, elapsed_secs=9546, mean=0.553596, stdev=0.120614, best fit=0.700000, best_overall=0.700000, mean_diversity=0.130632,
indivs=6190086, elapsed_secs=9567, mean=0.528878, stdev=0.164039, best fit=0.700000, best_overall=0.700000, mean_diversity=0.358047,
indivs=6200101, elapsed_secs=9586, mean=0.557775, stdev=0.163962, best fit=0.700000, best_overall=0.700000, mean_diversity=0.083000,
indivs=6210141, elapsed_secs=9603, mean=0.531454, stdev=0.122552, best fit=0.700000, best_overall=0.700000, mean_diversity=0.278310,
indivs=6220231, elapsed_secs=9621, mean=0.485168, stdev=0.130295, best fit=0.700000, best_overall=0.700000, mean_diversity=0.353152,
indivs=6230288, elapsed_secs=9641, mean=0.501386, stdev=0.033428, best fit=0.700000, best_overall=0.700000, mean_diversity=0.209719,
indivs=6240418, elapsed_secs=9658, mean=0.550092, stdev=0.135188, best fit=0.700000, best_overall=0.700000, mean_diversity=0.250745,
indivs=6250557, elapsed_secs=9678, mean=0.583372, stdev=0.156452, best fit=0.700000, best_overall=0.700000, mean_diversity=0.203431,
indivs=6260630, elapsed_secs=9695, mean=0.546377, stdev=0.150225, best fit=0.700000, best_overall=0.700000, mean_diversity=0.350062,
indivs=6270710, elapsed_secs=9711, mean=0.502116, stdev=0.109958, best fit=0.700000, best_overall=0.700000, mean_diversity=0.174829,
indivs=6280784, elapsed_secs=9727, mean=0.503592, stdev=0.079295, best fit=0.700000, best_overall=0.700000, mean_diversity=0.277819,
indivs=6290797, elapsed_secs=9744, mean=0.484367, stdev=0.111094, best fit=0.700000, best_overall=0.700000, mean_diversity=0.226255,
indivs=6300900, elapsed_secs=9762, mean=0.578884, stdev=0.160699, best fit=0.700000, best_overall=0.700000, mean_diversity=0.312571,
indivs=6311029, elapsed_secs=9780, mean=0.561725, stdev=0.183478, best fit=0.700000, best_overall=0.700000, mean_diversity=0.109721,
indivs=6321054, elapsed_secs=9795, mean=0.481798, stdev=0.130548, best fit=0.700000, best_overall=0.700000, mean_diversity=0.149227,
indivs=6331123, elapsed_secs=9814, mean=0.567081, stdev=0.099416, best fit=0.700000, best_overall=0.700000, mean_diversity=0.306266,
indivs=6341231, elapsed_secs=9830, mean=0.498543, stdev=0.143499, best fit=0.700000, best_overall=0.700000, mean_diversity=0.246538,
indivs=6351246, elapsed_secs=9848, mean=0.594427, stdev=0.121732, best fit=0.700000, best_overall=0.700000, mean_diversity=0.061293,
indivs=6361357, elapsed_secs=9866, mean=0.606605, stdev=0.137191, best fit=0.700000, best_overall=0.700000, mean_diversity=0.261172,
indivs=6371460, elapsed_secs=9884, mean=0.578655, stdev=0.083303, best fit=0.700000, best_overall=0.700000, mean_diversity=0.202875,
indivs=6381521, elapsed_secs=9903, mean=0.468314, stdev=0.131478, best fit=0.700000, best_overall=0.700000, mean_diversity=0.211829,
indivs=6391547, elapsed_secs=9923, mean=0.589456, stdev=0.161919, best fit=0.700000, best_overall=0.700000, mean_diversity=0.105504,
indivs=6401610, elapsed_secs=9940, mean=0.507468, stdev=0.068148, best fit=0.700000, best_overall=0.700000, mean_diversity=0.123917,
indivs=6411674, elapsed_secs=9959, mean=0.553805, stdev=0.167719, best fit=0.700000, best_overall=0.700000, mean_diversity=0.107081,
indivs=6421757, elapsed_secs=9979, mean=0.554815, stdev=0.144242, best fit=0.700000, best_overall=0.700000, mean_diversity=0.356621,
indivs=6431780, elapsed_secs=9996, mean=0.510812, stdev=0.035554, best fit=0.700000, best_overall=0.700000, mean_diversity=0.195360,
indivs=6441922, elapsed_secs=10014, mean=0.589683, stdev=0.114873, best fit=0.700000, best_overall=0.700000, mean_diversity=0.245511,
indivs=6452054, elapsed_secs=10031, mean=0.581120, stdev=0.136358, best fit=0.700000, best_overall=0.700000, mean_diversity=0.107661,
indivs=6462094, elapsed_secs=10046, mean=0.525475, stdev=0.147728, best fit=0.700000, best_overall=0.700000, mean_diversity=0.258357,
indivs=6472183, elapsed_secs=10065, mean=0.590847, stdev=0.094136, best fit=0.700000, best_overall=0.700000, mean_diversity=0.160633,
indivs=6482294, elapsed_secs=10080, mean=0.571867, stdev=0.158931, best fit=0.700000, best_overall=0.700000, mean_diversity=0.136083,
indivs=6492305, elapsed_secs=10100, mean=0.541493, stdev=0.152859, best fit=0.700000, best_overall=0.700000, mean_diversity=0.170754,
indivs=6502315, elapsed_secs=10119, mean=0.542682, stdev=0.223818, best fit=0.700000, best_overall=0.700000, mean_diversity=0.117342,
indivs=6512345, elapsed_secs=10138, mean=0.499930, stdev=0.199345, best fit=0.700000, best_overall=0.700000, mean_diversity=0.414505,
indivs=6522474, elapsed_secs=10155, mean=0.537984, stdev=0.157172, best fit=0.700000, best_overall=0.700000, mean_diversity=0.452881,
indivs=6532623, elapsed_secs=10172, mean=0.605762, stdev=0.160551, best fit=0.700000, best_overall=0.700000, mean_diversity=0.082730,
indivs=6542722, elapsed_secs=10191, mean=0.532500, stdev=0.084513, best fit=0.700000, best_overall=0.700000, mean_diversity=0.382707,
indivs=6552817, elapsed_secs=10206, mean=0.483616, stdev=0.083536, best fit=0.700000, best_overall=0.700000, mean_diversity=0.321280,
indivs=6562838, elapsed_secs=10226, mean=0.566294, stdev=0.120719, best fit=0.700000, best_overall=0.700000, mean_diversity=0.278764,
indivs=6572884, elapsed_secs=10244, mean=0.508490, stdev=0.126985, best fit=0.700000, best_overall=0.700000, mean_diversity=0.410463,
indivs=6583029, elapsed_secs=10263, mean=0.571170, stdev=0.120262, best fit=0.700000, best_overall=0.700000, mean_diversity=0.047195,
indivs=6593141, elapsed_secs=10282, mean=0.555445, stdev=0.114215, best fit=0.700000, best_overall=0.700000, mean_diversity=0.325201,
indivs=6603152, elapsed_secs=10302, mean=0.502439, stdev=0.126988, best fit=0.700000, best_overall=0.700000, mean_diversity=0.262526,
indivs=6613233, elapsed_secs=10319, mean=0.580212, stdev=0.126219, best fit=0.700000, best_overall=0.700000, mean_diversity=0.243901,
indivs=6623280, elapsed_secs=10334, mean=0.508547, stdev=0.094794, best fit=0.700000, best_overall=0.700000, mean_diversity=0.153868,
indivs=6633339, elapsed_secs=10353, mean=0.507386, stdev=0.070276, best fit=0.700000, best_overall=0.700000, mean_diversity=0.198880,
indivs=6643450, elapsed_secs=10373, mean=0.556641, stdev=0.094044, best fit=0.700000, best_overall=0.700000, mean_diversity=0.202898,
indivs=6653532, elapsed_secs=10392, mean=0.587918, stdev=0.115422, best fit=0.700000, best_overall=0.700000, mean_diversity=0.130690,
indivs=6663601, elapsed_secs=10411, mean=0.514253, stdev=0.087589, best fit=0.700000, best_overall=0.700000, mean_diversity=0.283072,
indivs=6673626, elapsed_secs=10429, mean=0.515571, stdev=0.100311, best fit=0.700000, best_overall=0.700000, mean_diversity=0.216267,
indivs=6683688, elapsed_secs=10448, mean=0.561676, stdev=0.171381, best fit=0.700000, best_overall=0.700000, mean_diversity=0.288088,
indivs=6693694, elapsed_secs=10469, mean=0.505176, stdev=0.207428, best fit=0.700000, best_overall=0.700000, mean_diversity=0.251304,
indivs=6703727, elapsed_secs=10487, mean=0.607718, stdev=0.153283, best fit=0.700000, best_overall=0.700000, mean_diversity=0.106087,
indivs=6713789, elapsed_secs=10508, mean=0.490780, stdev=0.126334, best fit=0.700000, best_overall=0.700000, mean_diversity=0.148714,
indivs=6723843, elapsed_secs=10527, mean=0.498136, stdev=0.109920, best fit=0.700000, best_overall=0.700000, mean_diversity=0.228329,
indivs=6733893, elapsed_secs=10547, mean=0.491821, stdev=0.073107, best fit=0.700000, best_overall=0.700000, mean_diversity=0.208642,
indivs=6743950, elapsed_secs=10567, mean=0.594256, stdev=0.081274, best fit=0.700000, best_overall=0.700000, mean_diversity=0.282863,
indivs=6753979, elapsed_secs=10583, mean=0.504737, stdev=0.153490, best fit=0.700000, best_overall=0.700000, mean_diversity=0.284300,
indivs=6763985, elapsed_secs=10601, mean=0.566357, stdev=0.201271, best fit=0.700000, best_overall=0.700000, mean_diversity=0.169234,
indivs=6774113, elapsed_secs=10617, mean=0.509166, stdev=0.075489, best fit=0.700000, best_overall=0.700000, mean_diversity=0.233580,
indivs=6784215, elapsed_secs=10636, mean=0.553492, stdev=0.109611, best fit=0.700000, best_overall=0.700000, mean_diversity=0.473696,
indivs=6794231, elapsed_secs=10651, mean=0.554126, stdev=0.134356, best fit=0.700000, best_overall=0.700000, mean_diversity=0.278065,
indivs=6804326, elapsed_secs=10672, mean=0.587513, stdev=0.199332, best fit=0.700000, best_overall=0.700000, mean_diversity=0.096376,
indivs=6814404, elapsed_secs=10689, mean=0.517945, stdev=0.164766, best fit=0.700000, best_overall=0.700000, mean_diversity=0.310268,
indivs=6824466, elapsed_secs=10706, mean=0.503791, stdev=0.028029, best fit=0.700000, best_overall=0.700000, mean_diversity=0.148796,
indivs=6834566, elapsed_secs=10726, mean=0.469275, stdev=0.147001, best fit=0.700000, best_overall=0.700000, mean_diversity=0.110185,
indivs=6844625, elapsed_secs=10744, mean=0.507097, stdev=0.070845, best fit=0.700000, best_overall=0.700000, mean_diversity=0.220483,
indivs=6854707, elapsed_secs=10765, mean=0.540935, stdev=0.141406, best fit=0.700000, best_overall=0.700000, mean_diversity=0.224757,
indivs=6864859, elapsed_secs=10784, mean=0.613586, stdev=0.111918, best fit=0.700000, best_overall=0.700000, mean_diversity=0.120503,
indivs=6874957, elapsed_secs=10804, mean=0.552607, stdev=0.178704, best fit=0.700000, best_overall=0.700000, mean_diversity=0.197347,
indivs=6884961, elapsed_secs=10821, mean=0.563823, stdev=0.092272, best fit=0.700000, best_overall=0.700000, mean_diversity=0.194917,
indivs=6895006, elapsed_secs=10842, mean=0.591789, stdev=0.154346, best fit=0.700000, best_overall=0.700000, mean_diversity=0.349713,
indivs=6905118, elapsed_secs=10859, mean=0.599337, stdev=0.132233, best fit=0.700000, best_overall=0.700000, mean_diversity=0.146526,
indivs=6915135, elapsed_secs=10875, mean=0.560344, stdev=0.129229, best fit=0.700000, best_overall=0.700000, mean_diversity=0.246246,
indivs=6925159, elapsed_secs=10893, mean=0.502778, stdev=0.022674, best fit=0.700000, best_overall=0.700000, mean_diversity=0.089636,
indivs=6935196, elapsed_secs=10911, mean=0.573094, stdev=0.163279, best fit=0.700000, best_overall=0.700000, mean_diversity=0.196310,
indivs=6945212, elapsed_secs=10931, mean=0.630954, stdev=0.117656, best fit=0.700000, best_overall=0.700000, mean_diversity=0.082293,
indivs=6955336, elapsed_secs=10949, mean=0.537494, stdev=0.102956, best fit=0.700000, best_overall=0.700000, mean_diversity=0.365871,
indivs=6965348, elapsed_secs=10968, mean=0.537038, stdev=0.094732, best fit=0.700000, best_overall=0.700000, mean_diversity=0.261414,
indivs=6975355, elapsed_secs=10988, mean=0.560367, stdev=0.178188, best fit=0.700000, best_overall=0.700000, mean_diversity=0.341728,
indivs=6985443, elapsed_secs=11004, mean=0.576535, stdev=0.067382, best fit=0.700000, best_overall=0.700000, mean_diversity=0.102521,
indivs=6995481, elapsed_secs=11021, mean=0.620732, stdev=0.089600, best fit=0.700000, best_overall=0.700000, mean_diversity=0.102867,
indivs=7005518, elapsed_secs=11041, mean=0.559384, stdev=0.165572, best fit=0.700000, best_overall=0.700000, mean_diversity=0.068615,
indivs=7015600, elapsed_secs=11058, mean=0.569504, stdev=0.081369, best fit=0.700000, best_overall=0.700000, mean_diversity=0.193880,
indivs=7025750, elapsed_secs=11076, mean=0.590787, stdev=0.152918, best fit=0.700000, best_overall=0.700000, mean_diversity=0.111965,
indivs=7035830, elapsed_secs=11092, mean=0.539317, stdev=0.175005, best fit=0.700000, best_overall=0.700000, mean_diversity=0.230750,
indivs=7045871, elapsed_secs=11110, mean=0.562653, stdev=0.129130, best fit=0.700000, best_overall=0.700000, mean_diversity=0.300742,
indivs=7055966, elapsed_secs=11129, mean=0.510793, stdev=0.100445, best fit=0.700000, best_overall=0.700000, mean_diversity=0.083731,
indivs=7066033, elapsed_secs=11148, mean=0.607913, stdev=0.170401, best fit=0.700000, best_overall=0.700000, mean_diversity=0.047390,
indivs=7076165, elapsed_secs=11169, mean=0.543073, stdev=0.138940, best fit=0.700000, best_overall=0.700000, mean_diversity=0.192972,
indivs=7086298, elapsed_secs=11192, mean=0.612208, stdev=0.140657, best fit=0.700000, best_overall=0.700000, mean_diversity=0.127561,
indivs=7096327, elapsed_secs=11210, mean=0.527377, stdev=0.143086, best fit=0.700000, best_overall=0.700000, mean_diversity=0.350000,
indivs=7106361, elapsed_secs=11228, mean=0.594937, stdev=0.119372, best fit=0.700000, best_overall=0.700000, mean_diversity=0.076326,
indivs=7116445, elapsed_secs=11249, mean=0.517674, stdev=0.191990, best fit=0.700000, best_overall=0.700000, mean_diversity=0.304378,
indivs=7126516, elapsed_secs=11266, mean=0.568791, stdev=0.137227, best fit=0.700000, best_overall=0.700000, mean_diversity=0.212112,
indivs=7136600, elapsed_secs=11286, mean=0.512588, stdev=0.054900, best fit=0.700000, best_overall=0.700000, mean_diversity=0.288960,
indivs=7146669, elapsed_secs=11304, mean=0.498696, stdev=0.135619, best fit=0.700000, best_overall=0.700000, mean_diversity=0.373206,
indivs=7156720, elapsed_secs=11322, mean=0.534822, stdev=0.176519, best fit=0.700000, best_overall=0.700000, mean_diversity=0.265153,
indivs=7166808, elapsed_secs=11340, mean=0.596527, stdev=0.161755, best fit=0.700000, best_overall=0.700000, mean_diversity=0.091576,
indivs=7176855, elapsed_secs=11359, mean=0.481178, stdev=0.033380, best fit=0.700000, best_overall=0.700000, mean_diversity=0.060599,
indivs=7186946, elapsed_secs=11377, mean=0.476516, stdev=0.100883, best fit=0.700000, best_overall=0.700000, mean_diversity=0.213828,
indivs=7197043, elapsed_secs=11395, mean=0.498425, stdev=0.105701, best fit=0.700000, best_overall=0.700000, mean_diversity=0.290316,
indivs=7207079, elapsed_secs=11415, mean=0.553522, stdev=0.096442, best fit=0.700000, best_overall=0.700000, mean_diversity=0.247168,
indivs=7217138, elapsed_secs=11435, mean=0.493002, stdev=0.104287, best fit=0.700000, best_overall=0.700000, mean_diversity=0.234093,
indivs=7227282, elapsed_secs=11452, mean=0.595515, stdev=0.125408, best fit=0.700000, best_overall=0.700000, mean_diversity=0.062086,
indivs=7237330, elapsed_secs=11473, mean=0.512095, stdev=0.156061, best fit=0.700000, best_overall=0.700000, mean_diversity=0.353174,
indivs=7247439, elapsed_secs=11491, mean=0.565946, stdev=0.162568, best fit=0.700000, best_overall=0.700000, mean_diversity=0.283151,
indivs=7257505, elapsed_secs=11509, mean=0.566041, stdev=0.056616, best fit=0.700000, best_overall=0.700000, mean_diversity=0.182263,
indivs=7267580, elapsed_secs=11529, mean=0.499142, stdev=0.163326, best fit=0.700000, best_overall=0.700000, mean_diversity=0.198870,
indivs=7277633, elapsed_secs=11546, mean=0.566844, stdev=0.176653, best fit=0.700000, best_overall=0.700000, mean_diversity=0.356333,
indivs=7287713, elapsed_secs=11566, mean=0.497436, stdev=0.160925, best fit=0.700000, best_overall=0.700000, mean_diversity=0.364478,
indivs=7297851, elapsed_secs=11586, mean=0.558018, stdev=0.203402, best fit=0.700000, best_overall=0.700000, mean_diversity=0.168367,
indivs=7307861, elapsed_secs=11605, mean=0.550056, stdev=0.148680, best fit=0.700000, best_overall=0.700000, mean_diversity=0.079280,
indivs=7317947, elapsed_secs=11625, mean=0.564484, stdev=0.069422, best fit=0.700000, best_overall=0.700000, mean_diversity=0.173172,
indivs=7328075, elapsed_secs=11644, mean=0.624607, stdev=0.127898, best fit=0.700000, best_overall=0.700000, mean_diversity=0.116667,
indivs=7338186, elapsed_secs=11661, mean=0.540811, stdev=0.099063, best fit=0.700000, best_overall=0.700000, mean_diversity=0.369388,
indivs=7348261, elapsed_secs=11683, mean=0.606354, stdev=0.135377, best fit=0.700000, best_overall=0.700000, mean_diversity=0.235265,
indivs=7358294, elapsed_secs=11703, mean=0.525071, stdev=0.093290, best fit=0.700000, best_overall=0.700000, mean_diversity=0.198549,
indivs=7368369, elapsed_secs=11722, mean=0.604212, stdev=0.168021, best fit=0.700000, best_overall=0.700000, mean_diversity=0.207950,
indivs=7378492, elapsed_secs=11742, mean=0.570992, stdev=0.088714, best fit=0.700000, best_overall=0.700000, mean_diversity=0.149443,
indivs=7388566, elapsed_secs=11762, mean=0.617627, stdev=0.153258, best fit=0.700000, best_overall=0.700000, mean_diversity=0.141677,
indivs=7398629, elapsed_secs=11779, mean=0.557381, stdev=0.180794, best fit=0.700000, best_overall=0.700000, mean_diversity=0.253553,
indivs=7408665, elapsed_secs=11796, mean=0.502094, stdev=0.019958, best fit=0.700000, best_overall=0.700000, mean_diversity=0.108889,
indivs=7418764, elapsed_secs=11814, mean=0.595324, stdev=0.126741, best fit=0.700000, best_overall=0.700000, mean_diversity=0.392727,
indivs=7428861, elapsed_secs=11834, mean=0.522640, stdev=0.109911, best fit=0.700000, best_overall=0.700000, mean_diversity=0.196381,
indivs=7438986, elapsed_secs=11851, mean=0.529403, stdev=0.124449, best fit=0.700000, best_overall=0.700000, mean_diversity=0.263619,
indivs=7449016, elapsed_secs=11870, mean=0.576772, stdev=0.095036, best fit=0.700000, best_overall=0.700000, mean_diversity=0.222913,
indivs=7459171, elapsed_secs=11887, mean=0.591660, stdev=0.134299, best fit=0.700000, best_overall=0.700000, mean_diversity=0.100655,
indivs=7469294, elapsed_secs=11905, mean=0.507345, stdev=0.160249, best fit=0.700000, best_overall=0.700000, mean_diversity=0.197978,
indivs=7479313, elapsed_secs=11925, mean=0.522833, stdev=0.129749, best fit=0.700000, best_overall=0.700000, mean_diversity=0.382206,
indivs=7489375, elapsed_secs=11941, mean=0.502000, stdev=0.019900, best fit=0.700000, best_overall=0.700000, mean_diversity=0.245598,
indivs=7499469, elapsed_secs=11959, mean=0.447139, stdev=0.141878, best fit=0.700000, best_overall=0.700000, mean_diversity=0.257326,
indivs=7509534, elapsed_secs=11977, mean=0.518331, stdev=0.116127, best fit=0.700000, best_overall=0.700000, mean_diversity=0.269683,
indivs=7519573, elapsed_secs=11995, mean=0.599490, stdev=0.144586, best fit=0.700000, best_overall=0.700000, mean_diversity=0.055883,
indivs=7529606, elapsed_secs=12015, mean=0.520169, stdev=0.073507, best fit=0.700000, best_overall=0.700000, mean_diversity=0.258689,
indivs=7539618, elapsed_secs=12034, mean=0.585973, stdev=0.115672, best fit=0.700000, best_overall=0.700000, mean_diversity=0.325035,
indivs=7549749, elapsed_secs=12054, mean=0.594309, stdev=0.112205, best fit=0.700000, best_overall=0.700000, mean_diversity=0.240826,
indivs=7559750, elapsed_secs=12073, mean=0.556473, stdev=0.162181, best fit=0.700000, best_overall=0.700000, mean_diversity=0.237327,
indivs=7569798, elapsed_secs=12091, mean=0.536087, stdev=0.143655, best fit=0.700000, best_overall=0.700000, mean_diversity=0.211509,
indivs=7579851, elapsed_secs=12110, mean=0.575504, stdev=0.130780, best fit=0.700000, best_overall=0.700000, mean_diversity=0.225202,
indivs=7589860, elapsed_secs=12128, mean=0.624246, stdev=0.150622, best fit=0.700000, best_overall=0.700000, mean_diversity=0.049148,
indivs=7599903, elapsed_secs=12146, mean=0.596910, stdev=0.130214, best fit=0.700000, best_overall=0.700000, mean_diversity=0.315644,
indivs=7609962, elapsed_secs=12164, mean=0.554699, stdev=0.162366, best fit=0.700000, best_overall=0.700000, mean_diversity=0.330677,
indivs=7620047, elapsed_secs=12183, mean=0.515619, stdev=0.155185, best fit=0.700000, best_overall=0.700000, mean_diversity=0.315964,
indivs=7630152, elapsed_secs=12201, mean=0.610492, stdev=0.137477, best fit=0.700000, best_overall=0.700000, mean_diversity=0.066861,
indivs=7640205, elapsed_secs=12218, mean=0.513644, stdev=0.084900, best fit=0.700000, best_overall=0.700000, mean_diversity=0.385510,
indivs=7650291, elapsed_secs=12238, mean=0.488928, stdev=0.175771, best fit=0.700000, best_overall=0.700000, mean_diversity=0.386335,
indivs=7660324, elapsed_secs=12257, mean=0.496478, stdev=0.054062, best fit=0.700000, best_overall=0.700000, mean_diversity=0.120182,
indivs=7670429, elapsed_secs=12275, mean=0.577874, stdev=0.117479, best fit=0.700000, best_overall=0.700000, mean_diversity=0.172509,
indivs=7680523, elapsed_secs=12293, mean=0.518409, stdev=0.174962, best fit=0.700000, best_overall=0.700000, mean_diversity=0.208858,
indivs=7690606, elapsed_secs=12310, mean=0.512136, stdev=0.098138, best fit=0.700000, best_overall=0.700000, mean_diversity=0.326440,
indivs=7700622, elapsed_secs=12327, mean=0.577805, stdev=0.107122, best fit=0.700000, best_overall=0.700000, mean_diversity=0.148445,
indivs=7710728, elapsed_secs=12345, mean=0.572252, stdev=0.078024, best fit=0.700000, best_overall=0.700000, mean_diversity=0.223343,
indivs=7720739, elapsed_secs=12364, mean=0.605802, stdev=0.084608, best fit=0.700000, best_overall=0.700000, mean_diversity=0.162473,
indivs=7730807, elapsed_secs=12386, mean=0.584180, stdev=0.148619, best fit=0.700000, best_overall=0.700000, mean_diversity=0.251180,
indivs=7740914, elapsed_secs=12404, mean=0.507314, stdev=0.126804, best fit=0.700000, best_overall=0.700000, mean_diversity=0.422335,
indivs=7750966, elapsed_secs=12423, mean=0.501998, stdev=0.019900, best fit=0.700000, best_overall=0.700000, mean_diversity=0.059150,
indivs=7760968, elapsed_secs=12443, mean=0.597733, stdev=0.104615, best fit=0.700000, best_overall=0.700000, mean_diversity=0.147123,
indivs=7770991, elapsed_secs=12464, mean=0.553798, stdev=0.164497, best fit=0.700000, best_overall=0.700000, mean_diversity=0.187361,
indivs=7780993, elapsed_secs=12481, mean=0.501994, stdev=0.019900, best fit=0.700000, best_overall=0.700000, mean_diversity=0.153608,
indivs=7791006, elapsed_secs=12498, mean=0.531655, stdev=0.106014, best fit=0.700000, best_overall=0.700000, mean_diversity=0.160333,
indivs=7801104, elapsed_secs=12516, mean=0.563879, stdev=0.067900, best fit=0.700000, best_overall=0.700000, mean_diversity=0.267007,
indivs=7811149, elapsed_secs=12536, mean=0.581202, stdev=0.164978, best fit=0.700000, best_overall=0.700000, mean_diversity=0.082491,
indivs=7821241, elapsed_secs=12554, mean=0.548580, stdev=0.119488, best fit=0.700000, best_overall=0.700000, mean_diversity=0.280511,
indivs=7831245, elapsed_secs=12572, mean=0.516099, stdev=0.071754, best fit=0.700000, best_overall=0.700000, mean_diversity=0.223224,
indivs=7841304, elapsed_secs=12591, mean=0.574457, stdev=0.152589, best fit=0.700000, best_overall=0.700000, mean_diversity=0.191800,
indivs=7851380, elapsed_secs=12608, mean=0.523418, stdev=0.078796, best fit=0.700000, best_overall=0.700000, mean_diversity=0.298137,
indivs=7861419, elapsed_secs=12627, mean=0.567806, stdev=0.102232, best fit=0.700000, best_overall=0.700000, mean_diversity=0.169349,
indivs=7871432, elapsed_secs=12647, mean=0.520322, stdev=0.080297, best fit=0.700000, best_overall=0.700000, mean_diversity=0.279197,
indivs=7881440, elapsed_secs=12665, mean=0.490035, stdev=0.155709, best fit=0.700000, best_overall=0.700000, mean_diversity=0.222900,
indivs=7891579, elapsed_secs=12686, mean=0.638682, stdev=0.116983, best fit=0.700000, best_overall=0.700000, mean_diversity=0.075497,
indivs=7901584, elapsed_secs=12703, mean=0.543859, stdev=0.156511, best fit=0.700000, best_overall=0.700000, mean_diversity=0.257206,
indivs=7911622, elapsed_secs=12719, mean=0.581810, stdev=0.095541, best fit=0.700000, best_overall=0.700000, mean_diversity=0.211750,
indivs=7921757, elapsed_secs=12739, mean=0.577044, stdev=0.101618, best fit=0.700000, best_overall=0.700000, mean_diversity=0.144220,
indivs=7931795, elapsed_secs=12756, mean=0.524021, stdev=0.062573, best fit=0.700000, best_overall=0.700000, mean_diversity=0.269937,
indivs=7941949, elapsed_secs=12774, mean=0.640373, stdev=0.101078, best fit=0.700000, best_overall=0.700000, mean_diversity=0.111973,
indivs=7951968, elapsed_secs=12789, mean=0.557191, stdev=0.111920, best fit=0.700000, best_overall=0.700000, mean_diversity=0.283846,
indivs=7961968, elapsed_secs=12806, mean=0.576383, stdev=0.085260, best fit=0.700000, best_overall=0.700000, mean_diversity=0.152937,
indivs=7971972, elapsed_secs=12824, mean=0.539239, stdev=0.104008, best fit=0.700000, best_overall=0.700000, mean_diversity=0.313394,
indivs=7982121, elapsed_secs=12842, mean=0.545015, stdev=0.157894, best fit=0.700000, best_overall=0.700000, mean_diversity=0.151405,
indivs=7992275, elapsed_secs=12861, mean=0.588106, stdev=0.138091, best fit=0.700000, best_overall=0.700000, mean_diversity=0.217520,
indivs=8002374, elapsed_secs=12880, mean=0.492929, stdev=0.180028, best fit=0.700000, best_overall=0.700000, mean_diversity=0.129014,
indivs=8012450, elapsed_secs=12898, mean=0.547414, stdev=0.177621, best fit=0.700000, best_overall=0.700000, mean_diversity=0.297707,
indivs=8022540, elapsed_secs=12918, mean=0.556174, stdev=0.122572, best fit=0.700000, best_overall=0.700000, mean_diversity=0.241325,
indivs=8032596, elapsed_secs=12937, mean=0.618707, stdev=0.181671, best fit=0.700000, best_overall=0.700000, mean_diversity=0.050553,
indivs=8042638, elapsed_secs=12955, mean=0.572558, stdev=0.112304, best fit=0.700000, best_overall=0.700000, mean_diversity=0.318942,
indivs=8052707, elapsed_secs=12972, mean=0.579659, stdev=0.121818, best fit=0.700000, best_overall=0.700000, mean_diversity=0.098961,
indivs=8062739, elapsed_secs=12991, mean=0.524305, stdev=0.062746, best fit=0.700000, best_overall=0.700000, mean_diversity=0.266855,
indivs=8072805, elapsed_secs=13008, mean=0.502078, stdev=0.066734, best fit=0.700000, best_overall=0.700000, mean_diversity=0.218765,
indivs=8082834, elapsed_secs=13026, mean=0.463567, stdev=0.156926, best fit=0.700000, best_overall=0.700000, mean_diversity=0.344510,
indivs=8092923, elapsed_secs=13043, mean=0.602511, stdev=0.134222, best fit=0.700000, best_overall=0.700000, mean_diversity=0.295362,
indivs=8103008, elapsed_secs=13061, mean=0.547898, stdev=0.145788, best fit=0.700000, best_overall=0.700000, mean_diversity=0.301807,
indivs=8113093, elapsed_secs=13077, mean=0.584120, stdev=0.084393, best fit=0.700000, best_overall=0.700000, mean_diversity=0.143229,
indivs=8123163, elapsed_secs=13095, mean=0.579186, stdev=0.140229, best fit=0.700000, best_overall=0.700000, mean_diversity=0.262980,
indivs=8133226, elapsed_secs=13113, mean=0.580474, stdev=0.186396, best fit=0.700000, best_overall=0.700000, mean_diversity=0.087723,
indivs=8143266, elapsed_secs=13134, mean=0.536937, stdev=0.099409, best fit=0.700000, best_overall=0.700000, mean_diversity=0.378532,
indivs=8153305, elapsed_secs=13154, mean=0.498098, stdev=0.036566, best fit=0.700000, best_overall=0.700000, mean_diversity=0.112742,
indivs=8163404, elapsed_secs=13171, mean=0.548671, stdev=0.148746, best fit=0.700000, best_overall=0.700000, mean_diversity=0.111303,
indivs=8173431, elapsed_secs=13188, mean=0.559072, stdev=0.145294, best fit=0.700000, best_overall=0.700000, mean_diversity=0.221622,
indivs=8183463, elapsed_secs=13208, mean=0.481945, stdev=0.112824, best fit=0.700000, best_overall=0.700000, mean_diversity=0.077879,
indivs=8193506, elapsed_secs=13227, mean=0.497900, stdev=0.193373, best fit=0.700000, best_overall=0.700000, mean_diversity=0.296329,
indivs=8203629, elapsed_secs=13247, mean=0.547169, stdev=0.162593, best fit=0.700000, best_overall=0.700000, mean_diversity=0.318860,
indivs=8213693, elapsed_secs=13264, mean=0.502000, stdev=0.019900, best fit=0.700000, best_overall=0.700000, mean_diversity=0.106736,
indivs=8223780, elapsed_secs=13284, mean=0.558406, stdev=0.098845, best fit=0.700000, best_overall=0.700000, mean_diversity=0.260838,
indivs=8233895, elapsed_secs=13302, mean=0.529124, stdev=0.157038, best fit=0.700000, best_overall=0.700000, mean_diversity=0.190960,
indivs=8243926, elapsed_secs=13322, mean=0.517326, stdev=0.080591, best fit=0.700000, best_overall=0.700000, mean_diversity=0.239620,
indivs=8254002, elapsed_secs=13339, mean=0.522266, stdev=0.158459, best fit=0.700000, best_overall=0.700000, mean_diversity=0.282083,
indivs=8264010, elapsed_secs=13356, mean=0.513925, stdev=0.091494, best fit=0.700000, best_overall=0.700000, mean_diversity=0.369246,
indivs=8274086, elapsed_secs=13371, mean=0.536186, stdev=0.074303, best fit=0.700000, best_overall=0.700000, mean_diversity=0.340175,
indivs=8284209, elapsed_secs=13392, mean=0.570260, stdev=0.141427, best fit=0.700000, best_overall=0.700000, mean_diversity=0.213559,
indivs=8294287, elapsed_secs=13410, mean=0.591568, stdev=0.148221, best fit=0.700000, best_overall=0.700000, mean_diversity=0.154017,
indivs=8304311, elapsed_secs=13428, mean=0.568906, stdev=0.084689, best fit=0.700000, best_overall=0.700000, mean_diversity=0.355320,
indivs=8314406, elapsed_secs=13444, mean=0.504149, stdev=0.027625, best fit=0.700000, best_overall=0.700000, mean_diversity=0.091451,
indivs=8324423, elapsed_secs=13463, mean=0.582946, stdev=0.141872, best fit=0.700000, best_overall=0.700000, mean_diversity=0.131376,
indivs=8334443, elapsed_secs=13481, mean=0.532603, stdev=0.139946, best fit=0.700000, best_overall=0.700000, mean_diversity=0.243147,
indivs=8344455, elapsed_secs=13500, mean=0.503495, stdev=0.025749, best fit=0.700000, best_overall=0.700000, mean_diversity=0.129330,
indivs=8354527, elapsed_secs=13519, mean=0.587849, stdev=0.098803, best fit=0.700000, best_overall=0.700000, mean_diversity=0.212263,
indivs=8364553, elapsed_secs=13538, mean=0.532653, stdev=0.112349, best fit=0.700000, best_overall=0.700000, mean_diversity=0.252799,
indivs=8374636, elapsed_secs=13557, mean=0.516637, stdev=0.110196, best fit=0.700000, best_overall=0.700000, mean_diversity=0.178829,
indivs=8384690, elapsed_secs=13578, mean=0.498584, stdev=0.147695, best fit=0.700000, best_overall=0.700000, mean_diversity=0.389898,
indivs=8394752, elapsed_secs=13594, mean=0.525016, stdev=0.085222, best fit=0.700000, best_overall=0.700000, mean_diversity=0.380236,
indivs=8404755, elapsed_secs=13613, mean=0.527017, stdev=0.144260, best fit=0.700000, best_overall=0.700000, mean_diversity=0.239342,
indivs=8414763, elapsed_secs=13628, mean=0.528064, stdev=0.118219, best fit=0.700000, best_overall=0.700000, mean_diversity=0.338826,
indivs=8424845, elapsed_secs=13645, mean=0.487243, stdev=0.092545, best fit=0.700000, best_overall=0.700000, mean_diversity=0.155364,
indivs=8434952, elapsed_secs=13662, mean=0.499497, stdev=0.185634, best fit=0.700000, best_overall=0.700000, mean_diversity=0.287469,
indivs=8445045, elapsed_secs=13679, mean=0.518379, stdev=0.105627, best fit=0.700000, best_overall=0.700000, mean_diversity=0.154952,
indivs=8455075, elapsed_secs=13695, mean=0.454598, stdev=0.144758, best fit=0.700000, best_overall=0.700000, mean_diversity=0.188049,
indivs=8465139, elapsed_secs=13713, mean=0.538377, stdev=0.128331, best fit=0.700000, best_overall=0.700000, mean_diversity=0.269784,
indivs=8475213, elapsed_secs=13730, mean=0.562318, stdev=0.114539, best fit=0.700000, best_overall=0.700000, mean_diversity=0.104765,
indivs=8485298, elapsed_secs=13751, mean=0.522225, stdev=0.124813, best fit=0.700000, best_overall=0.700000, mean_diversity=0.511172,
indivs=8495355, elapsed_secs=13770, mean=0.514503, stdev=0.058291, best fit=0.700000, best_overall=0.700000, mean_diversity=0.151504,
indivs=8505390, elapsed_secs=13789, mean=0.556657, stdev=0.163666, best fit=0.700000, best_overall=0.700000, mean_diversity=0.170190,
indivs=8515518, elapsed_secs=13808, mean=0.591346, stdev=0.111500, best fit=0.700000, best_overall=0.700000, mean_diversity=0.285694,
indivs=8525548, elapsed_secs=13826, mean=0.597616, stdev=0.107604, best fit=0.700000, best_overall=0.700000, mean_diversity=0.125652,
indivs=8535611, elapsed_secs=13845, mean=0.588200, stdev=0.097329, best fit=0.700000, best_overall=0.700000, mean_diversity=0.194605,
indivs=8545774, elapsed_secs=13864, mean=0.619669, stdev=0.124068, best fit=0.700000, best_overall=0.700000, mean_diversity=0.132938,
indivs=8555811, elapsed_secs=13880, mean=0.513130, stdev=0.075504, best fit=0.700000, best_overall=0.700000, mean_diversity=0.168800,
indivs=8565886, elapsed_secs=13899, mean=0.533940, stdev=0.053614, best fit=0.700000, best_overall=0.700000, mean_diversity=0.433857,
indivs=8575920, elapsed_secs=13916, mean=0.493545, stdev=0.057520, best fit=0.700000, best_overall=0.700000, mean_diversity=0.167559,
indivs=8585991, elapsed_secs=13934, mean=0.548899, stdev=0.120057, best fit=0.700000, best_overall=0.700000, mean_diversity=0.359364,
indivs=8596025, elapsed_secs=13955, mean=0.530699, stdev=0.088972, best fit=0.700000, best_overall=0.700000, mean_diversity=0.391060,
indivs=8606125, elapsed_secs=13975, mean=0.597630, stdev=0.155135, best fit=0.700000, best_overall=0.700000, mean_diversity=0.071684,
indivs=8616227, elapsed_secs=13994, mean=0.532110, stdev=0.140669, best fit=0.700000, best_overall=0.700000, mean_diversity=0.237048,
indivs=8626261, elapsed_secs=14014, mean=0.498427, stdev=0.095811, best fit=0.700000, best_overall=0.700000, mean_diversity=0.337581,
indivs=8636292, elapsed_secs=14032, mean=0.548253, stdev=0.132245, best fit=0.700000, best_overall=0.700000, mean_diversity=0.218478,
indivs=8646344, elapsed_secs=14048, mean=0.507754, stdev=0.134537, best fit=0.700000, best_overall=0.700000, mean_diversity=0.227915,
indivs=8656451, elapsed_secs=14066, mean=0.570715, stdev=0.137958, best fit=0.700000, best_overall=0.700000, mean_diversity=0.180364,
indivs=8666602, elapsed_secs=14086, mean=0.527344, stdev=0.140091, best fit=0.700000, best_overall=0.700000, mean_diversity=0.111074,
indivs=8676660, elapsed_secs=14105, mean=0.537962, stdev=0.185728, best fit=0.700000, best_overall=0.700000, mean_diversity=0.087212,
indivs=8686787, elapsed_secs=14126, mean=0.598847, stdev=0.138946, best fit=0.700000, best_overall=0.700000, mean_diversity=0.093175,
indivs=8696862, elapsed_secs=14144, mean=0.577708, stdev=0.159533, best fit=0.700000, best_overall=0.700000, mean_diversity=0.301149,
indivs=8706994, elapsed_secs=14161, mean=0.534084, stdev=0.124082, best fit=0.700000, best_overall=0.700000, mean_diversity=0.176519,
indivs=8717025, elapsed_secs=14179, mean=0.572424, stdev=0.121196, best fit=0.700000, best_overall=0.700000, mean_diversity=0.238711,
indivs=8727134, elapsed_secs=14195, mean=0.559627, stdev=0.188992, best fit=0.700000, best_overall=0.700000, mean_diversity=0.067644,
indivs=8737208, elapsed_secs=14211, mean=0.449816, stdev=0.176560, best fit=0.700300, best_overall=0.700300, mean_diversity=0.139035,
indivs=8747329, elapsed_secs=14232, mean=0.537718, stdev=0.187810, best fit=0.700500, best_overall=0.700500, mean_diversity=0.130401,
indivs=8757347, elapsed_secs=14246, mean=0.562537, stdev=0.136694, best fit=0.700500, best_overall=0.700500, mean_diversity=0.335303,
indivs=8767409, elapsed_secs=14261, mean=0.498054, stdev=0.056519, best fit=0.700500, best_overall=0.700500, mean_diversity=0.094156,
indivs=8777443, elapsed_secs=14279, mean=0.533726, stdev=0.104123, best fit=0.700500, best_overall=0.700500, mean_diversity=0.253818,
indivs=8787546, elapsed_secs=14295, mean=0.526393, stdev=0.108937, best fit=0.700500, best_overall=0.700500, mean_diversity=0.245072,
indivs=8797591, elapsed_secs=14312, mean=0.589941, stdev=0.109757, best fit=0.700500, best_overall=0.700500, mean_diversity=0.157059,
indivs=8807767, elapsed_secs=14328, mean=0.605141, stdev=0.154342, best fit=0.700500, best_overall=0.700500, mean_diversity=0.135149,
indivs=8817807, elapsed_secs=14346, mean=0.562702, stdev=0.162162, best fit=0.700500, best_overall=0.700500, mean_diversity=0.172264,
indivs=8827929, elapsed_secs=14359, mean=0.531920, stdev=0.180783, best fit=0.700500, best_overall=0.700500, mean_diversity=0.231901,
indivs=8838000, elapsed_secs=14375, mean=0.487984, stdev=0.149586, best fit=0.700500, best_overall=0.700500, mean_diversity=0.180559,
indivs=8848115, elapsed_secs=14390, mean=0.548099, stdev=0.224561, best fit=0.700500, best_overall=0.700500, mean_diversity=0.270354,
indivs=8858243, elapsed_secs=14404, mean=0.555953, stdev=0.196412, best fit=0.700500, best_overall=0.700500, mean_diversity=0.187757,
indivs=8868270, elapsed_secs=14422, mean=0.542182, stdev=0.102044, best fit=0.700500, best_overall=0.700500, mean_diversity=0.306139,
indivs=8878375, elapsed_secs=14437, mean=0.547588, stdev=0.148023, best fit=0.700500, best_overall=0.700500, mean_diversity=0.129200,
indivs=8888394, elapsed_secs=14454, mean=0.566625, stdev=0.177836, best fit=0.700500, best_overall=0.700500, mean_diversity=0.278984,
indivs=8898461, elapsed_secs=14470, mean=0.534105, stdev=0.146201, best fit=0.700500, best_overall=0.700500, mean_diversity=0.328517,
indivs=8908518, elapsed_secs=14486, mean=0.539108, stdev=0.129146, best fit=0.700500, best_overall=0.700500, mean_diversity=0.273556,
indivs=8918636, elapsed_secs=14502, mean=0.552695, stdev=0.183755, best fit=0.700500, best_overall=0.700500, mean_diversity=0.137012,
indivs=8928727, elapsed_secs=14521, mean=0.509100, stdev=0.140706, best fit=0.700500, best_overall=0.700500, mean_diversity=0.269354,
indivs=8938745, elapsed_secs=14540, mean=0.541524, stdev=0.174963, best fit=0.700500, best_overall=0.700500, mean_diversity=0.078617,
indivs=8948807, elapsed_secs=14558, mean=0.556369, stdev=0.090902, best fit=0.700500, best_overall=0.700500, mean_diversity=0.165651,
indivs=8958900, elapsed_secs=14574, mean=0.516483, stdev=0.105940, best fit=0.700500, best_overall=0.700500, mean_diversity=0.377943,
indivs=8969022, elapsed_secs=14587, mean=0.592811, stdev=0.108683, best fit=0.700500, best_overall=0.700500, mean_diversity=0.274468,
indivs=8979046, elapsed_secs=14601, mean=0.501669, stdev=0.104827, best fit=0.700500, best_overall=0.700500, mean_diversity=0.398889,
indivs=8989140, elapsed_secs=14618, mean=0.506166, stdev=0.031434, best fit=0.700500, best_overall=0.700500, mean_diversity=0.111314,
indivs=8999208, elapsed_secs=14632, mean=0.471432, stdev=0.178732, best fit=0.700500, best_overall=0.700500, mean_diversity=0.322893,
indivs=9009281, elapsed_secs=14647, mean=0.513576, stdev=0.160647, best fit=0.700500, best_overall=0.700500, mean_diversity=0.166222,
indivs=9019335, elapsed_secs=14666, mean=0.576577, stdev=0.201651, best fit=0.700500, best_overall=0.700500, mean_diversity=0.107489,
indivs=9029411, elapsed_secs=14683, mean=0.511789, stdev=0.046893, best fit=0.700500, best_overall=0.700500, mean_diversity=0.158175,
indivs=9039496, elapsed_secs=14703, mean=0.591224, stdev=0.207493, best fit=0.700500, best_overall=0.700500, mean_diversity=0.039765,
indivs=9049611, elapsed_secs=14722, mean=0.569328, stdev=0.099547, best fit=0.700500, best_overall=0.700500, mean_diversity=0.237805,
indivs=9059690, elapsed_secs=14738, mean=0.543528, stdev=0.140874, best fit=0.700500, best_overall=0.700500, mean_diversity=0.152351,
indivs=9069706, elapsed_secs=14755, mean=0.520204, stdev=0.125919, best fit=0.700500, best_overall=0.700500, mean_diversity=0.306549,
indivs=9079770, elapsed_secs=14772, mean=0.503279, stdev=0.020358, best fit=0.700500, best_overall=0.700500, mean_diversity=0.110307,
indivs=9089848, elapsed_secs=14787, mean=0.535564, stdev=0.153758, best fit=0.700500, best_overall=0.700500, mean_diversity=0.223169,
indivs=9099884, elapsed_secs=14803, mean=0.494618, stdev=0.118207, best fit=0.700500, best_overall=0.700500, mean_diversity=0.261779,
indivs=9109936, elapsed_secs=14819, mean=0.480294, stdev=0.032500, best fit=0.700500, best_overall=0.700500, mean_diversity=0.062025,
indivs=9119950, elapsed_secs=14836, mean=0.478484, stdev=0.150961, best fit=0.700500, best_overall=0.700500, mean_diversity=0.220175,
indivs=9129970, elapsed_secs=14850, mean=0.526578, stdev=0.127205, best fit=0.700500, best_overall=0.700500, mean_diversity=0.281381,
indivs=9139987, elapsed_secs=14867, mean=0.531888, stdev=0.130487, best fit=0.700500, best_overall=0.700500, mean_diversity=0.333838,
indivs=9149995, elapsed_secs=14885, mean=0.556139, stdev=0.116755, best fit=0.700500, best_overall=0.700500, mean_diversity=0.243018,
indivs=9160095, elapsed_secs=14901, mean=0.526385, stdev=0.144483, best fit=0.700500, best_overall=0.700500, mean_diversity=0.296751,
indivs=9170177, elapsed_secs=14915, mean=0.601351, stdev=0.180501, best fit=0.700500, best_overall=0.700500, mean_diversity=0.293865,
indivs=9180238, elapsed_secs=14928, mean=0.499505, stdev=0.132414, best fit=0.700600, best_overall=0.700600, mean_diversity=0.378589,
indivs=9190323, elapsed_secs=14942, mean=0.528751, stdev=0.096169, best fit=0.700600, best_overall=0.700600, mean_diversity=0.250996,
indivs=9200358, elapsed_secs=14959, mean=0.516957, stdev=0.143627, best fit=0.700600, best_overall=0.700600, mean_diversity=0.228719,
indivs=9210442, elapsed_secs=14973, mean=0.568504, stdev=0.177708, best fit=0.700600, best_overall=0.700600, mean_diversity=0.221449,
indivs=9220490, elapsed_secs=14989, mean=0.543664, stdev=0.122317, best fit=0.700600, best_overall=0.700600, mean_diversity=0.215920,
indivs=9230550, elapsed_secs=15005, mean=0.553713, stdev=0.159400, best fit=0.700600, best_overall=0.700600, mean_diversity=0.177359,
indivs=9240631, elapsed_secs=15020, mean=0.470996, stdev=0.127808, best fit=0.700600, best_overall=0.700600, mean_diversity=0.212543,
indivs=9250669, elapsed_secs=15037, mean=0.501006, stdev=0.022392, best fit=0.700600, best_overall=0.700600, mean_diversity=0.116533,
indivs=9260772, elapsed_secs=15051, mean=0.508272, stdev=0.153684, best fit=0.700600, best_overall=0.700600, mean_diversity=0.150641,
indivs=9270870, elapsed_secs=15067, mean=0.596371, stdev=0.183984, best fit=0.700600, best_overall=0.700600, mean_diversity=0.189679,
indivs=9280998, elapsed_secs=15081, mean=0.542711, stdev=0.210862, best fit=0.700600, best_overall=0.700600, mean_diversity=0.122034,
indivs=9291160, elapsed_secs=15097, mean=0.541368, stdev=0.201391, best fit=0.700600, best_overall=0.700600, mean_diversity=0.174914,
indivs=9301166, elapsed_secs=15114, mean=0.546697, stdev=0.128813, best fit=0.700600, best_overall=0.700600, mean_diversity=0.329623,
indivs=9311258, elapsed_secs=15127, mean=0.521290, stdev=0.157056, best fit=0.700600, best_overall=0.700600, mean_diversity=0.310114,
indivs=9321275, elapsed_secs=15142, mean=0.505210, stdev=0.167260, best fit=0.700600, best_overall=0.700600, mean_diversity=0.155795,
indivs=9331331, elapsed_secs=15161, mean=0.603206, stdev=0.165167, best fit=0.700600, best_overall=0.700600, mean_diversity=0.097556,
indivs=9341355, elapsed_secs=15175, mean=0.523892, stdev=0.120079, best fit=0.700600, best_overall=0.700600, mean_diversity=0.450000,
indivs=9351524, elapsed_secs=15190, mean=0.610161, stdev=0.163763, best fit=0.700600, best_overall=0.700600, mean_diversity=0.103207,
indivs=9361533, elapsed_secs=15206, mean=0.537264, stdev=0.117989, best fit=0.700600, best_overall=0.700600, mean_diversity=0.365285,
indivs=9371534, elapsed_secs=15222, mean=0.539357, stdev=0.186414, best fit=0.700600, best_overall=0.700600, mean_diversity=0.078770,
indivs=9381543, elapsed_secs=15237, mean=0.508350, stdev=0.140037, best fit=0.700600, best_overall=0.700600, mean_diversity=0.344946,
indivs=9391572, elapsed_secs=15252, mean=0.474289, stdev=0.169769, best fit=0.700600, best_overall=0.700600, mean_diversity=0.291813,
indivs=9401674, elapsed_secs=15266, mean=0.575830, stdev=0.157898, best fit=0.700600, best_overall=0.700600, mean_diversity=0.182383,
indivs=9411772, elapsed_secs=15283, mean=0.501973, stdev=0.178562, best fit=0.700600, best_overall=0.700600, mean_diversity=0.409800,
indivs=9421941, elapsed_secs=15298, mean=0.590403, stdev=0.170428, best fit=0.700600, best_overall=0.700600, mean_diversity=0.101629,
indivs=9431949, elapsed_secs=15311, mean=0.492233, stdev=0.199415, best fit=0.700600, best_overall=0.700600, mean_diversity=0.146679,
indivs=9442005, elapsed_secs=15325, mean=0.509313, stdev=0.108423, best fit=0.700600, best_overall=0.700600, mean_diversity=0.202202,
indivs=9452106, elapsed_secs=15341, mean=0.510835, stdev=0.126054, best fit=0.700600, best_overall=0.700600, mean_diversity=0.226211,
indivs=9462218, elapsed_secs=15356, mean=0.523041, stdev=0.129562, best fit=0.700600, best_overall=0.700600, mean_diversity=0.354891,
indivs=9472271, elapsed_secs=15372, mean=0.542065, stdev=0.185525, best fit=0.700600, best_overall=0.700600, mean_diversity=0.288193,
indivs=9482393, elapsed_secs=15389, mean=0.580255, stdev=0.164311, best fit=0.700600, best_overall=0.700600, mean_diversity=0.132390,
indivs=9492421, elapsed_secs=15401, mean=0.503826, stdev=0.081361, best fit=0.700600, best_overall=0.700600, mean_diversity=0.235136,
indivs=9502437, elapsed_secs=15420, mean=0.551202, stdev=0.071113, best fit=0.700600, best_overall=0.700600, mean_diversity=0.166696,
indivs=9512578, elapsed_secs=15434, mean=0.572480, stdev=0.162000, best fit=0.700600, best_overall=0.700600, mean_diversity=0.141738,
indivs=9522721, elapsed_secs=15446, mean=0.587879, stdev=0.149958, best fit=0.700600, best_overall=0.700600, mean_diversity=0.155927,
indivs=9532765, elapsed_secs=15462, mean=0.605609, stdev=0.175773, best fit=0.700600, best_overall=0.700600, mean_diversity=0.068939,
indivs=9542809, elapsed_secs=15479, mean=0.480622, stdev=0.100425, best fit=0.700600, best_overall=0.700600, mean_diversity=0.107382,
indivs=9552838, elapsed_secs=15493, mean=0.533674, stdev=0.110614, best fit=0.700600, best_overall=0.700600, mean_diversity=0.333333,
indivs=9562915, elapsed_secs=15506, mean=0.580612, stdev=0.210169, best fit=0.700600, best_overall=0.700600, mean_diversity=0.041605,
indivs=9572952, elapsed_secs=15524, mean=0.514792, stdev=0.119545, best fit=0.700600, best_overall=0.700600, mean_diversity=0.403020,
indivs=9583074, elapsed_secs=15538, mean=0.528646, stdev=0.134654, best fit=0.700600, best_overall=0.700600, mean_diversity=0.321166,
indivs=9593153, elapsed_secs=15551, mean=0.548204, stdev=0.143501, best fit=0.700600, best_overall=0.700600, mean_diversity=0.196039,
indivs=9603180, elapsed_secs=15566, mean=0.533901, stdev=0.118627, best fit=0.700600, best_overall=0.700600, mean_diversity=0.219720,
indivs=9613328, elapsed_secs=15581, mean=0.601057, stdev=0.159734, best fit=0.700600, best_overall=0.700600, mean_diversity=0.255423,
indivs=9623331, elapsed_secs=15597, mean=0.610949, stdev=0.137155, best fit=0.700600, best_overall=0.700600, mean_diversity=0.098130,
indivs=9633387, elapsed_secs=15616, mean=0.565779, stdev=0.165440, best fit=0.700600, best_overall=0.700600, mean_diversity=0.196901,
indivs=9643462, elapsed_secs=15631, mean=0.590185, stdev=0.144327, best fit=0.700600, best_overall=0.700600, mean_diversity=0.122897,
indivs=9653558, elapsed_secs=15643, mean=0.579536, stdev=0.210274, best fit=0.700600, best_overall=0.700600, mean_diversity=0.112336,
indivs=9663659, elapsed_secs=15658, mean=0.610546, stdev=0.161108, best fit=0.700600, best_overall=0.700600, mean_diversity=0.195091,
indivs=9673771, elapsed_secs=15674, mean=0.500724, stdev=0.178580, best fit=0.700600, best_overall=0.700600, mean_diversity=0.213681,
indivs=9683792, elapsed_secs=15688, mean=0.557126, stdev=0.150019, best fit=0.700600, best_overall=0.700600, mean_diversity=0.195580,
indivs=9693847, elapsed_secs=15703, mean=0.523612, stdev=0.063476, best fit=0.700600, best_overall=0.700600, mean_diversity=0.180465,
indivs=9703874, elapsed_secs=15720, mean=0.515548, stdev=0.057652, best fit=0.700600, best_overall=0.700600, mean_diversity=0.155062,
indivs=9713906, elapsed_secs=15735, mean=0.570131, stdev=0.117251, best fit=0.700600, best_overall=0.700600, mean_diversity=0.074088,
indivs=9723961, elapsed_secs=15748, mean=0.558712, stdev=0.106685, best fit=0.700600, best_overall=0.700600, mean_diversity=0.340563,
indivs=9733992, elapsed_secs=15762, mean=0.560624, stdev=0.164559, best fit=0.700600, best_overall=0.700600, mean_diversity=0.151364,
indivs=9744151, elapsed_secs=15778, mean=0.597971, stdev=0.161809, best fit=0.700600, best_overall=0.700600, mean_diversity=0.102181,
indivs=9754199, elapsed_secs=15796, mean=0.517284, stdev=0.161876, best fit=0.700600, best_overall=0.700600, mean_diversity=0.331554,
indivs=9764291, elapsed_secs=15809, mean=0.502151, stdev=0.019997, best fit=0.700600, best_overall=0.700600, mean_diversity=0.049368,
indivs=9774322, elapsed_secs=15823, mean=0.596352, stdev=0.151284, best fit=0.700600, best_overall=0.700600, mean_diversity=0.094738,
indivs=9784326, elapsed_secs=15838, mean=0.509617, stdev=0.090911, best fit=0.700600, best_overall=0.700600, mean_diversity=0.219424,
indivs=9794329, elapsed_secs=15853, mean=0.545871, stdev=0.227830, best fit=0.700600, best_overall=0.700600, mean_diversity=0.045354,
indivs=9804370, elapsed_secs=15868, mean=0.550438, stdev=0.200591, best fit=0.700600, best_overall=0.700600, mean_diversity=0.087911,
indivs=9814540, elapsed_secs=15882, mean=0.602303, stdev=0.163374, best fit=0.700600, best_overall=0.700600, mean_diversity=0.324958,
indivs=9824655, elapsed_secs=15895, mean=0.595171, stdev=0.184477, best fit=0.700600, best_overall=0.700600, mean_diversity=0.160923,
indivs=9834687, elapsed_secs=15910, mean=0.492088, stdev=0.162453, best fit=0.700600, best_overall=0.700600, mean_diversity=0.492899,
indivs=9844805, elapsed_secs=15926, mean=0.565708, stdev=0.171756, best fit=0.700600, best_overall=0.700600, mean_diversity=0.152335,
indivs=9854870, elapsed_secs=15940, mean=0.594032, stdev=0.110193, best fit=0.700600, best_overall=0.700600, mean_diversity=0.128213,
indivs=9864987, elapsed_secs=15952, mean=0.583307, stdev=0.175047, best fit=0.700600, best_overall=0.700600, mean_diversity=0.214577,
indivs=9875010, elapsed_secs=15964, mean=0.591744, stdev=0.142950, best fit=0.700600, best_overall=0.700600, mean_diversity=0.202481,
indivs=9885010, elapsed_secs=15980, mean=0.531131, stdev=0.171308, best fit=0.700600, best_overall=0.700600, mean_diversity=0.122683,
indivs=9895089, elapsed_secs=15994, mean=0.545303, stdev=0.153428, best fit=0.700600, best_overall=0.700600, mean_diversity=0.151995,
indivs=9905092, elapsed_secs=16009, mean=0.523407, stdev=0.205365, best fit=0.700600, best_overall=0.700600, mean_diversity=0.104641,
indivs=9915139, elapsed_secs=16023, mean=0.600178, stdev=0.198810, best fit=0.700600, best_overall=0.700600, mean_diversity=0.040146,
indivs=9925257, elapsed_secs=16036, mean=0.568525, stdev=0.114711, best fit=0.700600, best_overall=0.700600, mean_diversity=0.229825,
indivs=9935376, elapsed_secs=16052, mean=0.570895, stdev=0.122067, best fit=0.700600, best_overall=0.700600, mean_diversity=0.143064,
indivs=9945470, elapsed_secs=16069, mean=0.583866, stdev=0.170618, best fit=0.700600, best_overall=0.700600, mean_diversity=0.185840,
indivs=9955591, elapsed_secs=16083, mean=0.583562, stdev=0.129958, best fit=0.700600, best_overall=0.700600, mean_diversity=0.112200,
indivs=9965628, elapsed_secs=16099, mean=0.575845, stdev=0.128158, best fit=0.700600, best_overall=0.700600, mean_diversity=0.171756,
indivs=9975635, elapsed_secs=16114, mean=0.600311, stdev=0.153880, best fit=0.700600, best_overall=0.700600, mean_diversity=0.162264,
indivs=9985758, elapsed_secs=16125, mean=0.565558, stdev=0.150159, best fit=0.700600, best_overall=0.700600, mean_diversity=0.273664,
indivs=9995762, elapsed_secs=16140, mean=0.551967, stdev=0.205424, best fit=0.700600, best_overall=0.700600, mean_diversity=0.104804,
indivs=10005820, elapsed_secs=16157, mean=0.545300, stdev=0.197438, best fit=0.700600, best_overall=0.700600, mean_diversity=0.211468,
indivs=10015974, elapsed_secs=16173, mean=0.599498, stdev=0.171817, best fit=0.700600, best_overall=0.700600, mean_diversity=0.122524,
indivs=10026094, elapsed_secs=16191, mean=0.580945, stdev=0.200534, best fit=0.700600, best_overall=0.700600, mean_diversity=0.088447,
indivs=10036143, elapsed_secs=16206, mean=0.499584, stdev=0.022527, best fit=0.700600, best_overall=0.700600, mean_diversity=0.069592,
indivs=10046237, elapsed_secs=16219, mean=0.493067, stdev=0.172862, best fit=0.700600, best_overall=0.700600, mean_diversity=0.279582,
indivs=10056340, elapsed_secs=16232, mean=0.506533, stdev=0.098725, best fit=0.700600, best_overall=0.700600, mean_diversity=0.222992,
indivs=10066447, elapsed_secs=16249, mean=0.537316, stdev=0.209527, best fit=0.700600, best_overall=0.700600, mean_diversity=0.078374,
indivs=10076469, elapsed_secs=16266, mean=0.557587, stdev=0.120096, best fit=0.700600, best_overall=0.700600, mean_diversity=0.136005,
indivs=10086566, elapsed_secs=16280, mean=0.532503, stdev=0.102747, best fit=0.700600, best_overall=0.700600, mean_diversity=0.442356,
indivs=10096593, elapsed_secs=16294, mean=0.569387, stdev=0.122833, best fit=0.700600, best_overall=0.700600, mean_diversity=0.307612,
indivs=10106692, elapsed_secs=16308, mean=0.503540, stdev=0.070211, best fit=0.700600, best_overall=0.700600, mean_diversity=0.217400,
indivs=10116713, elapsed_secs=16322, mean=0.492836, stdev=0.066300, best fit=0.700600, best_overall=0.700600, mean_diversity=0.151938,
indivs=10126758, elapsed_secs=16335, mean=0.571430, stdev=0.140287, best fit=0.700600, best_overall=0.700600, mean_diversity=0.313555,
indivs=10136788, elapsed_secs=16352, mean=0.577721, stdev=0.139602, best fit=0.700600, best_overall=0.700600, mean_diversity=0.211282,
indivs=10146796, elapsed_secs=16369, mean=0.512751, stdev=0.035511, best fit=0.700600, best_overall=0.700600, mean_diversity=0.165600,
indivs=10156853, elapsed_secs=16385, mean=0.520745, stdev=0.189399, best fit=0.700600, best_overall=0.700600, mean_diversity=0.397778,
indivs=10166929, elapsed_secs=16400, mean=0.558609, stdev=0.143377, best fit=0.700600, best_overall=0.700600, mean_diversity=0.118080,
indivs=10176987, elapsed_secs=16414, mean=0.541013, stdev=0.173741, best fit=0.700600, best_overall=0.700600, mean_diversity=0.106901,
indivs=10187074, elapsed_secs=16429, mean=0.497006, stdev=0.053791, best fit=0.700600, best_overall=0.700600, mean_diversity=0.072040,
indivs=10197088, elapsed_secs=16448, mean=0.575362, stdev=0.185744, best fit=0.700600, best_overall=0.700600, mean_diversity=0.200112,
indivs=10207102, elapsed_secs=16464, mean=0.623384, stdev=0.124833, best fit=0.700600, best_overall=0.700600, mean_diversity=0.152637,
indivs=10217196, elapsed_secs=16478, mean=0.504442, stdev=0.181004, best fit=0.700600, best_overall=0.700600, mean_diversity=0.453853,
indivs=10227284, elapsed_secs=16490, mean=0.544339, stdev=0.192747, best fit=0.700600, best_overall=0.700600, mean_diversity=0.316763,
indivs=10237306, elapsed_secs=16506, mean=0.585193, stdev=0.136545, best fit=0.700600, best_overall=0.700600, mean_diversity=0.040758,
indivs=10247450, elapsed_secs=16522, mean=0.558983, stdev=0.216023, best fit=0.700600, best_overall=0.700600, mean_diversity=0.085695,
indivs=10257503, elapsed_secs=16539, mean=0.589645, stdev=0.122045, best fit=0.700600, best_overall=0.700600, mean_diversity=0.203430,
indivs=10267521, elapsed_secs=16553, mean=0.516942, stdev=0.147354, best fit=0.700600, best_overall=0.700600, mean_diversity=0.279973,
indivs=10277622, elapsed_secs=16569, mean=0.554934, stdev=0.145845, best fit=0.700600, best_overall=0.700600, mean_diversity=0.053796,
indivs=10287764, elapsed_secs=16586, mean=0.596674, stdev=0.181702, best fit=0.700600, best_overall=0.700600, mean_diversity=0.042604,
indivs=10297833, elapsed_secs=16602, mean=0.557249, stdev=0.108941, best fit=0.700600, best_overall=0.700600, mean_diversity=0.199662,
indivs=10307886, elapsed_secs=16616, mean=0.568139, stdev=0.151086, best fit=0.700600, best_overall=0.700600, mean_diversity=0.205335,
indivs=10317927, elapsed_secs=16631, mean=0.541107, stdev=0.170931, best fit=0.700600, best_overall=0.700600, mean_diversity=0.204595,
indivs=10327992, elapsed_secs=16643, mean=0.527247, stdev=0.123509, best fit=0.700600, best_overall=0.700600, mean_diversity=0.289677,
indivs=10337993, elapsed_secs=16660, mean=0.519170, stdev=0.132194, best fit=0.700600, best_overall=0.700600, mean_diversity=0.354691,
indivs=10348080, elapsed_secs=16675, mean=0.575779, stdev=0.225048, best fit=0.700600, best_overall=0.700600, mean_diversity=0.037515,
indivs=10358116, elapsed_secs=16690, mean=0.566174, stdev=0.194565, best fit=0.700600, best_overall=0.700600, mean_diversity=0.176321,
indivs=10368143, elapsed_secs=16704, mean=0.517534, stdev=0.112413, best fit=0.700600, best_overall=0.700600, mean_diversity=0.289748,
indivs=10378267, elapsed_secs=16720, mean=0.576489, stdev=0.216320, best fit=0.700600, best_overall=0.700600, mean_diversity=0.127516,
indivs=10388383, elapsed_secs=16734, mean=0.498684, stdev=0.126098, best fit=0.700600, best_overall=0.700600, mean_diversity=0.237440,
indivs=10398498, elapsed_secs=16748, mean=0.505803, stdev=0.156350, best fit=0.700600, best_overall=0.700600, mean_diversity=0.148268,
indivs=10408629, elapsed_secs=16762, mean=0.564735, stdev=0.174778, best fit=0.700600, best_overall=0.700600, mean_diversity=0.212257,
indivs=10418713, elapsed_secs=16776, mean=0.541351, stdev=0.173525, best fit=0.700600, best_overall=0.700600, mean_diversity=0.077229,
indivs=10428751, elapsed_secs=16794, mean=0.454004, stdev=0.160557, best fit=0.700600, best_overall=0.700600, mean_diversity=0.221040,
indivs=10438860, elapsed_secs=16809, mean=0.587323, stdev=0.153974, best fit=0.700600, best_overall=0.700600, mean_diversity=0.132110,
indivs=10448919, elapsed_secs=16824, mean=0.573245, stdev=0.172516, best fit=0.700600, best_overall=0.700600, mean_diversity=0.128571,
indivs=10458962, elapsed_secs=16836, mean=0.575325, stdev=0.145839, best fit=0.700600, best_overall=0.700600, mean_diversity=0.072080,
indivs=10469068, elapsed_secs=16853, mean=0.513401, stdev=0.158704, best fit=0.700600, best_overall=0.700600, mean_diversity=0.286951,
indivs=10479194, elapsed_secs=16866, mean=0.508475, stdev=0.192735, best fit=0.700600, best_overall=0.700600, mean_diversity=0.122788,
indivs=10489282, elapsed_secs=16880, mean=0.476186, stdev=0.117418, best fit=0.700600, best_overall=0.700600, mean_diversity=0.194263,
indivs=10499387, elapsed_secs=16896, mean=0.504260, stdev=0.132698, best fit=0.700600, best_overall=0.700600, mean_diversity=0.240440,
indivs=10509481, elapsed_secs=16909, mean=0.526730, stdev=0.207599, best fit=0.700600, best_overall=0.700600, mean_diversity=0.310490,
indivs=10519483, elapsed_secs=16925, mean=0.526206, stdev=0.104028, best fit=0.700600, best_overall=0.700600, mean_diversity=0.255745,
indivs=10529603, elapsed_secs=16939, mean=0.523052, stdev=0.187719, best fit=0.700600, best_overall=0.700600, mean_diversity=0.183462,
indivs=10539635, elapsed_secs=16954, mean=0.603032, stdev=0.154626, best fit=0.700600, best_overall=0.700600, mean_diversity=0.244735,
indivs=10549700, elapsed_secs=16969, mean=0.540287, stdev=0.079866, best fit=0.700600, best_overall=0.700600, mean_diversity=0.227785,
indivs=10559733, elapsed_secs=16985, mean=0.593122, stdev=0.194562, best fit=0.700600, best_overall=0.700600, mean_diversity=0.076281,
indivs=10569750, elapsed_secs=16999, mean=0.557119, stdev=0.140405, best fit=0.700600, best_overall=0.700600, mean_diversity=0.207829,
indivs=10579833, elapsed_secs=17014, mean=0.529722, stdev=0.079512, best fit=0.700600, best_overall=0.700600, mean_diversity=0.287085,
indivs=10589879, elapsed_secs=17026, mean=0.487154, stdev=0.198504, best fit=0.700600, best_overall=0.700600, mean_diversity=0.321215,
indivs=10599897, elapsed_secs=17041, mean=0.575647, stdev=0.164683, best fit=0.700600, best_overall=0.700600, mean_diversity=0.189825,
indivs=10609900, elapsed_secs=17057, mean=0.578569, stdev=0.097821, best fit=0.700600, best_overall=0.700600, mean_diversity=0.220821,
indivs=10619950, elapsed_secs=17071, mean=0.509408, stdev=0.168654, best fit=0.700600, best_overall=0.700600, mean_diversity=0.259686,
indivs=10629987, elapsed_secs=17087, mean=0.481574, stdev=0.148738, best fit=0.700600, best_overall=0.700600, mean_diversity=0.496878,
indivs=10640012, elapsed_secs=17101, mean=0.603084, stdev=0.186199, best fit=0.700600, best_overall=0.700600, mean_diversity=0.052302,
indivs=10650038, elapsed_secs=17115, mean=0.585349, stdev=0.219282, best fit=0.700600, best_overall=0.700600, mean_diversity=0.045575,
indivs=10660091, elapsed_secs=17129, mean=0.500885, stdev=0.209441, best fit=0.700600, best_overall=0.700600, mean_diversity=0.194509,
indivs=10670178, elapsed_secs=17143, mean=0.501784, stdev=0.020022, best fit=0.700600, best_overall=0.700600, mean_diversity=0.069301,
indivs=10680244, elapsed_secs=17159, mean=0.491126, stdev=0.078706, best fit=0.700600, best_overall=0.700600, mean_diversity=0.265810,
indivs=10690354, elapsed_secs=17176, mean=0.525335, stdev=0.123622, best fit=0.700600, best_overall=0.700600, mean_diversity=0.476520,
indivs=10700471, elapsed_secs=17190, mean=0.553780, stdev=0.214041, best fit=0.700600, best_overall=0.700600, mean_diversity=0.075689,
indivs=10710484, elapsed_secs=17207, mean=0.549876, stdev=0.206782, best fit=0.700600, best_overall=0.700600, mean_diversity=0.041853,
indivs=10720591, elapsed_secs=17220, mean=0.578949, stdev=0.150157, best fit=0.700600, best_overall=0.700600, mean_diversity=0.181959,
indivs=10730692, elapsed_secs=17235, mean=0.490387, stdev=0.125601, best fit=0.700600, best_overall=0.700600, mean_diversity=0.284867,
indivs=10740780, elapsed_secs=17251, mean=0.506747, stdev=0.030324, best fit=0.700600, best_overall=0.700600, mean_diversity=0.113048,
indivs=10750790, elapsed_secs=17264, mean=0.494517, stdev=0.090493, best fit=0.700600, best_overall=0.700600, mean_diversity=0.218541,
indivs=10760860, elapsed_secs=17277, mean=0.541189, stdev=0.112233, best fit=0.700600, best_overall=0.700600, mean_diversity=0.066733,
indivs=10770883, elapsed_secs=17293, mean=0.489065, stdev=0.081919, best fit=0.700600, best_overall=0.700600, mean_diversity=0.141450,
indivs=10780896, elapsed_secs=17307, mean=0.597083, stdev=0.174861, best fit=0.700600, best_overall=0.700600, mean_diversity=0.098706,
indivs=10790952, elapsed_secs=17321, mean=0.610588, stdev=0.122971, best fit=0.700600, best_overall=0.700600, mean_diversity=0.149710,
indivs=10801067, elapsed_secs=17338, mean=0.558815, stdev=0.169307, best fit=0.701000, best_overall=0.701000, mean_diversity=0.163370,
indivs=10811078, elapsed_secs=17355, mean=0.585576, stdev=0.124520, best fit=0.701000, best_overall=0.701000, mean_diversity=0.366965,
indivs=10821103, elapsed_secs=17370, mean=0.517797, stdev=0.056607, best fit=0.701000, best_overall=0.701000, mean_diversity=0.151594,
indivs=10831153, elapsed_secs=17387, mean=0.573526, stdev=0.059652, best fit=0.701000, best_overall=0.701000, mean_diversity=0.109083,
indivs=10841156, elapsed_secs=17403, mean=0.498542, stdev=0.056005, best fit=0.701000, best_overall=0.701000, mean_diversity=0.103952,
indivs=10851213, elapsed_secs=17422, mean=0.618656, stdev=0.152735, best fit=0.701000, best_overall=0.701000, mean_diversity=0.075771,
indivs=10861293, elapsed_secs=17436, mean=0.484903, stdev=0.101115, best fit=0.701000, best_overall=0.701000, mean_diversity=0.368902,
indivs=10871419, elapsed_secs=17453, mean=0.513427, stdev=0.154773, best fit=0.701000, best_overall=0.701000, mean_diversity=0.224132,
indivs=10881425, elapsed_secs=17470, mean=0.540014, stdev=0.113704, best fit=0.701000, best_overall=0.701000, mean_diversity=0.364491,
indivs=10891541, elapsed_secs=17485, mean=0.604588, stdev=0.094852, best fit=0.701000, best_overall=0.701000, mean_diversity=0.178552,
indivs=10901584, elapsed_secs=17500, mean=0.539604, stdev=0.190348, best fit=0.701000, best_overall=0.701000, mean_diversity=0.112000,
indivs=10911649, elapsed_secs=17514, mean=0.532231, stdev=0.121154, best fit=0.701000, best_overall=0.701000, mean_diversity=0.340512,
indivs=10921686, elapsed_secs=17532, mean=0.513744, stdev=0.256305, best fit=0.701000, best_overall=0.701000, mean_diversity=0.088977,
indivs=10931733, elapsed_secs=17548, mean=0.504134, stdev=0.156177, best fit=0.701000, best_overall=0.701000, mean_diversity=0.481031,
indivs=10941751, elapsed_secs=17567, mean=0.526748, stdev=0.135781, best fit=0.701000, best_overall=0.701000, mean_diversity=0.261737,
indivs=10951819, elapsed_secs=17583, mean=0.521094, stdev=0.136066, best fit=0.701000, best_overall=0.701000, mean_diversity=0.374252,
indivs=10961888, elapsed_secs=17600, mean=0.568767, stdev=0.216457, best fit=0.701000, best_overall=0.701000, mean_diversity=0.228449,
indivs=10971903, elapsed_secs=17619, mean=0.507032, stdev=0.148432, best fit=0.701000, best_overall=0.701000, mean_diversity=0.274301,
indivs=10981977, elapsed_secs=17634, mean=0.532801, stdev=0.096892, best fit=0.701000, best_overall=0.701000, mean_diversity=0.273846,
indivs=10992005, elapsed_secs=17650, mean=0.557941, stdev=0.145587, best fit=0.701000, best_overall=0.701000, mean_diversity=0.291507,
indivs=11002099, elapsed_secs=17665, mean=0.497490, stdev=0.056126, best fit=0.701000, best_overall=0.701000, mean_diversity=0.137538,
indivs=11012147, elapsed_secs=17681, mean=0.539857, stdev=0.104444, best fit=0.701000, best_overall=0.701000, mean_diversity=0.143545,
indivs=11022161, elapsed_secs=17697, mean=0.547903, stdev=0.146945, best fit=0.701000, best_overall=0.701000, mean_diversity=0.276566,
indivs=11032265, elapsed_secs=17713, mean=0.554418, stdev=0.176916, best fit=0.701000, best_overall=0.701000, mean_diversity=0.109914,
indivs=11042298, elapsed_secs=17729, mean=0.544295, stdev=0.164246, best fit=0.701000, best_overall=0.701000, mean_diversity=0.173026,
indivs=11052356, elapsed_secs=17747, mean=0.517220, stdev=0.088150, best fit=0.701000, best_overall=0.701000, mean_diversity=0.305373,
indivs=11062454, elapsed_secs=17764, mean=0.556150, stdev=0.133945, best fit=0.701000, best_overall=0.701000, mean_diversity=0.262537,
indivs=11072550, elapsed_secs=17780, mean=0.462002, stdev=0.188205, best fit=0.701000, best_overall=0.701000, mean_diversity=0.072498,
indivs=11082582, elapsed_secs=17799, mean=0.514836, stdev=0.129477, best fit=0.701000, best_overall=0.701000, mean_diversity=0.357697,
indivs=11092593, elapsed_secs=17815, mean=0.529827, stdev=0.141386, best fit=0.701000, best_overall=0.701000, mean_diversity=0.270821,
indivs=11102663, elapsed_secs=17831, mean=0.533499, stdev=0.137771, best fit=0.701000, best_overall=0.701000, mean_diversity=0.384138,
indivs=11112689, elapsed_secs=17845, mean=0.494802, stdev=0.095810, best fit=0.701000, best_overall=0.701000, mean_diversity=0.127529,
indivs=11122744, elapsed_secs=17862, mean=0.572098, stdev=0.122454, best fit=0.701000, best_overall=0.701000, mean_diversity=0.095166,
indivs=11132795, elapsed_secs=17879, mean=0.461872, stdev=0.144070, best fit=0.701000, best_overall=0.701000, mean_diversity=0.089085,
indivs=11142838, elapsed_secs=17896, mean=0.558383, stdev=0.194056, best fit=0.701000, best_overall=0.701000, mean_diversity=0.121203,
indivs=11152883, elapsed_secs=17914, mean=0.519754, stdev=0.163335, best fit=0.701000, best_overall=0.701000, mean_diversity=0.332081,
indivs=11163039, elapsed_secs=17928, mean=0.632586, stdev=0.139374, best fit=0.701000, best_overall=0.701000, mean_diversity=0.233436,
indivs=11173147, elapsed_secs=17945, mean=0.508732, stdev=0.184261, best fit=0.701000, best_overall=0.701000, mean_diversity=0.165845,
indivs=11183297, elapsed_secs=17964, mean=0.542326, stdev=0.175920, best fit=0.701000, best_overall=0.701000, mean_diversity=0.174376,
indivs=11193302, elapsed_secs=17981, mean=0.554010, stdev=0.126451, best fit=0.701000, best_overall=0.701000, mean_diversity=0.339619,
indivs=11203375, elapsed_secs=17996, mean=0.519363, stdev=0.151991, best fit=0.701000, best_overall=0.701000, mean_diversity=0.268093,
indivs=11213554, elapsed_secs=18010, mean=0.623124, stdev=0.172726, best fit=0.701000, best_overall=0.701000, mean_diversity=0.023176,
indivs=11223677, elapsed_secs=18029, mean=0.582917, stdev=0.136703, best fit=0.701000, best_overall=0.701000, mean_diversity=0.185489,
indivs=11233689, elapsed_secs=18045, mean=0.562809, stdev=0.167160, best fit=0.701000, best_overall=0.701000, mean_diversity=0.275971,
indivs=11243719, elapsed_secs=18062, mean=0.554604, stdev=0.162953, best fit=0.701000, best_overall=0.701000, mean_diversity=0.305500,
indivs=11253848, elapsed_secs=18080, mean=0.597411, stdev=0.152611, best fit=0.701000, best_overall=0.701000, mean_diversity=0.057192,
indivs=11263928, elapsed_secs=18098, mean=0.517285, stdev=0.146309, best fit=0.701000, best_overall=0.701000, mean_diversity=0.205870,
indivs=11273938, elapsed_secs=18114, mean=0.521036, stdev=0.107212, best fit=0.701000, best_overall=0.701000, mean_diversity=0.193566,
indivs=11283975, elapsed_secs=18129, mean=0.577244, stdev=0.152648, best fit=0.701000, best_overall=0.701000, mean_diversity=0.219962,
indivs=11294088, elapsed_secs=18146, mean=0.498028, stdev=0.126296, best fit=0.701000, best_overall=0.701000, mean_diversity=0.278727,
indivs=11304166, elapsed_secs=18161, mean=0.499879, stdev=0.131526, best fit=0.701000, best_overall=0.701000, mean_diversity=0.299296,
indivs=11314169, elapsed_secs=18177, mean=0.588744, stdev=0.148586, best fit=0.701000, best_overall=0.701000, mean_diversity=0.125017,
indivs=11324245, elapsed_secs=18195, mean=0.517754, stdev=0.116580, best fit=0.701000, best_overall=0.701000, mean_diversity=0.345649,
indivs=11334311, elapsed_secs=18211, mean=0.575904, stdev=0.155557, best fit=0.701000, best_overall=0.701000, mean_diversity=0.375470,
indivs=11344351, elapsed_secs=18228, mean=0.611439, stdev=0.120612, best fit=0.701000, best_overall=0.701000, mean_diversity=0.028950,
indivs=11354418, elapsed_secs=18242, mean=0.539186, stdev=0.177151, best fit=0.701000, best_overall=0.701000, mean_diversity=0.166111,
indivs=11364489, elapsed_secs=18259, mean=0.499686, stdev=0.109381, best fit=0.701000, best_overall=0.701000, mean_diversity=0.190215,
indivs=11374644, elapsed_secs=18276, mean=0.572004, stdev=0.067768, best fit=0.701000, best_overall=0.701000, mean_diversity=0.176940,
indivs=11384753, elapsed_secs=18292, mean=0.553014, stdev=0.152345, best fit=0.701000, best_overall=0.701000, mean_diversity=0.366923,
indivs=11394809, elapsed_secs=18307, mean=0.493367, stdev=0.027841, best fit=0.701000, best_overall=0.701000, mean_diversity=0.212400,
indivs=11404884, elapsed_secs=18322, mean=0.609559, stdev=0.128266, best fit=0.701000, best_overall=0.701000, mean_diversity=0.256546,
indivs=11414981, elapsed_secs=18338, mean=0.623618, stdev=0.149323, best fit=0.701000, best_overall=0.701000, mean_diversity=0.047811,
indivs=11424991, elapsed_secs=18355, mean=0.527743, stdev=0.171917, best fit=0.701000, best_overall=0.701000, mean_diversity=0.213074,
indivs=11435064, elapsed_secs=18369, mean=0.616120, stdev=0.153221, best fit=0.701000, best_overall=0.701000, mean_diversity=0.080994,
indivs=11445090, elapsed_secs=18386, mean=0.533437, stdev=0.114919, best fit=0.701000, best_overall=0.701000, mean_diversity=0.277460,
indivs=11455094, elapsed_secs=18403, mean=0.553803, stdev=0.222313, best fit=0.701000, best_overall=0.701000, mean_diversity=0.044439,
indivs=11465116, elapsed_secs=18418, mean=0.481733, stdev=0.093614, best fit=0.701000, best_overall=0.701000, mean_diversity=0.187120,
indivs=11475192, elapsed_secs=18435, mean=0.550518, stdev=0.126531, best fit=0.701000, best_overall=0.701000, mean_diversity=0.313623,
indivs=11485226, elapsed_secs=18451, mean=0.557626, stdev=0.178882, best fit=0.701000, best_overall=0.701000, mean_diversity=0.082847,
indivs=11495289, elapsed_secs=18470, mean=0.575357, stdev=0.190103, best fit=0.701000, best_overall=0.701000, mean_diversity=0.075994,
indivs=11505349, elapsed_secs=18488, mean=0.594099, stdev=0.164298, best fit=0.701000, best_overall=0.701000, mean_diversity=0.130425,
indivs=11515349, elapsed_secs=18504, mean=0.528216, stdev=0.090287, best fit=0.701000, best_overall=0.701000, mean_diversity=0.269432,
indivs=11525476, elapsed_secs=18521, mean=0.461737, stdev=0.170262, best fit=0.701000, best_overall=0.701000, mean_diversity=0.055579,
indivs=11535521, elapsed_secs=18540, mean=0.570090, stdev=0.109391, best fit=0.701000, best_overall=0.701000, mean_diversity=0.130723,
indivs=11545522, elapsed_secs=18556, mean=0.526793, stdev=0.163191, best fit=0.701000, best_overall=0.701000, mean_diversity=0.068333,
indivs=11555604, elapsed_secs=18572, mean=0.484444, stdev=0.120785, best fit=0.701000, best_overall=0.701000, mean_diversity=0.211073,
indivs=11565751, elapsed_secs=18588, mean=0.619257, stdev=0.121847, best fit=0.701000, best_overall=0.701000, mean_diversity=0.074169,
indivs=11575773, elapsed_secs=18604, mean=0.504308, stdev=0.024087, best fit=0.701000, best_overall=0.701000, mean_diversity=0.118884,
indivs=11585797, elapsed_secs=18618, mean=0.567771, stdev=0.145267, best fit=0.701000, best_overall=0.701000, mean_diversity=0.274974,
indivs=11595891, elapsed_secs=18634, mean=0.485103, stdev=0.183657, best fit=0.701000, best_overall=0.701000, mean_diversity=0.246857,
indivs=11605891, elapsed_secs=18650, mean=0.582157, stdev=0.118311, best fit=0.701000, best_overall=0.701000, mean_diversity=0.147710,
indivs=11615943, elapsed_secs=18664, mean=0.543523, stdev=0.212013, best fit=0.701000, best_overall=0.701000, mean_diversity=0.064296,
indivs=11626073, elapsed_secs=18682, mean=0.559882, stdev=0.156298, best fit=0.701000, best_overall=0.701000, mean_diversity=0.102268,
indivs=11636211, elapsed_secs=18699, mean=0.548336, stdev=0.140146, best fit=0.701000, best_overall=0.701000, mean_diversity=0.343015,
indivs=11646218, elapsed_secs=18717, mean=0.509049, stdev=0.082150, best fit=0.701000, best_overall=0.701000, mean_diversity=0.272360,
indivs=11656265, elapsed_secs=18733, mean=0.472837, stdev=0.182081, best fit=0.701000, best_overall=0.701000, mean_diversity=0.225962,
indivs=11666372, elapsed_secs=18749, mean=0.500307, stdev=0.215720, best fit=0.701000, best_overall=0.701000, mean_diversity=0.074162,
indivs=11676508, elapsed_secs=18765, mean=0.572385, stdev=0.192920, best fit=0.701000, best_overall=0.701000, mean_diversity=0.208069,
indivs=11686565, elapsed_secs=18781, mean=0.575700, stdev=0.096492, best fit=0.701000, best_overall=0.701000, mean_diversity=0.167323,
indivs=11696675, elapsed_secs=18797, mean=0.552201, stdev=0.130883, best fit=0.701000, best_overall=0.701000, mean_diversity=0.245095,
indivs=11706742, elapsed_secs=18816, mean=0.527939, stdev=0.188776, best fit=0.701000, best_overall=0.701000, mean_diversity=0.258551,
indivs=11716772, elapsed_secs=18832, mean=0.550854, stdev=0.168200, best fit=0.701000, best_overall=0.701000, mean_diversity=0.190263,
indivs=11726807, elapsed_secs=18848, mean=0.529200, stdev=0.165852, best fit=0.701000, best_overall=0.701000, mean_diversity=0.394786,
indivs=11736918, elapsed_secs=18864, mean=0.528091, stdev=0.158132, best fit=0.701000, best_overall=0.701000, mean_diversity=0.257095,
indivs=11747000, elapsed_secs=18879, mean=0.473394, stdev=0.127432, best fit=0.701000, best_overall=0.701000, mean_diversity=0.215101,
indivs=11757114, elapsed_secs=18899, mean=0.542021, stdev=0.107407, best fit=0.701000, best_overall=0.701000, mean_diversity=0.399854,
indivs=11767195, elapsed_secs=18914, mean=0.434758, stdev=0.217213, best fit=0.701000, best_overall=0.701000, mean_diversity=0.202166,
indivs=11777232, elapsed_secs=18929, mean=0.606993, stdev=0.156016, best fit=0.701000, best_overall=0.701000, mean_diversity=0.170324,
indivs=11787369, elapsed_secs=18944, mean=0.568506, stdev=0.109249, best fit=0.701000, best_overall=0.701000, mean_diversity=0.204791,
indivs=11797425, elapsed_secs=18960, mean=0.536375, stdev=0.163918, best fit=0.701000, best_overall=0.701000, mean_diversity=0.244127,
indivs=11807480, elapsed_secs=18977, mean=0.545638, stdev=0.081053, best fit=0.701000, best_overall=0.701000, mean_diversity=0.244739,
indivs=11817546, elapsed_secs=18994, mean=0.513568, stdev=0.138839, best fit=0.701000, best_overall=0.701000, mean_diversity=0.125187,
indivs=11827647, elapsed_secs=19011, mean=0.508309, stdev=0.108128, best fit=0.701000, best_overall=0.701000, mean_diversity=0.239500,
indivs=11837726, elapsed_secs=19025, mean=0.529770, stdev=0.168429, best fit=0.701000, best_overall=0.701000, mean_diversity=0.107795,
indivs=11847839, elapsed_secs=19041, mean=0.532620, stdev=0.120333, best fit=0.701000, best_overall=0.701000, mean_diversity=0.180736,
indivs=11857956, elapsed_secs=19056, mean=0.516373, stdev=0.115499, best fit=0.701000, best_overall=0.701000, mean_diversity=0.338640,
indivs=11867981, elapsed_secs=19075, mean=0.610179, stdev=0.158183, best fit=0.701000, best_overall=0.701000, mean_diversity=0.150341,
indivs=11878032, elapsed_secs=19092, mean=0.591596, stdev=0.138008, best fit=0.701000, best_overall=0.701000, mean_diversity=0.195023,
indivs=11888039, elapsed_secs=19108, mean=0.577645, stdev=0.142099, best fit=0.701000, best_overall=0.701000, mean_diversity=0.113748,
indivs=11898120, elapsed_secs=19126, mean=0.479755, stdev=0.079481, best fit=0.701000, best_overall=0.701000, mean_diversity=0.119450,
indivs=11908176, elapsed_secs=19147, mean=0.558703, stdev=0.131516, best fit=0.701000, best_overall=0.701000, mean_diversity=0.200195,
indivs=11918279, elapsed_secs=19168, mean=0.533101, stdev=0.118133, best fit=0.701000, best_overall=0.701000, mean_diversity=0.269924,
indivs=11928306, elapsed_secs=19185, mean=0.486925, stdev=0.038076, best fit=0.701000, best_overall=0.701000, mean_diversity=0.120410,
indivs=11938332, elapsed_secs=19199, mean=0.456663, stdev=0.107649, best fit=0.701000, best_overall=0.701000, mean_diversity=0.087129,
indivs=11948361, elapsed_secs=19213, mean=0.507845, stdev=0.038437, best fit=0.701000, best_overall=0.701000, mean_diversity=0.071714,
indivs=11958387, elapsed_secs=19229, mean=0.559590, stdev=0.164891, best fit=0.701000, best_overall=0.701000, mean_diversity=0.121986,
indivs=11968395, elapsed_secs=19249, mean=0.534721, stdev=0.112529, best fit=0.701000, best_overall=0.701000, mean_diversity=0.283286,
indivs=11978529, elapsed_secs=19266, mean=0.574450, stdev=0.164732, best fit=0.701000, best_overall=0.701000, mean_diversity=0.074088,
indivs=11988626, elapsed_secs=19284, mean=0.523714, stdev=0.114004, best fit=0.701000, best_overall=0.701000, mean_diversity=0.261364,
indivs=11998641, elapsed_secs=19302, mean=0.541455, stdev=0.154255, best fit=0.701000, best_overall=0.701000, mean_diversity=0.110858,
indivs=12008795, elapsed_secs=19317, mean=0.562636, stdev=0.162109, best fit=0.701000, best_overall=0.701000, mean_diversity=0.112381,
indivs=12018916, elapsed_secs=19336, mean=0.535011, stdev=0.114847, best fit=0.701000, best_overall=0.701000, mean_diversity=0.443285,
indivs=12029006, elapsed_secs=19350, mean=0.533454, stdev=0.122396, best fit=0.701000, best_overall=0.701000, mean_diversity=0.294821,
indivs=12039011, elapsed_secs=19369, mean=0.557954, stdev=0.189770, best fit=0.701000, best_overall=0.701000, mean_diversity=0.255976,
indivs=12049055, elapsed_secs=19385, mean=0.541824, stdev=0.164493, best fit=0.701000, best_overall=0.701000, mean_diversity=0.272230,
indivs=12059105, elapsed_secs=19401, mean=0.603691, stdev=0.174881, best fit=0.701000, best_overall=0.701000, mean_diversity=0.093857,
indivs=12069193, elapsed_secs=19419, mean=0.588922, stdev=0.173735, best fit=0.701000, best_overall=0.701000, mean_diversity=0.073785,
indivs=12079261, elapsed_secs=19436, mean=0.595537, stdev=0.130256, best fit=0.701000, best_overall=0.701000, mean_diversity=0.068733,
indivs=12089369, elapsed_secs=19452, mean=0.574647, stdev=0.210804, best fit=0.701000, best_overall=0.701000, mean_diversity=0.039184,
indivs=12099502, elapsed_secs=19469, mean=0.581864, stdev=0.145845, best fit=0.701000, best_overall=0.701000, mean_diversity=0.102133,
indivs=12109655, elapsed_secs=19483, mean=0.527925, stdev=0.204752, best fit=0.701000, best_overall=0.701000, mean_diversity=0.071706,
indivs=12119696, elapsed_secs=19500, mean=0.516007, stdev=0.148502, best fit=0.701000, best_overall=0.701000, mean_diversity=0.191914,
indivs=12129777, elapsed_secs=19517, mean=0.482563, stdev=0.170929, best fit=0.701000, best_overall=0.701000, mean_diversity=0.195353,
indivs=12139806, elapsed_secs=19534, mean=0.502011, stdev=0.019999, best fit=0.701000, best_overall=0.701000, mean_diversity=0.073208,
indivs=12149903, elapsed_secs=19551, mean=0.540121, stdev=0.156026, best fit=0.701000, best_overall=0.701000, mean_diversity=0.445214,
indivs=12159957, elapsed_secs=19570, mean=0.559384, stdev=0.097679, best fit=0.701000, best_overall=0.701000, mean_diversity=0.328613,
indivs=12169990, elapsed_secs=19587, mean=0.530946, stdev=0.131461, best fit=0.701000, best_overall=0.701000, mean_diversity=0.189914,
indivs=12180094, elapsed_secs=19605, mean=0.573191, stdev=0.136296, best fit=0.701000, best_overall=0.701000, mean_diversity=0.202741,
indivs=12190205, elapsed_secs=19619, mean=0.506476, stdev=0.142655, best fit=0.701000, best_overall=0.701000, mean_diversity=0.231146,
indivs=12200255, elapsed_secs=19635, mean=0.590156, stdev=0.160598, best fit=0.701000, best_overall=0.701000, mean_diversity=0.188196,
indivs=12210298, elapsed_secs=19652, mean=0.587414, stdev=0.128311, best fit=0.701000, best_overall=0.701000, mean_diversity=0.235046,
indivs=12220372, elapsed_secs=19668, mean=0.545074, stdev=0.151200, best fit=0.701000, best_overall=0.701000, mean_diversity=0.218104,
indivs=12230500, elapsed_secs=19684, mean=0.601835, stdev=0.136649, best fit=0.701000, best_overall=0.701000, mean_diversity=0.103481,
indivs=12240536, elapsed_secs=19701, mean=0.503733, stdev=0.105613, best fit=0.701000, best_overall=0.701000, mean_diversity=0.188670,
indivs=12250575, elapsed_secs=19716, mean=0.553943, stdev=0.150071, best fit=0.701000, best_overall=0.701000, mean_diversity=0.399123,
indivs=12260742, elapsed_secs=19732, mean=0.586358, stdev=0.161870, best fit=0.701000, best_overall=0.701000, mean_diversity=0.099790,
indivs=12270748, elapsed_secs=19747, mean=0.547890, stdev=0.125319, best fit=0.701000, best_overall=0.701000, mean_diversity=0.212534,
indivs=12280769, elapsed_secs=19764, mean=0.494002, stdev=0.212106, best fit=0.701000, best_overall=0.701000, mean_diversity=0.214532,
indivs=12290774, elapsed_secs=19780, mean=0.553930, stdev=0.167292, best fit=0.701000, best_overall=0.701000, mean_diversity=0.108862,
indivs=12300826, elapsed_secs=19796, mean=0.517325, stdev=0.179549, best fit=0.701000, best_overall=0.701000, mean_diversity=0.146328,
indivs=12310942, elapsed_secs=19816, mean=0.515445, stdev=0.142813, best fit=0.701000, best_overall=0.701000, mean_diversity=0.447241,
indivs=12320975, elapsed_secs=19833, mean=0.558034, stdev=0.191622, best fit=0.701000, best_overall=0.701000, mean_diversity=0.127040,
indivs=12331002, elapsed_secs=19850, mean=0.530826, stdev=0.144080, best fit=0.701000, best_overall=0.701000, mean_diversity=0.208819,
indivs=12341153, elapsed_secs=19864, mean=0.583490, stdev=0.181315, best fit=0.701000, best_overall=0.701000, mean_diversity=0.041399,
indivs=12351245, elapsed_secs=19882, mean=0.584554, stdev=0.183919, best fit=0.701000, best_overall=0.701000, mean_diversity=0.061234,
indivs=12361343, elapsed_secs=19898, mean=0.498854, stdev=0.159257, best fit=0.701000, best_overall=0.701000, mean_diversity=0.103582,
indivs=12371452, elapsed_secs=19915, mean=0.523582, stdev=0.187608, best fit=0.701000, best_overall=0.701000, mean_diversity=0.320404,
indivs=12381482, elapsed_secs=19929, mean=0.517565, stdev=0.141754, best fit=0.701000, best_overall=0.701000, mean_diversity=0.289094,
indivs=12391599, elapsed_secs=19944, mean=0.491303, stdev=0.141259, best fit=0.701000, best_overall=0.701000, mean_diversity=0.459524,
indivs=12401702, elapsed_secs=19961, mean=0.555786, stdev=0.115219, best fit=0.701000, best_overall=0.701000, mean_diversity=0.117338,
indivs=12411799, elapsed_secs=19976, mean=0.618818, stdev=0.102573, best fit=0.701000, best_overall=0.701000, mean_diversity=0.063718,
indivs=12421835, elapsed_secs=19994, mean=0.486999, stdev=0.151851, best fit=0.701000, best_overall=0.701000, mean_diversity=0.196136,
indivs=12431846, elapsed_secs=20009, mean=0.525544, stdev=0.150346, best fit=0.701000, best_overall=0.701000, mean_diversity=0.270036,
indivs=12441945, elapsed_secs=20028, mean=0.528825, stdev=0.098925, best fit=0.701000, best_overall=0.701000, mean_diversity=0.239469,
indivs=12452042, elapsed_secs=20044, mean=0.571731, stdev=0.112297, best fit=0.701000, best_overall=0.701000, mean_diversity=0.139231,
indivs=12462151, elapsed_secs=20061, mean=0.547323, stdev=0.116004, best fit=0.701000, best_overall=0.701000, mean_diversity=0.508143,
indivs=12472241, elapsed_secs=20081, mean=0.593777, stdev=0.185452, best fit=0.701000, best_overall=0.701000, mean_diversity=0.052115,
indivs=12482330, elapsed_secs=20098, mean=0.485630, stdev=0.066179, best fit=0.701000, best_overall=0.701000, mean_diversity=0.215278,
indivs=12492416, elapsed_secs=20115, mean=0.528504, stdev=0.147706, best fit=0.701000, best_overall=0.701000, mean_diversity=0.251494,
indivs=12502468, elapsed_secs=20131, mean=0.498906, stdev=0.082821, best fit=0.701000, best_overall=0.701000, mean_diversity=0.166035,
indivs=12512495, elapsed_secs=20149, mean=0.553728, stdev=0.143480, best fit=0.701000, best_overall=0.701000, mean_diversity=0.351754,
indivs=12522623, elapsed_secs=20170, mean=0.546688, stdev=0.157547, best fit=0.701000, best_overall=0.701000, mean_diversity=0.203767,
indivs=12532738, elapsed_secs=20185, mean=0.611258, stdev=0.129779, best fit=0.701000, best_overall=0.701000, mean_diversity=0.133210,
indivs=12542831, elapsed_secs=20204, mean=0.557686, stdev=0.104879, best fit=0.701000, best_overall=0.701000, mean_diversity=0.199778,
indivs=12552883, elapsed_secs=20219, mean=0.541595, stdev=0.176932, best fit=0.701000, best_overall=0.701000, mean_diversity=0.109057,
indivs=12563012, elapsed_secs=20237, mean=0.588261, stdev=0.115589, best fit=0.701000, best_overall=0.701000, mean_diversity=0.085512,
indivs=12573132, elapsed_secs=20257, mean=0.531049, stdev=0.154857, best fit=0.701000, best_overall=0.701000, mean_diversity=0.277435,
indivs=12583134, elapsed_secs=20273, mean=0.497378, stdev=0.081162, best fit=0.701000, best_overall=0.701000, mean_diversity=0.281871,
indivs=12593234, elapsed_secs=20289, mean=0.580659, stdev=0.140688, best fit=0.701000, best_overall=0.701000, mean_diversity=0.208103,
indivs=12603248, elapsed_secs=20302, mean=0.542870, stdev=0.105510, best fit=0.701000, best_overall=0.701000, mean_diversity=0.322432,
indivs=12613271, elapsed_secs=20318, mean=0.540585, stdev=0.139339, best fit=0.701000, best_overall=0.701000, mean_diversity=0.193255,
indivs=12623276, elapsed_secs=20335, mean=0.547340, stdev=0.175143, best fit=0.701000, best_overall=0.701000, mean_diversity=0.189323,
indivs=12633432, elapsed_secs=20351, mean=0.594217, stdev=0.128459, best fit=0.701000, best_overall=0.701000, mean_diversity=0.227391,
indivs=12643545, elapsed_secs=20368, mean=0.494420, stdev=0.215140, best fit=0.701000, best_overall=0.701000, mean_diversity=0.215251,
indivs=12653683, elapsed_secs=20383, mean=0.460062, stdev=0.234351, best fit=0.701000, best_overall=0.701000, mean_diversity=0.237846,
indivs=12663747, elapsed_secs=20399, mean=0.508014, stdev=0.036217, best fit=0.701000, best_overall=0.701000, mean_diversity=0.094468,
indivs=12673806, elapsed_secs=20416, mean=0.550074, stdev=0.157757, best fit=0.701000, best_overall=0.701000, mean_diversity=0.279124,
indivs=12683945, elapsed_secs=20433, mean=0.602966, stdev=0.151330, best fit=0.701000, best_overall=0.701000, mean_diversity=0.161392,
indivs=12694007, elapsed_secs=20451, mean=0.582656, stdev=0.165295, best fit=0.701000, best_overall=0.701000, mean_diversity=0.124292,
indivs=12704009, elapsed_secs=20468, mean=0.500430, stdev=0.084172, best fit=0.701000, best_overall=0.701000, mean_diversity=0.094450,
indivs=12714103, elapsed_secs=20483, mean=0.497010, stdev=0.053806, best fit=0.701000, best_overall=0.701000, mean_diversity=0.061701,
indivs=12724213, elapsed_secs=20500, mean=0.570163, stdev=0.115880, best fit=0.701000, best_overall=0.701000, mean_diversity=0.138694,
indivs=12734243, elapsed_secs=20517, mean=0.559871, stdev=0.135392, best fit=0.701000, best_overall=0.701000, mean_diversity=0.194933,
indivs=12744319, elapsed_secs=20535, mean=0.527941, stdev=0.093010, best fit=0.701000, best_overall=0.701000, mean_diversity=0.308219,
indivs=12754342, elapsed_secs=20553, mean=0.572355, stdev=0.140078, best fit=0.701000, best_overall=0.701000, mean_diversity=0.200789,
indivs=12764421, elapsed_secs=20569, mean=0.606451, stdev=0.127300, best fit=0.701000, best_overall=0.701000, mean_diversity=0.172270,
indivs=12774455, elapsed_secs=20584, mean=0.507536, stdev=0.119408, best fit=0.701000, best_overall=0.701000, mean_diversity=0.213987,
indivs=12784513, elapsed_secs=20600, mean=0.384576, stdev=0.283318, best fit=0.701000, best_overall=0.701000, mean_diversity=0.333155,
indivs=12794647, elapsed_secs=20615, mean=0.576282, stdev=0.137766, best fit=0.701000, best_overall=0.701000, mean_diversity=0.119161,
indivs=12804778, elapsed_secs=20630, mean=0.566898, stdev=0.187262, best fit=0.701000, best_overall=0.701000, mean_diversity=0.244066,
indivs=12814783, elapsed_secs=20645, mean=0.518461, stdev=0.088195, best fit=0.701000, best_overall=0.701000, mean_diversity=0.196065,
indivs=12824785, elapsed_secs=20661, mean=0.500205, stdev=0.047400, best fit=0.701000, best_overall=0.701000, mean_diversity=0.094717,
indivs=12834831, elapsed_secs=20677, mean=0.577934, stdev=0.153805, best fit=0.701000, best_overall=0.701000, mean_diversity=0.194409,
indivs=12844907, elapsed_secs=20691, mean=0.465580, stdev=0.093942, best fit=0.701000, best_overall=0.701000, mean_diversity=0.230833,
indivs=12855005, elapsed_secs=20707, mean=0.484233, stdev=0.090532, best fit=0.701000, best_overall=0.701000, mean_diversity=0.291713,
indivs=12865052, elapsed_secs=20726, mean=0.513530, stdev=0.173622, best fit=0.701000, best_overall=0.701000, mean_diversity=0.145989,
indivs=12875156, elapsed_secs=20742, mean=0.504051, stdev=0.081831, best fit=0.701000, best_overall=0.701000, mean_diversity=0.189594,
indivs=12885253, elapsed_secs=20757, mean=0.565165, stdev=0.096316, best fit=0.701000, best_overall=0.701000, mean_diversity=0.242493,
indivs=12895376, elapsed_secs=20774, mean=0.578369, stdev=0.164862, best fit=0.701000, best_overall=0.701000, mean_diversity=0.164428,
indivs=12905430, elapsed_secs=20791, mean=0.579518, stdev=0.116026, best fit=0.701000, best_overall=0.701000, mean_diversity=0.063476,
indivs=12915514, elapsed_secs=20808, mean=0.487390, stdev=0.147370, best fit=0.701000, best_overall=0.701000, mean_diversity=0.278551,
indivs=12925601, elapsed_secs=20827, mean=0.528463, stdev=0.158451, best fit=0.701000, best_overall=0.701000, mean_diversity=0.467095,
indivs=12935619, elapsed_secs=20844, mean=0.513899, stdev=0.133594, best fit=0.701000, best_overall=0.701000, mean_diversity=0.266421,
indivs=12945634, elapsed_secs=20863, mean=0.551925, stdev=0.146487, best fit=0.701000, best_overall=0.701000, mean_diversity=0.299086,
indivs=12955669, elapsed_secs=20880, mean=0.518046, stdev=0.083172, best fit=0.701000, best_overall=0.701000, mean_diversity=0.130424,
indivs=12965798, elapsed_secs=20897, mean=0.512541, stdev=0.165586, best fit=0.701000, best_overall=0.701000, mean_diversity=0.098596,
indivs=12975808, elapsed_secs=20912, mean=0.528346, stdev=0.143758, best fit=0.701000, best_overall=0.701000, mean_diversity=0.222648,
indivs=12985880, elapsed_secs=20930, mean=0.555380, stdev=0.189365, best fit=0.701000, best_overall=0.701000, mean_diversity=0.256954,
indivs=12995933, elapsed_secs=20946, mean=0.546151, stdev=0.149979, best fit=0.701000, best_overall=0.701000, mean_diversity=0.232208,
indivs=13006076, elapsed_secs=20959, mean=0.541341, stdev=0.207726, best fit=0.701000, best_overall=0.701000, mean_diversity=0.206517,
indivs=13016202, elapsed_secs=20976, mean=0.509742, stdev=0.214749, best fit=0.701000, best_overall=0.701000, mean_diversity=0.223620,
indivs=13026349, elapsed_secs=20994, mean=0.518045, stdev=0.131484, best fit=0.701000, best_overall=0.701000, mean_diversity=0.308155,
indivs=13036420, elapsed_secs=21010, mean=0.533729, stdev=0.102032, best fit=0.701000, best_overall=0.701000, mean_diversity=0.113125,
indivs=13046435, elapsed_secs=21026, mean=0.519595, stdev=0.059498, best fit=0.701000, best_overall=0.701000, mean_diversity=0.110369,
indivs=13056571, elapsed_secs=21043, mean=0.602041, stdev=0.155276, best fit=0.701000, best_overall=0.701000, mean_diversity=0.080807,
indivs=13066575, elapsed_secs=21057, mean=0.565777, stdev=0.137953, best fit=0.701000, best_overall=0.701000, mean_diversity=0.147222,
indivs=13076615, elapsed_secs=21074, mean=0.568601, stdev=0.147094, best fit=0.701000, best_overall=0.701000, mean_diversity=0.211276,
indivs=13086662, elapsed_secs=21092, mean=0.509475, stdev=0.044725, best fit=0.701000, best_overall=0.701000, mean_diversity=0.175879,
indivs=13096774, elapsed_secs=21109, mean=0.552772, stdev=0.136645, best fit=0.701000, best_overall=0.701000, mean_diversity=0.279266,
indivs=13106775, elapsed_secs=21126, mean=0.539588, stdev=0.158966, best fit=0.701000, best_overall=0.701000, mean_diversity=0.282195,
indivs=13116876, elapsed_secs=21142, mean=0.519282, stdev=0.101704, best fit=0.701000, best_overall=0.701000, mean_diversity=0.310769,
indivs=13126897, elapsed_secs=21158, mean=0.612361, stdev=0.156379, best fit=0.701000, best_overall=0.701000, mean_diversity=0.099323,
indivs=13136990, elapsed_secs=21173, mean=0.540830, stdev=0.202276, best fit=0.701000, best_overall=0.701000, mean_diversity=0.090035,
indivs=13147035, elapsed_secs=21190, mean=0.563279, stdev=0.224930, best fit=0.701000, best_overall=0.701000, mean_diversity=0.132556,
indivs=13157186, elapsed_secs=21206, mean=0.596037, stdev=0.140397, best fit=0.701000, best_overall=0.701000, mean_diversity=0.141205,
indivs=13167239, elapsed_secs=21220, mean=0.551464, stdev=0.161190, best fit=0.701000, best_overall=0.701000, mean_diversity=0.172306,
indivs=13177352, elapsed_secs=21237, mean=0.593350, stdev=0.192773, best fit=0.701000, best_overall=0.701000, mean_diversity=0.042749,
indivs=13187360, elapsed_secs=21253, mean=0.559522, stdev=0.149898, best fit=0.701000, best_overall=0.701000, mean_diversity=0.227719,
indivs=13197444, elapsed_secs=21269, mean=0.575006, stdev=0.173054, best fit=0.701000, best_overall=0.701000, mean_diversity=0.165765,
indivs=13207589, elapsed_secs=21285, mean=0.609254, stdev=0.140935, best fit=0.701000, best_overall=0.701000, mean_diversity=0.074277,
indivs=13217623, elapsed_secs=21301, mean=0.558688, stdev=0.143859, best fit=0.701000, best_overall=0.701000, mean_diversity=0.186389,
indivs=13227664, elapsed_secs=21318, mean=0.500077, stdev=0.093962, best fit=0.701000, best_overall=0.701000, mean_diversity=0.218193,
indivs=13237780, elapsed_secs=21333, mean=0.559590, stdev=0.122233, best fit=0.701000, best_overall=0.701000, mean_diversity=0.296926,
indivs=13247894, elapsed_secs=21348, mean=0.542483, stdev=0.168851, best fit=0.701000, best_overall=0.701000, mean_diversity=0.218803,
indivs=13257956, elapsed_secs=21364, mean=0.558050, stdev=0.217153, best fit=0.701000, best_overall=0.701000, mean_diversity=0.161131,
indivs=13268039, elapsed_secs=21381, mean=0.573972, stdev=0.149211, best fit=0.701000, best_overall=0.701000, mean_diversity=0.076030,
indivs=13278163, elapsed_secs=21397, mean=0.568684, stdev=0.159261, best fit=0.701000, best_overall=0.701000, mean_diversity=0.191286,
indivs=13288203, elapsed_secs=21412, mean=0.494916, stdev=0.188824, best fit=0.701000, best_overall=0.701000, mean_diversity=0.253381,
indivs=13298281, elapsed_secs=21430, mean=0.493718, stdev=0.154987, best fit=0.701000, best_overall=0.701000, mean_diversity=0.233208,
indivs=13308381, elapsed_secs=21445, mean=0.606347, stdev=0.184660, best fit=0.701000, best_overall=0.701000, mean_diversity=0.072147,
indivs=13318462, elapsed_secs=21463, mean=0.503126, stdev=0.076864, best fit=0.701000, best_overall=0.701000, mean_diversity=0.148867,
indivs=13328500, elapsed_secs=21480, mean=0.475351, stdev=0.170138, best fit=0.701000, best_overall=0.701000, mean_diversity=0.351542,
indivs=13338518, elapsed_secs=21496, mean=0.484498, stdev=0.069203, best fit=0.701000, best_overall=0.701000, mean_diversity=0.115617,
indivs=13348643, elapsed_secs=21512, mean=0.559082, stdev=0.161824, best fit=0.701000, best_overall=0.701000, mean_diversity=0.051539,
indivs=13358680, elapsed_secs=21531, mean=0.592971, stdev=0.150599, best fit=0.701000, best_overall=0.701000, mean_diversity=0.268315,
indivs=13368692, elapsed_secs=21547, mean=0.541296, stdev=0.150270, best fit=0.701000, best_overall=0.701000, mean_diversity=0.243352,
indivs=13378723, elapsed_secs=21563, mean=0.497667, stdev=0.057508, best fit=0.701000, best_overall=0.701000, mean_diversity=0.198817,
indivs=13388740, elapsed_secs=21581, mean=0.607650, stdev=0.125728, best fit=0.701000, best_overall=0.701000, mean_diversity=0.101978,
indivs=13398785, elapsed_secs=21596, mean=0.496613, stdev=0.055236, best fit=0.701000, best_overall=0.701000, mean_diversity=0.284829,
indivs=13408800, elapsed_secs=21615, mean=0.569663, stdev=0.179019, best fit=0.701000, best_overall=0.701000, mean_diversity=0.186364,
indivs=13418839, elapsed_secs=21631, mean=0.590199, stdev=0.180571, best fit=0.701000, best_overall=0.701000, mean_diversity=0.161672,
indivs=13428945, elapsed_secs=21647, mean=0.543554, stdev=0.172267, best fit=0.701000, best_overall=0.701000, mean_diversity=0.307992,
indivs=13439058, elapsed_secs=21663, mean=0.521211, stdev=0.103486, best fit=0.701000, best_overall=0.701000, mean_diversity=0.226977,
indivs=13449174, elapsed_secs=21678, mean=0.593204, stdev=0.163079, best fit=0.701000, best_overall=0.701000, mean_diversity=0.094966,
indivs=13459227, elapsed_secs=21693, mean=0.524301, stdev=0.088157, best fit=0.701000, best_overall=0.701000, mean_diversity=0.214194,
indivs=13469340, elapsed_secs=21707, mean=0.489277, stdev=0.142490, best fit=0.701000, best_overall=0.701000, mean_diversity=0.202020,
indivs=13479368, elapsed_secs=21722, mean=0.565440, stdev=0.178368, best fit=0.701000, best_overall=0.701000, mean_diversity=0.153276,
indivs=13489467, elapsed_secs=21738, mean=0.528161, stdev=0.117002, best fit=0.701000, best_overall=0.701000, mean_diversity=0.247434,
indivs=13499483, elapsed_secs=21753, mean=0.555642, stdev=0.147818, best fit=0.701000, best_overall=0.701000, mean_diversity=0.227711,
indivs=13509592, elapsed_secs=21769, mean=0.562890, stdev=0.148071, best fit=0.701000, best_overall=0.701000, mean_diversity=0.094021,
indivs=13519654, elapsed_secs=21785, mean=0.561184, stdev=0.168867, best fit=0.701000, best_overall=0.701000, mean_diversity=0.308522,
indivs=13529807, elapsed_secs=21802, mean=0.595615, stdev=0.179709, best fit=0.701000, best_overall=0.701000, mean_diversity=0.267371,
indivs=13539830, elapsed_secs=21819, mean=0.517368, stdev=0.051603, best fit=0.701000, best_overall=0.701000, mean_diversity=0.099767,
indivs=13549923, elapsed_secs=21836, mean=0.533786, stdev=0.182801, best fit=0.701000, best_overall=0.701000, mean_diversity=0.247521,
indivs=13560039, elapsed_secs=21853, mean=0.460844, stdev=0.135350, best fit=0.701000, best_overall=0.701000, mean_diversity=0.243662,
indivs=13570040, elapsed_secs=21872, mean=0.491589, stdev=0.194094, best fit=0.701000, best_overall=0.701000, mean_diversity=0.171487,
indivs=13580096, elapsed_secs=21887, mean=0.552426, stdev=0.142864, best fit=0.701000, best_overall=0.701000, mean_diversity=0.145685,
indivs=13590109, elapsed_secs=21902, mean=0.543612, stdev=0.094244, best fit=0.701000, best_overall=0.701000, mean_diversity=0.260982,
indivs=13600132, elapsed_secs=21919, mean=0.590223, stdev=0.145351, best fit=0.701000, best_overall=0.701000, mean_diversity=0.167438,
indivs=13610141, elapsed_secs=21936, mean=0.461147, stdev=0.106344, best fit=0.701000, best_overall=0.701000, mean_diversity=0.082398,
indivs=13620282, elapsed_secs=21951, mean=0.572442, stdev=0.125872, best fit=0.701000, best_overall=0.701000, mean_diversity=0.289435,
indivs=13630414, elapsed_secs=21968, mean=0.594099, stdev=0.164356, best fit=0.701000, best_overall=0.701000, mean_diversity=0.122373,
indivs=13640503, elapsed_secs=21987, mean=0.517072, stdev=0.079737, best fit=0.701000, best_overall=0.701000, mean_diversity=0.205708,
indivs=13650619, elapsed_secs=22003, mean=0.568299, stdev=0.137844, best fit=0.701000, best_overall=0.701000, mean_diversity=0.318995,
indivs=13660718, elapsed_secs=22018, mean=0.484183, stdev=0.157567, best fit=0.701000, best_overall=0.701000, mean_diversity=0.307007,
indivs=13670719, elapsed_secs=22038, mean=0.546609, stdev=0.118020, best fit=0.701000, best_overall=0.701000, mean_diversity=0.248148,
indivs=13680864, elapsed_secs=22054, mean=0.572867, stdev=0.174515, best fit=0.701000, best_overall=0.701000, mean_diversity=0.260437,
indivs=13690932, elapsed_secs=22072, mean=0.524394, stdev=0.211173, best fit=0.701000, best_overall=0.701000, mean_diversity=0.142847,
indivs=13701039, elapsed_secs=22088, mean=0.508702, stdev=0.133046, best fit=0.701000, best_overall=0.701000, mean_diversity=0.145179,
indivs=13711074, elapsed_secs=22107, mean=0.500124, stdev=0.135450, best fit=0.701000, best_overall=0.701000, mean_diversity=0.123578,
indivs=13721095, elapsed_secs=22125, mean=0.606384, stdev=0.151298, best fit=0.701000, best_overall=0.701000, mean_diversity=0.120956,
indivs=13731264, elapsed_secs=22140, mean=0.525159, stdev=0.227947, best fit=0.701000, best_overall=0.701000, mean_diversity=0.125768,
indivs=13741316, elapsed_secs=22156, mean=0.502006, stdev=0.020000, best fit=0.701000, best_overall=0.701000, mean_diversity=0.054817,
indivs=13751460, elapsed_secs=22172, mean=0.530855, stdev=0.199588, best fit=0.701000, best_overall=0.701000, mean_diversity=0.258591,
indivs=13761480, elapsed_secs=22187, mean=0.478580, stdev=0.114368, best fit=0.701000, best_overall=0.701000, mean_diversity=0.072180,
indivs=13771581, elapsed_secs=22204, mean=0.525556, stdev=0.124866, best fit=0.701000, best_overall=0.701000, mean_diversity=0.584018,
indivs=13781639, elapsed_secs=22222, mean=0.475577, stdev=0.188291, best fit=0.701000, best_overall=0.701000, mean_diversity=0.243678,
indivs=13791707, elapsed_secs=22239, mean=0.527474, stdev=0.123855, best fit=0.701000, best_overall=0.701000, mean_diversity=0.308296,
indivs=13801724, elapsed_secs=22255, mean=0.547382, stdev=0.127371, best fit=0.701000, best_overall=0.701000, mean_diversity=0.202986,
indivs=13811828, elapsed_secs=22270, mean=0.612489, stdev=0.128810, best fit=0.701000, best_overall=0.701000, mean_diversity=0.073284,
indivs=13821982, elapsed_secs=22288, mean=0.574642, stdev=0.200421, best fit=0.701000, best_overall=0.701000, mean_diversity=0.038683,
indivs=13831999, elapsed_secs=22304, mean=0.515831, stdev=0.079224, best fit=0.701000, best_overall=0.701000, mean_diversity=0.239262,
indivs=13842005, elapsed_secs=22321, mean=0.570507, stdev=0.161035, best fit=0.701000, best_overall=0.701000, mean_diversity=0.228099,
indivs=13852112, elapsed_secs=22337, mean=0.546628, stdev=0.132500, best fit=0.701000, best_overall=0.701000, mean_diversity=0.283973,
indivs=13862225, elapsed_secs=22352, mean=0.532350, stdev=0.075880, best fit=0.701000, best_overall=0.701000, mean_diversity=0.215831,
indivs=13872300, elapsed_secs=22369, mean=0.520126, stdev=0.164910, best fit=0.701000, best_overall=0.701000, mean_diversity=0.264395,
indivs=13882346, elapsed_secs=22386, mean=0.574465, stdev=0.140182, best fit=0.701000, best_overall=0.701000, mean_diversity=0.209575,
indivs=13892372, elapsed_secs=22404, mean=0.549166, stdev=0.182730, best fit=0.701000, best_overall=0.701000, mean_diversity=0.149563,
indivs=13902470, elapsed_secs=22420, mean=0.551828, stdev=0.123646, best fit=0.701000, best_overall=0.701000, mean_diversity=0.300281,
indivs=13912588, elapsed_secs=22435, mean=0.578920, stdev=0.163268, best fit=0.701000, best_overall=0.701000, mean_diversity=0.186707,
indivs=13922656, elapsed_secs=22452, mean=0.518770, stdev=0.172595, best fit=0.701000, best_overall=0.701000, mean_diversity=0.250125,
indivs=13932710, elapsed_secs=22469, mean=0.597860, stdev=0.177845, best fit=0.701000, best_overall=0.701000, mean_diversity=0.047517,
indivs=13942754, elapsed_secs=22485, mean=0.507021, stdev=0.112528, best fit=0.701000, best_overall=0.701000, mean_diversity=0.257904,
indivs=13952777, elapsed_secs=22502, mean=0.572552, stdev=0.148775, best fit=0.701000, best_overall=0.701000, mean_diversity=0.132024,
indivs=13962873, elapsed_secs=22516, mean=0.543799, stdev=0.157894, best fit=0.701000, best_overall=0.701000, mean_diversity=0.371618,
indivs=13972955, elapsed_secs=22533, mean=0.548341, stdev=0.120026, best fit=0.701000, best_overall=0.701000, mean_diversity=0.395403,
indivs=13983009, elapsed_secs=22551, mean=0.495295, stdev=0.178603, best fit=0.701000, best_overall=0.701000, mean_diversity=0.150517,
indivs=13993112, elapsed_secs=22569, mean=0.529709, stdev=0.159200, best fit=0.701000, best_overall=0.701000, mean_diversity=0.262472,
indivs=14003162, elapsed_secs=22585, mean=0.494324, stdev=0.029171, best fit=0.701000, best_overall=0.701000, mean_diversity=0.130351,
indivs=14013258, elapsed_secs=22602, mean=0.520270, stdev=0.079761, best fit=0.701000, best_overall=0.701000, mean_diversity=0.230240,
indivs=14023293, elapsed_secs=22617, mean=0.586129, stdev=0.193526, best fit=0.701000, best_overall=0.701000, mean_diversity=0.077247,
indivs=14033380, elapsed_secs=22635, mean=0.559221, stdev=0.178841, best fit=0.701000, best_overall=0.701000, mean_diversity=0.210213,
indivs=14043451, elapsed_secs=22653, mean=0.503213, stdev=0.028211, best fit=0.701000, best_overall=0.701000, mean_diversity=0.134884,
indivs=14053531, elapsed_secs=22668, mean=0.524025, stdev=0.103178, best fit=0.701000, best_overall=0.701000, mean_diversity=0.150102,
indivs=14063637, elapsed_secs=22684, mean=0.519827, stdev=0.089413, best fit=0.701000, best_overall=0.701000, mean_diversity=0.399694,
indivs=14073756, elapsed_secs=22698, mean=0.513653, stdev=0.085047, best fit=0.701000, best_overall=0.701000, mean_diversity=0.288538,
indivs=14083796, elapsed_secs=22712, mean=0.555999, stdev=0.132353, best fit=0.701000, best_overall=0.701000, mean_diversity=0.115126,
indivs=14093894, elapsed_secs=22729, mean=0.546775, stdev=0.131283, best fit=0.701000, best_overall=0.701000, mean_diversity=0.259587,
indivs=14103951, elapsed_secs=22745, mean=0.517993, stdev=0.150609, best fit=0.701000, best_overall=0.701000, mean_diversity=0.233556,
indivs=14113964, elapsed_secs=22762, mean=0.563427, stdev=0.168204, best fit=0.701000, best_overall=0.701000, mean_diversity=0.055073,
indivs=14123973, elapsed_secs=22779, mean=0.595281, stdev=0.147531, best fit=0.701000, best_overall=0.701000, mean_diversity=0.158594,
indivs=14134028, elapsed_secs=22796, mean=0.507683, stdev=0.112302, best fit=0.701000, best_overall=0.701000, mean_diversity=0.290173,
indivs=14144085, elapsed_secs=22814, mean=0.471464, stdev=0.138781, best fit=0.701000, best_overall=0.701000, mean_diversity=0.156921,
indivs=14154191, elapsed_secs=22830, mean=0.489510, stdev=0.207975, best fit=0.701000, best_overall=0.701000, mean_diversity=0.257852,
indivs=14164223, elapsed_secs=22845, mean=0.514970, stdev=0.077343, best fit=0.701000, best_overall=0.701000, mean_diversity=0.038585,
indivs=14174282, elapsed_secs=22862, mean=0.511614, stdev=0.116045, best fit=0.701200, best_overall=0.701200, mean_diversity=0.235559,
indivs=14184307, elapsed_secs=22881, mean=0.504291, stdev=0.086483, best fit=0.701200, best_overall=0.701200, mean_diversity=0.183071,
indivs=14194360, elapsed_secs=22903, mean=0.558842, stdev=0.121383, best fit=0.701200, best_overall=0.701200, mean_diversity=0.281254,
indivs=14204424, elapsed_secs=22919, mean=0.480526, stdev=0.156381, best fit=0.701200, best_overall=0.701200, mean_diversity=0.291355,
indivs=14214475, elapsed_secs=22934, mean=0.491117, stdev=0.199860, best fit=0.701200, best_overall=0.701200, mean_diversity=0.328701,
indivs=14224534, elapsed_secs=22951, mean=0.546462, stdev=0.139563, best fit=0.701200, best_overall=0.701200, mean_diversity=0.161482,
indivs=14234572, elapsed_secs=22967, mean=0.540718, stdev=0.157272, best fit=0.701200, best_overall=0.701200, mean_diversity=0.289246,
indivs=14244620, elapsed_secs=22986, mean=0.507648, stdev=0.134696, best fit=0.701200, best_overall=0.701200, mean_diversity=0.320946,
indivs=14254690, elapsed_secs=23006, mean=0.598429, stdev=0.115895, best fit=0.701200, best_overall=0.701200, mean_diversity=0.067331,
indivs=14264779, elapsed_secs=23024, mean=0.527509, stdev=0.075990, best fit=0.701200, best_overall=0.701200, mean_diversity=0.235154,
indivs=14274857, elapsed_secs=23039, mean=0.545261, stdev=0.103493, best fit=0.701200, best_overall=0.701200, mean_diversity=0.092739,
indivs=14284982, elapsed_secs=23055, mean=0.559129, stdev=0.151758, best fit=0.701200, best_overall=0.701200, mean_diversity=0.172408,
indivs=14294989, elapsed_secs=23073, mean=0.501806, stdev=0.020085, best fit=0.701200, best_overall=0.701200, mean_diversity=0.252092,
indivs=14305029, elapsed_secs=23091, mean=0.485461, stdev=0.088079, best fit=0.701200, best_overall=0.701200, mean_diversity=0.078906,
indivs=14315155, elapsed_secs=23109, mean=0.482280, stdev=0.236220, best fit=0.701200, best_overall=0.701200, mean_diversity=0.073222,
indivs=14325165, elapsed_secs=23125, mean=0.525770, stdev=0.172483, best fit=0.701200, best_overall=0.701200, mean_diversity=0.108907,
indivs=14335252, elapsed_secs=23140, mean=0.531658, stdev=0.080384, best fit=0.701200, best_overall=0.701200, mean_diversity=0.274891,
indivs=14345418, elapsed_secs=23157, mean=0.576034, stdev=0.119513, best fit=0.701200, best_overall=0.701200, mean_diversity=0.307311,
indivs=14355424, elapsed_secs=23176, mean=0.510552, stdev=0.129876, best fit=0.701200, best_overall=0.701200, mean_diversity=0.237280,
indivs=14365554, elapsed_secs=23192, mean=0.507203, stdev=0.167925, best fit=0.701200, best_overall=0.701200, mean_diversity=0.259333,
indivs=14375623, elapsed_secs=23206, mean=0.560335, stdev=0.088565, best fit=0.701200, best_overall=0.701200, mean_diversity=0.303349,
indivs=14385764, elapsed_secs=23221, mean=0.559220, stdev=0.085122, best fit=0.701200, best_overall=0.701200, mean_diversity=0.419466,
indivs=14395854, elapsed_secs=23239, mean=0.583129, stdev=0.166169, best fit=0.701200, best_overall=0.701200, mean_diversity=0.172861,
indivs=14405866, elapsed_secs=23255, mean=0.499275, stdev=0.182204, best fit=0.701200, best_overall=0.701200, mean_diversity=0.135329,
indivs=14415947, elapsed_secs=23271, mean=0.533247, stdev=0.068887, best fit=0.701200, best_overall=0.701200, mean_diversity=0.347701,
indivs=14425954, elapsed_secs=23286, mean=0.525126, stdev=0.072910, best fit=0.701200, best_overall=0.701200, mean_diversity=0.322015,
indivs=14435969, elapsed_secs=23300, mean=0.529138, stdev=0.177148, best fit=0.701200, best_overall=0.701200, mean_diversity=0.198955,
indivs=14446068, elapsed_secs=23317, mean=0.517352, stdev=0.149584, best fit=0.701200, best_overall=0.701200, mean_diversity=0.128077,
indivs=14456151, elapsed_secs=23336, mean=0.506110, stdev=0.124154, best fit=0.701200, best_overall=0.701200, mean_diversity=0.193145,
indivs=14466292, elapsed_secs=23354, mean=0.577978, stdev=0.147313, best fit=0.701200, best_overall=0.701200, mean_diversity=0.356436,
indivs=14476340, elapsed_secs=23370, mean=0.576344, stdev=0.176547, best fit=0.701200, best_overall=0.701200, mean_diversity=0.140147,
indivs=14486420, elapsed_secs=23388, mean=0.512797, stdev=0.129988, best fit=0.701200, best_overall=0.701200, mean_diversity=0.133975,
indivs=14496425, elapsed_secs=23405, mean=0.557751, stdev=0.199307, best fit=0.701200, best_overall=0.701200, mean_diversity=0.113630,
indivs=14506451, elapsed_secs=23422, mean=0.557160, stdev=0.189981, best fit=0.701200, best_overall=0.701200, mean_diversity=0.190249,
indivs=14516461, elapsed_secs=23440, mean=0.562670, stdev=0.179407, best fit=0.701200, best_overall=0.701200, mean_diversity=0.171170,
indivs=14526556, elapsed_secs=23455, mean=0.607019, stdev=0.147960, best fit=0.701200, best_overall=0.701200, mean_diversity=0.099259,
indivs=14536597, elapsed_secs=23473, mean=0.563013, stdev=0.179053, best fit=0.701200, best_overall=0.701200, mean_diversity=0.087723,
indivs=14546666, elapsed_secs=23491, mean=0.601831, stdev=0.153923, best fit=0.701200, best_overall=0.701200, mean_diversity=0.154121,
indivs=14556770, elapsed_secs=23507, mean=0.528448, stdev=0.155489, best fit=0.701200, best_overall=0.701200, mean_diversity=0.302336,
indivs=14566817, elapsed_secs=23524, mean=0.557751, stdev=0.207603, best fit=0.701200, best_overall=0.701200, mean_diversity=0.122320,
indivs=14576853, elapsed_secs=23540, mean=0.524350, stdev=0.114889, best fit=0.701200, best_overall=0.701200, mean_diversity=0.239069,
indivs=14586944, elapsed_secs=23556, mean=0.534955, stdev=0.174205, best fit=0.701200, best_overall=0.701200, mean_diversity=0.277534,
indivs=14597010, elapsed_secs=23576, mean=0.578875, stdev=0.128007, best fit=0.701200, best_overall=0.701200, mean_diversity=0.291598,
indivs=14607015, elapsed_secs=23591, mean=0.506902, stdev=0.084237, best fit=0.701200, best_overall=0.701200, mean_diversity=0.179069,
indivs=14617144, elapsed_secs=23607, mean=0.573717, stdev=0.165689, best fit=0.701200, best_overall=0.701200, mean_diversity=0.044008,
indivs=14627190, elapsed_secs=23625, mean=0.556005, stdev=0.196276, best fit=0.701200, best_overall=0.701200, mean_diversity=0.143966,
indivs=14637254, elapsed_secs=23644, mean=0.599683, stdev=0.167365, best fit=0.701200, best_overall=0.701200, mean_diversity=0.053490,
indivs=14647371, elapsed_secs=23663, mean=0.518957, stdev=0.163480, best fit=0.701200, best_overall=0.701200, mean_diversity=0.472236,
indivs=14657397, elapsed_secs=23679, mean=0.574904, stdev=0.179183, best fit=0.701200, best_overall=0.701200, mean_diversity=0.229669,
indivs=14667484, elapsed_secs=23697, mean=0.491909, stdev=0.111070, best fit=0.701200, best_overall=0.701200, mean_diversity=0.146621,
indivs=14677598, elapsed_secs=23713, mean=0.586096, stdev=0.186331, best fit=0.701200, best_overall=0.701200, mean_diversity=0.123980,
indivs=14687675, elapsed_secs=23730, mean=0.467375, stdev=0.130623, best fit=0.701200, best_overall=0.701200, mean_diversity=0.195016,
indivs=14697775, elapsed_secs=23747, mean=0.506644, stdev=0.115126, best fit=0.701200, best_overall=0.701200, mean_diversity=0.255275,
indivs=14707851, elapsed_secs=23763, mean=0.404756, stdev=0.183166, best fit=0.701200, best_overall=0.701200, mean_diversity=0.155533,
indivs=14718021, elapsed_secs=23777, mean=0.600985, stdev=0.153426, best fit=0.701200, best_overall=0.701200, mean_diversity=0.229958,
indivs=14728042, elapsed_secs=23793, mean=0.565860, stdev=0.142643, best fit=0.701200, best_overall=0.701200, mean_diversity=0.187011,
indivs=14738153, elapsed_secs=23810, mean=0.578691, stdev=0.145920, best fit=0.701200, best_overall=0.701200, mean_diversity=0.329645,
indivs=14748238, elapsed_secs=23826, mean=0.520427, stdev=0.179573, best fit=0.701200, best_overall=0.701200, mean_diversity=0.102252,
indivs=14758324, elapsed_secs=23840, mean=0.564061, stdev=0.170562, best fit=0.701200, best_overall=0.701200, mean_diversity=0.300884,
indivs=14768349, elapsed_secs=23855, mean=0.497138, stdev=0.223469, best fit=0.701200, best_overall=0.701200, mean_diversity=0.313960,
indivs=14778354, elapsed_secs=23870, mean=0.549457, stdev=0.217254, best fit=0.701200, best_overall=0.701200, mean_diversity=0.071768,
indivs=14788449, elapsed_secs=23885, mean=0.625167, stdev=0.081728, best fit=0.701200, best_overall=0.701200, mean_diversity=0.252511,
indivs=14798516, elapsed_secs=23904, mean=0.539919, stdev=0.235354, best fit=0.701200, best_overall=0.701200, mean_diversity=0.085552,
indivs=14808635, elapsed_secs=23923, mean=0.554706, stdev=0.177258, best fit=0.701200, best_overall=0.701200, mean_diversity=0.289619,
indivs=14818744, elapsed_secs=23937, mean=0.503738, stdev=0.139569, best fit=0.701200, best_overall=0.701200, mean_diversity=0.448899,
indivs=14828823, elapsed_secs=23956, mean=0.510007, stdev=0.076181, best fit=0.701200, best_overall=0.701200, mean_diversity=0.202328,
indivs=14838895, elapsed_secs=23972, mean=0.502479, stdev=0.062415, best fit=0.701200, best_overall=0.701200, mean_diversity=0.135386,
indivs=14849052, elapsed_secs=23987, mean=0.563569, stdev=0.200518, best fit=0.701200, best_overall=0.701200, mean_diversity=0.203216,
indivs=14859116, elapsed_secs=24002, mean=0.525975, stdev=0.080508, best fit=0.701200, best_overall=0.701200, mean_diversity=0.130444,
indivs=14869227, elapsed_secs=24018, mean=0.543404, stdev=0.184846, best fit=0.701200, best_overall=0.701200, mean_diversity=0.070949,
indivs=14879248, elapsed_secs=24033, mean=0.435401, stdev=0.153480, best fit=0.701200, best_overall=0.701200, mean_diversity=0.211441,
indivs=14889252, elapsed_secs=24048, mean=0.508248, stdev=0.071690, best fit=0.701200, best_overall=0.701200, mean_diversity=0.113087,
indivs=14899260, elapsed_secs=24065, mean=0.523971, stdev=0.168981, best fit=0.701200, best_overall=0.701200, mean_diversity=0.251984,
indivs=14909268, elapsed_secs=24081, mean=0.550784, stdev=0.163379, best fit=0.701200, best_overall=0.701200, mean_diversity=0.039322,
indivs=14919274, elapsed_secs=24100, mean=0.540949, stdev=0.186231, best fit=0.701200, best_overall=0.701200, mean_diversity=0.141728,
indivs=14929287, elapsed_secs=24117, mean=0.472055, stdev=0.275013, best fit=0.701200, best_overall=0.701200, mean_diversity=0.166480,
indivs=14939354, elapsed_secs=24133, mean=0.523228, stdev=0.086028, best fit=0.701200, best_overall=0.701200, mean_diversity=0.244982,
indivs=14949415, elapsed_secs=24150, mean=0.494512, stdev=0.054769, best fit=0.701200, best_overall=0.701200, mean_diversity=0.078652,
indivs=14959529, elapsed_secs=24168, mean=0.486956, stdev=0.216535, best fit=0.701200, best_overall=0.701200, mean_diversity=0.184531,
indivs=14969530, elapsed_secs=24185, mean=0.517075, stdev=0.087825, best fit=0.701200, best_overall=0.701200, mean_diversity=0.165333,
indivs=14979589, elapsed_secs=24201, mean=0.529659, stdev=0.211459, best fit=0.701200, best_overall=0.701200, mean_diversity=0.237363,
indivs=14989591, elapsed_secs=24216, mean=0.541957, stdev=0.173366, best fit=0.701200, best_overall=0.701200, mean_diversity=0.219916,
indivs=14999609, elapsed_secs=24233, mean=0.529397, stdev=0.091616, best fit=0.701200, best_overall=0.701200, mean_diversity=0.256399,
indivs=15009736, elapsed_secs=24251, mean=0.520758, stdev=0.140325, best fit=0.701200, best_overall=0.701200, mean_diversity=0.166537,
indivs=15019819, elapsed_secs=24266, mean=0.521495, stdev=0.178439, best fit=0.701200, best_overall=0.701200, mean_diversity=0.331064,
indivs=15029831, elapsed_secs=24283, mean=0.518153, stdev=0.087514, best fit=0.701200, best_overall=0.701200, mean_diversity=0.228000,
indivs=15039853, elapsed_secs=24302, mean=0.440504, stdev=0.155775, best fit=0.701200, best_overall=0.701200, mean_diversity=0.210000,
indivs=15049892, elapsed_secs=24319, mean=0.508655, stdev=0.089877, best fit=0.701200, best_overall=0.701200, mean_diversity=0.170490,
indivs=15059959, elapsed_secs=24337, mean=0.572519, stdev=0.168228, best fit=0.701200, best_overall=0.701200, mean_diversity=0.158772,
indivs=15070076, elapsed_secs=24356, mean=0.557058, stdev=0.156232, best fit=0.701200, best_overall=0.701200, mean_diversity=0.180667,
indivs=15080141, elapsed_secs=24372, mean=0.522127, stdev=0.144388, best fit=0.701200, best_overall=0.701200, mean_diversity=0.145391,
indivs=15090208, elapsed_secs=24387, mean=0.579798, stdev=0.112365, best fit=0.701200, best_overall=0.701200, mean_diversity=0.096406,
indivs=15100284, elapsed_secs=24404, mean=0.511618, stdev=0.093503, best fit=0.701200, best_overall=0.701200, mean_diversity=0.414439,
indivs=15110318, elapsed_secs=24419, mean=0.511271, stdev=0.164177, best fit=0.701200, best_overall=0.701200, mean_diversity=0.292070,
indivs=15120357, elapsed_secs=24433, mean=0.537624, stdev=0.157172, best fit=0.701200, best_overall=0.701200, mean_diversity=0.139231,
indivs=15130467, elapsed_secs=24448, mean=0.597569, stdev=0.116420, best fit=0.701200, best_overall=0.701200, mean_diversity=0.127715,
indivs=15140597, elapsed_secs=24464, mean=0.593302, stdev=0.146881, best fit=0.701200, best_overall=0.701200, mean_diversity=0.155660,
indivs=15150678, elapsed_secs=24479, mean=0.555640, stdev=0.132382, best fit=0.701200, best_overall=0.701200, mean_diversity=0.338107,
indivs=15160758, elapsed_secs=24496, mean=0.526862, stdev=0.054299, best fit=0.701200, best_overall=0.701200, mean_diversity=0.268891,
indivs=15170871, elapsed_secs=24514, mean=0.561217, stdev=0.100245, best fit=0.701200, best_overall=0.701200, mean_diversity=0.127044,
indivs=15180983, elapsed_secs=24531, mean=0.544358, stdev=0.129197, best fit=0.701200, best_overall=0.701200, mean_diversity=0.369277,
indivs=15191096, elapsed_secs=24546, mean=0.526919, stdev=0.172076, best fit=0.701200, best_overall=0.701200, mean_diversity=0.280328,
indivs=15201164, elapsed_secs=24561, mean=0.490319, stdev=0.176579, best fit=0.701200, best_overall=0.701200, mean_diversity=0.109405,
indivs=15211287, elapsed_secs=24581, mean=0.541573, stdev=0.165567, best fit=0.701200, best_overall=0.701200, mean_diversity=0.230906,
indivs=15221336, elapsed_secs=24597, mean=0.516049, stdev=0.050646, best fit=0.701200, best_overall=0.701200, mean_diversity=0.251482,
indivs=15231354, elapsed_secs=24614, mean=0.543902, stdev=0.172220, best fit=0.701200, best_overall=0.701200, mean_diversity=0.069168,
indivs=15241408, elapsed_secs=24632, mean=0.571721, stdev=0.083779, best fit=0.701200, best_overall=0.701200, mean_diversity=0.064848,
indivs=15251477, elapsed_secs=24647, mean=0.579589, stdev=0.150970, best fit=0.701200, best_overall=0.701200, mean_diversity=0.194531,
indivs=15261516, elapsed_secs=24664, mean=0.505029, stdev=0.088358, best fit=0.701200, best_overall=0.701200, mean_diversity=0.188212,
indivs=15271543, elapsed_secs=24681, mean=0.566820, stdev=0.167384, best fit=0.701200, best_overall=0.701200, mean_diversity=0.183612,
indivs=15281692, elapsed_secs=24697, mean=0.611314, stdev=0.135301, best fit=0.701200, best_overall=0.701200, mean_diversity=0.165030,
indivs=15291745, elapsed_secs=24712, mean=0.568847, stdev=0.129075, best fit=0.701200, best_overall=0.701200, mean_diversity=0.230287,
indivs=15301807, elapsed_secs=24730, mean=0.538428, stdev=0.210389, best fit=0.701200, best_overall=0.701200, mean_diversity=0.333713,
indivs=15311862, elapsed_secs=24746, mean=0.507573, stdev=0.145929, best fit=0.701200, best_overall=0.701200, mean_diversity=0.221317,
indivs=15321887, elapsed_secs=24763, mean=0.483291, stdev=0.077685, best fit=0.701200, best_overall=0.701200, mean_diversity=0.109141,
indivs=15331952, elapsed_secs=24783, mean=0.437256, stdev=0.132562, best fit=0.701200, best_overall=0.701200, mean_diversity=0.211345,
indivs=15342034, elapsed_secs=24801, mean=0.494974, stdev=0.139176, best fit=0.701200, best_overall=0.701200, mean_diversity=0.191916,
indivs=15352140, elapsed_secs=24820, mean=0.508141, stdev=0.057279, best fit=0.701200, best_overall=0.701200, mean_diversity=0.169690,
indivs=15362159, elapsed_secs=24838, mean=0.598186, stdev=0.127691, best fit=0.701200, best_overall=0.701200, mean_diversity=0.128446,
indivs=15372229, elapsed_secs=24853, mean=0.585236, stdev=0.121982, best fit=0.701200, best_overall=0.701200, mean_diversity=0.165352,
indivs=15382266, elapsed_secs=24872, mean=0.549378, stdev=0.141944, best fit=0.701200, best_overall=0.701200, mean_diversity=0.333463,
indivs=15392343, elapsed_secs=24887, mean=0.509388, stdev=0.164677, best fit=0.701200, best_overall=0.701200, mean_diversity=0.198981,
indivs=15402419, elapsed_secs=24904, mean=0.591610, stdev=0.115003, best fit=0.701200, best_overall=0.701200, mean_diversity=0.294554,
indivs=15412498, elapsed_secs=24923, mean=0.489405, stdev=0.176452, best fit=0.701200, best_overall=0.701200, mean_diversity=0.153780,
indivs=15422522, elapsed_secs=24939, mean=0.589228, stdev=0.134625, best fit=0.701200, best_overall=0.701200, mean_diversity=0.233314,
indivs=15432564, elapsed_secs=24957, mean=0.545320, stdev=0.116515, best fit=0.701200, best_overall=0.701200, mean_diversity=0.260377,
indivs=15442638, elapsed_secs=24974, mean=0.548608, stdev=0.139847, best fit=0.701200, best_overall=0.701200, mean_diversity=0.144018,
indivs=15452758, elapsed_secs=24992, mean=0.503603, stdev=0.160923, best fit=0.701200, best_overall=0.701200, mean_diversity=0.198660,
indivs=15462760, elapsed_secs=25008, mean=0.549514, stdev=0.144255, best fit=0.701200, best_overall=0.701200, mean_diversity=0.144635,
indivs=15472840, elapsed_secs=25024, mean=0.519521, stdev=0.079699, best fit=0.701200, best_overall=0.701200, mean_diversity=0.287130,
indivs=15482881, elapsed_secs=25038, mean=0.576065, stdev=0.090720, best fit=0.701200, best_overall=0.701200, mean_diversity=0.194389,
indivs=15492995, elapsed_secs=25053, mean=0.543130, stdev=0.130879, best fit=0.701200, best_overall=0.701200, mean_diversity=0.485760,
indivs=15503059, elapsed_secs=25068, mean=0.569612, stdev=0.164425, best fit=0.701200, best_overall=0.701200, mean_diversity=0.283280,
indivs=15513077, elapsed_secs=25085, mean=0.534568, stdev=0.152914, best fit=0.701200, best_overall=0.701200, mean_diversity=0.319125,
indivs=15523083, elapsed_secs=25103, mean=0.569010, stdev=0.127328, best fit=0.701200, best_overall=0.701200, mean_diversity=0.133110,
indivs=15533136, elapsed_secs=25121, mean=0.536930, stdev=0.174961, best fit=0.701200, best_overall=0.701200, mean_diversity=0.267070,
indivs=15543239, elapsed_secs=25138, mean=0.500115, stdev=0.127178, best fit=0.701200, best_overall=0.701200, mean_diversity=0.349057,
indivs=15553289, elapsed_secs=25153, mean=0.524066, stdev=0.141638, best fit=0.701200, best_overall=0.701200, mean_diversity=0.447679,
indivs=15563389, elapsed_secs=25171, mean=0.570099, stdev=0.146235, best fit=0.701200, best_overall=0.701200, mean_diversity=0.239242,
indivs=15573407, elapsed_secs=25187, mean=0.488926, stdev=0.188483, best fit=0.701200, best_overall=0.701200, mean_diversity=0.428227,
indivs=15583469, elapsed_secs=25202, mean=0.560955, stdev=0.087466, best fit=0.701200, best_overall=0.701200, mean_diversity=0.290333,
indivs=15593528, elapsed_secs=25220, mean=0.568636, stdev=0.182362, best fit=0.701200, best_overall=0.701200, mean_diversity=0.164396,
indivs=15603553, elapsed_secs=25238, mean=0.508145, stdev=0.162053, best fit=0.701200, best_overall=0.701200, mean_diversity=0.197292,
indivs=15613685, elapsed_secs=25254, mean=0.569057, stdev=0.160958, best fit=0.701200, best_overall=0.701200, mean_diversity=0.213927,
indivs=15623739, elapsed_secs=25273, mean=0.577855, stdev=0.127727, best fit=0.701200, best_overall=0.701200, mean_diversity=0.232090,
indivs=15633855, elapsed_secs=25292, mean=0.582200, stdev=0.208291, best fit=0.701200, best_overall=0.701200, mean_diversity=0.086920,
indivs=15643883, elapsed_secs=25307, mean=0.498270, stdev=0.055318, best fit=0.701200, best_overall=0.701200, mean_diversity=0.075243,
indivs=15653937, elapsed_secs=25322, mean=0.497473, stdev=0.077302, best fit=0.701200, best_overall=0.701200, mean_diversity=0.255829,
indivs=15664058, elapsed_secs=25338, mean=0.471623, stdev=0.159079, best fit=0.701200, best_overall=0.701200, mean_diversity=0.309577,
indivs=15674089, elapsed_secs=25354, mean=0.589587, stdev=0.220310, best fit=0.701200, best_overall=0.701200, mean_diversity=0.028054,
indivs=15684208, elapsed_secs=25368, mean=0.449180, stdev=0.213584, best fit=0.701200, best_overall=0.701200, mean_diversity=0.112386,
indivs=15694258, elapsed_secs=25386, mean=0.502012, stdev=0.020019, best fit=0.701200, best_overall=0.701200, mean_diversity=0.052551,
indivs=15704291, elapsed_secs=25401, mean=0.586826, stdev=0.144529, best fit=0.701200, best_overall=0.701200, mean_diversity=0.142728,
indivs=15714309, elapsed_secs=25418, mean=0.523930, stdev=0.190246, best fit=0.701200, best_overall=0.701200, mean_diversity=0.212740,
indivs=15724391, elapsed_secs=25435, mean=0.587581, stdev=0.103946, best fit=0.701200, best_overall=0.701200, mean_diversity=0.256479,
indivs=15734510, elapsed_secs=25454, mean=0.487923, stdev=0.099612, best fit=0.701200, best_overall=0.701200, mean_diversity=0.157164,
indivs=15744614, elapsed_secs=25469, mean=0.526543, stdev=0.206256, best fit=0.701200, best_overall=0.701200, mean_diversity=0.236618,
indivs=15754653, elapsed_secs=25485, mean=0.498527, stdev=0.057489, best fit=0.701200, best_overall=0.701200, mean_diversity=0.138613,
indivs=15764682, elapsed_secs=25501, mean=0.508731, stdev=0.158737, best fit=0.701200, best_overall=0.701200, mean_diversity=0.376957,
indivs=15774744, elapsed_secs=25519, mean=0.485804, stdev=0.104664, best fit=0.701200, best_overall=0.701200, mean_diversity=0.129932,
indivs=15784831, elapsed_secs=25539, mean=0.596326, stdev=0.144916, best fit=0.701200, best_overall=0.701200, mean_diversity=0.261151,
indivs=15794885, elapsed_secs=25554, mean=0.594580, stdev=0.192721, best fit=0.701200, best_overall=0.701200, mean_diversity=0.089963,
indivs=15804952, elapsed_secs=25571, mean=0.560898, stdev=0.150344, best fit=0.701200, best_overall=0.701200, mean_diversity=0.263178,
indivs=15815020, elapsed_secs=25587, mean=0.505649, stdev=0.066626, best fit=0.701200, best_overall=0.701200, mean_diversity=0.174656,
indivs=15825077, elapsed_secs=25607, mean=0.551916, stdev=0.178112, best fit=0.701200, best_overall=0.701200, mean_diversity=0.372149,
indivs=15835167, elapsed_secs=25627, mean=0.553379, stdev=0.126969, best fit=0.701200, best_overall=0.701200, mean_diversity=0.139525,
indivs=15845270, elapsed_secs=25644, mean=0.493819, stdev=0.113151, best fit=0.701200, best_overall=0.701200, mean_diversity=0.262202,
indivs=15855328, elapsed_secs=25662, mean=0.496656, stdev=0.053910, best fit=0.701200, best_overall=0.701200, mean_diversity=0.097375,
indivs=15865333, elapsed_secs=25678, mean=0.536086, stdev=0.138128, best fit=0.701200, best_overall=0.701200, mean_diversity=0.441117,
indivs=15875357, elapsed_secs=25696, mean=0.462129, stdev=0.108692, best fit=0.701200, best_overall=0.701200, mean_diversity=0.160543,
indivs=15885444, elapsed_secs=25712, mean=0.413678, stdev=0.204491, best fit=0.701200, best_overall=0.701200, mean_diversity=0.269736,
indivs=15895519, elapsed_secs=25728, mean=0.523779, stdev=0.142016, best fit=0.701200, best_overall=0.701200, mean_diversity=0.219790,
indivs=15905526, elapsed_secs=25743, mean=0.496995, stdev=0.053813, best fit=0.701200, best_overall=0.701200, mean_diversity=0.144493,
indivs=15915679, elapsed_secs=25760, mean=0.565403, stdev=0.164704, best fit=0.701200, best_overall=0.701200, mean_diversity=0.178858,
indivs=15925691, elapsed_secs=25776, mean=0.501575, stdev=0.020564, best fit=0.701200, best_overall=0.701200, mean_diversity=0.101123,
indivs=15935701, elapsed_secs=25791, mean=0.473293, stdev=0.201945, best fit=0.701200, best_overall=0.701200, mean_diversity=0.185917,
indivs=15945771, elapsed_secs=25808, mean=0.581457, stdev=0.203046, best fit=0.701200, best_overall=0.701200, mean_diversity=0.179635,
indivs=15955825, elapsed_secs=25825, mean=0.531139, stdev=0.173334, best fit=0.701200, best_overall=0.701200, mean_diversity=0.085898,
indivs=15965924, elapsed_secs=25842, mean=0.500433, stdev=0.128020, best fit=0.701200, best_overall=0.701200, mean_diversity=0.372456,
indivs=15975995, elapsed_secs=25856, mean=0.508461, stdev=0.109582, best fit=0.701200, best_overall=0.701200, mean_diversity=0.114490,
indivs=15986132, elapsed_secs=25872, mean=0.585347, stdev=0.172771, best fit=0.701200, best_overall=0.701200, mean_diversity=0.154930,
indivs=15996220, elapsed_secs=25889, mean=0.486223, stdev=0.138126, best fit=0.701200, best_overall=0.701200, mean_diversity=0.220172,
indivs=16006249, elapsed_secs=25906, mean=0.596908, stdev=0.112121, best fit=0.701200, best_overall=0.701200, mean_diversity=0.220119,
indivs=16016315, elapsed_secs=25924, mean=0.559372, stdev=0.151982, best fit=0.701200, best_overall=0.701200, mean_diversity=0.304434,
indivs=16026354, elapsed_secs=25939, mean=0.497524, stdev=0.054082, best fit=0.701200, best_overall=0.701200, mean_diversity=0.128657,
indivs=16036415, elapsed_secs=25956, mean=0.570870, stdev=0.146373, best fit=0.701200, best_overall=0.701200, mean_diversity=0.189579,
indivs=16046505, elapsed_secs=25973, mean=0.564073, stdev=0.192804, best fit=0.701200, best_overall=0.701200, mean_diversity=0.124567,
indivs=16056604, elapsed_secs=25991, mean=0.612739, stdev=0.131405, best fit=0.701200, best_overall=0.701200, mean_diversity=0.232165,
indivs=16066756, elapsed_secs=26010, mean=0.613328, stdev=0.140526, best fit=0.701200, best_overall=0.701200, mean_diversity=0.100900,
indivs=16076756, elapsed_secs=26027, mean=0.467809, stdev=0.169905, best fit=0.701200, best_overall=0.701200, mean_diversity=0.403401,
indivs=16086866, elapsed_secs=26043, mean=0.496716, stdev=0.054984, best fit=0.701200, best_overall=0.701200, mean_diversity=0.053219,
indivs=16096984, elapsed_secs=26059, mean=0.496633, stdev=0.180623, best fit=0.701200, best_overall=0.701200, mean_diversity=0.294759,
indivs=16107069, elapsed_secs=26074, mean=0.489477, stdev=0.033673, best fit=0.701200, best_overall=0.701200, mean_diversity=0.130161,
indivs=16117097, elapsed_secs=26092, mean=0.520602, stdev=0.124083, best fit=0.701200, best_overall=0.701200, mean_diversity=0.456129,
indivs=16127144, elapsed_secs=26105, mean=0.466219, stdev=0.186939, best fit=0.701200, best_overall=0.701200, mean_diversity=0.191360,
indivs=16137222, elapsed_secs=26121, mean=0.599273, stdev=0.195327, best fit=0.701200, best_overall=0.701200, mean_diversity=0.057313,
indivs=16147329, elapsed_secs=26139, mean=0.600685, stdev=0.103052, best fit=0.701200, best_overall=0.701200, mean_diversity=0.121378,
indivs=16157403, elapsed_secs=26156, mean=0.589555, stdev=0.137342, best fit=0.701200, best_overall=0.701200, mean_diversity=0.303457,
indivs=16167495, elapsed_secs=26174, mean=0.559545, stdev=0.188156, best fit=0.701200, best_overall=0.701200, mean_diversity=0.267871,
indivs=16177503, elapsed_secs=26189, mean=0.518129, stdev=0.122682, best fit=0.701200, best_overall=0.701200, mean_diversity=0.376068,
indivs=16187504, elapsed_secs=26203, mean=0.489324, stdev=0.224001, best fit=0.701200, best_overall=0.701200, mean_diversity=0.275145,
indivs=16197658, elapsed_secs=26219, mean=0.588310, stdev=0.173209, best fit=0.701200, best_overall=0.701200, mean_diversity=0.365443,
indivs=16207663, elapsed_secs=26235, mean=0.516110, stdev=0.206041, best fit=0.701200, best_overall=0.701200, mean_diversity=0.102039,
indivs=16217717, elapsed_secs=26251, mean=0.566776, stdev=0.157310, best fit=0.701200, best_overall=0.701200, mean_diversity=0.223657,
indivs=16227797, elapsed_secs=26269, mean=0.563657, stdev=0.161501, best fit=0.701200, best_overall=0.701200, mean_diversity=0.271976,
indivs=16237893, elapsed_secs=26284, mean=0.591561, stdev=0.119165, best fit=0.701200, best_overall=0.701200, mean_diversity=0.237546,
indivs=16247946, elapsed_secs=26301, mean=0.571560, stdev=0.206736, best fit=0.701200, best_overall=0.701200, mean_diversity=0.073824,
indivs=16257956, elapsed_secs=26316, mean=0.559189, stdev=0.176753, best fit=0.701200, best_overall=0.701200, mean_diversity=0.285889,
indivs=16268021, elapsed_secs=26336, mean=0.508428, stdev=0.174397, best fit=0.701200, best_overall=0.701200, mean_diversity=0.198974,
indivs=16278160, elapsed_secs=26355, mean=0.573089, stdev=0.202237, best fit=0.701200, best_overall=0.701200, mean_diversity=0.115412,
indivs=16288243, elapsed_secs=26369, mean=0.539498, stdev=0.084634, best fit=0.701200, best_overall=0.701200, mean_diversity=0.261912,
indivs=16298350, elapsed_secs=26387, mean=0.576695, stdev=0.166593, best fit=0.701200, best_overall=0.701200, mean_diversity=0.145876,
indivs=16308405, elapsed_secs=26404, mean=0.548643, stdev=0.131906, best fit=0.701200, best_overall=0.701200, mean_diversity=0.240278,
indivs=16318500, elapsed_secs=26419, mean=0.501112, stdev=0.138225, best fit=0.701200, best_overall=0.701200, mean_diversity=0.362548,
indivs=16328504, elapsed_secs=26435, mean=0.581835, stdev=0.145751, best fit=0.701200, best_overall=0.701200, mean_diversity=0.176368,
indivs=16338613, elapsed_secs=26452, mean=0.552505, stdev=0.114957, best fit=0.701200, best_overall=0.701200, mean_diversity=0.068249,
indivs=16348632, elapsed_secs=26469, mean=0.568200, stdev=0.157314, best fit=0.701200, best_overall=0.701200, mean_diversity=0.229935,
indivs=16358636, elapsed_secs=26487, mean=0.512237, stdev=0.156831, best fit=0.701200, best_overall=0.701200, mean_diversity=0.352202,
indivs=16368663, elapsed_secs=26504, mean=0.499512, stdev=0.023013, best fit=0.701200, best_overall=0.701200, mean_diversity=0.053402,
indivs=16378727, elapsed_secs=26523, mean=0.575972, stdev=0.145297, best fit=0.701200, best_overall=0.701200, mean_diversity=0.147538,
indivs=16388828, elapsed_secs=26540, mean=0.554211, stdev=0.234840, best fit=0.701200, best_overall=0.701200, mean_diversity=0.240444,
indivs=16398935, elapsed_secs=26558, mean=0.526769, stdev=0.201098, best fit=0.701200, best_overall=0.701200, mean_diversity=0.138538,
indivs=16409048, elapsed_secs=26571, mean=0.512491, stdev=0.137628, best fit=0.701200, best_overall=0.701200, mean_diversity=0.208411,
indivs=16419050, elapsed_secs=26587, mean=0.487723, stdev=0.059916, best fit=0.701200, best_overall=0.701200, mean_diversity=0.168568,
indivs=16429161, elapsed_secs=26604, mean=0.518571, stdev=0.083929, best fit=0.701200, best_overall=0.701200, mean_diversity=0.145132,
indivs=16439161, elapsed_secs=26621, mean=0.526403, stdev=0.110799, best fit=0.701200, best_overall=0.701200, mean_diversity=0.311389,
indivs=16449175, elapsed_secs=26641, mean=0.555067, stdev=0.133962, best fit=0.701200, best_overall=0.701200, mean_diversity=0.226997,
indivs=16459253, elapsed_secs=26659, mean=0.520035, stdev=0.136176, best fit=0.701200, best_overall=0.701200, mean_diversity=0.216049,
indivs=16469359, elapsed_secs=26676, mean=0.533854, stdev=0.175905, best fit=0.701200, best_overall=0.701200, mean_diversity=0.099721,
indivs=16479443, elapsed_secs=26693, mean=0.580215, stdev=0.138166, best fit=0.701200, best_overall=0.701200, mean_diversity=0.185011,
indivs=16489510, elapsed_secs=26709, mean=0.516081, stdev=0.183800, best fit=0.701200, best_overall=0.701200, mean_diversity=0.360429,
indivs=16499516, elapsed_secs=26725, mean=0.479586, stdev=0.131201, best fit=0.701200, best_overall=0.701200, mean_diversity=0.301154,
indivs=16509540, elapsed_secs=26740, mean=0.476761, stdev=0.097044, best fit=0.701200, best_overall=0.701200, mean_diversity=0.241873,
indivs=16519618, elapsed_secs=26757, mean=0.525729, stdev=0.150786, best fit=0.701200, best_overall=0.701200, mean_diversity=0.367069,
indivs=16529645, elapsed_secs=26773, mean=0.473915, stdev=0.237233, best fit=0.701200, best_overall=0.701200, mean_diversity=0.093862,
indivs=16539766, elapsed_secs=26790, mean=0.541953, stdev=0.085331, best fit=0.701200, best_overall=0.701200, mean_diversity=0.365688,
indivs=16549843, elapsed_secs=26805, mean=0.499238, stdev=0.116079, best fit=0.701200, best_overall=0.701200, mean_diversity=0.245238,
indivs=16559891, elapsed_secs=26820, mean=0.568256, stdev=0.166076, best fit=0.701200, best_overall=0.701200, mean_diversity=0.080435,
indivs=16569994, elapsed_secs=26835, mean=0.512162, stdev=0.046553, best fit=0.701200, best_overall=0.701200, mean_diversity=0.116903,
indivs=16580054, elapsed_secs=26854, mean=0.557419, stdev=0.168533, best fit=0.701200, best_overall=0.701200, mean_diversity=0.358863,
indivs=16590182, elapsed_secs=26870, mean=0.565583, stdev=0.209834, best fit=0.701200, best_overall=0.701200, mean_diversity=0.251102,
indivs=16600260, elapsed_secs=26883, mean=0.599106, stdev=0.143127, best fit=0.701200, best_overall=0.701200, mean_diversity=0.199263,
indivs=16610277, elapsed_secs=26900, mean=0.547624, stdev=0.142713, best fit=0.701200, best_overall=0.701200, mean_diversity=0.427059,
indivs=16620442, elapsed_secs=26920, mean=0.562078, stdev=0.232805, best fit=0.701200, best_overall=0.701200, mean_diversity=0.087509,
indivs=16630577, elapsed_secs=26936, mean=0.546899, stdev=0.131660, best fit=0.701200, best_overall=0.701200, mean_diversity=0.334238,
indivs=16640600, elapsed_secs=26955, mean=0.500857, stdev=0.106917, best fit=0.701200, best_overall=0.701200, mean_diversity=0.333750,
indivs=16650706, elapsed_secs=26974, mean=0.512920, stdev=0.235289, best fit=0.701200, best_overall=0.701200, mean_diversity=0.147284,
indivs=16660739, elapsed_secs=26992, mean=0.573240, stdev=0.172801, best fit=0.701200, best_overall=0.701200, mean_diversity=0.112799,
indivs=16670796, elapsed_secs=27010, mean=0.570939, stdev=0.199668, best fit=0.701200, best_overall=0.701200, mean_diversity=0.083698,
indivs=16680861, elapsed_secs=27028, mean=0.519027, stdev=0.070158, best fit=0.701200, best_overall=0.701200, mean_diversity=0.299724,
indivs=16690867, elapsed_secs=27046, mean=0.550408, stdev=0.162906, best fit=0.701200, best_overall=0.701200, mean_diversity=0.111635,
indivs=16700968, elapsed_secs=27062, mean=0.519253, stdev=0.229136, best fit=0.701200, best_overall=0.701200, mean_diversity=0.137242,
indivs=16711089, elapsed_secs=27079, mean=0.549542, stdev=0.150035, best fit=0.701200, best_overall=0.701200, mean_diversity=0.231564,
indivs=16721136, elapsed_secs=27094, mean=0.581703, stdev=0.171545, best fit=0.701200, best_overall=0.701200, mean_diversity=0.098084,
indivs=16731178, elapsed_secs=27109, mean=0.502881, stdev=0.164320, best fit=0.701200, best_overall=0.701200, mean_diversity=0.303575,
indivs=16741188, elapsed_secs=27125, mean=0.528915, stdev=0.125487, best fit=0.701200, best_overall=0.701200, mean_diversity=0.092552,
indivs=16751213, elapsed_secs=27142, mean=0.551119, stdev=0.162067, best fit=0.701200, best_overall=0.701200, mean_diversity=0.105945,
indivs=16761270, elapsed_secs=27161, mean=0.474629, stdev=0.104742, best fit=0.701200, best_overall=0.701200, mean_diversity=0.167731,
indivs=16771327, elapsed_secs=27176, mean=0.597946, stdev=0.097372, best fit=0.701200, best_overall=0.701200, mean_diversity=0.129252,
indivs=16781327, elapsed_secs=27191, mean=0.546916, stdev=0.150926, best fit=0.701200, best_overall=0.701200, mean_diversity=0.047811,
indivs=16791415, elapsed_secs=27206, mean=0.508512, stdev=0.191651, best fit=0.701200, best_overall=0.701200, mean_diversity=0.371074,
indivs=16801444, elapsed_secs=27222, mean=0.538837, stdev=0.143462, best fit=0.701200, best_overall=0.701200, mean_diversity=0.193372,
indivs=16811505, elapsed_secs=27240, mean=0.501985, stdev=0.020022, best fit=0.701200, best_overall=0.701200, mean_diversity=0.080070,
indivs=16821576, elapsed_secs=27258, mean=0.541402, stdev=0.125686, best fit=0.701200, best_overall=0.701200, mean_diversity=0.190364,
indivs=16831626, elapsed_secs=27276, mean=0.528488, stdev=0.173997, best fit=0.701200, best_overall=0.701200, mean_diversity=0.176398,
indivs=16841748, elapsed_secs=27294, mean=0.521980, stdev=0.115077, best fit=0.701200, best_overall=0.701200, mean_diversity=0.383630,
indivs=16851841, elapsed_secs=27309, mean=0.431213, stdev=0.062911, best fit=0.701200, best_overall=0.701200, mean_diversity=0.105319,
indivs=16861915, elapsed_secs=27323, mean=0.474861, stdev=0.131506, best fit=0.701200, best_overall=0.701200, mean_diversity=0.276623,
indivs=16871937, elapsed_secs=27339, mean=0.583010, stdev=0.157394, best fit=0.701200, best_overall=0.701200, mean_diversity=0.141816,
indivs=16881973, elapsed_secs=27355, mean=0.492097, stdev=0.069890, best fit=0.701200, best_overall=0.701200, mean_diversity=0.133946,
indivs=16891999, elapsed_secs=27372, mean=0.491461, stdev=0.108463, best fit=0.701200, best_overall=0.701200, mean_diversity=0.217244,
indivs=16902090, elapsed_secs=27389, mean=0.564475, stdev=0.162454, best fit=0.701200, best_overall=0.701200, mean_diversity=0.189359,
indivs=16912091, elapsed_secs=27406, mean=0.545934, stdev=0.140069, best fit=0.701200, best_overall=0.701200, mean_diversity=0.329313,
indivs=16922172, elapsed_secs=27421, mean=0.493009, stdev=0.170832, best fit=0.701200, best_overall=0.701200, mean_diversity=0.237010,
indivs=16932279, elapsed_secs=27441, mean=0.551554, stdev=0.169422, best fit=0.701200, best_overall=0.701200, mean_diversity=0.154079,
indivs=16942295, elapsed_secs=27460, mean=0.552113, stdev=0.144587, best fit=0.701200, best_overall=0.701200, mean_diversity=0.201220,
indivs=16952416, elapsed_secs=27477, mean=0.547187, stdev=0.118675, best fit=0.701200, best_overall=0.701200, mean_diversity=0.342078,
indivs=16962575, elapsed_secs=27493, mean=0.607573, stdev=0.147330, best fit=0.701200, best_overall=0.701200, mean_diversity=0.069751,
indivs=16972657, elapsed_secs=27508, mean=0.591963, stdev=0.160332, best fit=0.701200, best_overall=0.701200, mean_diversity=0.206679,
indivs=16982659, elapsed_secs=27525, mean=0.559328, stdev=0.164674, best fit=0.701200, best_overall=0.701200, mean_diversity=0.189689,
indivs=16992666, elapsed_secs=27544, mean=0.584957, stdev=0.150002, best fit=0.701200, best_overall=0.701200, mean_diversity=0.098557,
indivs=17002704, elapsed_secs=27559, mean=0.554109, stdev=0.092389, best fit=0.701200, best_overall=0.701200, mean_diversity=0.227533,
indivs=17012815, elapsed_secs=27574, mean=0.511694, stdev=0.120137, best fit=0.701200, best_overall=0.701200, mean_diversity=0.343354,
indivs=17022881, elapsed_secs=27591, mean=0.553560, stdev=0.168994, best fit=0.701200, best_overall=0.701200, mean_diversity=0.224779,
indivs=17032978, elapsed_secs=27606, mean=0.489971, stdev=0.038916, best fit=0.701200, best_overall=0.701200, mean_diversity=0.263963,
indivs=17042988, elapsed_secs=27622, mean=0.534221, stdev=0.152548, best fit=0.701200, best_overall=0.701200, mean_diversity=0.077948,
indivs=17053059, elapsed_secs=27640, mean=0.544145, stdev=0.086938, best fit=0.701200, best_overall=0.701200, mean_diversity=0.241357,
indivs=17063124, elapsed_secs=27655, mean=0.513690, stdev=0.124432, best fit=0.701200, best_overall=0.701200, mean_diversity=0.339906,
indivs=17073223, elapsed_secs=27674, mean=0.560285, stdev=0.122093, best fit=0.701200, best_overall=0.701200, mean_diversity=0.194286,
indivs=17083290, elapsed_secs=27688, mean=0.519012, stdev=0.139436, best fit=0.701200, best_overall=0.701200, mean_diversity=0.208499,
indivs=17093291, elapsed_secs=27701, mean=0.594914, stdev=0.100792, best fit=0.701200, best_overall=0.701200, mean_diversity=0.119581,
indivs=17103342, elapsed_secs=27716, mean=0.538997, stdev=0.083058, best fit=0.701200, best_overall=0.701200, mean_diversity=0.349646,
indivs=17113360, elapsed_secs=27736, mean=0.552933, stdev=0.111896, best fit=0.701200, best_overall=0.701200, mean_diversity=0.067385,
indivs=17123412, elapsed_secs=27756, mean=0.504694, stdev=0.081454, best fit=0.701200, best_overall=0.701200, mean_diversity=0.190427,
indivs=17133457, elapsed_secs=27775, mean=0.593989, stdev=0.140264, best fit=0.701200, best_overall=0.701200, mean_diversity=0.292541,
indivs=17143495, elapsed_secs=27791, mean=0.604547, stdev=0.172225, best fit=0.701200, best_overall=0.701200, mean_diversity=0.040040,
indivs=17153598, elapsed_secs=27808, mean=0.478451, stdev=0.235187, best fit=0.701200, best_overall=0.701200, mean_diversity=0.265932,
indivs=17163620, elapsed_secs=27825, mean=0.497012, stdev=0.053813, best fit=0.701200, best_overall=0.701200, mean_diversity=0.152039,
indivs=17173683, elapsed_secs=27845, mean=0.598879, stdev=0.177708, best fit=0.701200, best_overall=0.701200, mean_diversity=0.066250,
indivs=17183751, elapsed_secs=27863, mean=0.599719, stdev=0.152167, best fit=0.701200, best_overall=0.701200, mean_diversity=0.205732,
indivs=17193814, elapsed_secs=27883, mean=0.541055, stdev=0.157367, best fit=0.701200, best_overall=0.701200, mean_diversity=0.258652,
indivs=17203830, elapsed_secs=27899, mean=0.486600, stdev=0.140801, best fit=0.701200, best_overall=0.701200, mean_diversity=0.173382,
indivs=17213908, elapsed_secs=27917, mean=0.469877, stdev=0.233432, best fit=0.701200, best_overall=0.701200, mean_diversity=0.352535,
indivs=17223909, elapsed_secs=27935, mean=0.565215, stdev=0.083224, best fit=0.701200, best_overall=0.701200, mean_diversity=0.173846,
indivs=17233993, elapsed_secs=27954, mean=0.517729, stdev=0.097008, best fit=0.701200, best_overall=0.701200, mean_diversity=0.222271,
indivs=17244036, elapsed_secs=27975, mean=0.500262, stdev=0.030524, best fit=0.701200, best_overall=0.701200, mean_diversity=0.179448,
indivs=17254061, elapsed_secs=27990, mean=0.465344, stdev=0.088184, best fit=0.701200, best_overall=0.701200, mean_diversity=0.306202,
indivs=17264161, elapsed_secs=28006, mean=0.482460, stdev=0.094125, best fit=0.701200, best_overall=0.701200, mean_diversity=0.213191,
indivs=17274182, elapsed_secs=28021, mean=0.518496, stdev=0.116364, best fit=0.701200, best_overall=0.701200, mean_diversity=0.229795,
indivs=17284244, elapsed_secs=28036, mean=0.558387, stdev=0.106562, best fit=0.701200, best_overall=0.701200, mean_diversity=0.220319,
indivs=17294286, elapsed_secs=28054, mean=0.525107, stdev=0.183245, best fit=0.701200, best_overall=0.701200, mean_diversity=0.226945,
indivs=17304326, elapsed_secs=28071, mean=0.548116, stdev=0.201505, best fit=0.701200, best_overall=0.701200, mean_diversity=0.106195,
indivs=17314333, elapsed_secs=28091, mean=0.562286, stdev=0.178176, best fit=0.701200, best_overall=0.701200, mean_diversity=0.196120,
indivs=17324372, elapsed_secs=28106, mean=0.513896, stdev=0.099174, best fit=0.701200, best_overall=0.701200, mean_diversity=0.189248,
indivs=17334396, elapsed_secs=28121, mean=0.562213, stdev=0.098626, best fit=0.701200, best_overall=0.701200, mean_diversity=0.343125,
indivs=17344495, elapsed_secs=28138, mean=0.495162, stdev=0.140304, best fit=0.701200, best_overall=0.701200, mean_diversity=0.252468,
indivs=17354527, elapsed_secs=28153, mean=0.481535, stdev=0.094590, best fit=0.701200, best_overall=0.701200, mean_diversity=0.251279,
indivs=17364557, elapsed_secs=28171, mean=0.572065, stdev=0.108351, best fit=0.701200, best_overall=0.701200, mean_diversity=0.148734,
indivs=17374705, elapsed_secs=28187, mean=0.598190, stdev=0.138201, best fit=0.701200, best_overall=0.701200, mean_diversity=0.152963,
indivs=17384760, elapsed_secs=28205, mean=0.567291, stdev=0.194470, best fit=0.701200, best_overall=0.701200, mean_diversity=0.116382,
indivs=17394873, elapsed_secs=28222, mean=0.559609, stdev=0.176346, best fit=0.701200, best_overall=0.701200, mean_diversity=0.036203,
indivs=17404969, elapsed_secs=28241, mean=0.504208, stdev=0.116427, best fit=0.701200, best_overall=0.701200, mean_diversity=0.320502,
indivs=17415021, elapsed_secs=28257, mean=0.553183, stdev=0.135753, best fit=0.701200, best_overall=0.701200, mean_diversity=0.385635,
indivs=17425158, elapsed_secs=28273, mean=0.535981, stdev=0.191614, best fit=0.701200, best_overall=0.701200, mean_diversity=0.217292,
indivs=17435183, elapsed_secs=28288, mean=0.511769, stdev=0.046592, best fit=0.701200, best_overall=0.701200, mean_diversity=0.121273,
indivs=17445281, elapsed_secs=28305, mean=0.574214, stdev=0.171024, best fit=0.701200, best_overall=0.701200, mean_diversity=0.128542,
indivs=17455417, elapsed_secs=28324, mean=0.583138, stdev=0.178664, best fit=0.701200, best_overall=0.701200, mean_diversity=0.137870,
indivs=17465523, elapsed_secs=28339, mean=0.532211, stdev=0.231549, best fit=0.701200, best_overall=0.701200, mean_diversity=0.050026,
indivs=17475547, elapsed_secs=28355, mean=0.490709, stdev=0.138754, best fit=0.701200, best_overall=0.701200, mean_diversity=0.237256,
indivs=17485705, elapsed_secs=28372, mean=0.571669, stdev=0.138982, best fit=0.701200, best_overall=0.701200, mean_diversity=0.182371,
indivs=17495713, elapsed_secs=28390, mean=0.493447, stdev=0.083439, best fit=0.701200, best_overall=0.701200, mean_diversity=0.221472,
indivs=17505747, elapsed_secs=28408, mean=0.480971, stdev=0.183675, best fit=0.701200, best_overall=0.701200, mean_diversity=0.260072,
indivs=17515770, elapsed_secs=28422, mean=0.572344, stdev=0.140833, best fit=0.701200, best_overall=0.701200, mean_diversity=0.059712,
indivs=17525846, elapsed_secs=28437, mean=0.520527, stdev=0.060561, best fit=0.701200, best_overall=0.701200, mean_diversity=0.145976,
indivs=17535954, elapsed_secs=28455, mean=0.421519, stdev=0.211156, best fit=0.701200, best_overall=0.701200, mean_diversity=0.109891,
indivs=17546076, elapsed_secs=28471, mean=0.506962, stdev=0.224331, best fit=0.701200, best_overall=0.701200, mean_diversity=0.335620,
indivs=17556138, elapsed_secs=28487, mean=0.559886, stdev=0.117619, best fit=0.701200, best_overall=0.701200, mean_diversity=0.186509,
indivs=17566248, elapsed_secs=28504, mean=0.519383, stdev=0.214846, best fit=0.701200, best_overall=0.701200, mean_diversity=0.070417,
indivs=17576356, elapsed_secs=28524, mean=0.538858, stdev=0.109103, best fit=0.701200, best_overall=0.701200, mean_diversity=0.349495,
indivs=17586422, elapsed_secs=28542, mean=0.573046, stdev=0.066436, best fit=0.701200, best_overall=0.701200, mean_diversity=0.131202,
indivs=17596563, elapsed_secs=28557, mean=0.587023, stdev=0.163973, best fit=0.701200, best_overall=0.701200, mean_diversity=0.144964,
indivs=17606620, elapsed_secs=28576, mean=0.514547, stdev=0.155225, best fit=0.701200, best_overall=0.701200, mean_diversity=0.290000,
indivs=17616622, elapsed_secs=28593, mean=0.505734, stdev=0.140235, best fit=0.701200, best_overall=0.701200, mean_diversity=0.276815,
indivs=17626685, elapsed_secs=28609, mean=0.453531, stdev=0.111317, best fit=0.701200, best_overall=0.701200, mean_diversity=0.216055,
indivs=17636765, elapsed_secs=28624, mean=0.513392, stdev=0.123257, best fit=0.701200, best_overall=0.701200, mean_diversity=0.381366,
indivs=17646792, elapsed_secs=28640, mean=0.496133, stdev=0.103478, best fit=0.701200, best_overall=0.701200, mean_diversity=0.304490,
indivs=17656909, elapsed_secs=28655, mean=0.576629, stdev=0.108421, best fit=0.701200, best_overall=0.701200, mean_diversity=0.173819,
indivs=17666947, elapsed_secs=28674, mean=0.538221, stdev=0.225547, best fit=0.701200, best_overall=0.701200, mean_diversity=0.161250,
indivs=17677049, elapsed_secs=28691, mean=0.592128, stdev=0.120104, best fit=0.701200, best_overall=0.701200, mean_diversity=0.061735,
indivs=17687066, elapsed_secs=28707, mean=0.595705, stdev=0.111728, best fit=0.701200, best_overall=0.701200, mean_diversity=0.132451,
indivs=17697127, elapsed_secs=28724, mean=0.590805, stdev=0.178504, best fit=0.701200, best_overall=0.701200, mean_diversity=0.108214,
indivs=17707213, elapsed_secs=28740, mean=0.527309, stdev=0.107005, best fit=0.701200, best_overall=0.701200, mean_diversity=0.159213,
indivs=17717321, elapsed_secs=28758, mean=0.594327, stdev=0.164793, best fit=0.701200, best_overall=0.701200, mean_diversity=0.077861,
indivs=17727324, elapsed_secs=28773, mean=0.526324, stdev=0.142428, best fit=0.701200, best_overall=0.701200, mean_diversity=0.200297,
indivs=17737467, elapsed_secs=28790, mean=0.594588, stdev=0.156544, best fit=0.701200, best_overall=0.701200, mean_diversity=0.164790,
indivs=17747497, elapsed_secs=28808, mean=0.582911, stdev=0.127129, best fit=0.701200, best_overall=0.701200, mean_diversity=0.155042,
indivs=17757626, elapsed_secs=28823, mean=0.561905, stdev=0.196710, best fit=0.701200, best_overall=0.701200, mean_diversity=0.111306,
indivs=17767716, elapsed_secs=28838, mean=0.570753, stdev=0.124830, best fit=0.701200, best_overall=0.701200, mean_diversity=0.216951,
indivs=17777802, elapsed_secs=28852, mean=0.629912, stdev=0.111864, best fit=0.701200, best_overall=0.701200, mean_diversity=0.056613,
indivs=17787847, elapsed_secs=28868, mean=0.579208, stdev=0.130721, best fit=0.701200, best_overall=0.701200, mean_diversity=0.088990,
indivs=17797869, elapsed_secs=28882, mean=0.497105, stdev=0.088254, best fit=0.701200, best_overall=0.701200, mean_diversity=0.201395,
indivs=17807950, elapsed_secs=28899, mean=0.494466, stdev=0.111013, best fit=0.701200, best_overall=0.701200, mean_diversity=0.206008,
indivs=17818035, elapsed_secs=28917, mean=0.516999, stdev=0.127056, best fit=0.701200, best_overall=0.701200, mean_diversity=0.170422,
indivs=17828149, elapsed_secs=28934, mean=0.596888, stdev=0.162078, best fit=0.701200, best_overall=0.701200, mean_diversity=0.139654,
indivs=17838165, elapsed_secs=28950, mean=0.490976, stdev=0.117440, best fit=0.701200, best_overall=0.701200, mean_diversity=0.230200,
indivs=17848329, elapsed_secs=28967, mean=0.592652, stdev=0.166208, best fit=0.701200, best_overall=0.701200, mean_diversity=0.106401,
indivs=17858340, elapsed_secs=28984, mean=0.551343, stdev=0.133928, best fit=0.701200, best_overall=0.701200, mean_diversity=0.276193,
indivs=17868495, elapsed_secs=29001, mean=0.616848, stdev=0.079313, best fit=0.701200, best_overall=0.701200, mean_diversity=0.051329,
indivs=17878571, elapsed_secs=29016, mean=0.552898, stdev=0.185067, best fit=0.701200, best_overall=0.701200, mean_diversity=0.300925,
indivs=17888635, elapsed_secs=29030, mean=0.576409, stdev=0.174477, best fit=0.701200, best_overall=0.701200, mean_diversity=0.131679,
indivs=17898668, elapsed_secs=29049, mean=0.555067, stdev=0.125079, best fit=0.701200, best_overall=0.701200, mean_diversity=0.207855,
indivs=17908705, elapsed_secs=29066, mean=0.512470, stdev=0.099296, best fit=0.701200, best_overall=0.701200, mean_diversity=0.215874,
indivs=17918724, elapsed_secs=29083, mean=0.536270, stdev=0.145565, best fit=0.701200, best_overall=0.701200, mean_diversity=0.089009,
indivs=17928781, elapsed_secs=29099, mean=0.584084, stdev=0.174030, best fit=0.701200, best_overall=0.701200, mean_diversity=0.164765,
indivs=17938781, elapsed_secs=29119, mean=0.557138, stdev=0.109533, best fit=0.701200, best_overall=0.701200, mean_diversity=0.259197,
indivs=17948868, elapsed_secs=29133, mean=0.565851, stdev=0.176029, best fit=0.701200, best_overall=0.701200, mean_diversity=0.157730,
indivs=17958972, elapsed_secs=29151, mean=0.564835, stdev=0.147243, best fit=0.701200, best_overall=0.701200, mean_diversity=0.138368,
indivs=17969039, elapsed_secs=29170, mean=0.485400, stdev=0.137862, best fit=0.701200, best_overall=0.701200, mean_diversity=0.322616,
indivs=17979099, elapsed_secs=29187, mean=0.513833, stdev=0.161761, best fit=0.701200, best_overall=0.701200, mean_diversity=0.162215,
indivs=17989191, elapsed_secs=29204, mean=0.514629, stdev=0.106622, best fit=0.701200, best_overall=0.701200, mean_diversity=0.264286,
indivs=17999233, elapsed_secs=29224, mean=0.508134, stdev=0.070727, best fit=0.701200, best_overall=0.701200, mean_diversity=0.196369,
indivs=18009281, elapsed_secs=29242, mean=0.554920, stdev=0.176857, best fit=0.701200, best_overall=0.701200, mean_diversity=0.274582,
indivs=18019300, elapsed_secs=29259, mean=0.537620, stdev=0.124326, best fit=0.701200, best_overall=0.701200, mean_diversity=0.233963,
indivs=18029348, elapsed_secs=29274, mean=0.564832, stdev=0.191285, best fit=0.701200, best_overall=0.701200, mean_diversity=0.181107,
indivs=18039425, elapsed_secs=29292, mean=0.517026, stdev=0.119247, best fit=0.701200, best_overall=0.701200, mean_diversity=0.298415,
indivs=18049544, elapsed_secs=29309, mean=0.594256, stdev=0.165116, best fit=0.701200, best_overall=0.701200, mean_diversity=0.125181,
indivs=18059571, elapsed_secs=29325, mean=0.545657, stdev=0.139056, best fit=0.701200, best_overall=0.701200, mean_diversity=0.284848,
indivs=18069712, elapsed_secs=29340, mean=0.551396, stdev=0.208977, best fit=0.701200, best_overall=0.701200, mean_diversity=0.185477,
indivs=18079746, elapsed_secs=29358, mean=0.561416, stdev=0.108703, best fit=0.701200, best_overall=0.701200, mean_diversity=0.261796,
indivs=18089747, elapsed_secs=29375, mean=0.547862, stdev=0.080447, best fit=0.701200, best_overall=0.701200, mean_diversity=0.304811,
indivs=18099811, elapsed_secs=29392, mean=0.496882, stdev=0.053821, best fit=0.701200, best_overall=0.701200, mean_diversity=0.091656,
indivs=18109936, elapsed_secs=29408, mean=0.556852, stdev=0.158628, best fit=0.701200, best_overall=0.701200, mean_diversity=0.209643,
indivs=18120004, elapsed_secs=29427, mean=0.535970, stdev=0.192578, best fit=0.701200, best_overall=0.701200, mean_diversity=0.094508,
indivs=18130028, elapsed_secs=29444, mean=0.579703, stdev=0.149687, best fit=0.701200, best_overall=0.701200, mean_diversity=0.097896,
indivs=18140124, elapsed_secs=29459, mean=0.608453, stdev=0.162910, best fit=0.701200, best_overall=0.701200, mean_diversity=0.078876,
indivs=18150268, elapsed_secs=29476, mean=0.553732, stdev=0.178449, best fit=0.701200, best_overall=0.701200, mean_diversity=0.158494,
indivs=18160306, elapsed_secs=29491, mean=0.538822, stdev=0.209139, best fit=0.701200, best_overall=0.701200, mean_diversity=0.096681,
indivs=18170316, elapsed_secs=29506, mean=0.527642, stdev=0.147111, best fit=0.701200, best_overall=0.701200, mean_diversity=0.403866,
indivs=18180399, elapsed_secs=29523, mean=0.558714, stdev=0.088634, best fit=0.701200, best_overall=0.701200, mean_diversity=0.441724,
indivs=18190456, elapsed_secs=29540, mean=0.527165, stdev=0.139176, best fit=0.701200, best_overall=0.701200, mean_diversity=0.218560,
indivs=18200475, elapsed_secs=29558, mean=0.532942, stdev=0.248824, best fit=0.701200, best_overall=0.701200, mean_diversity=0.055792,
indivs=18210475, elapsed_secs=29573, mean=0.502012, stdev=0.020019, best fit=0.701200, best_overall=0.701200, mean_diversity=0.046278,
indivs=18220579, elapsed_secs=29590, mean=0.483873, stdev=0.075705, best fit=0.701200, best_overall=0.701200, mean_diversity=0.155129,
indivs=18230583, elapsed_secs=29607, mean=0.558002, stdev=0.136604, best fit=0.701200, best_overall=0.701200, mean_diversity=0.089528,
indivs=18240681, elapsed_secs=29620, mean=0.546883, stdev=0.097042, best fit=0.701200, best_overall=0.701200, mean_diversity=0.303769,
indivs=18250697, elapsed_secs=29638, mean=0.567395, stdev=0.167555, best fit=0.701200, best_overall=0.701200, mean_diversity=0.078483,
indivs=18260794, elapsed_secs=29654, mean=0.493013, stdev=0.028390, best fit=0.701200, best_overall=0.701200, mean_diversity=0.157226,
indivs=18270875, elapsed_secs=29668, mean=0.581163, stdev=0.071133, best fit=0.701200, best_overall=0.701200, mean_diversity=0.113545,
indivs=18280915, elapsed_secs=29682, mean=0.437883, stdev=0.174956, best fit=0.701200, best_overall=0.701200, mean_diversity=0.259125,
indivs=18291029, elapsed_secs=29699, mean=0.550973, stdev=0.194641, best fit=0.701200, best_overall=0.701200, mean_diversity=0.214139,
indivs=18301069, elapsed_secs=29716, mean=0.523418, stdev=0.099156, best fit=0.701200, best_overall=0.701200, mean_diversity=0.342353,
indivs=18311154, elapsed_secs=29732, mean=0.479407, stdev=0.102943, best fit=0.701200, best_overall=0.701200, mean_diversity=0.168066,
indivs=18321249, elapsed_secs=29751, mean=0.611596, stdev=0.116210, best fit=0.701200, best_overall=0.701200, mean_diversity=0.219838,
indivs=18331311, elapsed_secs=29768, mean=0.583190, stdev=0.185516, best fit=0.701200, best_overall=0.701200, mean_diversity=0.124164,
indivs=18341462, elapsed_secs=29788, mean=0.566856, stdev=0.199404, best fit=0.701200, best_overall=0.701200, mean_diversity=0.281477,
indivs=18351527, elapsed_secs=29805, mean=0.558477, stdev=0.126481, best fit=0.701200, best_overall=0.701200, mean_diversity=0.437696,
indivs=18361572, elapsed_secs=29821, mean=0.535602, stdev=0.107161, best fit=0.701200, best_overall=0.701200, mean_diversity=0.193033,
indivs=18371605, elapsed_secs=29838, mean=0.523774, stdev=0.123713, best fit=0.701200, best_overall=0.701200, mean_diversity=0.240970,
indivs=18381740, elapsed_secs=29856, mean=0.588964, stdev=0.175681, best fit=0.701200, best_overall=0.701200, mean_diversity=0.104162,
indivs=18391865, elapsed_secs=29875, mean=0.542698, stdev=0.176897, best fit=0.701200, best_overall=0.701200, mean_diversity=0.165526,
indivs=18401907, elapsed_secs=29893, mean=0.523759, stdev=0.165568, best fit=0.701200, best_overall=0.701200, mean_diversity=0.256906,
indivs=18412020, elapsed_secs=29909, mean=0.588420, stdev=0.154248, best fit=0.701200, best_overall=0.701200, mean_diversity=0.058472,
indivs=18422140, elapsed_secs=29925, mean=0.532867, stdev=0.176303, best fit=0.701200, best_overall=0.701200, mean_diversity=0.072244,
indivs=18432239, elapsed_secs=29941, mean=0.505867, stdev=0.036809, best fit=0.701200, best_overall=0.701200, mean_diversity=0.088674,
indivs=18442319, elapsed_secs=29956, mean=0.572262, stdev=0.115343, best fit=0.701200, best_overall=0.701200, mean_diversity=0.059494,
indivs=18452375, elapsed_secs=29973, mean=0.532357, stdev=0.114721, best fit=0.701200, best_overall=0.701200, mean_diversity=0.551313,
indivs=18462497, elapsed_secs=29990, mean=0.534440, stdev=0.150269, best fit=0.701200, best_overall=0.701200, mean_diversity=0.284521,
indivs=18472499, elapsed_secs=30005, mean=0.502858, stdev=0.103015, best fit=0.701200, best_overall=0.701200, mean_diversity=0.495917,
indivs=18482555, elapsed_secs=30019, mean=0.594024, stdev=0.132754, best fit=0.701200, best_overall=0.701200, mean_diversity=0.228693,
indivs=18492663, elapsed_secs=30034, mean=0.511442, stdev=0.110828, best fit=0.701200, best_overall=0.701200, mean_diversity=0.242700,
indivs=18502677, elapsed_secs=30049, mean=0.501940, stdev=0.020033, best fit=0.701200, best_overall=0.701200, mean_diversity=0.076487,
indivs=18512684, elapsed_secs=30066, mean=0.520611, stdev=0.055946, best fit=0.701200, best_overall=0.701200, mean_diversity=0.225607,
indivs=18522794, elapsed_secs=30082, mean=0.574689, stdev=0.184651, best fit=0.701200, best_overall=0.701200, mean_diversity=0.109940,
indivs=18532858, elapsed_secs=30097, mean=0.564160, stdev=0.171049, best fit=0.701200, best_overall=0.701200, mean_diversity=0.190049,
indivs=18542950, elapsed_secs=30112, mean=0.513420, stdev=0.232402, best fit=0.701200, best_overall=0.701200, mean_diversity=0.242103,
indivs=18552984, elapsed_secs=30127, mean=0.477286, stdev=0.158948, best fit=0.701200, best_overall=0.701200, mean_diversity=0.325915,
indivs=18563020, elapsed_secs=30142, mean=0.616894, stdev=0.129096, best fit=0.701200, best_overall=0.701200, mean_diversity=0.053657,
indivs=18573096, elapsed_secs=30160, mean=0.505953, stdev=0.106902, best fit=0.701200, best_overall=0.701200, mean_diversity=0.120278,
indivs=18583125, elapsed_secs=30178, mean=0.500854, stdev=0.022470, best fit=0.701200, best_overall=0.701200, mean_diversity=0.048947,
indivs=18593140, elapsed_secs=30194, mean=0.522327, stdev=0.125636, best fit=0.701200, best_overall=0.701200, mean_diversity=0.358502,
indivs=18603210, elapsed_secs=30211, mean=0.572423, stdev=0.171086, best fit=0.701200, best_overall=0.701200, mean_diversity=0.199864,
indivs=18613358, elapsed_secs=30230, mean=0.571025, stdev=0.189440, best fit=0.701200, best_overall=0.701200, mean_diversity=0.183423,
indivs=18623458, elapsed_secs=30247, mean=0.475212, stdev=0.160721, best fit=0.701200, best_overall=0.701200, mean_diversity=0.200519,
indivs=18633487, elapsed_secs=30262, mean=0.499072, stdev=0.117591, best fit=0.701200, best_overall=0.701200, mean_diversity=0.370161,
indivs=18643566, elapsed_secs=30278, mean=0.563385, stdev=0.172663, best fit=0.701200, best_overall=0.701200, mean_diversity=0.067014,
indivs=18653589, elapsed_secs=30293, mean=0.590306, stdev=0.147141, best fit=0.701200, best_overall=0.701200, mean_diversity=0.069213,
indivs=18663606, elapsed_secs=30310, mean=0.530911, stdev=0.114961, best fit=0.701200, best_overall=0.701200, mean_diversity=0.319545,
indivs=18673709, elapsed_secs=30325, mean=0.549655, stdev=0.184112, best fit=0.701200, best_overall=0.701200, mean_diversity=0.109645,
indivs=18683793, elapsed_secs=30340, mean=0.548518, stdev=0.189559, best fit=0.701200, best_overall=0.701200, mean_diversity=0.177912,
indivs=18693817, elapsed_secs=30358, mean=0.511160, stdev=0.136548, best fit=0.701200, best_overall=0.701200, mean_diversity=0.304537,
indivs=18703941, elapsed_secs=30377, mean=0.598599, stdev=0.141781, best fit=0.701200, best_overall=0.701200, mean_diversity=0.088434,
indivs=18713995, elapsed_secs=30394, mean=0.475983, stdev=0.167424, best fit=0.701200, best_overall=0.701200, mean_diversity=0.148598,
indivs=18724040, elapsed_secs=30408, mean=0.569864, stdev=0.136748, best fit=0.701200, best_overall=0.701200, mean_diversity=0.234883,
indivs=18734124, elapsed_secs=30425, mean=0.609600, stdev=0.140682, best fit=0.701200, best_overall=0.701200, mean_diversity=0.245926,
indivs=18744141, elapsed_secs=30442, mean=0.478098, stdev=0.075747, best fit=0.701200, best_overall=0.701200, mean_diversity=0.304604,
indivs=18754210, elapsed_secs=30456, mean=0.545906, stdev=0.141553, best fit=0.701200, best_overall=0.701200, mean_diversity=0.248586,
indivs=18764332, elapsed_secs=30474, mean=0.575246, stdev=0.160886, best fit=0.701200, best_overall=0.701200, mean_diversity=0.265000,
indivs=18774471, elapsed_secs=30490, mean=0.521134, stdev=0.163655, best fit=0.701200, best_overall=0.701200, mean_diversity=0.277372,
indivs=18784554, elapsed_secs=30507, mean=0.503996, stdev=0.027973, best fit=0.701200, best_overall=0.701200, mean_diversity=0.048378,
indivs=18794562, elapsed_secs=30524, mean=0.536535, stdev=0.138751, best fit=0.701200, best_overall=0.701200, mean_diversity=0.243306,
indivs=18804613, elapsed_secs=30540, mean=0.481693, stdev=0.155763, best fit=0.701200, best_overall=0.701200, mean_diversity=0.234631,
indivs=18814685, elapsed_secs=30556, mean=0.561324, stdev=0.145988, best fit=0.701200, best_overall=0.701200, mean_diversity=0.224245,
indivs=18824691, elapsed_secs=30571, mean=0.502012, stdev=0.020019, best fit=0.701200, best_overall=0.701200, mean_diversity=0.046397,
indivs=18834708, elapsed_secs=30587, mean=0.613782, stdev=0.173814, best fit=0.701200, best_overall=0.701200, mean_diversity=0.095984,
indivs=18844789, elapsed_secs=30606, mean=0.561439, stdev=0.125990, best fit=0.701200, best_overall=0.701200, mean_diversity=0.103041,
indivs=18854844, elapsed_secs=30624, mean=0.529316, stdev=0.226465, best fit=0.701200, best_overall=0.701200, mean_diversity=0.125406,
indivs=18864852, elapsed_secs=30639, mean=0.558318, stdev=0.135980, best fit=0.701200, best_overall=0.701200, mean_diversity=0.300448,
indivs=18874868, elapsed_secs=30655, mean=0.523990, stdev=0.136300, best fit=0.701200, best_overall=0.701200, mean_diversity=0.446453,
indivs=18884894, elapsed_secs=30673, mean=0.569065, stdev=0.192599, best fit=0.701200, best_overall=0.701200, mean_diversity=0.066809,
indivs=18895045, elapsed_secs=30690, mean=0.576271, stdev=0.191973, best fit=0.701200, best_overall=0.701200, mean_diversity=0.078065,
indivs=18905077, elapsed_secs=30707, mean=0.550853, stdev=0.133447, best fit=0.701200, best_overall=0.701200, mean_diversity=0.307760,
indivs=18915105, elapsed_secs=30722, mean=0.534801, stdev=0.127550, best fit=0.701200, best_overall=0.701200, mean_diversity=0.391579,
indivs=18925111, elapsed_secs=30738, mean=0.532723, stdev=0.216918, best fit=0.701200, best_overall=0.701200, mean_diversity=0.175237,
indivs=18935222, elapsed_secs=30752, mean=0.552131, stdev=0.194627, best fit=0.701200, best_overall=0.701200, mean_diversity=0.055621,
indivs=18945251, elapsed_secs=30773, mean=0.483301, stdev=0.088800, best fit=0.701200, best_overall=0.701200, mean_diversity=0.167211,
indivs=18955296, elapsed_secs=30789, mean=0.511889, stdev=0.124976, best fit=0.701200, best_overall=0.701200, mean_diversity=0.260356,
indivs=18965336, elapsed_secs=30806, mean=0.527420, stdev=0.067662, best fit=0.701200, best_overall=0.701200, mean_diversity=0.185853,
indivs=18975411, elapsed_secs=30824, mean=0.536652, stdev=0.129207, best fit=0.701200, best_overall=0.701200, mean_diversity=0.112511,
indivs=18985434, elapsed_secs=30841, mean=0.503514, stdev=0.136166, best fit=0.701200, best_overall=0.701200, mean_diversity=0.283170,
indivs=18995560, elapsed_secs=30854, mean=0.552633, stdev=0.160353, best fit=0.701200, best_overall=0.701200, mean_diversity=0.186624,
indivs=19005646, elapsed_secs=30870, mean=0.442730, stdev=0.159027, best fit=0.701200, best_overall=0.701200, mean_diversity=0.122279,
indivs=19015743, elapsed_secs=30885, mean=0.575850, stdev=0.185973, best fit=0.701200, best_overall=0.701200, mean_diversity=0.125340,
indivs=19025843, elapsed_secs=30901, mean=0.559210, stdev=0.108947, best fit=0.701200, best_overall=0.701200, mean_diversity=0.198636,
indivs=19035989, elapsed_secs=30916, mean=0.548224, stdev=0.167485, best fit=0.701200, best_overall=0.701200, mean_diversity=0.188159,
indivs=19046033, elapsed_secs=30934, mean=0.578754, stdev=0.143333, best fit=0.701200, best_overall=0.701200, mean_diversity=0.197753,
indivs=19056139, elapsed_secs=30952, mean=0.543430, stdev=0.153296, best fit=0.701200, best_overall=0.701200, mean_diversity=0.093610,
indivs=19066183, elapsed_secs=30967, mean=0.575479, stdev=0.132068, best fit=0.701200, best_overall=0.701200, mean_diversity=0.165799,
indivs=19076246, elapsed_secs=30982, mean=0.508733, stdev=0.092907, best fit=0.701200, best_overall=0.701200, mean_diversity=0.243058,
indivs=19086276, elapsed_secs=30997, mean=0.479647, stdev=0.129309, best fit=0.701200, best_overall=0.701200, mean_diversity=0.158728,
indivs=19096350, elapsed_secs=31017, mean=0.504008, stdev=0.184179, best fit=0.701200, best_overall=0.701200, mean_diversity=0.107796,
indivs=19106389, elapsed_secs=31031, mean=0.600366, stdev=0.111463, best fit=0.701200, best_overall=0.701200, mean_diversity=0.202528,
indivs=19116485, elapsed_secs=31049, mean=0.614745, stdev=0.168306, best fit=0.701200, best_overall=0.701200, mean_diversity=0.150909,
indivs=19126537, elapsed_secs=31065, mean=0.522278, stdev=0.081796, best fit=0.701200, best_overall=0.701200, mean_diversity=0.350126,
indivs=19136573, elapsed_secs=31083, mean=0.538711, stdev=0.078202, best fit=0.701200, best_overall=0.701200, mean_diversity=0.308155,
indivs=19146721, elapsed_secs=31100, mean=0.534944, stdev=0.198639, best fit=0.701200, best_overall=0.701200, mean_diversity=0.275361,
indivs=19156746, elapsed_secs=31118, mean=0.494740, stdev=0.093499, best fit=0.701200, best_overall=0.701200, mean_diversity=0.169414,
indivs=19166766, elapsed_secs=31134, mean=0.545116, stdev=0.170676, best fit=0.701200, best_overall=0.701200, mean_diversity=0.272429,
indivs=19176837, elapsed_secs=31152, mean=0.582393, stdev=0.210551, best fit=0.701200, best_overall=0.701200, mean_diversity=0.129644,
indivs=19186860, elapsed_secs=31171, mean=0.575118, stdev=0.151683, best fit=0.701200, best_overall=0.701200, mean_diversity=0.264735,
indivs=19196891, elapsed_secs=31186, mean=0.581247, stdev=0.141291, best fit=0.701200, best_overall=0.701200, mean_diversity=0.181220,
indivs=19207000, elapsed_secs=31202, mean=0.560703, stdev=0.159459, best fit=0.701200, best_overall=0.701200, mean_diversity=0.157841,
indivs=19217005, elapsed_secs=31218, mean=0.501514, stdev=0.143657, best fit=0.701200, best_overall=0.701200, mean_diversity=0.228683,
indivs=19227151, elapsed_secs=31234, mean=0.582962, stdev=0.162836, best fit=0.701200, best_overall=0.701200, mean_diversity=0.167870,
indivs=19237267, elapsed_secs=31249, mean=0.487819, stdev=0.172415, best fit=0.701200, best_overall=0.701200, mean_diversity=0.067849,
indivs=19247321, elapsed_secs=31268, mean=0.484761, stdev=0.123879, best fit=0.701200, best_overall=0.701200, mean_diversity=0.219913,
indivs=19257374, elapsed_secs=31288, mean=0.504005, stdev=0.043384, best fit=0.701200, best_overall=0.701200, mean_diversity=0.271896,
indivs=19267413, elapsed_secs=31306, mean=0.561736, stdev=0.155489, best fit=0.701200, best_overall=0.701200, mean_diversity=0.270027,
indivs=19277456, elapsed_secs=31326, mean=0.477831, stdev=0.147284, best fit=0.701200, best_overall=0.701200, mean_diversity=0.320023,
indivs=19287471, elapsed_secs=31341, mean=0.556155, stdev=0.180782, best fit=0.701200, best_overall=0.701200, mean_diversity=0.207801,
indivs=19297647, elapsed_secs=31357, mean=0.633125, stdev=0.147395, best fit=0.701200, best_overall=0.701200, mean_diversity=0.156597,
indivs=19307744, elapsed_secs=31375, mean=0.491026, stdev=0.053033, best fit=0.701200, best_overall=0.701200, mean_diversity=0.277202,
indivs=19317883, elapsed_secs=31392, mean=0.534903, stdev=0.178875, best fit=0.701200, best_overall=0.701200, mean_diversity=0.253677,
indivs=19327965, elapsed_secs=31409, mean=0.487531, stdev=0.138518, best fit=0.701200, best_overall=0.701200, mean_diversity=0.379908,
indivs=19338059, elapsed_secs=31429, mean=0.577952, stdev=0.182543, best fit=0.701200, best_overall=0.701200, mean_diversity=0.097811,
indivs=19348110, elapsed_secs=31443, mean=0.555016, stdev=0.244372, best fit=0.701200, best_overall=0.701200, mean_diversity=0.097622,
indivs=19358163, elapsed_secs=31459, mean=0.503153, stdev=0.022914, best fit=0.701200, best_overall=0.701200, mean_diversity=0.051302,
indivs=19368294, elapsed_secs=31474, mean=0.529925, stdev=0.149860, best fit=0.701200, best_overall=0.701200, mean_diversity=0.342127,
indivs=19378370, elapsed_secs=31490, mean=0.553480, stdev=0.116918, best fit=0.701200, best_overall=0.701200, mean_diversity=0.178174,
indivs=19388466, elapsed_secs=31507, mean=0.536615, stdev=0.152470, best fit=0.701200, best_overall=0.701200, mean_diversity=0.208687,
indivs=19398529, elapsed_secs=31524, mean=0.515822, stdev=0.134908, best fit=0.701200, best_overall=0.701200, mean_diversity=0.375855,
indivs=19408666, elapsed_secs=31538, mean=0.549857, stdev=0.163277, best fit=0.701200, best_overall=0.701200, mean_diversity=0.195328,
indivs=19418682, elapsed_secs=31554, mean=0.583842, stdev=0.148718, best fit=0.701200, best_overall=0.701200, mean_diversity=0.219396,
indivs=19428783, elapsed_secs=31571, mean=0.622914, stdev=0.149004, best fit=0.701200, best_overall=0.701200, mean_diversity=0.084928,
indivs=19438878, elapsed_secs=31587, mean=0.525183, stdev=0.101761, best fit=0.701200, best_overall=0.701200, mean_diversity=0.373962,
indivs=19448896, elapsed_secs=31602, mean=0.510797, stdev=0.042477, best fit=0.701200, best_overall=0.701200, mean_diversity=0.220345,
indivs=19458907, elapsed_secs=31620, mean=0.608508, stdev=0.132616, best fit=0.701200, best_overall=0.701200, mean_diversity=0.170509,
indivs=19468994, elapsed_secs=31637, mean=0.573815, stdev=0.115085, best fit=0.701200, best_overall=0.701200, mean_diversity=0.197507,
indivs=19479071, elapsed_secs=31653, mean=0.511952, stdev=0.170826, best fit=0.701200, best_overall=0.701200, mean_diversity=0.250140,
indivs=19489194, elapsed_secs=31666, mean=0.570059, stdev=0.171516, best fit=0.701200, best_overall=0.701200, mean_diversity=0.038439,
indivs=19499242, elapsed_secs=31685, mean=0.503739, stdev=0.141629, best fit=0.701200, best_overall=0.701200, mean_diversity=0.180030,
indivs=19509296, elapsed_secs=31701, mean=0.508934, stdev=0.042773, best fit=0.701200, best_overall=0.701200, mean_diversity=0.154322,
indivs=19519385, elapsed_secs=31717, mean=0.551263, stdev=0.178333, best fit=0.701200, best_overall=0.701200, mean_diversity=0.139059,
indivs=19529387, elapsed_secs=31732, mean=0.487100, stdev=0.113187, best fit=0.701200, best_overall=0.701200, mean_diversity=0.191960,
indivs=19539448, elapsed_secs=31749, mean=0.551650, stdev=0.209495, best fit=0.701200, best_overall=0.701200, mean_diversity=0.085831,
indivs=19549547, elapsed_secs=31768, mean=0.602596, stdev=0.126860, best fit=0.701200, best_overall=0.701200, mean_diversity=0.124749,
indivs=19559603, elapsed_secs=31783, mean=0.496407, stdev=0.072628, best fit=0.701200, best_overall=0.701200, mean_diversity=0.096979,
indivs=19569673, elapsed_secs=31799, mean=0.504413, stdev=0.089594, best fit=0.701200, best_overall=0.701200, mean_diversity=0.222150,
indivs=19579750, elapsed_secs=31815, mean=0.497351, stdev=0.132229, best fit=0.701200, best_overall=0.701200, mean_diversity=0.186807,
indivs=19589805, elapsed_secs=31830, mean=0.620808, stdev=0.140638, best fit=0.701200, best_overall=0.701200, mean_diversity=0.060079,
indivs=19599945, elapsed_secs=31847, mean=0.575056, stdev=0.150793, best fit=0.701200, best_overall=0.701200, mean_diversity=0.204328,
indivs=19609985, elapsed_secs=31861, mean=0.541087, stdev=0.154059, best fit=0.701200, best_overall=0.701200, mean_diversity=0.367733,
indivs=19620029, elapsed_secs=31882, mean=0.574940, stdev=0.145459, best fit=0.701200, best_overall=0.701200, mean_diversity=0.079301,
indivs=19630042, elapsed_secs=31899, mean=0.549174, stdev=0.134981, best fit=0.701200, best_overall=0.701200, mean_diversity=0.286404,
indivs=19640072, elapsed_secs=31915, mean=0.470315, stdev=0.136381, best fit=0.701200, best_overall=0.701200, mean_diversity=0.238983,
indivs=19650141, elapsed_secs=31932, mean=0.591724, stdev=0.142832, best fit=0.701200, best_overall=0.701200, mean_diversity=0.245561,
indivs=19660225, elapsed_secs=31948, mean=0.491132, stdev=0.125278, best fit=0.701200, best_overall=0.701200, mean_diversity=0.388551,
indivs=19670320, elapsed_secs=31964, mean=0.515299, stdev=0.149865, best fit=0.701200, best_overall=0.701200, mean_diversity=0.273022,
indivs=19680401, elapsed_secs=31979, mean=0.496854, stdev=0.077065, best fit=0.701200, best_overall=0.701200, mean_diversity=0.499432,
indivs=19690447, elapsed_secs=31995, mean=0.506142, stdev=0.089621, best fit=0.701200, best_overall=0.701200, mean_diversity=0.230304,
indivs=19700469, elapsed_secs=32013, mean=0.501878, stdev=0.020077, best fit=0.701200, best_overall=0.701200, mean_diversity=0.109491,
indivs=19710564, elapsed_secs=32031, mean=0.491663, stdev=0.137524, best fit=0.701200, best_overall=0.701200, mean_diversity=0.355098,
indivs=19720694, elapsed_secs=32049, mean=0.565978, stdev=0.141488, best fit=0.701200, best_overall=0.701200, mean_diversity=0.189160,
indivs=19730708, elapsed_secs=32069, mean=0.572567, stdev=0.128957, best fit=0.701200, best_overall=0.701200, mean_diversity=0.201144,
indivs=19740781, elapsed_secs=32088, mean=0.525588, stdev=0.122537, best fit=0.701200, best_overall=0.701200, mean_diversity=0.167371,
indivs=19750873, elapsed_secs=32102, mean=0.547435, stdev=0.144082, best fit=0.701200, best_overall=0.701200, mean_diversity=0.237436,
indivs=19760897, elapsed_secs=32119, mean=0.522600, stdev=0.140395, best fit=0.701200, best_overall=0.701200, mean_diversity=0.355288,
indivs=19771007, elapsed_secs=32135, mean=0.557863, stdev=0.160793, best fit=0.701200, best_overall=0.701200, mean_diversity=0.088118,
indivs=19781114, elapsed_secs=32154, mean=0.526818, stdev=0.120994, best fit=0.701200, best_overall=0.701200, mean_diversity=0.223167,
indivs=19791176, elapsed_secs=32171, mean=0.597559, stdev=0.141369, best fit=0.701200, best_overall=0.701200, mean_diversity=0.109244,
indivs=19801247, elapsed_secs=32187, mean=0.571457, stdev=0.118339, best fit=0.701200, best_overall=0.701200, mean_diversity=0.054239,
indivs=19811262, elapsed_secs=32204, mean=0.486247, stdev=0.099558, best fit=0.701200, best_overall=0.701200, mean_diversity=0.253367,
indivs=19821305, elapsed_secs=32219, mean=0.538248, stdev=0.111512, best fit=0.701200, best_overall=0.701200, mean_diversity=0.223859,
indivs=19831311, elapsed_secs=32237, mean=0.568738, stdev=0.188531, best fit=0.701200, best_overall=0.701200, mean_diversity=0.093855,
indivs=19841414, elapsed_secs=32253, mean=0.603824, stdev=0.159052, best fit=0.701200, best_overall=0.701200, mean_diversity=0.057405,
indivs=19851568, elapsed_secs=32268, mean=0.594630, stdev=0.187393, best fit=0.701200, best_overall=0.701200, mean_diversity=0.047327,
indivs=19861690, elapsed_secs=32286, mean=0.566103, stdev=0.189524, best fit=0.701200, best_overall=0.701200, mean_diversity=0.164160,
indivs=19871755, elapsed_secs=32303, mean=0.543398, stdev=0.233261, best fit=0.701200, best_overall=0.701200, mean_diversity=0.123927,
indivs=19881817, elapsed_secs=32318, mean=0.586993, stdev=0.176052, best fit=0.701200, best_overall=0.701200, mean_diversity=0.101086,
indivs=19891858, elapsed_secs=32335, mean=0.495321, stdev=0.101459, best fit=0.701200, best_overall=0.701200, mean_diversity=0.276014,
indivs=19901865, elapsed_secs=32351, mean=0.503521, stdev=0.092954, best fit=0.701200, best_overall=0.701200, mean_diversity=0.230509,
indivs=19911912, elapsed_secs=32368, mean=0.525688, stdev=0.194754, best fit=0.701200, best_overall=0.701200, mean_diversity=0.122784,
indivs=19921992, elapsed_secs=32385, mean=0.518879, stdev=0.210171, best fit=0.701200, best_overall=0.701200, mean_diversity=0.188485,
indivs=19932048, elapsed_secs=32409, mean=0.557812, stdev=0.155362, best fit=0.701200, best_overall=0.701200, mean_diversity=0.287456,
indivs=19942090, elapsed_secs=32425, mean=0.607998, stdev=0.174144, best fit=0.701200, best_overall=0.701200, mean_diversity=0.054767,
indivs=19952113, elapsed_secs=32441, mean=0.528551, stdev=0.165945, best fit=0.701200, best_overall=0.701200, mean_diversity=0.210889,
indivs=19962267, elapsed_secs=32459, mean=0.591711, stdev=0.130815, best fit=0.701200, best_overall=0.701200, mean_diversity=0.242460,
indivs=19972279, elapsed_secs=32474, mean=0.556496, stdev=0.107765, best fit=0.701200, best_overall=0.701200, mean_diversity=0.262838,
indivs=19982343, elapsed_secs=32490, mean=0.544659, stdev=0.065989, best fit=0.701200, best_overall=0.701200, mean_diversity=0.412965,
indivs=19992424, elapsed_secs=32507, mean=0.501103, stdev=0.021078, best fit=0.701200, best_overall=0.701200, mean_diversity=0.048346,
indivs=20002443, elapsed_secs=32521, mean=0.573523, stdev=0.150847, best fit=0.701200, best_overall=0.701200, mean_diversity=0.122152,
indivs=20012515, elapsed_secs=32541, mean=0.546810, stdev=0.161474, best fit=0.701200, best_overall=0.701200, mean_diversity=0.162533,
indivs=20022654, elapsed_secs=32555, mean=0.542090, stdev=0.150961, best fit=0.701200, best_overall=0.701200, mean_diversity=0.302778,
indivs=20032726, elapsed_secs=32570, mean=0.461841, stdev=0.195162, best fit=0.701200, best_overall=0.701200, mean_diversity=0.177952,
indivs=20042780, elapsed_secs=32586, mean=0.427302, stdev=0.159978, best fit=0.701200, best_overall=0.701200, mean_diversity=0.383091,
indivs=20052835, elapsed_secs=32602, mean=0.509102, stdev=0.142620, best fit=0.701200, best_overall=0.701200, mean_diversity=0.203238,
indivs=20062889, elapsed_secs=32620, mean=0.508326, stdev=0.077030, best fit=0.701200, best_overall=0.701200, mean_diversity=0.271799,
indivs=20072959, elapsed_secs=32636, mean=0.511767, stdev=0.129074, best fit=0.701200, best_overall=0.701200, mean_diversity=0.344015,
indivs=20082981, elapsed_secs=32650, mean=0.514633, stdev=0.230649, best fit=0.701200, best_overall=0.701200, mean_diversity=0.057047,
indivs=20093115, elapsed_secs=32668, mean=0.496222, stdev=0.221243, best fit=0.701200, best_overall=0.701200, mean_diversity=0.407226,
indivs=20103222, elapsed_secs=32684, mean=0.563446, stdev=0.150950, best fit=0.701200, best_overall=0.701200, mean_diversity=0.078127,
indivs=20113253, elapsed_secs=32702, mean=0.554288, stdev=0.120906, best fit=0.701200, best_overall=0.701200, mean_diversity=0.144112,
indivs=20123392, elapsed_secs=32717, mean=0.591708, stdev=0.165009, best fit=0.701200, best_overall=0.701200, mean_diversity=0.091786,
indivs=20133503, elapsed_secs=32733, mean=0.481181, stdev=0.177946, best fit=0.701200, best_overall=0.701200, mean_diversity=0.147784,
indivs=20143651, elapsed_secs=32753, mean=0.584301, stdev=0.148620, best fit=0.701200, best_overall=0.701200, mean_diversity=0.272287,
indivs=20153701, elapsed_secs=32767, mean=0.448058, stdev=0.166522, best fit=0.701200, best_overall=0.701200, mean_diversity=0.140175,
indivs=20163717, elapsed_secs=32783, mean=0.487246, stdev=0.069322, best fit=0.701200, best_overall=0.701200, mean_diversity=0.162977,
indivs=20173811, elapsed_secs=32801, mean=0.569040, stdev=0.154630, best fit=0.701200, best_overall=0.701200, mean_diversity=0.219089,
indivs=20183840, elapsed_secs=32816, mean=0.545231, stdev=0.130665, best fit=0.701200, best_overall=0.701200, mean_diversity=0.236749,
indivs=20193938, elapsed_secs=32833, mean=0.530319, stdev=0.114807, best fit=0.701200, best_overall=0.701200, mean_diversity=0.137797,
indivs=20204045, elapsed_secs=32851, mean=0.531802, stdev=0.116523, best fit=0.701200, best_overall=0.701200, mean_diversity=0.133551,
indivs=20214089, elapsed_secs=32868, mean=0.610698, stdev=0.146309, best fit=0.701200, best_overall=0.701200, mean_diversity=0.061692,
indivs=20224126, elapsed_secs=32887, mean=0.512656, stdev=0.050580, best fit=0.701200, best_overall=0.701200, mean_diversity=0.153088,
indivs=20234215, elapsed_secs=32904, mean=0.591950, stdev=0.164542, best fit=0.701200, best_overall=0.701200, mean_diversity=0.124520,
indivs=20244309, elapsed_secs=32920, mean=0.522983, stdev=0.158588, best fit=0.701200, best_overall=0.701200, mean_diversity=0.165072,
indivs=20254342, elapsed_secs=32939, mean=0.538794, stdev=0.142237, best fit=0.701200, best_overall=0.701200, mean_diversity=0.238503,
indivs=20264429, elapsed_secs=32955, mean=0.539118, stdev=0.209735, best fit=0.701200, best_overall=0.701200, mean_diversity=0.166075,
indivs=20274476, elapsed_secs=32972, mean=0.575761, stdev=0.122298, best fit=0.701200, best_overall=0.701200, mean_diversity=0.190272,
indivs=20284584, elapsed_secs=32988, mean=0.473118, stdev=0.057878, best fit=0.701200, best_overall=0.701200, mean_diversity=0.187617,
indivs=20294632, elapsed_secs=33005, mean=0.605305, stdev=0.121012, best fit=0.701200, best_overall=0.701200, mean_diversity=0.162222,
indivs=20304687, elapsed_secs=33022, mean=0.572928, stdev=0.160469, best fit=0.701200, best_overall=0.701200, mean_diversity=0.128852,
indivs=20314764, elapsed_secs=33040, mean=0.539722, stdev=0.118405, best fit=0.701200, best_overall=0.701200, mean_diversity=0.158139,
indivs=20324851, elapsed_secs=33060, mean=0.513678, stdev=0.146264, best fit=0.701200, best_overall=0.701200, mean_diversity=0.265853,
indivs=20334966, elapsed_secs=33075, mean=0.506357, stdev=0.173260, best fit=0.701200, best_overall=0.701200, mean_diversity=0.355376,
indivs=20345099, elapsed_secs=33093, mean=0.583297, stdev=0.172263, best fit=0.701200, best_overall=0.701200, mean_diversity=0.189674,
indivs=20355116, elapsed_secs=33109, mean=0.562795, stdev=0.124178, best fit=0.701200, best_overall=0.701200, mean_diversity=0.210706,
indivs=20365217, elapsed_secs=33126, mean=0.535558, stdev=0.182677, best fit=0.701200, best_overall=0.701200, mean_diversity=0.351149,
indivs=20375313, elapsed_secs=33143, mean=0.525149, stdev=0.162166, best fit=0.701200, best_overall=0.701200, mean_diversity=0.299136,
indivs=20385412, elapsed_secs=33159, mean=0.467547, stdev=0.189519, best fit=0.701200, best_overall=0.701200, mean_diversity=0.192927,
indivs=20395444, elapsed_secs=33175, mean=0.510161, stdev=0.161563, best fit=0.701200, best_overall=0.701200, mean_diversity=0.314522,
indivs=20405464, elapsed_secs=33193, mean=0.489266, stdev=0.073345, best fit=0.701200, best_overall=0.701200, mean_diversity=0.339715,
indivs=20415518, elapsed_secs=33207, mean=0.503805, stdev=0.027702, best fit=0.701200, best_overall=0.701200, mean_diversity=0.065649,
indivs=20425562, elapsed_secs=33222, mean=0.550946, stdev=0.123961, best fit=0.701200, best_overall=0.701200, mean_diversity=0.282652,
indivs=20435615, elapsed_secs=33240, mean=0.461765, stdev=0.141471, best fit=0.701200, best_overall=0.701200, mean_diversity=0.265397,
indivs=20445760, elapsed_secs=33256, mean=0.539017, stdev=0.184555, best fit=0.701200, best_overall=0.701200, mean_diversity=0.114721,
indivs=20455808, elapsed_secs=33272, mean=0.545411, stdev=0.151331, best fit=0.701200, best_overall=0.701200, mean_diversity=0.191751,
indivs=20465856, elapsed_secs=33287, mean=0.552737, stdev=0.173880, best fit=0.701200, best_overall=0.701200, mean_diversity=0.156334,
indivs=20475901, elapsed_secs=33299, mean=0.498934, stdev=0.062668, best fit=0.701200, best_overall=0.701200, mean_diversity=0.090385,
indivs=20485974, elapsed_secs=33314, mean=0.463868, stdev=0.111011, best fit=0.701200, best_overall=0.701200, mean_diversity=0.184971,
indivs=20496075, elapsed_secs=33329, mean=0.539856, stdev=0.179221, best fit=0.701200, best_overall=0.701200, mean_diversity=0.076083,
indivs=20506118, elapsed_secs=33347, mean=0.497184, stdev=0.034676, best fit=0.701200, best_overall=0.701200, mean_diversity=0.067590,
indivs=20516209, elapsed_secs=33364, mean=0.572500, stdev=0.134129, best fit=0.701200, best_overall=0.701200, mean_diversity=0.280136,
indivs=20526211, elapsed_secs=33379, mean=0.504630, stdev=0.170543, best fit=0.701200, best_overall=0.701200, mean_diversity=0.182711,
indivs=20536300, elapsed_secs=33394, mean=0.620539, stdev=0.134007, best fit=0.701200, best_overall=0.701200, mean_diversity=0.149225,
indivs=20546416, elapsed_secs=33409, mean=0.550097, stdev=0.201935, best fit=0.701200, best_overall=0.701200, mean_diversity=0.106858,
indivs=20556419, elapsed_secs=33427, mean=0.461820, stdev=0.148304, best fit=0.701200, best_overall=0.701200, mean_diversity=0.174853,
indivs=20566433, elapsed_secs=33442, mean=0.509114, stdev=0.072011, best fit=0.701200, best_overall=0.701200, mean_diversity=0.198243,
indivs=20576527, elapsed_secs=33457, mean=0.470865, stdev=0.091927, best fit=0.701200, best_overall=0.701200, mean_diversity=0.180375,
indivs=20586536, elapsed_secs=33473, mean=0.583774, stdev=0.160729, best fit=0.701200, best_overall=0.701200, mean_diversity=0.090745,
indivs=20596651, elapsed_secs=33490, mean=0.560460, stdev=0.094162, best fit=0.701200, best_overall=0.701200, mean_diversity=0.235965,
indivs=20606659, elapsed_secs=33507, mean=0.538677, stdev=0.191890, best fit=0.701200, best_overall=0.701200, mean_diversity=0.151637,
indivs=20616737, elapsed_secs=33524, mean=0.542785, stdev=0.206500, best fit=0.701200, best_overall=0.701200, mean_diversity=0.098088,
indivs=20626863, elapsed_secs=33542, mean=0.524955, stdev=0.201695, best fit=0.701200, best_overall=0.701200, mean_diversity=0.207673,
indivs=20636941, elapsed_secs=33557, mean=0.532004, stdev=0.132896, best fit=0.701200, best_overall=0.701200, mean_diversity=0.126637,
indivs=20646972, elapsed_secs=33573, mean=0.455298, stdev=0.167894, best fit=0.701200, best_overall=0.701200, mean_diversity=0.314146,
indivs=20657088, elapsed_secs=33592, mean=0.597135, stdev=0.162822, best fit=0.701200, best_overall=0.701200, mean_diversity=0.149675,
indivs=20667202, elapsed_secs=33609, mean=0.571348, stdev=0.158291, best fit=0.701200, best_overall=0.701200, mean_diversity=0.056819,
indivs=20677229, elapsed_secs=33627, mean=0.522573, stdev=0.105343, best fit=0.701200, best_overall=0.701200, mean_diversity=0.359571,
indivs=20687263, elapsed_secs=33641, mean=0.497776, stdev=0.134770, best fit=0.701200, best_overall=0.701200, mean_diversity=0.210621,
indivs=20697347, elapsed_secs=33658, mean=0.559396, stdev=0.090106, best fit=0.701200, best_overall=0.701200, mean_diversity=0.493097,
indivs=20707409, elapsed_secs=33674, mean=0.597669, stdev=0.116580, best fit=0.701200, best_overall=0.701200, mean_diversity=0.030054,
indivs=20717441, elapsed_secs=33691, mean=0.560696, stdev=0.104144, best fit=0.701200, best_overall=0.701200, mean_diversity=0.280865,
indivs=20727553, elapsed_secs=33704, mean=0.557768, stdev=0.117084, best fit=0.701200, best_overall=0.701200, mean_diversity=0.254595,
indivs=20737584, elapsed_secs=33718, mean=0.559607, stdev=0.125629, best fit=0.701200, best_overall=0.701200, mean_diversity=0.031526,
indivs=20747717, elapsed_secs=33735, mean=0.573744, stdev=0.125612, best fit=0.701200, best_overall=0.701200, mean_diversity=0.170946,
indivs=20757812, elapsed_secs=33752, mean=0.529510, stdev=0.091897, best fit=0.701200, best_overall=0.701200, mean_diversity=0.182278,
indivs=20767837, elapsed_secs=33768, mean=0.429296, stdev=0.153096, best fit=0.701200, best_overall=0.701200, mean_diversity=0.120818,
indivs=20777967, elapsed_secs=33786, mean=0.568297, stdev=0.113665, best fit=0.701200, best_overall=0.701200, mean_diversity=0.098190,
indivs=20788007, elapsed_secs=33802, mean=0.544920, stdev=0.166753, best fit=0.701200, best_overall=0.701200, mean_diversity=0.170485,
indivs=20798013, elapsed_secs=33820, mean=0.565728, stdev=0.113371, best fit=0.701200, best_overall=0.701200, mean_diversity=0.164286,
indivs=20808100, elapsed_secs=33838, mean=0.503988, stdev=0.027931, best fit=0.701200, best_overall=0.701200, mean_diversity=0.062607,
indivs=20818113, elapsed_secs=33855, mean=0.569323, stdev=0.198384, best fit=0.701200, best_overall=0.701200, mean_diversity=0.123870,
indivs=20828113, elapsed_secs=33873, mean=0.497994, stdev=0.100062, best fit=0.701200, best_overall=0.701200, mean_diversity=0.177840,
indivs=20838123, elapsed_secs=33888, mean=0.498890, stdev=0.214394, best fit=0.701200, best_overall=0.701200, mean_diversity=0.163813,
indivs=20848152, elapsed_secs=33905, mean=0.511658, stdev=0.161251, best fit=0.701200, best_overall=0.701200, mean_diversity=0.182649,
indivs=20858230, elapsed_secs=33923, mean=0.514306, stdev=0.082284, best fit=0.701200, best_overall=0.701200, mean_diversity=0.104045,
indivs=20868332, elapsed_secs=33937, mean=0.525812, stdev=0.169425, best fit=0.701200, best_overall=0.701200, mean_diversity=0.296069,
indivs=20878344, elapsed_secs=33952, mean=0.568961, stdev=0.145411, best fit=0.701200, best_overall=0.701200, mean_diversity=0.248758,
indivs=20888345, elapsed_secs=33968, mean=0.471542, stdev=0.109224, best fit=0.701200, best_overall=0.701200, mean_diversity=0.196636,
indivs=20898476, elapsed_secs=33985, mean=0.624375, stdev=0.137624, best fit=0.701200, best_overall=0.701200, mean_diversity=0.081564,
indivs=20908477, elapsed_secs=34002, mean=0.488388, stdev=0.110941, best fit=0.701200, best_overall=0.701200, mean_diversity=0.205341,
indivs=20918548, elapsed_secs=34018, mean=0.557713, stdev=0.134534, best fit=0.701200, best_overall=0.701200, mean_diversity=0.257802,
indivs=20928577, elapsed_secs=34036, mean=0.524430, stdev=0.184613, best fit=0.701200, best_overall=0.701200, mean_diversity=0.332938,
indivs=20938662, elapsed_secs=34049, mean=0.504599, stdev=0.030240, best fit=0.701200, best_overall=0.701200, mean_diversity=0.215939,
indivs=20948794, elapsed_secs=34065, mean=0.569656, stdev=0.166444, best fit=0.701200, best_overall=0.701200, mean_diversity=0.161263,
indivs=20958865, elapsed_secs=34079, mean=0.546634, stdev=0.146468, best fit=0.701200, best_overall=0.701200, mean_diversity=0.254572,
indivs=20968935, elapsed_secs=34098, mean=0.565145, stdev=0.153326, best fit=0.701200, best_overall=0.701200, mean_diversity=0.246307,
indivs=20979022, elapsed_secs=34113, mean=0.607661, stdev=0.172846, best fit=0.701200, best_overall=0.701200, mean_diversity=0.097639,
indivs=20989113, elapsed_secs=34131, mean=0.517492, stdev=0.144099, best fit=0.701200, best_overall=0.701200, mean_diversity=0.197703,
indivs=20999230, elapsed_secs=34148, mean=0.603699, stdev=0.168398, best fit=0.701200, best_overall=0.701200, mean_diversity=0.036376,
indivs=21009353, elapsed_secs=34164, mean=0.573757, stdev=0.206826, best fit=0.701200, best_overall=0.701200, mean_diversity=0.037746,
indivs=21019385, elapsed_secs=34180, mean=0.502690, stdev=0.036965, best fit=0.701200, best_overall=0.701200, mean_diversity=0.158473,
indivs=21029449, elapsed_secs=34197, mean=0.547089, stdev=0.114979, best fit=0.701200, best_overall=0.701200, mean_diversity=0.145967,
indivs=21039492, elapsed_secs=34215, mean=0.497363, stdev=0.196758, best fit=0.701200, best_overall=0.701200, mean_diversity=0.210307,
indivs=21049543, elapsed_secs=34230, mean=0.541866, stdev=0.133929, best fit=0.701200, best_overall=0.701200, mean_diversity=0.152990,
indivs=21059688, elapsed_secs=34246, mean=0.586926, stdev=0.187657, best fit=0.701200, best_overall=0.701200, mean_diversity=0.206848,
indivs=21069698, elapsed_secs=34262, mean=0.507120, stdev=0.088372, best fit=0.701200, best_overall=0.701200, mean_diversity=0.274442,
indivs=21079778, elapsed_secs=34277, mean=0.573080, stdev=0.191591, best fit=0.701200, best_overall=0.701200, mean_diversity=0.051227,
indivs=21089871, elapsed_secs=34293, mean=0.515345, stdev=0.140715, best fit=0.701200, best_overall=0.701200, mean_diversity=0.214788,
indivs=21099956, elapsed_secs=34307, mean=0.624629, stdev=0.136270, best fit=0.701200, best_overall=0.701200, mean_diversity=0.093156,
indivs=21109981, elapsed_secs=34323, mean=0.479478, stdev=0.205327, best fit=0.701200, best_overall=0.701200, mean_diversity=0.212801,
indivs=21119993, elapsed_secs=34341, mean=0.548447, stdev=0.163108, best fit=0.701200, best_overall=0.701200, mean_diversity=0.267075,
indivs=21130112, elapsed_secs=34357, mean=0.510452, stdev=0.167333, best fit=0.701200, best_overall=0.701200, mean_diversity=0.085459,
indivs=21140205, elapsed_secs=34371, mean=0.481692, stdev=0.132094, best fit=0.701200, best_overall=0.701200, mean_diversity=0.210986,
indivs=21150343, elapsed_secs=34388, mean=0.541021, stdev=0.209654, best fit=0.701200, best_overall=0.701200, mean_diversity=0.151629,
indivs=21160400, elapsed_secs=34405, mean=0.532298, stdev=0.166017, best fit=0.701200, best_overall=0.701200, mean_diversity=0.234596,
indivs=21170474, elapsed_secs=34422, mean=0.508165, stdev=0.203812, best fit=0.701200, best_overall=0.701200, mean_diversity=0.154115,
indivs=21180478, elapsed_secs=34439, mean=0.522228, stdev=0.168288, best fit=0.701200, best_overall=0.701200, mean_diversity=0.293485,
indivs=21190591, elapsed_secs=34455, mean=0.617535, stdev=0.127717, best fit=0.701200, best_overall=0.701200, mean_diversity=0.027036,
indivs=21200665, elapsed_secs=34472, mean=0.570513, stdev=0.159488, best fit=0.701200, best_overall=0.701200, mean_diversity=0.261675,
indivs=21210714, elapsed_secs=34487, mean=0.523370, stdev=0.134345, best fit=0.701200, best_overall=0.701200, mean_diversity=0.260352,
indivs=21220729, elapsed_secs=34505, mean=0.504978, stdev=0.151593, best fit=0.701200, best_overall=0.701200, mean_diversity=0.373462,
indivs=21230838, elapsed_secs=34522, mean=0.562036, stdev=0.121454, best fit=0.701200, best_overall=0.701200, mean_diversity=0.318875,
indivs=21240945, elapsed_secs=34539, mean=0.590026, stdev=0.152277, best fit=0.701200, best_overall=0.701200, mean_diversity=0.130955,
indivs=21251077, elapsed_secs=34556, mean=0.549354, stdev=0.153534, best fit=0.701200, best_overall=0.701200, mean_diversity=0.271170,
indivs=21261157, elapsed_secs=34573, mean=0.535654, stdev=0.188062, best fit=0.701200, best_overall=0.701200, mean_diversity=0.130035,
indivs=21271254, elapsed_secs=34588, mean=0.515141, stdev=0.192750, best fit=0.701200, best_overall=0.701200, mean_diversity=0.081627,
indivs=21281302, elapsed_secs=34606, mean=0.517857, stdev=0.137269, best fit=0.701200, best_overall=0.701200, mean_diversity=0.253236,
indivs=21291385, elapsed_secs=34623, mean=0.508311, stdev=0.140274, best fit=0.701200, best_overall=0.701200, mean_diversity=0.205423,
indivs=21301477, elapsed_secs=34640, mean=0.595580, stdev=0.170746, best fit=0.701200, best_overall=0.701200, mean_diversity=0.072746,
indivs=21311514, elapsed_secs=34656, mean=0.545627, stdev=0.186369, best fit=0.701200, best_overall=0.701200, mean_diversity=0.202143,
indivs=21321536, elapsed_secs=34674, mean=0.480177, stdev=0.138293, best fit=0.701200, best_overall=0.701200, mean_diversity=0.255171,
indivs=21331579, elapsed_secs=34690, mean=0.554333, stdev=0.196839, best fit=0.701200, best_overall=0.701200, mean_diversity=0.167373,
indivs=21341590, elapsed_secs=34707, mean=0.535553, stdev=0.122215, best fit=0.701200, best_overall=0.701200, mean_diversity=0.290521,
indivs=21351606, elapsed_secs=34724, mean=0.579568, stdev=0.106401, best fit=0.701200, best_overall=0.701200, mean_diversity=0.160073,
indivs=21361613, elapsed_secs=34740, mean=0.543555, stdev=0.108612, best fit=0.701200, best_overall=0.701200, mean_diversity=0.454159,
indivs=21371681, elapsed_secs=34758, mean=0.549614, stdev=0.160910, best fit=0.701200, best_overall=0.701200, mean_diversity=0.126204,
indivs=21381727, elapsed_secs=34776, mean=0.570600, stdev=0.068129, best fit=0.701200, best_overall=0.701200, mean_diversity=0.077597,
indivs=21391838, elapsed_secs=34797, mean=0.580924, stdev=0.173611, best fit=0.701200, best_overall=0.701200, mean_diversity=0.334897,
indivs=21401862, elapsed_secs=34813, mean=0.542234, stdev=0.170076, best fit=0.701200, best_overall=0.701200, mean_diversity=0.149119,
indivs=21411964, elapsed_secs=34830, mean=0.534103, stdev=0.139175, best fit=0.701200, best_overall=0.701200, mean_diversity=0.354143,
indivs=21421976, elapsed_secs=34844, mean=0.499519, stdev=0.183163, best fit=0.701200, best_overall=0.701200, mean_diversity=0.102696,
indivs=21432139, elapsed_secs=34860, mean=0.594788, stdev=0.141824, best fit=0.701200, best_overall=0.701200, mean_diversity=0.185275,
indivs=21442148, elapsed_secs=34875, mean=0.577315, stdev=0.137290, best fit=0.701200, best_overall=0.701200, mean_diversity=0.218812,
indivs=21452300, elapsed_secs=34889, mean=0.591521, stdev=0.154715, best fit=0.701200, best_overall=0.701200, mean_diversity=0.141385,
indivs=21462458, elapsed_secs=34906, mean=0.601318, stdev=0.145156, best fit=0.701200, best_overall=0.701200, mean_diversity=0.200971,
indivs=21472556, elapsed_secs=34922, mean=0.505987, stdev=0.122662, best fit=0.701200, best_overall=0.701200, mean_diversity=0.191979,
indivs=21482563, elapsed_secs=34941, mean=0.519290, stdev=0.154781, best fit=0.701200, best_overall=0.701200, mean_diversity=0.352282,
indivs=21492624, elapsed_secs=34958, mean=0.593259, stdev=0.191385, best fit=0.701200, best_overall=0.701200, mean_diversity=0.100778,
indivs=21502640, elapsed_secs=34977, mean=0.513243, stdev=0.097760, best fit=0.701200, best_overall=0.701200, mean_diversity=0.207528,
indivs=21512792, elapsed_secs=34995, mean=0.610395, stdev=0.124398, best fit=0.701200, best_overall=0.701200, mean_diversity=0.105155,
indivs=21522964, elapsed_secs=35012, mean=0.570499, stdev=0.196658, best fit=0.701200, best_overall=0.701200, mean_diversity=0.144917,
indivs=21533014, elapsed_secs=35029, mean=0.616874, stdev=0.152910, best fit=0.701200, best_overall=0.701200, mean_diversity=0.101659,
indivs=21543106, elapsed_secs=35044, mean=0.524771, stdev=0.175149, best fit=0.701200, best_overall=0.701200, mean_diversity=0.284677,
indivs=21553118, elapsed_secs=35061, mean=0.578895, stdev=0.105276, best fit=0.701200, best_overall=0.701200, mean_diversity=0.283301,
indivs=21563152, elapsed_secs=35080, mean=0.634119, stdev=0.094471, best fit=0.701200, best_overall=0.701200, mean_diversity=0.033651,
indivs=21573180, elapsed_secs=35096, mean=0.555139, stdev=0.182735, best fit=0.701200, best_overall=0.701200, mean_diversity=0.083426,
indivs=21583257, elapsed_secs=35113, mean=0.520604, stdev=0.205972, best fit=0.701200, best_overall=0.701200, mean_diversity=0.384172,
indivs=21593273, elapsed_secs=35129, mean=0.551934, stdev=0.189466, best fit=0.701200, best_overall=0.701200, mean_diversity=0.084061,
indivs=21603358, elapsed_secs=35146, mean=0.530392, stdev=0.132664, best fit=0.701200, best_overall=0.701200, mean_diversity=0.315680,
indivs=21613454, elapsed_secs=35162, mean=0.502093, stdev=0.193473, best fit=0.701200, best_overall=0.701200, mean_diversity=0.088945,
indivs=21623497, elapsed_secs=35179, mean=0.563188, stdev=0.154305, best fit=0.701200, best_overall=0.701200, mean_diversity=0.083057,
indivs=21633540, elapsed_secs=35195, mean=0.493219, stdev=0.061227, best fit=0.701200, best_overall=0.701200, mean_diversity=0.168954,
indivs=21643690, elapsed_secs=35212, mean=0.615538, stdev=0.172765, best fit=0.701200, best_overall=0.701200, mean_diversity=0.047704,
indivs=21653694, elapsed_secs=35230, mean=0.482717, stdev=0.258728, best fit=0.701200, best_overall=0.701200, mean_diversity=0.292448,
indivs=21663770, elapsed_secs=35246, mean=0.498342, stdev=0.218907, best fit=0.701200, best_overall=0.701200, mean_diversity=0.179415,
indivs=21673834, elapsed_secs=35263, mean=0.519407, stdev=0.119806, best fit=0.701200, best_overall=0.701200, mean_diversity=0.435343,
indivs=21683891, elapsed_secs=35279, mean=0.490199, stdev=0.131500, best fit=0.701200, best_overall=0.701200, mean_diversity=0.197079,
indivs=21694026, elapsed_secs=35294, mean=0.616544, stdev=0.131784, best fit=0.701200, best_overall=0.701200, mean_diversity=0.070044,
indivs=21704140, elapsed_secs=35312, mean=0.607646, stdev=0.162325, best fit=0.701200, best_overall=0.701200, mean_diversity=0.100372,
indivs=21714237, elapsed_secs=35328, mean=0.571661, stdev=0.139073, best fit=0.701200, best_overall=0.701200, mean_diversity=0.281713,
indivs=21724317, elapsed_secs=35343, mean=0.524787, stdev=0.142510, best fit=0.701200, best_overall=0.701200, mean_diversity=0.268123,
indivs=21734345, elapsed_secs=35361, mean=0.563174, stdev=0.132823, best fit=0.701200, best_overall=0.701200, mean_diversity=0.242490,
indivs=21744426, elapsed_secs=35376, mean=0.599787, stdev=0.165238, best fit=0.701200, best_overall=0.701200, mean_diversity=0.074813,
indivs=21754513, elapsed_secs=35393, mean=0.512465, stdev=0.119992, best fit=0.701200, best_overall=0.701200, mean_diversity=0.329319,
indivs=21764547, elapsed_secs=35410, mean=0.563233, stdev=0.156640, best fit=0.701200, best_overall=0.701200, mean_diversity=0.063789,
indivs=21774578, elapsed_secs=35427, mean=0.538817, stdev=0.100820, best fit=0.701200, best_overall=0.701200, mean_diversity=0.259650,
indivs=21784578, elapsed_secs=35445, mean=0.547070, stdev=0.140016, best fit=0.701200, best_overall=0.701200, mean_diversity=0.271034,
indivs=21794604, elapsed_secs=35465, mean=0.627227, stdev=0.110813, best fit=0.701200, best_overall=0.701200, mean_diversity=0.193146,
indivs=21804607, elapsed_secs=35482, mean=0.504358, stdev=0.085986, best fit=0.701200, best_overall=0.701200, mean_diversity=0.172130,
indivs=21814721, elapsed_secs=35497, mean=0.603374, stdev=0.170504, best fit=0.701200, best_overall=0.701200, mean_diversity=0.058073,
indivs=21824768, elapsed_secs=35511, mean=0.519754, stdev=0.180312, best fit=0.701200, best_overall=0.701200, mean_diversity=0.255103,
indivs=21834777, elapsed_secs=35524, mean=0.578889, stdev=0.197829, best fit=0.701200, best_overall=0.701200, mean_diversity=0.042796,
indivs=21844782, elapsed_secs=35539, mean=0.586373, stdev=0.173794, best fit=0.701200, best_overall=0.701200, mean_diversity=0.044043,
indivs=21854844, elapsed_secs=35558, mean=0.535490, stdev=0.139611, best fit=0.701200, best_overall=0.701200, mean_diversity=0.199225,
indivs=21864882, elapsed_secs=35576, mean=0.543459, stdev=0.173002, best fit=0.701200, best_overall=0.701200, mean_diversity=0.279626,
indivs=21874915, elapsed_secs=35593, mean=0.534344, stdev=0.149745, best fit=0.701200, best_overall=0.701200, mean_diversity=0.296138,
indivs=21884950, elapsed_secs=35608, mean=0.556997, stdev=0.126901, best fit=0.701200, best_overall=0.701200, mean_diversity=0.176263,
indivs=21895042, elapsed_secs=35623, mean=0.501991, stdev=0.187449, best fit=0.701200, best_overall=0.701200, mean_diversity=0.103784,
indivs=21905200, elapsed_secs=35640, mean=0.573316, stdev=0.183881, best fit=0.701200, best_overall=0.701200, mean_diversity=0.154681,
indivs=21915270, elapsed_secs=35655, mean=0.523191, stdev=0.163728, best fit=0.701200, best_overall=0.701200, mean_diversity=0.089209,
indivs=21925291, elapsed_secs=35671, mean=0.491653, stdev=0.097278, best fit=0.701200, best_overall=0.701200, mean_diversity=0.216889,
indivs=21935304, elapsed_secs=35688, mean=0.583042, stdev=0.109900, best fit=0.701200, best_overall=0.701200, mean_diversity=0.207590,
indivs=21945427, elapsed_secs=35705, mean=0.584848, stdev=0.114305, best fit=0.701200, best_overall=0.701200, mean_diversity=0.198039,
indivs=21955452, elapsed_secs=35721, mean=0.513985, stdev=0.177055, best fit=0.701200, best_overall=0.701200, mean_diversity=0.278995,
indivs=21965569, elapsed_secs=35738, mean=0.476351, stdev=0.166622, best fit=0.701200, best_overall=0.701200, mean_diversity=0.305588,
indivs=21975722, elapsed_secs=35758, mean=0.557536, stdev=0.244365, best fit=0.701200, best_overall=0.701200, mean_diversity=0.041676,
indivs=21985742, elapsed_secs=35772, mean=0.480021, stdev=0.169565, best fit=0.701200, best_overall=0.701200, mean_diversity=0.192760,
indivs=21995760, elapsed_secs=35788, mean=0.558564, stdev=0.141981, best fit=0.701200, best_overall=0.701200, mean_diversity=0.241234,
indivs=22005841, elapsed_secs=35805, mean=0.527660, stdev=0.102421, best fit=0.701200, best_overall=0.701200, mean_diversity=0.215729,
indivs=22015934, elapsed_secs=35820, mean=0.485522, stdev=0.137412, best fit=0.701200, best_overall=0.701200, mean_diversity=0.189480,
indivs=22026038, elapsed_secs=35834, mean=0.563192, stdev=0.139486, best fit=0.701200, best_overall=0.701200, mean_diversity=0.235989,
indivs=22036042, elapsed_secs=35850, mean=0.527920, stdev=0.108330, best fit=0.701200, best_overall=0.701200, mean_diversity=0.235341,
indivs=22046134, elapsed_secs=35866, mean=0.581146, stdev=0.104820, best fit=0.701200, best_overall=0.701200, mean_diversity=0.181739,
indivs=22056163, elapsed_secs=35882, mean=0.456282, stdev=0.107924, best fit=0.701200, best_overall=0.701200, mean_diversity=0.192844,
indivs=22066290, elapsed_secs=35899, mean=0.568562, stdev=0.145634, best fit=0.701200, best_overall=0.701200, mean_diversity=0.274751,
indivs=22076344, elapsed_secs=35918, mean=0.513969, stdev=0.198203, best fit=0.701200, best_overall=0.701200, mean_diversity=0.082080,
indivs=22086354, elapsed_secs=35936, mean=0.485199, stdev=0.072990, best fit=0.701200, best_overall=0.701200, mean_diversity=0.151384,
indivs=22096415, elapsed_secs=35954, mean=0.582600, stdev=0.151727, best fit=0.701200, best_overall=0.701200, mean_diversity=0.250881,
indivs=22106487, elapsed_secs=35972, mean=0.562973, stdev=0.151664, best fit=0.701200, best_overall=0.701200, mean_diversity=0.325704,
indivs=22116580, elapsed_secs=35987, mean=0.527591, stdev=0.186186, best fit=0.701200, best_overall=0.701200, mean_diversity=0.094950,
indivs=22126704, elapsed_secs=36002, mean=0.497447, stdev=0.169027, best fit=0.701200, best_overall=0.701200, mean_diversity=0.268497,
indivs=22136716, elapsed_secs=36018, mean=0.464249, stdev=0.131110, best fit=0.701200, best_overall=0.701200, mean_diversity=0.311640,
indivs=22146799, elapsed_secs=36035, mean=0.463792, stdev=0.210114, best fit=0.701200, best_overall=0.701200, mean_diversity=0.098424,
indivs=22156834, elapsed_secs=36053, mean=0.535213, stdev=0.177918, best fit=0.701200, best_overall=0.701200, mean_diversity=0.268379,
indivs=22166893, elapsed_secs=36068, mean=0.503298, stdev=0.026222, best fit=0.701200, best_overall=0.701200, mean_diversity=0.120113,
indivs=22176921, elapsed_secs=36086, mean=0.553859, stdev=0.146150, best fit=0.701200, best_overall=0.701200, mean_diversity=0.249387,
indivs=22187025, elapsed_secs=36105, mean=0.604127, stdev=0.138940, best fit=0.701200, best_overall=0.701200, mean_diversity=0.108123,
indivs=22197110, elapsed_secs=36124, mean=0.546613, stdev=0.123381, best fit=0.701200, best_overall=0.701200, mean_diversity=0.287795,
indivs=22207204, elapsed_secs=36145, mean=0.469344, stdev=0.158003, best fit=0.701200, best_overall=0.701200, mean_diversity=0.235810,
indivs=22217233, elapsed_secs=36162, mean=0.564263, stdev=0.226965, best fit=0.701200, best_overall=0.701200, mean_diversity=0.092657,
indivs=22227293, elapsed_secs=36180, mean=0.531265, stdev=0.108580, best fit=0.701200, best_overall=0.701200, mean_diversity=0.207256,
indivs=22237307, elapsed_secs=36198, mean=0.489828, stdev=0.105385, best fit=0.701200, best_overall=0.701200, mean_diversity=0.262620,
indivs=22247428, elapsed_secs=36215, mean=0.557810, stdev=0.139995, best fit=0.701200, best_overall=0.701200, mean_diversity=0.170151,
indivs=22257492, elapsed_secs=36232, mean=0.564534, stdev=0.177488, best fit=0.701200, best_overall=0.701200, mean_diversity=0.109457,
indivs=22267496, elapsed_secs=36249, mean=0.493434, stdev=0.027033, best fit=0.701200, best_overall=0.701200, mean_diversity=0.253947,
indivs=22277611, elapsed_secs=36265, mean=0.512715, stdev=0.216939, best fit=0.701200, best_overall=0.701200, mean_diversity=0.317333,
indivs=22287673, elapsed_secs=36281, mean=0.561959, stdev=0.164489, best fit=0.701200, best_overall=0.701200, mean_diversity=0.062777,
indivs=22297746, elapsed_secs=36300, mean=0.556485, stdev=0.157771, best fit=0.701200, best_overall=0.701200, mean_diversity=0.168081,
indivs=22307822, elapsed_secs=36317, mean=0.612407, stdev=0.161114, best fit=0.701200, best_overall=0.701200, mean_diversity=0.120559,
indivs=22317835, elapsed_secs=36335, mean=0.552076, stdev=0.165133, best fit=0.701200, best_overall=0.701200, mean_diversity=0.319361,
indivs=22327914, elapsed_secs=36353, mean=0.501520, stdev=0.058501, best fit=0.701200, best_overall=0.701200, mean_diversity=0.156347,
indivs=22337932, elapsed_secs=36367, mean=0.571441, stdev=0.179136, best fit=0.701200, best_overall=0.701200, mean_diversity=0.180602,
indivs=22347990, elapsed_secs=36382, mean=0.569530, stdev=0.161239, best fit=0.701200, best_overall=0.701200, mean_diversity=0.211585,
indivs=22358006, elapsed_secs=36397, mean=0.596838, stdev=0.162083, best fit=0.701200, best_overall=0.701200, mean_diversity=0.085707,
indivs=22368021, elapsed_secs=36416, mean=0.506585, stdev=0.108410, best fit=0.701200, best_overall=0.701200, mean_diversity=0.235055,
indivs=22378021, elapsed_secs=36435, mean=0.556769, stdev=0.124565, best fit=0.701200, best_overall=0.701200, mean_diversity=0.346316,
indivs=22388068, elapsed_secs=36453, mean=0.468364, stdev=0.165206, best fit=0.701200, best_overall=0.701200, mean_diversity=0.233011,
indivs=22398074, elapsed_secs=36468, mean=0.518928, stdev=0.093302, best fit=0.701200, best_overall=0.701200, mean_diversity=0.188643,
indivs=22408113, elapsed_secs=36484, mean=0.537359, stdev=0.099125, best fit=0.701200, best_overall=0.701200, mean_diversity=0.173622,
indivs=22418202, elapsed_secs=36502, mean=0.526673, stdev=0.153128, best fit=0.701200, best_overall=0.701200, mean_diversity=0.380035,
indivs=22428256, elapsed_secs=36522, mean=0.563945, stdev=0.114833, best fit=0.701200, best_overall=0.701200, mean_diversity=0.088904,
indivs=22438374, elapsed_secs=36542, mean=0.594526, stdev=0.109001, best fit=0.701200, best_overall=0.701200, mean_diversity=0.190037,
indivs=22448400, elapsed_secs=36559, mean=0.547031, stdev=0.083252, best fit=0.701200, best_overall=0.701200, mean_diversity=0.270336,
indivs=22458444, elapsed_secs=36575, mean=0.502012, stdev=0.020019, best fit=0.701200, best_overall=0.701200, mean_diversity=0.071120,
indivs=22468555, elapsed_secs=36592, mean=0.519075, stdev=0.204839, best fit=0.701200, best_overall=0.701200, mean_diversity=0.429708,
indivs=22478583, elapsed_secs=36612, mean=0.599289, stdev=0.119661, best fit=0.701200, best_overall=0.701200, mean_diversity=0.219930,
indivs=22488677, elapsed_secs=36630, mean=0.530733, stdev=0.117707, best fit=0.701200, best_overall=0.701200, mean_diversity=0.193261,
indivs=22498766, elapsed_secs=36649, mean=0.550859, stdev=0.153879, best fit=0.701200, best_overall=0.701200, mean_diversity=0.424522,
indivs=22508782, elapsed_secs=36663, mean=0.504003, stdev=0.028021, best fit=0.701200, best_overall=0.701200, mean_diversity=0.045964,
indivs=22518886, elapsed_secs=36679, mean=0.524878, stdev=0.102638, best fit=0.701200, best_overall=0.701200, mean_diversity=0.371429,
indivs=22529024, elapsed_secs=36698, mean=0.594603, stdev=0.172529, best fit=0.701200, best_overall=0.701200, mean_diversity=0.181137,
indivs=22539103, elapsed_secs=36714, mean=0.488410, stdev=0.150822, best fit=0.701200, best_overall=0.701200, mean_diversity=0.204943,
indivs=22549110, elapsed_secs=36730, mean=0.496140, stdev=0.159526, best fit=0.701200, best_overall=0.701200, mean_diversity=0.404179,
indivs=22559156, elapsed_secs=36746, mean=0.498508, stdev=0.198917, best fit=0.701200, best_overall=0.701200, mean_diversity=0.065105,
indivs=22569160, elapsed_secs=36764, mean=0.478156, stdev=0.124364, best fit=0.701200, best_overall=0.701200, mean_diversity=0.103909,
indivs=22579294, elapsed_secs=36780, mean=0.594597, stdev=0.154782, best fit=0.701200, best_overall=0.701200, mean_diversity=0.190396,
indivs=22589380, elapsed_secs=36799, mean=0.492604, stdev=0.077816, best fit=0.701200, best_overall=0.701200, mean_diversity=0.169550,
indivs=22599482, elapsed_secs=36817, mean=0.526177, stdev=0.159768, best fit=0.701200, best_overall=0.701200, mean_diversity=0.281873,
indivs=22609532, elapsed_secs=36833, mean=0.484582, stdev=0.109734, best fit=0.701200, best_overall=0.701200, mean_diversity=0.185550,
indivs=22619532, elapsed_secs=36850, mean=0.497736, stdev=0.095716, best fit=0.701200, best_overall=0.701200, mean_diversity=0.272208,
indivs=22629631, elapsed_secs=36865, mean=0.561108, stdev=0.118405, best fit=0.701200, best_overall=0.701200, mean_diversity=0.318475,
indivs=22639798, elapsed_secs=36883, mean=0.641124, stdev=0.103648, best fit=0.701200, best_overall=0.701200, mean_diversity=0.279419,
indivs=22649850, elapsed_secs=36899, mean=0.553129, stdev=0.195184, best fit=0.701200, best_overall=0.701200, mean_diversity=0.099180,
indivs=22659967, elapsed_secs=36918, mean=0.518173, stdev=0.125184, best fit=0.701200, best_overall=0.701200, mean_diversity=0.182992,
indivs=22670001, elapsed_secs=36936, mean=0.603818, stdev=0.169517, best fit=0.701200, best_overall=0.701200, mean_diversity=0.055252,
indivs=22680047, elapsed_secs=36952, mean=0.488267, stdev=0.179754, best fit=0.701200, best_overall=0.701200, mean_diversity=0.160865,
indivs=22690049, elapsed_secs=36968, mean=0.485481, stdev=0.156561, best fit=0.701200, best_overall=0.701200, mean_diversity=0.224100,
indivs=22700171, elapsed_secs=36986, mean=0.557426, stdev=0.167810, best fit=0.701200, best_overall=0.701200, mean_diversity=0.191312,
indivs=22710272, elapsed_secs=37002, mean=0.516676, stdev=0.117153, best fit=0.701200, best_overall=0.701200, mean_diversity=0.117885,
indivs=22720366, elapsed_secs=37019, mean=0.538236, stdev=0.174585, best fit=0.701200, best_overall=0.701200, mean_diversity=0.360424,
indivs=22730466, elapsed_secs=37036, mean=0.535436, stdev=0.231920, best fit=0.701200, best_overall=0.701200, mean_diversity=0.213170,
indivs=22740537, elapsed_secs=37053, mean=0.588291, stdev=0.134356, best fit=0.701200, best_overall=0.701200, mean_diversity=0.203742,
indivs=22750585, elapsed_secs=37068, mean=0.514142, stdev=0.096333, best fit=0.701200, best_overall=0.701200, mean_diversity=0.232000,
indivs=22760738, elapsed_secs=37085, mean=0.573254, stdev=0.166469, best fit=0.701200, best_overall=0.701200, mean_diversity=0.140781,
indivs=22770835, elapsed_secs=37100, mean=0.499806, stdev=0.068813, best fit=0.701200, best_overall=0.701200, mean_diversity=0.420548,
indivs=22780904, elapsed_secs=37118, mean=0.497773, stdev=0.045026, best fit=0.701200, best_overall=0.701200, mean_diversity=0.180935,
indivs=22791019, elapsed_secs=37135, mean=0.581949, stdev=0.144794, best fit=0.701200, best_overall=0.701200, mean_diversity=0.234303,
indivs=22801101, elapsed_secs=37151, mean=0.557807, stdev=0.111083, best fit=0.701200, best_overall=0.701200, mean_diversity=0.139657,
indivs=22811123, elapsed_secs=37167, mean=0.619644, stdev=0.139562, best fit=0.701200, best_overall=0.701200, mean_diversity=0.151336,
indivs=22821198, elapsed_secs=37187, mean=0.520319, stdev=0.155082, best fit=0.701200, best_overall=0.701200, mean_diversity=0.276648,
indivs=22831308, elapsed_secs=37203, mean=0.551757, stdev=0.165014, best fit=0.701200, best_overall=0.701200, mean_diversity=0.072898,
indivs=22841387, elapsed_secs=37221, mean=0.573886, stdev=0.196110, best fit=0.701200, best_overall=0.701200, mean_diversity=0.060551,
indivs=22851423, elapsed_secs=37236, mean=0.554521, stdev=0.111128, best fit=0.701200, best_overall=0.701200, mean_diversity=0.368779,
indivs=22861431, elapsed_secs=37252, mean=0.441570, stdev=0.219376, best fit=0.701200, best_overall=0.701200, mean_diversity=0.125590,
indivs=22871533, elapsed_secs=37268, mean=0.558752, stdev=0.127536, best fit=0.701200, best_overall=0.701200, mean_diversity=0.116288,
indivs=22881546, elapsed_secs=37287, mean=0.521387, stdev=0.060707, best fit=0.701200, best_overall=0.701200, mean_diversity=0.215179,
indivs=22891658, elapsed_secs=37306, mean=0.529159, stdev=0.199904, best fit=0.701200, best_overall=0.701200, mean_diversity=0.204780,
indivs=22901749, elapsed_secs=37322, mean=0.556262, stdev=0.162478, best fit=0.701200, best_overall=0.701200, mean_diversity=0.242713,
indivs=22911845, elapsed_secs=37338, mean=0.498899, stdev=0.109895, best fit=0.701200, best_overall=0.701200, mean_diversity=0.205112,
indivs=22921896, elapsed_secs=37355, mean=0.478089, stdev=0.130018, best fit=0.701200, best_overall=0.701200, mean_diversity=0.236558,
indivs=22931977, elapsed_secs=37373, mean=0.507808, stdev=0.086450, best fit=0.701200, best_overall=0.701200, mean_diversity=0.241369,
indivs=22942088, elapsed_secs=37390, mean=0.575308, stdev=0.164549, best fit=0.701200, best_overall=0.701200, mean_diversity=0.160958,
indivs=22952139, elapsed_secs=37406, mean=0.574257, stdev=0.152741, best fit=0.701200, best_overall=0.701200, mean_diversity=0.276136,
indivs=22962171, elapsed_secs=37419, mean=0.590977, stdev=0.125417, best fit=0.701200, best_overall=0.701200, mean_diversity=0.153809,
indivs=22972296, elapsed_secs=37434, mean=0.563575, stdev=0.117987, best fit=0.701200, best_overall=0.701200, mean_diversity=0.192778,
indivs=22982350, elapsed_secs=37450, mean=0.594504, stdev=0.142959, best fit=0.701200, best_overall=0.701200, mean_diversity=0.074651,
indivs=22992433, elapsed_secs=37466, mean=0.561405, stdev=0.157458, best fit=0.701200, best_overall=0.701200, mean_diversity=0.112934,
indivs=23002475, elapsed_secs=37483, mean=0.544779, stdev=0.176178, best fit=0.701200, best_overall=0.701200, mean_diversity=0.179630,
indivs=23012540, elapsed_secs=37500, mean=0.503569, stdev=0.159357, best fit=0.701200, best_overall=0.701200, mean_diversity=0.373490,
indivs=23022644, elapsed_secs=37519, mean=0.515649, stdev=0.132022, best fit=0.701200, best_overall=0.701200, mean_diversity=0.266140,
indivs=23032684, elapsed_secs=37536, mean=0.561675, stdev=0.135744, best fit=0.701200, best_overall=0.701200, mean_diversity=0.237329,
indivs=23042733, elapsed_secs=37551, mean=0.453143, stdev=0.169131, best fit=0.701200, best_overall=0.701200, mean_diversity=0.402786,
indivs=23052789, elapsed_secs=37566, mean=0.558041, stdev=0.138222, best fit=0.701200, best_overall=0.701200, mean_diversity=0.196824,
indivs=23062828, elapsed_secs=37582, mean=0.478280, stdev=0.126563, best fit=0.701200, best_overall=0.701200, mean_diversity=0.079289,
indivs=23072924, elapsed_secs=37599, mean=0.514163, stdev=0.161939, best fit=0.701200, best_overall=0.701200, mean_diversity=0.249410,
indivs=23083024, elapsed_secs=37617, mean=0.483280, stdev=0.123555, best fit=0.701200, best_overall=0.701200, mean_diversity=0.277721,
indivs=23093184, elapsed_secs=37634, mean=0.602969, stdev=0.144792, best fit=0.701200, best_overall=0.701200, mean_diversity=0.197191,
indivs=23103249, elapsed_secs=37651, mean=0.614732, stdev=0.100901, best fit=0.701200, best_overall=0.701200, mean_diversity=0.072073,
indivs=23113336, elapsed_secs=37664, mean=0.558691, stdev=0.175564, best fit=0.701200, best_overall=0.701200, mean_diversity=0.168710,
indivs=23123372, elapsed_secs=37679, mean=0.501673, stdev=0.020335, best fit=0.701200, best_overall=0.701200, mean_diversity=0.088229,
indivs=23133376, elapsed_secs=37695, mean=0.519281, stdev=0.158816, best fit=0.701200, best_overall=0.701200, mean_diversity=0.301888,
indivs=23143449, elapsed_secs=37713, mean=0.498436, stdev=0.113372, best fit=0.701200, best_overall=0.701200, mean_diversity=0.248354,
indivs=23153535, elapsed_secs=37728, mean=0.503100, stdev=0.085175, best fit=0.701200, best_overall=0.701200, mean_diversity=0.170290,
indivs=23163641, elapsed_secs=37743, mean=0.550221, stdev=0.124940, best fit=0.701200, best_overall=0.701200, mean_diversity=0.092985,
indivs=23173668, elapsed_secs=37764, mean=0.573002, stdev=0.177450, best fit=0.701200, best_overall=0.701200, mean_diversity=0.335455,
indivs=23183692, elapsed_secs=37782, mean=0.490318, stdev=0.090743, best fit=0.701200, best_overall=0.701200, mean_diversity=0.241301,
indivs=23193802, elapsed_secs=37798, mean=0.497155, stdev=0.185259, best fit=0.701200, best_overall=0.701200, mean_diversity=0.355738,
indivs=23203836, elapsed_secs=37815, mean=0.572222, stdev=0.121612, best fit=0.701200, best_overall=0.701200, mean_diversity=0.169317,
indivs=23213884, elapsed_secs=37830, mean=0.541686, stdev=0.154581, best fit=0.701200, best_overall=0.701200, mean_diversity=0.206848,
indivs=23223941, elapsed_secs=37847, mean=0.514565, stdev=0.097246, best fit=0.701200, best_overall=0.701200, mean_diversity=0.164934,
indivs=23234062, elapsed_secs=37863, mean=0.553766, stdev=0.162569, best fit=0.701200, best_overall=0.701200, mean_diversity=0.181940,
indivs=23244165, elapsed_secs=37883, mean=0.592388, stdev=0.132460, best fit=0.701200, best_overall=0.701200, mean_diversity=0.183773,
indivs=23254321, elapsed_secs=37899, mean=0.559683, stdev=0.191941, best fit=0.701200, best_overall=0.701200, mean_diversity=0.043721,
indivs=23264428, elapsed_secs=37916, mean=0.590342, stdev=0.111780, best fit=0.701200, best_overall=0.701200, mean_diversity=0.137845,
indivs=23274525, elapsed_secs=37931, mean=0.510881, stdev=0.082174, best fit=0.701200, best_overall=0.701200, mean_diversity=0.388182,
indivs=23284602, elapsed_secs=37946, mean=0.594250, stdev=0.198810, best fit=0.701200, best_overall=0.701200, mean_diversity=0.027669,
indivs=23294607, elapsed_secs=37961, mean=0.619131, stdev=0.104904, best fit=0.701200, best_overall=0.701200, mean_diversity=0.212716,
indivs=23304621, elapsed_secs=37977, mean=0.479555, stdev=0.126428, best fit=0.701200, best_overall=0.701200, mean_diversity=0.310652,
indivs=23314677, elapsed_secs=37991, mean=0.532612, stdev=0.203910, best fit=0.701200, best_overall=0.701200, mean_diversity=0.185644,
indivs=23324745, elapsed_secs=38007, mean=0.526437, stdev=0.088574, best fit=0.701200, best_overall=0.701200, mean_diversity=0.274827,
indivs=23334872, elapsed_secs=38024, mean=0.475178, stdev=0.134639, best fit=0.701200, best_overall=0.701200, mean_diversity=0.319894,
indivs=23344951, elapsed_secs=38041, mean=0.516190, stdev=0.182684, best fit=0.701200, best_overall=0.701200, mean_diversity=0.263798,
indivs=23354960, elapsed_secs=38060, mean=0.535543, stdev=0.150908, best fit=0.701200, best_overall=0.701200, mean_diversity=0.246542,
indivs=23365087, elapsed_secs=38078, mean=0.564467, stdev=0.154677, best fit=0.701200, best_overall=0.701200, mean_diversity=0.257364,
indivs=23375157, elapsed_secs=38100, mean=0.579907, stdev=0.113048, best fit=0.701200, best_overall=0.701200, mean_diversity=0.094515,
indivs=23385235, elapsed_secs=38117, mean=0.487946, stdev=0.051499, best fit=0.701200, best_overall=0.701200, mean_diversity=0.172911,
indivs=23395359, elapsed_secs=38133, mean=0.566269, stdev=0.125962, best fit=0.701200, best_overall=0.701200, mean_diversity=0.350637,
indivs=23405506, elapsed_secs=38148, mean=0.613292, stdev=0.131635, best fit=0.701200, best_overall=0.701200, mean_diversity=0.061020,
indivs=23415565, elapsed_secs=38165, mean=0.619057, stdev=0.142614, best fit=0.701200, best_overall=0.701200, mean_diversity=0.136679,
indivs=23425589, elapsed_secs=38182, mean=0.609497, stdev=0.141941, best fit=0.701200, best_overall=0.701200, mean_diversity=0.176769,
indivs=23435739, elapsed_secs=38197, mean=0.559236, stdev=0.183718, best fit=0.701200, best_overall=0.701200, mean_diversity=0.069942,
indivs=23445847, elapsed_secs=38211, mean=0.528977, stdev=0.173693, best fit=0.701200, best_overall=0.701200, mean_diversity=0.232383,
indivs=23455945, elapsed_secs=38227, mean=0.587461, stdev=0.183950, best fit=0.701200, best_overall=0.701200, mean_diversity=0.100482,
indivs=23465991, elapsed_secs=38244, mean=0.565145, stdev=0.174954, best fit=0.701200, best_overall=0.701200, mean_diversity=0.059828,
indivs=23476070, elapsed_secs=38259, mean=0.539323, stdev=0.126865, best fit=0.701200, best_overall=0.701200, mean_diversity=0.262727,
indivs=23486100, elapsed_secs=38274, mean=0.610848, stdev=0.188457, best fit=0.701200, best_overall=0.701200, mean_diversity=0.058401,
indivs=23496142, elapsed_secs=38290, mean=0.535328, stdev=0.126954, best fit=0.701200, best_overall=0.701200, mean_diversity=0.195000,
indivs=23506275, elapsed_secs=38306, mean=0.529792, stdev=0.160335, best fit=0.701200, best_overall=0.701200, mean_diversity=0.224011,
indivs=23516349, elapsed_secs=38320, mean=0.512497, stdev=0.051036, best fit=0.701200, best_overall=0.701200, mean_diversity=0.174588,
indivs=23526433, elapsed_secs=38339, mean=0.548012, stdev=0.170825, best fit=0.701200, best_overall=0.701200, mean_diversity=0.214398,
indivs=23536494, elapsed_secs=38355, mean=0.535931, stdev=0.095081, best fit=0.701200, best_overall=0.701200, mean_diversity=0.399264,
indivs=23546552, elapsed_secs=38371, mean=0.528515, stdev=0.109182, best fit=0.701200, best_overall=0.701200, mean_diversity=0.294167,
indivs=23556688, elapsed_secs=38387, mean=0.588788, stdev=0.185193, best fit=0.701200, best_overall=0.701200, mean_diversity=0.091663,
indivs=23566797, elapsed_secs=38406, mean=0.509225, stdev=0.087313, best fit=0.701200, best_overall=0.701200, mean_diversity=0.264715,
indivs=23576940, elapsed_secs=38421, mean=0.520095, stdev=0.227523, best fit=0.701200, best_overall=0.701200, mean_diversity=0.113463,
indivs=23587050, elapsed_secs=38437, mean=0.553724, stdev=0.145630, best fit=0.701200, best_overall=0.701200, mean_diversity=0.220458,
indivs=23597206, elapsed_secs=38453, mean=0.594928, stdev=0.172383, best fit=0.701200, best_overall=0.701200, mean_diversity=0.108515,
indivs=23607311, elapsed_secs=38468, mean=0.609174, stdev=0.175041, best fit=0.701200, best_overall=0.701200, mean_diversity=0.074360,
indivs=23617395, elapsed_secs=38483, mean=0.495948, stdev=0.099474, best fit=0.701200, best_overall=0.701200, mean_diversity=0.308304,
indivs=23627400, elapsed_secs=38499, mean=0.545759, stdev=0.151212, best fit=0.701200, best_overall=0.701200, mean_diversity=0.155357,
indivs=23637516, elapsed_secs=38517, mean=0.548035, stdev=0.154072, best fit=0.701200, best_overall=0.701200, mean_diversity=0.119840,
indivs=23647665, elapsed_secs=38533, mean=0.525254, stdev=0.164189, best fit=0.701200, best_overall=0.701200, mean_diversity=0.435664,
indivs=23657693, elapsed_secs=38548, mean=0.507645, stdev=0.096524, best fit=0.701200, best_overall=0.701200, mean_diversity=0.337877,
indivs=23667736, elapsed_secs=38566, mean=0.551490, stdev=0.166940, best fit=0.701200, best_overall=0.701200, mean_diversity=0.284875,
indivs=23677746, elapsed_secs=38582, mean=0.607985, stdev=0.134389, best fit=0.701200, best_overall=0.701200, mean_diversity=0.115592,
indivs=23687832, elapsed_secs=38602, mean=0.527421, stdev=0.154935, best fit=0.701200, best_overall=0.701200, mean_diversity=0.187447,
indivs=23697876, elapsed_secs=38620, mean=0.528136, stdev=0.104757, best fit=0.701200, best_overall=0.701200, mean_diversity=0.411327,
indivs=23707954, elapsed_secs=38640, mean=0.544947, stdev=0.177721, best fit=0.701200, best_overall=0.701200, mean_diversity=0.247131,
indivs=23718065, elapsed_secs=38656, mean=0.502793, stdev=0.156570, best fit=0.701200, best_overall=0.701200, mean_diversity=0.179729,
indivs=23728185, elapsed_secs=38671, mean=0.536005, stdev=0.115232, best fit=0.701200, best_overall=0.701200, mean_diversity=0.355689,
indivs=23738320, elapsed_secs=38688, mean=0.534584, stdev=0.117505, best fit=0.701200, best_overall=0.701200, mean_diversity=0.259299,
indivs=23748374, elapsed_secs=38703, mean=0.472102, stdev=0.094678, best fit=0.701200, best_overall=0.701200, mean_diversity=0.265390,
indivs=23758437, elapsed_secs=38720, mean=0.612567, stdev=0.141731, best fit=0.701200, best_overall=0.701200, mean_diversity=0.185023,
indivs=23768518, elapsed_secs=38735, mean=0.567556, stdev=0.186450, best fit=0.701200, best_overall=0.701200, mean_diversity=0.229209,
indivs=23778650, elapsed_secs=38750, mean=0.593506, stdev=0.197532, best fit=0.701200, best_overall=0.701200, mean_diversity=0.032573,
indivs=23788667, elapsed_secs=38769, mean=0.488142, stdev=0.181087, best fit=0.701200, best_overall=0.701200, mean_diversity=0.185987,
indivs=23798742, elapsed_secs=38787, mean=0.536773, stdev=0.172621, best fit=0.701200, best_overall=0.701200, mean_diversity=0.281463,
indivs=23808795, elapsed_secs=38803, mean=0.539362, stdev=0.230107, best fit=0.701200, best_overall=0.701200, mean_diversity=0.109607,
indivs=23818901, elapsed_secs=38819, mean=0.548916, stdev=0.116361, best fit=0.701200, best_overall=0.701200, mean_diversity=0.159269,
indivs=23828983, elapsed_secs=38835, mean=0.501251, stdev=0.070210, best fit=0.701200, best_overall=0.701200, mean_diversity=0.242141,
indivs=23839062, elapsed_secs=38852, mean=0.525552, stdev=0.170393, best fit=0.701200, best_overall=0.701200, mean_diversity=0.178043,
indivs=23849114, elapsed_secs=38866, mean=0.538017, stdev=0.094961, best fit=0.701200, best_overall=0.701200, mean_diversity=0.361587,
indivs=23859211, elapsed_secs=38885, mean=0.598683, stdev=0.175147, best fit=0.701200, best_overall=0.701200, mean_diversity=0.075583,
indivs=23869232, elapsed_secs=38900, mean=0.508330, stdev=0.190467, best fit=0.701200, best_overall=0.701200, mean_diversity=0.201271,
indivs=23879306, elapsed_secs=38918, mean=0.544469, stdev=0.098090, best fit=0.701200, best_overall=0.701200, mean_diversity=0.370249,
indivs=23889331, elapsed_secs=38935, mean=0.535139, stdev=0.120234, best fit=0.701200, best_overall=0.701200, mean_diversity=0.265735,
indivs=23899443, elapsed_secs=38952, mean=0.564144, stdev=0.085379, best fit=0.701200, best_overall=0.701200, mean_diversity=0.224979,
Experiment done. Retrieving candidate algorithm.
Search fitness for candidate algorithm = 0.701200
Evaluating candidate algorithm from experiment (on T_select tasks)... 
Select fitness for candidate algorithm = 0.697800
Select fitness is the best so far. 

Final evaluation of best algorithm (on unseen tasks)...
Final evaluation fitness (on unseen data) = 0.690440
Algorithm found: 
def Setup():
  v7 = gaussian(-0.588995, 0.375899, n_features)
  v2 = uniform(0.658499, -0.293341, n_features)
  s4 = -0.0332286
  m0 = gaussian(0.310863, 0.354351, (n_features, n_features))
  m1 = gaussian(-0.788366, 0.710796, (n_features, n_features))
  m0 = uniform(0.573985, 0.0775799, (n_features, n_features))
def Predict():
  s4 = dot(v0, v3)
  s4 = s3 + s0
  v7 = maximum(v6, v0)
  s4 = s4 + s3
  v1 = v2 + v4
  v1 = v1 + v3
  v2 = dot(m1, v7)
  s3 = s1 + s0
  s1 = dot(v0, v1)
  v3 = v3 + v0
def Learn():
  m1 = m1 + m0
  v4 = v4 + v8
  v2 = v2 + v4
  v1 = v5 * v7
  v6 = v2 * v7
  m0 = outer(v4, v7)
  s3 = s3 * s0
  s4 = s0 - s1
  v6 = heaviside(v1, 1.0)
  v2 = s2 * v5
  s1 = s4 - s2
  v3 = heaviside(v1, 1.0)
  v7 = heaviside(v7, 1.0)
  s2 = s3 - s0
  v6 = v2 + v8
  v7 = v0 + v2
  v8 = s1 * v0
  s3 = s2 - s3
  s1 = s2 - s2
  v3 = v1 * v3
  s2 = s4 + s1

