Random seed = 693363130
/p/work/rditljtd/automl_zero/baseline_full_qd.db3
evol_id:10990
SQLite Version: 3.4.0

Creating database for run.
/p/work/rditljtd/automl_zero/baseline_full_qd.db3
Running evolution experiment (on the T_search tasks)...
indivs=200, elapsed_secs=0, mean=0.500000, stdev=0.000000, best fit=0.500000, best_overall=0.500000, mean_diversity=0.000000,
indivs=10249, elapsed_secs=9, mean=0.498741, stdev=0.053539, best fit=0.538700, best_overall=0.538700, mean_diversity=0.167139,
indivs=20333, elapsed_secs=16, mean=0.500428, stdev=0.005392, best fit=0.553100, best_overall=0.553100, mean_diversity=0.215892,
indivs=30355, elapsed_secs=25, mean=0.489974, stdev=0.088513, best fit=0.582100, best_overall=0.582100, mean_diversity=0.217103,
indivs=40468, elapsed_secs=40, mean=0.498617, stdev=0.024751, best fit=0.582300, best_overall=0.582300, mean_diversity=0.094881,
indivs=50547, elapsed_secs=48, mean=0.497581, stdev=0.059955, best fit=0.582300, best_overall=0.582300, mean_diversity=0.281411,
indivs=60566, elapsed_secs=56, mean=0.492130, stdev=0.053102, best fit=0.582300, best_overall=0.582300, mean_diversity=0.245786,
indivs=70568, elapsed_secs=64, mean=0.496279, stdev=0.051852, best fit=0.582300, best_overall=0.582300, mean_diversity=0.215127,
indivs=80607, elapsed_secs=71, mean=0.499355, stdev=0.011004, best fit=0.582300, best_overall=0.582300, mean_diversity=0.284023,
indivs=90620, elapsed_secs=79, mean=0.476921, stdev=0.109816, best fit=0.582300, best_overall=0.582300, mean_diversity=0.168831,
indivs=100671, elapsed_secs=86, mean=0.485089, stdev=0.074374, best fit=0.582300, best_overall=0.582300, mean_diversity=0.255370,
indivs=110702, elapsed_secs=95, mean=0.540455, stdev=0.072096, best fit=0.669300, best_overall=0.669300, mean_diversity=0.208507,
indivs=120823, elapsed_secs=104, mean=0.565736, stdev=0.123802, best fit=0.669300, best_overall=0.669300, mean_diversity=0.077966,
indivs=130882, elapsed_secs=113, mean=0.593430, stdev=0.083351, best fit=0.669300, best_overall=0.669300, mean_diversity=0.131988,
indivs=140883, elapsed_secs=122, mean=0.573591, stdev=0.086982, best fit=0.670100, best_overall=0.670100, mean_diversity=0.192668,
indivs=150993, elapsed_secs=135, mean=0.549343, stdev=0.098667, best fit=0.670100, best_overall=0.670100, mean_diversity=0.321170,
indivs=161122, elapsed_secs=145, mean=0.575794, stdev=0.093646, best fit=0.670100, best_overall=0.670100, mean_diversity=0.367989,
indivs=171136, elapsed_secs=156, mean=0.541926, stdev=0.150468, best fit=0.670100, best_overall=0.670100, mean_diversity=0.516349,
indivs=181151, elapsed_secs=166, mean=0.522053, stdev=0.060396, best fit=0.670300, best_overall=0.670300, mean_diversity=0.246512,
indivs=191222, elapsed_secs=176, mean=0.571491, stdev=0.089288, best fit=0.670600, best_overall=0.670600, mean_diversity=0.117806,
indivs=201287, elapsed_secs=183, mean=0.517338, stdev=0.051153, best fit=0.670700, best_overall=0.670700, mean_diversity=0.234321,
indivs=211348, elapsed_secs=190, mean=0.534268, stdev=0.070201, best fit=0.670700, best_overall=0.670700, mean_diversity=0.102670,
indivs=221386, elapsed_secs=199, mean=0.623702, stdev=0.093767, best fit=0.670700, best_overall=0.670700, mean_diversity=0.096454,
indivs=231392, elapsed_secs=206, mean=0.497350, stdev=0.061235, best fit=0.670700, best_overall=0.670700, mean_diversity=0.099825,
indivs=241463, elapsed_secs=213, mean=0.514631, stdev=0.048137, best fit=0.671700, best_overall=0.671700, mean_diversity=0.297306,
indivs=251559, elapsed_secs=221, mean=0.506021, stdev=0.027180, best fit=0.671700, best_overall=0.671700, mean_diversity=0.193815,
indivs=261593, elapsed_secs=229, mean=0.585468, stdev=0.117679, best fit=0.671700, best_overall=0.671700, mean_diversity=0.243673,
indivs=271617, elapsed_secs=236, mean=0.575808, stdev=0.084945, best fit=0.671700, best_overall=0.671700, mean_diversity=0.092238,
indivs=281684, elapsed_secs=242, mean=0.587064, stdev=0.083265, best fit=0.671700, best_overall=0.671700, mean_diversity=0.304238,
indivs=291748, elapsed_secs=250, mean=0.518504, stdev=0.092389, best fit=0.671700, best_overall=0.671700, mean_diversity=0.338000,
indivs=301750, elapsed_secs=257, mean=0.520107, stdev=0.054455, best fit=0.671700, best_overall=0.671700, mean_diversity=0.349611,
indivs=311846, elapsed_secs=265, mean=0.502104, stdev=0.025150, best fit=0.671700, best_overall=0.671700, mean_diversity=0.165078,
indivs=321985, elapsed_secs=272, mean=0.618694, stdev=0.075348, best fit=0.671700, best_overall=0.671700, mean_diversity=0.098938,
indivs=332037, elapsed_secs=280, mean=0.581316, stdev=0.081767, best fit=0.671700, best_overall=0.671700, mean_diversity=0.247450,
indivs=342139, elapsed_secs=287, mean=0.561870, stdev=0.080693, best fit=0.671700, best_overall=0.671700, mean_diversity=0.254380,
indivs=352233, elapsed_secs=294, mean=0.563941, stdev=0.081201, best fit=0.671700, best_overall=0.671700, mean_diversity=0.192201,
indivs=362275, elapsed_secs=302, mean=0.504630, stdev=0.029341, best fit=0.671700, best_overall=0.671700, mean_diversity=0.168828,
indivs=372386, elapsed_secs=309, mean=0.563605, stdev=0.076834, best fit=0.671700, best_overall=0.671700, mean_diversity=0.236466,
indivs=382468, elapsed_secs=316, mean=0.607489, stdev=0.073980, best fit=0.671700, best_overall=0.671700, mean_diversity=0.116890,
indivs=392495, elapsed_secs=324, mean=0.602439, stdev=0.080632, best fit=0.671700, best_overall=0.671700, mean_diversity=0.115920,
indivs=402629, elapsed_secs=333, mean=0.608734, stdev=0.080207, best fit=0.671700, best_overall=0.671700, mean_diversity=0.319307,
indivs=412721, elapsed_secs=341, mean=0.602692, stdev=0.062228, best fit=0.671700, best_overall=0.671700, mean_diversity=0.170546,
indivs=422798, elapsed_secs=348, mean=0.511056, stdev=0.071611, best fit=0.671700, best_overall=0.671700, mean_diversity=0.188549,
indivs=432912, elapsed_secs=355, mean=0.617231, stdev=0.079180, best fit=0.671700, best_overall=0.671700, mean_diversity=0.161191,
indivs=442971, elapsed_secs=365, mean=0.521830, stdev=0.127589, best fit=0.671700, best_overall=0.671700, mean_diversity=0.341728,
indivs=453020, elapsed_secs=374, mean=0.555820, stdev=0.098513, best fit=0.671900, best_overall=0.671900, mean_diversity=0.206698,
indivs=463089, elapsed_secs=384, mean=0.561759, stdev=0.102969, best fit=0.671900, best_overall=0.671900, mean_diversity=0.100370,
indivs=473093, elapsed_secs=394, mean=0.513482, stdev=0.153251, best fit=0.671900, best_overall=0.671900, mean_diversity=0.347434,
indivs=483112, elapsed_secs=402, mean=0.510881, stdev=0.043504, best fit=0.671900, best_overall=0.671900, mean_diversity=0.327351,
indivs=493249, elapsed_secs=411, mean=0.584615, stdev=0.086987, best fit=0.671900, best_overall=0.671900, mean_diversity=0.106522,
indivs=503304, elapsed_secs=422, mean=0.491653, stdev=0.057370, best fit=0.671900, best_overall=0.671900, mean_diversity=0.143723,
indivs=513397, elapsed_secs=433, mean=0.569393, stdev=0.075217, best fit=0.671900, best_overall=0.671900, mean_diversity=0.253359,
indivs=523494, elapsed_secs=446, mean=0.612599, stdev=0.079714, best fit=0.672200, best_overall=0.672200, mean_diversity=0.210588,
indivs=533514, elapsed_secs=458, mean=0.528884, stdev=0.052041, best fit=0.672200, best_overall=0.672200, mean_diversity=0.267942,
indivs=543579, elapsed_secs=468, mean=0.545670, stdev=0.069296, best fit=0.672200, best_overall=0.672200, mean_diversity=0.291089,
indivs=553585, elapsed_secs=478, mean=0.555463, stdev=0.082285, best fit=0.672200, best_overall=0.672200, mean_diversity=0.326838,
indivs=563732, elapsed_secs=489, mean=0.568047, stdev=0.116407, best fit=0.672200, best_overall=0.672200, mean_diversity=0.183925,
indivs=573806, elapsed_secs=501, mean=0.544352, stdev=0.059382, best fit=0.672200, best_overall=0.672200, mean_diversity=0.194413,
indivs=583859, elapsed_secs=511, mean=0.603953, stdev=0.082616, best fit=0.672200, best_overall=0.672200, mean_diversity=0.137126,
indivs=593918, elapsed_secs=520, mean=0.522543, stdev=0.088513, best fit=0.672200, best_overall=0.672200, mean_diversity=0.354444,
indivs=604029, elapsed_secs=529, mean=0.533079, stdev=0.067469, best fit=0.672200, best_overall=0.672200, mean_diversity=0.261858,
indivs=614119, elapsed_secs=542, mean=0.620721, stdev=0.075253, best fit=0.672200, best_overall=0.672200, mean_diversity=0.181667,
indivs=624214, elapsed_secs=552, mean=0.544760, stdev=0.061483, best fit=0.672200, best_overall=0.672200, mean_diversity=0.238664,
indivs=634215, elapsed_secs=562, mean=0.551561, stdev=0.087535, best fit=0.672200, best_overall=0.672200, mean_diversity=0.283005,
indivs=644245, elapsed_secs=572, mean=0.538099, stdev=0.071179, best fit=0.672200, best_overall=0.672200, mean_diversity=0.133688,
indivs=654327, elapsed_secs=582, mean=0.563739, stdev=0.081334, best fit=0.672200, best_overall=0.672200, mean_diversity=0.201330,
indivs=664465, elapsed_secs=594, mean=0.602190, stdev=0.083307, best fit=0.672200, best_overall=0.672200, mean_diversity=0.167389,
indivs=674559, elapsed_secs=603, mean=0.501641, stdev=0.060132, best fit=0.672200, best_overall=0.672200, mean_diversity=0.059814,
indivs=684659, elapsed_secs=614, mean=0.506777, stdev=0.033243, best fit=0.672200, best_overall=0.672200, mean_diversity=0.200553,
indivs=694689, elapsed_secs=623, mean=0.536120, stdev=0.058088, best fit=0.672200, best_overall=0.672200, mean_diversity=0.376736,
indivs=704717, elapsed_secs=633, mean=0.615555, stdev=0.097517, best fit=0.672200, best_overall=0.672200, mean_diversity=0.052848,
indivs=714732, elapsed_secs=644, mean=0.595774, stdev=0.084170, best fit=0.672200, best_overall=0.672200, mean_diversity=0.121799,
indivs=724735, elapsed_secs=655, mean=0.561960, stdev=0.081909, best fit=0.672200, best_overall=0.672200, mean_diversity=0.274872,
indivs=734780, elapsed_secs=666, mean=0.551606, stdev=0.073180, best fit=0.672200, best_overall=0.672200, mean_diversity=0.243070,
indivs=744832, elapsed_secs=677, mean=0.499751, stdev=0.018885, best fit=0.672200, best_overall=0.672200, mean_diversity=0.071799,
indivs=754861, elapsed_secs=688, mean=0.535741, stdev=0.071265, best fit=0.672200, best_overall=0.672200, mean_diversity=0.248905,
indivs=764894, elapsed_secs=698, mean=0.505193, stdev=0.061894, best fit=0.672200, best_overall=0.672200, mean_diversity=0.213917,
indivs=775001, elapsed_secs=707, mean=0.517888, stdev=0.113395, best fit=0.672200, best_overall=0.672200, mean_diversity=0.319423,
indivs=785067, elapsed_secs=717, mean=0.492420, stdev=0.097768, best fit=0.672200, best_overall=0.672200, mean_diversity=0.323316,
indivs=795099, elapsed_secs=729, mean=0.613054, stdev=0.078590, best fit=0.672200, best_overall=0.672200, mean_diversity=0.259175,
indivs=805269, elapsed_secs=738, mean=0.615713, stdev=0.078362, best fit=0.672200, best_overall=0.672200, mean_diversity=0.174857,
indivs=815396, elapsed_secs=749, mean=0.607883, stdev=0.098645, best fit=0.672200, best_overall=0.672200, mean_diversity=0.226811,
indivs=825398, elapsed_secs=759, mean=0.537062, stdev=0.058581, best fit=0.672200, best_overall=0.672200, mean_diversity=0.231618,
indivs=835450, elapsed_secs=768, mean=0.501326, stdev=0.045542, best fit=0.672200, best_overall=0.672200, mean_diversity=0.215433,
indivs=845451, elapsed_secs=777, mean=0.559118, stdev=0.064868, best fit=0.672200, best_overall=0.672200, mean_diversity=0.313070,
indivs=855567, elapsed_secs=787, mean=0.583983, stdev=0.084346, best fit=0.672200, best_overall=0.672200, mean_diversity=0.281230,
indivs=865699, elapsed_secs=798, mean=0.577558, stdev=0.142474, best fit=0.672200, best_overall=0.672200, mean_diversity=0.161857,
indivs=875755, elapsed_secs=807, mean=0.564612, stdev=0.080938, best fit=0.672200, best_overall=0.672200, mean_diversity=0.228372,
indivs=885855, elapsed_secs=819, mean=0.588017, stdev=0.081374, best fit=0.672200, best_overall=0.672200, mean_diversity=0.082080,
indivs=895868, elapsed_secs=828, mean=0.523690, stdev=0.055296, best fit=0.672200, best_overall=0.672200, mean_diversity=0.325211,
indivs=905954, elapsed_secs=837, mean=0.507539, stdev=0.089720, best fit=0.672200, best_overall=0.672200, mean_diversity=0.231404,
indivs=916022, elapsed_secs=847, mean=0.621831, stdev=0.095037, best fit=0.672200, best_overall=0.672200, mean_diversity=0.169444,
indivs=926058, elapsed_secs=858, mean=0.526909, stdev=0.054556, best fit=0.672200, best_overall=0.672200, mean_diversity=0.190718,
indivs=936098, elapsed_secs=870, mean=0.547609, stdev=0.073229, best fit=0.672200, best_overall=0.672200, mean_diversity=0.300390,
indivs=946211, elapsed_secs=881, mean=0.511874, stdev=0.136494, best fit=0.672200, best_overall=0.672200, mean_diversity=0.163342,
indivs=956255, elapsed_secs=893, mean=0.584665, stdev=0.103439, best fit=0.672200, best_overall=0.672200, mean_diversity=0.181408,
indivs=966313, elapsed_secs=904, mean=0.509145, stdev=0.069515, best fit=0.673000, best_overall=0.673000, mean_diversity=0.300311,
indivs=976441, elapsed_secs=916, mean=0.569207, stdev=0.085927, best fit=0.673000, best_overall=0.673000, mean_diversity=0.280836,
indivs=986478, elapsed_secs=928, mean=0.618874, stdev=0.071439, best fit=0.673000, best_overall=0.673000, mean_diversity=0.147847,
indivs=996498, elapsed_secs=941, mean=0.538512, stdev=0.107993, best fit=0.673000, best_overall=0.673000, mean_diversity=0.128341,
indivs=1006578, elapsed_secs=951, mean=0.472564, stdev=0.111281, best fit=0.673000, best_overall=0.673000, mean_diversity=0.205137,
indivs=1016586, elapsed_secs=961, mean=0.581792, stdev=0.118107, best fit=0.673000, best_overall=0.673000, mean_diversity=0.160446,
indivs=1026619, elapsed_secs=972, mean=0.611410, stdev=0.078983, best fit=0.673000, best_overall=0.673000, mean_diversity=0.217995,
indivs=1036657, elapsed_secs=982, mean=0.618109, stdev=0.078109, best fit=0.673000, best_overall=0.673000, mean_diversity=0.102136,
indivs=1046772, elapsed_secs=995, mean=0.601125, stdev=0.082657, best fit=0.673000, best_overall=0.673000, mean_diversity=0.136797,
indivs=1056859, elapsed_secs=1005, mean=0.503100, stdev=0.060010, best fit=0.673000, best_overall=0.673000, mean_diversity=0.111189,
indivs=1066914, elapsed_secs=1017, mean=0.529393, stdev=0.130010, best fit=0.673000, best_overall=0.673000, mean_diversity=0.359888,
indivs=1077018, elapsed_secs=1029, mean=0.555162, stdev=0.077639, best fit=0.673000, best_overall=0.673000, mean_diversity=0.193365,
indivs=1087035, elapsed_secs=1041, mean=0.546052, stdev=0.084518, best fit=0.673000, best_overall=0.673000, mean_diversity=0.256931,
indivs=1097081, elapsed_secs=1052, mean=0.558813, stdev=0.080226, best fit=0.673000, best_overall=0.673000, mean_diversity=0.172228,
indivs=1107125, elapsed_secs=1063, mean=0.548042, stdev=0.060037, best fit=0.673000, best_overall=0.673000, mean_diversity=0.175122,
indivs=1117158, elapsed_secs=1074, mean=0.502480, stdev=0.024249, best fit=0.673000, best_overall=0.673000, mean_diversity=0.072763,
indivs=1127249, elapsed_secs=1085, mean=0.512843, stdev=0.068911, best fit=0.673000, best_overall=0.673000, mean_diversity=0.234897,
indivs=1137353, elapsed_secs=1097, mean=0.527330, stdev=0.057355, best fit=0.673000, best_overall=0.673000, mean_diversity=0.212073,
indivs=1147410, elapsed_secs=1108, mean=0.598807, stdev=0.114086, best fit=0.673000, best_overall=0.673000, mean_diversity=0.070725,
indivs=1157515, elapsed_secs=1119, mean=0.592394, stdev=0.070177, best fit=0.673000, best_overall=0.673000, mean_diversity=0.174826,
indivs=1167519, elapsed_secs=1129, mean=0.478737, stdev=0.099898, best fit=0.673000, best_overall=0.673000, mean_diversity=0.116894,
indivs=1177555, elapsed_secs=1139, mean=0.585457, stdev=0.148070, best fit=0.673000, best_overall=0.673000, mean_diversity=0.029799,
indivs=1187634, elapsed_secs=1150, mean=0.595860, stdev=0.085415, best fit=0.673000, best_overall=0.673000, mean_diversity=0.235388,
indivs=1197730, elapsed_secs=1161, mean=0.499665, stdev=0.057654, best fit=0.673000, best_overall=0.673000, mean_diversity=0.105199,
indivs=1207793, elapsed_secs=1173, mean=0.560958, stdev=0.073839, best fit=0.673000, best_overall=0.673000, mean_diversity=0.193075,
indivs=1217833, elapsed_secs=1184, mean=0.575158, stdev=0.128611, best fit=0.673000, best_overall=0.673000, mean_diversity=0.204180,
indivs=1227843, elapsed_secs=1195, mean=0.535076, stdev=0.087537, best fit=0.673000, best_overall=0.673000, mean_diversity=0.337541,
indivs=1237911, elapsed_secs=1206, mean=0.597226, stdev=0.114629, best fit=0.673000, best_overall=0.673000, mean_diversity=0.212435,
indivs=1247937, elapsed_secs=1218, mean=0.546337, stdev=0.095395, best fit=0.673000, best_overall=0.673000, mean_diversity=0.281114,
indivs=1257970, elapsed_secs=1229, mean=0.587250, stdev=0.072653, best fit=0.673000, best_overall=0.673000, mean_diversity=0.158049,
indivs=1268043, elapsed_secs=1241, mean=0.523910, stdev=0.062076, best fit=0.673000, best_overall=0.673000, mean_diversity=0.229425,
indivs=1278158, elapsed_secs=1251, mean=0.629988, stdev=0.092145, best fit=0.673000, best_overall=0.673000, mean_diversity=0.081509,
indivs=1288165, elapsed_secs=1262, mean=0.504347, stdev=0.028872, best fit=0.673300, best_overall=0.673300, mean_diversity=0.107329,
indivs=1298233, elapsed_secs=1274, mean=0.604915, stdev=0.080854, best fit=0.673300, best_overall=0.673300, mean_diversity=0.179208,
indivs=1308294, elapsed_secs=1289, mean=0.572783, stdev=0.141793, best fit=0.673300, best_overall=0.673300, mean_diversity=0.073095,
indivs=1318341, elapsed_secs=1300, mean=0.530164, stdev=0.065666, best fit=0.673300, best_overall=0.673300, mean_diversity=0.279588,
indivs=1328362, elapsed_secs=1313, mean=0.532915, stdev=0.108006, best fit=0.673300, best_overall=0.673300, mean_diversity=0.320435,
indivs=1338431, elapsed_secs=1324, mean=0.535388, stdev=0.094144, best fit=0.673300, best_overall=0.673300, mean_diversity=0.183367,
indivs=1348532, elapsed_secs=1339, mean=0.553303, stdev=0.079322, best fit=0.673300, best_overall=0.673300, mean_diversity=0.319418,
indivs=1358574, elapsed_secs=1360, mean=0.502691, stdev=0.061272, best fit=0.674700, best_overall=0.674700, mean_diversity=0.266945,
indivs=1368627, elapsed_secs=1382, mean=0.539714, stdev=0.070958, best fit=0.674700, best_overall=0.674700, mean_diversity=0.131695,
indivs=1378627, elapsed_secs=1404, mean=0.504561, stdev=0.142352, best fit=0.674700, best_overall=0.674700, mean_diversity=0.535855,
indivs=1388705, elapsed_secs=1426, mean=0.568234, stdev=0.166207, best fit=0.674700, best_overall=0.674700, mean_diversity=0.140424,
indivs=1398798, elapsed_secs=1447, mean=0.542366, stdev=0.171693, best fit=0.674700, best_overall=0.674700, mean_diversity=0.098837,
indivs=1408820, elapsed_secs=1468, mean=0.519103, stdev=0.116849, best fit=0.674700, best_overall=0.674700, mean_diversity=0.309917,
indivs=1418897, elapsed_secs=1487, mean=0.493557, stdev=0.064227, best fit=0.674700, best_overall=0.674700, mean_diversity=0.115886,
indivs=1428908, elapsed_secs=1514, mean=0.552004, stdev=0.139392, best fit=0.674700, best_overall=0.674700, mean_diversity=0.166672,
indivs=1438952, elapsed_secs=1537, mean=0.551766, stdev=0.125632, best fit=0.674700, best_overall=0.674700, mean_diversity=0.048186,
indivs=1449049, elapsed_secs=1564, mean=0.485003, stdev=0.102595, best fit=0.674700, best_overall=0.674700, mean_diversity=0.066537,
indivs=1459098, elapsed_secs=1588, mean=0.509510, stdev=0.072472, best fit=0.674700, best_overall=0.674700, mean_diversity=0.444498,
indivs=1469208, elapsed_secs=1609, mean=0.528365, stdev=0.208912, best fit=0.674700, best_overall=0.674700, mean_diversity=0.110720,
indivs=1479213, elapsed_secs=1631, mean=0.497305, stdev=0.075337, best fit=0.674700, best_overall=0.674700, mean_diversity=0.115162,
indivs=1489275, elapsed_secs=1652, mean=0.552548, stdev=0.186271, best fit=0.674700, best_overall=0.674700, mean_diversity=0.117898,
indivs=1499315, elapsed_secs=1673, mean=0.497520, stdev=0.054645, best fit=0.674700, best_overall=0.674700, mean_diversity=0.221521,
indivs=1509405, elapsed_secs=1696, mean=0.560104, stdev=0.153270, best fit=0.674700, best_overall=0.674700, mean_diversity=0.175909,
indivs=1519466, elapsed_secs=1717, mean=0.555804, stdev=0.098616, best fit=0.674700, best_overall=0.674700, mean_diversity=0.286746,
indivs=1529517, elapsed_secs=1735, mean=0.535938, stdev=0.057794, best fit=0.674700, best_overall=0.674700, mean_diversity=0.274484,
indivs=1539555, elapsed_secs=1759, mean=0.431424, stdev=0.197377, best fit=0.674700, best_overall=0.674700, mean_diversity=0.196710,
indivs=1549682, elapsed_secs=1781, mean=0.586871, stdev=0.142578, best fit=0.674700, best_overall=0.674700, mean_diversity=0.126022,
indivs=1559746, elapsed_secs=1803, mean=0.503103, stdev=0.066299, best fit=0.674700, best_overall=0.674700, mean_diversity=0.324188,
indivs=1569791, elapsed_secs=1824, mean=0.589958, stdev=0.132352, best fit=0.674700, best_overall=0.674700, mean_diversity=0.212784,
indivs=1579885, elapsed_secs=1848, mean=0.506205, stdev=0.032206, best fit=0.674700, best_overall=0.674700, mean_diversity=0.164806,
indivs=1589893, elapsed_secs=1869, mean=0.545248, stdev=0.182022, best fit=0.674700, best_overall=0.674700, mean_diversity=0.098483,
indivs=1599975, elapsed_secs=1891, mean=0.513413, stdev=0.064559, best fit=0.674700, best_overall=0.674700, mean_diversity=0.179971,
indivs=1610059, elapsed_secs=1910, mean=0.562461, stdev=0.102374, best fit=0.674700, best_overall=0.674700, mean_diversity=0.080238,
indivs=1620135, elapsed_secs=1933, mean=0.583101, stdev=0.067874, best fit=0.674700, best_overall=0.674700, mean_diversity=0.141056,
indivs=1630290, elapsed_secs=1957, mean=0.575725, stdev=0.147797, best fit=0.674700, best_overall=0.674700, mean_diversity=0.131853,
indivs=1640405, elapsed_secs=1975, mean=0.528700, stdev=0.062084, best fit=0.674700, best_overall=0.674700, mean_diversity=0.222297,
indivs=1650497, elapsed_secs=1994, mean=0.559486, stdev=0.065113, best fit=0.674700, best_overall=0.674700, mean_diversity=0.264006,
indivs=1660497, elapsed_secs=2016, mean=0.562735, stdev=0.164698, best fit=0.674700, best_overall=0.674700, mean_diversity=0.083513,
indivs=1670558, elapsed_secs=2038, mean=0.578862, stdev=0.120707, best fit=0.674700, best_overall=0.674700, mean_diversity=0.192936,
indivs=1680607, elapsed_secs=2059, mean=0.572770, stdev=0.117418, best fit=0.674700, best_overall=0.674700, mean_diversity=0.147945,
indivs=1690652, elapsed_secs=2084, mean=0.544437, stdev=0.135623, best fit=0.674700, best_overall=0.674700, mean_diversity=0.220892,
indivs=1700712, elapsed_secs=2108, mean=0.572623, stdev=0.083697, best fit=0.674700, best_overall=0.674700, mean_diversity=0.263163,
indivs=1710761, elapsed_secs=2129, mean=0.551005, stdev=0.083793, best fit=0.674700, best_overall=0.674700, mean_diversity=0.343459,
indivs=1720806, elapsed_secs=2154, mean=0.481289, stdev=0.087344, best fit=0.674700, best_overall=0.674700, mean_diversity=0.368540,
indivs=1730893, elapsed_secs=2175, mean=0.506562, stdev=0.066095, best fit=0.674700, best_overall=0.674700, mean_diversity=0.372822,
indivs=1740980, elapsed_secs=2197, mean=0.545772, stdev=0.108831, best fit=0.674700, best_overall=0.674700, mean_diversity=0.098061,
indivs=1751117, elapsed_secs=2219, mean=0.601232, stdev=0.087618, best fit=0.674700, best_overall=0.674700, mean_diversity=0.187788,
indivs=1761197, elapsed_secs=2237, mean=0.575847, stdev=0.069019, best fit=0.674700, best_overall=0.674700, mean_diversity=0.078808,
indivs=1771244, elapsed_secs=2259, mean=0.567986, stdev=0.080708, best fit=0.674700, best_overall=0.674700, mean_diversity=0.330236,
indivs=1781333, elapsed_secs=2281, mean=0.549840, stdev=0.135954, best fit=0.674700, best_overall=0.674700, mean_diversity=0.290223,
indivs=1791440, elapsed_secs=2305, mean=0.553934, stdev=0.125497, best fit=0.674700, best_overall=0.674700, mean_diversity=0.351151,
indivs=1801476, elapsed_secs=2327, mean=0.501424, stdev=0.017416, best fit=0.674700, best_overall=0.674700, mean_diversity=0.092028,
indivs=1811546, elapsed_secs=2346, mean=0.515552, stdev=0.115478, best fit=0.674700, best_overall=0.674700, mean_diversity=0.204536,
indivs=1821600, elapsed_secs=2367, mean=0.541815, stdev=0.134610, best fit=0.674700, best_overall=0.674700, mean_diversity=0.322028,
indivs=1831605, elapsed_secs=2392, mean=0.589586, stdev=0.065599, best fit=0.674700, best_overall=0.674700, mean_diversity=0.146715,
indivs=1841658, elapsed_secs=2414, mean=0.518240, stdev=0.092532, best fit=0.674700, best_overall=0.674700, mean_diversity=0.227681,
indivs=1851741, elapsed_secs=2434, mean=0.562675, stdev=0.113195, best fit=0.674700, best_overall=0.674700, mean_diversity=0.221285,
indivs=1861809, elapsed_secs=2462, mean=0.547873, stdev=0.127376, best fit=0.674700, best_overall=0.674700, mean_diversity=0.292500,
indivs=1871890, elapsed_secs=2482, mean=0.585696, stdev=0.085321, best fit=0.674700, best_overall=0.674700, mean_diversity=0.167009,
indivs=1881895, elapsed_secs=2501, mean=0.582480, stdev=0.086962, best fit=0.674700, best_overall=0.674700, mean_diversity=0.114343,
indivs=1891923, elapsed_secs=2525, mean=0.522958, stdev=0.139192, best fit=0.674700, best_overall=0.674700, mean_diversity=0.265641,
indivs=1901972, elapsed_secs=2545, mean=0.529290, stdev=0.069744, best fit=0.674700, best_overall=0.674700, mean_diversity=0.350657,
indivs=1912016, elapsed_secs=2570, mean=0.539864, stdev=0.083475, best fit=0.674700, best_overall=0.674700, mean_diversity=0.125080,
indivs=1922060, elapsed_secs=2591, mean=0.572067, stdev=0.087804, best fit=0.674700, best_overall=0.674700, mean_diversity=0.410291,
indivs=1932156, elapsed_secs=2618, mean=0.517242, stdev=0.127988, best fit=0.674700, best_overall=0.674700, mean_diversity=0.157437,
indivs=1942190, elapsed_secs=2643, mean=0.486756, stdev=0.084637, best fit=0.674700, best_overall=0.674700, mean_diversity=0.248040,
indivs=1952299, elapsed_secs=2667, mean=0.608756, stdev=0.100236, best fit=0.674700, best_overall=0.674700, mean_diversity=0.160295,
indivs=1962405, elapsed_secs=2689, mean=0.515218, stdev=0.138063, best fit=0.674700, best_overall=0.674700, mean_diversity=0.418851,
indivs=1972420, elapsed_secs=2707, mean=0.568438, stdev=0.130060, best fit=0.674700, best_overall=0.674700, mean_diversity=0.227471,
indivs=1982444, elapsed_secs=2728, mean=0.568599, stdev=0.064300, best fit=0.674700, best_overall=0.674700, mean_diversity=0.103890,
indivs=1992527, elapsed_secs=2749, mean=0.495915, stdev=0.053130, best fit=0.674700, best_overall=0.674700, mean_diversity=0.287839,
indivs=2002586, elapsed_secs=2771, mean=0.490097, stdev=0.035431, best fit=0.674700, best_overall=0.674700, mean_diversity=0.298477,
indivs=2012650, elapsed_secs=2794, mean=0.518394, stdev=0.053114, best fit=0.674700, best_overall=0.674700, mean_diversity=0.331402,
indivs=2022801, elapsed_secs=2816, mean=0.547412, stdev=0.172246, best fit=0.674700, best_overall=0.674700, mean_diversity=0.177025,
indivs=2032839, elapsed_secs=2834, mean=0.508345, stdev=0.038888, best fit=0.674700, best_overall=0.674700, mean_diversity=0.153232,
indivs=2042925, elapsed_secs=2858, mean=0.538817, stdev=0.131071, best fit=0.674700, best_overall=0.674700, mean_diversity=0.197291,
indivs=2052925, elapsed_secs=2882, mean=0.568927, stdev=0.084520, best fit=0.674700, best_overall=0.674700, mean_diversity=0.102404,
indivs=2062934, elapsed_secs=2904, mean=0.538647, stdev=0.093540, best fit=0.674700, best_overall=0.674700, mean_diversity=0.231358,
indivs=2073097, elapsed_secs=2930, mean=0.583259, stdev=0.164556, best fit=0.674700, best_overall=0.674700, mean_diversity=0.117074,
indivs=2083237, elapsed_secs=2948, mean=0.567299, stdev=0.157702, best fit=0.674700, best_overall=0.674700, mean_diversity=0.082377,
indivs=2093253, elapsed_secs=2968, mean=0.450876, stdev=0.160405, best fit=0.674700, best_overall=0.674700, mean_diversity=0.112473,
indivs=2103298, elapsed_secs=2995, mean=0.514487, stdev=0.107498, best fit=0.674700, best_overall=0.674700, mean_diversity=0.322941,
indivs=2113434, elapsed_secs=3019, mean=0.600145, stdev=0.089614, best fit=0.674700, best_overall=0.674700, mean_diversity=0.231966,
indivs=2123596, elapsed_secs=3045, mean=0.588574, stdev=0.126396, best fit=0.674700, best_overall=0.674700, mean_diversity=0.062740,
indivs=2133723, elapsed_secs=3066, mean=0.593461, stdev=0.103093, best fit=0.674700, best_overall=0.674700, mean_diversity=0.072748,
indivs=2143803, elapsed_secs=3089, mean=0.527457, stdev=0.148952, best fit=0.674700, best_overall=0.674700, mean_diversity=0.256168,
indivs=2153859, elapsed_secs=3113, mean=0.548936, stdev=0.095965, best fit=0.674700, best_overall=0.674700, mean_diversity=0.122728,
indivs=2163960, elapsed_secs=3134, mean=0.569460, stdev=0.137696, best fit=0.674700, best_overall=0.674700, mean_diversity=0.212371,
indivs=2174022, elapsed_secs=3160, mean=0.443196, stdev=0.103334, best fit=0.674700, best_overall=0.674700, mean_diversity=0.152776,
indivs=2184082, elapsed_secs=3179, mean=0.509810, stdev=0.035437, best fit=0.674700, best_overall=0.674700, mean_diversity=0.278000,
indivs=2194141, elapsed_secs=3198, mean=0.499391, stdev=0.081921, best fit=0.674700, best_overall=0.674700, mean_diversity=0.151854,
indivs=2204238, elapsed_secs=3219, mean=0.583465, stdev=0.100545, best fit=0.674700, best_overall=0.674700, mean_diversity=0.211988,
indivs=2214336, elapsed_secs=3238, mean=0.497334, stdev=0.151474, best fit=0.674700, best_overall=0.674700, mean_diversity=0.270424,
indivs=2224342, elapsed_secs=3262, mean=0.579300, stdev=0.121418, best fit=0.674700, best_overall=0.674700, mean_diversity=0.187654,
indivs=2234396, elapsed_secs=3283, mean=0.485725, stdev=0.087473, best fit=0.674700, best_overall=0.674700, mean_diversity=0.112119,
indivs=2244410, elapsed_secs=3302, mean=0.484620, stdev=0.103283, best fit=0.674700, best_overall=0.674700, mean_diversity=0.111908,
indivs=2254465, elapsed_secs=3324, mean=0.572504, stdev=0.068850, best fit=0.674700, best_overall=0.674700, mean_diversity=0.201795,
indivs=2264502, elapsed_secs=3343, mean=0.561422, stdev=0.138907, best fit=0.674700, best_overall=0.674700, mean_diversity=0.234945,
indivs=2274556, elapsed_secs=3364, mean=0.535955, stdev=0.070406, best fit=0.674700, best_overall=0.674700, mean_diversity=0.216801,
indivs=2284670, elapsed_secs=3386, mean=0.521199, stdev=0.141670, best fit=0.674700, best_overall=0.674700, mean_diversity=0.367067,
indivs=2294748, elapsed_secs=3407, mean=0.542499, stdev=0.064450, best fit=0.674700, best_overall=0.674700, mean_diversity=0.273117,
indivs=2304831, elapsed_secs=3430, mean=0.544050, stdev=0.103308, best fit=0.674700, best_overall=0.674700, mean_diversity=0.216250,
indivs=2314929, elapsed_secs=3451, mean=0.483932, stdev=0.127085, best fit=0.674700, best_overall=0.674700, mean_diversity=0.233415,
indivs=2324954, elapsed_secs=3470, mean=0.556142, stdev=0.132852, best fit=0.674700, best_overall=0.674700, mean_diversity=0.191480,
indivs=2335001, elapsed_secs=3491, mean=0.602525, stdev=0.099362, best fit=0.674700, best_overall=0.674700, mean_diversity=0.286604,
indivs=2345011, elapsed_secs=3512, mean=0.529682, stdev=0.055035, best fit=0.674700, best_overall=0.674700, mean_diversity=0.169388,
indivs=2355169, elapsed_secs=3533, mean=0.551677, stdev=0.179321, best fit=0.674700, best_overall=0.674700, mean_diversity=0.178557,
indivs=2365260, elapsed_secs=3552, mean=0.503349, stdev=0.086854, best fit=0.674700, best_overall=0.674700, mean_diversity=0.253745,
indivs=2375288, elapsed_secs=3575, mean=0.577610, stdev=0.117313, best fit=0.674700, best_overall=0.674700, mean_diversity=0.220531,
indivs=2385394, elapsed_secs=3596, mean=0.526923, stdev=0.145366, best fit=0.674700, best_overall=0.674700, mean_diversity=0.434400,
indivs=2395494, elapsed_secs=3623, mean=0.527444, stdev=0.087549, best fit=0.674700, best_overall=0.674700, mean_diversity=0.218141,
indivs=2405570, elapsed_secs=3643, mean=0.548688, stdev=0.096322, best fit=0.674700, best_overall=0.674700, mean_diversity=0.172428,
indivs=2415631, elapsed_secs=3664, mean=0.599956, stdev=0.140274, best fit=0.674700, best_overall=0.674700, mean_diversity=0.302324,
indivs=2425678, elapsed_secs=3684, mean=0.501045, stdev=0.061185, best fit=0.674700, best_overall=0.674700, mean_diversity=0.248385,
indivs=2435734, elapsed_secs=3705, mean=0.504573, stdev=0.029934, best fit=0.674700, best_overall=0.674700, mean_diversity=0.260458,
indivs=2445849, elapsed_secs=3729, mean=0.578110, stdev=0.130791, best fit=0.674700, best_overall=0.674700, mean_diversity=0.115342,
indivs=2455911, elapsed_secs=3755, mean=0.521147, stdev=0.047860, best fit=0.674700, best_overall=0.674700, mean_diversity=0.318241,
indivs=2465967, elapsed_secs=3774, mean=0.563035, stdev=0.064293, best fit=0.674700, best_overall=0.674700, mean_diversity=0.330069,
indivs=2476027, elapsed_secs=3793, mean=0.523477, stdev=0.068160, best fit=0.674700, best_overall=0.674700, mean_diversity=0.310300,
indivs=2486042, elapsed_secs=3813, mean=0.539086, stdev=0.069267, best fit=0.674700, best_overall=0.674700, mean_diversity=0.247669,
indivs=2496088, elapsed_secs=3836, mean=0.544743, stdev=0.067772, best fit=0.674700, best_overall=0.674700, mean_diversity=0.151133,
indivs=2506224, elapsed_secs=3858, mean=0.563409, stdev=0.081875, best fit=0.674700, best_overall=0.674700, mean_diversity=0.116820,
indivs=2516327, elapsed_secs=3880, mean=0.545909, stdev=0.124634, best fit=0.674700, best_overall=0.674700, mean_diversity=0.184140,
indivs=2526346, elapsed_secs=3903, mean=0.593754, stdev=0.127491, best fit=0.674700, best_overall=0.674700, mean_diversity=0.109059,
indivs=2536365, elapsed_secs=3930, mean=0.507256, stdev=0.088070, best fit=0.674700, best_overall=0.674700, mean_diversity=0.265376,
indivs=2546393, elapsed_secs=3951, mean=0.544509, stdev=0.120592, best fit=0.674700, best_overall=0.674700, mean_diversity=0.295693,
indivs=2556476, elapsed_secs=3974, mean=0.561419, stdev=0.103777, best fit=0.674700, best_overall=0.674700, mean_diversity=0.367918,
indivs=2566580, elapsed_secs=3994, mean=0.511413, stdev=0.042087, best fit=0.674700, best_overall=0.674700, mean_diversity=0.152113,
indivs=2576700, elapsed_secs=4014, mean=0.592412, stdev=0.100439, best fit=0.674700, best_overall=0.674700, mean_diversity=0.237958,
indivs=2586715, elapsed_secs=4041, mean=0.582389, stdev=0.127842, best fit=0.674700, best_overall=0.674700, mean_diversity=0.106090,
indivs=2596762, elapsed_secs=4065, mean=0.568103, stdev=0.079230, best fit=0.674700, best_overall=0.674700, mean_diversity=0.335714,
indivs=2606774, elapsed_secs=4089, mean=0.529771, stdev=0.075360, best fit=0.674700, best_overall=0.674700, mean_diversity=0.228599,
indivs=2616863, elapsed_secs=4112, mean=0.571485, stdev=0.103338, best fit=0.674700, best_overall=0.674700, mean_diversity=0.139241,
indivs=2626992, elapsed_secs=4134, mean=0.600495, stdev=0.099875, best fit=0.674700, best_overall=0.674700, mean_diversity=0.149886,
indivs=2637114, elapsed_secs=4157, mean=0.539058, stdev=0.173202, best fit=0.674700, best_overall=0.674700, mean_diversity=0.280000,
indivs=2647243, elapsed_secs=4179, mean=0.566918, stdev=0.098253, best fit=0.674700, best_overall=0.674700, mean_diversity=0.154669,
indivs=2657363, elapsed_secs=4201, mean=0.570210, stdev=0.098554, best fit=0.674700, best_overall=0.674700, mean_diversity=0.295060,
indivs=2667427, elapsed_secs=4221, mean=0.506699, stdev=0.032845, best fit=0.674700, best_overall=0.674700, mean_diversity=0.083370,
indivs=2677545, elapsed_secs=4241, mean=0.583216, stdev=0.154601, best fit=0.674700, best_overall=0.674700, mean_diversity=0.107153,
indivs=2687670, elapsed_secs=4260, mean=0.531194, stdev=0.087906, best fit=0.674700, best_overall=0.674700, mean_diversity=0.313983,
indivs=2697798, elapsed_secs=4280, mean=0.604548, stdev=0.090121, best fit=0.674700, best_overall=0.674700, mean_diversity=0.124711,
indivs=2707846, elapsed_secs=4300, mean=0.507551, stdev=0.067083, best fit=0.674700, best_overall=0.674700, mean_diversity=0.328672,
indivs=2717933, elapsed_secs=4318, mean=0.550796, stdev=0.095421, best fit=0.674700, best_overall=0.674700, mean_diversity=0.312851,
indivs=2727933, elapsed_secs=4338, mean=0.489538, stdev=0.108951, best fit=0.674700, best_overall=0.674700, mean_diversity=0.226871,
indivs=2737988, elapsed_secs=4360, mean=0.554484, stdev=0.088905, best fit=0.674700, best_overall=0.674700, mean_diversity=0.278496,
indivs=2748074, elapsed_secs=4385, mean=0.502725, stdev=0.067544, best fit=0.674700, best_overall=0.674700, mean_diversity=0.285213,
indivs=2758079, elapsed_secs=4404, mean=0.536518, stdev=0.080265, best fit=0.674700, best_overall=0.674700, mean_diversity=0.288052,
indivs=2768150, elapsed_secs=4426, mean=0.582638, stdev=0.108182, best fit=0.674700, best_overall=0.674700, mean_diversity=0.273848,
indivs=2778230, elapsed_secs=4450, mean=0.536674, stdev=0.144986, best fit=0.674700, best_overall=0.674700, mean_diversity=0.191189,
indivs=2788265, elapsed_secs=4474, mean=0.556789, stdev=0.108612, best fit=0.674700, best_overall=0.674700, mean_diversity=0.159250,
indivs=2798291, elapsed_secs=4493, mean=0.529829, stdev=0.132811, best fit=0.674700, best_overall=0.674700, mean_diversity=0.090978,
indivs=2808335, elapsed_secs=4516, mean=0.549451, stdev=0.164033, best fit=0.674700, best_overall=0.674700, mean_diversity=0.103544,
indivs=2818437, elapsed_secs=4537, mean=0.554283, stdev=0.105102, best fit=0.674700, best_overall=0.674700, mean_diversity=0.250885,
indivs=2828441, elapsed_secs=4558, mean=0.501729, stdev=0.058351, best fit=0.674700, best_overall=0.674700, mean_diversity=0.268339,
indivs=2838461, elapsed_secs=4579, mean=0.593342, stdev=0.163576, best fit=0.674700, best_overall=0.674700, mean_diversity=0.108938,
indivs=2848583, elapsed_secs=4600, mean=0.583734, stdev=0.088350, best fit=0.674700, best_overall=0.674700, mean_diversity=0.095594,
indivs=2858591, elapsed_secs=4616, mean=0.531899, stdev=0.099502, best fit=0.674700, best_overall=0.674700, mean_diversity=0.250380,
indivs=2868673, elapsed_secs=4637, mean=0.495169, stdev=0.024657, best fit=0.674700, best_overall=0.674700, mean_diversity=0.065248,
indivs=2878821, elapsed_secs=4660, mean=0.554171, stdev=0.180916, best fit=0.674700, best_overall=0.674700, mean_diversity=0.181729,
indivs=2888845, elapsed_secs=4683, mean=0.533514, stdev=0.080392, best fit=0.674700, best_overall=0.674700, mean_diversity=0.314245,
indivs=2898982, elapsed_secs=4706, mean=0.538302, stdev=0.140827, best fit=0.674700, best_overall=0.674700, mean_diversity=0.118267,
indivs=2909000, elapsed_secs=4725, mean=0.577309, stdev=0.131935, best fit=0.674700, best_overall=0.674700, mean_diversity=0.148356,
indivs=2919093, elapsed_secs=4749, mean=0.522531, stdev=0.098847, best fit=0.674700, best_overall=0.674700, mean_diversity=0.424830,
indivs=2929136, elapsed_secs=4773, mean=0.583872, stdev=0.127470, best fit=0.674700, best_overall=0.674700, mean_diversity=0.092071,
indivs=2939215, elapsed_secs=4797, mean=0.599175, stdev=0.132462, best fit=0.674700, best_overall=0.674700, mean_diversity=0.152551,
indivs=2949249, elapsed_secs=4815, mean=0.556875, stdev=0.152194, best fit=0.674700, best_overall=0.674700, mean_diversity=0.157029,
indivs=2959250, elapsed_secs=4839, mean=0.497900, stdev=0.031844, best fit=0.674700, best_overall=0.674700, mean_diversity=0.083506,
indivs=2969305, elapsed_secs=4858, mean=0.533167, stdev=0.058362, best fit=0.674700, best_overall=0.674700, mean_diversity=0.300791,
indivs=2979355, elapsed_secs=4877, mean=0.585507, stdev=0.085029, best fit=0.674700, best_overall=0.674700, mean_diversity=0.299810,
indivs=2989376, elapsed_secs=4900, mean=0.516226, stdev=0.095704, best fit=0.674700, best_overall=0.674700, mean_diversity=0.286733,
indivs=2999387, elapsed_secs=4925, mean=0.617848, stdev=0.103764, best fit=0.674700, best_overall=0.674700, mean_diversity=0.113072,
indivs=3009521, elapsed_secs=4948, mean=0.580701, stdev=0.119291, best fit=0.674700, best_overall=0.674700, mean_diversity=0.050245,
indivs=3019525, elapsed_secs=4971, mean=0.508528, stdev=0.113007, best fit=0.674700, best_overall=0.674700, mean_diversity=0.412706,
indivs=3029611, elapsed_secs=4996, mean=0.548877, stdev=0.109762, best fit=0.674700, best_overall=0.674700, mean_diversity=0.255163,
indivs=3039697, elapsed_secs=5016, mean=0.511571, stdev=0.057857, best fit=0.674700, best_overall=0.674700, mean_diversity=0.188068,
indivs=3049735, elapsed_secs=5037, mean=0.501281, stdev=0.025349, best fit=0.674700, best_overall=0.674700, mean_diversity=0.148494,
indivs=3059762, elapsed_secs=5058, mean=0.534389, stdev=0.133033, best fit=0.674700, best_overall=0.674700, mean_diversity=0.346291,
indivs=3069828, elapsed_secs=5080, mean=0.538102, stdev=0.158575, best fit=0.674700, best_overall=0.674700, mean_diversity=0.237699,
indivs=3079902, elapsed_secs=5104, mean=0.520804, stdev=0.100583, best fit=0.674700, best_overall=0.674700, mean_diversity=0.346518,
indivs=3090031, elapsed_secs=5123, mean=0.538896, stdev=0.100375, best fit=0.674700, best_overall=0.674700, mean_diversity=0.164976,
indivs=3100096, elapsed_secs=5147, mean=0.503409, stdev=0.024031, best fit=0.674700, best_overall=0.674700, mean_diversity=0.152066,
indivs=3110159, elapsed_secs=5172, mean=0.610639, stdev=0.097937, best fit=0.674700, best_overall=0.674700, mean_diversity=0.158980,
indivs=3120255, elapsed_secs=5196, mean=0.541355, stdev=0.083636, best fit=0.674700, best_overall=0.674700, mean_diversity=0.200493,
indivs=3130369, elapsed_secs=5217, mean=0.523225, stdev=0.084830, best fit=0.674700, best_overall=0.674700, mean_diversity=0.278273,
indivs=3140369, elapsed_secs=5238, mean=0.518119, stdev=0.047171, best fit=0.674700, best_overall=0.674700, mean_diversity=0.517380,
indivs=3150445, elapsed_secs=5260, mean=0.513604, stdev=0.110519, best fit=0.674700, best_overall=0.674700, mean_diversity=0.384187,
indivs=3160526, elapsed_secs=5285, mean=0.504659, stdev=0.026700, best fit=0.674700, best_overall=0.674700, mean_diversity=0.078491,
indivs=3170559, elapsed_secs=5308, mean=0.512928, stdev=0.073661, best fit=0.674700, best_overall=0.674700, mean_diversity=0.403838,
indivs=3180662, elapsed_secs=5331, mean=0.556805, stdev=0.112696, best fit=0.674700, best_overall=0.674700, mean_diversity=0.315510,
indivs=3190764, elapsed_secs=5350, mean=0.549436, stdev=0.076052, best fit=0.674700, best_overall=0.674700, mean_diversity=0.200476,
indivs=3200859, elapsed_secs=5371, mean=0.536259, stdev=0.109164, best fit=0.674700, best_overall=0.674700, mean_diversity=0.312082,
indivs=3210942, elapsed_secs=5391, mean=0.516908, stdev=0.090550, best fit=0.674700, best_overall=0.674700, mean_diversity=0.304307,
indivs=3221013, elapsed_secs=5411, mean=0.522947, stdev=0.109037, best fit=0.674700, best_overall=0.674700, mean_diversity=0.304530,
indivs=3231062, elapsed_secs=5434, mean=0.553631, stdev=0.149899, best fit=0.674700, best_overall=0.674700, mean_diversity=0.263433,
indivs=3241134, elapsed_secs=5455, mean=0.563759, stdev=0.101215, best fit=0.674700, best_overall=0.674700, mean_diversity=0.146110,
indivs=3251163, elapsed_secs=5476, mean=0.531877, stdev=0.066486, best fit=0.674700, best_overall=0.674700, mean_diversity=0.108420,
indivs=3261178, elapsed_secs=5501, mean=0.548533, stdev=0.095758, best fit=0.674700, best_overall=0.674700, mean_diversity=0.102370,
indivs=3271296, elapsed_secs=5524, mean=0.575496, stdev=0.103574, best fit=0.674700, best_overall=0.674700, mean_diversity=0.236321,
indivs=3281438, elapsed_secs=5545, mean=0.597108, stdev=0.118727, best fit=0.674700, best_overall=0.674700, mean_diversity=0.075049,
indivs=3291511, elapsed_secs=5569, mean=0.585254, stdev=0.140373, best fit=0.674700, best_overall=0.674700, mean_diversity=0.122243,
indivs=3301526, elapsed_secs=5585, mean=0.507062, stdev=0.038654, best fit=0.674700, best_overall=0.674700, mean_diversity=0.088717,
indivs=3311630, elapsed_secs=5607, mean=0.520713, stdev=0.078968, best fit=0.674700, best_overall=0.674700, mean_diversity=0.173854,
indivs=3321708, elapsed_secs=5628, mean=0.488402, stdev=0.156896, best fit=0.674700, best_overall=0.674700, mean_diversity=0.367545,
indivs=3331744, elapsed_secs=5651, mean=0.565089, stdev=0.079325, best fit=0.674700, best_overall=0.674700, mean_diversity=0.335476,
indivs=3341804, elapsed_secs=5673, mean=0.552266, stdev=0.062922, best fit=0.674700, best_overall=0.674700, mean_diversity=0.328753,
indivs=3351850, elapsed_secs=5696, mean=0.518702, stdev=0.124305, best fit=0.674700, best_overall=0.674700, mean_diversity=0.138613,
indivs=3361910, elapsed_secs=5719, mean=0.505805, stdev=0.029302, best fit=0.674700, best_overall=0.674700, mean_diversity=0.114526,
indivs=3371972, elapsed_secs=5739, mean=0.472231, stdev=0.122099, best fit=0.674700, best_overall=0.674700, mean_diversity=0.101069,
indivs=3382097, elapsed_secs=5764, mean=0.586451, stdev=0.093001, best fit=0.674700, best_overall=0.674700, mean_diversity=0.312805,
indivs=3392101, elapsed_secs=5786, mean=0.526242, stdev=0.086226, best fit=0.674700, best_overall=0.674700, mean_diversity=0.365624,
indivs=3402109, elapsed_secs=5808, mean=0.496697, stdev=0.061039, best fit=0.674700, best_overall=0.674700, mean_diversity=0.076299,
indivs=3412207, elapsed_secs=5834, mean=0.461112, stdev=0.148897, best fit=0.674700, best_overall=0.674700, mean_diversity=0.233062,
indivs=3422218, elapsed_secs=5858, mean=0.616315, stdev=0.078651, best fit=0.674700, best_overall=0.674700, mean_diversity=0.061617,
indivs=3432225, elapsed_secs=5882, mean=0.488397, stdev=0.061844, best fit=0.674700, best_overall=0.674700, mean_diversity=0.155391,
indivs=3442258, elapsed_secs=5902, mean=0.509187, stdev=0.037142, best fit=0.674700, best_overall=0.674700, mean_diversity=0.214860,
indivs=3452314, elapsed_secs=5926, mean=0.584960, stdev=0.055899, best fit=0.674700, best_overall=0.674700, mean_diversity=0.102093,
indivs=3462411, elapsed_secs=5948, mean=0.474751, stdev=0.110080, best fit=0.674700, best_overall=0.674700, mean_diversity=0.105080,
indivs=3472480, elapsed_secs=5967, mean=0.559546, stdev=0.065330, best fit=0.674700, best_overall=0.674700, mean_diversity=0.124262,
indivs=3482509, elapsed_secs=5988, mean=0.500378, stdev=0.112117, best fit=0.674700, best_overall=0.674700, mean_diversity=0.224567,
indivs=3492544, elapsed_secs=6013, mean=0.578414, stdev=0.153367, best fit=0.674700, best_overall=0.674700, mean_diversity=0.207111,
indivs=3502636, elapsed_secs=6039, mean=0.546610, stdev=0.059995, best fit=0.674700, best_overall=0.674700, mean_diversity=0.269940,
indivs=3512681, elapsed_secs=6060, mean=0.508461, stdev=0.070747, best fit=0.674700, best_overall=0.674700, mean_diversity=0.280920,
indivs=3522698, elapsed_secs=6079, mean=0.568015, stdev=0.103358, best fit=0.674700, best_overall=0.674700, mean_diversity=0.316160,
indivs=3532747, elapsed_secs=6097, mean=0.524055, stdev=0.114344, best fit=0.674700, best_overall=0.674700, mean_diversity=0.348898,
indivs=3542767, elapsed_secs=6116, mean=0.540051, stdev=0.071407, best fit=0.674700, best_overall=0.674700, mean_diversity=0.557364,
indivs=3552788, elapsed_secs=6136, mean=0.503081, stdev=0.094461, best fit=0.674700, best_overall=0.674700, mean_diversity=0.210137,
indivs=3562891, elapsed_secs=6158, mean=0.498861, stdev=0.083172, best fit=0.674700, best_overall=0.674700, mean_diversity=0.217238,
indivs=3572946, elapsed_secs=6177, mean=0.543979, stdev=0.074393, best fit=0.674700, best_overall=0.674700, mean_diversity=0.179438,
indivs=3583071, elapsed_secs=6197, mean=0.537565, stdev=0.094521, best fit=0.674700, best_overall=0.674700, mean_diversity=0.413604,
indivs=3593151, elapsed_secs=6220, mean=0.584321, stdev=0.130141, best fit=0.674700, best_overall=0.674700, mean_diversity=0.113674,
indivs=3603214, elapsed_secs=6243, mean=0.538472, stdev=0.173712, best fit=0.674700, best_overall=0.674700, mean_diversity=0.311674,
indivs=3613219, elapsed_secs=6263, mean=0.490157, stdev=0.109500, best fit=0.674700, best_overall=0.674700, mean_diversity=0.146817,
indivs=3623238, elapsed_secs=6284, mean=0.510636, stdev=0.153800, best fit=0.674700, best_overall=0.674700, mean_diversity=0.261966,
indivs=3633394, elapsed_secs=6302, mean=0.617202, stdev=0.074053, best fit=0.674700, best_overall=0.674700, mean_diversity=0.131130,
indivs=3643459, elapsed_secs=6322, mean=0.565561, stdev=0.081435, best fit=0.674700, best_overall=0.674700, mean_diversity=0.261020,
indivs=3653490, elapsed_secs=6344, mean=0.586836, stdev=0.132502, best fit=0.674700, best_overall=0.674700, mean_diversity=0.101513,
indivs=3663609, elapsed_secs=6368, mean=0.574423, stdev=0.123822, best fit=0.674700, best_overall=0.674700, mean_diversity=0.117032,
indivs=3673626, elapsed_secs=6387, mean=0.559134, stdev=0.114397, best fit=0.674700, best_overall=0.674700, mean_diversity=0.162333,
indivs=3683634, elapsed_secs=6409, mean=0.496797, stdev=0.077094, best fit=0.674700, best_overall=0.674700, mean_diversity=0.132999,
indivs=3693733, elapsed_secs=6433, mean=0.533263, stdev=0.105556, best fit=0.674700, best_overall=0.674700, mean_diversity=0.289369,
indivs=3703770, elapsed_secs=6452, mean=0.562379, stdev=0.124030, best fit=0.674700, best_overall=0.674700, mean_diversity=0.205606,
indivs=3713846, elapsed_secs=6474, mean=0.573136, stdev=0.169872, best fit=0.674700, best_overall=0.674700, mean_diversity=0.082471,
indivs=3723964, elapsed_secs=6494, mean=0.579655, stdev=0.118374, best fit=0.674700, best_overall=0.674700, mean_diversity=0.162732,
indivs=3734001, elapsed_secs=6516, mean=0.555522, stdev=0.114215, best fit=0.674700, best_overall=0.674700, mean_diversity=0.316667,
indivs=3744040, elapsed_secs=6538, mean=0.538167, stdev=0.083945, best fit=0.674700, best_overall=0.674700, mean_diversity=0.269426,
indivs=3754076, elapsed_secs=6558, mean=0.565543, stdev=0.141336, best fit=0.674700, best_overall=0.674700, mean_diversity=0.263043,
indivs=3764122, elapsed_secs=6580, mean=0.493694, stdev=0.066188, best fit=0.674700, best_overall=0.674700, mean_diversity=0.201108,
indivs=3774159, elapsed_secs=6602, mean=0.558163, stdev=0.098557, best fit=0.674700, best_overall=0.674700, mean_diversity=0.256667,
indivs=3784177, elapsed_secs=6624, mean=0.601297, stdev=0.126863, best fit=0.674700, best_overall=0.674700, mean_diversity=0.127750,
indivs=3794288, elapsed_secs=6644, mean=0.588901, stdev=0.116975, best fit=0.674700, best_overall=0.674700, mean_diversity=0.196265,
indivs=3804360, elapsed_secs=6668, mean=0.505454, stdev=0.036416, best fit=0.674700, best_overall=0.674700, mean_diversity=0.111669,
indivs=3814388, elapsed_secs=6688, mean=0.537059, stdev=0.131370, best fit=0.674700, best_overall=0.674700, mean_diversity=0.271514,
indivs=3824476, elapsed_secs=6706, mean=0.594206, stdev=0.107153, best fit=0.674700, best_overall=0.674700, mean_diversity=0.293214,
indivs=3834615, elapsed_secs=6726, mean=0.588977, stdev=0.144576, best fit=0.674700, best_overall=0.674700, mean_diversity=0.096524,
indivs=3844706, elapsed_secs=6752, mean=0.545539, stdev=0.174106, best fit=0.674700, best_overall=0.674700, mean_diversity=0.115307,
indivs=3854763, elapsed_secs=6773, mean=0.573254, stdev=0.099950, best fit=0.674700, best_overall=0.674700, mean_diversity=0.340463,
indivs=3864771, elapsed_secs=6795, mean=0.578298, stdev=0.131341, best fit=0.674700, best_overall=0.674700, mean_diversity=0.212378,
indivs=3874830, elapsed_secs=6817, mean=0.560454, stdev=0.153439, best fit=0.674700, best_overall=0.674700, mean_diversity=0.074093,
indivs=3884914, elapsed_secs=6839, mean=0.521144, stdev=0.074429, best fit=0.674700, best_overall=0.674700, mean_diversity=0.197744,
indivs=3894956, elapsed_secs=6862, mean=0.493614, stdev=0.114016, best fit=0.674700, best_overall=0.674700, mean_diversity=0.398019,
indivs=3904999, elapsed_secs=6884, mean=0.502231, stdev=0.091245, best fit=0.674700, best_overall=0.674700, mean_diversity=0.281431,
indivs=3915154, elapsed_secs=6908, mean=0.596391, stdev=0.141429, best fit=0.674700, best_overall=0.674700, mean_diversity=0.146760,
indivs=3925240, elapsed_secs=6927, mean=0.507862, stdev=0.062713, best fit=0.674700, best_overall=0.674700, mean_diversity=0.176367,
indivs=3935286, elapsed_secs=6952, mean=0.532325, stdev=0.115601, best fit=0.674700, best_overall=0.674700, mean_diversity=0.247701,
indivs=3945292, elapsed_secs=6973, mean=0.592763, stdev=0.097203, best fit=0.674700, best_overall=0.674700, mean_diversity=0.153389,
indivs=3955372, elapsed_secs=6998, mean=0.592845, stdev=0.083772, best fit=0.674700, best_overall=0.674700, mean_diversity=0.134195,
indivs=3965408, elapsed_secs=7021, mean=0.443427, stdev=0.095206, best fit=0.674700, best_overall=0.674700, mean_diversity=0.145876,
indivs=3975492, elapsed_secs=7040, mean=0.552888, stdev=0.181045, best fit=0.674700, best_overall=0.674700, mean_diversity=0.087308,
indivs=3985574, elapsed_secs=7059, mean=0.563792, stdev=0.115808, best fit=0.674700, best_overall=0.674700, mean_diversity=0.223297,
indivs=3995662, elapsed_secs=7076, mean=0.533195, stdev=0.108598, best fit=0.674700, best_overall=0.674700, mean_diversity=0.211965,
indivs=4005704, elapsed_secs=7098, mean=0.522448, stdev=0.059004, best fit=0.674700, best_overall=0.674700, mean_diversity=0.213361,
indivs=4015775, elapsed_secs=7116, mean=0.565658, stdev=0.163626, best fit=0.674700, best_overall=0.674700, mean_diversity=0.168748,
indivs=4025793, elapsed_secs=7139, mean=0.512930, stdev=0.039760, best fit=0.674700, best_overall=0.674700, mean_diversity=0.171130,
indivs=4035938, elapsed_secs=7162, mean=0.526201, stdev=0.117215, best fit=0.674700, best_overall=0.674700, mean_diversity=0.159811,
indivs=4045961, elapsed_secs=7182, mean=0.506980, stdev=0.029921, best fit=0.674700, best_overall=0.674700, mean_diversity=0.092230,
indivs=4056075, elapsed_secs=7209, mean=0.496128, stdev=0.113392, best fit=0.674700, best_overall=0.674700, mean_diversity=0.229167,
indivs=4066114, elapsed_secs=7227, mean=0.565177, stdev=0.102677, best fit=0.674700, best_overall=0.674700, mean_diversity=0.174582,
indivs=4076233, elapsed_secs=7252, mean=0.513945, stdev=0.110691, best fit=0.674700, best_overall=0.674700, mean_diversity=0.257855,
indivs=4086262, elapsed_secs=7272, mean=0.522490, stdev=0.047559, best fit=0.674700, best_overall=0.674700, mean_diversity=0.303627,
indivs=4096290, elapsed_secs=7292, mean=0.564403, stdev=0.126946, best fit=0.674700, best_overall=0.674700, mean_diversity=0.244836,
indivs=4106348, elapsed_secs=7311, mean=0.600991, stdev=0.103586, best fit=0.674700, best_overall=0.674700, mean_diversity=0.217284,
indivs=4116375, elapsed_secs=7332, mean=0.520223, stdev=0.049862, best fit=0.674700, best_overall=0.674700, mean_diversity=0.209272,
indivs=4126476, elapsed_secs=7356, mean=0.560790, stdev=0.144755, best fit=0.674700, best_overall=0.674700, mean_diversity=0.163527,
indivs=4136529, elapsed_secs=7373, mean=0.546067, stdev=0.096075, best fit=0.674700, best_overall=0.674700, mean_diversity=0.380678,
indivs=4146648, elapsed_secs=7400, mean=0.585096, stdev=0.125405, best fit=0.674700, best_overall=0.674700, mean_diversity=0.092611,
indivs=4156675, elapsed_secs=7421, mean=0.538804, stdev=0.111792, best fit=0.674700, best_overall=0.674700, mean_diversity=0.368366,
indivs=4166686, elapsed_secs=7444, mean=0.519065, stdev=0.142685, best fit=0.674700, best_overall=0.674700, mean_diversity=0.295932,
indivs=4176757, elapsed_secs=7467, mean=0.559144, stdev=0.114163, best fit=0.674700, best_overall=0.674700, mean_diversity=0.112773,
indivs=4186778, elapsed_secs=7487, mean=0.500586, stdev=0.033071, best fit=0.674700, best_overall=0.674700, mean_diversity=0.062542,
indivs=4196865, elapsed_secs=7505, mean=0.546016, stdev=0.149721, best fit=0.674700, best_overall=0.674700, mean_diversity=0.169092,
indivs=4207011, elapsed_secs=7530, mean=0.446865, stdev=0.255309, best fit=0.674700, best_overall=0.674700, mean_diversity=0.161726,
indivs=4217059, elapsed_secs=7553, mean=0.498402, stdev=0.107593, best fit=0.674700, best_overall=0.674700, mean_diversity=0.224039,
indivs=4227074, elapsed_secs=7576, mean=0.541765, stdev=0.109497, best fit=0.674700, best_overall=0.674700, mean_diversity=0.311502,
indivs=4237076, elapsed_secs=7597, mean=0.542113, stdev=0.087122, best fit=0.674700, best_overall=0.674700, mean_diversity=0.299653,
indivs=4247091, elapsed_secs=7619, mean=0.522924, stdev=0.154839, best fit=0.674700, best_overall=0.674700, mean_diversity=0.162135,
indivs=4257158, elapsed_secs=7643, mean=0.556497, stdev=0.084949, best fit=0.674700, best_overall=0.674700, mean_diversity=0.254986,
indivs=4267245, elapsed_secs=7666, mean=0.595625, stdev=0.142054, best fit=0.674700, best_overall=0.674700, mean_diversity=0.080047,
indivs=4277245, elapsed_secs=7687, mean=0.604416, stdev=0.114687, best fit=0.674700, best_overall=0.674700, mean_diversity=0.093082,
indivs=4287323, elapsed_secs=7704, mean=0.531894, stdev=0.087510, best fit=0.674700, best_overall=0.674700, mean_diversity=0.293480,
indivs=4297394, elapsed_secs=7727, mean=0.522688, stdev=0.065450, best fit=0.674700, best_overall=0.674700, mean_diversity=0.251311,
indivs=4307428, elapsed_secs=7749, mean=0.561490, stdev=0.085436, best fit=0.674700, best_overall=0.674700, mean_diversity=0.223802,
indivs=4317526, elapsed_secs=7765, mean=0.536118, stdev=0.108366, best fit=0.674700, best_overall=0.674700, mean_diversity=0.345943,
indivs=4327629, elapsed_secs=7785, mean=0.567374, stdev=0.117621, best fit=0.674700, best_overall=0.674700, mean_diversity=0.115843,
indivs=4337634, elapsed_secs=7807, mean=0.486538, stdev=0.092949, best fit=0.674700, best_overall=0.674700, mean_diversity=0.188124,
indivs=4347687, elapsed_secs=7832, mean=0.563892, stdev=0.104211, best fit=0.674700, best_overall=0.674700, mean_diversity=0.366880,
indivs=4357707, elapsed_secs=7856, mean=0.498489, stdev=0.135623, best fit=0.674700, best_overall=0.674700, mean_diversity=0.361602,
indivs=4367776, elapsed_secs=7881, mean=0.527179, stdev=0.070002, best fit=0.674700, best_overall=0.674700, mean_diversity=0.230393,
indivs=4377797, elapsed_secs=7905, mean=0.496199, stdev=0.113840, best fit=0.674700, best_overall=0.674700, mean_diversity=0.252759,
indivs=4387901, elapsed_secs=7927, mean=0.526165, stdev=0.098343, best fit=0.674700, best_overall=0.674700, mean_diversity=0.214531,
indivs=4397915, elapsed_secs=7951, mean=0.585860, stdev=0.070673, best fit=0.674700, best_overall=0.674700, mean_diversity=0.139072,
indivs=4408072, elapsed_secs=7971, mean=0.606166, stdev=0.129885, best fit=0.674700, best_overall=0.674700, mean_diversity=0.184322,
indivs=4418103, elapsed_secs=7991, mean=0.523217, stdev=0.129121, best fit=0.674700, best_overall=0.674700, mean_diversity=0.274134,
indivs=4428136, elapsed_secs=8013, mean=0.490787, stdev=0.123377, best fit=0.674700, best_overall=0.674700, mean_diversity=0.260911,
indivs=4438162, elapsed_secs=8033, mean=0.579495, stdev=0.089953, best fit=0.674700, best_overall=0.674700, mean_diversity=0.223746,
indivs=4448189, elapsed_secs=8052, mean=0.545328, stdev=0.071592, best fit=0.674700, best_overall=0.674700, mean_diversity=0.377951,
indivs=4458274, elapsed_secs=8076, mean=0.490825, stdev=0.079031, best fit=0.674700, best_overall=0.674700, mean_diversity=0.329800,
indivs=4468390, elapsed_secs=8098, mean=0.570447, stdev=0.129653, best fit=0.674700, best_overall=0.674700, mean_diversity=0.157195,
indivs=4478447, elapsed_secs=8122, mean=0.531225, stdev=0.086265, best fit=0.674700, best_overall=0.674700, mean_diversity=0.256689,
indivs=4488535, elapsed_secs=8140, mean=0.545929, stdev=0.114983, best fit=0.674700, best_overall=0.674700, mean_diversity=0.288218,
indivs=4498611, elapsed_secs=8163, mean=0.537392, stdev=0.082139, best fit=0.674700, best_overall=0.674700, mean_diversity=0.104142,
indivs=4508643, elapsed_secs=8186, mean=0.542928, stdev=0.118736, best fit=0.674700, best_overall=0.674700, mean_diversity=0.197218,
indivs=4518720, elapsed_secs=8212, mean=0.561707, stdev=0.152339, best fit=0.674700, best_overall=0.674700, mean_diversity=0.275199,
indivs=4528815, elapsed_secs=8235, mean=0.530261, stdev=0.080927, best fit=0.674700, best_overall=0.674700, mean_diversity=0.218411,
indivs=4538933, elapsed_secs=8262, mean=0.580944, stdev=0.115961, best fit=0.674700, best_overall=0.674700, mean_diversity=0.154846,
indivs=4549038, elapsed_secs=8285, mean=0.579229, stdev=0.098343, best fit=0.674700, best_overall=0.674700, mean_diversity=0.189143,
indivs=4559047, elapsed_secs=8306, mean=0.533658, stdev=0.104064, best fit=0.674700, best_overall=0.674700, mean_diversity=0.215145,
indivs=4569073, elapsed_secs=8327, mean=0.494713, stdev=0.112708, best fit=0.674700, best_overall=0.674700, mean_diversity=0.240000,
indivs=4579120, elapsed_secs=8349, mean=0.514219, stdev=0.079489, best fit=0.674700, best_overall=0.674700, mean_diversity=0.218949,
indivs=4589215, elapsed_secs=8368, mean=0.495242, stdev=0.116406, best fit=0.674700, best_overall=0.674700, mean_diversity=0.436976,
indivs=4599288, elapsed_secs=8391, mean=0.565238, stdev=0.162049, best fit=0.674700, best_overall=0.674700, mean_diversity=0.242367,
indivs=4609318, elapsed_secs=8412, mean=0.511195, stdev=0.042190, best fit=0.674700, best_overall=0.674700, mean_diversity=0.176147,
indivs=4619407, elapsed_secs=8429, mean=0.573178, stdev=0.114478, best fit=0.674700, best_overall=0.674700, mean_diversity=0.109403,
indivs=4629557, elapsed_secs=8452, mean=0.561627, stdev=0.077032, best fit=0.674700, best_overall=0.674700, mean_diversity=0.106229,
indivs=4639577, elapsed_secs=8472, mean=0.562042, stdev=0.140210, best fit=0.674700, best_overall=0.674700, mean_diversity=0.156132,
indivs=4649722, elapsed_secs=8495, mean=0.576160, stdev=0.082129, best fit=0.674700, best_overall=0.674700, mean_diversity=0.162828,
indivs=4659844, elapsed_secs=8517, mean=0.575690, stdev=0.097459, best fit=0.674700, best_overall=0.674700, mean_diversity=0.239308,
indivs=4669893, elapsed_secs=8538, mean=0.582353, stdev=0.101510, best fit=0.674700, best_overall=0.674700, mean_diversity=0.194909,
indivs=4679986, elapsed_secs=8561, mean=0.583531, stdev=0.118487, best fit=0.674700, best_overall=0.674700, mean_diversity=0.242812,
indivs=4690075, elapsed_secs=8581, mean=0.503974, stdev=0.153626, best fit=0.674700, best_overall=0.674700, mean_diversity=0.390471,
indivs=4700127, elapsed_secs=8607, mean=0.596199, stdev=0.130297, best fit=0.674700, best_overall=0.674700, mean_diversity=0.124814,
indivs=4710179, elapsed_secs=8630, mean=0.516943, stdev=0.152551, best fit=0.674700, best_overall=0.674700, mean_diversity=0.313557,
indivs=4720226, elapsed_secs=8654, mean=0.498404, stdev=0.066443, best fit=0.674700, best_overall=0.674700, mean_diversity=0.111612,
indivs=4730284, elapsed_secs=8675, mean=0.527018, stdev=0.084359, best fit=0.674700, best_overall=0.674700, mean_diversity=0.383670,
indivs=4740356, elapsed_secs=8695, mean=0.555856, stdev=0.064550, best fit=0.674700, best_overall=0.674700, mean_diversity=0.346263,
indivs=4750492, elapsed_secs=8719, mean=0.600997, stdev=0.144053, best fit=0.674700, best_overall=0.674700, mean_diversity=0.048200,
indivs=4760607, elapsed_secs=8739, mean=0.546602, stdev=0.085069, best fit=0.674700, best_overall=0.674700, mean_diversity=0.346087,
indivs=4770638, elapsed_secs=8761, mean=0.540016, stdev=0.124534, best fit=0.674700, best_overall=0.674700, mean_diversity=0.238428,
indivs=4780717, elapsed_secs=8782, mean=0.587429, stdev=0.064418, best fit=0.674700, best_overall=0.674700, mean_diversity=0.119857,
indivs=4790826, elapsed_secs=8805, mean=0.573929, stdev=0.090371, best fit=0.674700, best_overall=0.674700, mean_diversity=0.243370,
indivs=4800938, elapsed_secs=8825, mean=0.572355, stdev=0.099729, best fit=0.674700, best_overall=0.674700, mean_diversity=0.218760,
indivs=4811008, elapsed_secs=8846, mean=0.550065, stdev=0.123534, best fit=0.674700, best_overall=0.674700, mean_diversity=0.417908,
indivs=4821144, elapsed_secs=8867, mean=0.549703, stdev=0.160099, best fit=0.674700, best_overall=0.674700, mean_diversity=0.099960,
indivs=4831241, elapsed_secs=8888, mean=0.534827, stdev=0.094808, best fit=0.674700, best_overall=0.674700, mean_diversity=0.207067,
indivs=4841341, elapsed_secs=8905, mean=0.539688, stdev=0.070523, best fit=0.674700, best_overall=0.674700, mean_diversity=0.325736,
indivs=4851412, elapsed_secs=8928, mean=0.622870, stdev=0.089619, best fit=0.674700, best_overall=0.674700, mean_diversity=0.070936,
indivs=4861413, elapsed_secs=8948, mean=0.506010, stdev=0.083666, best fit=0.674700, best_overall=0.674700, mean_diversity=0.174897,
indivs=4871447, elapsed_secs=8970, mean=0.574663, stdev=0.125237, best fit=0.674700, best_overall=0.674700, mean_diversity=0.190984,
indivs=4881528, elapsed_secs=8995, mean=0.584427, stdev=0.159439, best fit=0.674700, best_overall=0.674700, mean_diversity=0.076850,
indivs=4891623, elapsed_secs=9010, mean=0.538856, stdev=0.074643, best fit=0.674700, best_overall=0.674700, mean_diversity=0.229753,
indivs=4901685, elapsed_secs=9031, mean=0.533467, stdev=0.088572, best fit=0.674700, best_overall=0.674700, mean_diversity=0.291496,
indivs=4911706, elapsed_secs=9055, mean=0.501647, stdev=0.029895, best fit=0.674700, best_overall=0.674700, mean_diversity=0.147180,
indivs=4921777, elapsed_secs=9076, mean=0.468122, stdev=0.130158, best fit=0.674700, best_overall=0.674700, mean_diversity=0.065292,
indivs=4931843, elapsed_secs=9098, mean=0.583665, stdev=0.085268, best fit=0.674700, best_overall=0.674700, mean_diversity=0.112481,
indivs=4941938, elapsed_secs=9118, mean=0.527309, stdev=0.103060, best fit=0.674700, best_overall=0.674700, mean_diversity=0.193116,
indivs=4952031, elapsed_secs=9139, mean=0.611375, stdev=0.114291, best fit=0.674700, best_overall=0.674700, mean_diversity=0.198765,
indivs=4962099, elapsed_secs=9157, mean=0.564181, stdev=0.100497, best fit=0.674700, best_overall=0.674700, mean_diversity=0.191294,
indivs=4972169, elapsed_secs=9179, mean=0.474780, stdev=0.125003, best fit=0.674700, best_overall=0.674700, mean_diversity=0.192882,
indivs=4982266, elapsed_secs=9201, mean=0.542833, stdev=0.201247, best fit=0.674700, best_overall=0.674700, mean_diversity=0.105591,
indivs=4992323, elapsed_secs=9227, mean=0.547936, stdev=0.097635, best fit=0.674700, best_overall=0.674700, mean_diversity=0.276828,
indivs=5002442, elapsed_secs=9251, mean=0.559685, stdev=0.151749, best fit=0.674700, best_overall=0.674700, mean_diversity=0.169501,
indivs=5012517, elapsed_secs=9273, mean=0.515005, stdev=0.109244, best fit=0.674700, best_overall=0.674700, mean_diversity=0.422660,
indivs=5022568, elapsed_secs=9298, mean=0.585082, stdev=0.164771, best fit=0.674700, best_overall=0.674700, mean_diversity=0.181373,
indivs=5032683, elapsed_secs=9320, mean=0.476663, stdev=0.110733, best fit=0.674700, best_overall=0.674700, mean_diversity=0.288122,
indivs=5042686, elapsed_secs=9342, mean=0.561729, stdev=0.173374, best fit=0.674700, best_overall=0.674700, mean_diversity=0.289486,
indivs=5052739, elapsed_secs=9368, mean=0.526524, stdev=0.069530, best fit=0.674700, best_overall=0.674700, mean_diversity=0.429312,
indivs=5062756, elapsed_secs=9389, mean=0.580829, stdev=0.136688, best fit=0.674700, best_overall=0.674700, mean_diversity=0.144736,
indivs=5072764, elapsed_secs=9416, mean=0.543741, stdev=0.114110, best fit=0.674700, best_overall=0.674700, mean_diversity=0.343090,
indivs=5082809, elapsed_secs=9439, mean=0.599358, stdev=0.078658, best fit=0.674700, best_overall=0.674700, mean_diversity=0.160125,
indivs=5092828, elapsed_secs=9459, mean=0.529369, stdev=0.113943, best fit=0.674700, best_overall=0.674700, mean_diversity=0.408544,
indivs=5102888, elapsed_secs=9482, mean=0.528728, stdev=0.091383, best fit=0.674700, best_overall=0.674700, mean_diversity=0.273151,
indivs=5113030, elapsed_secs=9507, mean=0.614151, stdev=0.077398, best fit=0.674700, best_overall=0.674700, mean_diversity=0.156511,
indivs=5123039, elapsed_secs=9529, mean=0.557761, stdev=0.070891, best fit=0.674700, best_overall=0.674700, mean_diversity=0.195303,
indivs=5133053, elapsed_secs=9549, mean=0.560301, stdev=0.132496, best fit=0.674700, best_overall=0.674700, mean_diversity=0.085763,
indivs=5143085, elapsed_secs=9570, mean=0.568542, stdev=0.128042, best fit=0.674700, best_overall=0.674700, mean_diversity=0.187341,
indivs=5153151, elapsed_secs=9593, mean=0.477402, stdev=0.138364, best fit=0.683100, best_overall=0.683100, mean_diversity=0.189584,
indivs=5163267, elapsed_secs=9621, mean=0.566167, stdev=0.174987, best fit=0.685300, best_overall=0.685300, mean_diversity=0.149391,
indivs=5173388, elapsed_secs=9642, mean=0.507541, stdev=0.178235, best fit=0.685300, best_overall=0.685300, mean_diversity=0.167384,
indivs=5183448, elapsed_secs=9666, mean=0.530859, stdev=0.092503, best fit=0.685300, best_overall=0.685300, mean_diversity=0.144589,
indivs=5193541, elapsed_secs=9686, mean=0.524769, stdev=0.116923, best fit=0.685800, best_overall=0.685800, mean_diversity=0.299925,
indivs=5203585, elapsed_secs=9712, mean=0.518442, stdev=0.137811, best fit=0.685800, best_overall=0.685800, mean_diversity=0.270112,
indivs=5213600, elapsed_secs=9732, mean=0.502599, stdev=0.064815, best fit=0.685800, best_overall=0.685800, mean_diversity=0.176197,
indivs=5223702, elapsed_secs=9754, mean=0.578780, stdev=0.076780, best fit=0.685800, best_overall=0.685800, mean_diversity=0.162413,
indivs=5233782, elapsed_secs=9777, mean=0.544869, stdev=0.156516, best fit=0.685800, best_overall=0.685800, mean_diversity=0.149605,
indivs=5243867, elapsed_secs=9803, mean=0.540982, stdev=0.147542, best fit=0.685800, best_overall=0.685800, mean_diversity=0.274500,
indivs=5253869, elapsed_secs=9827, mean=0.596967, stdev=0.061619, best fit=0.685800, best_overall=0.685800, mean_diversity=0.171270,
indivs=5263881, elapsed_secs=9851, mean=0.486457, stdev=0.111880, best fit=0.685800, best_overall=0.685800, mean_diversity=0.083219,
indivs=5274004, elapsed_secs=9871, mean=0.482045, stdev=0.228416, best fit=0.685800, best_overall=0.685800, mean_diversity=0.132667,
indivs=5284103, elapsed_secs=9895, mean=0.532015, stdev=0.103345, best fit=0.685800, best_overall=0.685800, mean_diversity=0.357682,
indivs=5294186, elapsed_secs=9915, mean=0.538986, stdev=0.095199, best fit=0.685800, best_overall=0.685800, mean_diversity=0.145726,
indivs=5304241, elapsed_secs=9935, mean=0.496047, stdev=0.095411, best fit=0.685800, best_overall=0.685800, mean_diversity=0.168790,
indivs=5314267, elapsed_secs=9958, mean=0.574967, stdev=0.129246, best fit=0.685800, best_overall=0.685800, mean_diversity=0.312727,
indivs=5324415, elapsed_secs=9978, mean=0.600367, stdev=0.100452, best fit=0.685800, best_overall=0.685800, mean_diversity=0.044643,
indivs=5334539, elapsed_secs=10004, mean=0.539821, stdev=0.157438, best fit=0.685800, best_overall=0.685800, mean_diversity=0.121442,
indivs=5344631, elapsed_secs=10025, mean=0.501858, stdev=0.018487, best fit=0.685800, best_overall=0.685800, mean_diversity=0.082234,
indivs=5354651, elapsed_secs=10044, mean=0.506796, stdev=0.063441, best fit=0.685800, best_overall=0.685800, mean_diversity=0.192532,
indivs=5364803, elapsed_secs=10065, mean=0.598595, stdev=0.085904, best fit=0.685800, best_overall=0.685800, mean_diversity=0.171891,
indivs=5374851, elapsed_secs=10089, mean=0.520503, stdev=0.097991, best fit=0.685800, best_overall=0.685800, mean_diversity=0.267926,
indivs=5384965, elapsed_secs=10110, mean=0.569105, stdev=0.070774, best fit=0.685800, best_overall=0.685800, mean_diversity=0.117186,
indivs=5395031, elapsed_secs=10131, mean=0.556853, stdev=0.107422, best fit=0.685800, best_overall=0.685800, mean_diversity=0.154992,
indivs=5405037, elapsed_secs=10155, mean=0.564241, stdev=0.175803, best fit=0.685800, best_overall=0.685800, mean_diversity=0.160352,
indivs=5415040, elapsed_secs=10177, mean=0.511385, stdev=0.050816, best fit=0.685800, best_overall=0.685800, mean_diversity=0.248111,
indivs=5425198, elapsed_secs=10199, mean=0.597846, stdev=0.105156, best fit=0.685800, best_overall=0.685800, mean_diversity=0.077695,
indivs=5435255, elapsed_secs=10223, mean=0.549200, stdev=0.073927, best fit=0.685800, best_overall=0.685800, mean_diversity=0.094953,
indivs=5445342, elapsed_secs=10244, mean=0.574749, stdev=0.141320, best fit=0.685800, best_overall=0.685800, mean_diversity=0.191323,
indivs=5455426, elapsed_secs=10268, mean=0.538940, stdev=0.125336, best fit=0.685800, best_overall=0.685800, mean_diversity=0.113303,
indivs=5465505, elapsed_secs=10291, mean=0.557146, stdev=0.081428, best fit=0.685800, best_overall=0.685800, mean_diversity=0.362119,
indivs=5475534, elapsed_secs=10309, mean=0.476220, stdev=0.130768, best fit=0.685800, best_overall=0.685800, mean_diversity=0.272170,
indivs=5485653, elapsed_secs=10326, mean=0.553106, stdev=0.098027, best fit=0.685800, best_overall=0.685800, mean_diversity=0.110425,
indivs=5495694, elapsed_secs=10352, mean=0.599671, stdev=0.123730, best fit=0.685800, best_overall=0.685800, mean_diversity=0.108538,
indivs=5505781, elapsed_secs=10375, mean=0.559770, stdev=0.067372, best fit=0.685800, best_overall=0.685800, mean_diversity=0.251634,
indivs=5515858, elapsed_secs=10398, mean=0.514830, stdev=0.178085, best fit=0.685800, best_overall=0.685800, mean_diversity=0.319883,
indivs=5525953, elapsed_secs=10420, mean=0.526371, stdev=0.158859, best fit=0.685800, best_overall=0.685800, mean_diversity=0.326023,
indivs=5535979, elapsed_secs=10445, mean=0.476636, stdev=0.110910, best fit=0.685800, best_overall=0.685800, mean_diversity=0.118956,
indivs=5546096, elapsed_secs=10466, mean=0.562559, stdev=0.102844, best fit=0.685800, best_overall=0.685800, mean_diversity=0.273706,
indivs=5556129, elapsed_secs=10489, mean=0.524098, stdev=0.061540, best fit=0.685800, best_overall=0.685800, mean_diversity=0.196533,
indivs=5566279, elapsed_secs=10515, mean=0.571575, stdev=0.084173, best fit=0.685800, best_overall=0.685800, mean_diversity=0.065935,
indivs=5576372, elapsed_secs=10539, mean=0.512905, stdev=0.144798, best fit=0.685800, best_overall=0.685800, mean_diversity=0.387216,
indivs=5586428, elapsed_secs=10559, mean=0.520534, stdev=0.077485, best fit=0.685800, best_overall=0.685800, mean_diversity=0.045815,
indivs=5596513, elapsed_secs=10584, mean=0.472277, stdev=0.150584, best fit=0.685800, best_overall=0.685800, mean_diversity=0.416070,
indivs=5606544, elapsed_secs=10610, mean=0.562691, stdev=0.124103, best fit=0.685800, best_overall=0.685800, mean_diversity=0.059016,
indivs=5616655, elapsed_secs=10635, mean=0.559060, stdev=0.116454, best fit=0.685800, best_overall=0.685800, mean_diversity=0.101053,
indivs=5626756, elapsed_secs=10657, mean=0.536710, stdev=0.094873, best fit=0.685800, best_overall=0.685800, mean_diversity=0.377553,
indivs=5636847, elapsed_secs=10678, mean=0.464824, stdev=0.079093, best fit=0.685800, best_overall=0.685800, mean_diversity=0.347885,
indivs=5646865, elapsed_secs=10700, mean=0.511059, stdev=0.043807, best fit=0.685800, best_overall=0.685800, mean_diversity=0.125062,
indivs=5656871, elapsed_secs=10721, mean=0.567592, stdev=0.063818, best fit=0.685800, best_overall=0.685800, mean_diversity=0.256035,
indivs=5666944, elapsed_secs=10745, mean=0.511440, stdev=0.075107, best fit=0.685800, best_overall=0.685800, mean_diversity=0.348333,
indivs=5677056, elapsed_secs=10770, mean=0.604670, stdev=0.120953, best fit=0.685800, best_overall=0.685800, mean_diversity=0.151335,
indivs=5687183, elapsed_secs=10795, mean=0.550190, stdev=0.075756, best fit=0.685800, best_overall=0.685800, mean_diversity=0.205618,
indivs=5697231, elapsed_secs=10815, mean=0.538224, stdev=0.130975, best fit=0.685800, best_overall=0.685800, mean_diversity=0.281364,
indivs=5707244, elapsed_secs=10839, mean=0.558535, stdev=0.115001, best fit=0.685800, best_overall=0.685800, mean_diversity=0.152805,
indivs=5717290, elapsed_secs=10861, mean=0.485710, stdev=0.094300, best fit=0.685800, best_overall=0.685800, mean_diversity=0.180338,
indivs=5727394, elapsed_secs=10884, mean=0.532235, stdev=0.113470, best fit=0.685800, best_overall=0.685800, mean_diversity=0.400299,
indivs=5737514, elapsed_secs=10903, mean=0.518459, stdev=0.098744, best fit=0.685800, best_overall=0.685800, mean_diversity=0.283347,
indivs=5747659, elapsed_secs=10926, mean=0.579778, stdev=0.123556, best fit=0.685800, best_overall=0.685800, mean_diversity=0.138277,
indivs=5757688, elapsed_secs=10950, mean=0.501917, stdev=0.060970, best fit=0.685800, best_overall=0.685800, mean_diversity=0.320263,
indivs=5767765, elapsed_secs=10975, mean=0.524838, stdev=0.055344, best fit=0.685800, best_overall=0.685800, mean_diversity=0.282630,
indivs=5777775, elapsed_secs=11001, mean=0.572618, stdev=0.093539, best fit=0.688800, best_overall=0.688800, mean_diversity=0.505396,
indivs=5787912, elapsed_secs=11026, mean=0.609510, stdev=0.117182, best fit=0.688800, best_overall=0.688800, mean_diversity=0.211184,
indivs=5798066, elapsed_secs=11053, mean=0.585323, stdev=0.111138, best fit=0.688800, best_overall=0.688800, mean_diversity=0.112994,
indivs=5808193, elapsed_secs=11081, mean=0.543264, stdev=0.167726, best fit=0.689200, best_overall=0.689200, mean_diversity=0.196439,
indivs=5818208, elapsed_secs=11108, mean=0.518017, stdev=0.183372, best fit=0.690900, best_overall=0.690900, mean_diversity=0.204006,
indivs=5828213, elapsed_secs=11136, mean=0.477776, stdev=0.182088, best fit=0.691400, best_overall=0.691400, mean_diversity=0.164043,
indivs=5838226, elapsed_secs=11164, mean=0.503669, stdev=0.024203, best fit=0.691400, best_overall=0.691400, mean_diversity=0.094109,
indivs=5848324, elapsed_secs=11191, mean=0.577714, stdev=0.116700, best fit=0.691400, best_overall=0.691400, mean_diversity=0.234167,
indivs=5858328, elapsed_secs=11226, mean=0.606381, stdev=0.145235, best fit=0.691500, best_overall=0.691500, mean_diversity=0.071914,
indivs=5868434, elapsed_secs=11254, mean=0.553464, stdev=0.182861, best fit=0.691600, best_overall=0.691600, mean_diversity=0.129350,
indivs=5878475, elapsed_secs=11281, mean=0.485305, stdev=0.096130, best fit=0.692900, best_overall=0.692900, mean_diversity=0.263932,
indivs=5888532, elapsed_secs=11303, mean=0.481611, stdev=0.142923, best fit=0.692900, best_overall=0.692900, mean_diversity=0.219559,
indivs=5898584, elapsed_secs=11326, mean=0.517574, stdev=0.069789, best fit=0.692900, best_overall=0.692900, mean_diversity=0.216728,
indivs=5908590, elapsed_secs=11354, mean=0.503872, stdev=0.199411, best fit=0.692900, best_overall=0.692900, mean_diversity=0.213482,
indivs=5918684, elapsed_secs=11378, mean=0.547649, stdev=0.201158, best fit=0.692900, best_overall=0.692900, mean_diversity=0.169678,
indivs=5928770, elapsed_secs=11408, mean=0.508412, stdev=0.068303, best fit=0.692900, best_overall=0.692900, mean_diversity=0.222727,
indivs=5938890, elapsed_secs=11435, mean=0.523128, stdev=0.133150, best fit=0.692900, best_overall=0.692900, mean_diversity=0.322439,
indivs=5948905, elapsed_secs=11462, mean=0.513953, stdev=0.181221, best fit=0.693100, best_overall=0.693100, mean_diversity=0.333949,
indivs=5958986, elapsed_secs=11488, mean=0.547961, stdev=0.189899, best fit=0.693100, best_overall=0.693100, mean_diversity=0.203248,
indivs=5968994, elapsed_secs=11515, mean=0.539575, stdev=0.159307, best fit=0.693100, best_overall=0.693100, mean_diversity=0.128173,
indivs=5979059, elapsed_secs=11541, mean=0.484431, stdev=0.050055, best fit=0.693100, best_overall=0.693100, mean_diversity=0.124027,
indivs=5989133, elapsed_secs=11565, mean=0.532421, stdev=0.150767, best fit=0.694100, best_overall=0.694100, mean_diversity=0.217765,
indivs=5999212, elapsed_secs=11586, mean=0.423285, stdev=0.184930, best fit=0.694100, best_overall=0.694100, mean_diversity=0.372642,
indivs=6009316, elapsed_secs=11603, mean=0.497781, stdev=0.134830, best fit=0.694100, best_overall=0.694100, mean_diversity=0.285330,
indivs=6019374, elapsed_secs=11620, mean=0.509243, stdev=0.046462, best fit=0.694100, best_overall=0.694100, mean_diversity=0.049703,
indivs=6029452, elapsed_secs=11640, mean=0.511932, stdev=0.145482, best fit=0.694100, best_overall=0.694100, mean_diversity=0.376588,
indivs=6039532, elapsed_secs=11661, mean=0.506457, stdev=0.024015, best fit=0.694100, best_overall=0.694100, mean_diversity=0.279000,
indivs=6049552, elapsed_secs=11679, mean=0.490720, stdev=0.090924, best fit=0.694100, best_overall=0.694100, mean_diversity=0.101610,
indivs=6059667, elapsed_secs=11700, mean=0.542949, stdev=0.169085, best fit=0.694100, best_overall=0.694100, mean_diversity=0.419300,
indivs=6069753, elapsed_secs=11719, mean=0.486588, stdev=0.087764, best fit=0.694500, best_overall=0.694500, mean_diversity=0.067860,
indivs=6079791, elapsed_secs=11738, mean=0.573503, stdev=0.157502, best fit=0.694500, best_overall=0.694500, mean_diversity=0.097239,
indivs=6089818, elapsed_secs=11756, mean=0.553071, stdev=0.125741, best fit=0.697300, best_overall=0.697300, mean_diversity=0.103693,
indivs=6099857, elapsed_secs=11776, mean=0.572263, stdev=0.112313, best fit=0.697300, best_overall=0.697300, mean_diversity=0.373930,
indivs=6109901, elapsed_secs=11798, mean=0.504897, stdev=0.081568, best fit=0.697300, best_overall=0.697300, mean_diversity=0.194688,
indivs=6119928, elapsed_secs=11816, mean=0.510281, stdev=0.065270, best fit=0.697300, best_overall=0.697300, mean_diversity=0.227446,
indivs=6130002, elapsed_secs=11833, mean=0.525551, stdev=0.086569, best fit=0.697300, best_overall=0.697300, mean_diversity=0.261063,
indivs=6140049, elapsed_secs=11851, mean=0.476477, stdev=0.110680, best fit=0.697300, best_overall=0.697300, mean_diversity=0.334243,
indivs=6150157, elapsed_secs=11869, mean=0.522638, stdev=0.090124, best fit=0.697300, best_overall=0.697300, mean_diversity=0.242683,
indivs=6160201, elapsed_secs=11888, mean=0.619562, stdev=0.123973, best fit=0.697300, best_overall=0.697300, mean_diversity=0.168289,
indivs=6170242, elapsed_secs=11905, mean=0.501973, stdev=0.019631, best fit=0.697300, best_overall=0.697300, mean_diversity=0.084439,
indivs=6180328, elapsed_secs=11924, mean=0.537941, stdev=0.213920, best fit=0.697300, best_overall=0.697300, mean_diversity=0.060962,
indivs=6190444, elapsed_secs=11945, mean=0.524612, stdev=0.134813, best fit=0.697300, best_overall=0.697300, mean_diversity=0.215676,
indivs=6200532, elapsed_secs=11965, mean=0.550765, stdev=0.174303, best fit=0.697300, best_overall=0.697300, mean_diversity=0.067951,
indivs=6210644, elapsed_secs=11986, mean=0.559843, stdev=0.098393, best fit=0.697300, best_overall=0.697300, mean_diversity=0.092154,
indivs=6220791, elapsed_secs=12005, mean=0.560048, stdev=0.163255, best fit=0.697300, best_overall=0.697300, mean_diversity=0.074567,
indivs=6230867, elapsed_secs=12022, mean=0.465044, stdev=0.188785, best fit=0.697300, best_overall=0.697300, mean_diversity=0.118139,
indivs=6240931, elapsed_secs=12039, mean=0.513521, stdev=0.146487, best fit=0.697300, best_overall=0.697300, mean_diversity=0.119982,
indivs=6250934, elapsed_secs=12057, mean=0.501317, stdev=0.019787, best fit=0.697300, best_overall=0.697300, mean_diversity=0.147570,
indivs=6260981, elapsed_secs=12076, mean=0.536672, stdev=0.084676, best fit=0.697300, best_overall=0.697300, mean_diversity=0.090100,
indivs=6271041, elapsed_secs=12096, mean=0.500987, stdev=0.025305, best fit=0.697300, best_overall=0.697300, mean_diversity=0.080736,
indivs=6281052, elapsed_secs=12115, mean=0.612067, stdev=0.084233, best fit=0.697300, best_overall=0.697300, mean_diversity=0.112231,
indivs=6291188, elapsed_secs=12137, mean=0.579057, stdev=0.117365, best fit=0.697300, best_overall=0.697300, mean_diversity=0.192592,
indivs=6301192, elapsed_secs=12156, mean=0.473454, stdev=0.148361, best fit=0.697300, best_overall=0.697300, mean_diversity=0.135160,
indivs=6311289, elapsed_secs=12175, mean=0.576935, stdev=0.106076, best fit=0.697300, best_overall=0.697300, mean_diversity=0.196209,
indivs=6321309, elapsed_secs=12196, mean=0.520629, stdev=0.092446, best fit=0.697300, best_overall=0.697300, mean_diversity=0.187350,
indivs=6331376, elapsed_secs=12214, mean=0.505341, stdev=0.045039, best fit=0.697300, best_overall=0.697300, mean_diversity=0.279355,
indivs=6341491, elapsed_secs=12235, mean=0.561318, stdev=0.121103, best fit=0.697300, best_overall=0.697300, mean_diversity=0.224642,
indivs=6351500, elapsed_secs=12256, mean=0.568759, stdev=0.181443, best fit=0.697300, best_overall=0.697300, mean_diversity=0.111381,
indivs=6361632, elapsed_secs=12275, mean=0.548700, stdev=0.199761, best fit=0.697300, best_overall=0.697300, mean_diversity=0.075703,
indivs=6371652, elapsed_secs=12295, mean=0.508293, stdev=0.054998, best fit=0.697300, best_overall=0.697300, mean_diversity=0.458566,
indivs=6381678, elapsed_secs=12314, mean=0.524313, stdev=0.078729, best fit=0.697300, best_overall=0.697300, mean_diversity=0.232452,
indivs=6391722, elapsed_secs=12335, mean=0.496921, stdev=0.053666, best fit=0.697300, best_overall=0.697300, mean_diversity=0.321648,
indivs=6401774, elapsed_secs=12355, mean=0.518517, stdev=0.053199, best fit=0.697300, best_overall=0.697300, mean_diversity=0.222357,
indivs=6411815, elapsed_secs=12371, mean=0.550830, stdev=0.077451, best fit=0.697300, best_overall=0.697300, mean_diversity=0.363780,
indivs=6421835, elapsed_secs=12392, mean=0.529207, stdev=0.130749, best fit=0.697300, best_overall=0.697300, mean_diversity=0.258264,
indivs=6431851, elapsed_secs=12410, mean=0.497599, stdev=0.054062, best fit=0.697300, best_overall=0.697300, mean_diversity=0.231725,
indivs=6441864, elapsed_secs=12435, mean=0.532062, stdev=0.079251, best fit=0.697300, best_overall=0.697300, mean_diversity=0.259246,
indivs=6451944, elapsed_secs=12455, mean=0.503341, stdev=0.019718, best fit=0.697300, best_overall=0.697300, mean_diversity=0.063457,
indivs=6462006, elapsed_secs=12478, mean=0.501941, stdev=0.019949, best fit=0.697300, best_overall=0.697300, mean_diversity=0.062989,
indivs=6472078, elapsed_secs=12498, mean=0.433779, stdev=0.239661, best fit=0.697300, best_overall=0.697300, mean_diversity=0.118440,
indivs=6482139, elapsed_secs=12517, mean=0.517062, stdev=0.054304, best fit=0.697300, best_overall=0.697300, mean_diversity=0.148148,
indivs=6492150, elapsed_secs=12535, mean=0.508719, stdev=0.135311, best fit=0.697300, best_overall=0.697300, mean_diversity=0.459207,
indivs=6502200, elapsed_secs=12555, mean=0.491973, stdev=0.055451, best fit=0.697300, best_overall=0.697300, mean_diversity=0.055957,
indivs=6512287, elapsed_secs=12574, mean=0.533933, stdev=0.111119, best fit=0.697300, best_overall=0.697300, mean_diversity=0.191144,
indivs=6522289, elapsed_secs=12595, mean=0.491678, stdev=0.147089, best fit=0.697300, best_overall=0.697300, mean_diversity=0.130297,
indivs=6532400, elapsed_secs=12615, mean=0.534549, stdev=0.065654, best fit=0.697300, best_overall=0.697300, mean_diversity=0.241574,
indivs=6542507, elapsed_secs=12636, mean=0.566529, stdev=0.131975, best fit=0.697300, best_overall=0.697300, mean_diversity=0.202532,
indivs=6552548, elapsed_secs=12655, mean=0.503841, stdev=0.025749, best fit=0.697300, best_overall=0.697300, mean_diversity=0.141650,
indivs=6562672, elapsed_secs=12677, mean=0.582459, stdev=0.163311, best fit=0.697300, best_overall=0.697300, mean_diversity=0.086667,
indivs=6572762, elapsed_secs=12695, mean=0.495188, stdev=0.141560, best fit=0.697300, best_overall=0.697300, mean_diversity=0.245967,
indivs=6582888, elapsed_secs=12712, mean=0.544525, stdev=0.137999, best fit=0.697300, best_overall=0.697300, mean_diversity=0.327823,
indivs=6592960, elapsed_secs=12732, mean=0.556353, stdev=0.121556, best fit=0.697300, best_overall=0.697300, mean_diversity=0.144271,
indivs=6603080, elapsed_secs=12751, mean=0.539535, stdev=0.148698, best fit=0.697300, best_overall=0.697300, mean_diversity=0.237596,
indivs=6613188, elapsed_secs=12771, mean=0.542035, stdev=0.113453, best fit=0.697300, best_overall=0.697300, mean_diversity=0.162808,
indivs=6623267, elapsed_secs=12790, mean=0.532882, stdev=0.104423, best fit=0.697300, best_overall=0.697300, mean_diversity=0.262978,
indivs=6633296, elapsed_secs=12807, mean=0.512422, stdev=0.130826, best fit=0.697300, best_overall=0.697300, mean_diversity=0.269541,
indivs=6643420, elapsed_secs=12826, mean=0.541325, stdev=0.154945, best fit=0.697300, best_overall=0.697300, mean_diversity=0.130466,
indivs=6653510, elapsed_secs=12846, mean=0.496222, stdev=0.114887, best fit=0.697300, best_overall=0.697300, mean_diversity=0.165902,
indivs=6663545, elapsed_secs=12867, mean=0.557127, stdev=0.084626, best fit=0.697300, best_overall=0.697300, mean_diversity=0.180506,
indivs=6673632, elapsed_secs=12887, mean=0.501973, stdev=0.019631, best fit=0.697300, best_overall=0.697300, mean_diversity=0.046537,
indivs=6683685, elapsed_secs=12908, mean=0.529175, stdev=0.106426, best fit=0.697300, best_overall=0.697300, mean_diversity=0.143483,
indivs=6693694, elapsed_secs=12927, mean=0.585417, stdev=0.128299, best fit=0.697300, best_overall=0.697300, mean_diversity=0.135703,
indivs=6703718, elapsed_secs=12946, mean=0.515301, stdev=0.045513, best fit=0.697300, best_overall=0.697300, mean_diversity=0.242333,
indivs=6713761, elapsed_secs=12964, mean=0.546055, stdev=0.186738, best fit=0.697300, best_overall=0.697300, mean_diversity=0.181235,
indivs=6723761, elapsed_secs=12982, mean=0.540120, stdev=0.170598, best fit=0.697300, best_overall=0.697300, mean_diversity=0.270323,
indivs=6733801, elapsed_secs=13003, mean=0.500721, stdev=0.043869, best fit=0.697300, best_overall=0.697300, mean_diversity=0.125797,
indivs=6743879, elapsed_secs=13023, mean=0.552172, stdev=0.131370, best fit=0.697300, best_overall=0.697300, mean_diversity=0.277649,
indivs=6753941, elapsed_secs=13043, mean=0.507342, stdev=0.086626, best fit=0.697300, best_overall=0.697300, mean_diversity=0.330343,
indivs=6763954, elapsed_secs=13063, mean=0.508443, stdev=0.089877, best fit=0.697300, best_overall=0.697300, mean_diversity=0.315985,
indivs=6774065, elapsed_secs=13083, mean=0.523875, stdev=0.120458, best fit=0.697300, best_overall=0.697300, mean_diversity=0.133882,
indivs=6784126, elapsed_secs=13105, mean=0.534648, stdev=0.170929, best fit=0.697300, best_overall=0.697300, mean_diversity=0.079020,
indivs=6794126, elapsed_secs=13123, mean=0.480029, stdev=0.094765, best fit=0.697300, best_overall=0.697300, mean_diversity=0.274875,
indivs=6804239, elapsed_secs=13141, mean=0.558053, stdev=0.110018, best fit=0.697300, best_overall=0.697300, mean_diversity=0.069738,
indivs=6814318, elapsed_secs=13162, mean=0.545876, stdev=0.074818, best fit=0.697300, best_overall=0.697300, mean_diversity=0.425872,
indivs=6824450, elapsed_secs=13179, mean=0.467498, stdev=0.181234, best fit=0.697300, best_overall=0.697300, mean_diversity=0.171601,
indivs=6834492, elapsed_secs=13196, mean=0.516567, stdev=0.166834, best fit=0.697300, best_overall=0.697300, mean_diversity=0.345042,
indivs=6844599, elapsed_secs=13212, mean=0.460226, stdev=0.179397, best fit=0.697300, best_overall=0.697300, mean_diversity=0.344605,
indivs=6854698, elapsed_secs=13231, mean=0.511272, stdev=0.231537, best fit=0.697300, best_overall=0.697300, mean_diversity=0.101175,
indivs=6864699, elapsed_secs=13250, mean=0.526276, stdev=0.084677, best fit=0.697300, best_overall=0.697300, mean_diversity=0.062183,
indivs=6874733, elapsed_secs=13267, mean=0.493263, stdev=0.107124, best fit=0.697300, best_overall=0.697300, mean_diversity=0.260188,
indivs=6884829, elapsed_secs=13289, mean=0.516273, stdev=0.187950, best fit=0.697300, best_overall=0.697300, mean_diversity=0.099432,
indivs=6894860, elapsed_secs=13306, mean=0.475278, stdev=0.144852, best fit=0.697300, best_overall=0.697300, mean_diversity=0.340132,
indivs=6904977, elapsed_secs=13327, mean=0.504156, stdev=0.147109, best fit=0.697300, best_overall=0.697300, mean_diversity=0.217810,
indivs=6915046, elapsed_secs=13348, mean=0.497176, stdev=0.056790, best fit=0.697300, best_overall=0.697300, mean_diversity=0.190357,
indivs=6925057, elapsed_secs=13366, mean=0.493193, stdev=0.155204, best fit=0.697300, best_overall=0.697300, mean_diversity=0.387686,
indivs=6935116, elapsed_secs=13387, mean=0.551273, stdev=0.139383, best fit=0.697300, best_overall=0.697300, mean_diversity=0.285157,
indivs=6945207, elapsed_secs=13406, mean=0.545366, stdev=0.091343, best fit=0.697300, best_overall=0.697300, mean_diversity=0.241074,
indivs=6955283, elapsed_secs=13424, mean=0.591602, stdev=0.097932, best fit=0.697300, best_overall=0.697300, mean_diversity=0.124428,
indivs=6965322, elapsed_secs=13442, mean=0.502485, stdev=0.066388, best fit=0.697300, best_overall=0.697300, mean_diversity=0.166953,
indivs=6975367, elapsed_secs=13462, mean=0.550391, stdev=0.111650, best fit=0.697300, best_overall=0.697300, mean_diversity=0.242312,
indivs=6985509, elapsed_secs=13483, mean=0.573965, stdev=0.149706, best fit=0.697300, best_overall=0.697300, mean_diversity=0.136349,
indivs=6995572, elapsed_secs=13503, mean=0.499751, stdev=0.129229, best fit=0.697300, best_overall=0.697300, mean_diversity=0.283118,
indivs=7005703, elapsed_secs=13523, mean=0.536582, stdev=0.142439, best fit=0.697300, best_overall=0.697300, mean_diversity=0.273865,
indivs=7015765, elapsed_secs=13539, mean=0.575907, stdev=0.191671, best fit=0.697300, best_overall=0.697300, mean_diversity=0.080853,
indivs=7025817, elapsed_secs=13560, mean=0.576250, stdev=0.141940, best fit=0.697300, best_overall=0.697300, mean_diversity=0.230016,
indivs=7035839, elapsed_secs=13578, mean=0.483559, stdev=0.143431, best fit=0.697300, best_overall=0.697300, mean_diversity=0.238357,
indivs=7045931, elapsed_secs=13596, mean=0.547277, stdev=0.110763, best fit=0.697300, best_overall=0.697300, mean_diversity=0.392794,
indivs=7055969, elapsed_secs=13613, mean=0.577953, stdev=0.140739, best fit=0.697300, best_overall=0.697300, mean_diversity=0.188189,
indivs=7066107, elapsed_secs=13631, mean=0.539025, stdev=0.128025, best fit=0.697300, best_overall=0.697300, mean_diversity=0.175745,
indivs=7076151, elapsed_secs=13651, mean=0.524709, stdev=0.081907, best fit=0.697300, best_overall=0.697300, mean_diversity=0.445769,
indivs=7086226, elapsed_secs=13670, mean=0.542037, stdev=0.108941, best fit=0.697300, best_overall=0.697300, mean_diversity=0.202092,
indivs=7096353, elapsed_secs=13691, mean=0.523586, stdev=0.209104, best fit=0.697300, best_overall=0.697300, mean_diversity=0.064938,
indivs=7106411, elapsed_secs=13711, mean=0.497183, stdev=0.090261, best fit=0.697300, best_overall=0.697300, mean_diversity=0.160144,
indivs=7116535, elapsed_secs=13731, mean=0.540607, stdev=0.146618, best fit=0.697300, best_overall=0.697300, mean_diversity=0.276619,
indivs=7126625, elapsed_secs=13747, mean=0.585858, stdev=0.147944, best fit=0.697300, best_overall=0.697300, mean_diversity=0.089621,
indivs=7136627, elapsed_secs=13766, mean=0.564795, stdev=0.170621, best fit=0.697300, best_overall=0.697300, mean_diversity=0.160830,
indivs=7146735, elapsed_secs=13786, mean=0.550430, stdev=0.134727, best fit=0.697300, best_overall=0.697300, mean_diversity=0.281420,
indivs=7156753, elapsed_secs=13808, mean=0.481255, stdev=0.172589, best fit=0.697300, best_overall=0.697300, mean_diversity=0.292780,
indivs=7166791, elapsed_secs=13827, mean=0.603587, stdev=0.101040, best fit=0.697300, best_overall=0.697300, mean_diversity=0.271179,
indivs=7176905, elapsed_secs=13845, mean=0.573820, stdev=0.127916, best fit=0.697300, best_overall=0.697300, mean_diversity=0.345820,
indivs=7186980, elapsed_secs=13862, mean=0.515220, stdev=0.134201, best fit=0.697300, best_overall=0.697300, mean_diversity=0.231869,
indivs=7197076, elapsed_secs=13881, mean=0.505471, stdev=0.031163, best fit=0.697300, best_overall=0.697300, mean_diversity=0.172901,
indivs=7207176, elapsed_secs=13901, mean=0.509685, stdev=0.086567, best fit=0.697300, best_overall=0.697300, mean_diversity=0.281630,
indivs=7217260, elapsed_secs=13919, mean=0.572425, stdev=0.063057, best fit=0.697300, best_overall=0.697300, mean_diversity=0.283691,
indivs=7227284, elapsed_secs=13937, mean=0.554504, stdev=0.114475, best fit=0.697300, best_overall=0.697300, mean_diversity=0.224375,
indivs=7237296, elapsed_secs=13955, mean=0.507552, stdev=0.127538, best fit=0.697300, best_overall=0.697300, mean_diversity=0.280496,
indivs=7247384, elapsed_secs=13972, mean=0.465372, stdev=0.162871, best fit=0.697300, best_overall=0.697300, mean_diversity=0.061400,
indivs=7257453, elapsed_secs=13989, mean=0.506403, stdev=0.161681, best fit=0.697300, best_overall=0.697300, mean_diversity=0.293313,
indivs=7267511, elapsed_secs=14008, mean=0.580978, stdev=0.099094, best fit=0.697300, best_overall=0.697300, mean_diversity=0.330480,
indivs=7277578, elapsed_secs=14027, mean=0.536084, stdev=0.182788, best fit=0.697300, best_overall=0.697300, mean_diversity=0.213824,
indivs=7287604, elapsed_secs=14044, mean=0.582870, stdev=0.084961, best fit=0.697300, best_overall=0.697300, mean_diversity=0.058200,
indivs=7297615, elapsed_secs=14063, mean=0.426904, stdev=0.141162, best fit=0.697300, best_overall=0.697300, mean_diversity=0.162259,
indivs=7307637, elapsed_secs=14085, mean=0.491031, stdev=0.072920, best fit=0.697300, best_overall=0.697300, mean_diversity=0.192485,
indivs=7317651, elapsed_secs=14105, mean=0.506291, stdev=0.174499, best fit=0.697300, best_overall=0.697300, mean_diversity=0.391862,
indivs=7327669, elapsed_secs=14125, mean=0.488779, stdev=0.167573, best fit=0.697300, best_overall=0.697300, mean_diversity=0.244186,
indivs=7337767, elapsed_secs=14145, mean=0.577368, stdev=0.133258, best fit=0.697300, best_overall=0.697300, mean_diversity=0.238292,
indivs=7347875, elapsed_secs=14165, mean=0.529234, stdev=0.100924, best fit=0.697300, best_overall=0.697300, mean_diversity=0.300712,
indivs=7357929, elapsed_secs=14184, mean=0.529910, stdev=0.138807, best fit=0.697300, best_overall=0.697300, mean_diversity=0.360670,
indivs=7368020, elapsed_secs=14207, mean=0.538965, stdev=0.067827, best fit=0.697300, best_overall=0.697300, mean_diversity=0.240556,
indivs=7378102, elapsed_secs=14228, mean=0.540144, stdev=0.087045, best fit=0.697300, best_overall=0.697300, mean_diversity=0.412349,
indivs=7388131, elapsed_secs=14247, mean=0.525182, stdev=0.082101, best fit=0.697300, best_overall=0.697300, mean_diversity=0.436023,
indivs=7398172, elapsed_secs=14267, mean=0.514755, stdev=0.134711, best fit=0.697300, best_overall=0.697300, mean_diversity=0.259019,
indivs=7408185, elapsed_secs=14285, mean=0.501234, stdev=0.061458, best fit=0.697300, best_overall=0.697300, mean_diversity=0.080568,
indivs=7418212, elapsed_secs=14302, mean=0.528004, stdev=0.065446, best fit=0.697300, best_overall=0.697300, mean_diversity=0.218702,
indivs=7428349, elapsed_secs=14322, mean=0.581077, stdev=0.092180, best fit=0.697300, best_overall=0.697300, mean_diversity=0.144762,
indivs=7438350, elapsed_secs=14345, mean=0.543319, stdev=0.149921, best fit=0.697300, best_overall=0.697300, mean_diversity=0.320000,
indivs=7448385, elapsed_secs=14364, mean=0.523356, stdev=0.101824, best fit=0.697300, best_overall=0.697300, mean_diversity=0.166825,
indivs=7458527, elapsed_secs=14383, mean=0.567685, stdev=0.113746, best fit=0.697300, best_overall=0.697300, mean_diversity=0.269720,
indivs=7468593, elapsed_secs=14403, mean=0.522683, stdev=0.092487, best fit=0.697300, best_overall=0.697300, mean_diversity=0.387458,
indivs=7478653, elapsed_secs=14423, mean=0.549781, stdev=0.085945, best fit=0.697300, best_overall=0.697300, mean_diversity=0.533012,
indivs=7488679, elapsed_secs=14441, mean=0.567408, stdev=0.167700, best fit=0.697300, best_overall=0.697300, mean_diversity=0.179581,
indivs=7498719, elapsed_secs=14460, mean=0.484232, stdev=0.090988, best fit=0.697300, best_overall=0.697300, mean_diversity=0.331492,
indivs=7508730, elapsed_secs=14479, mean=0.529581, stdev=0.077019, best fit=0.697300, best_overall=0.697300, mean_diversity=0.448175,
indivs=7518798, elapsed_secs=14501, mean=0.501290, stdev=0.158517, best fit=0.697300, best_overall=0.697300, mean_diversity=0.344714,
indivs=7528889, elapsed_secs=14518, mean=0.524785, stdev=0.127783, best fit=0.697300, best_overall=0.697300, mean_diversity=0.345732,
indivs=7538958, elapsed_secs=14537, mean=0.573924, stdev=0.122813, best fit=0.697300, best_overall=0.697300, mean_diversity=0.161577,
indivs=7549038, elapsed_secs=14556, mean=0.515164, stdev=0.133067, best fit=0.697300, best_overall=0.697300, mean_diversity=0.337569,
indivs=7559092, elapsed_secs=14573, mean=0.498645, stdev=0.058558, best fit=0.697300, best_overall=0.697300, mean_diversity=0.181010,
indivs=7569160, elapsed_secs=14595, mean=0.591474, stdev=0.110099, best fit=0.697300, best_overall=0.697300, mean_diversity=0.104903,
indivs=7579205, elapsed_secs=14617, mean=0.528217, stdev=0.188445, best fit=0.697300, best_overall=0.697300, mean_diversity=0.098721,
indivs=7589290, elapsed_secs=14633, mean=0.460603, stdev=0.189133, best fit=0.697300, best_overall=0.697300, mean_diversity=0.241973,
indivs=7599417, elapsed_secs=14652, mean=0.532233, stdev=0.159495, best fit=0.697300, best_overall=0.697300, mean_diversity=0.202462,
indivs=7609554, elapsed_secs=14674, mean=0.567119, stdev=0.103573, best fit=0.697300, best_overall=0.697300, mean_diversity=0.293284,
indivs=7619600, elapsed_secs=14695, mean=0.492061, stdev=0.094682, best fit=0.697300, best_overall=0.697300, mean_diversity=0.210812,
indivs=7629634, elapsed_secs=14714, mean=0.533044, stdev=0.085334, best fit=0.697300, best_overall=0.697300, mean_diversity=0.362282,
indivs=7639762, elapsed_secs=14731, mean=0.504997, stdev=0.203551, best fit=0.697300, best_overall=0.697300, mean_diversity=0.108119,
indivs=7649770, elapsed_secs=14748, mean=0.514710, stdev=0.136967, best fit=0.697300, best_overall=0.697300, mean_diversity=0.272500,
indivs=7659888, elapsed_secs=14765, mean=0.578637, stdev=0.137447, best fit=0.697300, best_overall=0.697300, mean_diversity=0.185341,
indivs=7669959, elapsed_secs=14782, mean=0.521436, stdev=0.146426, best fit=0.697300, best_overall=0.697300, mean_diversity=0.136009,
indivs=7679974, elapsed_secs=14801, mean=0.473539, stdev=0.160334, best fit=0.697300, best_overall=0.697300, mean_diversity=0.333767,
indivs=7690034, elapsed_secs=14820, mean=0.565408, stdev=0.082038, best fit=0.697300, best_overall=0.697300, mean_diversity=0.193454,
indivs=7700120, elapsed_secs=14840, mean=0.590828, stdev=0.086401, best fit=0.697300, best_overall=0.697300, mean_diversity=0.251883,
indivs=7710189, elapsed_secs=14857, mean=0.526472, stdev=0.165774, best fit=0.697300, best_overall=0.697300, mean_diversity=0.227927,
indivs=7720190, elapsed_secs=14878, mean=0.538405, stdev=0.124547, best fit=0.697300, best_overall=0.697300, mean_diversity=0.198059,
indivs=7730228, elapsed_secs=14895, mean=0.547818, stdev=0.108408, best fit=0.697300, best_overall=0.697300, mean_diversity=0.185981,
indivs=7740269, elapsed_secs=14913, mean=0.504168, stdev=0.093414, best fit=0.697300, best_overall=0.697300, mean_diversity=0.371071,
indivs=7750332, elapsed_secs=14930, mean=0.539001, stdev=0.117375, best fit=0.697300, best_overall=0.697300, mean_diversity=0.085052,
indivs=7760346, elapsed_secs=14949, mean=0.576999, stdev=0.124902, best fit=0.697300, best_overall=0.697300, mean_diversity=0.262624,
indivs=7770413, elapsed_secs=14967, mean=0.564783, stdev=0.157373, best fit=0.697300, best_overall=0.697300, mean_diversity=0.213191,
indivs=7780476, elapsed_secs=14987, mean=0.504024, stdev=0.065031, best fit=0.697300, best_overall=0.697300, mean_diversity=0.131004,
indivs=7790575, elapsed_secs=15007, mean=0.544666, stdev=0.147358, best fit=0.697300, best_overall=0.697300, mean_diversity=0.156514,
indivs=7800657, elapsed_secs=15028, mean=0.559387, stdev=0.133168, best fit=0.697300, best_overall=0.697300, mean_diversity=0.117997,
indivs=7810672, elapsed_secs=15047, mean=0.569818, stdev=0.138136, best fit=0.697300, best_overall=0.697300, mean_diversity=0.111502,
indivs=7820762, elapsed_secs=15065, mean=0.563912, stdev=0.136806, best fit=0.697300, best_overall=0.697300, mean_diversity=0.120757,
indivs=7830797, elapsed_secs=15086, mean=0.481050, stdev=0.128639, best fit=0.697300, best_overall=0.697300, mean_diversity=0.513937,
indivs=7840857, elapsed_secs=15103, mean=0.506095, stdev=0.028201, best fit=0.697300, best_overall=0.697300, mean_diversity=0.128816,
indivs=7850973, elapsed_secs=15122, mean=0.497724, stdev=0.158032, best fit=0.697300, best_overall=0.697300, mean_diversity=0.239979,
indivs=7861003, elapsed_secs=15141, mean=0.599537, stdev=0.145056, best fit=0.697300, best_overall=0.697300, mean_diversity=0.091916,
indivs=7871091, elapsed_secs=15161, mean=0.579860, stdev=0.167472, best fit=0.697300, best_overall=0.697300, mean_diversity=0.115761,
indivs=7881126, elapsed_secs=15182, mean=0.565867, stdev=0.208757, best fit=0.697300, best_overall=0.697300, mean_diversity=0.088168,
indivs=7891207, elapsed_secs=15202, mean=0.478348, stdev=0.234969, best fit=0.697300, best_overall=0.697300, mean_diversity=0.082744,
indivs=7901271, elapsed_secs=15222, mean=0.537075, stdev=0.084725, best fit=0.697300, best_overall=0.697300, mean_diversity=0.295409,
indivs=7911416, elapsed_secs=15239, mean=0.425336, stdev=0.265094, best fit=0.697300, best_overall=0.697300, mean_diversity=0.095428,
indivs=7921526, elapsed_secs=15260, mean=0.502821, stdev=0.084288, best fit=0.697300, best_overall=0.697300, mean_diversity=0.278978,
indivs=7931641, elapsed_secs=15279, mean=0.535004, stdev=0.104992, best fit=0.697300, best_overall=0.697300, mean_diversity=0.220237,
indivs=7941696, elapsed_secs=15296, mean=0.558303, stdev=0.140642, best fit=0.697300, best_overall=0.697300, mean_diversity=0.241584,
indivs=7951786, elapsed_secs=15314, mean=0.560859, stdev=0.127857, best fit=0.697300, best_overall=0.697300, mean_diversity=0.159892,
indivs=7961838, elapsed_secs=15333, mean=0.418973, stdev=0.100618, best fit=0.697300, best_overall=0.697300, mean_diversity=0.084109,
indivs=7971886, elapsed_secs=15354, mean=0.553331, stdev=0.126733, best fit=0.697300, best_overall=0.697300, mean_diversity=0.256636,
indivs=7981932, elapsed_secs=15372, mean=0.573708, stdev=0.140793, best fit=0.697300, best_overall=0.697300, mean_diversity=0.057550,
indivs=7991969, elapsed_secs=15392, mean=0.493017, stdev=0.074731, best fit=0.697300, best_overall=0.697300, mean_diversity=0.153616,
indivs=8002016, elapsed_secs=15411, mean=0.578884, stdev=0.120792, best fit=0.697300, best_overall=0.697300, mean_diversity=0.101308,
indivs=8012120, elapsed_secs=15429, mean=0.540641, stdev=0.118793, best fit=0.697300, best_overall=0.697300, mean_diversity=0.246022,
indivs=8022237, elapsed_secs=15449, mean=0.517206, stdev=0.129757, best fit=0.697300, best_overall=0.697300, mean_diversity=0.397085,
indivs=8032388, elapsed_secs=15467, mean=0.572693, stdev=0.146863, best fit=0.697300, best_overall=0.697300, mean_diversity=0.139122,
indivs=8042421, elapsed_secs=15483, mean=0.501527, stdev=0.019922, best fit=0.697300, best_overall=0.697300, mean_diversity=0.160833,
indivs=8052511, elapsed_secs=15502, mean=0.526881, stdev=0.134075, best fit=0.697300, best_overall=0.697300, mean_diversity=0.342458,
indivs=8062550, elapsed_secs=15522, mean=0.506258, stdev=0.134407, best fit=0.697300, best_overall=0.697300, mean_diversity=0.222635,
indivs=8072551, elapsed_secs=15537, mean=0.542970, stdev=0.074148, best fit=0.697300, best_overall=0.697300, mean_diversity=0.298251,
indivs=8082648, elapsed_secs=15558, mean=0.537035, stdev=0.134623, best fit=0.697300, best_overall=0.697300, mean_diversity=0.275684,
indivs=8092778, elapsed_secs=15577, mean=0.584417, stdev=0.115135, best fit=0.697300, best_overall=0.697300, mean_diversity=0.227811,
indivs=8102823, elapsed_secs=15595, mean=0.620517, stdev=0.078799, best fit=0.697300, best_overall=0.697300, mean_diversity=0.053475,
indivs=8112889, elapsed_secs=15612, mean=0.515635, stdev=0.125082, best fit=0.697300, best_overall=0.697300, mean_diversity=0.402866,
indivs=8122919, elapsed_secs=15633, mean=0.584551, stdev=0.099172, best fit=0.697300, best_overall=0.697300, mean_diversity=0.216275,
indivs=8133019, elapsed_secs=15651, mean=0.490899, stdev=0.093494, best fit=0.697300, best_overall=0.697300, mean_diversity=0.107421,
indivs=8143022, elapsed_secs=15669, mean=0.502374, stdev=0.103145, best fit=0.697300, best_overall=0.697300, mean_diversity=0.345278,
indivs=8153113, elapsed_secs=15689, mean=0.515875, stdev=0.076674, best fit=0.697300, best_overall=0.697300, mean_diversity=0.235198,
indivs=8163204, elapsed_secs=15709, mean=0.566204, stdev=0.152267, best fit=0.697300, best_overall=0.697300, mean_diversity=0.099217,
indivs=8173232, elapsed_secs=15726, mean=0.490221, stdev=0.108126, best fit=0.697300, best_overall=0.697300, mean_diversity=0.319694,
indivs=8183270, elapsed_secs=15744, mean=0.532707, stdev=0.062350, best fit=0.697300, best_overall=0.697300, mean_diversity=0.067262,
indivs=8193425, elapsed_secs=15764, mean=0.527587, stdev=0.161574, best fit=0.697300, best_overall=0.697300, mean_diversity=0.212924,
indivs=8203599, elapsed_secs=15784, mean=0.596306, stdev=0.149397, best fit=0.697300, best_overall=0.697300, mean_diversity=0.064619,
indivs=8213726, elapsed_secs=15800, mean=0.583944, stdev=0.196267, best fit=0.697300, best_overall=0.697300, mean_diversity=0.054810,
indivs=8223832, elapsed_secs=15821, mean=0.521640, stdev=0.101263, best fit=0.697300, best_overall=0.697300, mean_diversity=0.191435,
indivs=8233902, elapsed_secs=15838, mean=0.503205, stdev=0.026256, best fit=0.697300, best_overall=0.697300, mean_diversity=0.087002,
indivs=8244001, elapsed_secs=15859, mean=0.580802, stdev=0.142174, best fit=0.697300, best_overall=0.697300, mean_diversity=0.077656,
indivs=8254044, elapsed_secs=15876, mean=0.485520, stdev=0.090524, best fit=0.697300, best_overall=0.697300, mean_diversity=0.124678,
indivs=8264207, elapsed_secs=15894, mean=0.587788, stdev=0.106397, best fit=0.697300, best_overall=0.697300, mean_diversity=0.211895,
indivs=8274341, elapsed_secs=15912, mean=0.602705, stdev=0.160459, best fit=0.697300, best_overall=0.697300, mean_diversity=0.076323,
indivs=8284438, elapsed_secs=15930, mean=0.506501, stdev=0.126850, best fit=0.697300, best_overall=0.697300, mean_diversity=0.327406,
indivs=8294518, elapsed_secs=15948, mean=0.500501, stdev=0.059008, best fit=0.697300, best_overall=0.697300, mean_diversity=0.281424,
indivs=8304554, elapsed_secs=15968, mean=0.511465, stdev=0.103452, best fit=0.697300, best_overall=0.697300, mean_diversity=0.171444,
indivs=8314665, elapsed_secs=15986, mean=0.473415, stdev=0.188854, best fit=0.697300, best_overall=0.697300, mean_diversity=0.259015,
indivs=8324691, elapsed_secs=16004, mean=0.516143, stdev=0.127433, best fit=0.697300, best_overall=0.697300, mean_diversity=0.250812,
indivs=8334752, elapsed_secs=16022, mean=0.514972, stdev=0.153152, best fit=0.697300, best_overall=0.697300, mean_diversity=0.232724,
indivs=8344816, elapsed_secs=16039, mean=0.513744, stdev=0.200330, best fit=0.697300, best_overall=0.697300, mean_diversity=0.220422,
indivs=8354882, elapsed_secs=16057, mean=0.601919, stdev=0.145021, best fit=0.697300, best_overall=0.697300, mean_diversity=0.082902,
indivs=8364884, elapsed_secs=16075, mean=0.561529, stdev=0.096880, best fit=0.697300, best_overall=0.697300, mean_diversity=0.306420,
indivs=8374903, elapsed_secs=16095, mean=0.521532, stdev=0.100226, best fit=0.697300, best_overall=0.697300, mean_diversity=0.230619,
indivs=8384952, elapsed_secs=16112, mean=0.466422, stdev=0.211379, best fit=0.697300, best_overall=0.697300, mean_diversity=0.237959,
indivs=8394971, elapsed_secs=16132, mean=0.535263, stdev=0.196110, best fit=0.697300, best_overall=0.697300, mean_diversity=0.158817,
indivs=8404990, elapsed_secs=16150, mean=0.526803, stdev=0.105264, best fit=0.697300, best_overall=0.697300, mean_diversity=0.281208,
indivs=8415072, elapsed_secs=16169, mean=0.545924, stdev=0.176477, best fit=0.697300, best_overall=0.697300, mean_diversity=0.206640,
indivs=8425221, elapsed_secs=16189, mean=0.531298, stdev=0.159106, best fit=0.697300, best_overall=0.697300, mean_diversity=0.127810,
indivs=8435272, elapsed_secs=16205, mean=0.509950, stdev=0.067327, best fit=0.697300, best_overall=0.697300, mean_diversity=0.200187,
indivs=8445290, elapsed_secs=16224, mean=0.539795, stdev=0.087862, best fit=0.697300, best_overall=0.697300, mean_diversity=0.225326,
indivs=8455300, elapsed_secs=16243, mean=0.496302, stdev=0.075058, best fit=0.697300, best_overall=0.697300, mean_diversity=0.114159,
indivs=8465307, elapsed_secs=16261, mean=0.562910, stdev=0.137475, best fit=0.697300, best_overall=0.697300, mean_diversity=0.123104,
indivs=8475427, elapsed_secs=16277, mean=0.554784, stdev=0.125965, best fit=0.697300, best_overall=0.697300, mean_diversity=0.231488,
indivs=8485497, elapsed_secs=16298, mean=0.503086, stdev=0.022442, best fit=0.697300, best_overall=0.697300, mean_diversity=0.055328,
indivs=8495553, elapsed_secs=16319, mean=0.502766, stdev=0.059377, best fit=0.697300, best_overall=0.697300, mean_diversity=0.127022,
indivs=8505616, elapsed_secs=16335, mean=0.590556, stdev=0.131976, best fit=0.697300, best_overall=0.697300, mean_diversity=0.187323,
indivs=8515656, elapsed_secs=16355, mean=0.500958, stdev=0.020966, best fit=0.697300, best_overall=0.697300, mean_diversity=0.057779,
indivs=8525681, elapsed_secs=16372, mean=0.435271, stdev=0.238528, best fit=0.697300, best_overall=0.697300, mean_diversity=0.257792,
indivs=8535793, elapsed_secs=16393, mean=0.528197, stdev=0.134193, best fit=0.697300, best_overall=0.697300, mean_diversity=0.321990,
indivs=8545924, elapsed_secs=16411, mean=0.580609, stdev=0.123976, best fit=0.697300, best_overall=0.697300, mean_diversity=0.221366,
indivs=8555989, elapsed_secs=16428, mean=0.578119, stdev=0.130148, best fit=0.697300, best_overall=0.697300, mean_diversity=0.176543,
indivs=8566049, elapsed_secs=16449, mean=0.491904, stdev=0.082447, best fit=0.697300, best_overall=0.697300, mean_diversity=0.168230,
indivs=8576098, elapsed_secs=16468, mean=0.511134, stdev=0.090243, best fit=0.697300, best_overall=0.697300, mean_diversity=0.282950,
indivs=8586224, elapsed_secs=16488, mean=0.539968, stdev=0.122855, best fit=0.697300, best_overall=0.697300, mean_diversity=0.089342,
indivs=8596258, elapsed_secs=16507, mean=0.504299, stdev=0.025501, best fit=0.697300, best_overall=0.697300, mean_diversity=0.304694,
indivs=8606293, elapsed_secs=16527, mean=0.528739, stdev=0.166867, best fit=0.697300, best_overall=0.697300, mean_diversity=0.107905,
indivs=8616344, elapsed_secs=16547, mean=0.498168, stdev=0.057302, best fit=0.697300, best_overall=0.697300, mean_diversity=0.130661,
indivs=8626430, elapsed_secs=16566, mean=0.543521, stdev=0.199259, best fit=0.697300, best_overall=0.697300, mean_diversity=0.177466,
indivs=8636522, elapsed_secs=16582, mean=0.524950, stdev=0.085051, best fit=0.697300, best_overall=0.697300, mean_diversity=0.314145,
indivs=8646592, elapsed_secs=16598, mean=0.540537, stdev=0.159371, best fit=0.697300, best_overall=0.697300, mean_diversity=0.158641,
indivs=8656593, elapsed_secs=16617, mean=0.575896, stdev=0.127614, best fit=0.697300, best_overall=0.697300, mean_diversity=0.120534,
indivs=8666616, elapsed_secs=16637, mean=0.492649, stdev=0.076739, best fit=0.697300, best_overall=0.697300, mean_diversity=0.075237,
indivs=8676738, elapsed_secs=16657, mean=0.558103, stdev=0.092753, best fit=0.697300, best_overall=0.697300, mean_diversity=0.227955,
indivs=8686758, elapsed_secs=16677, mean=0.503125, stdev=0.156903, best fit=0.697300, best_overall=0.697300, mean_diversity=0.161103,
indivs=8696760, elapsed_secs=16695, mean=0.507921, stdev=0.093146, best fit=0.697300, best_overall=0.697300, mean_diversity=0.349333,
indivs=8706770, elapsed_secs=16713, mean=0.522595, stdev=0.179461, best fit=0.697300, best_overall=0.697300, mean_diversity=0.203785,
indivs=8716878, elapsed_secs=16731, mean=0.517592, stdev=0.128213, best fit=0.697300, best_overall=0.697300, mean_diversity=0.378846,
indivs=8726932, elapsed_secs=16750, mean=0.590413, stdev=0.127465, best fit=0.697300, best_overall=0.697300, mean_diversity=0.117589,
indivs=8737011, elapsed_secs=16766, mean=0.490619, stdev=0.122734, best fit=0.697300, best_overall=0.697300, mean_diversity=0.424174,
indivs=8747113, elapsed_secs=16786, mean=0.544872, stdev=0.152614, best fit=0.697300, best_overall=0.697300, mean_diversity=0.210067,
indivs=8757243, elapsed_secs=16808, mean=0.516462, stdev=0.176473, best fit=0.697300, best_overall=0.697300, mean_diversity=0.161346,
indivs=8767321, elapsed_secs=16829, mean=0.496973, stdev=0.053667, best fit=0.697300, best_overall=0.697300, mean_diversity=0.123235,
indivs=8777412, elapsed_secs=16849, mean=0.480987, stdev=0.047325, best fit=0.697300, best_overall=0.697300, mean_diversity=0.162451,
indivs=8787437, elapsed_secs=16869, mean=0.558726, stdev=0.086149, best fit=0.697300, best_overall=0.697300, mean_diversity=0.215212,
indivs=8797536, elapsed_secs=16885, mean=0.566426, stdev=0.116061, best fit=0.697300, best_overall=0.697300, mean_diversity=0.164306,
indivs=8807569, elapsed_secs=16904, mean=0.560731, stdev=0.117407, best fit=0.697300, best_overall=0.697300, mean_diversity=0.519195,
indivs=8817643, elapsed_secs=16924, mean=0.510312, stdev=0.064493, best fit=0.697300, best_overall=0.697300, mean_diversity=0.311768,
indivs=8827699, elapsed_secs=16945, mean=0.518409, stdev=0.102591, best fit=0.697300, best_overall=0.697300, mean_diversity=0.311453,
indivs=8837769, elapsed_secs=16962, mean=0.503808, stdev=0.142575, best fit=0.697300, best_overall=0.697300, mean_diversity=0.230504,
indivs=8847811, elapsed_secs=16981, mean=0.472395, stdev=0.157007, best fit=0.697300, best_overall=0.697300, mean_diversity=0.192541,
indivs=8857931, elapsed_secs=17001, mean=0.537903, stdev=0.180980, best fit=0.697300, best_overall=0.697300, mean_diversity=0.239316,
indivs=8867959, elapsed_secs=17018, mean=0.573750, stdev=0.165535, best fit=0.697300, best_overall=0.697300, mean_diversity=0.141161,
indivs=8878000, elapsed_secs=17036, mean=0.511196, stdev=0.096662, best fit=0.697300, best_overall=0.697300, mean_diversity=0.246768,
indivs=8888049, elapsed_secs=17054, mean=0.551336, stdev=0.183054, best fit=0.697300, best_overall=0.697300, mean_diversity=0.074790,
indivs=8898185, elapsed_secs=17075, mean=0.560297, stdev=0.099378, best fit=0.697300, best_overall=0.697300, mean_diversity=0.222537,
indivs=8908306, elapsed_secs=17092, mean=0.620581, stdev=0.091103, best fit=0.697300, best_overall=0.697300, mean_diversity=0.166996,
indivs=8918407, elapsed_secs=17114, mean=0.575056, stdev=0.114849, best fit=0.697300, best_overall=0.697300, mean_diversity=0.144511,
indivs=8928536, elapsed_secs=17134, mean=0.543797, stdev=0.160216, best fit=0.697300, best_overall=0.697300, mean_diversity=0.343416,
indivs=8938659, elapsed_secs=17150, mean=0.529539, stdev=0.155167, best fit=0.697300, best_overall=0.697300, mean_diversity=0.150759,
indivs=8948727, elapsed_secs=17172, mean=0.561345, stdev=0.125019, best fit=0.697300, best_overall=0.697300, mean_diversity=0.305721,
indivs=8958790, elapsed_secs=17192, mean=0.534991, stdev=0.108268, best fit=0.697300, best_overall=0.697300, mean_diversity=0.354434,
indivs=8968850, elapsed_secs=17211, mean=0.507212, stdev=0.031962, best fit=0.697300, best_overall=0.697300, mean_diversity=0.099344,
indivs=8978930, elapsed_secs=17227, mean=0.504907, stdev=0.105738, best fit=0.697300, best_overall=0.697300, mean_diversity=0.251585,
indivs=8989055, elapsed_secs=17246, mean=0.543157, stdev=0.156886, best fit=0.697300, best_overall=0.697300, mean_diversity=0.159853,
indivs=8999158, elapsed_secs=17265, mean=0.591209, stdev=0.100686, best fit=0.697300, best_overall=0.697300, mean_diversity=0.411429,
indivs=9009194, elapsed_secs=17287, mean=0.527287, stdev=0.169271, best fit=0.697300, best_overall=0.697300, mean_diversity=0.337087,
indivs=9019195, elapsed_secs=17306, mean=0.583351, stdev=0.087682, best fit=0.697300, best_overall=0.697300, mean_diversity=0.135000,
indivs=9029266, elapsed_secs=17327, mean=0.479335, stdev=0.170025, best fit=0.697300, best_overall=0.697300, mean_diversity=0.062514,
indivs=9039427, elapsed_secs=17345, mean=0.572004, stdev=0.163792, best fit=0.697300, best_overall=0.697300, mean_diversity=0.051917,
indivs=9049541, elapsed_secs=17362, mean=0.551104, stdev=0.116260, best fit=0.697300, best_overall=0.697300, mean_diversity=0.137588,
indivs=9059581, elapsed_secs=17379, mean=0.527621, stdev=0.126617, best fit=0.697300, best_overall=0.697300, mean_diversity=0.368558,
indivs=9069648, elapsed_secs=17396, mean=0.554540, stdev=0.145780, best fit=0.697300, best_overall=0.697300, mean_diversity=0.091031,
indivs=9079746, elapsed_secs=17413, mean=0.543562, stdev=0.138678, best fit=0.697300, best_overall=0.697300, mean_diversity=0.179095,
indivs=9089753, elapsed_secs=17429, mean=0.494584, stdev=0.080834, best fit=0.697300, best_overall=0.697300, mean_diversity=0.105196,
indivs=9099809, elapsed_secs=17448, mean=0.604998, stdev=0.117158, best fit=0.697300, best_overall=0.697300, mean_diversity=0.043294,
indivs=9109837, elapsed_secs=17465, mean=0.497993, stdev=0.112548, best fit=0.697300, best_overall=0.697300, mean_diversity=0.252617,
indivs=9119983, elapsed_secs=17481, mean=0.579962, stdev=0.080305, best fit=0.697300, best_overall=0.697300, mean_diversity=0.272177,
indivs=9130000, elapsed_secs=17498, mean=0.527963, stdev=0.174469, best fit=0.697300, best_overall=0.697300, mean_diversity=0.189677,
indivs=9140063, elapsed_secs=17515, mean=0.525514, stdev=0.115741, best fit=0.697300, best_overall=0.697300, mean_diversity=0.359276,
indivs=9150114, elapsed_secs=17534, mean=0.524295, stdev=0.125729, best fit=0.697300, best_overall=0.697300, mean_diversity=0.280847,
indivs=9160114, elapsed_secs=17551, mean=0.512903, stdev=0.119557, best fit=0.697300, best_overall=0.697300, mean_diversity=0.319564,
indivs=9170139, elapsed_secs=17571, mean=0.548317, stdev=0.147003, best fit=0.697300, best_overall=0.697300, mean_diversity=0.068481,
indivs=9180188, elapsed_secs=17592, mean=0.516375, stdev=0.106669, best fit=0.697300, best_overall=0.697300, mean_diversity=0.354037,
indivs=9190223, elapsed_secs=17613, mean=0.483269, stdev=0.118007, best fit=0.697300, best_overall=0.697300, mean_diversity=0.220243,
indivs=9200326, elapsed_secs=17631, mean=0.528751, stdev=0.144037, best fit=0.697300, best_overall=0.697300, mean_diversity=0.076867,
indivs=9210412, elapsed_secs=17650, mean=0.500793, stdev=0.024615, best fit=0.697300, best_overall=0.697300, mean_diversity=0.111307,
indivs=9220434, elapsed_secs=17669, mean=0.501786, stdev=0.033303, best fit=0.697300, best_overall=0.697300, mean_diversity=0.076215,
indivs=9230502, elapsed_secs=17688, mean=0.494927, stdev=0.087860, best fit=0.697300, best_overall=0.697300, mean_diversity=0.208762,
indivs=9240554, elapsed_secs=17709, mean=0.597898, stdev=0.087583, best fit=0.697300, best_overall=0.697300, mean_diversity=0.195850,
indivs=9250571, elapsed_secs=17734, mean=0.544547, stdev=0.092425, best fit=0.697300, best_overall=0.697300, mean_diversity=0.159692,
indivs=9260638, elapsed_secs=17753, mean=0.502608, stdev=0.019911, best fit=0.697300, best_overall=0.697300, mean_diversity=0.076242,
indivs=9270692, elapsed_secs=17772, mean=0.546893, stdev=0.155623, best fit=0.697300, best_overall=0.697300, mean_diversity=0.223100,
indivs=9280696, elapsed_secs=17794, mean=0.501961, stdev=0.171433, best fit=0.697300, best_overall=0.697300, mean_diversity=0.125327,
indivs=9290733, elapsed_secs=17813, mean=0.496973, stdev=0.053667, best fit=0.697300, best_overall=0.697300, mean_diversity=0.061134,
indivs=9300836, elapsed_secs=17833, mean=0.537492, stdev=0.193524, best fit=0.697300, best_overall=0.697300, mean_diversity=0.096304,
indivs=9310951, elapsed_secs=17848, mean=0.492943, stdev=0.137231, best fit=0.697300, best_overall=0.697300, mean_diversity=0.339606,
indivs=9321010, elapsed_secs=17868, mean=0.497088, stdev=0.026337, best fit=0.697300, best_overall=0.697300, mean_diversity=0.091005,
indivs=9331048, elapsed_secs=17883, mean=0.508943, stdev=0.071015, best fit=0.697300, best_overall=0.697300, mean_diversity=0.371449,
indivs=9341153, elapsed_secs=17905, mean=0.470227, stdev=0.148123, best fit=0.697300, best_overall=0.697300, mean_diversity=0.316255,
indivs=9351175, elapsed_secs=17922, mean=0.554209, stdev=0.134825, best fit=0.697300, best_overall=0.697300, mean_diversity=0.122296,
indivs=9361257, elapsed_secs=17943, mean=0.504753, stdev=0.193922, best fit=0.697300, best_overall=0.697300, mean_diversity=0.294939,
indivs=9371303, elapsed_secs=17961, mean=0.512435, stdev=0.152746, best fit=0.697300, best_overall=0.697300, mean_diversity=0.118144,
indivs=9381431, elapsed_secs=17983, mean=0.514913, stdev=0.090339, best fit=0.697300, best_overall=0.697300, mean_diversity=0.165307,
indivs=9391479, elapsed_secs=18003, mean=0.546330, stdev=0.184138, best fit=0.697300, best_overall=0.697300, mean_diversity=0.151090,
indivs=9401628, elapsed_secs=18022, mean=0.574348, stdev=0.141146, best fit=0.697300, best_overall=0.697300, mean_diversity=0.216038,
indivs=9411663, elapsed_secs=18041, mean=0.508660, stdev=0.067871, best fit=0.697300, best_overall=0.697300, mean_diversity=0.320613,
indivs=9421701, elapsed_secs=18059, mean=0.520313, stdev=0.142526, best fit=0.697300, best_overall=0.697300, mean_diversity=0.295021,
indivs=9431837, elapsed_secs=18076, mean=0.544301, stdev=0.135583, best fit=0.697300, best_overall=0.697300, mean_diversity=0.144450,
indivs=9441888, elapsed_secs=18096, mean=0.496980, stdev=0.095975, best fit=0.697300, best_overall=0.697300, mean_diversity=0.246373,
indivs=9451954, elapsed_secs=18113, mean=0.547211, stdev=0.070046, best fit=0.697300, best_overall=0.697300, mean_diversity=0.275300,
indivs=9461975, elapsed_secs=18131, mean=0.510263, stdev=0.041372, best fit=0.697300, best_overall=0.697300, mean_diversity=0.114726,
indivs=9472039, elapsed_secs=18149, mean=0.568389, stdev=0.148939, best fit=0.697300, best_overall=0.697300, mean_diversity=0.166171,
indivs=9482064, elapsed_secs=18169, mean=0.509025, stdev=0.129691, best fit=0.697300, best_overall=0.697300, mean_diversity=0.423804,
indivs=9492119, elapsed_secs=18187, mean=0.538512, stdev=0.155745, best fit=0.697300, best_overall=0.697300, mean_diversity=0.121988,
indivs=9502264, elapsed_secs=18209, mean=0.583613, stdev=0.154182, best fit=0.697300, best_overall=0.697300, mean_diversity=0.110556,
indivs=9512274, elapsed_secs=18226, mean=0.514729, stdev=0.098697, best fit=0.697300, best_overall=0.697300, mean_diversity=0.256842,
indivs=9522338, elapsed_secs=18249, mean=0.613058, stdev=0.113006, best fit=0.697300, best_overall=0.697300, mean_diversity=0.057754,
indivs=9532381, elapsed_secs=18270, mean=0.511833, stdev=0.094839, best fit=0.697300, best_overall=0.697300, mean_diversity=0.290258,
indivs=9542443, elapsed_secs=18289, mean=0.525789, stdev=0.094647, best fit=0.697300, best_overall=0.697300, mean_diversity=0.230552,
indivs=9552459, elapsed_secs=18307, mean=0.527281, stdev=0.173399, best fit=0.697300, best_overall=0.697300, mean_diversity=0.202087,
indivs=9562522, elapsed_secs=18328, mean=0.515795, stdev=0.117833, best fit=0.697300, best_overall=0.697300, mean_diversity=0.184648,
indivs=9572605, elapsed_secs=18349, mean=0.479634, stdev=0.093326, best fit=0.697300, best_overall=0.697300, mean_diversity=0.111787,
indivs=9582661, elapsed_secs=18368, mean=0.541192, stdev=0.149080, best fit=0.697300, best_overall=0.697300, mean_diversity=0.079983,
indivs=9592751, elapsed_secs=18386, mean=0.550723, stdev=0.169640, best fit=0.697300, best_overall=0.697300, mean_diversity=0.179391,
indivs=9602822, elapsed_secs=18405, mean=0.508733, stdev=0.072976, best fit=0.697300, best_overall=0.697300, mean_diversity=0.110384,
indivs=9612848, elapsed_secs=18425, mean=0.568260, stdev=0.163320, best fit=0.697300, best_overall=0.697300, mean_diversity=0.173574,
indivs=9622974, elapsed_secs=18445, mean=0.549555, stdev=0.075635, best fit=0.697300, best_overall=0.697300, mean_diversity=0.299630,
indivs=9633006, elapsed_secs=18463, mean=0.472654, stdev=0.094307, best fit=0.697300, best_overall=0.697300, mean_diversity=0.256708,
indivs=9643050, elapsed_secs=18484, mean=0.538550, stdev=0.185483, best fit=0.697300, best_overall=0.697300, mean_diversity=0.207016,
indivs=9653121, elapsed_secs=18502, mean=0.504195, stdev=0.155783, best fit=0.697300, best_overall=0.697300, mean_diversity=0.386919,
indivs=9663152, elapsed_secs=18521, mean=0.507183, stdev=0.169236, best fit=0.697300, best_overall=0.697300, mean_diversity=0.259910,
indivs=9673214, elapsed_secs=18540, mean=0.519739, stdev=0.145430, best fit=0.697300, best_overall=0.697300, mean_diversity=0.309717,
indivs=9683312, elapsed_secs=18560, mean=0.510189, stdev=0.114831, best fit=0.697300, best_overall=0.697300, mean_diversity=0.245829,
indivs=9693401, elapsed_secs=18579, mean=0.484680, stdev=0.103045, best fit=0.697300, best_overall=0.697300, mean_diversity=0.194865,
indivs=9703415, elapsed_secs=18598, mean=0.560971, stdev=0.134768, best fit=0.697300, best_overall=0.697300, mean_diversity=0.118579,
indivs=9713419, elapsed_secs=18615, mean=0.541021, stdev=0.134024, best fit=0.697300, best_overall=0.697300, mean_diversity=0.329574,
indivs=9723445, elapsed_secs=18636, mean=0.516209, stdev=0.050408, best fit=0.697300, best_overall=0.697300, mean_diversity=0.178314,
indivs=9733537, elapsed_secs=18657, mean=0.519766, stdev=0.053170, best fit=0.697300, best_overall=0.697300, mean_diversity=0.129190,
indivs=9743681, elapsed_secs=18677, mean=0.568735, stdev=0.095942, best fit=0.697300, best_overall=0.697300, mean_diversity=0.202902,
indivs=9753800, elapsed_secs=18695, mean=0.565442, stdev=0.094193, best fit=0.697300, best_overall=0.697300, mean_diversity=0.188511,
indivs=9763882, elapsed_secs=18716, mean=0.529197, stdev=0.073326, best fit=0.697300, best_overall=0.697300, mean_diversity=0.323392,
indivs=9774004, elapsed_secs=18738, mean=0.545555, stdev=0.141458, best fit=0.697300, best_overall=0.697300, mean_diversity=0.176982,
indivs=9784046, elapsed_secs=18761, mean=0.520006, stdev=0.111787, best fit=0.697300, best_overall=0.697300, mean_diversity=0.288750,
indivs=9794076, elapsed_secs=18783, mean=0.527529, stdev=0.123380, best fit=0.697300, best_overall=0.697300, mean_diversity=0.349412,
indivs=9804102, elapsed_secs=18802, mean=0.469068, stdev=0.132588, best fit=0.697300, best_overall=0.697300, mean_diversity=0.057973,
indivs=9814119, elapsed_secs=18820, mean=0.516706, stdev=0.070234, best fit=0.697300, best_overall=0.697300, mean_diversity=0.233571,
indivs=9824198, elapsed_secs=18838, mean=0.544380, stdev=0.136207, best fit=0.697300, best_overall=0.697300, mean_diversity=0.335202,
indivs=9834277, elapsed_secs=18857, mean=0.520017, stdev=0.197925, best fit=0.697300, best_overall=0.697300, mean_diversity=0.057755,
indivs=9844400, elapsed_secs=18877, mean=0.521992, stdev=0.230964, best fit=0.697300, best_overall=0.697300, mean_diversity=0.143100,
indivs=9854469, elapsed_secs=18893, mean=0.544614, stdev=0.123345, best fit=0.697300, best_overall=0.697300, mean_diversity=0.312261,
indivs=9864490, elapsed_secs=18912, mean=0.496548, stdev=0.045188, best fit=0.697300, best_overall=0.697300, mean_diversity=0.292638,
indivs=9874572, elapsed_secs=18929, mean=0.570951, stdev=0.116365, best fit=0.697300, best_overall=0.697300, mean_diversity=0.258497,
indivs=9884629, elapsed_secs=18950, mean=0.475187, stdev=0.105730, best fit=0.697300, best_overall=0.697300, mean_diversity=0.158416,
indivs=9894635, elapsed_secs=18967, mean=0.534299, stdev=0.053496, best fit=0.697300, best_overall=0.697300, mean_diversity=0.244801,
indivs=9904712, elapsed_secs=18988, mean=0.523022, stdev=0.177341, best fit=0.697300, best_overall=0.697300, mean_diversity=0.146059,
indivs=9914859, elapsed_secs=19004, mean=0.612747, stdev=0.129040, best fit=0.697300, best_overall=0.697300, mean_diversity=0.156517,
indivs=9924919, elapsed_secs=19019, mean=0.556317, stdev=0.127704, best fit=0.697300, best_overall=0.697300, mean_diversity=0.053631,
indivs=9934932, elapsed_secs=19034, mean=0.485548, stdev=0.088080, best fit=0.697300, best_overall=0.697300, mean_diversity=0.172071,
indivs=9945067, elapsed_secs=19054, mean=0.478899, stdev=0.214733, best fit=0.697300, best_overall=0.697300, mean_diversity=0.272874,
indivs=9955115, elapsed_secs=19077, mean=0.519885, stdev=0.096776, best fit=0.697300, best_overall=0.697300, mean_diversity=0.182252,
indivs=9965123, elapsed_secs=19095, mean=0.582101, stdev=0.144785, best fit=0.697300, best_overall=0.697300, mean_diversity=0.220598,
indivs=9975198, elapsed_secs=19113, mean=0.463740, stdev=0.090035, best fit=0.697300, best_overall=0.697300, mean_diversity=0.152205,
indivs=9985280, elapsed_secs=19132, mean=0.537142, stdev=0.195964, best fit=0.697300, best_overall=0.697300, mean_diversity=0.093228,
indivs=9995311, elapsed_secs=19149, mean=0.572662, stdev=0.157049, best fit=0.697300, best_overall=0.697300, mean_diversity=0.212332,
indivs=10005339, elapsed_secs=19169, mean=0.556523, stdev=0.115860, best fit=0.697300, best_overall=0.697300, mean_diversity=0.189879,
indivs=10015440, elapsed_secs=19191, mean=0.518061, stdev=0.107048, best fit=0.697300, best_overall=0.697300, mean_diversity=0.272263,
indivs=10025444, elapsed_secs=19209, mean=0.571534, stdev=0.153454, best fit=0.697300, best_overall=0.697300, mean_diversity=0.217481,
indivs=10035602, elapsed_secs=19228, mean=0.584482, stdev=0.088193, best fit=0.697300, best_overall=0.697300, mean_diversity=0.170026,
indivs=10045676, elapsed_secs=19247, mean=0.502070, stdev=0.025146, best fit=0.697300, best_overall=0.697300, mean_diversity=0.168950,
indivs=10055809, elapsed_secs=19266, mean=0.502183, stdev=0.174692, best fit=0.697300, best_overall=0.697300, mean_diversity=0.166919,
indivs=10065879, elapsed_secs=19286, mean=0.543455, stdev=0.217085, best fit=0.697300, best_overall=0.697300, mean_diversity=0.080890,
indivs=10075940, elapsed_secs=19302, mean=0.493504, stdev=0.075056, best fit=0.697300, best_overall=0.697300, mean_diversity=0.124149,
indivs=10085984, elapsed_secs=19320, mean=0.528721, stdev=0.193689, best fit=0.697300, best_overall=0.697300, mean_diversity=0.318782,
indivs=10096052, elapsed_secs=19339, mean=0.509450, stdev=0.107394, best fit=0.697300, best_overall=0.697300, mean_diversity=0.289442,
indivs=10106080, elapsed_secs=19359, mean=0.520599, stdev=0.097481, best fit=0.697300, best_overall=0.697300, mean_diversity=0.245935,
indivs=10116119, elapsed_secs=19379, mean=0.509347, stdev=0.107297, best fit=0.697300, best_overall=0.697300, mean_diversity=0.214734,
indivs=10126126, elapsed_secs=19399, mean=0.565908, stdev=0.076701, best fit=0.697300, best_overall=0.697300, mean_diversity=0.194924,
indivs=10136258, elapsed_secs=19421, mean=0.531602, stdev=0.194541, best fit=0.697300, best_overall=0.697300, mean_diversity=0.133986,
indivs=10146412, elapsed_secs=19440, mean=0.575745, stdev=0.081309, best fit=0.697300, best_overall=0.697300, mean_diversity=0.164789,
indivs=10156511, elapsed_secs=19455, mean=0.530579, stdev=0.162686, best fit=0.697300, best_overall=0.697300, mean_diversity=0.092127,
indivs=10166540, elapsed_secs=19475, mean=0.546221, stdev=0.112745, best fit=0.697300, best_overall=0.697300, mean_diversity=0.259819,
indivs=10176622, elapsed_secs=19493, mean=0.584712, stdev=0.149571, best fit=0.697300, best_overall=0.697300, mean_diversity=0.050561,
indivs=10186670, elapsed_secs=19516, mean=0.493831, stdev=0.075508, best fit=0.697300, best_overall=0.697300, mean_diversity=0.253489,
indivs=10196697, elapsed_secs=19538, mean=0.518690, stdev=0.079207, best fit=0.697300, best_overall=0.697300, mean_diversity=0.319941,
indivs=10206793, elapsed_secs=19559, mean=0.499184, stdev=0.081903, best fit=0.697300, best_overall=0.697300, mean_diversity=0.206675,
indivs=10216887, elapsed_secs=19577, mean=0.511405, stdev=0.138458, best fit=0.697300, best_overall=0.697300, mean_diversity=0.311163,
indivs=10226996, elapsed_secs=19599, mean=0.524147, stdev=0.116181, best fit=0.697300, best_overall=0.697300, mean_diversity=0.164507,
indivs=10237111, elapsed_secs=19616, mean=0.469552, stdev=0.182188, best fit=0.697300, best_overall=0.697300, mean_diversity=0.132532,
indivs=10247227, elapsed_secs=19634, mean=0.598931, stdev=0.100822, best fit=0.697300, best_overall=0.697300, mean_diversity=0.139326,
indivs=10257399, elapsed_secs=19656, mean=0.570343, stdev=0.143758, best fit=0.697300, best_overall=0.697300, mean_diversity=0.077703,
indivs=10267467, elapsed_secs=19676, mean=0.497745, stdev=0.082048, best fit=0.697300, best_overall=0.697300, mean_diversity=0.277348,
indivs=10277477, elapsed_secs=19692, mean=0.575847, stdev=0.154186, best fit=0.697300, best_overall=0.697300, mean_diversity=0.087692,
indivs=10287485, elapsed_secs=19711, mean=0.527492, stdev=0.130103, best fit=0.697300, best_overall=0.697300, mean_diversity=0.311793,
indivs=10297519, elapsed_secs=19733, mean=0.558267, stdev=0.170286, best fit=0.697300, best_overall=0.697300, mean_diversity=0.197574,
indivs=10307602, elapsed_secs=19753, mean=0.499667, stdev=0.083251, best fit=0.697300, best_overall=0.697300, mean_diversity=0.151340,
indivs=10317648, elapsed_secs=19772, mean=0.558774, stdev=0.133563, best fit=0.697300, best_overall=0.697300, mean_diversity=0.146331,
indivs=10327791, elapsed_secs=19792, mean=0.589745, stdev=0.176869, best fit=0.697300, best_overall=0.697300, mean_diversity=0.052993,
indivs=10337791, elapsed_secs=19811, mean=0.487533, stdev=0.101779, best fit=0.697300, best_overall=0.697300, mean_diversity=0.240702,
indivs=10347868, elapsed_secs=19827, mean=0.486973, stdev=0.087861, best fit=0.697300, best_overall=0.697300, mean_diversity=0.213723,
indivs=10357933, elapsed_secs=19846, mean=0.510555, stdev=0.093022, best fit=0.697300, best_overall=0.697300, mean_diversity=0.425313,
indivs=10367954, elapsed_secs=19869, mean=0.480487, stdev=0.162496, best fit=0.697300, best_overall=0.697300, mean_diversity=0.067306,
indivs=10378058, elapsed_secs=19888, mean=0.527084, stdev=0.083129, best fit=0.697300, best_overall=0.697300, mean_diversity=0.244556,
indivs=10388152, elapsed_secs=19910, mean=0.559211, stdev=0.219910, best fit=0.697300, best_overall=0.697300, mean_diversity=0.080743,
indivs=10398228, elapsed_secs=19929, mean=0.526134, stdev=0.085766, best fit=0.697300, best_overall=0.697300, mean_diversity=0.294312,
indivs=10408254, elapsed_secs=19948, mean=0.562898, stdev=0.118889, best fit=0.697300, best_overall=0.697300, mean_diversity=0.327358,
indivs=10418303, elapsed_secs=19968, mean=0.480622, stdev=0.148107, best fit=0.697300, best_overall=0.697300, mean_diversity=0.256414,
indivs=10428346, elapsed_secs=19989, mean=0.556241, stdev=0.116402, best fit=0.697300, best_overall=0.697300, mean_diversity=0.286794,
indivs=10438369, elapsed_secs=20008, mean=0.509827, stdev=0.194668, best fit=0.697300, best_overall=0.697300, mean_diversity=0.210439,
indivs=10448441, elapsed_secs=20025, mean=0.512801, stdev=0.195408, best fit=0.697300, best_overall=0.697300, mean_diversity=0.158301,
indivs=10458521, elapsed_secs=20047, mean=0.500101, stdev=0.021752, best fit=0.697300, best_overall=0.697300, mean_diversity=0.176038,
indivs=10468617, elapsed_secs=20071, mean=0.502323, stdev=0.020135, best fit=0.697300, best_overall=0.697300, mean_diversity=0.207743,
indivs=10478766, elapsed_secs=20095, mean=0.595374, stdev=0.164078, best fit=0.697300, best_overall=0.697300, mean_diversity=0.118803,
indivs=10488856, elapsed_secs=20115, mean=0.549999, stdev=0.093273, best fit=0.697300, best_overall=0.697300, mean_diversity=0.343056,
indivs=10498861, elapsed_secs=20133, mean=0.554769, stdev=0.117607, best fit=0.697300, best_overall=0.697300, mean_diversity=0.308364,
indivs=10508976, elapsed_secs=20154, mean=0.571256, stdev=0.178847, best fit=0.697300, best_overall=0.697300, mean_diversity=0.081333,
indivs=10519053, elapsed_secs=20172, mean=0.491602, stdev=0.122324, best fit=0.697300, best_overall=0.697300, mean_diversity=0.194460,
indivs=10529060, elapsed_secs=20192, mean=0.544590, stdev=0.137419, best fit=0.697300, best_overall=0.697300, mean_diversity=0.313962,
indivs=10539107, elapsed_secs=20211, mean=0.530504, stdev=0.120873, best fit=0.697300, best_overall=0.697300, mean_diversity=0.262372,
indivs=10549242, elapsed_secs=20231, mean=0.620011, stdev=0.077386, best fit=0.697300, best_overall=0.697300, mean_diversity=0.086474,
indivs=10559297, elapsed_secs=20254, mean=0.498461, stdev=0.122689, best fit=0.697300, best_overall=0.697300, mean_diversity=0.340643,
indivs=10569427, elapsed_secs=20275, mean=0.547337, stdev=0.124401, best fit=0.697300, best_overall=0.697300, mean_diversity=0.246457,
indivs=10579442, elapsed_secs=20294, mean=0.518217, stdev=0.123480, best fit=0.697300, best_overall=0.697300, mean_diversity=0.251447,
indivs=10589463, elapsed_secs=20313, mean=0.503452, stdev=0.104746, best fit=0.697300, best_overall=0.697300, mean_diversity=0.217398,
indivs=10599466, elapsed_secs=20333, mean=0.552675, stdev=0.095192, best fit=0.697300, best_overall=0.697300, mean_diversity=0.258443,
indivs=10609489, elapsed_secs=20350, mean=0.566564, stdev=0.156409, best fit=0.697300, best_overall=0.697300, mean_diversity=0.062677,
indivs=10619580, elapsed_secs=20371, mean=0.510383, stdev=0.038935, best fit=0.697300, best_overall=0.697300, mean_diversity=0.276693,
indivs=10629663, elapsed_secs=20392, mean=0.569164, stdev=0.133643, best fit=0.697300, best_overall=0.697300, mean_diversity=0.162119,
indivs=10639669, elapsed_secs=20412, mean=0.595682, stdev=0.079336, best fit=0.697300, best_overall=0.697300, mean_diversity=0.163290,
indivs=10649768, elapsed_secs=20432, mean=0.565283, stdev=0.082419, best fit=0.697300, best_overall=0.697300, mean_diversity=0.187000,
indivs=10659812, elapsed_secs=20447, mean=0.548308, stdev=0.173691, best fit=0.697300, best_overall=0.697300, mean_diversity=0.113074,
indivs=10669908, elapsed_secs=20463, mean=0.516949, stdev=0.072282, best fit=0.697300, best_overall=0.697300, mean_diversity=0.124331,
indivs=10679934, elapsed_secs=20482, mean=0.489278, stdev=0.237319, best fit=0.697300, best_overall=0.697300, mean_diversity=0.148088,
indivs=10690016, elapsed_secs=20501, mean=0.499034, stdev=0.085906, best fit=0.697300, best_overall=0.697300, mean_diversity=0.243949,
indivs=10700046, elapsed_secs=20522, mean=0.528891, stdev=0.174310, best fit=0.697300, best_overall=0.697300, mean_diversity=0.191122,
indivs=10710131, elapsed_secs=20545, mean=0.466937, stdev=0.148023, best fit=0.697300, best_overall=0.697300, mean_diversity=0.295513,
indivs=10720166, elapsed_secs=20564, mean=0.540409, stdev=0.169498, best fit=0.697300, best_overall=0.697300, mean_diversity=0.142225,
indivs=10730267, elapsed_secs=20582, mean=0.526693, stdev=0.057625, best fit=0.697300, best_overall=0.697300, mean_diversity=0.305292,
indivs=10740401, elapsed_secs=20602, mean=0.568684, stdev=0.107283, best fit=0.697300, best_overall=0.697300, mean_diversity=0.120052,
indivs=10750447, elapsed_secs=20621, mean=0.515245, stdev=0.169155, best fit=0.697300, best_overall=0.697300, mean_diversity=0.186074,
indivs=10760464, elapsed_secs=20640, mean=0.517115, stdev=0.124953, best fit=0.697300, best_overall=0.697300, mean_diversity=0.065000,
indivs=10770590, elapsed_secs=20659, mean=0.538607, stdev=0.163121, best fit=0.697300, best_overall=0.697300, mean_diversity=0.079908,
indivs=10780690, elapsed_secs=20678, mean=0.533889, stdev=0.224172, best fit=0.697300, best_overall=0.697300, mean_diversity=0.070964,
indivs=10790773, elapsed_secs=20695, mean=0.519882, stdev=0.190097, best fit=0.697300, best_overall=0.697300, mean_diversity=0.203312,
indivs=10800773, elapsed_secs=20716, mean=0.548275, stdev=0.153669, best fit=0.697300, best_overall=0.697300, mean_diversity=0.197956,
indivs=10810830, elapsed_secs=20736, mean=0.513678, stdev=0.046896, best fit=0.697300, best_overall=0.697300, mean_diversity=0.204218,
indivs=10820853, elapsed_secs=20757, mean=0.517048, stdev=0.129182, best fit=0.697300, best_overall=0.697300, mean_diversity=0.076835,
indivs=10830917, elapsed_secs=20776, mean=0.520211, stdev=0.140422, best fit=0.697300, best_overall=0.697300, mean_diversity=0.174448,
indivs=10840973, elapsed_secs=20793, mean=0.520014, stdev=0.115263, best fit=0.697300, best_overall=0.697300, mean_diversity=0.317276,
indivs=10851081, elapsed_secs=20812, mean=0.539855, stdev=0.147448, best fit=0.697300, best_overall=0.697300, mean_diversity=0.069247,
indivs=10861154, elapsed_secs=20831, mean=0.571346, stdev=0.160756, best fit=0.697300, best_overall=0.697300, mean_diversity=0.280520,
indivs=10871266, elapsed_secs=20850, mean=0.563106, stdev=0.157234, best fit=0.697300, best_overall=0.697300, mean_diversity=0.307969,
indivs=10881305, elapsed_secs=20868, mean=0.542906, stdev=0.106121, best fit=0.697300, best_overall=0.697300, mean_diversity=0.230917,
indivs=10891414, elapsed_secs=20887, mean=0.508367, stdev=0.132471, best fit=0.697300, best_overall=0.697300, mean_diversity=0.396283,
indivs=10901509, elapsed_secs=20907, mean=0.502480, stdev=0.085380, best fit=0.697300, best_overall=0.697300, mean_diversity=0.291479,
indivs=10911511, elapsed_secs=20927, mean=0.529116, stdev=0.173328, best fit=0.697300, best_overall=0.697300, mean_diversity=0.188319,
indivs=10921576, elapsed_secs=20946, mean=0.495271, stdev=0.133199, best fit=0.697300, best_overall=0.697300, mean_diversity=0.445682,
indivs=10931695, elapsed_secs=20965, mean=0.513821, stdev=0.087350, best fit=0.697300, best_overall=0.697300, mean_diversity=0.209927,
indivs=10941756, elapsed_secs=20986, mean=0.525220, stdev=0.086797, best fit=0.697300, best_overall=0.697300, mean_diversity=0.160772,
indivs=10951838, elapsed_secs=21003, mean=0.584810, stdev=0.115444, best fit=0.697300, best_overall=0.697300, mean_diversity=0.151268,
indivs=10961886, elapsed_secs=21019, mean=0.590594, stdev=0.110967, best fit=0.697300, best_overall=0.697300, mean_diversity=0.175629,
indivs=10971926, elapsed_secs=21038, mean=0.578921, stdev=0.183480, best fit=0.697300, best_overall=0.697300, mean_diversity=0.208798,
indivs=10982018, elapsed_secs=21056, mean=0.495433, stdev=0.075354, best fit=0.697300, best_overall=0.697300, mean_diversity=0.115757,
indivs=10992092, elapsed_secs=21073, mean=0.492901, stdev=0.077573, best fit=0.697300, best_overall=0.697300, mean_diversity=0.233884,
indivs=11002170, elapsed_secs=21091, mean=0.508515, stdev=0.068499, best fit=0.697300, best_overall=0.697300, mean_diversity=0.269975,
indivs=11012189, elapsed_secs=21107, mean=0.546472, stdev=0.079593, best fit=0.697300, best_overall=0.697300, mean_diversity=0.227147,
indivs=11022287, elapsed_secs=21125, mean=0.511273, stdev=0.132677, best fit=0.697300, best_overall=0.697300, mean_diversity=0.168963,
indivs=11032343, elapsed_secs=21145, mean=0.517620, stdev=0.113156, best fit=0.697300, best_overall=0.697300, mean_diversity=0.156727,
indivs=11042430, elapsed_secs=21166, mean=0.492031, stdev=0.154011, best fit=0.697300, best_overall=0.697300, mean_diversity=0.222929,
indivs=11052519, elapsed_secs=21184, mean=0.485932, stdev=0.209076, best fit=0.697300, best_overall=0.697300, mean_diversity=0.312206,
indivs=11062629, elapsed_secs=21202, mean=0.482188, stdev=0.108926, best fit=0.697300, best_overall=0.697300, mean_diversity=0.361070,
indivs=11072726, elapsed_secs=21220, mean=0.535888, stdev=0.149011, best fit=0.697300, best_overall=0.697300, mean_diversity=0.219181,
indivs=11082819, elapsed_secs=21238, mean=0.479167, stdev=0.163261, best fit=0.697300, best_overall=0.697300, mean_diversity=0.187841,
indivs=11092951, elapsed_secs=21256, mean=0.573009, stdev=0.083913, best fit=0.697300, best_overall=0.697300, mean_diversity=0.256667,
indivs=11103008, elapsed_secs=21273, mean=0.522383, stdev=0.138265, best fit=0.697300, best_overall=0.697300, mean_diversity=0.135599,
indivs=11113097, elapsed_secs=21290, mean=0.561743, stdev=0.099746, best fit=0.697300, best_overall=0.697300, mean_diversity=0.383038,
indivs=11123157, elapsed_secs=21310, mean=0.520414, stdev=0.179883, best fit=0.697300, best_overall=0.697300, mean_diversity=0.214157,
indivs=11133199, elapsed_secs=21333, mean=0.553697, stdev=0.102653, best fit=0.697300, best_overall=0.697300, mean_diversity=0.133599,
indivs=11143283, elapsed_secs=21352, mean=0.511834, stdev=0.094300, best fit=0.697300, best_overall=0.697300, mean_diversity=0.245930,
indivs=11153399, elapsed_secs=21371, mean=0.585371, stdev=0.109794, best fit=0.697300, best_overall=0.697300, mean_diversity=0.085945,
indivs=11163406, elapsed_secs=21389, mean=0.501091, stdev=0.178603, best fit=0.697300, best_overall=0.697300, mean_diversity=0.317370,
indivs=11173504, elapsed_secs=21407, mean=0.549151, stdev=0.085641, best fit=0.697300, best_overall=0.697300, mean_diversity=0.267436,
indivs=11183533, elapsed_secs=21428, mean=0.474685, stdev=0.145335, best fit=0.697300, best_overall=0.697300, mean_diversity=0.467371,
indivs=11193597, elapsed_secs=21446, mean=0.511586, stdev=0.141635, best fit=0.697300, best_overall=0.697300, mean_diversity=0.181940,
indivs=11203618, elapsed_secs=21465, mean=0.517177, stdev=0.143607, best fit=0.697300, best_overall=0.697300, mean_diversity=0.197009,
indivs=11213676, elapsed_secs=21483, mean=0.490738, stdev=0.157198, best fit=0.697300, best_overall=0.697300, mean_diversity=0.329541,
indivs=11223740, elapsed_secs=21504, mean=0.534753, stdev=0.184283, best fit=0.697300, best_overall=0.697300, mean_diversity=0.166691,
indivs=11233768, elapsed_secs=21522, mean=0.539959, stdev=0.094055, best fit=0.697300, best_overall=0.697300, mean_diversity=0.153470,
indivs=11243864, elapsed_secs=21541, mean=0.534234, stdev=0.106276, best fit=0.697300, best_overall=0.697300, mean_diversity=0.235494,
indivs=11253910, elapsed_secs=21558, mean=0.541779, stdev=0.170232, best fit=0.697300, best_overall=0.697300, mean_diversity=0.359724,
indivs=11263993, elapsed_secs=21579, mean=0.574409, stdev=0.113021, best fit=0.697300, best_overall=0.697300, mean_diversity=0.156803,
indivs=11274010, elapsed_secs=21597, mean=0.539077, stdev=0.138381, best fit=0.697300, best_overall=0.697300, mean_diversity=0.229188,
indivs=11284032, elapsed_secs=21613, mean=0.528394, stdev=0.165225, best fit=0.697300, best_overall=0.697300, mean_diversity=0.066478,
indivs=11294064, elapsed_secs=21630, mean=0.490486, stdev=0.091043, best fit=0.697300, best_overall=0.697300, mean_diversity=0.143603,
indivs=11304175, elapsed_secs=21647, mean=0.544011, stdev=0.103557, best fit=0.697300, best_overall=0.697300, mean_diversity=0.307282,
indivs=11314262, elapsed_secs=21666, mean=0.476408, stdev=0.100570, best fit=0.697300, best_overall=0.697300, mean_diversity=0.232674,
indivs=11324403, elapsed_secs=21685, mean=0.543115, stdev=0.139967, best fit=0.697300, best_overall=0.697300, mean_diversity=0.181534,
indivs=11334564, elapsed_secs=21706, mean=0.577552, stdev=0.160100, best fit=0.697300, best_overall=0.697300, mean_diversity=0.126341,
indivs=11344689, elapsed_secs=21728, mean=0.523131, stdev=0.113557, best fit=0.697300, best_overall=0.697300, mean_diversity=0.327954,
indivs=11354727, elapsed_secs=21747, mean=0.486977, stdev=0.087862, best fit=0.697300, best_overall=0.697300, mean_diversity=0.089215,
indivs=11364811, elapsed_secs=21765, mean=0.503164, stdev=0.022364, best fit=0.697300, best_overall=0.697300, mean_diversity=0.108000,
indivs=11374894, elapsed_secs=21784, mean=0.492466, stdev=0.104005, best fit=0.697300, best_overall=0.697300, mean_diversity=0.252940,
indivs=11384979, elapsed_secs=21802, mean=0.526978, stdev=0.095962, best fit=0.697300, best_overall=0.697300, mean_diversity=0.109704,
indivs=11395043, elapsed_secs=21821, mean=0.534338, stdev=0.119362, best fit=0.697300, best_overall=0.697300, mean_diversity=0.281435,
indivs=11405068, elapsed_secs=21844, mean=0.534066, stdev=0.100146, best fit=0.697300, best_overall=0.697300, mean_diversity=0.134416,
indivs=11415108, elapsed_secs=21862, mean=0.529455, stdev=0.106008, best fit=0.697300, best_overall=0.697300, mean_diversity=0.263499,
indivs=11425186, elapsed_secs=21878, mean=0.599559, stdev=0.123569, best fit=0.697300, best_overall=0.697300, mean_diversity=0.122861,
indivs=11435306, elapsed_secs=21898, mean=0.508479, stdev=0.214135, best fit=0.697300, best_overall=0.697300, mean_diversity=0.267371,
indivs=11445375, elapsed_secs=21913, mean=0.499726, stdev=0.048181, best fit=0.697300, best_overall=0.697300, mean_diversity=0.131294,
indivs=11455436, elapsed_secs=21931, mean=0.566018, stdev=0.182940, best fit=0.697300, best_overall=0.697300, mean_diversity=0.144747,
indivs=11465500, elapsed_secs=21950, mean=0.537229, stdev=0.058761, best fit=0.697300, best_overall=0.697300, mean_diversity=0.166652,
indivs=11475603, elapsed_secs=21968, mean=0.552920, stdev=0.173409, best fit=0.697300, best_overall=0.697300, mean_diversity=0.277069,
indivs=11485656, elapsed_secs=21986, mean=0.609983, stdev=0.131215, best fit=0.697300, best_overall=0.697300, mean_diversity=0.129639,
indivs=11495671, elapsed_secs=22002, mean=0.560566, stdev=0.170516, best fit=0.697300, best_overall=0.697300, mean_diversity=0.075675,
indivs=11505771, elapsed_secs=22022, mean=0.486462, stdev=0.062665, best fit=0.697300, best_overall=0.697300, mean_diversity=0.275446,
indivs=11515840, elapsed_secs=22039, mean=0.541396, stdev=0.112003, best fit=0.697300, best_overall=0.697300, mean_diversity=0.109014,
indivs=11525880, elapsed_secs=22055, mean=0.501973, stdev=0.019631, best fit=0.697300, best_overall=0.697300, mean_diversity=0.047867,
indivs=11535940, elapsed_secs=22074, mean=0.509728, stdev=0.064816, best fit=0.697300, best_overall=0.697300, mean_diversity=0.260554,
indivs=11545943, elapsed_secs=22091, mean=0.515608, stdev=0.205040, best fit=0.697300, best_overall=0.697300, mean_diversity=0.114174,
indivs=11556079, elapsed_secs=22112, mean=0.543665, stdev=0.176258, best fit=0.697300, best_overall=0.697300, mean_diversity=0.065171,
indivs=11566109, elapsed_secs=22130, mean=0.526664, stdev=0.137601, best fit=0.697300, best_overall=0.697300, mean_diversity=0.143231,
indivs=11576171, elapsed_secs=22148, mean=0.494414, stdev=0.090665, best fit=0.697300, best_overall=0.697300, mean_diversity=0.150000,
indivs=11586229, elapsed_secs=22167, mean=0.530091, stdev=0.110024, best fit=0.697300, best_overall=0.697300, mean_diversity=0.197846,
indivs=11596286, elapsed_secs=22186, mean=0.553095, stdev=0.098617, best fit=0.697300, best_overall=0.697300, mean_diversity=0.313661,
indivs=11606315, elapsed_secs=22207, mean=0.523291, stdev=0.161242, best fit=0.697300, best_overall=0.697300, mean_diversity=0.176969,
indivs=11616330, elapsed_secs=22228, mean=0.587078, stdev=0.135622, best fit=0.697300, best_overall=0.697300, mean_diversity=0.152311,
indivs=11626483, elapsed_secs=22250, mean=0.577463, stdev=0.143950, best fit=0.697300, best_overall=0.697300, mean_diversity=0.135749,
indivs=11636562, elapsed_secs=22267, mean=0.591196, stdev=0.081833, best fit=0.697300, best_overall=0.697300, mean_diversity=0.081074,
indivs=11646575, elapsed_secs=22286, mean=0.479028, stdev=0.078947, best fit=0.697300, best_overall=0.697300, mean_diversity=0.222161,
indivs=11656692, elapsed_secs=22307, mean=0.525550, stdev=0.154824, best fit=0.697300, best_overall=0.697300, mean_diversity=0.087829,
indivs=11666822, elapsed_secs=22326, mean=0.533813, stdev=0.219350, best fit=0.697300, best_overall=0.697300, mean_diversity=0.110394,
indivs=11676893, elapsed_secs=22345, mean=0.509869, stdev=0.209238, best fit=0.697300, best_overall=0.697300, mean_diversity=0.262238,
indivs=11686961, elapsed_secs=22362, mean=0.491470, stdev=0.075646, best fit=0.697300, best_overall=0.697300, mean_diversity=0.168905,
indivs=11697020, elapsed_secs=22380, mean=0.517819, stdev=0.082912, best fit=0.697300, best_overall=0.697300, mean_diversity=0.260532,
indivs=11707109, elapsed_secs=22398, mean=0.528964, stdev=0.082302, best fit=0.697300, best_overall=0.697300, mean_diversity=0.220184,
indivs=11717132, elapsed_secs=22416, mean=0.510871, stdev=0.070483, best fit=0.697300, best_overall=0.697300, mean_diversity=0.262982,
indivs=11727243, elapsed_secs=22436, mean=0.577442, stdev=0.160090, best fit=0.697300, best_overall=0.697300, mean_diversity=0.118645,
indivs=11737267, elapsed_secs=22456, mean=0.538902, stdev=0.094859, best fit=0.697300, best_overall=0.697300, mean_diversity=0.313190,
indivs=11747318, elapsed_secs=22474, mean=0.524797, stdev=0.057802, best fit=0.697300, best_overall=0.697300, mean_diversity=0.222604,
indivs=11757375, elapsed_secs=22490, mean=0.556739, stdev=0.195022, best fit=0.697300, best_overall=0.697300, mean_diversity=0.063078,
indivs=11767415, elapsed_secs=22507, mean=0.504100, stdev=0.061517, best fit=0.697300, best_overall=0.697300, mean_diversity=0.120528,
indivs=11777578, elapsed_secs=22525, mean=0.533375, stdev=0.228037, best fit=0.697300, best_overall=0.697300, mean_diversity=0.083312,
indivs=11787622, elapsed_secs=22546, mean=0.550242, stdev=0.170973, best fit=0.697300, best_overall=0.697300, mean_diversity=0.150177,
indivs=11797694, elapsed_secs=22564, mean=0.560214, stdev=0.188091, best fit=0.697300, best_overall=0.697300, mean_diversity=0.105311,
indivs=11807715, elapsed_secs=22582, mean=0.513436, stdev=0.042392, best fit=0.697300, best_overall=0.697300, mean_diversity=0.154541,
indivs=11817795, elapsed_secs=22601, mean=0.528999, stdev=0.120535, best fit=0.697300, best_overall=0.697300, mean_diversity=0.252877,
indivs=11827874, elapsed_secs=22620, mean=0.540218, stdev=0.137565, best fit=0.697300, best_overall=0.697300, mean_diversity=0.225185,
indivs=11838012, elapsed_secs=22640, mean=0.552835, stdev=0.135292, best fit=0.697300, best_overall=0.697300, mean_diversity=0.228465,
indivs=11848121, elapsed_secs=22660, mean=0.521197, stdev=0.102371, best fit=0.697300, best_overall=0.697300, mean_diversity=0.243904,
indivs=11858178, elapsed_secs=22679, mean=0.526516, stdev=0.099385, best fit=0.697300, best_overall=0.697300, mean_diversity=0.244267,
indivs=11868301, elapsed_secs=22700, mean=0.559497, stdev=0.159957, best fit=0.697300, best_overall=0.697300, mean_diversity=0.095186,
indivs=11878457, elapsed_secs=22722, mean=0.606903, stdev=0.141597, best fit=0.697300, best_overall=0.697300, mean_diversity=0.344504,
indivs=11888511, elapsed_secs=22743, mean=0.560566, stdev=0.104722, best fit=0.697300, best_overall=0.697300, mean_diversity=0.251400,
indivs=11898579, elapsed_secs=22761, mean=0.550230, stdev=0.084751, best fit=0.697300, best_overall=0.697300, mean_diversity=0.208577,
indivs=11908641, elapsed_secs=22776, mean=0.508717, stdev=0.038083, best fit=0.697300, best_overall=0.697300, mean_diversity=0.137055,
indivs=11918656, elapsed_secs=22795, mean=0.501381, stdev=0.080782, best fit=0.697300, best_overall=0.697300, mean_diversity=0.244883,
indivs=11928671, elapsed_secs=22814, mean=0.599519, stdev=0.114989, best fit=0.697300, best_overall=0.697300, mean_diversity=0.074485,
indivs=11938744, elapsed_secs=22834, mean=0.537210, stdev=0.104686, best fit=0.697300, best_overall=0.697300, mean_diversity=0.243786,
indivs=11948823, elapsed_secs=22854, mean=0.555089, stdev=0.135197, best fit=0.697300, best_overall=0.697300, mean_diversity=0.140248,
indivs=11958964, elapsed_secs=22875, mean=0.497219, stdev=0.251147, best fit=0.697300, best_overall=0.697300, mean_diversity=0.111397,
indivs=11968972, elapsed_secs=22891, mean=0.538472, stdev=0.119449, best fit=0.697300, best_overall=0.697300, mean_diversity=0.174147,
indivs=11979113, elapsed_secs=22915, mean=0.590651, stdev=0.086021, best fit=0.697300, best_overall=0.697300, mean_diversity=0.134615,
indivs=11989165, elapsed_secs=22932, mean=0.551905, stdev=0.114091, best fit=0.697300, best_overall=0.697300, mean_diversity=0.073170,
indivs=11999226, elapsed_secs=22953, mean=0.494741, stdev=0.097073, best fit=0.697300, best_overall=0.697300, mean_diversity=0.243082,
indivs=12009235, elapsed_secs=22970, mean=0.480578, stdev=0.101435, best fit=0.697300, best_overall=0.697300, mean_diversity=0.207188,
indivs=12019376, elapsed_secs=22988, mean=0.562062, stdev=0.160058, best fit=0.697300, best_overall=0.697300, mean_diversity=0.100890,
indivs=12029434, elapsed_secs=23011, mean=0.509316, stdev=0.033845, best fit=0.697300, best_overall=0.697300, mean_diversity=0.165354,
indivs=12039453, elapsed_secs=23031, mean=0.521258, stdev=0.061460, best fit=0.697300, best_overall=0.697300, mean_diversity=0.173921,
indivs=12049516, elapsed_secs=23047, mean=0.572838, stdev=0.107330, best fit=0.697300, best_overall=0.697300, mean_diversity=0.187458,
indivs=12059553, elapsed_secs=23065, mean=0.526871, stdev=0.105373, best fit=0.697300, best_overall=0.697300, mean_diversity=0.409177,
indivs=12069626, elapsed_secs=23086, mean=0.485532, stdev=0.088903, best fit=0.697300, best_overall=0.697300, mean_diversity=0.198776,
indivs=12079636, elapsed_secs=23105, mean=0.571771, stdev=0.073702, best fit=0.697300, best_overall=0.697300, mean_diversity=0.284249,
indivs=12089739, elapsed_secs=23126, mean=0.499930, stdev=0.140606, best fit=0.697300, best_overall=0.697300, mean_diversity=0.282063,
indivs=12099797, elapsed_secs=23143, mean=0.534885, stdev=0.197648, best fit=0.697300, best_overall=0.697300, mean_diversity=0.071627,
indivs=12109824, elapsed_secs=23160, mean=0.564764, stdev=0.140903, best fit=0.697300, best_overall=0.697300, mean_diversity=0.197786,
indivs=12119890, elapsed_secs=23179, mean=0.546039, stdev=0.146617, best fit=0.697300, best_overall=0.697300, mean_diversity=0.132810,
indivs=12129937, elapsed_secs=23196, mean=0.538328, stdev=0.115841, best fit=0.697300, best_overall=0.697300, mean_diversity=0.260577,
indivs=12139966, elapsed_secs=23216, mean=0.496973, stdev=0.053667, best fit=0.697300, best_overall=0.697300, mean_diversity=0.103268,
indivs=12150026, elapsed_secs=23237, mean=0.517060, stdev=0.118786, best fit=0.697300, best_overall=0.697300, mean_diversity=0.356946,
indivs=12160182, elapsed_secs=23256, mean=0.572289, stdev=0.135160, best fit=0.697300, best_overall=0.697300, mean_diversity=0.066641,
indivs=12170269, elapsed_secs=23273, mean=0.565226, stdev=0.119652, best fit=0.697300, best_overall=0.697300, mean_diversity=0.201620,
indivs=12180328, elapsed_secs=23292, mean=0.493356, stdev=0.129447, best fit=0.697300, best_overall=0.697300, mean_diversity=0.146033,
indivs=12190353, elapsed_secs=23310, mean=0.498752, stdev=0.056605, best fit=0.697300, best_overall=0.697300, mean_diversity=0.097640,
indivs=12200364, elapsed_secs=23331, mean=0.574779, stdev=0.164338, best fit=0.697300, best_overall=0.697300, mean_diversity=0.212134,
indivs=12210417, elapsed_secs=23352, mean=0.528877, stdev=0.134588, best fit=0.697300, best_overall=0.697300, mean_diversity=0.276347,
indivs=12220478, elapsed_secs=23371, mean=0.486647, stdev=0.087970, best fit=0.697300, best_overall=0.697300, mean_diversity=0.120092,
indivs=12230509, elapsed_secs=23391, mean=0.515718, stdev=0.077824, best fit=0.697300, best_overall=0.697300, mean_diversity=0.249654,
indivs=12240563, elapsed_secs=23409, mean=0.555830, stdev=0.114644, best fit=0.697300, best_overall=0.697300, mean_diversity=0.345279,
indivs=12250601, elapsed_secs=23431, mean=0.582058, stdev=0.155145, best fit=0.697300, best_overall=0.697300, mean_diversity=0.102413,
indivs=12260657, elapsed_secs=23450, mean=0.588831, stdev=0.139941, best fit=0.697300, best_overall=0.697300, mean_diversity=0.105864,
indivs=12270741, elapsed_secs=23467, mean=0.572544, stdev=0.102363, best fit=0.697300, best_overall=0.697300, mean_diversity=0.110767,
indivs=12280897, elapsed_secs=23486, mean=0.579784, stdev=0.131819, best fit=0.697300, best_overall=0.697300, mean_diversity=0.139701,
indivs=12290988, elapsed_secs=23504, mean=0.504928, stdev=0.065847, best fit=0.697300, best_overall=0.697300, mean_diversity=0.220563,
indivs=12301045, elapsed_secs=23522, mean=0.542314, stdev=0.169235, best fit=0.697300, best_overall=0.697300, mean_diversity=0.087133,
indivs=12311089, elapsed_secs=23540, mean=0.499543, stdev=0.208043, best fit=0.697300, best_overall=0.697300, mean_diversity=0.295943,
indivs=12321117, elapsed_secs=23558, mean=0.522768, stdev=0.106046, best fit=0.697300, best_overall=0.697300, mean_diversity=0.377828,
indivs=12331197, elapsed_secs=23575, mean=0.511824, stdev=0.106108, best fit=0.697300, best_overall=0.697300, mean_diversity=0.262256,
indivs=12341295, elapsed_secs=23591, mean=0.515628, stdev=0.073362, best fit=0.697300, best_overall=0.697300, mean_diversity=0.208775,
indivs=12351342, elapsed_secs=23610, mean=0.528369, stdev=0.181320, best fit=0.697300, best_overall=0.697300, mean_diversity=0.179952,
indivs=12361458, elapsed_secs=23630, mean=0.564880, stdev=0.095688, best fit=0.697300, best_overall=0.697300, mean_diversity=0.199202,
indivs=12371550, elapsed_secs=23647, mean=0.478872, stdev=0.060112, best fit=0.697300, best_overall=0.697300, mean_diversity=0.155070,
indivs=12381579, elapsed_secs=23667, mean=0.507211, stdev=0.036441, best fit=0.697300, best_overall=0.697300, mean_diversity=0.101681,
indivs=12391668, elapsed_secs=23688, mean=0.551360, stdev=0.149379, best fit=0.697300, best_overall=0.697300, mean_diversity=0.155028,
indivs=12401735, elapsed_secs=23709, mean=0.542999, stdev=0.110036, best fit=0.697300, best_overall=0.697300, mean_diversity=0.258772,
indivs=12411888, elapsed_secs=23726, mean=0.584139, stdev=0.132160, best fit=0.697300, best_overall=0.697300, mean_diversity=0.139905,
indivs=12421958, elapsed_secs=23743, mean=0.611008, stdev=0.133092, best fit=0.697300, best_overall=0.697300, mean_diversity=0.091144,
indivs=12432109, elapsed_secs=23759, mean=0.535302, stdev=0.199626, best fit=0.697300, best_overall=0.697300, mean_diversity=0.102800,
indivs=12442190, elapsed_secs=23779, mean=0.572342, stdev=0.096929, best fit=0.697300, best_overall=0.697300, mean_diversity=0.188564,
indivs=12452258, elapsed_secs=23800, mean=0.506840, stdev=0.116455, best fit=0.697300, best_overall=0.697300, mean_diversity=0.310896,
indivs=12462281, elapsed_secs=23820, mean=0.521171, stdev=0.125236, best fit=0.697300, best_overall=0.697300, mean_diversity=0.239239,
indivs=12472400, elapsed_secs=23839, mean=0.549757, stdev=0.181032, best fit=0.697300, best_overall=0.697300, mean_diversity=0.155741,
indivs=12482437, elapsed_secs=23856, mean=0.549761, stdev=0.061486, best fit=0.697300, best_overall=0.697300, mean_diversity=0.259041,
indivs=12492530, elapsed_secs=23873, mean=0.534126, stdev=0.128097, best fit=0.697300, best_overall=0.697300, mean_diversity=0.310306,
indivs=12502670, elapsed_secs=23897, mean=0.572380, stdev=0.154523, best fit=0.697300, best_overall=0.697300, mean_diversity=0.147394,
indivs=12512670, elapsed_secs=23911, mean=0.527727, stdev=0.137128, best fit=0.697300, best_overall=0.697300, mean_diversity=0.146960,
indivs=12522739, elapsed_secs=23929, mean=0.522921, stdev=0.110354, best fit=0.697300, best_overall=0.697300, mean_diversity=0.235149,
indivs=12532841, elapsed_secs=23947, mean=0.554811, stdev=0.084069, best fit=0.697300, best_overall=0.697300, mean_diversity=0.040092,
indivs=12542898, elapsed_secs=23967, mean=0.533567, stdev=0.194381, best fit=0.697300, best_overall=0.697300, mean_diversity=0.150152,
indivs=12552974, elapsed_secs=23986, mean=0.522061, stdev=0.079593, best fit=0.697300, best_overall=0.697300, mean_diversity=0.427354,
indivs=12562975, elapsed_secs=24007, mean=0.517423, stdev=0.141717, best fit=0.697300, best_overall=0.697300, mean_diversity=0.255442,
indivs=12573047, elapsed_secs=24027, mean=0.541398, stdev=0.121988, best fit=0.697300, best_overall=0.697300, mean_diversity=0.244218,
indivs=12583173, elapsed_secs=24044, mean=0.557248, stdev=0.115068, best fit=0.697300, best_overall=0.697300, mean_diversity=0.156107,
indivs=12593239, elapsed_secs=24064, mean=0.547879, stdev=0.178821, best fit=0.697300, best_overall=0.697300, mean_diversity=0.063849,
indivs=12603330, elapsed_secs=24081, mean=0.543210, stdev=0.120855, best fit=0.697300, best_overall=0.697300, mean_diversity=0.234278,
indivs=12613367, elapsed_secs=24101, mean=0.519984, stdev=0.145567, best fit=0.697300, best_overall=0.697300, mean_diversity=0.271995,
indivs=12623418, elapsed_secs=24121, mean=0.520281, stdev=0.112460, best fit=0.697300, best_overall=0.697300, mean_diversity=0.171174,
indivs=12633474, elapsed_secs=24140, mean=0.542264, stdev=0.154831, best fit=0.697300, best_overall=0.697300, mean_diversity=0.206620,
indivs=12643489, elapsed_secs=24160, mean=0.518695, stdev=0.113953, best fit=0.697300, best_overall=0.697300, mean_diversity=0.298294,
indivs=12653569, elapsed_secs=24181, mean=0.503102, stdev=0.026102, best fit=0.697300, best_overall=0.697300, mean_diversity=0.081346,
indivs=12663691, elapsed_secs=24199, mean=0.530345, stdev=0.133365, best fit=0.697300, best_overall=0.697300, mean_diversity=0.186631,
indivs=12673691, elapsed_secs=24219, mean=0.496156, stdev=0.088585, best fit=0.697300, best_overall=0.697300, mean_diversity=0.172659,
indivs=12683816, elapsed_secs=24239, mean=0.558250, stdev=0.116643, best fit=0.697300, best_overall=0.697300, mean_diversity=0.091339,
indivs=12693927, elapsed_secs=24259, mean=0.523392, stdev=0.102815, best fit=0.697300, best_overall=0.697300, mean_diversity=0.299407,
indivs=12704009, elapsed_secs=24278, mean=0.533004, stdev=0.178612, best fit=0.697300, best_overall=0.697300, mean_diversity=0.217733,
indivs=12714056, elapsed_secs=24297, mean=0.505328, stdev=0.105966, best fit=0.697300, best_overall=0.697300, mean_diversity=0.190435,
indivs=12724104, elapsed_secs=24318, mean=0.522433, stdev=0.081725, best fit=0.697300, best_overall=0.697300, mean_diversity=0.402877,
indivs=12734178, elapsed_secs=24335, mean=0.570255, stdev=0.137542, best fit=0.697300, best_overall=0.697300, mean_diversity=0.229143,
indivs=12744252, elapsed_secs=24351, mean=0.503663, stdev=0.025719, best fit=0.697300, best_overall=0.697300, mean_diversity=0.085464,
indivs=12754387, elapsed_secs=24376, mean=0.552674, stdev=0.132035, best fit=0.697300, best_overall=0.697300, mean_diversity=0.184152,
indivs=12764451, elapsed_secs=24395, mean=0.526318, stdev=0.087007, best fit=0.697300, best_overall=0.697300, mean_diversity=0.474231,
indivs=12774461, elapsed_secs=24411, mean=0.523390, stdev=0.137072, best fit=0.697300, best_overall=0.697300, mean_diversity=0.230186,
indivs=12784527, elapsed_secs=24431, mean=0.518057, stdev=0.052696, best fit=0.697300, best_overall=0.697300, mean_diversity=0.181177,
indivs=12794587, elapsed_secs=24452, mean=0.537630, stdev=0.190093, best fit=0.697300, best_overall=0.697300, mean_diversity=0.168339,
indivs=12804605, elapsed_secs=24469, mean=0.507197, stdev=0.115870, best fit=0.697300, best_overall=0.697300, mean_diversity=0.178291,
indivs=12814622, elapsed_secs=24488, mean=0.546910, stdev=0.142230, best fit=0.697300, best_overall=0.697300, mean_diversity=0.282061,
indivs=12824710, elapsed_secs=24509, mean=0.473842, stdev=0.134324, best fit=0.697300, best_overall=0.697300, mean_diversity=0.158821,
indivs=12834830, elapsed_secs=24530, mean=0.558242, stdev=0.187174, best fit=0.697300, best_overall=0.697300, mean_diversity=0.239781,
indivs=12844835, elapsed_secs=24548, mean=0.538667, stdev=0.103075, best fit=0.697300, best_overall=0.697300, mean_diversity=0.226643,
indivs=12854856, elapsed_secs=24564, mean=0.518962, stdev=0.080706, best fit=0.697300, best_overall=0.697300, mean_diversity=0.259335,
indivs=12864948, elapsed_secs=24584, mean=0.523843, stdev=0.093776, best fit=0.697300, best_overall=0.697300, mean_diversity=0.290905,
indivs=12875090, elapsed_secs=24602, mean=0.570733, stdev=0.126773, best fit=0.697300, best_overall=0.697300, mean_diversity=0.180890,
indivs=12885235, elapsed_secs=24625, mean=0.542428, stdev=0.148945, best fit=0.697300, best_overall=0.697300, mean_diversity=0.283966,
indivs=12895259, elapsed_secs=24642, mean=0.547932, stdev=0.120852, best fit=0.697300, best_overall=0.697300, mean_diversity=0.243032,
indivs=12905406, elapsed_secs=24661, mean=0.544090, stdev=0.167591, best fit=0.697300, best_overall=0.697300, mean_diversity=0.127921,
indivs=12915559, elapsed_secs=24681, mean=0.548203, stdev=0.143997, best fit=0.697300, best_overall=0.697300, mean_diversity=0.121670,
indivs=12925648, elapsed_secs=24701, mean=0.491118, stdev=0.094011, best fit=0.697300, best_overall=0.697300, mean_diversity=0.201220,
indivs=12935745, elapsed_secs=24718, mean=0.532014, stdev=0.120793, best fit=0.697300, best_overall=0.697300, mean_diversity=0.134010,
indivs=12945804, elapsed_secs=24739, mean=0.506184, stdev=0.121093, best fit=0.697300, best_overall=0.697300, mean_diversity=0.256585,
indivs=12955927, elapsed_secs=24758, mean=0.584833, stdev=0.103153, best fit=0.697300, best_overall=0.697300, mean_diversity=0.199286,
indivs=12965990, elapsed_secs=24777, mean=0.574545, stdev=0.124164, best fit=0.697300, best_overall=0.697300, mean_diversity=0.097821,
indivs=12976103, elapsed_secs=24799, mean=0.520290, stdev=0.081544, best fit=0.697300, best_overall=0.697300, mean_diversity=0.213522,
indivs=12986158, elapsed_secs=24820, mean=0.524791, stdev=0.144992, best fit=0.697300, best_overall=0.697300, mean_diversity=0.196809,
indivs=12996257, elapsed_secs=24837, mean=0.534066, stdev=0.104827, best fit=0.697300, best_overall=0.697300, mean_diversity=0.100902,
indivs=13006375, elapsed_secs=24859, mean=0.513178, stdev=0.154799, best fit=0.697300, best_overall=0.697300, mean_diversity=0.345340,
indivs=13016458, elapsed_secs=24880, mean=0.550042, stdev=0.137831, best fit=0.697300, best_overall=0.697300, mean_diversity=0.402103,
indivs=13026583, elapsed_secs=24895, mean=0.536014, stdev=0.122937, best fit=0.697300, best_overall=0.697300, mean_diversity=0.223215,
indivs=13036622, elapsed_secs=24912, mean=0.562040, stdev=0.146285, best fit=0.697300, best_overall=0.697300, mean_diversity=0.108303,
indivs=13046623, elapsed_secs=24931, mean=0.564257, stdev=0.095654, best fit=0.697300, best_overall=0.697300, mean_diversity=0.285174,
indivs=13056733, elapsed_secs=24952, mean=0.525746, stdev=0.059310, best fit=0.697300, best_overall=0.697300, mean_diversity=0.213832,
indivs=13066788, elapsed_secs=24969, mean=0.555620, stdev=0.172114, best fit=0.697300, best_overall=0.697300, mean_diversity=0.056494,
indivs=13076836, elapsed_secs=24993, mean=0.495539, stdev=0.058685, best fit=0.697300, best_overall=0.697300, mean_diversity=0.166230,
indivs=13086907, elapsed_secs=25013, mean=0.505626, stdev=0.115017, best fit=0.697300, best_overall=0.697300, mean_diversity=0.404640,
indivs=13096997, elapsed_secs=25030, mean=0.498885, stdev=0.057510, best fit=0.697300, best_overall=0.697300, mean_diversity=0.116406,
indivs=13107025, elapsed_secs=25045, mean=0.586103, stdev=0.157797, best fit=0.697300, best_overall=0.697300, mean_diversity=0.095403,
indivs=13117068, elapsed_secs=25062, mean=0.507517, stdev=0.074211, best fit=0.697300, best_overall=0.697300, mean_diversity=0.297049,
indivs=13127128, elapsed_secs=25078, mean=0.582291, stdev=0.121123, best fit=0.697300, best_overall=0.697300, mean_diversity=0.134102,
indivs=13137189, elapsed_secs=25100, mean=0.544393, stdev=0.129923, best fit=0.697300, best_overall=0.697300, mean_diversity=0.264193,
indivs=13147290, elapsed_secs=25120, mean=0.541982, stdev=0.136991, best fit=0.697300, best_overall=0.697300, mean_diversity=0.213333,
indivs=13157395, elapsed_secs=25140, mean=0.561583, stdev=0.135926, best fit=0.697300, best_overall=0.697300, mean_diversity=0.318542,
indivs=13167401, elapsed_secs=25162, mean=0.469720, stdev=0.195565, best fit=0.697300, best_overall=0.697300, mean_diversity=0.237204,
indivs=13177455, elapsed_secs=25181, mean=0.513428, stdev=0.078111, best fit=0.697300, best_overall=0.697300, mean_diversity=0.401918,
indivs=13187529, elapsed_secs=25201, mean=0.571238, stdev=0.131291, best fit=0.697300, best_overall=0.697300, mean_diversity=0.246775,
indivs=13197616, elapsed_secs=25219, mean=0.523292, stdev=0.147639, best fit=0.697300, best_overall=0.697300, mean_diversity=0.493967,
indivs=13207647, elapsed_secs=25237, mean=0.529613, stdev=0.118931, best fit=0.697300, best_overall=0.697300, mean_diversity=0.269903,
indivs=13217658, elapsed_secs=25257, mean=0.545592, stdev=0.190862, best fit=0.697300, best_overall=0.697300, mean_diversity=0.074414,
indivs=13227677, elapsed_secs=25274, mean=0.499647, stdev=0.056979, best fit=0.697300, best_overall=0.697300, mean_diversity=0.146820,
indivs=13237779, elapsed_secs=25292, mean=0.531270, stdev=0.119769, best fit=0.697300, best_overall=0.697300, mean_diversity=0.390486,
indivs=13247894, elapsed_secs=25313, mean=0.541547, stdev=0.121203, best fit=0.697300, best_overall=0.697300, mean_diversity=0.285000,
indivs=13257986, elapsed_secs=25332, mean=0.510511, stdev=0.047964, best fit=0.697300, best_overall=0.697300, mean_diversity=0.295575,
indivs=13268058, elapsed_secs=25355, mean=0.477375, stdev=0.167280, best fit=0.697300, best_overall=0.697300, mean_diversity=0.291026,
indivs=13278073, elapsed_secs=25373, mean=0.516085, stdev=0.122660, best fit=0.697300, best_overall=0.697300, mean_diversity=0.134079,
indivs=13288133, elapsed_secs=25392, mean=0.509238, stdev=0.074229, best fit=0.697300, best_overall=0.697300, mean_diversity=0.223945,
indivs=13298146, elapsed_secs=25412, mean=0.497780, stdev=0.050165, best fit=0.697300, best_overall=0.697300, mean_diversity=0.223541,
indivs=13308201, elapsed_secs=25431, mean=0.483973, stdev=0.053220, best fit=0.697300, best_overall=0.697300, mean_diversity=0.049386,
indivs=13318203, elapsed_secs=25451, mean=0.538283, stdev=0.115969, best fit=0.697300, best_overall=0.697300, mean_diversity=0.376465,
indivs=13328240, elapsed_secs=25470, mean=0.553464, stdev=0.119921, best fit=0.697300, best_overall=0.697300, mean_diversity=0.177177,
indivs=13338332, elapsed_secs=25489, mean=0.501113, stdev=0.070067, best fit=0.697300, best_overall=0.697300, mean_diversity=0.284531,
indivs=13348437, elapsed_secs=25508, mean=0.518339, stdev=0.116684, best fit=0.697300, best_overall=0.697300, mean_diversity=0.275930,
indivs=13358464, elapsed_secs=25525, mean=0.529736, stdev=0.190334, best fit=0.697300, best_overall=0.697300, mean_diversity=0.242852,
indivs=13368487, elapsed_secs=25543, mean=0.541802, stdev=0.171255, best fit=0.697300, best_overall=0.697300, mean_diversity=0.352525,
indivs=13378587, elapsed_secs=25563, mean=0.485220, stdev=0.103704, best fit=0.697300, best_overall=0.697300, mean_diversity=0.143909,
indivs=13388637, elapsed_secs=25583, mean=0.512567, stdev=0.107663, best fit=0.697300, best_overall=0.697300, mean_diversity=0.340000,
indivs=13398663, elapsed_secs=25602, mean=0.498379, stdev=0.096780, best fit=0.697300, best_overall=0.697300, mean_diversity=0.226829,
indivs=13408733, elapsed_secs=25622, mean=0.551665, stdev=0.077424, best fit=0.697300, best_overall=0.697300, mean_diversity=0.104698,
indivs=13418833, elapsed_secs=25642, mean=0.529428, stdev=0.207741, best fit=0.697300, best_overall=0.697300, mean_diversity=0.192822,
indivs=13428931, elapsed_secs=25662, mean=0.497561, stdev=0.122592, best fit=0.697300, best_overall=0.697300, mean_diversity=0.237510,
indivs=13438973, elapsed_secs=25683, mean=0.567455, stdev=0.174765, best fit=0.697300, best_overall=0.697300, mean_diversity=0.116066,
indivs=13448981, elapsed_secs=25705, mean=0.565839, stdev=0.131450, best fit=0.697300, best_overall=0.697300, mean_diversity=0.151335,
indivs=13459019, elapsed_secs=25724, mean=0.557441, stdev=0.141662, best fit=0.697300, best_overall=0.697300, mean_diversity=0.215459,
indivs=13469140, elapsed_secs=25744, mean=0.540554, stdev=0.092711, best fit=0.697300, best_overall=0.697300, mean_diversity=0.125825,
indivs=13479251, elapsed_secs=25767, mean=0.536209, stdev=0.095389, best fit=0.697300, best_overall=0.697300, mean_diversity=0.330105,
indivs=13489353, elapsed_secs=25785, mean=0.460164, stdev=0.157783, best fit=0.697300, best_overall=0.697300, mean_diversity=0.127930,
indivs=13499365, elapsed_secs=25804, mean=0.520263, stdev=0.099315, best fit=0.697300, best_overall=0.697300, mean_diversity=0.311417,
indivs=13509372, elapsed_secs=25823, mean=0.557437, stdev=0.093751, best fit=0.697300, best_overall=0.697300, mean_diversity=0.215137,
indivs=13519432, elapsed_secs=25842, mean=0.575398, stdev=0.138969, best fit=0.697300, best_overall=0.697300, mean_diversity=0.091363,
indivs=13529487, elapsed_secs=25859, mean=0.562462, stdev=0.133657, best fit=0.697300, best_overall=0.697300, mean_diversity=0.233120,
indivs=13539581, elapsed_secs=25874, mean=0.587910, stdev=0.091765, best fit=0.697300, best_overall=0.697300, mean_diversity=0.115025,
indivs=13549581, elapsed_secs=25893, mean=0.522273, stdev=0.098744, best fit=0.697300, best_overall=0.697300, mean_diversity=0.328049,
indivs=13559667, elapsed_secs=25912, mean=0.480998, stdev=0.105461, best fit=0.697300, best_overall=0.697300, mean_diversity=0.235441,
indivs=13569788, elapsed_secs=25933, mean=0.549654, stdev=0.153046, best fit=0.697300, best_overall=0.697300, mean_diversity=0.187019,
indivs=13579837, elapsed_secs=25951, mean=0.513284, stdev=0.093288, best fit=0.697300, best_overall=0.697300, mean_diversity=0.196204,
indivs=13589855, elapsed_secs=25972, mean=0.575204, stdev=0.126073, best fit=0.697300, best_overall=0.697300, mean_diversity=0.103958,
indivs=13599863, elapsed_secs=25991, mean=0.497388, stdev=0.079761, best fit=0.697300, best_overall=0.697300, mean_diversity=0.174723,
indivs=13609921, elapsed_secs=26009, mean=0.549737, stdev=0.101845, best fit=0.697300, best_overall=0.697300, mean_diversity=0.193835,
indivs=13619955, elapsed_secs=26028, mean=0.523473, stdev=0.097584, best fit=0.697300, best_overall=0.697300, mean_diversity=0.328632,
indivs=13630037, elapsed_secs=26044, mean=0.554550, stdev=0.108941, best fit=0.697300, best_overall=0.697300, mean_diversity=0.269818,
indivs=13640112, elapsed_secs=26064, mean=0.543958, stdev=0.074827, best fit=0.697300, best_overall=0.697300, mean_diversity=0.187886,
indivs=13650185, elapsed_secs=26081, mean=0.578726, stdev=0.097684, best fit=0.697300, best_overall=0.697300, mean_diversity=0.122164,
indivs=13660312, elapsed_secs=26102, mean=0.555064, stdev=0.163489, best fit=0.697300, best_overall=0.697300, mean_diversity=0.266906,
indivs=13670338, elapsed_secs=26121, mean=0.522816, stdev=0.047009, best fit=0.697300, best_overall=0.697300, mean_diversity=0.200236,
indivs=13680353, elapsed_secs=26138, mean=0.446692, stdev=0.184213, best fit=0.697300, best_overall=0.697300, mean_diversity=0.251278,
indivs=13690456, elapsed_secs=26158, mean=0.542707, stdev=0.092144, best fit=0.697300, best_overall=0.697300, mean_diversity=0.348502,
indivs=13700522, elapsed_secs=26182, mean=0.535064, stdev=0.158225, best fit=0.697300, best_overall=0.697300, mean_diversity=0.148686,
indivs=13710632, elapsed_secs=26202, mean=0.522784, stdev=0.114057, best fit=0.697300, best_overall=0.697300, mean_diversity=0.229143,
indivs=13720733, elapsed_secs=26222, mean=0.505089, stdev=0.142990, best fit=0.697300, best_overall=0.697300, mean_diversity=0.347211,
indivs=13730746, elapsed_secs=26242, mean=0.520054, stdev=0.193734, best fit=0.697300, best_overall=0.697300, mean_diversity=0.258625,
indivs=13740862, elapsed_secs=26264, mean=0.552834, stdev=0.114616, best fit=0.697300, best_overall=0.697300, mean_diversity=0.156356,
indivs=13750925, elapsed_secs=26285, mean=0.501973, stdev=0.019631, best fit=0.697300, best_overall=0.697300, mean_diversity=0.051111,
indivs=13760935, elapsed_secs=26302, mean=0.572802, stdev=0.118094, best fit=0.697300, best_overall=0.697300, mean_diversity=0.267309,
indivs=13771006, elapsed_secs=26320, mean=0.541389, stdev=0.125921, best fit=0.697300, best_overall=0.697300, mean_diversity=0.127048,
indivs=13781073, elapsed_secs=26339, mean=0.546186, stdev=0.139491, best fit=0.697300, best_overall=0.697300, mean_diversity=0.089125,
indivs=13791203, elapsed_secs=26359, mean=0.505506, stdev=0.134049, best fit=0.697300, best_overall=0.697300, mean_diversity=0.282178,
indivs=13801240, elapsed_secs=26377, mean=0.459996, stdev=0.180291, best fit=0.697300, best_overall=0.697300, mean_diversity=0.205040,
indivs=13811353, elapsed_secs=26396, mean=0.504508, stdev=0.252012, best fit=0.697300, best_overall=0.697300, mean_diversity=0.111182,
indivs=13821439, elapsed_secs=26415, mean=0.529849, stdev=0.150491, best fit=0.697300, best_overall=0.697300, mean_diversity=0.168719,
indivs=13831455, elapsed_secs=26434, mean=0.501970, stdev=0.061187, best fit=0.697300, best_overall=0.697300, mean_diversity=0.090294,
indivs=13841533, elapsed_secs=26451, mean=0.512392, stdev=0.081387, best fit=0.697300, best_overall=0.697300, mean_diversity=0.225727,
indivs=13851572, elapsed_secs=26472, mean=0.480735, stdev=0.093141, best fit=0.697300, best_overall=0.697300, mean_diversity=0.205203,
indivs=13861661, elapsed_secs=26491, mean=0.508316, stdev=0.034294, best fit=0.697300, best_overall=0.697300, mean_diversity=0.110570,
indivs=13871661, elapsed_secs=26509, mean=0.561823, stdev=0.114802, best fit=0.697300, best_overall=0.697300, mean_diversity=0.108575,
indivs=13881666, elapsed_secs=26532, mean=0.568637, stdev=0.132798, best fit=0.697300, best_overall=0.697300, mean_diversity=0.103378,
indivs=13891681, elapsed_secs=26553, mean=0.538905, stdev=0.133894, best fit=0.697300, best_overall=0.697300, mean_diversity=0.283432,
indivs=13901829, elapsed_secs=26574, mean=0.583034, stdev=0.162242, best fit=0.697300, best_overall=0.697300, mean_diversity=0.113237,
indivs=13911921, elapsed_secs=26596, mean=0.486563, stdev=0.114322, best fit=0.697300, best_overall=0.697300, mean_diversity=0.355956,
indivs=13922007, elapsed_secs=26616, mean=0.556272, stdev=0.090260, best fit=0.697300, best_overall=0.697300, mean_diversity=0.295515,
indivs=13932075, elapsed_secs=26635, mean=0.572734, stdev=0.175580, best fit=0.697300, best_overall=0.697300, mean_diversity=0.048124,
indivs=13942082, elapsed_secs=26658, mean=0.572714, stdev=0.187504, best fit=0.697300, best_overall=0.697300, mean_diversity=0.133744,
indivs=13952133, elapsed_secs=26679, mean=0.523775, stdev=0.154810, best fit=0.697300, best_overall=0.697300, mean_diversity=0.223620,
indivs=13962220, elapsed_secs=26701, mean=0.601715, stdev=0.116956, best fit=0.697300, best_overall=0.697300, mean_diversity=0.201481,
indivs=13972279, elapsed_secs=26723, mean=0.496576, stdev=0.082241, best fit=0.697300, best_overall=0.697300, mean_diversity=0.159413,
indivs=13982362, elapsed_secs=26740, mean=0.557662, stdev=0.132676, best fit=0.697300, best_overall=0.697300, mean_diversity=0.080821,
indivs=13992453, elapsed_secs=26759, mean=0.554004, stdev=0.126716, best fit=0.697300, best_overall=0.697300, mean_diversity=0.061180,
indivs=14002469, elapsed_secs=26779, mean=0.508934, stdev=0.103400, best fit=0.697300, best_overall=0.697300, mean_diversity=0.253182,
indivs=14012541, elapsed_secs=26798, mean=0.528916, stdev=0.196126, best fit=0.697300, best_overall=0.697300, mean_diversity=0.232076,
indivs=14022588, elapsed_secs=26817, mean=0.500635, stdev=0.083206, best fit=0.697300, best_overall=0.697300, mean_diversity=0.435535,
indivs=14032663, elapsed_secs=26838, mean=0.506636, stdev=0.133911, best fit=0.697300, best_overall=0.697300, mean_diversity=0.140245,
indivs=14042679, elapsed_secs=26859, mean=0.502225, stdev=0.019624, best fit=0.697300, best_overall=0.697300, mean_diversity=0.067386,
indivs=14052692, elapsed_secs=26877, mean=0.528649, stdev=0.083317, best fit=0.697300, best_overall=0.697300, mean_diversity=0.224153,
indivs=14062806, elapsed_secs=26900, mean=0.539189, stdev=0.201664, best fit=0.697300, best_overall=0.697300, mean_diversity=0.178799,
indivs=14072936, elapsed_secs=26920, mean=0.528321, stdev=0.138444, best fit=0.697300, best_overall=0.697300, mean_diversity=0.246223,
indivs=14083060, elapsed_secs=26938, mean=0.552696, stdev=0.115377, best fit=0.697300, best_overall=0.697300, mean_diversity=0.152685,
indivs=14093169, elapsed_secs=26960, mean=0.567589, stdev=0.194414, best fit=0.697300, best_overall=0.697300, mean_diversity=0.069430,
indivs=14103229, elapsed_secs=26982, mean=0.520530, stdev=0.171311, best fit=0.697300, best_overall=0.697300, mean_diversity=0.219106,
indivs=14113326, elapsed_secs=26998, mean=0.580238, stdev=0.117438, best fit=0.697300, best_overall=0.697300, mean_diversity=0.143282,
indivs=14123366, elapsed_secs=27017, mean=0.488080, stdev=0.073118, best fit=0.697300, best_overall=0.697300, mean_diversity=0.198568,
indivs=14133507, elapsed_secs=27036, mean=0.538293, stdev=0.147357, best fit=0.697300, best_overall=0.697300, mean_diversity=0.246520,
indivs=14143508, elapsed_secs=27056, mean=0.508799, stdev=0.117268, best fit=0.697300, best_overall=0.697300, mean_diversity=0.397610,
indivs=14153616, elapsed_secs=27076, mean=0.521207, stdev=0.087533, best fit=0.697300, best_overall=0.697300, mean_diversity=0.298149,
indivs=14163684, elapsed_secs=27094, mean=0.511339, stdev=0.044531, best fit=0.697300, best_overall=0.697300, mean_diversity=0.148393,
indivs=14173753, elapsed_secs=27112, mean=0.523224, stdev=0.081804, best fit=0.697300, best_overall=0.697300, mean_diversity=0.233366,
indivs=14183770, elapsed_secs=27134, mean=0.493907, stdev=0.122309, best fit=0.697300, best_overall=0.697300, mean_diversity=0.515275,
indivs=14193843, elapsed_secs=27150, mean=0.576814, stdev=0.121188, best fit=0.697300, best_overall=0.697300, mean_diversity=0.102304,
indivs=14203892, elapsed_secs=27169, mean=0.483198, stdev=0.072464, best fit=0.697300, best_overall=0.697300, mean_diversity=0.156142,
indivs=14213963, elapsed_secs=27190, mean=0.590970, stdev=0.138948, best fit=0.697300, best_overall=0.697300, mean_diversity=0.050333,
indivs=14223977, elapsed_secs=27208, mean=0.521719, stdev=0.123007, best fit=0.697300, best_overall=0.697300, mean_diversity=0.198403,
indivs=14234108, elapsed_secs=27225, mean=0.475744, stdev=0.214703, best fit=0.697300, best_overall=0.697300, mean_diversity=0.278402,
indivs=14244261, elapsed_secs=27242, mean=0.573314, stdev=0.204702, best fit=0.697300, best_overall=0.697300, mean_diversity=0.085673,
indivs=14254359, elapsed_secs=27261, mean=0.549821, stdev=0.101302, best fit=0.697300, best_overall=0.697300, mean_diversity=0.345619,
indivs=14264436, elapsed_secs=27279, mean=0.583645, stdev=0.146732, best fit=0.697300, best_overall=0.697300, mean_diversity=0.135349,
indivs=14274555, elapsed_secs=27297, mean=0.526852, stdev=0.136504, best fit=0.697300, best_overall=0.697300, mean_diversity=0.407971,
indivs=14284651, elapsed_secs=27315, mean=0.542570, stdev=0.122648, best fit=0.697300, best_overall=0.697300, mean_diversity=0.184020,
indivs=14294654, elapsed_secs=27334, mean=0.574264, stdev=0.102159, best fit=0.697300, best_overall=0.697300, mean_diversity=0.243606,
indivs=14304766, elapsed_secs=27354, mean=0.585154, stdev=0.148279, best fit=0.697300, best_overall=0.697300, mean_diversity=0.200708,
indivs=14314772, elapsed_secs=27373, mean=0.562456, stdev=0.179774, best fit=0.697300, best_overall=0.697300, mean_diversity=0.187379,
indivs=14324813, elapsed_secs=27394, mean=0.508955, stdev=0.033409, best fit=0.697300, best_overall=0.697300, mean_diversity=0.148303,
indivs=14334928, elapsed_secs=27414, mean=0.556722, stdev=0.182940, best fit=0.697300, best_overall=0.697300, mean_diversity=0.108303,
indivs=14345015, elapsed_secs=27435, mean=0.497116, stdev=0.053833, best fit=0.697300, best_overall=0.697300, mean_diversity=0.090565,
indivs=14355164, elapsed_secs=27453, mean=0.595890, stdev=0.122678, best fit=0.697300, best_overall=0.697300, mean_diversity=0.100688,
indivs=14365189, elapsed_secs=27473, mean=0.541809, stdev=0.105996, best fit=0.697300, best_overall=0.697300, mean_diversity=0.201909,
indivs=14375226, elapsed_secs=27491, mean=0.537423, stdev=0.205352, best fit=0.697300, best_overall=0.697300, mean_diversity=0.251451,
indivs=14385350, elapsed_secs=27512, mean=0.593263, stdev=0.145117, best fit=0.697300, best_overall=0.697300, mean_diversity=0.100273,
indivs=14395408, elapsed_secs=27529, mean=0.543156, stdev=0.083969, best fit=0.697300, best_overall=0.697300, mean_diversity=0.198696,
indivs=14405423, elapsed_secs=27549, mean=0.492766, stdev=0.142463, best fit=0.697300, best_overall=0.697300, mean_diversity=0.183008,
indivs=14415445, elapsed_secs=27568, mean=0.527711, stdev=0.060007, best fit=0.697300, best_overall=0.697300, mean_diversity=0.230894,
indivs=14425515, elapsed_secs=27588, mean=0.552021, stdev=0.063986, best fit=0.697300, best_overall=0.697300, mean_diversity=0.152670,
indivs=14435532, elapsed_secs=27605, mean=0.522300, stdev=0.093814, best fit=0.697300, best_overall=0.697300, mean_diversity=0.538017,
indivs=14445636, elapsed_secs=27625, mean=0.512489, stdev=0.052268, best fit=0.697300, best_overall=0.697300, mean_diversity=0.161612,
indivs=14455670, elapsed_secs=27643, mean=0.498662, stdev=0.056327, best fit=0.697300, best_overall=0.697300, mean_diversity=0.099820,
indivs=14465763, elapsed_secs=27659, mean=0.515471, stdev=0.049247, best fit=0.697300, best_overall=0.697300, mean_diversity=0.157891,
indivs=14475827, elapsed_secs=27679, mean=0.562965, stdev=0.072498, best fit=0.697300, best_overall=0.697300, mean_diversity=0.285836,
indivs=14485844, elapsed_secs=27698, mean=0.501810, stdev=0.060089, best fit=0.697300, best_overall=0.697300, mean_diversity=0.230138,
indivs=14495897, elapsed_secs=27717, mean=0.561485, stdev=0.120804, best fit=0.697300, best_overall=0.697300, mean_diversity=0.194543,
indivs=14505934, elapsed_secs=27737, mean=0.515860, stdev=0.127318, best fit=0.697300, best_overall=0.697300, mean_diversity=0.316848,
indivs=14516042, elapsed_secs=27752, mean=0.539486, stdev=0.116215, best fit=0.697300, best_overall=0.697300, mean_diversity=0.187684,
indivs=14526155, elapsed_secs=27774, mean=0.559299, stdev=0.122035, best fit=0.697300, best_overall=0.697300, mean_diversity=0.136971,
indivs=14536168, elapsed_secs=27795, mean=0.489977, stdev=0.091460, best fit=0.697300, best_overall=0.697300, mean_diversity=0.322488,
indivs=14546185, elapsed_secs=27817, mean=0.557966, stdev=0.208111, best fit=0.697300, best_overall=0.697300, mean_diversity=0.078646,
indivs=14556238, elapsed_secs=27835, mean=0.520402, stdev=0.104321, best fit=0.697300, best_overall=0.697300, mean_diversity=0.311954,
indivs=14566305, elapsed_secs=27856, mean=0.512791, stdev=0.157095, best fit=0.697300, best_overall=0.697300, mean_diversity=0.231864,
indivs=14576379, elapsed_secs=27876, mean=0.482325, stdev=0.062302, best fit=0.697300, best_overall=0.697300, mean_diversity=0.149812,
indivs=14586415, elapsed_secs=27894, mean=0.531893, stdev=0.054711, best fit=0.697300, best_overall=0.697300, mean_diversity=0.286118,
indivs=14596532, elapsed_secs=27912, mean=0.570019, stdev=0.165070, best fit=0.697300, best_overall=0.697300, mean_diversity=0.170832,
indivs=14606695, elapsed_secs=27932, mean=0.604219, stdev=0.081692, best fit=0.697300, best_overall=0.697300, mean_diversity=0.261728,
indivs=14616746, elapsed_secs=27951, mean=0.582381, stdev=0.118630, best fit=0.697300, best_overall=0.697300, mean_diversity=0.217261,
indivs=14626841, elapsed_secs=27969, mean=0.543051, stdev=0.060729, best fit=0.697300, best_overall=0.697300, mean_diversity=0.156320,
indivs=14636939, elapsed_secs=27990, mean=0.579315, stdev=0.159051, best fit=0.697300, best_overall=0.697300, mean_diversity=0.117656,
indivs=14647017, elapsed_secs=28010, mean=0.534630, stdev=0.155159, best fit=0.697300, best_overall=0.697300, mean_diversity=0.201175,
indivs=14657164, elapsed_secs=28030, mean=0.460503, stdev=0.241517, best fit=0.697300, best_overall=0.697300, mean_diversity=0.086507,
indivs=14667200, elapsed_secs=28048, mean=0.521011, stdev=0.147954, best fit=0.697300, best_overall=0.697300, mean_diversity=0.307009,
indivs=14677261, elapsed_secs=28068, mean=0.497719, stdev=0.133407, best fit=0.697300, best_overall=0.697300, mean_diversity=0.441222,
indivs=14687304, elapsed_secs=28087, mean=0.484393, stdev=0.091939, best fit=0.697300, best_overall=0.697300, mean_diversity=0.171015,
indivs=14697328, elapsed_secs=28107, mean=0.471662, stdev=0.129123, best fit=0.697300, best_overall=0.697300, mean_diversity=0.154725,
indivs=14707351, elapsed_secs=28126, mean=0.526194, stdev=0.155333, best fit=0.697300, best_overall=0.697300, mean_diversity=0.180643,
indivs=14717353, elapsed_secs=28147, mean=0.515747, stdev=0.073173, best fit=0.697300, best_overall=0.697300, mean_diversity=0.184909,
indivs=14727528, elapsed_secs=28167, mean=0.588303, stdev=0.161995, best fit=0.697300, best_overall=0.697300, mean_diversity=0.059897,
indivs=14737565, elapsed_secs=28188, mean=0.507371, stdev=0.086922, best fit=0.697300, best_overall=0.697300, mean_diversity=0.234552,
indivs=14747686, elapsed_secs=28208, mean=0.560885, stdev=0.098467, best fit=0.697300, best_overall=0.697300, mean_diversity=0.189412,
indivs=14757806, elapsed_secs=28227, mean=0.553117, stdev=0.151681, best fit=0.697300, best_overall=0.697300, mean_diversity=0.228829,
indivs=14767818, elapsed_secs=28248, mean=0.514701, stdev=0.135991, best fit=0.697300, best_overall=0.697300, mean_diversity=0.323293,
indivs=14777892, elapsed_secs=28269, mean=0.463246, stdev=0.158186, best fit=0.697300, best_overall=0.697300, mean_diversity=0.319351,
indivs=14787946, elapsed_secs=28287, mean=0.414970, stdev=0.206690, best fit=0.697300, best_overall=0.697300, mean_diversity=0.212016,
indivs=14797985, elapsed_secs=28308, mean=0.529943, stdev=0.148278, best fit=0.697300, best_overall=0.697300, mean_diversity=0.204793,
indivs=14808056, elapsed_secs=28329, mean=0.462565, stdev=0.163850, best fit=0.697300, best_overall=0.697300, mean_diversity=0.202306,
indivs=14818065, elapsed_secs=28347, mean=0.516314, stdev=0.190944, best fit=0.697300, best_overall=0.697300, mean_diversity=0.076189,
indivs=14828119, elapsed_secs=28365, mean=0.513433, stdev=0.113953, best fit=0.697300, best_overall=0.697300, mean_diversity=0.193264,
indivs=14838204, elapsed_secs=28382, mean=0.510523, stdev=0.086186, best fit=0.697300, best_overall=0.697300, mean_diversity=0.320894,
indivs=14848266, elapsed_secs=28397, mean=0.515649, stdev=0.146654, best fit=0.697300, best_overall=0.697300, mean_diversity=0.205487,
indivs=14858285, elapsed_secs=28416, mean=0.563829, stdev=0.163274, best fit=0.697300, best_overall=0.697300, mean_diversity=0.118163,
indivs=14868322, elapsed_secs=28435, mean=0.496843, stdev=0.111831, best fit=0.697300, best_overall=0.697300, mean_diversity=0.251546,
indivs=14878322, elapsed_secs=28454, mean=0.516041, stdev=0.045925, best fit=0.697300, best_overall=0.697300, mean_diversity=0.185400,
indivs=14888441, elapsed_secs=28474, mean=0.554541, stdev=0.138691, best fit=0.697300, best_overall=0.697300, mean_diversity=0.247565,
indivs=14898523, elapsed_secs=28493, mean=0.531057, stdev=0.109949, best fit=0.697300, best_overall=0.697300, mean_diversity=0.290826,
indivs=14908618, elapsed_secs=28514, mean=0.476955, stdev=0.126930, best fit=0.697300, best_overall=0.697300, mean_diversity=0.321284,
indivs=14918642, elapsed_secs=28529, mean=0.504258, stdev=0.021807, best fit=0.697300, best_overall=0.697300, mean_diversity=0.232383,
indivs=14928709, elapsed_secs=28546, mean=0.488181, stdev=0.187286, best fit=0.697300, best_overall=0.697300, mean_diversity=0.082789,
indivs=14938808, elapsed_secs=28568, mean=0.602415, stdev=0.108000, best fit=0.697300, best_overall=0.697300, mean_diversity=0.234559,
indivs=14948880, elapsed_secs=28591, mean=0.554878, stdev=0.187085, best fit=0.697300, best_overall=0.697300, mean_diversity=0.189853,
indivs=14958882, elapsed_secs=28608, mean=0.483161, stdev=0.116738, best fit=0.697300, best_overall=0.697300, mean_diversity=0.182511,
indivs=14968933, elapsed_secs=28628, mean=0.529790, stdev=0.108131, best fit=0.697300, best_overall=0.697300, mean_diversity=0.149177,
indivs=14979101, elapsed_secs=28647, mean=0.585624, stdev=0.151350, best fit=0.697300, best_overall=0.697300, mean_diversity=0.098187,
indivs=14989167, elapsed_secs=28668, mean=0.515612, stdev=0.077748, best fit=0.697300, best_overall=0.697300, mean_diversity=0.218662,
indivs=14999190, elapsed_secs=28684, mean=0.579199, stdev=0.116582, best fit=0.697300, best_overall=0.697300, mean_diversity=0.113131,
indivs=15009299, elapsed_secs=28708, mean=0.499381, stdev=0.076153, best fit=0.697300, best_overall=0.697300, mean_diversity=0.262945,
indivs=15019349, elapsed_secs=28728, mean=0.545821, stdev=0.146616, best fit=0.697300, best_overall=0.697300, mean_diversity=0.202799,
indivs=15029499, elapsed_secs=28751, mean=0.485374, stdev=0.155880, best fit=0.697300, best_overall=0.697300, mean_diversity=0.428902,
indivs=15039515, elapsed_secs=28771, mean=0.496851, stdev=0.097694, best fit=0.697300, best_overall=0.697300, mean_diversity=0.287230,
indivs=15049654, elapsed_secs=28791, mean=0.559058, stdev=0.189078, best fit=0.697300, best_overall=0.697300, mean_diversity=0.100215,
indivs=15059719, elapsed_secs=28808, mean=0.502984, stdev=0.113502, best fit=0.697300, best_overall=0.697300, mean_diversity=0.222714,
indivs=15069794, elapsed_secs=28828, mean=0.544432, stdev=0.080883, best fit=0.697300, best_overall=0.697300, mean_diversity=0.059865,
indivs=15079916, elapsed_secs=28847, mean=0.550582, stdev=0.157464, best fit=0.697300, best_overall=0.697300, mean_diversity=0.186030,
indivs=15089967, elapsed_secs=28864, mean=0.507294, stdev=0.041010, best fit=0.697300, best_overall=0.697300, mean_diversity=0.144047,
indivs=15100105, elapsed_secs=28882, mean=0.566278, stdev=0.175124, best fit=0.697300, best_overall=0.697300, mean_diversity=0.264613,
indivs=15110204, elapsed_secs=28900, mean=0.550620, stdev=0.190334, best fit=0.697300, best_overall=0.697300, mean_diversity=0.165972,
indivs=15120378, elapsed_secs=28920, mean=0.586491, stdev=0.151566, best fit=0.697300, best_overall=0.697300, mean_diversity=0.108996,
indivs=15130390, elapsed_secs=28939, mean=0.533308, stdev=0.100196, best fit=0.697300, best_overall=0.697300, mean_diversity=0.159843,
indivs=15140395, elapsed_secs=28954, mean=0.499627, stdev=0.058307, best fit=0.697300, best_overall=0.697300, mean_diversity=0.127216,
indivs=15150400, elapsed_secs=28972, mean=0.501956, stdev=0.031062, best fit=0.697300, best_overall=0.697300, mean_diversity=0.070080,
indivs=15160461, elapsed_secs=28992, mean=0.539993, stdev=0.123017, best fit=0.697300, best_overall=0.697300, mean_diversity=0.213079,
indivs=15170468, elapsed_secs=29012, mean=0.539170, stdev=0.148012, best fit=0.697300, best_overall=0.697300, mean_diversity=0.183095,
indivs=15180498, elapsed_secs=29029, mean=0.544268, stdev=0.151364, best fit=0.697300, best_overall=0.697300, mean_diversity=0.301756,
indivs=15190524, elapsed_secs=29050, mean=0.506010, stdev=0.034963, best fit=0.697300, best_overall=0.697300, mean_diversity=0.167274,
indivs=15200670, elapsed_secs=29067, mean=0.567403, stdev=0.130817, best fit=0.697300, best_overall=0.697300, mean_diversity=0.095825,
indivs=15210725, elapsed_secs=29085, mean=0.549151, stdev=0.190917, best fit=0.697300, best_overall=0.697300, mean_diversity=0.125101,
indivs=15220886, elapsed_secs=29103, mean=0.555784, stdev=0.143398, best fit=0.697300, best_overall=0.697300, mean_diversity=0.120358,
indivs=15231043, elapsed_secs=29124, mean=0.527411, stdev=0.192330, best fit=0.697300, best_overall=0.697300, mean_diversity=0.073083,
indivs=15241112, elapsed_secs=29142, mean=0.490135, stdev=0.076298, best fit=0.697300, best_overall=0.697300, mean_diversity=0.142835,
indivs=15251190, elapsed_secs=29160, mean=0.449771, stdev=0.116704, best fit=0.697300, best_overall=0.697300, mean_diversity=0.224286,
indivs=15261192, elapsed_secs=29181, mean=0.498255, stdev=0.031649, best fit=0.697300, best_overall=0.697300, mean_diversity=0.100289,
indivs=15271238, elapsed_secs=29199, mean=0.499527, stdev=0.130133, best fit=0.697300, best_overall=0.697300, mean_diversity=0.242296,
indivs=15281374, elapsed_secs=29219, mean=0.544088, stdev=0.088473, best fit=0.697300, best_overall=0.697300, mean_diversity=0.206066,
indivs=15291432, elapsed_secs=29242, mean=0.519591, stdev=0.155702, best fit=0.697300, best_overall=0.697300, mean_diversity=0.186690,
indivs=15301443, elapsed_secs=29264, mean=0.491701, stdev=0.033621, best fit=0.697300, best_overall=0.697300, mean_diversity=0.138989,
indivs=15311473, elapsed_secs=29281, mean=0.494654, stdev=0.161578, best fit=0.697300, best_overall=0.697300, mean_diversity=0.275723,
indivs=15321523, elapsed_secs=29300, mean=0.516818, stdev=0.166969, best fit=0.697300, best_overall=0.697300, mean_diversity=0.245348,
indivs=15331544, elapsed_secs=29320, mean=0.542827, stdev=0.087119, best fit=0.697300, best_overall=0.697300, mean_diversity=0.303440,
indivs=15341589, elapsed_secs=29336, mean=0.552115, stdev=0.089568, best fit=0.697300, best_overall=0.697300, mean_diversity=0.327806,
indivs=15351592, elapsed_secs=29358, mean=0.542695, stdev=0.214536, best fit=0.697300, best_overall=0.697300, mean_diversity=0.148637,
indivs=15361741, elapsed_secs=29378, mean=0.542555, stdev=0.199517, best fit=0.697300, best_overall=0.697300, mean_diversity=0.161260,
indivs=15371750, elapsed_secs=29400, mean=0.501797, stdev=0.041371, best fit=0.697300, best_overall=0.697300, mean_diversity=0.192174,
indivs=15381750, elapsed_secs=29418, mean=0.498357, stdev=0.090827, best fit=0.697300, best_overall=0.697300, mean_diversity=0.173201,
indivs=15391887, elapsed_secs=29437, mean=0.542597, stdev=0.131195, best fit=0.697300, best_overall=0.697300, mean_diversity=0.289601,
indivs=15401991, elapsed_secs=29454, mean=0.551380, stdev=0.144625, best fit=0.697300, best_overall=0.697300, mean_diversity=0.117651,
indivs=15412102, elapsed_secs=29474, mean=0.510970, stdev=0.090991, best fit=0.697300, best_overall=0.697300, mean_diversity=0.272242,
indivs=15422222, elapsed_secs=29493, mean=0.536427, stdev=0.157744, best fit=0.697300, best_overall=0.697300, mean_diversity=0.181877,
indivs=15432234, elapsed_secs=29512, mean=0.545855, stdev=0.076318, best fit=0.697300, best_overall=0.697300, mean_diversity=0.306823,
indivs=15442398, elapsed_secs=29530, mean=0.599603, stdev=0.125901, best fit=0.697300, best_overall=0.697300, mean_diversity=0.064478,
indivs=15452399, elapsed_secs=29550, mean=0.573627, stdev=0.128818, best fit=0.697300, best_overall=0.697300, mean_diversity=0.091350,
indivs=15462428, elapsed_secs=29570, mean=0.534893, stdev=0.129344, best fit=0.697300, best_overall=0.697300, mean_diversity=0.450860,
indivs=15472430, elapsed_secs=29588, mean=0.532048, stdev=0.118888, best fit=0.697300, best_overall=0.697300, mean_diversity=0.346654,
indivs=15482457, elapsed_secs=29603, mean=0.547485, stdev=0.109927, best fit=0.697300, best_overall=0.697300, mean_diversity=0.322161,
indivs=15492482, elapsed_secs=29620, mean=0.548112, stdev=0.149412, best fit=0.697300, best_overall=0.697300, mean_diversity=0.154920,
indivs=15502574, elapsed_secs=29637, mean=0.557917, stdev=0.128668, best fit=0.697300, best_overall=0.697300, mean_diversity=0.232139,
indivs=15512585, elapsed_secs=29654, mean=0.491467, stdev=0.073089, best fit=0.697300, best_overall=0.697300, mean_diversity=0.225506,
indivs=15522617, elapsed_secs=29673, mean=0.466145, stdev=0.226234, best fit=0.697300, best_overall=0.697300, mean_diversity=0.286832,
indivs=15532686, elapsed_secs=29689, mean=0.518989, stdev=0.093772, best fit=0.697300, best_overall=0.697300, mean_diversity=0.196931,
indivs=15542781, elapsed_secs=29709, mean=0.563735, stdev=0.125660, best fit=0.697300, best_overall=0.697300, mean_diversity=0.102246,
indivs=15552818, elapsed_secs=29729, mean=0.497685, stdev=0.053869, best fit=0.697300, best_overall=0.697300, mean_diversity=0.170577,
indivs=15562881, elapsed_secs=29746, mean=0.561998, stdev=0.101533, best fit=0.697300, best_overall=0.697300, mean_diversity=0.196400,
indivs=15572903, elapsed_secs=29764, mean=0.522655, stdev=0.136186, best fit=0.697300, best_overall=0.697300, mean_diversity=0.275143,
indivs=15583006, elapsed_secs=29783, mean=0.552125, stdev=0.137648, best fit=0.697300, best_overall=0.697300, mean_diversity=0.216822,
indivs=15593094, elapsed_secs=29801, mean=0.597088, stdev=0.161957, best fit=0.697300, best_overall=0.697300, mean_diversity=0.087266,
indivs=15603212, elapsed_secs=29824, mean=0.521510, stdev=0.178877, best fit=0.697300, best_overall=0.697300, mean_diversity=0.110969,
indivs=15613225, elapsed_secs=29842, mean=0.471012, stdev=0.132455, best fit=0.697300, best_overall=0.697300, mean_diversity=0.248176,
indivs=15623278, elapsed_secs=29859, mean=0.492809, stdev=0.097795, best fit=0.697300, best_overall=0.697300, mean_diversity=0.200355,
indivs=15633387, elapsed_secs=29879, mean=0.556729, stdev=0.146269, best fit=0.697300, best_overall=0.697300, mean_diversity=0.236701,
indivs=15643478, elapsed_secs=29900, mean=0.498593, stdev=0.080804, best fit=0.697300, best_overall=0.697300, mean_diversity=0.141086,
indivs=15653590, elapsed_secs=29921, mean=0.563340, stdev=0.139005, best fit=0.697300, best_overall=0.697300, mean_diversity=0.209049,
indivs=15663647, elapsed_secs=29944, mean=0.497861, stdev=0.098186, best fit=0.697300, best_overall=0.697300, mean_diversity=0.212432,
indivs=15673721, elapsed_secs=29964, mean=0.554791, stdev=0.115798, best fit=0.697300, best_overall=0.697300, mean_diversity=0.170090,
indivs=15683806, elapsed_secs=29984, mean=0.552514, stdev=0.147087, best fit=0.697300, best_overall=0.697300, mean_diversity=0.073913,
indivs=15693882, elapsed_secs=30006, mean=0.561702, stdev=0.069944, best fit=0.697300, best_overall=0.697300, mean_diversity=0.152356,
indivs=15703990, elapsed_secs=30025, mean=0.534551, stdev=0.066691, best fit=0.697300, best_overall=0.697300, mean_diversity=0.481233,
indivs=15714064, elapsed_secs=30046, mean=0.497600, stdev=0.149854, best fit=0.697300, best_overall=0.697300, mean_diversity=0.130635,
indivs=15724143, elapsed_secs=30065, mean=0.527820, stdev=0.088386, best fit=0.697300, best_overall=0.697300, mean_diversity=0.314048,
indivs=15734200, elapsed_secs=30085, mean=0.560696, stdev=0.215717, best fit=0.697300, best_overall=0.697300, mean_diversity=0.033427,
indivs=15744335, elapsed_secs=30103, mean=0.548109, stdev=0.152094, best fit=0.697300, best_overall=0.697300, mean_diversity=0.126107,
indivs=15754460, elapsed_secs=30127, mean=0.505914, stdev=0.035038, best fit=0.697300, best_overall=0.697300, mean_diversity=0.083990,
indivs=15764505, elapsed_secs=30147, mean=0.505636, stdev=0.036415, best fit=0.697300, best_overall=0.697300, mean_diversity=0.080112,
indivs=15774547, elapsed_secs=30164, mean=0.507319, stdev=0.106484, best fit=0.697300, best_overall=0.697300, mean_diversity=0.325500,
indivs=15784621, elapsed_secs=30186, mean=0.509709, stdev=0.178063, best fit=0.697300, best_overall=0.697300, mean_diversity=0.236456,
indivs=15794698, elapsed_secs=30204, mean=0.474717, stdev=0.038784, best fit=0.697300, best_overall=0.697300, mean_diversity=0.055864,
indivs=15804761, elapsed_secs=30224, mean=0.554959, stdev=0.091737, best fit=0.697300, best_overall=0.697300, mean_diversity=0.230493,
indivs=15814837, elapsed_secs=30244, mean=0.525204, stdev=0.130440, best fit=0.697300, best_overall=0.697300, mean_diversity=0.271431,
indivs=15824889, elapsed_secs=30264, mean=0.524350, stdev=0.143100, best fit=0.697300, best_overall=0.697300, mean_diversity=0.360114,
indivs=15834987, elapsed_secs=30283, mean=0.542197, stdev=0.091946, best fit=0.697300, best_overall=0.697300, mean_diversity=0.299180,
indivs=15845042, elapsed_secs=30303, mean=0.528423, stdev=0.172832, best fit=0.697300, best_overall=0.697300, mean_diversity=0.131049,
indivs=15855047, elapsed_secs=30322, mean=0.528554, stdev=0.066575, best fit=0.697300, best_overall=0.697300, mean_diversity=0.223933,
indivs=15865099, elapsed_secs=30342, mean=0.497027, stdev=0.158770, best fit=0.697300, best_overall=0.697300, mean_diversity=0.184369,
indivs=15875181, elapsed_secs=30360, mean=0.520496, stdev=0.100236, best fit=0.697300, best_overall=0.697300, mean_diversity=0.234057,
indivs=15885244, elapsed_secs=30379, mean=0.488131, stdev=0.176020, best fit=0.697300, best_overall=0.697300, mean_diversity=0.304430,
indivs=15895282, elapsed_secs=30396, mean=0.515024, stdev=0.158857, best fit=0.697300, best_overall=0.697300, mean_diversity=0.274535,
indivs=15905298, elapsed_secs=30417, mean=0.542915, stdev=0.159150, best fit=0.697300, best_overall=0.697300, mean_diversity=0.175686,
indivs=15915329, elapsed_secs=30433, mean=0.496973, stdev=0.053667, best fit=0.697300, best_overall=0.697300, mean_diversity=0.059459,
indivs=15925425, elapsed_secs=30450, mean=0.550680, stdev=0.151290, best fit=0.697300, best_overall=0.697300, mean_diversity=0.124729,
indivs=15935492, elapsed_secs=30470, mean=0.542499, stdev=0.156304, best fit=0.697300, best_overall=0.697300, mean_diversity=0.216729,
indivs=15945531, elapsed_secs=30487, mean=0.483142, stdev=0.163677, best fit=0.697300, best_overall=0.697300, mean_diversity=0.164601,
indivs=15955553, elapsed_secs=30507, mean=0.550434, stdev=0.076350, best fit=0.697300, best_overall=0.697300, mean_diversity=0.275840,
indivs=15965631, elapsed_secs=30528, mean=0.549627, stdev=0.112761, best fit=0.697300, best_overall=0.697300, mean_diversity=0.304604,
indivs=15975774, elapsed_secs=30549, mean=0.571134, stdev=0.129620, best fit=0.697300, best_overall=0.697300, mean_diversity=0.128108,
indivs=15985819, elapsed_secs=30570, mean=0.498482, stdev=0.116836, best fit=0.697300, best_overall=0.697300, mean_diversity=0.231505,
indivs=15995867, elapsed_secs=30587, mean=0.493166, stdev=0.126237, best fit=0.697300, best_overall=0.697300, mean_diversity=0.135378,
indivs=16005951, elapsed_secs=30607, mean=0.481238, stdev=0.065783, best fit=0.697300, best_overall=0.697300, mean_diversity=0.098414,
indivs=16016014, elapsed_secs=30624, mean=0.564470, stdev=0.131029, best fit=0.697300, best_overall=0.697300, mean_diversity=0.203472,
indivs=16026140, elapsed_secs=30644, mean=0.532825, stdev=0.137257, best fit=0.697300, best_overall=0.697300, mean_diversity=0.230445,
indivs=16036155, elapsed_secs=30663, mean=0.494258, stdev=0.075218, best fit=0.697300, best_overall=0.697300, mean_diversity=0.161713,
indivs=16046168, elapsed_secs=30680, mean=0.532262, stdev=0.103315, best fit=0.697300, best_overall=0.697300, mean_diversity=0.295316,
indivs=16056185, elapsed_secs=30699, mean=0.532174, stdev=0.157476, best fit=0.697300, best_overall=0.697300, mean_diversity=0.212932,
indivs=16066247, elapsed_secs=30717, mean=0.514108, stdev=0.107360, best fit=0.697300, best_overall=0.697300, mean_diversity=0.399884,
indivs=16076352, elapsed_secs=30738, mean=0.548882, stdev=0.177557, best fit=0.697300, best_overall=0.697300, mean_diversity=0.164324,
indivs=16086431, elapsed_secs=30759, mean=0.456062, stdev=0.127848, best fit=0.697300, best_overall=0.697300, mean_diversity=0.132375,
indivs=16096554, elapsed_secs=30777, mean=0.533905, stdev=0.132971, best fit=0.697300, best_overall=0.697300, mean_diversity=0.337225,
indivs=16106659, elapsed_secs=30795, mean=0.511652, stdev=0.120250, best fit=0.697300, best_overall=0.697300, mean_diversity=0.399781,
indivs=16116747, elapsed_secs=30814, mean=0.549875, stdev=0.132807, best fit=0.697300, best_overall=0.697300, mean_diversity=0.276266,
indivs=16126774, elapsed_secs=30833, mean=0.523043, stdev=0.118618, best fit=0.697300, best_overall=0.697300, mean_diversity=0.434360,
indivs=16136839, elapsed_secs=30853, mean=0.501505, stdev=0.028310, best fit=0.697300, best_overall=0.697300, mean_diversity=0.190782,
indivs=16146915, elapsed_secs=30874, mean=0.525768, stdev=0.096104, best fit=0.697300, best_overall=0.697300, mean_diversity=0.085441,
indivs=16156984, elapsed_secs=30897, mean=0.550162, stdev=0.081884, best fit=0.697300, best_overall=0.697300, mean_diversity=0.214765,
indivs=16167069, elapsed_secs=30918, mean=0.542507, stdev=0.085249, best fit=0.697300, best_overall=0.697300, mean_diversity=0.051691,
indivs=16177177, elapsed_secs=30938, mean=0.559137, stdev=0.197931, best fit=0.697300, best_overall=0.697300, mean_diversity=0.060681,
indivs=16187229, elapsed_secs=30954, mean=0.578581, stdev=0.125058, best fit=0.697300, best_overall=0.697300, mean_diversity=0.087836,
indivs=16197256, elapsed_secs=30972, mean=0.526127, stdev=0.200678, best fit=0.697300, best_overall=0.697300, mean_diversity=0.085479,
indivs=16207310, elapsed_secs=30989, mean=0.583546, stdev=0.138264, best fit=0.697300, best_overall=0.697300, mean_diversity=0.086657,
indivs=16217406, elapsed_secs=31011, mean=0.516927, stdev=0.068538, best fit=0.697300, best_overall=0.697300, mean_diversity=0.357611,
indivs=16227496, elapsed_secs=31028, mean=0.571599, stdev=0.140578, best fit=0.697300, best_overall=0.697300, mean_diversity=0.210489,
indivs=16237572, elapsed_secs=31047, mean=0.500458, stdev=0.022234, best fit=0.697300, best_overall=0.697300, mean_diversity=0.163163,
indivs=16247626, elapsed_secs=31066, mean=0.515633, stdev=0.050970, best fit=0.697300, best_overall=0.697300, mean_diversity=0.213574,
indivs=16257708, elapsed_secs=31086, mean=0.503002, stdev=0.025066, best fit=0.697300, best_overall=0.697300, mean_diversity=0.098761,
indivs=16267728, elapsed_secs=31107, mean=0.524589, stdev=0.113979, best fit=0.697300, best_overall=0.697300, mean_diversity=0.392174,
indivs=16277807, elapsed_secs=31129, mean=0.523934, stdev=0.079019, best fit=0.697300, best_overall=0.697300, mean_diversity=0.402647,
indivs=16287888, elapsed_secs=31149, mean=0.555844, stdev=0.177994, best fit=0.697300, best_overall=0.697300, mean_diversity=0.188033,
indivs=16297978, elapsed_secs=31168, mean=0.572662, stdev=0.169378, best fit=0.697300, best_overall=0.697300, mean_diversity=0.160050,
indivs=16308080, elapsed_secs=31186, mean=0.531924, stdev=0.060502, best fit=0.697300, best_overall=0.697300, mean_diversity=0.306985,
indivs=16318189, elapsed_secs=31205, mean=0.575894, stdev=0.128195, best fit=0.697300, best_overall=0.697300, mean_diversity=0.137967,
indivs=16328243, elapsed_secs=31223, mean=0.562053, stdev=0.061983, best fit=0.697300, best_overall=0.697300, mean_diversity=0.344340,
indivs=16338350, elapsed_secs=31242, mean=0.559366, stdev=0.151505, best fit=0.697300, best_overall=0.697300, mean_diversity=0.203317,
indivs=16348397, elapsed_secs=31259, mean=0.510221, stdev=0.038955, best fit=0.697300, best_overall=0.697300, mean_diversity=0.179935,
indivs=16358445, elapsed_secs=31277, mean=0.491271, stdev=0.091838, best fit=0.697300, best_overall=0.697300, mean_diversity=0.258792,
indivs=16368452, elapsed_secs=31295, mean=0.512178, stdev=0.044927, best fit=0.697300, best_overall=0.697300, mean_diversity=0.130431,
indivs=16378473, elapsed_secs=31312, mean=0.495717, stdev=0.081938, best fit=0.697300, best_overall=0.697300, mean_diversity=0.244786,
indivs=16388591, elapsed_secs=31329, mean=0.497413, stdev=0.146514, best fit=0.697300, best_overall=0.697300, mean_diversity=0.431230,
indivs=16398593, elapsed_secs=31347, mean=0.530259, stdev=0.089194, best fit=0.697300, best_overall=0.697300, mean_diversity=0.227306,
indivs=16408682, elapsed_secs=31366, mean=0.505179, stdev=0.097923, best fit=0.697300, best_overall=0.697300, mean_diversity=0.261373,
indivs=16418807, elapsed_secs=31387, mean=0.570353, stdev=0.157977, best fit=0.697300, best_overall=0.697300, mean_diversity=0.369964,
indivs=16428836, elapsed_secs=31407, mean=0.471049, stdev=0.109318, best fit=0.697300, best_overall=0.697300, mean_diversity=0.082309,
indivs=16438912, elapsed_secs=31427, mean=0.521860, stdev=0.077966, best fit=0.697300, best_overall=0.697300, mean_diversity=0.444308,
indivs=16448916, elapsed_secs=31447, mean=0.501053, stdev=0.020709, best fit=0.697300, best_overall=0.697300, mean_diversity=0.097572,
indivs=16458918, elapsed_secs=31465, mean=0.519298, stdev=0.051496, best fit=0.697300, best_overall=0.697300, mean_diversity=0.418393,
indivs=16468979, elapsed_secs=31485, mean=0.562495, stdev=0.143064, best fit=0.697300, best_overall=0.697300, mean_diversity=0.063866,
indivs=16479126, elapsed_secs=31503, mean=0.608205, stdev=0.120025, best fit=0.697300, best_overall=0.697300, mean_diversity=0.090622,
indivs=16489145, elapsed_secs=31521, mean=0.488226, stdev=0.075707, best fit=0.697300, best_overall=0.697300, mean_diversity=0.242874,
indivs=16499236, elapsed_secs=31540, mean=0.558045, stdev=0.152514, best fit=0.697300, best_overall=0.697300, mean_diversity=0.167186,
indivs=16509373, elapsed_secs=31556, mean=0.551363, stdev=0.188184, best fit=0.697300, best_overall=0.697300, mean_diversity=0.119002,
indivs=16519387, elapsed_secs=31574, mean=0.561381, stdev=0.163713, best fit=0.697300, best_overall=0.697300, mean_diversity=0.128312,
indivs=16529444, elapsed_secs=31592, mean=0.498030, stdev=0.058232, best fit=0.697300, best_overall=0.697300, mean_diversity=0.074674,
indivs=16539481, elapsed_secs=31611, mean=0.458154, stdev=0.263519, best fit=0.697300, best_overall=0.697300, mean_diversity=0.143987,
indivs=16549490, elapsed_secs=31629, mean=0.509554, stdev=0.089266, best fit=0.697300, best_overall=0.697300, mean_diversity=0.085620,
indivs=16559561, elapsed_secs=31650, mean=0.539413, stdev=0.099952, best fit=0.697300, best_overall=0.697300, mean_diversity=0.122192,
indivs=16569698, elapsed_secs=31671, mean=0.553773, stdev=0.110390, best fit=0.697300, best_overall=0.697300, mean_diversity=0.310846,
indivs=16579772, elapsed_secs=31687, mean=0.480733, stdev=0.127141, best fit=0.697300, best_overall=0.697300, mean_diversity=0.209010,
indivs=16589794, elapsed_secs=31704, mean=0.485505, stdev=0.102932, best fit=0.697300, best_overall=0.697300, mean_diversity=0.279439,
indivs=16599824, elapsed_secs=31722, mean=0.526295, stdev=0.057385, best fit=0.697300, best_overall=0.697300, mean_diversity=0.305240,
indivs=16609901, elapsed_secs=31742, mean=0.533648, stdev=0.160585, best fit=0.697300, best_overall=0.697300, mean_diversity=0.225563,
indivs=16619962, elapsed_secs=31761, mean=0.520871, stdev=0.080459, best fit=0.697300, best_overall=0.697300, mean_diversity=0.282524,
indivs=16629963, elapsed_secs=31780, mean=0.511468, stdev=0.046768, best fit=0.697300, best_overall=0.697300, mean_diversity=0.164763,
indivs=16640032, elapsed_secs=31801, mean=0.514822, stdev=0.106430, best fit=0.697300, best_overall=0.697300, mean_diversity=0.275492,
indivs=16650094, elapsed_secs=31819, mean=0.551557, stdev=0.175311, best fit=0.697300, best_overall=0.697300, mean_diversity=0.124860,
indivs=16660098, elapsed_secs=31838, mean=0.529833, stdev=0.137974, best fit=0.697300, best_overall=0.697300, mean_diversity=0.077453,
indivs=16670123, elapsed_secs=31858, mean=0.594856, stdev=0.155100, best fit=0.697300, best_overall=0.697300, mean_diversity=0.098494,
indivs=16680174, elapsed_secs=31878, mean=0.486305, stdev=0.121914, best fit=0.697300, best_overall=0.697300, mean_diversity=0.298453,
indivs=16690249, elapsed_secs=31895, mean=0.489183, stdev=0.070269, best fit=0.697300, best_overall=0.697300, mean_diversity=0.108730,
indivs=16700345, elapsed_secs=31912, mean=0.507450, stdev=0.042291, best fit=0.697300, best_overall=0.697300, mean_diversity=0.140638,
indivs=16710392, elapsed_secs=31932, mean=0.535456, stdev=0.124944, best fit=0.697300, best_overall=0.697300, mean_diversity=0.321981,
indivs=16720414, elapsed_secs=31951, mean=0.548510, stdev=0.155114, best fit=0.697300, best_overall=0.697300, mean_diversity=0.062846,
indivs=16730512, elapsed_secs=31972, mean=0.565886, stdev=0.110126, best fit=0.697300, best_overall=0.697300, mean_diversity=0.075071,
indivs=16740592, elapsed_secs=31993, mean=0.499658, stdev=0.066154, best fit=0.697300, best_overall=0.697300, mean_diversity=0.260253,
indivs=16750602, elapsed_secs=32013, mean=0.619975, stdev=0.102389, best fit=0.697300, best_overall=0.697300, mean_diversity=0.083180,
indivs=16760686, elapsed_secs=32033, mean=0.558728, stdev=0.134208, best fit=0.697300, best_overall=0.697300, mean_diversity=0.256657,
indivs=16770796, elapsed_secs=32052, mean=0.546110, stdev=0.171147, best fit=0.697300, best_overall=0.697300, mean_diversity=0.138439,
indivs=16780819, elapsed_secs=32074, mean=0.541382, stdev=0.162372, best fit=0.697300, best_overall=0.697300, mean_diversity=0.197308,
indivs=16790859, elapsed_secs=32090, mean=0.526581, stdev=0.101732, best fit=0.697300, best_overall=0.697300, mean_diversity=0.275259,
indivs=16800864, elapsed_secs=32109, mean=0.537695, stdev=0.166159, best fit=0.697300, best_overall=0.697300, mean_diversity=0.214669,
indivs=16810872, elapsed_secs=32130, mean=0.505427, stdev=0.033118, best fit=0.697300, best_overall=0.697300, mean_diversity=0.209211,
indivs=16820994, elapsed_secs=32148, mean=0.507001, stdev=0.181508, best fit=0.697300, best_overall=0.697300, mean_diversity=0.186061,
indivs=16831057, elapsed_secs=32167, mean=0.512632, stdev=0.073599, best fit=0.697300, best_overall=0.697300, mean_diversity=0.275371,
indivs=16841130, elapsed_secs=32185, mean=0.501972, stdev=0.019631, best fit=0.697300, best_overall=0.697300, mean_diversity=0.046026,
indivs=16851138, elapsed_secs=32202, mean=0.595313, stdev=0.135892, best fit=0.697300, best_overall=0.697300, mean_diversity=0.087326,
indivs=16861161, elapsed_secs=32220, mean=0.593408, stdev=0.147402, best fit=0.697300, best_overall=0.697300, mean_diversity=0.051678,
indivs=16871257, elapsed_secs=32241, mean=0.498063, stdev=0.110921, best fit=0.697300, best_overall=0.697300, mean_diversity=0.431197,
indivs=16881328, elapsed_secs=32261, mean=0.521630, stdev=0.130775, best fit=0.697300, best_overall=0.697300, mean_diversity=0.328908,
indivs=16891372, elapsed_secs=32281, mean=0.561918, stdev=0.073254, best fit=0.697300, best_overall=0.697300, mean_diversity=0.211211,
indivs=16901424, elapsed_secs=32300, mean=0.568285, stdev=0.100293, best fit=0.697300, best_overall=0.697300, mean_diversity=0.226330,
indivs=16911455, elapsed_secs=32319, mean=0.491667, stdev=0.072975, best fit=0.697300, best_overall=0.697300, mean_diversity=0.326415,
indivs=16921553, elapsed_secs=32337, mean=0.526504, stdev=0.124874, best fit=0.697300, best_overall=0.697300, mean_diversity=0.171278,
indivs=16931610, elapsed_secs=32357, mean=0.512756, stdev=0.131847, best fit=0.697300, best_overall=0.697300, mean_diversity=0.175545,
indivs=16941743, elapsed_secs=32375, mean=0.607319, stdev=0.083607, best fit=0.697300, best_overall=0.697300, mean_diversity=0.089217,
indivs=16951767, elapsed_secs=32393, mean=0.538891, stdev=0.100845, best fit=0.697300, best_overall=0.697300, mean_diversity=0.192573,
indivs=16961820, elapsed_secs=32411, mean=0.504509, stdev=0.116913, best fit=0.697300, best_overall=0.697300, mean_diversity=0.301201,
indivs=16971980, elapsed_secs=32433, mean=0.558346, stdev=0.177206, best fit=0.697300, best_overall=0.697300, mean_diversity=0.144465,
indivs=16982043, elapsed_secs=32453, mean=0.480927, stdev=0.115893, best fit=0.697300, best_overall=0.697300, mean_diversity=0.223435,
indivs=16992111, elapsed_secs=32470, mean=0.517870, stdev=0.092292, best fit=0.697300, best_overall=0.697300, mean_diversity=0.365612,
indivs=17002117, elapsed_secs=32491, mean=0.573401, stdev=0.118052, best fit=0.697300, best_overall=0.697300, mean_diversity=0.099281,
indivs=17012181, elapsed_secs=32513, mean=0.523958, stdev=0.198224, best fit=0.697300, best_overall=0.697300, mean_diversity=0.116098,
indivs=17022230, elapsed_secs=32530, mean=0.497045, stdev=0.053672, best fit=0.697300, best_overall=0.697300, mean_diversity=0.061022,
indivs=17032248, elapsed_secs=32549, mean=0.511151, stdev=0.145446, best fit=0.697300, best_overall=0.697300, mean_diversity=0.412642,
indivs=17042348, elapsed_secs=32567, mean=0.537841, stdev=0.099868, best fit=0.697300, best_overall=0.697300, mean_diversity=0.219145,
indivs=17052352, elapsed_secs=32587, mean=0.543815, stdev=0.188953, best fit=0.697300, best_overall=0.697300, mean_diversity=0.177202,
indivs=17062471, elapsed_secs=32605, mean=0.517342, stdev=0.163472, best fit=0.697300, best_overall=0.697300, mean_diversity=0.468983,
indivs=17072519, elapsed_secs=32623, mean=0.503105, stdev=0.147533, best fit=0.697300, best_overall=0.697300, mean_diversity=0.286066,
indivs=17082598, elapsed_secs=32641, mean=0.555215, stdev=0.110511, best fit=0.697300, best_overall=0.697300, mean_diversity=0.152881,
indivs=17092634, elapsed_secs=32659, mean=0.521917, stdev=0.192467, best fit=0.697300, best_overall=0.697300, mean_diversity=0.219486,
indivs=17102660, elapsed_secs=32679, mean=0.567622, stdev=0.151633, best fit=0.697300, best_overall=0.697300, mean_diversity=0.310614,
indivs=17112708, elapsed_secs=32695, mean=0.521077, stdev=0.255092, best fit=0.697300, best_overall=0.697300, mean_diversity=0.097162,
indivs=17122812, elapsed_secs=32718, mean=0.603965, stdev=0.135277, best fit=0.697300, best_overall=0.697300, mean_diversity=0.215904,
indivs=17132863, elapsed_secs=32734, mean=0.495252, stdev=0.054536, best fit=0.697300, best_overall=0.697300, mean_diversity=0.340514,
indivs=17142882, elapsed_secs=32751, mean=0.525919, stdev=0.075796, best fit=0.697300, best_overall=0.697300, mean_diversity=0.125953,
indivs=17152978, elapsed_secs=32768, mean=0.547298, stdev=0.150586, best fit=0.697300, best_overall=0.697300, mean_diversity=0.153179,
indivs=17163018, elapsed_secs=32788, mean=0.553716, stdev=0.096581, best fit=0.697300, best_overall=0.697300, mean_diversity=0.197375,
indivs=17173029, elapsed_secs=32807, mean=0.500973, stdev=0.020936, best fit=0.697300, best_overall=0.697300, mean_diversity=0.040652,
indivs=17183156, elapsed_secs=32827, mean=0.566471, stdev=0.130633, best fit=0.697300, best_overall=0.697300, mean_diversity=0.176317,
indivs=17193249, elapsed_secs=32847, mean=0.570924, stdev=0.205988, best fit=0.697300, best_overall=0.697300, mean_diversity=0.089841,
indivs=17203383, elapsed_secs=32868, mean=0.581364, stdev=0.086303, best fit=0.697300, best_overall=0.697300, mean_diversity=0.359194,
indivs=17213455, elapsed_secs=32891, mean=0.599395, stdev=0.100223, best fit=0.697300, best_overall=0.697300, mean_diversity=0.137636,
indivs=17223599, elapsed_secs=32909, mean=0.576242, stdev=0.097807, best fit=0.697300, best_overall=0.697300, mean_diversity=0.200498,
indivs=17233682, elapsed_secs=32929, mean=0.564555, stdev=0.145619, best fit=0.697300, best_overall=0.697300, mean_diversity=0.137800,
indivs=17243778, elapsed_secs=32946, mean=0.602890, stdev=0.082083, best fit=0.697300, best_overall=0.697300, mean_diversity=0.071748,
indivs=17253903, elapsed_secs=32967, mean=0.522409, stdev=0.141568, best fit=0.697300, best_overall=0.697300, mean_diversity=0.213610,
indivs=17263964, elapsed_secs=32983, mean=0.573075, stdev=0.056878, best fit=0.697300, best_overall=0.697300, mean_diversity=0.182779,
indivs=17274058, elapsed_secs=33004, mean=0.539446, stdev=0.074124, best fit=0.697300, best_overall=0.697300, mean_diversity=0.335150,
indivs=17284174, elapsed_secs=33024, mean=0.534146, stdev=0.141913, best fit=0.697300, best_overall=0.697300, mean_diversity=0.300537,
indivs=17294294, elapsed_secs=33040, mean=0.562265, stdev=0.124533, best fit=0.697300, best_overall=0.697300, mean_diversity=0.171845,
indivs=17304399, elapsed_secs=33058, mean=0.506787, stdev=0.063919, best fit=0.697300, best_overall=0.697300, mean_diversity=0.214960,
indivs=17314559, elapsed_secs=33081, mean=0.587987, stdev=0.153740, best fit=0.697300, best_overall=0.697300, mean_diversity=0.128224,
indivs=17324692, elapsed_secs=33102, mean=0.513549, stdev=0.225206, best fit=0.697300, best_overall=0.697300, mean_diversity=0.200784,
indivs=17334731, elapsed_secs=33119, mean=0.545337, stdev=0.130745, best fit=0.697300, best_overall=0.697300, mean_diversity=0.190340,
indivs=17344771, elapsed_secs=33140, mean=0.536881, stdev=0.141210, best fit=0.697300, best_overall=0.697300, mean_diversity=0.117262,
indivs=17354859, elapsed_secs=33162, mean=0.531684, stdev=0.146481, best fit=0.697300, best_overall=0.697300, mean_diversity=0.170893,
indivs=17364969, elapsed_secs=33178, mean=0.553627, stdev=0.109811, best fit=0.697300, best_overall=0.697300, mean_diversity=0.479641,
indivs=17375085, elapsed_secs=33199, mean=0.554215, stdev=0.175348, best fit=0.697300, best_overall=0.697300, mean_diversity=0.064033,
indivs=17385120, elapsed_secs=33218, mean=0.560631, stdev=0.124726, best fit=0.697300, best_overall=0.697300, mean_diversity=0.262495,
indivs=17395214, elapsed_secs=33238, mean=0.527639, stdev=0.095391, best fit=0.697300, best_overall=0.697300, mean_diversity=0.301071,
indivs=17405346, elapsed_secs=33256, mean=0.504134, stdev=0.239303, best fit=0.697300, best_overall=0.697300, mean_diversity=0.191627,
indivs=17415354, elapsed_secs=33275, mean=0.566785, stdev=0.129466, best fit=0.697300, best_overall=0.697300, mean_diversity=0.074524,
indivs=17425442, elapsed_secs=33296, mean=0.472787, stdev=0.121494, best fit=0.697300, best_overall=0.697300, mean_diversity=0.257173,
indivs=17435530, elapsed_secs=33314, mean=0.530191, stdev=0.073234, best fit=0.697300, best_overall=0.697300, mean_diversity=0.224927,
indivs=17445650, elapsed_secs=33329, mean=0.538149, stdev=0.132579, best fit=0.697300, best_overall=0.697300, mean_diversity=0.284514,
indivs=17455712, elapsed_secs=33347, mean=0.524604, stdev=0.126049, best fit=0.697300, best_overall=0.697300, mean_diversity=0.155911,
indivs=17465745, elapsed_secs=33365, mean=0.592281, stdev=0.130990, best fit=0.697300, best_overall=0.697300, mean_diversity=0.084692,
indivs=17475821, elapsed_secs=33384, mean=0.550897, stdev=0.109387, best fit=0.697300, best_overall=0.697300, mean_diversity=0.204131,
indivs=17485926, elapsed_secs=33404, mean=0.519098, stdev=0.109415, best fit=0.697300, best_overall=0.697300, mean_diversity=0.348689,
indivs=17495939, elapsed_secs=33424, mean=0.517891, stdev=0.150844, best fit=0.697300, best_overall=0.697300, mean_diversity=0.344640,
indivs=17505944, elapsed_secs=33444, mean=0.545657, stdev=0.140326, best fit=0.697300, best_overall=0.697300, mean_diversity=0.303238,
indivs=17515959, elapsed_secs=33464, mean=0.540041, stdev=0.124851, best fit=0.697300, best_overall=0.697300, mean_diversity=0.279273,
indivs=17526020, elapsed_secs=33486, mean=0.529535, stdev=0.152029, best fit=0.697300, best_overall=0.697300, mean_diversity=0.172806,
indivs=17536083, elapsed_secs=33504, mean=0.494994, stdev=0.059483, best fit=0.697300, best_overall=0.697300, mean_diversity=0.300951,
indivs=17546104, elapsed_secs=33521, mean=0.497813, stdev=0.043081, best fit=0.697300, best_overall=0.697300, mean_diversity=0.152801,
indivs=17556159, elapsed_secs=33539, mean=0.464222, stdev=0.255342, best fit=0.697300, best_overall=0.697300, mean_diversity=0.115887,
indivs=17566186, elapsed_secs=33559, mean=0.491302, stdev=0.119037, best fit=0.697300, best_overall=0.697300, mean_diversity=0.260046,
indivs=17576292, elapsed_secs=33583, mean=0.566113, stdev=0.119863, best fit=0.697300, best_overall=0.697300, mean_diversity=0.213308,
indivs=17586337, elapsed_secs=33601, mean=0.484830, stdev=0.258809, best fit=0.697300, best_overall=0.697300, mean_diversity=0.034397,
indivs=17596445, elapsed_secs=33620, mean=0.598613, stdev=0.116550, best fit=0.697300, best_overall=0.697300, mean_diversity=0.056438,
indivs=17606507, elapsed_secs=33637, mean=0.531277, stdev=0.065587, best fit=0.697300, best_overall=0.697300, mean_diversity=0.339377,
indivs=17616594, elapsed_secs=33657, mean=0.482529, stdev=0.074433, best fit=0.697300, best_overall=0.697300, mean_diversity=0.355451,
indivs=17626698, elapsed_secs=33675, mean=0.513359, stdev=0.076943, best fit=0.697300, best_overall=0.697300, mean_diversity=0.175369,
indivs=17636745, elapsed_secs=33693, mean=0.538322, stdev=0.208609, best fit=0.697300, best_overall=0.697300, mean_diversity=0.070120,
indivs=17646889, elapsed_secs=33712, mean=0.572979, stdev=0.156959, best fit=0.697300, best_overall=0.697300, mean_diversity=0.140174,
indivs=17656924, elapsed_secs=33728, mean=0.574343, stdev=0.078925, best fit=0.697300, best_overall=0.697300, mean_diversity=0.220161,
indivs=17667022, elapsed_secs=33745, mean=0.485925, stdev=0.109491, best fit=0.697300, best_overall=0.697300, mean_diversity=0.255387,
indivs=17677083, elapsed_secs=33764, mean=0.530279, stdev=0.144004, best fit=0.697300, best_overall=0.697300, mean_diversity=0.110951,
indivs=17687084, elapsed_secs=33782, mean=0.558188, stdev=0.099899, best fit=0.697300, best_overall=0.697300, mean_diversity=0.191794,
indivs=17697250, elapsed_secs=33800, mean=0.532405, stdev=0.211713, best fit=0.697300, best_overall=0.697300, mean_diversity=0.051467,
indivs=17707322, elapsed_secs=33821, mean=0.501636, stdev=0.019831, best fit=0.697300, best_overall=0.697300, mean_diversity=0.104781,
indivs=17717431, elapsed_secs=33842, mean=0.492900, stdev=0.177540, best fit=0.697300, best_overall=0.697300, mean_diversity=0.177661,
indivs=17727455, elapsed_secs=33862, mean=0.528605, stdev=0.090576, best fit=0.697300, best_overall=0.697300, mean_diversity=0.302202,
indivs=17737475, elapsed_secs=33882, mean=0.533947, stdev=0.179092, best fit=0.697300, best_overall=0.697300, mean_diversity=0.108087,
indivs=17747519, elapsed_secs=33903, mean=0.505364, stdev=0.040128, best fit=0.697300, best_overall=0.697300, mean_diversity=0.148300,
indivs=17757563, elapsed_secs=33920, mean=0.573632, stdev=0.109919, best fit=0.697300, best_overall=0.697300, mean_diversity=0.189955,
indivs=17767617, elapsed_secs=33936, mean=0.542983, stdev=0.073284, best fit=0.697300, best_overall=0.697300, mean_diversity=0.106850,
indivs=17777697, elapsed_secs=33957, mean=0.526672, stdev=0.084152, best fit=0.697300, best_overall=0.697300, mean_diversity=0.307476,
indivs=17787732, elapsed_secs=33976, mean=0.501973, stdev=0.019631, best fit=0.697300, best_overall=0.697300, mean_diversity=0.127668,
indivs=17797782, elapsed_secs=33995, mean=0.572442, stdev=0.184877, best fit=0.697300, best_overall=0.697300, mean_diversity=0.078198,
indivs=17807928, elapsed_secs=34012, mean=0.555655, stdev=0.180786, best fit=0.697300, best_overall=0.697300, mean_diversity=0.288116,
indivs=17818000, elapsed_secs=34030, mean=0.460625, stdev=0.140295, best fit=0.697300, best_overall=0.697300, mean_diversity=0.277028,
indivs=17828052, elapsed_secs=34047, mean=0.572973, stdev=0.066337, best fit=0.697300, best_overall=0.697300, mean_diversity=0.175726,
indivs=17838184, elapsed_secs=34071, mean=0.535723, stdev=0.165309, best fit=0.697300, best_overall=0.697300, mean_diversity=0.304893,
indivs=17848195, elapsed_secs=34092, mean=0.522549, stdev=0.057250, best fit=0.697300, best_overall=0.697300, mean_diversity=0.286096,
indivs=17858307, elapsed_secs=34114, mean=0.509387, stdev=0.089029, best fit=0.697300, best_overall=0.697300, mean_diversity=0.134475,
indivs=17868387, elapsed_secs=34135, mean=0.514078, stdev=0.127826, best fit=0.697300, best_overall=0.697300, mean_diversity=0.236618,
indivs=17878453, elapsed_secs=34156, mean=0.499997, stdev=0.115512, best fit=0.697300, best_overall=0.697300, mean_diversity=0.222062,
indivs=17888502, elapsed_secs=34173, mean=0.539155, stdev=0.126727, best fit=0.697300, best_overall=0.697300, mean_diversity=0.252847,
indivs=17898529, elapsed_secs=34191, mean=0.517226, stdev=0.088290, best fit=0.697300, best_overall=0.697300, mean_diversity=0.325333,
indivs=17908601, elapsed_secs=34213, mean=0.564694, stdev=0.063921, best fit=0.697300, best_overall=0.697300, mean_diversity=0.205761,
indivs=17918680, elapsed_secs=34232, mean=0.481576, stdev=0.173918, best fit=0.697300, best_overall=0.697300, mean_diversity=0.229485,
indivs=17928810, elapsed_secs=34250, mean=0.569467, stdev=0.109955, best fit=0.697300, best_overall=0.697300, mean_diversity=0.155911,
indivs=17938934, elapsed_secs=34272, mean=0.559455, stdev=0.138901, best fit=0.697300, best_overall=0.697300, mean_diversity=0.282574,
indivs=17948963, elapsed_secs=34290, mean=0.562924, stdev=0.117303, best fit=0.697300, best_overall=0.697300, mean_diversity=0.289364,
indivs=17959042, elapsed_secs=34306, mean=0.486698, stdev=0.090399, best fit=0.697300, best_overall=0.697300, mean_diversity=0.159610,
indivs=17969063, elapsed_secs=34324, mean=0.540597, stdev=0.150947, best fit=0.697300, best_overall=0.697300, mean_diversity=0.194622,
indivs=17979157, elapsed_secs=34340, mean=0.512561, stdev=0.039787, best fit=0.697300, best_overall=0.697300, mean_diversity=0.175106,
indivs=17989291, elapsed_secs=34358, mean=0.565532, stdev=0.209823, best fit=0.697300, best_overall=0.697300, mean_diversity=0.089951,
indivs=17999358, elapsed_secs=34376, mean=0.508138, stdev=0.088766, best fit=0.697300, best_overall=0.697300, mean_diversity=0.382124,
indivs=18009389, elapsed_secs=34392, mean=0.508437, stdev=0.033311, best fit=0.697300, best_overall=0.697300, mean_diversity=0.209427,
indivs=18019461, elapsed_secs=34410, mean=0.536327, stdev=0.160178, best fit=0.697300, best_overall=0.697300, mean_diversity=0.147774,
indivs=18029550, elapsed_secs=34429, mean=0.489913, stdev=0.090345, best fit=0.697300, best_overall=0.697300, mean_diversity=0.166267,
indivs=18039601, elapsed_secs=34447, mean=0.515944, stdev=0.161351, best fit=0.697300, best_overall=0.697300, mean_diversity=0.258350,
indivs=18049670, elapsed_secs=34466, mean=0.558028, stdev=0.215310, best fit=0.697300, best_overall=0.697300, mean_diversity=0.061990,
indivs=18059721, elapsed_secs=34482, mean=0.544999, stdev=0.099467, best fit=0.697300, best_overall=0.697300, mean_diversity=0.172532,
indivs=18069735, elapsed_secs=34501, mean=0.530431, stdev=0.206048, best fit=0.697300, best_overall=0.697300, mean_diversity=0.089397,
indivs=18079841, elapsed_secs=34519, mean=0.569823, stdev=0.071184, best fit=0.697300, best_overall=0.697300, mean_diversity=0.201364,
indivs=18089913, elapsed_secs=34536, mean=0.540693, stdev=0.096776, best fit=0.697300, best_overall=0.697300, mean_diversity=0.329984,
indivs=18099920, elapsed_secs=34554, mean=0.548111, stdev=0.079973, best fit=0.697300, best_overall=0.697300, mean_diversity=0.292145,
indivs=18109979, elapsed_secs=34574, mean=0.544197, stdev=0.101087, best fit=0.697300, best_overall=0.697300, mean_diversity=0.105843,
indivs=18120092, elapsed_secs=34595, mean=0.602707, stdev=0.116279, best fit=0.697300, best_overall=0.697300, mean_diversity=0.157242,
indivs=18130104, elapsed_secs=34612, mean=0.520114, stdev=0.084350, best fit=0.697300, best_overall=0.697300, mean_diversity=0.280410,
indivs=18140175, elapsed_secs=34630, mean=0.562465, stdev=0.120301, best fit=0.697300, best_overall=0.697300, mean_diversity=0.366960,
indivs=18150228, elapsed_secs=34648, mean=0.491039, stdev=0.036867, best fit=0.697300, best_overall=0.697300, mean_diversity=0.080768,
indivs=18160235, elapsed_secs=34665, mean=0.548707, stdev=0.189296, best fit=0.697300, best_overall=0.697300, mean_diversity=0.248991,
indivs=18170251, elapsed_secs=34681, mean=0.515669, stdev=0.207116, best fit=0.697300, best_overall=0.697300, mean_diversity=0.082861,
indivs=18180289, elapsed_secs=34700, mean=0.487122, stdev=0.084377, best fit=0.697300, best_overall=0.697300, mean_diversity=0.198173,
indivs=18190324, elapsed_secs=34718, mean=0.525642, stdev=0.122390, best fit=0.697300, best_overall=0.697300, mean_diversity=0.481135,
indivs=18200378, elapsed_secs=34737, mean=0.548300, stdev=0.125244, best fit=0.697300, best_overall=0.697300, mean_diversity=0.105912,
indivs=18210432, elapsed_secs=34755, mean=0.452741, stdev=0.112134, best fit=0.697300, best_overall=0.697300, mean_diversity=0.198299,
indivs=18220568, elapsed_secs=34774, mean=0.574527, stdev=0.160276, best fit=0.697300, best_overall=0.697300, mean_diversity=0.045837,
indivs=18230601, elapsed_secs=34792, mean=0.501973, stdev=0.019631, best fit=0.697300, best_overall=0.697300, mean_diversity=0.046358,
indivs=18240737, elapsed_secs=34812, mean=0.592594, stdev=0.160457, best fit=0.697300, best_overall=0.697300, mean_diversity=0.087979,
indivs=18250744, elapsed_secs=34831, mean=0.519589, stdev=0.134554, best fit=0.697300, best_overall=0.697300, mean_diversity=0.260447,
indivs=18260889, elapsed_secs=34850, mean=0.581651, stdev=0.126930, best fit=0.697300, best_overall=0.697300, mean_diversity=0.101259,
indivs=18270892, elapsed_secs=34869, mean=0.529761, stdev=0.062334, best fit=0.697300, best_overall=0.697300, mean_diversity=0.325294,
indivs=18280913, elapsed_secs=34890, mean=0.533927, stdev=0.171209, best fit=0.697300, best_overall=0.697300, mean_diversity=0.200276,
indivs=18290941, elapsed_secs=34909, mean=0.533155, stdev=0.137971, best fit=0.697300, best_overall=0.697300, mean_diversity=0.266450,
indivs=18300997, elapsed_secs=34927, mean=0.509411, stdev=0.058082, best fit=0.697300, best_overall=0.697300, mean_diversity=0.270990,
indivs=18311031, elapsed_secs=34946, mean=0.553423, stdev=0.114325, best fit=0.697300, best_overall=0.697300, mean_diversity=0.342096,
indivs=18321143, elapsed_secs=34965, mean=0.497323, stdev=0.101965, best fit=0.697300, best_overall=0.697300, mean_diversity=0.114809,
indivs=18331244, elapsed_secs=34984, mean=0.552163, stdev=0.096969, best fit=0.697300, best_overall=0.697300, mean_diversity=0.134205,
indivs=18341344, elapsed_secs=35004, mean=0.554492, stdev=0.126243, best fit=0.697300, best_overall=0.697300, mean_diversity=0.116303,
indivs=18351422, elapsed_secs=35018, mean=0.509889, stdev=0.168430, best fit=0.697300, best_overall=0.697300, mean_diversity=0.288092,
indivs=18361570, elapsed_secs=35038, mean=0.543243, stdev=0.210642, best fit=0.697300, best_overall=0.697300, mean_diversity=0.038427,
indivs=18371582, elapsed_secs=35058, mean=0.497045, stdev=0.057734, best fit=0.697300, best_overall=0.697300, mean_diversity=0.090096,
indivs=18381708, elapsed_secs=35077, mean=0.582791, stdev=0.147178, best fit=0.697300, best_overall=0.697300, mean_diversity=0.084071,
indivs=18391724, elapsed_secs=35096, mean=0.510934, stdev=0.068059, best fit=0.697300, best_overall=0.697300, mean_diversity=0.289907,
indivs=18401824, elapsed_secs=35113, mean=0.521736, stdev=0.080441, best fit=0.697300, best_overall=0.697300, mean_diversity=0.250835,
indivs=18411857, elapsed_secs=35132, mean=0.500460, stdev=0.105912, best fit=0.697300, best_overall=0.697300, mean_diversity=0.172612,
indivs=18421981, elapsed_secs=35151, mean=0.587356, stdev=0.120515, best fit=0.697300, best_overall=0.697300, mean_diversity=0.056386,
indivs=18432108, elapsed_secs=35170, mean=0.514523, stdev=0.107279, best fit=0.697300, best_overall=0.697300, mean_diversity=0.194618,
indivs=18442201, elapsed_secs=35189, mean=0.502047, stdev=0.064508, best fit=0.697300, best_overall=0.697300, mean_diversity=0.178407,
indivs=18452282, elapsed_secs=35207, mean=0.530748, stdev=0.127665, best fit=0.697300, best_overall=0.697300, mean_diversity=0.147932,
indivs=18462341, elapsed_secs=35227, mean=0.502851, stdev=0.039708, best fit=0.697300, best_overall=0.697300, mean_diversity=0.089691,
indivs=18472345, elapsed_secs=35243, mean=0.476120, stdev=0.116650, best fit=0.697300, best_overall=0.697300, mean_diversity=0.100307,
indivs=18482406, elapsed_secs=35260, mean=0.502535, stdev=0.021562, best fit=0.697300, best_overall=0.697300, mean_diversity=0.182941,
indivs=18492497, elapsed_secs=35279, mean=0.526922, stdev=0.063764, best fit=0.697300, best_overall=0.697300, mean_diversity=0.243444,
indivs=18502530, elapsed_secs=35298, mean=0.493673, stdev=0.130039, best fit=0.697300, best_overall=0.697300, mean_diversity=0.304564,
indivs=18512600, elapsed_secs=35319, mean=0.483576, stdev=0.101859, best fit=0.697300, best_overall=0.697300, mean_diversity=0.071711,
indivs=18522659, elapsed_secs=35339, mean=0.517682, stdev=0.159950, best fit=0.697300, best_overall=0.697300, mean_diversity=0.414981,
indivs=18532721, elapsed_secs=35356, mean=0.541544, stdev=0.169236, best fit=0.697300, best_overall=0.697300, mean_diversity=0.194435,
indivs=18542759, elapsed_secs=35373, mean=0.564593, stdev=0.127786, best fit=0.697300, best_overall=0.697300, mean_diversity=0.244071,
indivs=18552769, elapsed_secs=35395, mean=0.542757, stdev=0.179582, best fit=0.697300, best_overall=0.697300, mean_diversity=0.206424,
indivs=18562778, elapsed_secs=35413, mean=0.522984, stdev=0.122550, best fit=0.697300, best_overall=0.697300, mean_diversity=0.321538,
indivs=18572787, elapsed_secs=35434, mean=0.495000, stdev=0.050891, best fit=0.697300, best_overall=0.697300, mean_diversity=0.138012,
indivs=18582795, elapsed_secs=35453, mean=0.555585, stdev=0.142059, best fit=0.697300, best_overall=0.697300, mean_diversity=0.151501,
indivs=18592872, elapsed_secs=35469, mean=0.475367, stdev=0.099327, best fit=0.697300, best_overall=0.697300, mean_diversity=0.287766,
indivs=18602944, elapsed_secs=35489, mean=0.513864, stdev=0.042000, best fit=0.697300, best_overall=0.697300, mean_diversity=0.282056,
indivs=18613018, elapsed_secs=35504, mean=0.499470, stdev=0.146534, best fit=0.697300, best_overall=0.697300, mean_diversity=0.317788,
indivs=18623100, elapsed_secs=35523, mean=0.478290, stdev=0.138361, best fit=0.697300, best_overall=0.697300, mean_diversity=0.186484,
indivs=18633184, elapsed_secs=35539, mean=0.577092, stdev=0.079251, best fit=0.697300, best_overall=0.697300, mean_diversity=0.076164,
indivs=18643246, elapsed_secs=35558, mean=0.488146, stdev=0.127143, best fit=0.697300, best_overall=0.697300, mean_diversity=0.232819,
indivs=18653281, elapsed_secs=35576, mean=0.544141, stdev=0.231217, best fit=0.697300, best_overall=0.697300, mean_diversity=0.139249,
indivs=18663284, elapsed_secs=35593, mean=0.525874, stdev=0.153527, best fit=0.697300, best_overall=0.697300, mean_diversity=0.354820,
indivs=18673400, elapsed_secs=35610, mean=0.474751, stdev=0.128667, best fit=0.697300, best_overall=0.697300, mean_diversity=0.307892,
indivs=18683438, elapsed_secs=35625, mean=0.450345, stdev=0.077395, best fit=0.697300, best_overall=0.697300, mean_diversity=0.425118,
indivs=18693493, elapsed_secs=35643, mean=0.527677, stdev=0.059621, best fit=0.697300, best_overall=0.697300, mean_diversity=0.194960,
indivs=18703504, elapsed_secs=35662, mean=0.577253, stdev=0.153922, best fit=0.697300, best_overall=0.697300, mean_diversity=0.158814,
indivs=18713519, elapsed_secs=35682, mean=0.501973, stdev=0.019631, best fit=0.697300, best_overall=0.697300, mean_diversity=0.040047,
indivs=18723628, elapsed_secs=35705, mean=0.566400, stdev=0.140871, best fit=0.697300, best_overall=0.697300, mean_diversity=0.216041,
indivs=18733732, elapsed_secs=35721, mean=0.511247, stdev=0.081820, best fit=0.697300, best_overall=0.697300, mean_diversity=0.388072,
indivs=18743756, elapsed_secs=35739, mean=0.560106, stdev=0.113033, best fit=0.697300, best_overall=0.697300, mean_diversity=0.240649,
indivs=18753855, elapsed_secs=35757, mean=0.555706, stdev=0.124603, best fit=0.697300, best_overall=0.697300, mean_diversity=0.246260,
indivs=18763911, elapsed_secs=35777, mean=0.578931, stdev=0.138107, best fit=0.697300, best_overall=0.697300, mean_diversity=0.075472,
indivs=18773933, elapsed_secs=35795, mean=0.552173, stdev=0.122350, best fit=0.697300, best_overall=0.697300, mean_diversity=0.261841,
indivs=18784043, elapsed_secs=35812, mean=0.500822, stdev=0.111040, best fit=0.697300, best_overall=0.697300, mean_diversity=0.271173,
indivs=18794134, elapsed_secs=35832, mean=0.494905, stdev=0.122546, best fit=0.697300, best_overall=0.697300, mean_diversity=0.144471,
indivs=18804177, elapsed_secs=35852, mean=0.505179, stdev=0.031543, best fit=0.697300, best_overall=0.697300, mean_diversity=0.258412,
indivs=18814231, elapsed_secs=35873, mean=0.504818, stdev=0.072931, best fit=0.697300, best_overall=0.697300, mean_diversity=0.149320,
indivs=18824306, elapsed_secs=35892, mean=0.500833, stdev=0.087038, best fit=0.697300, best_overall=0.697300, mean_diversity=0.225094,
indivs=18834327, elapsed_secs=35913, mean=0.589198, stdev=0.143189, best fit=0.697300, best_overall=0.697300, mean_diversity=0.067245,
indivs=18844391, elapsed_secs=35931, mean=0.526003, stdev=0.174116, best fit=0.697300, best_overall=0.697300, mean_diversity=0.222442,
indivs=18854431, elapsed_secs=35954, mean=0.578828, stdev=0.124538, best fit=0.697300, best_overall=0.697300, mean_diversity=0.151972,
indivs=18864514, elapsed_secs=35974, mean=0.552753, stdev=0.116588, best fit=0.697300, best_overall=0.697300, mean_diversity=0.314897,
indivs=18874551, elapsed_secs=35993, mean=0.522163, stdev=0.114023, best fit=0.697300, best_overall=0.697300, mean_diversity=0.281751,
indivs=18884640, elapsed_secs=36012, mean=0.503157, stdev=0.088595, best fit=0.697300, best_overall=0.697300, mean_diversity=0.296294,
indivs=18894716, elapsed_secs=36032, mean=0.513605, stdev=0.097106, best fit=0.697300, best_overall=0.697300, mean_diversity=0.280452,
indivs=18904741, elapsed_secs=36049, mean=0.501291, stdev=0.056049, best fit=0.697300, best_overall=0.697300, mean_diversity=0.134770,
indivs=18914829, elapsed_secs=36068, mean=0.567638, stdev=0.135149, best fit=0.697300, best_overall=0.697300, mean_diversity=0.224721,
indivs=18924905, elapsed_secs=36086, mean=0.527593, stdev=0.075480, best fit=0.697300, best_overall=0.697300, mean_diversity=0.326431,
indivs=18934988, elapsed_secs=36107, mean=0.552510, stdev=0.119380, best fit=0.697300, best_overall=0.697300, mean_diversity=0.262285,
indivs=18945079, elapsed_secs=36128, mean=0.541352, stdev=0.071235, best fit=0.697300, best_overall=0.697300, mean_diversity=0.173272,
indivs=18955098, elapsed_secs=36149, mean=0.557085, stdev=0.115975, best fit=0.697300, best_overall=0.697300, mean_diversity=0.321642,
indivs=18965108, elapsed_secs=36170, mean=0.549728, stdev=0.086545, best fit=0.697300, best_overall=0.697300, mean_diversity=0.302280,
indivs=18975226, elapsed_secs=36189, mean=0.559611, stdev=0.170373, best fit=0.697300, best_overall=0.697300, mean_diversity=0.127721,
indivs=18985299, elapsed_secs=36213, mean=0.563036, stdev=0.098838, best fit=0.697300, best_overall=0.697300, mean_diversity=0.377243,
indivs=18995448, elapsed_secs=36231, mean=0.564576, stdev=0.155313, best fit=0.697300, best_overall=0.697300, mean_diversity=0.161655,
indivs=19005581, elapsed_secs=36252, mean=0.565119, stdev=0.100697, best fit=0.697300, best_overall=0.697300, mean_diversity=0.362072,
indivs=19015626, elapsed_secs=36269, mean=0.504367, stdev=0.129361, best fit=0.697300, best_overall=0.697300, mean_diversity=0.346781,
indivs=19025741, elapsed_secs=36290, mean=0.570263, stdev=0.133605, best fit=0.697300, best_overall=0.697300, mean_diversity=0.181628,
indivs=19035758, elapsed_secs=36305, mean=0.518074, stdev=0.146838, best fit=0.697300, best_overall=0.697300, mean_diversity=0.356842,
indivs=19045764, elapsed_secs=36320, mean=0.527524, stdev=0.104316, best fit=0.697300, best_overall=0.697300, mean_diversity=0.088806,
indivs=19055812, elapsed_secs=36340, mean=0.555374, stdev=0.070899, best fit=0.697300, best_overall=0.697300, mean_diversity=0.360842,
indivs=19065925, elapsed_secs=36358, mean=0.531527, stdev=0.103267, best fit=0.697300, best_overall=0.697300, mean_diversity=0.131865,
indivs=19075967, elapsed_secs=36374, mean=0.540543, stdev=0.127737, best fit=0.697300, best_overall=0.697300, mean_diversity=0.242408,
indivs=19086023, elapsed_secs=36392, mean=0.511646, stdev=0.093264, best fit=0.697300, best_overall=0.697300, mean_diversity=0.233180,
indivs=19096134, elapsed_secs=36409, mean=0.541197, stdev=0.144511, best fit=0.697300, best_overall=0.697300, mean_diversity=0.146869,
indivs=19106227, elapsed_secs=36428, mean=0.480399, stdev=0.161416, best fit=0.697300, best_overall=0.697300, mean_diversity=0.309062,
indivs=19116343, elapsed_secs=36450, mean=0.552262, stdev=0.135252, best fit=0.697300, best_overall=0.697300, mean_diversity=0.223705,
indivs=19126412, elapsed_secs=36472, mean=0.490703, stdev=0.193840, best fit=0.697300, best_overall=0.697300, mean_diversity=0.206115,
indivs=19136496, elapsed_secs=36491, mean=0.563043, stdev=0.104351, best fit=0.697300, best_overall=0.697300, mean_diversity=0.144968,
indivs=19146581, elapsed_secs=36510, mean=0.533864, stdev=0.228959, best fit=0.697300, best_overall=0.697300, mean_diversity=0.033854,
indivs=19156743, elapsed_secs=36528, mean=0.539378, stdev=0.202693, best fit=0.697300, best_overall=0.697300, mean_diversity=0.129570,
indivs=19166851, elapsed_secs=36549, mean=0.525031, stdev=0.118509, best fit=0.697300, best_overall=0.697300, mean_diversity=0.281185,
indivs=19176872, elapsed_secs=36567, mean=0.553522, stdev=0.127874, best fit=0.697300, best_overall=0.697300, mean_diversity=0.152100,
indivs=19186957, elapsed_secs=36587, mean=0.498404, stdev=0.181275, best fit=0.697300, best_overall=0.697300, mean_diversity=0.274052,
indivs=19197047, elapsed_secs=36606, mean=0.481695, stdev=0.079758, best fit=0.697300, best_overall=0.697300, mean_diversity=0.310912,
indivs=19207125, elapsed_secs=36624, mean=0.503356, stdev=0.122528, best fit=0.697300, best_overall=0.697300, mean_diversity=0.270424,
indivs=19217142, elapsed_secs=36646, mean=0.519628, stdev=0.152591, best fit=0.697300, best_overall=0.697300, mean_diversity=0.257893,
indivs=19227235, elapsed_secs=36663, mean=0.521098, stdev=0.106527, best fit=0.697300, best_overall=0.697300, mean_diversity=0.364545,
indivs=19237329, elapsed_secs=36682, mean=0.538615, stdev=0.120719, best fit=0.697300, best_overall=0.697300, mean_diversity=0.171814,
indivs=19247392, elapsed_secs=36701, mean=0.566309, stdev=0.091193, best fit=0.697300, best_overall=0.697300, mean_diversity=0.246289,
indivs=19257397, elapsed_secs=36721, mean=0.508693, stdev=0.038139, best fit=0.697300, best_overall=0.697300, mean_diversity=0.084767,
indivs=19267471, elapsed_secs=36741, mean=0.556752, stdev=0.145670, best fit=0.697300, best_overall=0.697300, mean_diversity=0.352318,
indivs=19277554, elapsed_secs=36759, mean=0.559300, stdev=0.198547, best fit=0.697300, best_overall=0.697300, mean_diversity=0.082977,
indivs=19287587, elapsed_secs=36779, mean=0.516844, stdev=0.150779, best fit=0.697300, best_overall=0.697300, mean_diversity=0.315616,
indivs=19297701, elapsed_secs=36795, mean=0.573907, stdev=0.125245, best fit=0.697300, best_overall=0.697300, mean_diversity=0.270136,
indivs=19307827, elapsed_secs=36818, mean=0.537663, stdev=0.119770, best fit=0.697300, best_overall=0.697300, mean_diversity=0.336667,
indivs=19317878, elapsed_secs=36839, mean=0.543859, stdev=0.154456, best fit=0.697300, best_overall=0.697300, mean_diversity=0.131590,
indivs=19327929, elapsed_secs=36858, mean=0.515996, stdev=0.096574, best fit=0.697300, best_overall=0.697300, mean_diversity=0.234192,
indivs=19338035, elapsed_secs=36877, mean=0.544641, stdev=0.148392, best fit=0.697300, best_overall=0.697300, mean_diversity=0.190032,
indivs=19348122, elapsed_secs=36897, mean=0.557502, stdev=0.084753, best fit=0.697300, best_overall=0.697300, mean_diversity=0.387254,
indivs=19358222, elapsed_secs=36919, mean=0.564671, stdev=0.100623, best fit=0.697300, best_overall=0.697300, mean_diversity=0.173246,
indivs=19368227, elapsed_secs=36936, mean=0.522304, stdev=0.178266, best fit=0.697300, best_overall=0.697300, mean_diversity=0.132500,
indivs=19378285, elapsed_secs=36956, mean=0.511710, stdev=0.040242, best fit=0.697300, best_overall=0.697300, mean_diversity=0.246447,
indivs=19388371, elapsed_secs=36974, mean=0.459286, stdev=0.203365, best fit=0.697300, best_overall=0.697300, mean_diversity=0.142585,
indivs=19398390, elapsed_secs=36993, mean=0.530831, stdev=0.168387, best fit=0.697300, best_overall=0.697300, mean_diversity=0.206970,
indivs=19408501, elapsed_secs=37014, mean=0.492392, stdev=0.094161, best fit=0.697300, best_overall=0.697300, mean_diversity=0.297739,
indivs=19418570, elapsed_secs=37037, mean=0.571304, stdev=0.084659, best fit=0.697300, best_overall=0.697300, mean_diversity=0.104961,
indivs=19428614, elapsed_secs=37054, mean=0.514469, stdev=0.041638, best fit=0.697300, best_overall=0.697300, mean_diversity=0.182944,
indivs=19438732, elapsed_secs=37077, mean=0.544795, stdev=0.124106, best fit=0.697300, best_overall=0.697300, mean_diversity=0.170054,
indivs=19448860, elapsed_secs=37096, mean=0.564597, stdev=0.099747, best fit=0.697300, best_overall=0.697300, mean_diversity=0.069837,
indivs=19458940, elapsed_secs=37115, mean=0.501526, stdev=0.019944, best fit=0.697300, best_overall=0.697300, mean_diversity=0.179774,
indivs=19469001, elapsed_secs=37135, mean=0.554108, stdev=0.104257, best fit=0.697300, best_overall=0.697300, mean_diversity=0.293333,
indivs=19479054, elapsed_secs=37155, mean=0.489210, stdev=0.194961, best fit=0.697300, best_overall=0.697300, mean_diversity=0.111019,
indivs=19489181, elapsed_secs=37175, mean=0.544019, stdev=0.112458, best fit=0.697300, best_overall=0.697300, mean_diversity=0.168122,
indivs=19499254, elapsed_secs=37196, mean=0.588479, stdev=0.099144, best fit=0.697300, best_overall=0.697300, mean_diversity=0.158871,
indivs=19509304, elapsed_secs=37215, mean=0.518302, stdev=0.049404, best fit=0.697300, best_overall=0.697300, mean_diversity=0.281348,
indivs=19519406, elapsed_secs=37236, mean=0.551837, stdev=0.115407, best fit=0.697300, best_overall=0.697300, mean_diversity=0.286731,
indivs=19529432, elapsed_secs=37255, mean=0.542729, stdev=0.093363, best fit=0.697300, best_overall=0.697300, mean_diversity=0.336667,
indivs=19539528, elapsed_secs=37272, mean=0.497037, stdev=0.053773, best fit=0.697300, best_overall=0.697300, mean_diversity=0.344868,
indivs=19549545, elapsed_secs=37289, mean=0.514700, stdev=0.050163, best fit=0.697300, best_overall=0.697300, mean_diversity=0.131975,
indivs=19559575, elapsed_secs=37308, mean=0.527644, stdev=0.100603, best fit=0.697300, best_overall=0.697300, mean_diversity=0.179049,
indivs=19569684, elapsed_secs=37327, mean=0.517745, stdev=0.139971, best fit=0.697300, best_overall=0.697300, mean_diversity=0.395934,
indivs=19579799, elapsed_secs=37347, mean=0.596247, stdev=0.103382, best fit=0.697300, best_overall=0.697300, mean_diversity=0.167668,
indivs=19589864, elapsed_secs=37369, mean=0.498552, stdev=0.041159, best fit=0.697300, best_overall=0.697300, mean_diversity=0.152671,
indivs=19599913, elapsed_secs=37394, mean=0.542283, stdev=0.138284, best fit=0.697300, best_overall=0.697300, mean_diversity=0.138932,
indivs=19609917, elapsed_secs=37412, mean=0.522626, stdev=0.060629, best fit=0.697300, best_overall=0.697300, mean_diversity=0.195199,
indivs=19620015, elapsed_secs=37432, mean=0.519616, stdev=0.148210, best fit=0.697300, best_overall=0.697300, mean_diversity=0.248455,
indivs=19630094, elapsed_secs=37448, mean=0.570551, stdev=0.158379, best fit=0.697300, best_overall=0.697300, mean_diversity=0.219275,
indivs=19640151, elapsed_secs=37469, mean=0.516052, stdev=0.073487, best fit=0.697300, best_overall=0.697300, mean_diversity=0.371418,
indivs=19650173, elapsed_secs=37490, mean=0.489152, stdev=0.140483, best fit=0.697300, best_overall=0.697300, mean_diversity=0.096359,
indivs=19660257, elapsed_secs=37510, mean=0.524803, stdev=0.098932, best fit=0.697300, best_overall=0.697300, mean_diversity=0.511688,
indivs=19670296, elapsed_secs=37527, mean=0.501973, stdev=0.019631, best fit=0.697300, best_overall=0.697300, mean_diversity=0.091509,
indivs=19680380, elapsed_secs=37543, mean=0.484326, stdev=0.099663, best fit=0.697300, best_overall=0.697300, mean_diversity=0.189110,
indivs=19690460, elapsed_secs=37559, mean=0.538074, stdev=0.146700, best fit=0.697300, best_overall=0.697300, mean_diversity=0.282452,
indivs=19700467, elapsed_secs=37576, mean=0.559439, stdev=0.091267, best fit=0.697300, best_overall=0.697300, mean_diversity=0.214337,
indivs=19710470, elapsed_secs=37594, mean=0.504249, stdev=0.026792, best fit=0.697300, best_overall=0.697300, mean_diversity=0.182807,
indivs=19720486, elapsed_secs=37615, mean=0.516000, stdev=0.098351, best fit=0.697300, best_overall=0.697300, mean_diversity=0.371463,
indivs=19730541, elapsed_secs=37636, mean=0.551003, stdev=0.112614, best fit=0.697300, best_overall=0.697300, mean_diversity=0.169902,
indivs=19740587, elapsed_secs=37657, mean=0.500260, stdev=0.058806, best fit=0.697300, best_overall=0.697300, mean_diversity=0.125633,
indivs=19750730, elapsed_secs=37679, mean=0.581388, stdev=0.152761, best fit=0.697300, best_overall=0.697300, mean_diversity=0.063635,
indivs=19760744, elapsed_secs=37699, mean=0.601347, stdev=0.112733, best fit=0.697300, best_overall=0.697300, mean_diversity=0.088401,
indivs=19770774, elapsed_secs=37720, mean=0.540121, stdev=0.171199, best fit=0.697300, best_overall=0.697300, mean_diversity=0.274937,
indivs=19780851, elapsed_secs=37742, mean=0.550697, stdev=0.181927, best fit=0.697300, best_overall=0.697300, mean_diversity=0.192118,
indivs=19790886, elapsed_secs=37759, mean=0.560144, stdev=0.129170, best fit=0.697300, best_overall=0.697300, mean_diversity=0.234098,
indivs=19801041, elapsed_secs=37777, mean=0.567718, stdev=0.138073, best fit=0.697300, best_overall=0.697300, mean_diversity=0.104299,
indivs=19811159, elapsed_secs=37796, mean=0.502899, stdev=0.117605, best fit=0.697300, best_overall=0.697300, mean_diversity=0.395926,
indivs=19821271, elapsed_secs=37816, mean=0.547926, stdev=0.183278, best fit=0.697300, best_overall=0.697300, mean_diversity=0.116152,
indivs=19831288, elapsed_secs=37834, mean=0.501287, stdev=0.096722, best fit=0.697300, best_overall=0.697300, mean_diversity=0.215979,
indivs=19841331, elapsed_secs=37854, mean=0.540735, stdev=0.111694, best fit=0.697300, best_overall=0.697300, mean_diversity=0.360175,
indivs=19851453, elapsed_secs=37873, mean=0.557276, stdev=0.101013, best fit=0.697300, best_overall=0.697300, mean_diversity=0.280119,
indivs=19861549, elapsed_secs=37895, mean=0.594437, stdev=0.110391, best fit=0.697300, best_overall=0.697300, mean_diversity=0.112830,
indivs=19871564, elapsed_secs=37913, mean=0.521381, stdev=0.082247, best fit=0.697300, best_overall=0.697300, mean_diversity=0.338016,
indivs=19881571, elapsed_secs=37933, mean=0.545861, stdev=0.123427, best fit=0.697300, best_overall=0.697300, mean_diversity=0.317576,
indivs=19891644, elapsed_secs=37952, mean=0.539131, stdev=0.058390, best fit=0.697300, best_overall=0.697300, mean_diversity=0.294039,
indivs=19901684, elapsed_secs=37972, mean=0.496973, stdev=0.053667, best fit=0.697300, best_overall=0.697300, mean_diversity=0.228007,
indivs=19911769, elapsed_secs=37990, mean=0.515743, stdev=0.151644, best fit=0.697300, best_overall=0.697300, mean_diversity=0.266254,
indivs=19921788, elapsed_secs=38011, mean=0.496535, stdev=0.053707, best fit=0.697300, best_overall=0.697300, mean_diversity=0.105841,
indivs=19931918, elapsed_secs=38029, mean=0.537360, stdev=0.136386, best fit=0.697300, best_overall=0.697300, mean_diversity=0.213853,
indivs=19941929, elapsed_secs=38050, mean=0.565017, stdev=0.113690, best fit=0.697300, best_overall=0.697300, mean_diversity=0.250320,
indivs=19951936, elapsed_secs=38069, mean=0.526639, stdev=0.149723, best fit=0.697300, best_overall=0.697300, mean_diversity=0.331520,
indivs=19962009, elapsed_secs=38089, mean=0.537209, stdev=0.167568, best fit=0.697300, best_overall=0.697300, mean_diversity=0.253391,
indivs=19972048, elapsed_secs=38107, mean=0.566658, stdev=0.151303, best fit=0.697300, best_overall=0.697300, mean_diversity=0.066871,
indivs=19982083, elapsed_secs=38127, mean=0.501952, stdev=0.019634, best fit=0.697300, best_overall=0.697300, mean_diversity=0.102698,
indivs=19992118, elapsed_secs=38146, mean=0.471175, stdev=0.124792, best fit=0.697300, best_overall=0.697300, mean_diversity=0.216943,
indivs=20002205, elapsed_secs=38166, mean=0.501248, stdev=0.200382, best fit=0.697300, best_overall=0.697300, mean_diversity=0.194115,
indivs=20012322, elapsed_secs=38188, mean=0.554537, stdev=0.139611, best fit=0.697300, best_overall=0.697300, mean_diversity=0.206217,
indivs=20022394, elapsed_secs=38210, mean=0.568994, stdev=0.130617, best fit=0.697300, best_overall=0.697300, mean_diversity=0.247122,
indivs=20032423, elapsed_secs=38229, mean=0.464768, stdev=0.172409, best fit=0.697300, best_overall=0.697300, mean_diversity=0.276800,
indivs=20042472, elapsed_secs=38248, mean=0.481667, stdev=0.136619, best fit=0.697300, best_overall=0.697300, mean_diversity=0.160594,
indivs=20052599, elapsed_secs=38265, mean=0.522802, stdev=0.218377, best fit=0.697300, best_overall=0.697300, mean_diversity=0.135242,
indivs=20062599, elapsed_secs=38285, mean=0.578247, stdev=0.151672, best fit=0.697300, best_overall=0.697300, mean_diversity=0.052092,
indivs=20072681, elapsed_secs=38305, mean=0.478212, stdev=0.140971, best fit=0.697300, best_overall=0.697300, mean_diversity=0.232994,
indivs=20082790, elapsed_secs=38325, mean=0.581998, stdev=0.161711, best fit=0.697300, best_overall=0.697300, mean_diversity=0.146171,
indivs=20092845, elapsed_secs=38344, mean=0.602857, stdev=0.133760, best fit=0.697300, best_overall=0.697300, mean_diversity=0.135399,
indivs=20102931, elapsed_secs=38362, mean=0.491315, stdev=0.136048, best fit=0.697300, best_overall=0.697300, mean_diversity=0.272244,
indivs=20112945, elapsed_secs=38382, mean=0.553892, stdev=0.152875, best fit=0.697300, best_overall=0.697300, mean_diversity=0.217591,
indivs=20123085, elapsed_secs=38400, mean=0.579584, stdev=0.116515, best fit=0.697300, best_overall=0.697300, mean_diversity=0.232732,
indivs=20133139, elapsed_secs=38422, mean=0.566769, stdev=0.130556, best fit=0.697300, best_overall=0.697300, mean_diversity=0.285595,
indivs=20143216, elapsed_secs=38437, mean=0.510056, stdev=0.181457, best fit=0.697300, best_overall=0.697300, mean_diversity=0.155013,
indivs=20153277, elapsed_secs=38458, mean=0.504875, stdev=0.132681, best fit=0.697300, best_overall=0.697300, mean_diversity=0.229498,
indivs=20163366, elapsed_secs=38478, mean=0.550837, stdev=0.104244, best fit=0.697300, best_overall=0.697300, mean_diversity=0.250652,
indivs=20173457, elapsed_secs=38501, mean=0.506131, stdev=0.115892, best fit=0.697300, best_overall=0.697300, mean_diversity=0.332888,
indivs=20183561, elapsed_secs=38519, mean=0.501845, stdev=0.089673, best fit=0.697300, best_overall=0.697300, mean_diversity=0.314578,
indivs=20193601, elapsed_secs=38541, mean=0.550774, stdev=0.106897, best fit=0.697300, best_overall=0.697300, mean_diversity=0.341843,
indivs=20203698, elapsed_secs=38561, mean=0.495729, stdev=0.102356, best fit=0.697300, best_overall=0.697300, mean_diversity=0.467073,
indivs=20213842, elapsed_secs=38581, mean=0.574231, stdev=0.086225, best fit=0.697300, best_overall=0.697300, mean_diversity=0.229575,
indivs=20223914, elapsed_secs=38600, mean=0.455662, stdev=0.173511, best fit=0.697300, best_overall=0.697300, mean_diversity=0.234377,
indivs=20233992, elapsed_secs=38620, mean=0.540500, stdev=0.160380, best fit=0.697300, best_overall=0.697300, mean_diversity=0.195872,
indivs=20244067, elapsed_secs=38641, mean=0.573192, stdev=0.112921, best fit=0.697300, best_overall=0.697300, mean_diversity=0.076736,
indivs=20254143, elapsed_secs=38661, mean=0.452928, stdev=0.146013, best fit=0.697300, best_overall=0.697300, mean_diversity=0.114479,
indivs=20264177, elapsed_secs=38680, mean=0.533509, stdev=0.135071, best fit=0.697300, best_overall=0.697300, mean_diversity=0.207270,
indivs=20274265, elapsed_secs=38696, mean=0.514807, stdev=0.126654, best fit=0.697300, best_overall=0.697300, mean_diversity=0.379633,
indivs=20284275, elapsed_secs=38714, mean=0.539691, stdev=0.111324, best fit=0.697300, best_overall=0.697300, mean_diversity=0.183446,
indivs=20294302, elapsed_secs=38732, mean=0.563044, stdev=0.138940, best fit=0.697300, best_overall=0.697300, mean_diversity=0.236235,
indivs=20304383, elapsed_secs=38751, mean=0.547622, stdev=0.172210, best fit=0.697300, best_overall=0.697300, mean_diversity=0.080839,
indivs=20314399, elapsed_secs=38770, mean=0.551366, stdev=0.124266, best fit=0.697300, best_overall=0.697300, mean_diversity=0.341646,
indivs=20324422, elapsed_secs=38792, mean=0.501973, stdev=0.019631, best fit=0.697300, best_overall=0.697300, mean_diversity=0.051050,
indivs=20334524, elapsed_secs=38810, mean=0.547869, stdev=0.151217, best fit=0.697300, best_overall=0.697300, mean_diversity=0.117000,
indivs=20344553, elapsed_secs=38834, mean=0.531156, stdev=0.099193, best fit=0.697300, best_overall=0.697300, mean_diversity=0.330433,
indivs=20354643, elapsed_secs=38854, mean=0.518456, stdev=0.071174, best fit=0.697300, best_overall=0.697300, mean_diversity=0.350424,
indivs=20364670, elapsed_secs=38874, mean=0.547658, stdev=0.151360, best fit=0.697300, best_overall=0.697300, mean_diversity=0.117210,
indivs=20374699, elapsed_secs=38894, mean=0.593018, stdev=0.083815, best fit=0.697300, best_overall=0.697300, mean_diversity=0.183243,
indivs=20384817, elapsed_secs=38912, mean=0.574004, stdev=0.159227, best fit=0.697300, best_overall=0.697300, mean_diversity=0.084015,
indivs=20394891, elapsed_secs=38930, mean=0.611417, stdev=0.100086, best fit=0.697300, best_overall=0.697300, mean_diversity=0.100906,
indivs=20404906, elapsed_secs=38948, mean=0.538958, stdev=0.110744, best fit=0.697300, best_overall=0.697300, mean_diversity=0.181217,
indivs=20414959, elapsed_secs=38967, mean=0.556018, stdev=0.099998, best fit=0.697300, best_overall=0.697300, mean_diversity=0.185173,
indivs=20425016, elapsed_secs=38989, mean=0.606901, stdev=0.096042, best fit=0.697300, best_overall=0.697300, mean_diversity=0.121168,
indivs=20435119, elapsed_secs=39008, mean=0.517982, stdev=0.105975, best fit=0.697300, best_overall=0.697300, mean_diversity=0.480264,
indivs=20445202, elapsed_secs=39028, mean=0.545862, stdev=0.172408, best fit=0.697300, best_overall=0.697300, mean_diversity=0.164220,
indivs=20455299, elapsed_secs=39050, mean=0.566949, stdev=0.142935, best fit=0.697300, best_overall=0.697300, mean_diversity=0.208695,
indivs=20465366, elapsed_secs=39068, mean=0.522650, stdev=0.114925, best fit=0.697300, best_overall=0.697300, mean_diversity=0.488305,
indivs=20475387, elapsed_secs=39089, mean=0.510958, stdev=0.036861, best fit=0.697300, best_overall=0.697300, mean_diversity=0.192510,
indivs=20485428, elapsed_secs=39106, mean=0.488545, stdev=0.119090, best fit=0.697300, best_overall=0.697300, mean_diversity=0.183815,
indivs=20495442, elapsed_secs=39126, mean=0.503350, stdev=0.134273, best fit=0.697300, best_overall=0.697300, mean_diversity=0.336206,
indivs=20505556, elapsed_secs=39146, mean=0.543760, stdev=0.125932, best fit=0.697300, best_overall=0.697300, mean_diversity=0.305944,
indivs=20515625, elapsed_secs=39165, mean=0.533041, stdev=0.111214, best fit=0.697300, best_overall=0.697300, mean_diversity=0.197244,
indivs=20525676, elapsed_secs=39185, mean=0.535716, stdev=0.084996, best fit=0.697300, best_overall=0.697300, mean_diversity=0.153860,
indivs=20535696, elapsed_secs=39206, mean=0.520177, stdev=0.101309, best fit=0.697300, best_overall=0.697300, mean_diversity=0.367257,
indivs=20545773, elapsed_secs=39222, mean=0.511167, stdev=0.135856, best fit=0.697300, best_overall=0.697300, mean_diversity=0.421148,
indivs=20555837, elapsed_secs=39239, mean=0.517657, stdev=0.047150, best fit=0.697300, best_overall=0.697300, mean_diversity=0.303902,
indivs=20565885, elapsed_secs=39256, mean=0.567563, stdev=0.134006, best fit=0.697300, best_overall=0.697300, mean_diversity=0.077653,
indivs=20575900, elapsed_secs=39275, mean=0.500658, stdev=0.106166, best fit=0.697300, best_overall=0.697300, mean_diversity=0.137901,
indivs=20585938, elapsed_secs=39295, mean=0.541257, stdev=0.148452, best fit=0.697300, best_overall=0.697300, mean_diversity=0.204383,
indivs=20596073, elapsed_secs=39317, mean=0.592472, stdev=0.153254, best fit=0.697300, best_overall=0.697300, mean_diversity=0.082580,
indivs=20606133, elapsed_secs=39338, mean=0.506693, stdev=0.077453, best fit=0.697300, best_overall=0.697300, mean_diversity=0.238073,
indivs=20616212, elapsed_secs=39355, mean=0.541740, stdev=0.137829, best fit=0.697300, best_overall=0.697300, mean_diversity=0.174197,
indivs=20626304, elapsed_secs=39377, mean=0.601894, stdev=0.154211, best fit=0.697300, best_overall=0.697300, mean_diversity=0.103531,
indivs=20636457, elapsed_secs=39400, mean=0.594924, stdev=0.125616, best fit=0.697300, best_overall=0.697300, mean_diversity=0.028596,
indivs=20646478, elapsed_secs=39420, mean=0.454763, stdev=0.093268, best fit=0.697300, best_overall=0.697300, mean_diversity=0.196466,
indivs=20656527, elapsed_secs=39437, mean=0.500114, stdev=0.082860, best fit=0.697300, best_overall=0.697300, mean_diversity=0.263342,
indivs=20666581, elapsed_secs=39456, mean=0.569946, stdev=0.106876, best fit=0.697300, best_overall=0.697300, mean_diversity=0.175195,
indivs=20676698, elapsed_secs=39476, mean=0.518430, stdev=0.143493, best fit=0.697300, best_overall=0.697300, mean_diversity=0.231789,
indivs=20686767, elapsed_secs=39494, mean=0.505123, stdev=0.151184, best fit=0.697300, best_overall=0.697300, mean_diversity=0.405643,
indivs=20696830, elapsed_secs=39513, mean=0.588205, stdev=0.122633, best fit=0.697300, best_overall=0.697300, mean_diversity=0.171349,
indivs=20706919, elapsed_secs=39534, mean=0.594232, stdev=0.101214, best fit=0.697300, best_overall=0.697300, mean_diversity=0.144097,
indivs=20716928, elapsed_secs=39551, mean=0.526414, stdev=0.122321, best fit=0.697300, best_overall=0.697300, mean_diversity=0.084269,
indivs=20726956, elapsed_secs=39572, mean=0.507391, stdev=0.068150, best fit=0.697300, best_overall=0.697300, mean_diversity=0.214417,
indivs=20736972, elapsed_secs=39589, mean=0.506294, stdev=0.088132, best fit=0.697300, best_overall=0.697300, mean_diversity=0.192543,
indivs=20747053, elapsed_secs=39609, mean=0.568907, stdev=0.086368, best fit=0.697300, best_overall=0.697300, mean_diversity=0.292379,
indivs=20757075, elapsed_secs=39626, mean=0.518485, stdev=0.084981, best fit=0.697300, best_overall=0.697300, mean_diversity=0.271250,
indivs=20767116, elapsed_secs=39644, mean=0.498463, stdev=0.058147, best fit=0.697300, best_overall=0.697300, mean_diversity=0.343026,
indivs=20777215, elapsed_secs=39662, mean=0.447468, stdev=0.144416, best fit=0.697300, best_overall=0.697300, mean_diversity=0.188017,
indivs=20787230, elapsed_secs=39682, mean=0.555094, stdev=0.125915, best fit=0.697300, best_overall=0.697300, mean_diversity=0.232398,
indivs=20797306, elapsed_secs=39702, mean=0.590979, stdev=0.119256, best fit=0.697300, best_overall=0.697300, mean_diversity=0.170135,
indivs=20807367, elapsed_secs=39721, mean=0.518350, stdev=0.046851, best fit=0.697300, best_overall=0.697300, mean_diversity=0.198696,
indivs=20817369, elapsed_secs=39737, mean=0.501973, stdev=0.019631, best fit=0.697300, best_overall=0.697300, mean_diversity=0.067468,
indivs=20827409, elapsed_secs=39756, mean=0.551908, stdev=0.082510, best fit=0.697300, best_overall=0.697300, mean_diversity=0.316354,
indivs=20837413, elapsed_secs=39775, mean=0.507390, stdev=0.046871, best fit=0.697300, best_overall=0.697300, mean_diversity=0.283106,
indivs=20847532, elapsed_secs=39792, mean=0.541863, stdev=0.130078, best fit=0.697300, best_overall=0.697300, mean_diversity=0.227860,
indivs=20857584, elapsed_secs=39813, mean=0.492416, stdev=0.206649, best fit=0.697300, best_overall=0.697300, mean_diversity=0.194634,
indivs=20867592, elapsed_secs=39831, mean=0.500289, stdev=0.025803, best fit=0.697300, best_overall=0.697300, mean_diversity=0.147214,
indivs=20877675, elapsed_secs=39850, mean=0.514323, stdev=0.111994, best fit=0.697300, best_overall=0.697300, mean_diversity=0.368393,
indivs=20887724, elapsed_secs=39871, mean=0.520942, stdev=0.040021, best fit=0.697300, best_overall=0.697300, mean_diversity=0.254786,
indivs=20897827, elapsed_secs=39888, mean=0.586264, stdev=0.160789, best fit=0.697300, best_overall=0.697300, mean_diversity=0.289278,
indivs=20907837, elapsed_secs=39904, mean=0.510054, stdev=0.154049, best fit=0.697300, best_overall=0.697300, mean_diversity=0.318599,
indivs=20917870, elapsed_secs=39923, mean=0.512998, stdev=0.069701, best fit=0.697300, best_overall=0.697300, mean_diversity=0.350335,
indivs=20927908, elapsed_secs=39940, mean=0.504429, stdev=0.026510, best fit=0.697300, best_overall=0.697300, mean_diversity=0.074099,
indivs=20937928, elapsed_secs=39962, mean=0.582891, stdev=0.116005, best fit=0.697300, best_overall=0.697300, mean_diversity=0.224024,
indivs=20947936, elapsed_secs=39984, mean=0.525867, stdev=0.084435, best fit=0.697300, best_overall=0.697300, mean_diversity=0.246340,
indivs=20958011, elapsed_secs=40002, mean=0.501306, stdev=0.115846, best fit=0.697300, best_overall=0.697300, mean_diversity=0.130129,
indivs=20968169, elapsed_secs=40023, mean=0.604220, stdev=0.131297, best fit=0.697300, best_overall=0.697300, mean_diversity=0.096785,
indivs=20978178, elapsed_secs=40043, mean=0.497842, stdev=0.057385, best fit=0.697300, best_overall=0.697300, mean_diversity=0.076812,
indivs=20988189, elapsed_secs=40063, mean=0.519974, stdev=0.086322, best fit=0.697300, best_overall=0.697300, mean_diversity=0.215362,
indivs=20998193, elapsed_secs=40081, mean=0.577989, stdev=0.109491, best fit=0.697300, best_overall=0.697300, mean_diversity=0.205575,
indivs=21008322, elapsed_secs=40099, mean=0.573776, stdev=0.082956, best fit=0.697300, best_overall=0.697300, mean_diversity=0.216766,
indivs=21018458, elapsed_secs=40121, mean=0.550290, stdev=0.195090, best fit=0.697300, best_overall=0.697300, mean_diversity=0.186461,
indivs=21028482, elapsed_secs=40141, mean=0.473597, stdev=0.157304, best fit=0.697300, best_overall=0.697300, mean_diversity=0.245588,
indivs=21038483, elapsed_secs=40159, mean=0.571156, stdev=0.145391, best fit=0.697300, best_overall=0.697300, mean_diversity=0.124847,
indivs=21048556, elapsed_secs=40179, mean=0.510481, stdev=0.045609, best fit=0.697300, best_overall=0.697300, mean_diversity=0.255881,
indivs=21058617, elapsed_secs=40196, mean=0.532231, stdev=0.121862, best fit=0.697300, best_overall=0.697300, mean_diversity=0.222184,
indivs=21068652, elapsed_secs=40215, mean=0.514513, stdev=0.078333, best fit=0.697300, best_overall=0.697300, mean_diversity=0.271364,
indivs=21078785, elapsed_secs=40235, mean=0.615311, stdev=0.107804, best fit=0.697300, best_overall=0.697300, mean_diversity=0.088640,
indivs=21088803, elapsed_secs=40255, mean=0.494581, stdev=0.027233, best fit=0.697300, best_overall=0.697300, mean_diversity=0.155147,
indivs=21098841, elapsed_secs=40274, mean=0.507276, stdev=0.065654, best fit=0.697300, best_overall=0.697300, mean_diversity=0.232018,
indivs=21108908, elapsed_secs=40295, mean=0.496748, stdev=0.114577, best fit=0.697300, best_overall=0.697300, mean_diversity=0.197863,
indivs=21118919, elapsed_secs=40312, mean=0.548661, stdev=0.065432, best fit=0.697300, best_overall=0.697300, mean_diversity=0.106080,
indivs=21128987, elapsed_secs=40331, mean=0.547571, stdev=0.076582, best fit=0.697300, best_overall=0.697300, mean_diversity=0.330974,
indivs=21139117, elapsed_secs=40351, mean=0.577993, stdev=0.177203, best fit=0.697300, best_overall=0.697300, mean_diversity=0.088930,
indivs=21149243, elapsed_secs=40369, mean=0.543075, stdev=0.074895, best fit=0.697300, best_overall=0.697300, mean_diversity=0.230233,
indivs=21159359, elapsed_secs=40390, mean=0.539136, stdev=0.126617, best fit=0.697300, best_overall=0.697300, mean_diversity=0.413922,
indivs=21169463, elapsed_secs=40406, mean=0.595651, stdev=0.100175, best fit=0.697300, best_overall=0.697300, mean_diversity=0.111547,
indivs=21179487, elapsed_secs=40427, mean=0.509426, stdev=0.105937, best fit=0.697300, best_overall=0.697300, mean_diversity=0.254973,
indivs=21189489, elapsed_secs=40444, mean=0.496958, stdev=0.054560, best fit=0.697300, best_overall=0.697300, mean_diversity=0.074459,
indivs=21199505, elapsed_secs=40465, mean=0.447647, stdev=0.138156, best fit=0.697300, best_overall=0.697300, mean_diversity=0.221393,
indivs=21209551, elapsed_secs=40485, mean=0.509226, stdev=0.101986, best fit=0.697300, best_overall=0.697300, mean_diversity=0.402385,
indivs=21219655, elapsed_secs=40505, mean=0.494390, stdev=0.111606, best fit=0.697300, best_overall=0.697300, mean_diversity=0.286812,
indivs=21229791, elapsed_secs=40521, mean=0.565600, stdev=0.130476, best fit=0.697300, best_overall=0.697300, mean_diversity=0.277554,
indivs=21239868, elapsed_secs=40540, mean=0.535296, stdev=0.101099, best fit=0.697300, best_overall=0.697300, mean_diversity=0.179767,
indivs=21249935, elapsed_secs=40560, mean=0.566751, stdev=0.102206, best fit=0.697300, best_overall=0.697300, mean_diversity=0.209088,
indivs=21260067, elapsed_secs=40578, mean=0.518381, stdev=0.140946, best fit=0.697300, best_overall=0.697300, mean_diversity=0.257280,
indivs=21270171, elapsed_secs=40599, mean=0.490619, stdev=0.054652, best fit=0.697300, best_overall=0.697300, mean_diversity=0.201054,
indivs=21280213, elapsed_secs=40619, mean=0.515086, stdev=0.109200, best fit=0.697300, best_overall=0.697300, mean_diversity=0.203017,
indivs=21290329, elapsed_secs=40637, mean=0.492105, stdev=0.187390, best fit=0.697300, best_overall=0.697300, mean_diversity=0.300958,
indivs=21300378, elapsed_secs=40657, mean=0.508993, stdev=0.184330, best fit=0.697300, best_overall=0.697300, mean_diversity=0.106346,
indivs=21310490, elapsed_secs=40677, mean=0.609830, stdev=0.080098, best fit=0.697300, best_overall=0.697300, mean_diversity=0.106592,
indivs=21320525, elapsed_secs=40697, mean=0.575977, stdev=0.152785, best fit=0.697300, best_overall=0.697300, mean_diversity=0.043458,
indivs=21330569, elapsed_secs=40716, mean=0.558896, stdev=0.134263, best fit=0.697300, best_overall=0.697300, mean_diversity=0.224294,
indivs=21340607, elapsed_secs=40732, mean=0.565143, stdev=0.154053, best fit=0.697300, best_overall=0.697300, mean_diversity=0.070578,
indivs=21350626, elapsed_secs=40750, mean=0.510141, stdev=0.130186, best fit=0.697300, best_overall=0.697300, mean_diversity=0.306395,
indivs=21360646, elapsed_secs=40770, mean=0.515102, stdev=0.146593, best fit=0.697300, best_overall=0.697300, mean_diversity=0.161206,
indivs=21370726, elapsed_secs=40786, mean=0.582286, stdev=0.119020, best fit=0.697300, best_overall=0.697300, mean_diversity=0.339254,
indivs=21380824, elapsed_secs=40804, mean=0.592585, stdev=0.118119, best fit=0.697300, best_overall=0.697300, mean_diversity=0.165491,
indivs=21390830, elapsed_secs=40823, mean=0.478479, stdev=0.153058, best fit=0.697300, best_overall=0.697300, mean_diversity=0.535028,
indivs=21400909, elapsed_secs=40840, mean=0.463261, stdev=0.126170, best fit=0.697300, best_overall=0.697300, mean_diversity=0.329784,
indivs=21411007, elapsed_secs=40860, mean=0.503770, stdev=0.116853, best fit=0.697300, best_overall=0.697300, mean_diversity=0.247194,
indivs=21421041, elapsed_secs=40878, mean=0.501463, stdev=0.114009, best fit=0.697300, best_overall=0.697300, mean_diversity=0.239787,
indivs=21431174, elapsed_secs=40895, mean=0.483437, stdev=0.206271, best fit=0.697300, best_overall=0.697300, mean_diversity=0.171091,
indivs=21441239, elapsed_secs=40914, mean=0.515750, stdev=0.188564, best fit=0.697300, best_overall=0.697300, mean_diversity=0.110164,
indivs=21451248, elapsed_secs=40932, mean=0.587040, stdev=0.131681, best fit=0.697300, best_overall=0.697300, mean_diversity=0.150085,
indivs=21461250, elapsed_secs=40949, mean=0.462490, stdev=0.133431, best fit=0.697300, best_overall=0.697300, mean_diversity=0.198197,
indivs=21471371, elapsed_secs=40966, mean=0.550673, stdev=0.126775, best fit=0.697300, best_overall=0.697300, mean_diversity=0.152881,
indivs=21481491, elapsed_secs=40982, mean=0.527967, stdev=0.113918, best fit=0.697300, best_overall=0.697300, mean_diversity=0.427163,
indivs=21491532, elapsed_secs=41002, mean=0.550715, stdev=0.179024, best fit=0.697300, best_overall=0.697300, mean_diversity=0.204558,
indivs=21501674, elapsed_secs=41021, mean=0.550414, stdev=0.147787, best fit=0.697300, best_overall=0.697300, mean_diversity=0.210207,
indivs=21511818, elapsed_secs=41041, mean=0.564519, stdev=0.129013, best fit=0.697300, best_overall=0.697300, mean_diversity=0.226792,
indivs=21521896, elapsed_secs=41060, mean=0.498973, stdev=0.035892, best fit=0.697300, best_overall=0.697300, mean_diversity=0.064721,
indivs=21532020, elapsed_secs=41080, mean=0.580605, stdev=0.103141, best fit=0.697300, best_overall=0.697300, mean_diversity=0.150148,
indivs=21542050, elapsed_secs=41100, mean=0.535078, stdev=0.099342, best fit=0.697300, best_overall=0.697300, mean_diversity=0.226914,
indivs=21552095, elapsed_secs=41118, mean=0.562741, stdev=0.166837, best fit=0.697300, best_overall=0.697300, mean_diversity=0.129506,
indivs=21562120, elapsed_secs=41136, mean=0.487110, stdev=0.072113, best fit=0.697300, best_overall=0.697300, mean_diversity=0.162911,
indivs=21572166, elapsed_secs=41153, mean=0.527698, stdev=0.083087, best fit=0.697300, best_overall=0.697300, mean_diversity=0.262000,
indivs=21582220, elapsed_secs=41169, mean=0.543581, stdev=0.078562, best fit=0.697300, best_overall=0.697300, mean_diversity=0.313916,
indivs=21592276, elapsed_secs=41188, mean=0.593589, stdev=0.083977, best fit=0.697300, best_overall=0.697300, mean_diversity=0.221429,
indivs=21602302, elapsed_secs=41206, mean=0.501743, stdev=0.020090, best fit=0.697300, best_overall=0.697300, mean_diversity=0.390338,
indivs=21612415, elapsed_secs=41224, mean=0.488863, stdev=0.160002, best fit=0.697300, best_overall=0.697300, mean_diversity=0.340976,
indivs=21622488, elapsed_secs=41248, mean=0.522890, stdev=0.059274, best fit=0.697300, best_overall=0.697300, mean_diversity=0.369962,
indivs=21632630, elapsed_secs=41268, mean=0.549359, stdev=0.144938, best fit=0.697300, best_overall=0.697300, mean_diversity=0.190131,
indivs=21642661, elapsed_secs=41288, mean=0.542381, stdev=0.214389, best fit=0.697300, best_overall=0.697300, mean_diversity=0.164598,
indivs=21652779, elapsed_secs=41307, mean=0.560439, stdev=0.084854, best fit=0.697300, best_overall=0.697300, mean_diversity=0.261493,
indivs=21662900, elapsed_secs=41327, mean=0.553260, stdev=0.152180, best fit=0.697300, best_overall=0.697300, mean_diversity=0.164768,
indivs=21672991, elapsed_secs=41345, mean=0.489339, stdev=0.154393, best fit=0.697300, best_overall=0.697300, mean_diversity=0.295750,
indivs=21683033, elapsed_secs=41370, mean=0.539127, stdev=0.128890, best fit=0.697300, best_overall=0.697300, mean_diversity=0.205235,
indivs=21693075, elapsed_secs=41387, mean=0.447787, stdev=0.268395, best fit=0.697300, best_overall=0.697300, mean_diversity=0.070151,
indivs=21703177, elapsed_secs=41410, mean=0.499095, stdev=0.117828, best fit=0.697300, best_overall=0.697300, mean_diversity=0.181486,
indivs=21713215, elapsed_secs=41432, mean=0.496974, stdev=0.078962, best fit=0.697300, best_overall=0.697300, mean_diversity=0.111627,
indivs=21723303, elapsed_secs=41453, mean=0.496803, stdev=0.115101, best fit=0.697300, best_overall=0.697300, mean_diversity=0.258918,
indivs=21733391, elapsed_secs=41473, mean=0.474658, stdev=0.112355, best fit=0.697300, best_overall=0.697300, mean_diversity=0.228883,
indivs=21743403, elapsed_secs=41488, mean=0.539578, stdev=0.060541, best fit=0.697300, best_overall=0.697300, mean_diversity=0.361354,
indivs=21753434, elapsed_secs=41506, mean=0.478232, stdev=0.237813, best fit=0.697300, best_overall=0.697300, mean_diversity=0.133236,
indivs=21763464, elapsed_secs=41525, mean=0.501660, stdev=0.019743, best fit=0.697300, best_overall=0.697300, mean_diversity=0.124831,
indivs=21773479, elapsed_secs=41546, mean=0.520836, stdev=0.081662, best fit=0.697300, best_overall=0.697300, mean_diversity=0.262973,
indivs=21783496, elapsed_secs=41568, mean=0.495524, stdev=0.094675, best fit=0.697300, best_overall=0.697300, mean_diversity=0.225321,
indivs=21793521, elapsed_secs=41585, mean=0.502155, stdev=0.059449, best fit=0.697300, best_overall=0.697300, mean_diversity=0.192752,
indivs=21803664, elapsed_secs=41607, mean=0.599846, stdev=0.130934, best fit=0.697300, best_overall=0.697300, mean_diversity=0.037456,
indivs=21813715, elapsed_secs=41629, mean=0.561923, stdev=0.087025, best fit=0.697300, best_overall=0.697300, mean_diversity=0.394174,
indivs=21823821, elapsed_secs=41653, mean=0.547045, stdev=0.189477, best fit=0.697300, best_overall=0.697300, mean_diversity=0.117296,
indivs=21833924, elapsed_secs=41675, mean=0.558753, stdev=0.087810, best fit=0.697300, best_overall=0.697300, mean_diversity=0.234063,
indivs=21843950, elapsed_secs=41695, mean=0.484103, stdev=0.116818, best fit=0.697300, best_overall=0.697300, mean_diversity=0.274518,
indivs=21854057, elapsed_secs=41715, mean=0.563905, stdev=0.175246, best fit=0.697300, best_overall=0.697300, mean_diversity=0.088849,
indivs=21864123, elapsed_secs=41735, mean=0.502948, stdev=0.025663, best fit=0.697300, best_overall=0.697300, mean_diversity=0.221116,
indivs=21874209, elapsed_secs=41752, mean=0.492395, stdev=0.109677, best fit=0.697300, best_overall=0.697300, mean_diversity=0.210332,
indivs=21884259, elapsed_secs=41774, mean=0.535448, stdev=0.086594, best fit=0.697300, best_overall=0.697300, mean_diversity=0.222889,
indivs=21894262, elapsed_secs=41790, mean=0.520191, stdev=0.076545, best fit=0.697300, best_overall=0.697300, mean_diversity=0.187896,
indivs=21904342, elapsed_secs=41808, mean=0.562504, stdev=0.116680, best fit=0.697300, best_overall=0.697300, mean_diversity=0.218663,
indivs=21914433, elapsed_secs=41826, mean=0.512774, stdev=0.105470, best fit=0.697300, best_overall=0.697300, mean_diversity=0.216399,
indivs=21924505, elapsed_secs=41850, mean=0.540324, stdev=0.162847, best fit=0.697300, best_overall=0.697300, mean_diversity=0.129000,
indivs=21934507, elapsed_secs=41870, mean=0.554613, stdev=0.113553, best fit=0.697300, best_overall=0.697300, mean_diversity=0.256265,
indivs=21944597, elapsed_secs=41889, mean=0.525740, stdev=0.117269, best fit=0.697300, best_overall=0.697300, mean_diversity=0.279209,
indivs=21954620, elapsed_secs=41910, mean=0.543025, stdev=0.092166, best fit=0.697300, best_overall=0.697300, mean_diversity=0.243908,
indivs=21964654, elapsed_secs=41929, mean=0.551436, stdev=0.103384, best fit=0.697300, best_overall=0.697300, mean_diversity=0.265181,
indivs=21974751, elapsed_secs=41949, mean=0.506796, stdev=0.116579, best fit=0.697300, best_overall=0.697300, mean_diversity=0.233923,
indivs=21984834, elapsed_secs=41965, mean=0.501973, stdev=0.019631, best fit=0.697300, best_overall=0.697300, mean_diversity=0.085524,
indivs=21994934, elapsed_secs=41983, mean=0.512006, stdev=0.044255, best fit=0.697300, best_overall=0.697300, mean_diversity=0.131612,
indivs=22004994, elapsed_secs=42003, mean=0.500851, stdev=0.021176, best fit=0.697300, best_overall=0.697300, mean_diversity=0.115890,
indivs=22015064, elapsed_secs=42020, mean=0.505778, stdev=0.032860, best fit=0.697300, best_overall=0.697300, mean_diversity=0.050750,
indivs=22025116, elapsed_secs=42041, mean=0.506616, stdev=0.064265, best fit=0.697300, best_overall=0.697300, mean_diversity=0.306000,
indivs=22035200, elapsed_secs=42058, mean=0.494471, stdev=0.054180, best fit=0.697300, best_overall=0.697300, mean_diversity=0.097534,
indivs=22045306, elapsed_secs=42077, mean=0.592211, stdev=0.089364, best fit=0.697300, best_overall=0.697300, mean_diversity=0.168760,
indivs=22055359, elapsed_secs=42095, mean=0.480497, stdev=0.114585, best fit=0.697300, best_overall=0.697300, mean_diversity=0.103756,
indivs=22065490, elapsed_secs=42113, mean=0.548157, stdev=0.165628, best fit=0.697300, best_overall=0.697300, mean_diversity=0.186552,
indivs=22075603, elapsed_secs=42132, mean=0.531641, stdev=0.143665, best fit=0.697300, best_overall=0.697300, mean_diversity=0.256067,
indivs=22085694, elapsed_secs=42150, mean=0.491348, stdev=0.073049, best fit=0.697300, best_overall=0.697300, mean_diversity=0.192836,
indivs=22095729, elapsed_secs=42169, mean=0.563936, stdev=0.164634, best fit=0.697300, best_overall=0.697300, mean_diversity=0.140167,
indivs=22105805, elapsed_secs=42188, mean=0.552310, stdev=0.141890, best fit=0.697300, best_overall=0.697300, mean_diversity=0.310837,
indivs=22115867, elapsed_secs=42208, mean=0.518367, stdev=0.136423, best fit=0.697300, best_overall=0.697300, mean_diversity=0.230372,
indivs=22125912, elapsed_secs=42226, mean=0.503903, stdev=0.027323, best fit=0.697300, best_overall=0.697300, mean_diversity=0.148036,
indivs=22136051, elapsed_secs=42246, mean=0.614877, stdev=0.120788, best fit=0.697300, best_overall=0.697300, mean_diversity=0.164050,
indivs=22146103, elapsed_secs=42265, mean=0.501973, stdev=0.019631, best fit=0.697300, best_overall=0.697300, mean_diversity=0.046771,
indivs=22156216, elapsed_secs=42285, mean=0.555789, stdev=0.079689, best fit=0.697300, best_overall=0.697300, mean_diversity=0.243994,
indivs=22166249, elapsed_secs=42305, mean=0.505485, stdev=0.030701, best fit=0.697300, best_overall=0.697300, mean_diversity=0.113819,
indivs=22176356, elapsed_secs=42325, mean=0.554381, stdev=0.156738, best fit=0.697300, best_overall=0.697300, mean_diversity=0.230692,
indivs=22186380, elapsed_secs=42341, mean=0.535422, stdev=0.113202, best fit=0.697300, best_overall=0.697300, mean_diversity=0.314118,
indivs=22196492, elapsed_secs=42360, mean=0.561821, stdev=0.133541, best fit=0.697300, best_overall=0.697300, mean_diversity=0.067658,
indivs=22206553, elapsed_secs=42377, mean=0.604826, stdev=0.102830, best fit=0.697300, best_overall=0.697300, mean_diversity=0.224329,
indivs=22216641, elapsed_secs=42399, mean=0.512308, stdev=0.122062, best fit=0.697300, best_overall=0.697300, mean_diversity=0.358846,
indivs=22226787, elapsed_secs=42419, mean=0.591213, stdev=0.082546, best fit=0.697300, best_overall=0.697300, mean_diversity=0.199097,
indivs=22236936, elapsed_secs=42440, mean=0.576842, stdev=0.144659, best fit=0.697300, best_overall=0.697300, mean_diversity=0.245066,
indivs=22247028, elapsed_secs=42461, mean=0.482403, stdev=0.217418, best fit=0.697300, best_overall=0.697300, mean_diversity=0.205956,
indivs=22257183, elapsed_secs=42477, mean=0.467672, stdev=0.243753, best fit=0.697300, best_overall=0.697300, mean_diversity=0.143102,
indivs=22267267, elapsed_secs=42498, mean=0.557485, stdev=0.101958, best fit=0.697300, best_overall=0.697300, mean_diversity=0.203937,
indivs=22277273, elapsed_secs=42519, mean=0.548883, stdev=0.075642, best fit=0.697300, best_overall=0.697300, mean_diversity=0.392850,
indivs=22287277, elapsed_secs=42538, mean=0.591569, stdev=0.133975, best fit=0.697300, best_overall=0.697300, mean_diversity=0.165891,
indivs=22297359, elapsed_secs=42559, mean=0.549432, stdev=0.189825, best fit=0.697300, best_overall=0.697300, mean_diversity=0.113947,
indivs=22307404, elapsed_secs=42581, mean=0.520204, stdev=0.137800, best fit=0.697300, best_overall=0.697300, mean_diversity=0.204384,
indivs=22317480, elapsed_secs=42602, mean=0.497710, stdev=0.097902, best fit=0.697300, best_overall=0.697300, mean_diversity=0.236023,
indivs=22327542, elapsed_secs=42620, mean=0.566699, stdev=0.091710, best fit=0.697300, best_overall=0.697300, mean_diversity=0.307572,
indivs=22337613, elapsed_secs=42636, mean=0.562086, stdev=0.127857, best fit=0.697300, best_overall=0.697300, mean_diversity=0.261025,
indivs=22347680, elapsed_secs=42653, mean=0.535453, stdev=0.127866, best fit=0.697300, best_overall=0.697300, mean_diversity=0.163670,
indivs=22357838, elapsed_secs=42674, mean=0.553550, stdev=0.168854, best fit=0.697300, best_overall=0.697300, mean_diversity=0.126387,
indivs=22367858, elapsed_secs=42691, mean=0.557436, stdev=0.151908, best fit=0.697300, best_overall=0.697300, mean_diversity=0.107320,
indivs=22377885, elapsed_secs=42709, mean=0.512824, stdev=0.137692, best fit=0.697300, best_overall=0.697300, mean_diversity=0.298824,
indivs=22387921, elapsed_secs=42729, mean=0.585126, stdev=0.132806, best fit=0.697300, best_overall=0.697300, mean_diversity=0.207462,
indivs=22398075, elapsed_secs=42749, mean=0.568146, stdev=0.131685, best fit=0.697300, best_overall=0.697300, mean_diversity=0.194466,
indivs=22408231, elapsed_secs=42769, mean=0.593079, stdev=0.110924, best fit=0.697300, best_overall=0.697300, mean_diversity=0.154150,
indivs=22418347, elapsed_secs=42790, mean=0.578936, stdev=0.079533, best fit=0.697300, best_overall=0.697300, mean_diversity=0.345260,
indivs=22428466, elapsed_secs=42810, mean=0.543268, stdev=0.126109, best fit=0.697300, best_overall=0.697300, mean_diversity=0.322761,
indivs=22438488, elapsed_secs=42830, mean=0.495154, stdev=0.218970, best fit=0.697300, best_overall=0.697300, mean_diversity=0.080486,
indivs=22448549, elapsed_secs=42847, mean=0.526271, stdev=0.066274, best fit=0.697300, best_overall=0.697300, mean_diversity=0.322888,
indivs=22458667, elapsed_secs=42868, mean=0.575649, stdev=0.133314, best fit=0.697300, best_overall=0.697300, mean_diversity=0.123407,
indivs=22468715, elapsed_secs=42887, mean=0.572400, stdev=0.125115, best fit=0.697300, best_overall=0.697300, mean_diversity=0.143023,
indivs=22478800, elapsed_secs=42908, mean=0.524717, stdev=0.206985, best fit=0.697300, best_overall=0.697300, mean_diversity=0.110839,
indivs=22488950, elapsed_secs=42926, mean=0.590074, stdev=0.120537, best fit=0.697300, best_overall=0.697300, mean_diversity=0.150292,
indivs=22499027, elapsed_secs=42944, mean=0.542897, stdev=0.141958, best fit=0.697300, best_overall=0.697300, mean_diversity=0.250173,
indivs=22509042, elapsed_secs=42963, mean=0.557876, stdev=0.150181, best fit=0.697300, best_overall=0.697300, mean_diversity=0.181350,
indivs=22519132, elapsed_secs=42983, mean=0.502157, stdev=0.021555, best fit=0.697300, best_overall=0.697300, mean_diversity=0.095435,
indivs=22529172, elapsed_secs=43002, mean=0.499817, stdev=0.028136, best fit=0.697300, best_overall=0.697300, mean_diversity=0.053490,
indivs=22539255, elapsed_secs=43019, mean=0.483894, stdev=0.129081, best fit=0.697300, best_overall=0.697300, mean_diversity=0.336550,
indivs=22549400, elapsed_secs=43039, mean=0.594646, stdev=0.099950, best fit=0.697300, best_overall=0.697300, mean_diversity=0.091420,
indivs=22559409, elapsed_secs=43059, mean=0.598587, stdev=0.113811, best fit=0.697300, best_overall=0.697300, mean_diversity=0.201111,
indivs=22569533, elapsed_secs=43079, mean=0.521273, stdev=0.123037, best fit=0.697300, best_overall=0.697300, mean_diversity=0.416262,
indivs=22579628, elapsed_secs=43097, mean=0.532558, stdev=0.091440, best fit=0.697300, best_overall=0.697300, mean_diversity=0.205569,
indivs=22589704, elapsed_secs=43116, mean=0.499100, stdev=0.056501, best fit=0.697300, best_overall=0.697300, mean_diversity=0.151603,
indivs=22599779, elapsed_secs=43135, mean=0.601476, stdev=0.073318, best fit=0.697300, best_overall=0.697300, mean_diversity=0.182661,
indivs=22609798, elapsed_secs=43157, mean=0.545131, stdev=0.162085, best fit=0.697300, best_overall=0.697300, mean_diversity=0.238657,
indivs=22619955, elapsed_secs=43177, mean=0.550842, stdev=0.144508, best fit=0.697300, best_overall=0.697300, mean_diversity=0.052006,
indivs=22630013, elapsed_secs=43196, mean=0.578378, stdev=0.108098, best fit=0.697300, best_overall=0.697300, mean_diversity=0.208176,
indivs=22640098, elapsed_secs=43216, mean=0.493146, stdev=0.078765, best fit=0.697300, best_overall=0.697300, mean_diversity=0.131037,
indivs=22650098, elapsed_secs=43234, mean=0.497319, stdev=0.096308, best fit=0.697300, best_overall=0.697300, mean_diversity=0.367483,
indivs=22660252, elapsed_secs=43252, mean=0.553557, stdev=0.224620, best fit=0.697300, best_overall=0.697300, mean_diversity=0.152928,
indivs=22670387, elapsed_secs=43272, mean=0.580545, stdev=0.166144, best fit=0.697300, best_overall=0.697300, mean_diversity=0.122301,
indivs=22680505, elapsed_secs=43288, mean=0.547424, stdev=0.125471, best fit=0.697300, best_overall=0.697300, mean_diversity=0.126016,
indivs=22690512, elapsed_secs=43308, mean=0.530555, stdev=0.099651, best fit=0.697300, best_overall=0.697300, mean_diversity=0.195591,
indivs=22700524, elapsed_secs=43327, mean=0.570550, stdev=0.118321, best fit=0.697300, best_overall=0.697300, mean_diversity=0.222300,
indivs=22710652, elapsed_secs=43345, mean=0.552831, stdev=0.151107, best fit=0.697300, best_overall=0.697300, mean_diversity=0.272148,
indivs=22720779, elapsed_secs=43362, mean=0.563932, stdev=0.135420, best fit=0.697300, best_overall=0.697300, mean_diversity=0.111043,
indivs=22730855, elapsed_secs=43381, mean=0.530221, stdev=0.125440, best fit=0.697300, best_overall=0.697300, mean_diversity=0.271390,
indivs=22740990, elapsed_secs=43399, mean=0.543701, stdev=0.131885, best fit=0.697300, best_overall=0.697300, mean_diversity=0.226329,
indivs=22751111, elapsed_secs=43421, mean=0.577184, stdev=0.101027, best fit=0.697300, best_overall=0.697300, mean_diversity=0.229343,
indivs=22761133, elapsed_secs=43439, mean=0.528993, stdev=0.078303, best fit=0.697300, best_overall=0.697300, mean_diversity=0.356126,
indivs=22771242, elapsed_secs=43459, mean=0.511358, stdev=0.096681, best fit=0.697300, best_overall=0.697300, mean_diversity=0.468723,
indivs=22781310, elapsed_secs=43478, mean=0.617552, stdev=0.130528, best fit=0.697300, best_overall=0.697300, mean_diversity=0.081864,
indivs=22791400, elapsed_secs=43497, mean=0.518134, stdev=0.056000, best fit=0.697300, best_overall=0.697300, mean_diversity=0.255059,
indivs=22801523, elapsed_secs=43515, mean=0.543693, stdev=0.197822, best fit=0.697300, best_overall=0.697300, mean_diversity=0.112386,
indivs=22811582, elapsed_secs=43535, mean=0.496016, stdev=0.072349, best fit=0.697300, best_overall=0.697300, mean_diversity=0.104862,
indivs=22821705, elapsed_secs=43552, mean=0.535253, stdev=0.157542, best fit=0.697300, best_overall=0.697300, mean_diversity=0.193627,
indivs=22831748, elapsed_secs=43569, mean=0.562057, stdev=0.140886, best fit=0.697300, best_overall=0.697300, mean_diversity=0.377053,
indivs=22841763, elapsed_secs=43588, mean=0.498489, stdev=0.245601, best fit=0.697300, best_overall=0.697300, mean_diversity=0.174751,
indivs=22851864, elapsed_secs=43604, mean=0.498672, stdev=0.090984, best fit=0.697300, best_overall=0.697300, mean_diversity=0.281343,
indivs=22861958, elapsed_secs=43621, mean=0.527570, stdev=0.098385, best fit=0.697300, best_overall=0.697300, mean_diversity=0.129271,
indivs=22872043, elapsed_secs=43639, mean=0.556908, stdev=0.156491, best fit=0.697300, best_overall=0.697300, mean_diversity=0.235775,
indivs=22882064, elapsed_secs=43658, mean=0.532566, stdev=0.081141, best fit=0.697300, best_overall=0.697300, mean_diversity=0.402468,
indivs=22892126, elapsed_secs=43678, mean=0.497516, stdev=0.094056, best fit=0.697300, best_overall=0.697300, mean_diversity=0.327383,
indivs=22902228, elapsed_secs=43698, mean=0.540033, stdev=0.152698, best fit=0.697300, best_overall=0.697300, mean_diversity=0.246477,
indivs=22912312, elapsed_secs=43718, mean=0.560864, stdev=0.184741, best fit=0.697300, best_overall=0.697300, mean_diversity=0.102654,
indivs=22922312, elapsed_secs=43737, mean=0.531283, stdev=0.110224, best fit=0.697300, best_overall=0.697300, mean_diversity=0.242639,
indivs=22932333, elapsed_secs=43756, mean=0.486510, stdev=0.103997, best fit=0.697300, best_overall=0.697300, mean_diversity=0.175000,
indivs=22942383, elapsed_secs=43775, mean=0.556149, stdev=0.082114, best fit=0.697300, best_overall=0.697300, mean_diversity=0.198030,
indivs=22952463, elapsed_secs=43798, mean=0.609362, stdev=0.087123, best fit=0.697300, best_overall=0.697300, mean_diversity=0.142057,
indivs=22962525, elapsed_secs=43815, mean=0.531654, stdev=0.223995, best fit=0.697300, best_overall=0.697300, mean_diversity=0.135246,
indivs=22972649, elapsed_secs=43832, mean=0.561546, stdev=0.099919, best fit=0.697300, best_overall=0.697300, mean_diversity=0.240843,
indivs=22982669, elapsed_secs=43851, mean=0.567235, stdev=0.083619, best fit=0.697300, best_overall=0.697300, mean_diversity=0.119611,
indivs=22992753, elapsed_secs=43871, mean=0.535861, stdev=0.058580, best fit=0.697300, best_overall=0.697300, mean_diversity=0.157433,
indivs=23002807, elapsed_secs=43891, mean=0.503791, stdev=0.062793, best fit=0.697300, best_overall=0.697300, mean_diversity=0.099056,
indivs=23012819, elapsed_secs=43910, mean=0.527174, stdev=0.081237, best fit=0.697300, best_overall=0.697300, mean_diversity=0.075316,
indivs=23022975, elapsed_secs=43927, mean=0.619560, stdev=0.078511, best fit=0.697300, best_overall=0.697300, mean_diversity=0.207943,
indivs=23032997, elapsed_secs=43945, mean=0.512411, stdev=0.178902, best fit=0.697300, best_overall=0.697300, mean_diversity=0.213674,
indivs=23043037, elapsed_secs=43964, mean=0.570654, stdev=0.116377, best fit=0.697300, best_overall=0.697300, mean_diversity=0.232523,
indivs=23053138, elapsed_secs=43983, mean=0.584768, stdev=0.152916, best fit=0.697300, best_overall=0.697300, mean_diversity=0.125434,
indivs=23063229, elapsed_secs=44001, mean=0.560481, stdev=0.131176, best fit=0.697300, best_overall=0.697300, mean_diversity=0.212703,
indivs=23073251, elapsed_secs=44020, mean=0.485262, stdev=0.104957, best fit=0.697300, best_overall=0.697300, mean_diversity=0.224300,
indivs=23083262, elapsed_secs=44040, mean=0.580984, stdev=0.140715, best fit=0.697300, best_overall=0.697300, mean_diversity=0.143956,
indivs=23093368, elapsed_secs=44060, mean=0.545338, stdev=0.119044, best fit=0.697300, best_overall=0.697300, mean_diversity=0.140015,
indivs=23103431, elapsed_secs=44080, mean=0.589969, stdev=0.155243, best fit=0.697300, best_overall=0.697300, mean_diversity=0.114671,
indivs=23113515, elapsed_secs=44100, mean=0.521024, stdev=0.083142, best fit=0.697300, best_overall=0.697300, mean_diversity=0.246114,
indivs=23123685, elapsed_secs=44116, mean=0.598849, stdev=0.155072, best fit=0.697300, best_overall=0.697300, mean_diversity=0.090838,
indivs=23133699, elapsed_secs=44137, mean=0.495473, stdev=0.054257, best fit=0.697300, best_overall=0.697300, mean_diversity=0.076293,
indivs=23143719, elapsed_secs=44153, mean=0.513841, stdev=0.042543, best fit=0.697300, best_overall=0.697300, mean_diversity=0.130150,
indivs=23153800, elapsed_secs=44172, mean=0.549161, stdev=0.156276, best fit=0.697300, best_overall=0.697300, mean_diversity=0.090000,
indivs=23163819, elapsed_secs=44189, mean=0.526181, stdev=0.182194, best fit=0.697300, best_overall=0.697300, mean_diversity=0.176598,
indivs=23173932, elapsed_secs=44208, mean=0.424204, stdev=0.242828, best fit=0.697300, best_overall=0.697300, mean_diversity=0.335968,
indivs=23184021, elapsed_secs=44226, mean=0.498627, stdev=0.082069, best fit=0.697300, best_overall=0.697300, mean_diversity=0.149744,
indivs=23194041, elapsed_secs=44245, mean=0.464482, stdev=0.256509, best fit=0.697300, best_overall=0.697300, mean_diversity=0.083320,
indivs=23204097, elapsed_secs=44265, mean=0.531470, stdev=0.088949, best fit=0.697300, best_overall=0.697300, mean_diversity=0.166592,
indivs=23214200, elapsed_secs=44285, mean=0.515215, stdev=0.183947, best fit=0.697300, best_overall=0.697300, mean_diversity=0.251137,
indivs=23224301, elapsed_secs=44306, mean=0.558716, stdev=0.176952, best fit=0.697300, best_overall=0.697300, mean_diversity=0.198454,
indivs=23234303, elapsed_secs=44324, mean=0.513182, stdev=0.161242, best fit=0.697300, best_overall=0.697300, mean_diversity=0.366667,
indivs=23244329, elapsed_secs=44344, mean=0.491384, stdev=0.179099, best fit=0.697300, best_overall=0.697300, mean_diversity=0.349100,
indivs=23254396, elapsed_secs=44363, mean=0.516833, stdev=0.073974, best fit=0.697300, best_overall=0.697300, mean_diversity=0.324967,
indivs=23264440, elapsed_secs=44379, mean=0.499179, stdev=0.123285, best fit=0.697300, best_overall=0.697300, mean_diversity=0.303084,
indivs=23274467, elapsed_secs=44398, mean=0.518035, stdev=0.169285, best fit=0.697300, best_overall=0.697300, mean_diversity=0.163704,
indivs=23284533, elapsed_secs=44419, mean=0.554045, stdev=0.158832, best fit=0.697300, best_overall=0.697300, mean_diversity=0.209130,
indivs=23294630, elapsed_secs=44438, mean=0.493945, stdev=0.136714, best fit=0.697300, best_overall=0.697300, mean_diversity=0.113261,
indivs=23304639, elapsed_secs=44456, mean=0.502309, stdev=0.052246, best fit=0.697300, best_overall=0.697300, mean_diversity=0.112904,
indivs=23314716, elapsed_secs=44475, mean=0.488061, stdev=0.135070, best fit=0.697300, best_overall=0.697300, mean_diversity=0.283372,
indivs=23324716, elapsed_secs=44493, mean=0.515042, stdev=0.138608, best fit=0.697300, best_overall=0.697300, mean_diversity=0.348455,
indivs=23334774, elapsed_secs=44511, mean=0.491349, stdev=0.122435, best fit=0.697300, best_overall=0.697300, mean_diversity=0.307766,
indivs=23344876, elapsed_secs=44536, mean=0.577345, stdev=0.141050, best fit=0.697300, best_overall=0.697300, mean_diversity=0.189298,
indivs=23354914, elapsed_secs=44554, mean=0.491831, stdev=0.053146, best fit=0.697300, best_overall=0.697300, mean_diversity=0.047539,
indivs=23365027, elapsed_secs=44572, mean=0.586386, stdev=0.081914, best fit=0.697300, best_overall=0.697300, mean_diversity=0.182251,
indivs=23375063, elapsed_secs=44590, mean=0.493973, stdev=0.060025, best fit=0.697300, best_overall=0.697300, mean_diversity=0.194900,
indivs=23385191, elapsed_secs=44609, mean=0.364308, stdev=0.271531, best fit=0.697300, best_overall=0.697300, mean_diversity=0.117626,
indivs=23395223, elapsed_secs=44629, mean=0.543301, stdev=0.112485, best fit=0.697300, best_overall=0.697300, mean_diversity=0.169602,
indivs=23405326, elapsed_secs=44650, mean=0.560434, stdev=0.211130, best fit=0.697300, best_overall=0.697300, mean_diversity=0.137517,
indivs=23415345, elapsed_secs=44673, mean=0.547193, stdev=0.112428, best fit=0.697300, best_overall=0.697300, mean_diversity=0.337018,
indivs=23425463, elapsed_secs=44694, mean=0.590219, stdev=0.109567, best fit=0.697300, best_overall=0.697300, mean_diversity=0.169970,
indivs=23435549, elapsed_secs=44714, mean=0.501944, stdev=0.021081, best fit=0.697300, best_overall=0.697300, mean_diversity=0.191809,
indivs=23445622, elapsed_secs=44734, mean=0.487009, stdev=0.108546, best fit=0.697300, best_overall=0.697300, mean_diversity=0.139791,
indivs=23455751, elapsed_secs=44755, mean=0.569462, stdev=0.118710, best fit=0.697300, best_overall=0.697300, mean_diversity=0.125190,
indivs=23465773, elapsed_secs=44773, mean=0.514780, stdev=0.134037, best fit=0.697300, best_overall=0.697300, mean_diversity=0.262921,
indivs=23475776, elapsed_secs=44793, mean=0.539824, stdev=0.071169, best fit=0.697300, best_overall=0.697300, mean_diversity=0.319174,
indivs=23485841, elapsed_secs=44809, mean=0.513616, stdev=0.037212, best fit=0.697300, best_overall=0.697300, mean_diversity=0.321762,
indivs=23495866, elapsed_secs=44826, mean=0.549319, stdev=0.164566, best fit=0.697300, best_overall=0.697300, mean_diversity=0.143558,
indivs=23505877, elapsed_secs=44842, mean=0.537549, stdev=0.111098, best fit=0.697300, best_overall=0.697300, mean_diversity=0.342000,
indivs=23515929, elapsed_secs=44862, mean=0.526486, stdev=0.108042, best fit=0.697300, best_overall=0.697300, mean_diversity=0.207113,
indivs=23526028, elapsed_secs=44882, mean=0.517486, stdev=0.155575, best fit=0.697300, best_overall=0.697300, mean_diversity=0.289544,
indivs=23536126, elapsed_secs=44903, mean=0.525069, stdev=0.143270, best fit=0.697300, best_overall=0.697300, mean_diversity=0.209125,
indivs=23546203, elapsed_secs=44922, mean=0.496830, stdev=0.053676, best fit=0.697300, best_overall=0.697300, mean_diversity=0.102361,
indivs=23556244, elapsed_secs=44941, mean=0.523205, stdev=0.096867, best fit=0.697300, best_overall=0.697300, mean_diversity=0.394463,
indivs=23566285, elapsed_secs=44959, mean=0.542576, stdev=0.149515, best fit=0.697300, best_overall=0.697300, mean_diversity=0.254843,
indivs=23576354, elapsed_secs=44976, mean=0.528611, stdev=0.114240, best fit=0.697300, best_overall=0.697300, mean_diversity=0.308207,
indivs=23586433, elapsed_secs=44993, mean=0.576200, stdev=0.165660, best fit=0.697300, best_overall=0.697300, mean_diversity=0.134885,
indivs=23596540, elapsed_secs=45012, mean=0.545953, stdev=0.077143, best fit=0.697300, best_overall=0.697300, mean_diversity=0.153668,
indivs=23606562, elapsed_secs=45028, mean=0.527774, stdev=0.094762, best fit=0.697300, best_overall=0.697300, mean_diversity=0.217650,
indivs=23616607, elapsed_secs=45045, mean=0.513564, stdev=0.135151, best fit=0.697300, best_overall=0.697300, mean_diversity=0.154310,
indivs=23626660, elapsed_secs=45064, mean=0.545808, stdev=0.110672, best fit=0.697300, best_overall=0.697300, mean_diversity=0.310368,
indivs=23636703, elapsed_secs=45086, mean=0.511686, stdev=0.088511, best fit=0.697300, best_overall=0.697300, mean_diversity=0.236722,
indivs=23646771, elapsed_secs=45102, mean=0.480833, stdev=0.149337, best fit=0.697300, best_overall=0.697300, mean_diversity=0.058371,
indivs=23656835, elapsed_secs=45117, mean=0.493075, stdev=0.058004, best fit=0.697300, best_overall=0.697300, mean_diversity=0.218176,
indivs=23666924, elapsed_secs=45136, mean=0.561929, stdev=0.071446, best fit=0.697300, best_overall=0.697300, mean_diversity=0.315929,
indivs=23676967, elapsed_secs=45155, mean=0.504003, stdev=0.027081, best fit=0.697300, best_overall=0.697300, mean_diversity=0.177209,
indivs=23687081, elapsed_secs=45173, mean=0.571578, stdev=0.113981, best fit=0.697300, best_overall=0.697300, mean_diversity=0.180094,
indivs=23697126, elapsed_secs=45191, mean=0.492013, stdev=0.076077, best fit=0.697300, best_overall=0.697300, mean_diversity=0.085517,
indivs=23707167, elapsed_secs=45212, mean=0.502827, stdev=0.105396, best fit=0.697300, best_overall=0.697300, mean_diversity=0.289482,
indivs=23717215, elapsed_secs=45229, mean=0.567035, stdev=0.116000, best fit=0.697300, best_overall=0.697300, mean_diversity=0.065758,
indivs=23727237, elapsed_secs=45248, mean=0.501973, stdev=0.019631, best fit=0.697300, best_overall=0.697300, mean_diversity=0.116336,
indivs=23737251, elapsed_secs=45262, mean=0.546536, stdev=0.097457, best fit=0.697300, best_overall=0.697300, mean_diversity=0.277103,
indivs=23747347, elapsed_secs=45284, mean=0.519622, stdev=0.155956, best fit=0.697300, best_overall=0.697300, mean_diversity=0.409074,
indivs=23757402, elapsed_secs=45303, mean=0.340889, stdev=0.281285, best fit=0.697300, best_overall=0.697300, mean_diversity=0.254750,
indivs=23767481, elapsed_secs=45326, mean=0.566524, stdev=0.088290, best fit=0.697300, best_overall=0.697300, mean_diversity=0.274684,
indivs=23777525, elapsed_secs=45345, mean=0.559556, stdev=0.078996, best fit=0.697300, best_overall=0.697300, mean_diversity=0.274340,
indivs=23787560, elapsed_secs=45361, mean=0.545229, stdev=0.081579, best fit=0.697300, best_overall=0.697300, mean_diversity=0.252082,
indivs=23797580, elapsed_secs=45382, mean=0.569706, stdev=0.130758, best fit=0.697300, best_overall=0.697300, mean_diversity=0.220219,
indivs=23807597, elapsed_secs=45403, mean=0.496825, stdev=0.029070, best fit=0.697300, best_overall=0.697300, mean_diversity=0.155973,
indivs=23817689, elapsed_secs=45422, mean=0.521500, stdev=0.105275, best fit=0.697300, best_overall=0.697300, mean_diversity=0.283224,
indivs=23827816, elapsed_secs=45442, mean=0.548319, stdev=0.074268, best fit=0.697300, best_overall=0.697300, mean_diversity=0.222767,
indivs=23837824, elapsed_secs=45460, mean=0.519371, stdev=0.154367, best fit=0.697300, best_overall=0.697300, mean_diversity=0.380192,
indivs=23847899, elapsed_secs=45478, mean=0.372197, stdev=0.200787, best fit=0.697300, best_overall=0.697300, mean_diversity=0.189171,
indivs=23857916, elapsed_secs=45498, mean=0.542048, stdev=0.090873, best fit=0.697300, best_overall=0.697300, mean_diversity=0.275080,
indivs=23868028, elapsed_secs=45518, mean=0.545018, stdev=0.190386, best fit=0.697300, best_overall=0.697300, mean_diversity=0.090105,
indivs=23878102, elapsed_secs=45536, mean=0.570036, stdev=0.104901, best fit=0.697300, best_overall=0.697300, mean_diversity=0.276712,
indivs=23888123, elapsed_secs=45554, mean=0.500042, stdev=0.059204, best fit=0.697300, best_overall=0.697300, mean_diversity=0.173797,
indivs=23898135, elapsed_secs=45574, mean=0.568039, stdev=0.157635, best fit=0.697300, best_overall=0.697300, mean_diversity=0.167567,
indivs=23908256, elapsed_secs=45592, mean=0.535352, stdev=0.107478, best fit=0.697300, best_overall=0.697300, mean_diversity=0.250896,
indivs=23918327, elapsed_secs=45610, mean=0.513930, stdev=0.119016, best fit=0.697300, best_overall=0.697300, mean_diversity=0.298577,
indivs=23928469, elapsed_secs=45633, mean=0.557798, stdev=0.153241, best fit=0.697300, best_overall=0.697300, mean_diversity=0.241861,
indivs=23938484, elapsed_secs=45650, mean=0.492128, stdev=0.122779, best fit=0.697300, best_overall=0.697300, mean_diversity=0.295619,
indivs=23948490, elapsed_secs=45671, mean=0.583562, stdev=0.156882, best fit=0.697300, best_overall=0.697300, mean_diversity=0.098821,
indivs=23958546, elapsed_secs=45688, mean=0.496973, stdev=0.053667, best fit=0.697300, best_overall=0.697300, mean_diversity=0.150109,
indivs=23968567, elapsed_secs=45708, mean=0.509833, stdev=0.115553, best fit=0.697300, best_overall=0.697300, mean_diversity=0.368722,
indivs=23978590, elapsed_secs=45726, mean=0.498021, stdev=0.056477, best fit=0.697300, best_overall=0.697300, mean_diversity=0.309534,
indivs=23988663, elapsed_secs=45745, mean=0.562666, stdev=0.177701, best fit=0.697300, best_overall=0.697300, mean_diversity=0.182507,
indivs=23998776, elapsed_secs=45763, mean=0.501073, stdev=0.186409, best fit=0.697300, best_overall=0.697300, mean_diversity=0.326783,
indivs=24008831, elapsed_secs=45785, mean=0.553720, stdev=0.140594, best fit=0.697300, best_overall=0.697300, mean_diversity=0.208490,
indivs=24018862, elapsed_secs=45804, mean=0.524253, stdev=0.175735, best fit=0.697300, best_overall=0.697300, mean_diversity=0.266122,
indivs=24028952, elapsed_secs=45824, mean=0.538626, stdev=0.093710, best fit=0.697300, best_overall=0.697300, mean_diversity=0.220076,
indivs=24038954, elapsed_secs=45842, mean=0.501973, stdev=0.019631, best fit=0.697300, best_overall=0.697300, mean_diversity=0.047961,
indivs=24048992, elapsed_secs=45858, mean=0.574727, stdev=0.083585, best fit=0.697300, best_overall=0.697300, mean_diversity=0.168959,
indivs=24059059, elapsed_secs=45880, mean=0.580255, stdev=0.087646, best fit=0.697300, best_overall=0.697300, mean_diversity=0.414025,
indivs=24069190, elapsed_secs=45901, mean=0.547096, stdev=0.071317, best fit=0.697300, best_overall=0.697300, mean_diversity=0.149487,
indivs=24079234, elapsed_secs=45919, mean=0.511730, stdev=0.131870, best fit=0.697300, best_overall=0.697300, mean_diversity=0.307866,
indivs=24089366, elapsed_secs=45937, mean=0.555214, stdev=0.163957, best fit=0.697300, best_overall=0.697300, mean_diversity=0.146766,
indivs=24099443, elapsed_secs=45957, mean=0.548917, stdev=0.189719, best fit=0.697300, best_overall=0.697300, mean_diversity=0.211798,
indivs=24109559, elapsed_secs=45977, mean=0.528351, stdev=0.082982, best fit=0.697300, best_overall=0.697300, mean_diversity=0.220588,
indivs=24119608, elapsed_secs=45994, mean=0.530686, stdev=0.132845, best fit=0.697300, best_overall=0.697300, mean_diversity=0.580408,
indivs=24129680, elapsed_secs=46013, mean=0.501864, stdev=0.019670, best fit=0.697300, best_overall=0.697300, mean_diversity=0.187629,
indivs=24139788, elapsed_secs=46032, mean=0.531559, stdev=0.194194, best fit=0.697300, best_overall=0.697300, mean_diversity=0.200584,
indivs=24149946, elapsed_secs=46053, mean=0.580064, stdev=0.120235, best fit=0.697300, best_overall=0.697300, mean_diversity=0.284425,
indivs=24160019, elapsed_secs=46071, mean=0.531792, stdev=0.108548, best fit=0.697300, best_overall=0.697300, mean_diversity=0.131184,
indivs=24170097, elapsed_secs=46089, mean=0.538125, stdev=0.176062, best fit=0.697300, best_overall=0.697300, mean_diversity=0.252397,
indivs=24180108, elapsed_secs=46110, mean=0.560224, stdev=0.165011, best fit=0.697300, best_overall=0.697300, mean_diversity=0.197500,
indivs=24190178, elapsed_secs=46129, mean=0.543875, stdev=0.116464, best fit=0.697300, best_overall=0.697300, mean_diversity=0.360700,
indivs=24200204, elapsed_secs=46147, mean=0.521633, stdev=0.054975, best fit=0.697300, best_overall=0.697300, mean_diversity=0.415365,
indivs=24210213, elapsed_secs=46165, mean=0.534342, stdev=0.105804, best fit=0.697300, best_overall=0.697300, mean_diversity=0.350341,
indivs=24220254, elapsed_secs=46182, mean=0.493547, stdev=0.072661, best fit=0.697300, best_overall=0.697300, mean_diversity=0.164324,
indivs=24230317, elapsed_secs=46202, mean=0.500489, stdev=0.020082, best fit=0.697300, best_overall=0.697300, mean_diversity=0.125270,
indivs=24240351, elapsed_secs=46221, mean=0.542054, stdev=0.065191, best fit=0.697300, best_overall=0.697300, mean_diversity=0.419114,
indivs=24250357, elapsed_secs=46239, mean=0.526337, stdev=0.183866, best fit=0.697300, best_overall=0.697300, mean_diversity=0.224763,
indivs=24260514, elapsed_secs=46257, mean=0.593064, stdev=0.148492, best fit=0.697300, best_overall=0.697300, mean_diversity=0.102294,
indivs=24270553, elapsed_secs=46276, mean=0.499150, stdev=0.084875, best fit=0.697300, best_overall=0.697300, mean_diversity=0.312632,
indivs=24280600, elapsed_secs=46295, mean=0.547499, stdev=0.111062, best fit=0.697300, best_overall=0.697300, mean_diversity=0.442089,
indivs=24290626, elapsed_secs=46313, mean=0.497176, stdev=0.078662, best fit=0.697300, best_overall=0.697300, mean_diversity=0.185652,
indivs=24300644, elapsed_secs=46334, mean=0.498481, stdev=0.025225, best fit=0.697300, best_overall=0.697300, mean_diversity=0.169456,
indivs=24310767, elapsed_secs=46351, mean=0.554159, stdev=0.144378, best fit=0.697300, best_overall=0.697300, mean_diversity=0.097387,
indivs=24320866, elapsed_secs=46370, mean=0.553506, stdev=0.069200, best fit=0.697300, best_overall=0.697300, mean_diversity=0.290852,
indivs=24330869, elapsed_secs=46389, mean=0.523563, stdev=0.215085, best fit=0.697300, best_overall=0.697300, mean_diversity=0.059752,
indivs=24340920, elapsed_secs=46407, mean=0.580204, stdev=0.142706, best fit=0.697300, best_overall=0.697300, mean_diversity=0.186206,
indivs=24351063, elapsed_secs=46425, mean=0.509191, stdev=0.171929, best fit=0.697300, best_overall=0.697300, mean_diversity=0.191879,
indivs=24361103, elapsed_secs=46444, mean=0.534808, stdev=0.196921, best fit=0.697300, best_overall=0.697300, mean_diversity=0.194461,
indivs=24371105, elapsed_secs=46464, mean=0.498503, stdev=0.057218, best fit=0.697300, best_overall=0.697300, mean_diversity=0.127374,
indivs=24381133, elapsed_secs=46484, mean=0.469143, stdev=0.207698, best fit=0.697300, best_overall=0.697300, mean_diversity=0.293286,
indivs=24391143, elapsed_secs=46507, mean=0.500890, stdev=0.021212, best fit=0.697300, best_overall=0.697300, mean_diversity=0.067183,
indivs=24401161, elapsed_secs=46527, mean=0.532538, stdev=0.198463, best fit=0.697300, best_overall=0.697300, mean_diversity=0.092075,
indivs=24411187, elapsed_secs=46545, mean=0.546859, stdev=0.203615, best fit=0.697300, best_overall=0.697300, mean_diversity=0.082844,
indivs=24421234, elapsed_secs=46565, mean=0.509538, stdev=0.039771, best fit=0.697300, best_overall=0.697300, mean_diversity=0.181864,
indivs=24431276, elapsed_secs=46584, mean=0.498227, stdev=0.067835, best fit=0.697300, best_overall=0.697300, mean_diversity=0.112266,
indivs=24441287, elapsed_secs=46605, mean=0.498207, stdev=0.160846, best fit=0.697300, best_overall=0.697300, mean_diversity=0.117918,
indivs=24451407, elapsed_secs=46623, mean=0.511905, stdev=0.173614, best fit=0.697300, best_overall=0.697300, mean_diversity=0.217841,
indivs=24461411, elapsed_secs=46640, mean=0.512013, stdev=0.038857, best fit=0.697300, best_overall=0.697300, mean_diversity=0.267782,
indivs=24471477, elapsed_secs=46660, mean=0.494565, stdev=0.078599, best fit=0.697300, best_overall=0.697300, mean_diversity=0.140960,
indivs=24481612, elapsed_secs=46678, mean=0.584847, stdev=0.115398, best fit=0.697300, best_overall=0.697300, mean_diversity=0.146757,
indivs=24491730, elapsed_secs=46697, mean=0.504428, stdev=0.123224, best fit=0.697300, best_overall=0.697300, mean_diversity=0.103053,
indivs=24501776, elapsed_secs=46711, mean=0.592099, stdev=0.102887, best fit=0.697300, best_overall=0.697300, mean_diversity=0.146222,
indivs=24511817, elapsed_secs=46728, mean=0.524130, stdev=0.090318, best fit=0.697300, best_overall=0.697300, mean_diversity=0.280120,
indivs=24521952, elapsed_secs=46749, mean=0.537332, stdev=0.184817, best fit=0.697300, best_overall=0.697300, mean_diversity=0.265966,
indivs=24531980, elapsed_secs=46769, mean=0.546768, stdev=0.094229, best fit=0.697300, best_overall=0.697300, mean_diversity=0.384735,
indivs=24542067, elapsed_secs=46788, mean=0.580466, stdev=0.142364, best fit=0.697300, best_overall=0.697300, mean_diversity=0.285877,
indivs=24552116, elapsed_secs=46806, mean=0.549705, stdev=0.129785, best fit=0.697300, best_overall=0.697300, mean_diversity=0.231314,
indivs=24562244, elapsed_secs=46826, mean=0.564498, stdev=0.164373, best fit=0.697300, best_overall=0.697300, mean_diversity=0.188333,
indivs=24572248, elapsed_secs=46846, mean=0.586770, stdev=0.120293, best fit=0.697300, best_overall=0.697300, mean_diversity=0.167300,
indivs=24582252, elapsed_secs=46865, mean=0.500622, stdev=0.029474, best fit=0.697300, best_overall=0.697300, mean_diversity=0.132635,
indivs=24592370, elapsed_secs=46883, mean=0.540934, stdev=0.200918, best fit=0.697300, best_overall=0.697300, mean_diversity=0.152865,
indivs=24602380, elapsed_secs=46900, mean=0.531127, stdev=0.190345, best fit=0.697300, best_overall=0.697300, mean_diversity=0.118871,
indivs=24612459, elapsed_secs=46919, mean=0.499377, stdev=0.022155, best fit=0.697300, best_overall=0.697300, mean_diversity=0.088117,
indivs=24622611, elapsed_secs=46941, mean=0.555932, stdev=0.152558, best fit=0.697300, best_overall=0.697300, mean_diversity=0.145981,
indivs=24632723, elapsed_secs=46961, mean=0.440385, stdev=0.241575, best fit=0.697300, best_overall=0.697300, mean_diversity=0.129534,
indivs=24642750, elapsed_secs=46979, mean=0.533990, stdev=0.188273, best fit=0.697300, best_overall=0.697300, mean_diversity=0.188542,
indivs=24652884, elapsed_secs=46998, mean=0.521387, stdev=0.200734, best fit=0.697300, best_overall=0.697300, mean_diversity=0.163582,
indivs=24662960, elapsed_secs=47021, mean=0.507094, stdev=0.079868, best fit=0.697300, best_overall=0.697300, mean_diversity=0.145480,
indivs=24673072, elapsed_secs=47042, mean=0.576211, stdev=0.134347, best fit=0.697300, best_overall=0.697300, mean_diversity=0.126995,
indivs=24683100, elapsed_secs=47061, mean=0.562889, stdev=0.174225, best fit=0.697300, best_overall=0.697300, mean_diversity=0.175403,
indivs=24693146, elapsed_secs=47078, mean=0.491353, stdev=0.092515, best fit=0.697300, best_overall=0.697300, mean_diversity=0.342500,
indivs=24703250, elapsed_secs=47096, mean=0.580909, stdev=0.099680, best fit=0.697300, best_overall=0.697300, mean_diversity=0.287782,
indivs=24713302, elapsed_secs=47117, mean=0.554315, stdev=0.186124, best fit=0.697300, best_overall=0.697300, mean_diversity=0.089628,
indivs=24723423, elapsed_secs=47134, mean=0.538676, stdev=0.179091, best fit=0.697300, best_overall=0.697300, mean_diversity=0.089637,
indivs=24733481, elapsed_secs=47151, mean=0.569377, stdev=0.140451, best fit=0.697300, best_overall=0.697300, mean_diversity=0.178347,
indivs=24743577, elapsed_secs=47173, mean=0.526328, stdev=0.147021, best fit=0.697300, best_overall=0.697300, mean_diversity=0.383404,
indivs=24753617, elapsed_secs=47191, mean=0.504540, stdev=0.033652, best fit=0.697300, best_overall=0.697300, mean_diversity=0.252086,
indivs=24763636, elapsed_secs=47211, mean=0.537165, stdev=0.178040, best fit=0.697300, best_overall=0.697300, mean_diversity=0.284728,
indivs=24773740, elapsed_secs=47231, mean=0.504223, stdev=0.060175, best fit=0.697300, best_overall=0.697300, mean_diversity=0.125660,
indivs=24783748, elapsed_secs=47247, mean=0.530621, stdev=0.155381, best fit=0.697300, best_overall=0.697300, mean_diversity=0.286392,
indivs=24793759, elapsed_secs=47263, mean=0.521468, stdev=0.073613, best fit=0.697300, best_overall=0.697300, mean_diversity=0.271840,
indivs=24803817, elapsed_secs=47282, mean=0.548551, stdev=0.126339, best fit=0.697300, best_overall=0.697300, mean_diversity=0.137859,
indivs=24813843, elapsed_secs=47300, mean=0.501762, stdev=0.019859, best fit=0.697300, best_overall=0.697300, mean_diversity=0.071574,
indivs=24823911, elapsed_secs=47317, mean=0.582292, stdev=0.120467, best fit=0.697300, best_overall=0.697300, mean_diversity=0.115178,
indivs=24833931, elapsed_secs=47337, mean=0.501806, stdev=0.029638, best fit=0.697300, best_overall=0.697300, mean_diversity=0.181607,
indivs=24844005, elapsed_secs=47355, mean=0.510151, stdev=0.146258, best fit=0.697300, best_overall=0.697300, mean_diversity=0.095133,
indivs=24854068, elapsed_secs=47372, mean=0.520021, stdev=0.151329, best fit=0.697300, best_overall=0.697300, mean_diversity=0.176977,
indivs=24864128, elapsed_secs=47390, mean=0.594850, stdev=0.119900, best fit=0.697300, best_overall=0.697300, mean_diversity=0.192714,
indivs=24874195, elapsed_secs=47405, mean=0.591133, stdev=0.163140, best fit=0.697300, best_overall=0.697300, mean_diversity=0.094360,
indivs=24884222, elapsed_secs=47424, mean=0.544008, stdev=0.153137, best fit=0.697300, best_overall=0.697300, mean_diversity=0.279340,
indivs=24894313, elapsed_secs=47441, mean=0.596933, stdev=0.092171, best fit=0.697300, best_overall=0.697300, mean_diversity=0.258944,
indivs=24904335, elapsed_secs=47460, mean=0.498638, stdev=0.133636, best fit=0.697300, best_overall=0.697300, mean_diversity=0.182334,
indivs=24914407, elapsed_secs=47476, mean=0.536256, stdev=0.125644, best fit=0.697300, best_overall=0.697300, mean_diversity=0.294227,
indivs=24924440, elapsed_secs=47497, mean=0.556873, stdev=0.149168, best fit=0.697300, best_overall=0.697300, mean_diversity=0.307033,
indivs=24934440, elapsed_secs=47516, mean=0.548339, stdev=0.114644, best fit=0.697300, best_overall=0.697300, mean_diversity=0.129036,
indivs=24944453, elapsed_secs=47531, mean=0.555960, stdev=0.151515, best fit=0.697300, best_overall=0.697300, mean_diversity=0.073126,
indivs=24954578, elapsed_secs=47550, mean=0.547583, stdev=0.146036, best fit=0.697300, best_overall=0.697300, mean_diversity=0.124820,
indivs=24964667, elapsed_secs=47570, mean=0.491734, stdev=0.035096, best fit=0.697300, best_overall=0.697300, mean_diversity=0.143493,
indivs=24974817, elapsed_secs=47589, mean=0.569131, stdev=0.138338, best fit=0.697300, best_overall=0.697300, mean_diversity=0.110541,
indivs=24984826, elapsed_secs=47610, mean=0.504961, stdev=0.102115, best fit=0.697300, best_overall=0.697300, mean_diversity=0.278769,
indivs=24994834, elapsed_secs=47631, mean=0.555948, stdev=0.161057, best fit=0.697300, best_overall=0.697300, mean_diversity=0.237388,
indivs=25004935, elapsed_secs=47649, mean=0.491526, stdev=0.088773, best fit=0.697300, best_overall=0.697300, mean_diversity=0.152069,
indivs=25014942, elapsed_secs=47669, mean=0.497741, stdev=0.078723, best fit=0.697300, best_overall=0.697300, mean_diversity=0.275652,
indivs=25025071, elapsed_secs=47688, mean=0.554998, stdev=0.165696, best fit=0.697300, best_overall=0.697300, mean_diversity=0.189797,
indivs=25035220, elapsed_secs=47708, mean=0.587368, stdev=0.099580, best fit=0.697300, best_overall=0.697300, mean_diversity=0.281644,
indivs=25045267, elapsed_secs=47725, mean=0.605458, stdev=0.103455, best fit=0.697300, best_overall=0.697300, mean_diversity=0.168251,
indivs=25055302, elapsed_secs=47744, mean=0.535125, stdev=0.104666, best fit=0.697300, best_overall=0.697300, mean_diversity=0.378048,
indivs=25065390, elapsed_secs=47763, mean=0.503062, stdev=0.095732, best fit=0.697300, best_overall=0.697300, mean_diversity=0.260065,
indivs=25075440, elapsed_secs=47782, mean=0.528309, stdev=0.142868, best fit=0.697300, best_overall=0.697300, mean_diversity=0.277085,
indivs=25085498, elapsed_secs=47802, mean=0.461916, stdev=0.132743, best fit=0.697300, best_overall=0.697300, mean_diversity=0.134373,
indivs=25095574, elapsed_secs=47821, mean=0.504271, stdev=0.105277, best fit=0.697300, best_overall=0.697300, mean_diversity=0.198014,
indivs=25105615, elapsed_secs=47840, mean=0.529971, stdev=0.185998, best fit=0.697300, best_overall=0.697300, mean_diversity=0.098869,
indivs=25115663, elapsed_secs=47860, mean=0.567930, stdev=0.129331, best fit=0.697300, best_overall=0.697300, mean_diversity=0.330125,
indivs=25125667, elapsed_secs=47875, mean=0.580860, stdev=0.107963, best fit=0.697300, best_overall=0.697300, mean_diversity=0.246499,
indivs=25135667, elapsed_secs=47894, mean=0.519735, stdev=0.112782, best fit=0.697300, best_overall=0.697300, mean_diversity=0.206172,
indivs=25145750, elapsed_secs=47914, mean=0.493217, stdev=0.076903, best fit=0.697300, best_overall=0.697300, mean_diversity=0.158824,
indivs=25155841, elapsed_secs=47933, mean=0.559176, stdev=0.150880, best fit=0.697300, best_overall=0.697300, mean_diversity=0.107173,
indivs=25165976, elapsed_secs=47953, mean=0.586043, stdev=0.087547, best fit=0.697300, best_overall=0.697300, mean_diversity=0.058478,
indivs=25176010, elapsed_secs=47970, mean=0.542357, stdev=0.100659, best fit=0.697300, best_overall=0.697300, mean_diversity=0.220894,
indivs=25186011, elapsed_secs=47990, mean=0.577957, stdev=0.153303, best fit=0.697300, best_overall=0.697300, mean_diversity=0.313843,
indivs=25196022, elapsed_secs=48007, mean=0.546393, stdev=0.123862, best fit=0.697300, best_overall=0.697300, mean_diversity=0.293532,
indivs=25206023, elapsed_secs=48027, mean=0.568203, stdev=0.113626, best fit=0.697300, best_overall=0.697300, mean_diversity=0.194800,
indivs=25216035, elapsed_secs=48045, mean=0.525362, stdev=0.142654, best fit=0.697300, best_overall=0.697300, mean_diversity=0.106133,
indivs=25226055, elapsed_secs=48061, mean=0.559834, stdev=0.115868, best fit=0.697300, best_overall=0.697300, mean_diversity=0.197699,
indivs=25236092, elapsed_secs=48081, mean=0.591878, stdev=0.103084, best fit=0.697300, best_overall=0.697300, mean_diversity=0.165361,
indivs=25246164, elapsed_secs=48103, mean=0.526429, stdev=0.075776, best fit=0.697300, best_overall=0.697300, mean_diversity=0.103386,
indivs=25256224, elapsed_secs=48123, mean=0.503161, stdev=0.026253, best fit=0.697300, best_overall=0.697300, mean_diversity=0.090442,
indivs=25266235, elapsed_secs=48141, mean=0.520019, stdev=0.055673, best fit=0.697300, best_overall=0.697300, mean_diversity=0.138520,
indivs=25276250, elapsed_secs=48160, mean=0.501213, stdev=0.084244, best fit=0.697300, best_overall=0.697300, mean_diversity=0.337172,
indivs=25286347, elapsed_secs=48178, mean=0.514877, stdev=0.031201, best fit=0.697300, best_overall=0.697300, mean_diversity=0.268684,
indivs=25296357, elapsed_secs=48197, mean=0.501535, stdev=0.037405, best fit=0.697300, best_overall=0.697300, mean_diversity=0.110925,
indivs=25306386, elapsed_secs=48215, mean=0.521884, stdev=0.077200, best fit=0.697300, best_overall=0.697300, mean_diversity=0.162674,
indivs=25316458, elapsed_secs=48232, mean=0.589623, stdev=0.166731, best fit=0.697300, best_overall=0.697300, mean_diversity=0.112506,
indivs=25326518, elapsed_secs=48249, mean=0.591771, stdev=0.125225, best fit=0.697300, best_overall=0.697300, mean_diversity=0.148406,
indivs=25336607, elapsed_secs=48267, mean=0.470059, stdev=0.131757, best fit=0.697300, best_overall=0.697300, mean_diversity=0.072029,
indivs=25346673, elapsed_secs=48285, mean=0.509871, stdev=0.121657, best fit=0.697300, best_overall=0.697300, mean_diversity=0.260699,
indivs=25356676, elapsed_secs=48303, mean=0.553932, stdev=0.129840, best fit=0.697300, best_overall=0.697300, mean_diversity=0.131102,
indivs=25366739, elapsed_secs=48323, mean=0.522688, stdev=0.116391, best fit=0.697300, best_overall=0.697300, mean_diversity=0.425124,
indivs=25376777, elapsed_secs=48345, mean=0.582579, stdev=0.109052, best fit=0.697300, best_overall=0.697300, mean_diversity=0.220930,
indivs=25386781, elapsed_secs=48362, mean=0.559403, stdev=0.160323, best fit=0.697300, best_overall=0.697300, mean_diversity=0.059316,
indivs=25396828, elapsed_secs=48382, mean=0.563287, stdev=0.108339, best fit=0.697300, best_overall=0.697300, mean_diversity=0.237054,
indivs=25406948, elapsed_secs=48404, mean=0.559039, stdev=0.100402, best fit=0.697300, best_overall=0.697300, mean_diversity=0.267577,
indivs=25416954, elapsed_secs=48425, mean=0.509437, stdev=0.069375, best fit=0.697300, best_overall=0.697300, mean_diversity=0.162888,
indivs=25427094, elapsed_secs=48444, mean=0.510096, stdev=0.211171, best fit=0.697300, best_overall=0.697300, mean_diversity=0.174704,
indivs=25437183, elapsed_secs=48463, mean=0.503863, stdev=0.103572, best fit=0.697300, best_overall=0.697300, mean_diversity=0.182723,
indivs=25447296, elapsed_secs=48483, mean=0.506512, stdev=0.250960, best fit=0.697300, best_overall=0.697300, mean_diversity=0.041557,
indivs=25457305, elapsed_secs=48499, mean=0.529049, stdev=0.221200, best fit=0.697300, best_overall=0.697300, mean_diversity=0.036994,
indivs=25467334, elapsed_secs=48518, mean=0.574163, stdev=0.145317, best fit=0.697300, best_overall=0.697300, mean_diversity=0.106705,
indivs=25477429, elapsed_secs=48538, mean=0.515608, stdev=0.156858, best fit=0.697300, best_overall=0.697300, mean_diversity=0.083916,
indivs=25487555, elapsed_secs=48558, mean=0.517407, stdev=0.243957, best fit=0.697300, best_overall=0.697300, mean_diversity=0.146774,
indivs=25497625, elapsed_secs=48578, mean=0.487016, stdev=0.220907, best fit=0.697300, best_overall=0.697300, mean_diversity=0.154204,
indivs=25507647, elapsed_secs=48596, mean=0.562265, stdev=0.160685, best fit=0.697300, best_overall=0.697300, mean_diversity=0.104651,
indivs=25517703, elapsed_secs=48616, mean=0.555475, stdev=0.141716, best fit=0.697300, best_overall=0.697300, mean_diversity=0.134611,
indivs=25527755, elapsed_secs=48634, mean=0.459891, stdev=0.181402, best fit=0.697300, best_overall=0.697300, mean_diversity=0.307090,
indivs=25537826, elapsed_secs=48651, mean=0.547513, stdev=0.126012, best fit=0.697300, best_overall=0.697300, mean_diversity=0.077633,
indivs=25547951, elapsed_secs=48670, mean=0.518924, stdev=0.132183, best fit=0.697300, best_overall=0.697300, mean_diversity=0.505652,
indivs=25558061, elapsed_secs=48686, mean=0.551159, stdev=0.081068, best fit=0.697300, best_overall=0.697300, mean_diversity=0.203573,
indivs=25568142, elapsed_secs=48707, mean=0.555084, stdev=0.219181, best fit=0.697300, best_overall=0.697300, mean_diversity=0.109227,
indivs=25578227, elapsed_secs=48726, mean=0.496040, stdev=0.079558, best fit=0.697300, best_overall=0.697300, mean_diversity=0.153270,
indivs=25588266, elapsed_secs=48741, mean=0.473820, stdev=0.169921, best fit=0.697300, best_overall=0.697300, mean_diversity=0.094484,
indivs=25598332, elapsed_secs=48762, mean=0.502459, stdev=0.061663, best fit=0.697300, best_overall=0.697300, mean_diversity=0.284158,
indivs=25608459, elapsed_secs=48783, mean=0.557286, stdev=0.113527, best fit=0.697300, best_overall=0.697300, mean_diversity=0.304912,
indivs=25618470, elapsed_secs=48801, mean=0.550621, stdev=0.126680, best fit=0.697300, best_overall=0.697300, mean_diversity=0.214111,
indivs=25628532, elapsed_secs=48823, mean=0.508330, stdev=0.134533, best fit=0.697300, best_overall=0.697300, mean_diversity=0.164918,
indivs=25638538, elapsed_secs=48841, mean=0.558963, stdev=0.141160, best fit=0.697300, best_overall=0.697300, mean_diversity=0.051907,
indivs=25648640, elapsed_secs=48858, mean=0.567860, stdev=0.114922, best fit=0.697300, best_overall=0.697300, mean_diversity=0.068466,
indivs=25658674, elapsed_secs=48877, mean=0.558140, stdev=0.173330, best fit=0.697300, best_overall=0.697300, mean_diversity=0.209971,
indivs=25668762, elapsed_secs=48897, mean=0.499159, stdev=0.093014, best fit=0.697300, best_overall=0.697300, mean_diversity=0.274138,
indivs=25678898, elapsed_secs=48921, mean=0.592226, stdev=0.168637, best fit=0.697300, best_overall=0.697300, mean_diversity=0.080141,
indivs=25688954, elapsed_secs=48942, mean=0.517832, stdev=0.101567, best fit=0.697300, best_overall=0.697300, mean_diversity=0.289569,
indivs=25699058, elapsed_secs=48961, mean=0.503266, stdev=0.115401, best fit=0.697300, best_overall=0.697300, mean_diversity=0.125795,
indivs=25709153, elapsed_secs=48979, mean=0.508873, stdev=0.039785, best fit=0.697300, best_overall=0.697300, mean_diversity=0.115397,
indivs=25719228, elapsed_secs=48999, mean=0.525665, stdev=0.062365, best fit=0.697300, best_overall=0.697300, mean_diversity=0.254632,
indivs=25729306, elapsed_secs=49017, mean=0.514256, stdev=0.134929, best fit=0.697300, best_overall=0.697300, mean_diversity=0.367107,
indivs=25739323, elapsed_secs=49035, mean=0.562346, stdev=0.133428, best fit=0.697300, best_overall=0.697300, mean_diversity=0.121687,
indivs=25749408, elapsed_secs=49054, mean=0.527205, stdev=0.094087, best fit=0.697300, best_overall=0.697300, mean_diversity=0.396457,
indivs=25759550, elapsed_secs=49073, mean=0.549420, stdev=0.202598, best fit=0.697300, best_overall=0.697300, mean_diversity=0.126860,
indivs=25769569, elapsed_secs=49090, mean=0.569376, stdev=0.083465, best fit=0.697300, best_overall=0.697300, mean_diversity=0.206291,
indivs=25779657, elapsed_secs=49110, mean=0.562710, stdev=0.115965, best fit=0.697300, best_overall=0.697300, mean_diversity=0.253723,
indivs=25789782, elapsed_secs=49128, mean=0.621555, stdev=0.130738, best fit=0.697300, best_overall=0.697300, mean_diversity=0.103584,
indivs=25799868, elapsed_secs=49148, mean=0.521009, stdev=0.044551, best fit=0.697300, best_overall=0.697300, mean_diversity=0.236882,
indivs=25809902, elapsed_secs=49167, mean=0.522221, stdev=0.188055, best fit=0.697300, best_overall=0.697300, mean_diversity=0.287157,
indivs=25819976, elapsed_secs=49189, mean=0.567994, stdev=0.087067, best fit=0.697300, best_overall=0.697300, mean_diversity=0.261020,
indivs=25830100, elapsed_secs=49209, mean=0.508484, stdev=0.229246, best fit=0.697300, best_overall=0.697300, mean_diversity=0.076007,
indivs=25840149, elapsed_secs=49227, mean=0.543441, stdev=0.150981, best fit=0.697300, best_overall=0.697300, mean_diversity=0.262778,
indivs=25850212, elapsed_secs=49248, mean=0.544172, stdev=0.127967, best fit=0.697300, best_overall=0.697300, mean_diversity=0.121738,
indivs=25860373, elapsed_secs=49266, mean=0.564920, stdev=0.190776, best fit=0.697300, best_overall=0.697300, mean_diversity=0.128867,
indivs=25870431, elapsed_secs=49284, mean=0.578065, stdev=0.100341, best fit=0.697300, best_overall=0.697300, mean_diversity=0.350091,
indivs=25880507, elapsed_secs=49302, mean=0.495249, stdev=0.078132, best fit=0.697300, best_overall=0.697300, mean_diversity=0.172979,
indivs=25890612, elapsed_secs=49322, mean=0.537851, stdev=0.126619, best fit=0.697300, best_overall=0.697300, mean_diversity=0.281104,
indivs=25900745, elapsed_secs=49341, mean=0.556742, stdev=0.174951, best fit=0.697300, best_overall=0.697300, mean_diversity=0.163562,
indivs=25910889, elapsed_secs=49358, mean=0.552520, stdev=0.174255, best fit=0.697300, best_overall=0.697300, mean_diversity=0.083931,
indivs=25921010, elapsed_secs=49379, mean=0.540407, stdev=0.191314, best fit=0.697300, best_overall=0.697300, mean_diversity=0.146817,
indivs=25931115, elapsed_secs=49396, mean=0.552979, stdev=0.128498, best fit=0.697300, best_overall=0.697300, mean_diversity=0.273092,
indivs=25941142, elapsed_secs=49415, mean=0.501564, stdev=0.086837, best fit=0.697300, best_overall=0.697300, mean_diversity=0.308588,
indivs=25951148, elapsed_secs=49433, mean=0.580425, stdev=0.154736, best fit=0.697300, best_overall=0.697300, mean_diversity=0.096075,
indivs=25961221, elapsed_secs=49453, mean=0.486997, stdev=0.099208, best fit=0.697300, best_overall=0.697300, mean_diversity=0.168860,
indivs=25971230, elapsed_secs=49468, mean=0.494845, stdev=0.126320, best fit=0.697300, best_overall=0.697300, mean_diversity=0.164242,
indivs=25981261, elapsed_secs=49489, mean=0.539887, stdev=0.122353, best fit=0.697300, best_overall=0.697300, mean_diversity=0.234918,
indivs=25991289, elapsed_secs=49508, mean=0.448128, stdev=0.199105, best fit=0.697300, best_overall=0.697300, mean_diversity=0.196796,
indivs=26001302, elapsed_secs=49526, mean=0.549728, stdev=0.138114, best fit=0.697300, best_overall=0.697300, mean_diversity=0.165730,
indivs=26011421, elapsed_secs=49545, mean=0.545730, stdev=0.154447, best fit=0.697300, best_overall=0.697300, mean_diversity=0.108931,
indivs=26021432, elapsed_secs=49567, mean=0.464745, stdev=0.094378, best fit=0.697300, best_overall=0.697300, mean_diversity=0.102509,
indivs=26031468, elapsed_secs=49586, mean=0.545891, stdev=0.150990, best fit=0.697300, best_overall=0.697300, mean_diversity=0.170000,
indivs=26041495, elapsed_secs=49605, mean=0.503878, stdev=0.027150, best fit=0.697300, best_overall=0.697300, mean_diversity=0.063808,
indivs=26051544, elapsed_secs=49626, mean=0.496186, stdev=0.138767, best fit=0.697300, best_overall=0.697300, mean_diversity=0.277774,
indivs=26061636, elapsed_secs=49644, mean=0.528388, stdev=0.062616, best fit=0.697300, best_overall=0.697300, mean_diversity=0.253756,
indivs=26071711, elapsed_secs=49663, mean=0.604141, stdev=0.119556, best fit=0.697300, best_overall=0.697300, mean_diversity=0.256144,
indivs=26081740, elapsed_secs=49680, mean=0.512645, stdev=0.160004, best fit=0.697300, best_overall=0.697300, mean_diversity=0.350657,
indivs=26091863, elapsed_secs=49701, mean=0.526330, stdev=0.126586, best fit=0.697300, best_overall=0.697300, mean_diversity=0.334811,
indivs=26101864, elapsed_secs=49723, mean=0.511726, stdev=0.140128, best fit=0.697300, best_overall=0.697300, mean_diversity=0.251535,
indivs=26111940, elapsed_secs=49744, mean=0.507523, stdev=0.091173, best fit=0.697300, best_overall=0.697300, mean_diversity=0.337911,
indivs=26121970, elapsed_secs=49761, mean=0.524667, stdev=0.099102, best fit=0.697300, best_overall=0.697300, mean_diversity=0.371340,
indivs=26132104, elapsed_secs=49780, mean=0.568048, stdev=0.119308, best fit=0.697300, best_overall=0.697300, mean_diversity=0.236891,
indivs=26142198, elapsed_secs=49794, mean=0.571103, stdev=0.105860, best fit=0.697300, best_overall=0.697300, mean_diversity=0.108407,
indivs=26152250, elapsed_secs=49814, mean=0.496129, stdev=0.164189, best fit=0.697300, best_overall=0.697300, mean_diversity=0.422250,
indivs=26162296, elapsed_secs=49833, mean=0.515874, stdev=0.046793, best fit=0.697300, best_overall=0.697300, mean_diversity=0.452339,
indivs=26172408, elapsed_secs=49852, mean=0.541320, stdev=0.126056, best fit=0.697300, best_overall=0.697300, mean_diversity=0.188826,
indivs=26182435, elapsed_secs=49866, mean=0.527307, stdev=0.121677, best fit=0.697300, best_overall=0.697300, mean_diversity=0.284811,
indivs=26192495, elapsed_secs=49884, mean=0.487985, stdev=0.074150, best fit=0.697300, best_overall=0.697300, mean_diversity=0.080980,
indivs=26202545, elapsed_secs=49902, mean=0.466965, stdev=0.109273, best fit=0.697300, best_overall=0.697300, mean_diversity=0.148887,
indivs=26212564, elapsed_secs=49920, mean=0.618696, stdev=0.074960, best fit=0.697300, best_overall=0.697300, mean_diversity=0.074650,
indivs=26222594, elapsed_secs=49941, mean=0.516482, stdev=0.173973, best fit=0.697300, best_overall=0.697300, mean_diversity=0.098233,
indivs=26232681, elapsed_secs=49959, mean=0.572099, stdev=0.110613, best fit=0.697300, best_overall=0.697300, mean_diversity=0.083651,
indivs=26242693, elapsed_secs=49977, mean=0.552268, stdev=0.158923, best fit=0.697300, best_overall=0.697300, mean_diversity=0.100499,
indivs=26252811, elapsed_secs=49998, mean=0.530767, stdev=0.068255, best fit=0.697300, best_overall=0.697300, mean_diversity=0.426951,
indivs=26262916, elapsed_secs=50018, mean=0.538406, stdev=0.150745, best fit=0.697300, best_overall=0.697300, mean_diversity=0.215068,
indivs=26272970, elapsed_secs=50037, mean=0.558863, stdev=0.193509, best fit=0.697300, best_overall=0.697300, mean_diversity=0.129010,
indivs=26283027, elapsed_secs=50053, mean=0.505647, stdev=0.073500, best fit=0.697300, best_overall=0.697300, mean_diversity=0.272832,
indivs=26293133, elapsed_secs=50073, mean=0.564269, stdev=0.178604, best fit=0.697300, best_overall=0.697300, mean_diversity=0.078219,
indivs=26303170, elapsed_secs=50093, mean=0.501733, stdev=0.048433, best fit=0.697300, best_overall=0.697300, mean_diversity=0.167895,
indivs=26313293, elapsed_secs=50113, mean=0.510985, stdev=0.119722, best fit=0.697300, best_overall=0.697300, mean_diversity=0.214549,
indivs=26323394, elapsed_secs=50133, mean=0.520241, stdev=0.073087, best fit=0.697300, best_overall=0.697300, mean_diversity=0.150787,
indivs=26333435, elapsed_secs=50154, mean=0.571572, stdev=0.155029, best fit=0.697300, best_overall=0.697300, mean_diversity=0.200319,
indivs=26343536, elapsed_secs=50172, mean=0.512304, stdev=0.034213, best fit=0.697300, best_overall=0.697300, mean_diversity=0.277928,
indivs=26353558, elapsed_secs=50192, mean=0.540298, stdev=0.130320, best fit=0.697300, best_overall=0.697300, mean_diversity=0.319252,
indivs=26363613, elapsed_secs=50209, mean=0.498290, stdev=0.034548, best fit=0.697300, best_overall=0.697300, mean_diversity=0.166705,
indivs=26373629, elapsed_secs=50229, mean=0.523725, stdev=0.118455, best fit=0.697300, best_overall=0.697300, mean_diversity=0.277196,
indivs=26383720, elapsed_secs=50250, mean=0.501985, stdev=0.028508, best fit=0.697300, best_overall=0.697300, mean_diversity=0.164621,
indivs=26393746, elapsed_secs=50269, mean=0.492369, stdev=0.075723, best fit=0.697300, best_overall=0.697300, mean_diversity=0.152140,
indivs=26403868, elapsed_secs=50288, mean=0.591305, stdev=0.086829, best fit=0.697300, best_overall=0.697300, mean_diversity=0.120072,
indivs=26413957, elapsed_secs=50306, mean=0.527133, stdev=0.117634, best fit=0.697300, best_overall=0.697300, mean_diversity=0.302782,
indivs=26424025, elapsed_secs=50322, mean=0.503445, stdev=0.024165, best fit=0.697300, best_overall=0.697300, mean_diversity=0.145071,
indivs=26434153, elapsed_secs=50343, mean=0.606495, stdev=0.126863, best fit=0.697300, best_overall=0.697300, mean_diversity=0.109127,
indivs=26444203, elapsed_secs=50363, mean=0.519972, stdev=0.073756, best fit=0.697300, best_overall=0.697300, mean_diversity=0.414596,
indivs=26454279, elapsed_secs=50380, mean=0.534753, stdev=0.121723, best fit=0.697300, best_overall=0.697300, mean_diversity=0.362645,
indivs=26464301, elapsed_secs=50397, mean=0.485093, stdev=0.066006, best fit=0.697300, best_overall=0.697300, mean_diversity=0.217568,
indivs=26474441, elapsed_secs=50416, mean=0.553724, stdev=0.131547, best fit=0.697300, best_overall=0.697300, mean_diversity=0.183326,
indivs=26484524, elapsed_secs=50434, mean=0.520939, stdev=0.099079, best fit=0.697300, best_overall=0.697300, mean_diversity=0.524667,
indivs=26494621, elapsed_secs=50450, mean=0.582085, stdev=0.147600, best fit=0.697300, best_overall=0.697300, mean_diversity=0.123043,
indivs=26504655, elapsed_secs=50467, mean=0.521021, stdev=0.176051, best fit=0.697300, best_overall=0.697300, mean_diversity=0.291303,
indivs=26514736, elapsed_secs=50486, mean=0.508559, stdev=0.117108, best fit=0.697300, best_overall=0.697300, mean_diversity=0.185041,
indivs=26524875, elapsed_secs=50508, mean=0.575485, stdev=0.126234, best fit=0.697300, best_overall=0.697300, mean_diversity=0.192808,
indivs=26534928, elapsed_secs=50524, mean=0.480444, stdev=0.055081, best fit=0.697300, best_overall=0.697300, mean_diversity=0.148501,
indivs=26545013, elapsed_secs=50543, mean=0.523660, stdev=0.130886, best fit=0.697300, best_overall=0.697300, mean_diversity=0.226614,
indivs=26555019, elapsed_secs=50563, mean=0.505083, stdev=0.092500, best fit=0.697300, best_overall=0.697300, mean_diversity=0.426440,
indivs=26565083, elapsed_secs=50583, mean=0.531336, stdev=0.105424, best fit=0.697300, best_overall=0.697300, mean_diversity=0.259000,
indivs=26575181, elapsed_secs=50601, mean=0.520230, stdev=0.074952, best fit=0.697300, best_overall=0.697300, mean_diversity=0.083051,
indivs=26585199, elapsed_secs=50620, mean=0.540014, stdev=0.063457, best fit=0.697300, best_overall=0.697300, mean_diversity=0.233344,
indivs=26595246, elapsed_secs=50639, mean=0.566588, stdev=0.178021, best fit=0.697300, best_overall=0.697300, mean_diversity=0.167199,
indivs=26605379, elapsed_secs=50659, mean=0.588944, stdev=0.146829, best fit=0.697300, best_overall=0.697300, mean_diversity=0.114900,
indivs=26615453, elapsed_secs=50677, mean=0.576856, stdev=0.099396, best fit=0.697300, best_overall=0.697300, mean_diversity=0.257456,
indivs=26625497, elapsed_secs=50693, mean=0.501467, stdev=0.020316, best fit=0.697300, best_overall=0.697300, mean_diversity=0.044045,
indivs=26635543, elapsed_secs=50712, mean=0.567786, stdev=0.121933, best fit=0.697300, best_overall=0.697300, mean_diversity=0.218644,
indivs=26645627, elapsed_secs=50731, mean=0.525953, stdev=0.160829, best fit=0.697300, best_overall=0.697300, mean_diversity=0.226809,
indivs=26655711, elapsed_secs=50748, mean=0.497082, stdev=0.174276, best fit=0.697300, best_overall=0.697300, mean_diversity=0.290415,
indivs=26665843, elapsed_secs=50767, mean=0.511356, stdev=0.199339, best fit=0.697300, best_overall=0.697300, mean_diversity=0.172566,
indivs=26675912, elapsed_secs=50787, mean=0.519064, stdev=0.102279, best fit=0.697300, best_overall=0.697300, mean_diversity=0.268040,
indivs=26685917, elapsed_secs=50808, mean=0.503642, stdev=0.025584, best fit=0.697300, best_overall=0.697300, mean_diversity=0.176161,
indivs=26696012, elapsed_secs=50826, mean=0.544772, stdev=0.126549, best fit=0.697300, best_overall=0.697300, mean_diversity=0.296179,
indivs=26706055, elapsed_secs=50846, mean=0.500395, stdev=0.084079, best fit=0.697300, best_overall=0.697300, mean_diversity=0.276981,
indivs=26716061, elapsed_secs=50864, mean=0.498153, stdev=0.056442, best fit=0.697300, best_overall=0.697300, mean_diversity=0.074598,
indivs=26726117, elapsed_secs=50883, mean=0.488863, stdev=0.091051, best fit=0.697300, best_overall=0.697300, mean_diversity=0.197244,
indivs=26736189, elapsed_secs=50903, mean=0.526291, stdev=0.209505, best fit=0.697300, best_overall=0.697300, mean_diversity=0.144290,
indivs=26746221, elapsed_secs=50918, mean=0.577021, stdev=0.154385, best fit=0.697300, best_overall=0.697300, mean_diversity=0.069991,
indivs=26756316, elapsed_secs=50939, mean=0.504541, stdev=0.089061, best fit=0.697300, best_overall=0.697300, mean_diversity=0.125372,
indivs=26766331, elapsed_secs=50962, mean=0.509196, stdev=0.068996, best fit=0.697300, best_overall=0.697300, mean_diversity=0.135245,
indivs=26776348, elapsed_secs=50978, mean=0.527643, stdev=0.120153, best fit=0.697300, best_overall=0.697300, mean_diversity=0.223006,
indivs=26786446, elapsed_secs=50999, mean=0.535939, stdev=0.108100, best fit=0.697300, best_overall=0.697300, mean_diversity=0.387840,
indivs=26796526, elapsed_secs=51020, mean=0.478045, stdev=0.073251, best fit=0.697300, best_overall=0.697300, mean_diversity=0.093599,
indivs=26806533, elapsed_secs=51035, mean=0.505778, stdev=0.090389, best fit=0.697300, best_overall=0.697300, mean_diversity=0.225022,
indivs=26816548, elapsed_secs=51055, mean=0.520817, stdev=0.081119, best fit=0.697300, best_overall=0.697300, mean_diversity=0.209093,
indivs=26826600, elapsed_secs=51071, mean=0.549389, stdev=0.098706, best fit=0.697300, best_overall=0.697300, mean_diversity=0.299045,
indivs=26836658, elapsed_secs=51094, mean=0.447962, stdev=0.158819, best fit=0.697300, best_overall=0.697300, mean_diversity=0.149671,
indivs=26846736, elapsed_secs=51112, mean=0.522811, stdev=0.052541, best fit=0.697300, best_overall=0.697300, mean_diversity=0.256718,
indivs=26856812, elapsed_secs=51136, mean=0.567133, stdev=0.122911, best fit=0.697300, best_overall=0.697300, mean_diversity=0.066196,
indivs=26866836, elapsed_secs=51160, mean=0.585914, stdev=0.137267, best fit=0.697300, best_overall=0.697300, mean_diversity=0.085773,
indivs=26876945, elapsed_secs=51177, mean=0.494142, stdev=0.105864, best fit=0.697300, best_overall=0.697300, mean_diversity=0.143981,
indivs=26886950, elapsed_secs=51195, mean=0.560059, stdev=0.143499, best fit=0.697300, best_overall=0.697300, mean_diversity=0.248913,
indivs=26897006, elapsed_secs=51211, mean=0.496179, stdev=0.076759, best fit=0.697300, best_overall=0.697300, mean_diversity=0.132789,
indivs=26907176, elapsed_secs=51233, mean=0.578134, stdev=0.196816, best fit=0.697300, best_overall=0.697300, mean_diversity=0.075518,
indivs=26917246, elapsed_secs=51248, mean=0.523859, stdev=0.102830, best fit=0.697300, best_overall=0.697300, mean_diversity=0.134014,
indivs=26927306, elapsed_secs=51266, mean=0.532533, stdev=0.157387, best fit=0.697300, best_overall=0.697300, mean_diversity=0.226677,
indivs=26937313, elapsed_secs=51285, mean=0.548779, stdev=0.135107, best fit=0.697300, best_overall=0.697300, mean_diversity=0.199948,
indivs=26947376, elapsed_secs=51305, mean=0.502661, stdev=0.062456, best fit=0.697300, best_overall=0.697300, mean_diversity=0.243672,
indivs=26957478, elapsed_secs=51323, mean=0.486649, stdev=0.142625, best fit=0.697300, best_overall=0.697300, mean_diversity=0.261254,
indivs=26967481, elapsed_secs=51343, mean=0.522851, stdev=0.075499, best fit=0.697300, best_overall=0.697300, mean_diversity=0.274247,
indivs=26977507, elapsed_secs=51361, mean=0.568715, stdev=0.096674, best fit=0.697300, best_overall=0.697300, mean_diversity=0.062052,
indivs=26987589, elapsed_secs=51379, mean=0.549634, stdev=0.126566, best fit=0.697300, best_overall=0.697300, mean_diversity=0.122571,
indivs=26997623, elapsed_secs=51397, mean=0.537187, stdev=0.147713, best fit=0.697300, best_overall=0.697300, mean_diversity=0.259860,
indivs=27007685, elapsed_secs=51416, mean=0.483785, stdev=0.117532, best fit=0.697300, best_overall=0.697300, mean_diversity=0.276448,
indivs=27017694, elapsed_secs=51435, mean=0.532733, stdev=0.156318, best fit=0.697300, best_overall=0.697300, mean_diversity=0.145717,
indivs=27027738, elapsed_secs=51451, mean=0.506317, stdev=0.094212, best fit=0.697300, best_overall=0.697300, mean_diversity=0.215175,
indivs=27037850, elapsed_secs=51469, mean=0.565450, stdev=0.152352, best fit=0.697300, best_overall=0.697300, mean_diversity=0.208256,
indivs=27047950, elapsed_secs=51490, mean=0.499744, stdev=0.081730, best fit=0.697300, best_overall=0.697300, mean_diversity=0.150771,
indivs=27057992, elapsed_secs=51509, mean=0.503444, stdev=0.062980, best fit=0.697300, best_overall=0.697300, mean_diversity=0.145285,
indivs=27068020, elapsed_secs=51528, mean=0.529219, stdev=0.064361, best fit=0.697300, best_overall=0.697300, mean_diversity=0.314892,
indivs=27078107, elapsed_secs=51546, mean=0.601012, stdev=0.121197, best fit=0.697300, best_overall=0.697300, mean_diversity=0.146405,
indivs=27088165, elapsed_secs=51567, mean=0.542122, stdev=0.103024, best fit=0.697300, best_overall=0.697300, mean_diversity=0.191850,
indivs=27098225, elapsed_secs=51587, mean=0.503458, stdev=0.025781, best fit=0.697300, best_overall=0.697300, mean_diversity=0.085000,
indivs=27108305, elapsed_secs=51608, mean=0.547156, stdev=0.082527, best fit=0.697300, best_overall=0.697300, mean_diversity=0.248458,
indivs=27118364, elapsed_secs=51627, mean=0.585202, stdev=0.134796, best fit=0.697300, best_overall=0.697300, mean_diversity=0.211429,
indivs=27128387, elapsed_secs=51642, mean=0.509055, stdev=0.067815, best fit=0.697300, best_overall=0.697300, mean_diversity=0.222765,
indivs=27138518, elapsed_secs=51664, mean=0.591728, stdev=0.156395, best fit=0.697300, best_overall=0.697300, mean_diversity=0.099574,
indivs=27148606, elapsed_secs=51682, mean=0.553912, stdev=0.117390, best fit=0.697300, best_overall=0.697300, mean_diversity=0.159569,
indivs=27158661, elapsed_secs=51701, mean=0.503662, stdev=0.025713, best fit=0.697300, best_overall=0.697300, mean_diversity=0.103188,
indivs=27168725, elapsed_secs=51722, mean=0.548556, stdev=0.098042, best fit=0.697300, best_overall=0.697300, mean_diversity=0.290187,
indivs=27178783, elapsed_secs=51741, mean=0.502540, stdev=0.057099, best fit=0.697300, best_overall=0.697300, mean_diversity=0.342920,
indivs=27188852, elapsed_secs=51762, mean=0.502002, stdev=0.058652, best fit=0.697300, best_overall=0.697300, mean_diversity=0.271000,
indivs=27198924, elapsed_secs=51781, mean=0.551142, stdev=0.086336, best fit=0.697300, best_overall=0.697300, mean_diversity=0.316240,
indivs=27208966, elapsed_secs=51796, mean=0.490488, stdev=0.101689, best fit=0.697300, best_overall=0.697300, mean_diversity=0.339427,
indivs=27219119, elapsed_secs=51814, mean=0.532485, stdev=0.202134, best fit=0.697300, best_overall=0.697300, mean_diversity=0.140112,
indivs=27229193, elapsed_secs=51831, mean=0.521859, stdev=0.138521, best fit=0.697300, best_overall=0.697300, mean_diversity=0.352170,
indivs=27239270, elapsed_secs=51851, mean=0.518242, stdev=0.098007, best fit=0.697300, best_overall=0.697300, mean_diversity=0.196715,
indivs=27249435, elapsed_secs=51871, mean=0.548937, stdev=0.217190, best fit=0.697300, best_overall=0.697300, mean_diversity=0.088255,
indivs=27259548, elapsed_secs=51889, mean=0.544249, stdev=0.119979, best fit=0.697300, best_overall=0.697300, mean_diversity=0.138293,
indivs=27269588, elapsed_secs=51908, mean=0.539545, stdev=0.182943, best fit=0.697300, best_overall=0.697300, mean_diversity=0.078708,
indivs=27279617, elapsed_secs=51927, mean=0.530668, stdev=0.093373, best fit=0.697300, best_overall=0.697300, mean_diversity=0.228098,
indivs=27289644, elapsed_secs=51944, mean=0.496646, stdev=0.204669, best fit=0.697300, best_overall=0.697300, mean_diversity=0.305199,
indivs=27299734, elapsed_secs=51961, mean=0.506344, stdev=0.026291, best fit=0.697300, best_overall=0.697300, mean_diversity=0.243284,
indivs=27309880, elapsed_secs=51982, mean=0.535508, stdev=0.174226, best fit=0.697300, best_overall=0.697300, mean_diversity=0.115000,
indivs=27319891, elapsed_secs=51999, mean=0.503026, stdev=0.080750, best fit=0.697300, best_overall=0.697300, mean_diversity=0.287154,
indivs=27329986, elapsed_secs=52019, mean=0.494140, stdev=0.124732, best fit=0.697300, best_overall=0.697300, mean_diversity=0.264967,
indivs=27340020, elapsed_secs=52033, mean=0.490956, stdev=0.160478, best fit=0.697300, best_overall=0.697300, mean_diversity=0.273516,
indivs=27350028, elapsed_secs=52051, mean=0.581395, stdev=0.114763, best fit=0.697300, best_overall=0.697300, mean_diversity=0.106662,
indivs=27360063, elapsed_secs=52073, mean=0.490035, stdev=0.181637, best fit=0.697300, best_overall=0.697300, mean_diversity=0.210714,
indivs=27370169, elapsed_secs=52091, mean=0.513364, stdev=0.131681, best fit=0.697300, best_overall=0.697300, mean_diversity=0.276871,
indivs=27380278, elapsed_secs=52109, mean=0.555253, stdev=0.084700, best fit=0.697300, best_overall=0.697300, mean_diversity=0.196006,
indivs=27390355, elapsed_secs=52131, mean=0.541628, stdev=0.150212, best fit=0.697300, best_overall=0.697300, mean_diversity=0.234420,
indivs=27400465, elapsed_secs=52149, mean=0.516996, stdev=0.169983, best fit=0.697300, best_overall=0.697300, mean_diversity=0.306121,
indivs=27410485, elapsed_secs=52169, mean=0.514088, stdev=0.121792, best fit=0.697300, best_overall=0.697300, mean_diversity=0.193287,
indivs=27420563, elapsed_secs=52189, mean=0.530079, stdev=0.133919, best fit=0.697300, best_overall=0.697300, mean_diversity=0.213611,
indivs=27430584, elapsed_secs=52208, mean=0.496999, stdev=0.077528, best fit=0.697300, best_overall=0.697300, mean_diversity=0.174945,
indivs=27440653, elapsed_secs=52230, mean=0.549285, stdev=0.168419, best fit=0.697300, best_overall=0.697300, mean_diversity=0.106861,
indivs=27450742, elapsed_secs=52248, mean=0.506134, stdev=0.124135, best fit=0.697300, best_overall=0.697300, mean_diversity=0.292955,
indivs=27460793, elapsed_secs=52266, mean=0.545367, stdev=0.103924, best fit=0.697300, best_overall=0.697300, mean_diversity=0.201615,
indivs=27470930, elapsed_secs=52286, mean=0.545306, stdev=0.137076, best fit=0.697300, best_overall=0.697300, mean_diversity=0.190890,
indivs=27480939, elapsed_secs=52304, mean=0.556656, stdev=0.115299, best fit=0.697300, best_overall=0.697300, mean_diversity=0.167075,
indivs=27491048, elapsed_secs=52328, mean=0.500513, stdev=0.135286, best fit=0.697300, best_overall=0.697300, mean_diversity=0.187861,
indivs=27501131, elapsed_secs=52348, mean=0.485484, stdev=0.090482, best fit=0.697300, best_overall=0.697300, mean_diversity=0.213910,
indivs=27511211, elapsed_secs=52366, mean=0.489728, stdev=0.156787, best fit=0.697300, best_overall=0.697300, mean_diversity=0.430981,
indivs=27521299, elapsed_secs=52383, mean=0.549799, stdev=0.149292, best fit=0.697300, best_overall=0.697300, mean_diversity=0.163214,
indivs=27531359, elapsed_secs=52403, mean=0.527701, stdev=0.108335, best fit=0.697300, best_overall=0.697300, mean_diversity=0.396637,
indivs=27541365, elapsed_secs=52420, mean=0.536201, stdev=0.227206, best fit=0.697300, best_overall=0.697300, mean_diversity=0.102952,
indivs=27551373, elapsed_secs=52443, mean=0.522749, stdev=0.076972, best fit=0.697300, best_overall=0.697300, mean_diversity=0.190341,
indivs=27561478, elapsed_secs=52461, mean=0.548518, stdev=0.076880, best fit=0.697300, best_overall=0.697300, mean_diversity=0.254022,
indivs=27571512, elapsed_secs=52480, mean=0.512078, stdev=0.110614, best fit=0.697300, best_overall=0.697300, mean_diversity=0.328608,
indivs=27581618, elapsed_secs=52497, mean=0.585503, stdev=0.154873, best fit=0.697300, best_overall=0.697300, mean_diversity=0.109033,
indivs=27591666, elapsed_secs=52516, mean=0.571486, stdev=0.115164, best fit=0.697300, best_overall=0.697300, mean_diversity=0.227267,
indivs=27601703, elapsed_secs=52533, mean=0.514985, stdev=0.142957, best fit=0.697300, best_overall=0.697300, mean_diversity=0.318940,
indivs=27611860, elapsed_secs=52548, mean=0.530855, stdev=0.194797, best fit=0.697300, best_overall=0.697300, mean_diversity=0.131418,
indivs=27621863, elapsed_secs=52566, mean=0.526270, stdev=0.159492, best fit=0.697300, best_overall=0.697300, mean_diversity=0.270316,
indivs=27632005, elapsed_secs=52585, mean=0.564275, stdev=0.126885, best fit=0.697300, best_overall=0.697300, mean_diversity=0.246620,
indivs=27642114, elapsed_secs=52602, mean=0.499482, stdev=0.133397, best fit=0.697300, best_overall=0.697300, mean_diversity=0.298182,
indivs=27652179, elapsed_secs=52623, mean=0.531939, stdev=0.203339, best fit=0.697300, best_overall=0.697300, mean_diversity=0.191931,
indivs=27662317, elapsed_secs=52643, mean=0.560736, stdev=0.174323, best fit=0.697300, best_overall=0.697300, mean_diversity=0.073654,
indivs=27672451, elapsed_secs=52663, mean=0.610573, stdev=0.114169, best fit=0.697300, best_overall=0.697300, mean_diversity=0.062207,
indivs=27682541, elapsed_secs=52684, mean=0.610786, stdev=0.100733, best fit=0.697300, best_overall=0.697300, mean_diversity=0.114209,
indivs=27692681, elapsed_secs=52702, mean=0.536139, stdev=0.200301, best fit=0.697300, best_overall=0.697300, mean_diversity=0.126979,
indivs=27702687, elapsed_secs=52722, mean=0.511004, stdev=0.189497, best fit=0.697300, best_overall=0.697300, mean_diversity=0.070746,
indivs=27712694, elapsed_secs=52744, mean=0.498271, stdev=0.139530, best fit=0.697300, best_overall=0.697300, mean_diversity=0.458439,
indivs=27722728, elapsed_secs=52762, mean=0.459468, stdev=0.147078, best fit=0.697300, best_overall=0.697300, mean_diversity=0.110446,
indivs=27732746, elapsed_secs=52781, mean=0.530458, stdev=0.139318, best fit=0.697300, best_overall=0.697300, mean_diversity=0.275776,
indivs=27742816, elapsed_secs=52800, mean=0.491418, stdev=0.073085, best fit=0.697300, best_overall=0.697300, mean_diversity=0.086883,
indivs=27752854, elapsed_secs=52818, mean=0.550577, stdev=0.145999, best fit=0.697300, best_overall=0.697300, mean_diversity=0.252428,
indivs=27762947, elapsed_secs=52838, mean=0.580157, stdev=0.099162, best fit=0.697300, best_overall=0.697300, mean_diversity=0.067438,
indivs=27773030, elapsed_secs=52857, mean=0.411807, stdev=0.255141, best fit=0.697300, best_overall=0.697300, mean_diversity=0.077850,
indivs=27783168, elapsed_secs=52876, mean=0.579773, stdev=0.146029, best fit=0.697300, best_overall=0.697300, mean_diversity=0.199747,
indivs=27793231, elapsed_secs=52897, mean=0.503605, stdev=0.065283, best fit=0.697300, best_overall=0.697300, mean_diversity=0.423483,
indivs=27803309, elapsed_secs=52913, mean=0.494939, stdev=0.076418, best fit=0.697300, best_overall=0.697300, mean_diversity=0.259447,
indivs=27813389, elapsed_secs=52931, mean=0.472152, stdev=0.099515, best fit=0.697300, best_overall=0.697300, mean_diversity=0.239880,
indivs=27823475, elapsed_secs=52952, mean=0.531859, stdev=0.158760, best fit=0.697300, best_overall=0.697300, mean_diversity=0.388061,
indivs=27833574, elapsed_secs=52972, mean=0.539433, stdev=0.092256, best fit=0.697300, best_overall=0.697300, mean_diversity=0.420461,
indivs=27843627, elapsed_secs=52993, mean=0.571667, stdev=0.117889, best fit=0.697300, best_overall=0.697300, mean_diversity=0.096174,
indivs=27853657, elapsed_secs=53010, mean=0.514410, stdev=0.053278, best fit=0.697300, best_overall=0.697300, mean_diversity=0.470432,
indivs=27863711, elapsed_secs=53032, mean=0.546144, stdev=0.065379, best fit=0.697300, best_overall=0.697300, mean_diversity=0.198839,
indivs=27873754, elapsed_secs=53052, mean=0.530481, stdev=0.119637, best fit=0.697300, best_overall=0.697300, mean_diversity=0.381641,
indivs=27883793, elapsed_secs=53072, mean=0.473321, stdev=0.190440, best fit=0.697300, best_overall=0.697300, mean_diversity=0.193066,
indivs=27893906, elapsed_secs=53092, mean=0.556913, stdev=0.116096, best fit=0.697300, best_overall=0.697300, mean_diversity=0.150913,
indivs=27904043, elapsed_secs=53113, mean=0.526316, stdev=0.142322, best fit=0.697300, best_overall=0.697300, mean_diversity=0.270921,
indivs=27914180, elapsed_secs=53133, mean=0.533786, stdev=0.197954, best fit=0.697300, best_overall=0.697300, mean_diversity=0.290823,
indivs=27924252, elapsed_secs=53151, mean=0.587164, stdev=0.069492, best fit=0.697300, best_overall=0.697300, mean_diversity=0.301754,
indivs=27934352, elapsed_secs=53170, mean=0.514896, stdev=0.122045, best fit=0.697300, best_overall=0.697300, mean_diversity=0.260712,
indivs=27944450, elapsed_secs=53188, mean=0.545006, stdev=0.109254, best fit=0.697300, best_overall=0.697300, mean_diversity=0.190273,
indivs=27954515, elapsed_secs=53207, mean=0.580904, stdev=0.118084, best fit=0.697300, best_overall=0.697300, mean_diversity=0.271667,
indivs=27964593, elapsed_secs=53225, mean=0.524219, stdev=0.052595, best fit=0.697300, best_overall=0.697300, mean_diversity=0.117747,
indivs=27974606, elapsed_secs=53241, mean=0.508335, stdev=0.133665, best fit=0.697300, best_overall=0.697300, mean_diversity=0.168045,
indivs=27984683, elapsed_secs=53259, mean=0.530284, stdev=0.146370, best fit=0.697300, best_overall=0.697300, mean_diversity=0.353651,
indivs=27994714, elapsed_secs=53276, mean=0.553158, stdev=0.127757, best fit=0.697300, best_overall=0.697300, mean_diversity=0.242130,
indivs=28004755, elapsed_secs=53295, mean=0.535815, stdev=0.219645, best fit=0.697300, best_overall=0.697300, mean_diversity=0.138767,
indivs=28014771, elapsed_secs=53314, mean=0.540185, stdev=0.108667, best fit=0.697300, best_overall=0.697300, mean_diversity=0.175742,
indivs=28024861, elapsed_secs=53333, mean=0.551768, stdev=0.162794, best fit=0.697300, best_overall=0.697300, mean_diversity=0.142648,
indivs=28034891, elapsed_secs=53350, mean=0.507548, stdev=0.117420, best fit=0.697300, best_overall=0.697300, mean_diversity=0.363196,
indivs=28045033, elapsed_secs=53369, mean=0.566673, stdev=0.180103, best fit=0.697300, best_overall=0.697300, mean_diversity=0.072711,
indivs=28055054, elapsed_secs=53390, mean=0.555732, stdev=0.093708, best fit=0.697300, best_overall=0.697300, mean_diversity=0.104678,
indivs=28065136, elapsed_secs=53408, mean=0.553748, stdev=0.115525, best fit=0.697300, best_overall=0.697300, mean_diversity=0.050467,
indivs=28075152, elapsed_secs=53428, mean=0.506922, stdev=0.128169, best fit=0.697300, best_overall=0.697300, mean_diversity=0.315455,
indivs=28085190, elapsed_secs=53448, mean=0.531447, stdev=0.104713, best fit=0.697300, best_overall=0.697300, mean_diversity=0.123440,
indivs=28095249, elapsed_secs=53466, mean=0.570941, stdev=0.150569, best fit=0.697300, best_overall=0.697300, mean_diversity=0.149761,
indivs=28105253, elapsed_secs=53485, mean=0.510789, stdev=0.154771, best fit=0.697300, best_overall=0.697300, mean_diversity=0.171880,
indivs=28115364, elapsed_secs=53505, mean=0.512721, stdev=0.169061, best fit=0.697300, best_overall=0.697300, mean_diversity=0.164104,
indivs=28125416, elapsed_secs=53521, mean=0.565308, stdev=0.160734, best fit=0.697300, best_overall=0.697300, mean_diversity=0.197920,
indivs=28135470, elapsed_secs=53541, mean=0.485984, stdev=0.088560, best fit=0.697300, best_overall=0.697300, mean_diversity=0.242802,
indivs=28145477, elapsed_secs=53558, mean=0.539065, stdev=0.081916, best fit=0.697300, best_overall=0.697300, mean_diversity=0.251979,
indivs=28155485, elapsed_secs=53574, mean=0.567562, stdev=0.116924, best fit=0.697300, best_overall=0.697300, mean_diversity=0.178012,
indivs=28165618, elapsed_secs=53593, mean=0.574363, stdev=0.140043, best fit=0.697300, best_overall=0.697300, mean_diversity=0.146974,
indivs=28175717, elapsed_secs=53610, mean=0.514348, stdev=0.194342, best fit=0.697300, best_overall=0.697300, mean_diversity=0.142576,
indivs=28185731, elapsed_secs=53630, mean=0.478422, stdev=0.149676, best fit=0.697300, best_overall=0.697300, mean_diversity=0.269534,
indivs=28195807, elapsed_secs=53648, mean=0.520999, stdev=0.096746, best fit=0.697300, best_overall=0.697300, mean_diversity=0.321925,
indivs=28205898, elapsed_secs=53666, mean=0.513737, stdev=0.040506, best fit=0.697300, best_overall=0.697300, mean_diversity=0.125432,
indivs=28216005, elapsed_secs=53686, mean=0.529678, stdev=0.135889, best fit=0.697300, best_overall=0.697300, mean_diversity=0.241410,
indivs=28226061, elapsed_secs=53706, mean=0.444947, stdev=0.164109, best fit=0.697300, best_overall=0.697300, mean_diversity=0.158214,
indivs=28236140, elapsed_secs=53725, mean=0.548411, stdev=0.171101, best fit=0.697300, best_overall=0.697300, mean_diversity=0.056758,
indivs=28246197, elapsed_secs=53744, mean=0.564867, stdev=0.153285, best fit=0.697300, best_overall=0.697300, mean_diversity=0.177533,
indivs=28256252, elapsed_secs=53766, mean=0.563086, stdev=0.129174, best fit=0.697300, best_overall=0.697300, mean_diversity=0.094903,
indivs=28266367, elapsed_secs=53783, mean=0.559398, stdev=0.154080, best fit=0.697300, best_overall=0.697300, mean_diversity=0.179130,
indivs=28276420, elapsed_secs=53800, mean=0.501921, stdev=0.037861, best fit=0.697300, best_overall=0.697300, mean_diversity=0.378710,
indivs=28286518, elapsed_secs=53818, mean=0.472075, stdev=0.104479, best fit=0.697300, best_overall=0.697300, mean_diversity=0.177731,
indivs=28296613, elapsed_secs=53838, mean=0.464089, stdev=0.183004, best fit=0.697300, best_overall=0.697300, mean_diversity=0.327298,
indivs=28306674, elapsed_secs=53857, mean=0.586863, stdev=0.123380, best fit=0.697300, best_overall=0.697300, mean_diversity=0.217008,
indivs=28316681, elapsed_secs=53878, mean=0.531324, stdev=0.147523, best fit=0.697300, best_overall=0.697300, mean_diversity=0.228204,
indivs=28326736, elapsed_secs=53895, mean=0.543720, stdev=0.102400, best fit=0.697300, best_overall=0.697300, mean_diversity=0.227352,
indivs=28336801, elapsed_secs=53909, mean=0.515719, stdev=0.122361, best fit=0.697300, best_overall=0.697300, mean_diversity=0.127491,
indivs=28346861, elapsed_secs=53926, mean=0.550809, stdev=0.116790, best fit=0.697300, best_overall=0.697300, mean_diversity=0.271724,
indivs=28356886, elapsed_secs=53947, mean=0.570066, stdev=0.170471, best fit=0.697300, best_overall=0.697300, mean_diversity=0.084544,
indivs=28367017, elapsed_secs=53964, mean=0.546821, stdev=0.172341, best fit=0.697300, best_overall=0.697300, mean_diversity=0.146210,
indivs=28377058, elapsed_secs=53981, mean=0.501932, stdev=0.099473, best fit=0.697300, best_overall=0.697300, mean_diversity=0.172876,
indivs=28387173, elapsed_secs=54000, mean=0.548057, stdev=0.168885, best fit=0.697300, best_overall=0.697300, mean_diversity=0.090341,
indivs=28397225, elapsed_secs=54017, mean=0.546171, stdev=0.155930, best fit=0.697300, best_overall=0.697300, mean_diversity=0.100240,
indivs=28407297, elapsed_secs=54036, mean=0.499682, stdev=0.140330, best fit=0.697300, best_overall=0.697300, mean_diversity=0.285000,
indivs=28417422, elapsed_secs=54055, mean=0.551129, stdev=0.166457, best fit=0.697300, best_overall=0.697300, mean_diversity=0.242517,
indivs=28427477, elapsed_secs=54074, mean=0.550445, stdev=0.139151, best fit=0.697300, best_overall=0.697300, mean_diversity=0.271484,
indivs=28437532, elapsed_secs=54094, mean=0.562787, stdev=0.117726, best fit=0.697300, best_overall=0.697300, mean_diversity=0.140048,
indivs=28447638, elapsed_secs=54113, mean=0.590646, stdev=0.078641, best fit=0.697300, best_overall=0.697300, mean_diversity=0.219523,
indivs=28457700, elapsed_secs=54130, mean=0.583166, stdev=0.102952, best fit=0.697300, best_overall=0.697300, mean_diversity=0.149493,
indivs=28467704, elapsed_secs=54149, mean=0.539800, stdev=0.179986, best fit=0.697300, best_overall=0.697300, mean_diversity=0.292857,
indivs=28477856, elapsed_secs=54170, mean=0.589720, stdev=0.102156, best fit=0.697300, best_overall=0.697300, mean_diversity=0.169653,
indivs=28487943, elapsed_secs=54190, mean=0.511132, stdev=0.037652, best fit=0.697300, best_overall=0.697300, mean_diversity=0.225204,
indivs=28497963, elapsed_secs=54211, mean=0.517483, stdev=0.075427, best fit=0.697300, best_overall=0.697300, mean_diversity=0.325979,
indivs=28508056, elapsed_secs=54229, mean=0.456056, stdev=0.130948, best fit=0.697300, best_overall=0.697300, mean_diversity=0.078710,
indivs=28518158, elapsed_secs=54250, mean=0.536335, stdev=0.090613, best fit=0.697300, best_overall=0.697300, mean_diversity=0.192903,
indivs=28528245, elapsed_secs=54275, mean=0.549510, stdev=0.116376, best fit=0.697300, best_overall=0.697300, mean_diversity=0.241362,
indivs=28538392, elapsed_secs=54292, mean=0.579760, stdev=0.100833, best fit=0.697300, best_overall=0.697300, mean_diversity=0.196756,
indivs=28548500, elapsed_secs=54310, mean=0.489514, stdev=0.123823, best fit=0.697300, best_overall=0.697300, mean_diversity=0.284829,
indivs=28558622, elapsed_secs=54329, mean=0.565818, stdev=0.153907, best fit=0.697300, best_overall=0.697300, mean_diversity=0.093844,
indivs=28568645, elapsed_secs=54347, mean=0.580680, stdev=0.103994, best fit=0.697300, best_overall=0.697300, mean_diversity=0.198376,
indivs=28578668, elapsed_secs=54364, mean=0.523543, stdev=0.154475, best fit=0.697300, best_overall=0.697300, mean_diversity=0.335600,
indivs=28588723, elapsed_secs=54381, mean=0.491490, stdev=0.075598, best fit=0.697300, best_overall=0.697300, mean_diversity=0.094049,
indivs=28598793, elapsed_secs=54397, mean=0.519403, stdev=0.114043, best fit=0.697300, best_overall=0.697300, mean_diversity=0.300590,
indivs=28608903, elapsed_secs=54418, mean=0.521122, stdev=0.138510, best fit=0.697300, best_overall=0.697300, mean_diversity=0.200030,
indivs=28619044, elapsed_secs=54438, mean=0.582145, stdev=0.148503, best fit=0.697300, best_overall=0.697300, mean_diversity=0.212113,
indivs=28629116, elapsed_secs=54457, mean=0.497627, stdev=0.181056, best fit=0.697300, best_overall=0.697300, mean_diversity=0.317100,
indivs=28639275, elapsed_secs=54476, mean=0.553538, stdev=0.155944, best fit=0.697300, best_overall=0.697300, mean_diversity=0.071011,
indivs=28649284, elapsed_secs=54494, mean=0.510474, stdev=0.070721, best fit=0.697300, best_overall=0.697300, mean_diversity=0.155882,
indivs=28659382, elapsed_secs=54511, mean=0.499817, stdev=0.134218, best fit=0.697300, best_overall=0.697300, mean_diversity=0.424564,
indivs=28669445, elapsed_secs=54531, mean=0.495461, stdev=0.193222, best fit=0.697300, best_overall=0.697300, mean_diversity=0.222506,
indivs=28679484, elapsed_secs=54552, mean=0.608521, stdev=0.114735, best fit=0.697300, best_overall=0.697300, mean_diversity=0.071719,
indivs=28689501, elapsed_secs=54572, mean=0.536005, stdev=0.154915, best fit=0.697300, best_overall=0.697300, mean_diversity=0.129751,
indivs=28699581, elapsed_secs=54590, mean=0.554003, stdev=0.088114, best fit=0.697300, best_overall=0.697300, mean_diversity=0.226623,
indivs=28709644, elapsed_secs=54607, mean=0.529609, stdev=0.091438, best fit=0.697300, best_overall=0.697300, mean_diversity=0.184737,
indivs=28719703, elapsed_secs=54628, mean=0.501973, stdev=0.019631, best fit=0.697300, best_overall=0.697300, mean_diversity=0.086898,
indivs=28729724, elapsed_secs=54649, mean=0.526179, stdev=0.181280, best fit=0.697300, best_overall=0.697300, mean_diversity=0.251546,
indivs=28739783, elapsed_secs=54667, mean=0.516202, stdev=0.139629, best fit=0.697300, best_overall=0.697300, mean_diversity=0.238675,
indivs=28749852, elapsed_secs=54686, mean=0.561678, stdev=0.122468, best fit=0.697300, best_overall=0.697300, mean_diversity=0.051043,
indivs=28759861, elapsed_secs=54706, mean=0.513552, stdev=0.077274, best fit=0.697300, best_overall=0.697300, mean_diversity=0.216608,
indivs=28769973, elapsed_secs=54729, mean=0.593212, stdev=0.112002, best fit=0.697300, best_overall=0.697300, mean_diversity=0.093625,
indivs=28780111, elapsed_secs=54748, mean=0.504593, stdev=0.100300, best fit=0.697300, best_overall=0.697300, mean_diversity=0.219136,
indivs=28790172, elapsed_secs=54766, mean=0.510073, stdev=0.042298, best fit=0.697300, best_overall=0.697300, mean_diversity=0.107180,
indivs=28800284, elapsed_secs=54787, mean=0.526278, stdev=0.166962, best fit=0.697300, best_overall=0.697300, mean_diversity=0.214084,
indivs=28810286, elapsed_secs=54809, mean=0.526639, stdev=0.105412, best fit=0.697300, best_overall=0.697300, mean_diversity=0.147877,
indivs=28820310, elapsed_secs=54829, mean=0.486268, stdev=0.087427, best fit=0.697300, best_overall=0.697300, mean_diversity=0.239477,
indivs=28830369, elapsed_secs=54849, mean=0.508490, stdev=0.070769, best fit=0.697300, best_overall=0.697300, mean_diversity=0.289415,
indivs=28840398, elapsed_secs=54864, mean=0.585366, stdev=0.164354, best fit=0.697300, best_overall=0.697300, mean_diversity=0.092428,
indivs=28850443, elapsed_secs=54885, mean=0.481517, stdev=0.141882, best fit=0.697300, best_overall=0.697300, mean_diversity=0.192442,
indivs=28860468, elapsed_secs=54905, mean=0.533545, stdev=0.135463, best fit=0.697300, best_overall=0.697300, mean_diversity=0.371264,
indivs=28870597, elapsed_secs=54927, mean=0.519932, stdev=0.144211, best fit=0.697300, best_overall=0.697300, mean_diversity=0.402045,
indivs=28880607, elapsed_secs=54948, mean=0.511191, stdev=0.116806, best fit=0.697300, best_overall=0.697300, mean_diversity=0.391412,
indivs=28890664, elapsed_secs=54966, mean=0.486708, stdev=0.089946, best fit=0.697300, best_overall=0.697300, mean_diversity=0.166219,
indivs=28900740, elapsed_secs=54986, mean=0.502928, stdev=0.128085, best fit=0.697300, best_overall=0.697300, mean_diversity=0.225596,
indivs=28910805, elapsed_secs=55005, mean=0.533165, stdev=0.121131, best fit=0.697300, best_overall=0.697300, mean_diversity=0.239968,
indivs=28920847, elapsed_secs=55026, mean=0.523917, stdev=0.145303, best fit=0.697300, best_overall=0.697300, mean_diversity=0.328645,
indivs=28930949, elapsed_secs=55048, mean=0.534199, stdev=0.060343, best fit=0.697300, best_overall=0.697300, mean_diversity=0.306786,
indivs=28941042, elapsed_secs=55066, mean=0.547341, stdev=0.131473, best fit=0.697300, best_overall=0.697300, mean_diversity=0.096777,
indivs=28951052, elapsed_secs=55083, mean=0.496273, stdev=0.222427, best fit=0.697300, best_overall=0.697300, mean_diversity=0.066260,
indivs=28961135, elapsed_secs=55101, mean=0.517836, stdev=0.096095, best fit=0.697300, best_overall=0.697300, mean_diversity=0.250554,
indivs=28971252, elapsed_secs=55120, mean=0.560093, stdev=0.112357, best fit=0.697300, best_overall=0.697300, mean_diversity=0.106357,
indivs=28981334, elapsed_secs=55138, mean=0.458623, stdev=0.138862, best fit=0.697300, best_overall=0.697300, mean_diversity=0.258940,
indivs=28991377, elapsed_secs=55155, mean=0.513418, stdev=0.118241, best fit=0.697300, best_overall=0.697300, mean_diversity=0.389467,
indivs=29001384, elapsed_secs=55173, mean=0.599217, stdev=0.105812, best fit=0.697300, best_overall=0.697300, mean_diversity=0.157056,
indivs=29011533, elapsed_secs=55190, mean=0.575993, stdev=0.129875, best fit=0.697300, best_overall=0.697300, mean_diversity=0.235395,
indivs=29021576, elapsed_secs=55208, mean=0.430477, stdev=0.194673, best fit=0.697300, best_overall=0.697300, mean_diversity=0.220183,
indivs=29031617, elapsed_secs=55226, mean=0.510208, stdev=0.071362, best fit=0.697300, best_overall=0.697300, mean_diversity=0.191965,
indivs=29041721, elapsed_secs=55247, mean=0.574568, stdev=0.067737, best fit=0.697300, best_overall=0.697300, mean_diversity=0.226534,
indivs=29051784, elapsed_secs=55260, mean=0.516062, stdev=0.050728, best fit=0.697300, best_overall=0.697300, mean_diversity=0.349319,
indivs=29061892, elapsed_secs=55281, mean=0.591446, stdev=0.079541, best fit=0.697300, best_overall=0.697300, mean_diversity=0.117683,
indivs=29071933, elapsed_secs=55301, mean=0.485626, stdev=0.102983, best fit=0.697300, best_overall=0.697300, mean_diversity=0.114223,
indivs=29082021, elapsed_secs=55320, mean=0.571691, stdev=0.086299, best fit=0.697300, best_overall=0.697300, mean_diversity=0.105648,
indivs=29092069, elapsed_secs=55341, mean=0.527598, stdev=0.183474, best fit=0.697300, best_overall=0.697300, mean_diversity=0.215669,
indivs=29102137, elapsed_secs=55360, mean=0.501896, stdev=0.103101, best fit=0.697300, best_overall=0.697300, mean_diversity=0.315328,
indivs=29112209, elapsed_secs=55381, mean=0.522136, stdev=0.123142, best fit=0.697300, best_overall=0.697300, mean_diversity=0.168850,
indivs=29122330, elapsed_secs=55398, mean=0.533826, stdev=0.144015, best fit=0.697300, best_overall=0.697300, mean_diversity=0.075185,
indivs=29132451, elapsed_secs=55418, mean=0.513045, stdev=0.237858, best fit=0.697300, best_overall=0.697300, mean_diversity=0.065698,
indivs=29142487, elapsed_secs=55437, mean=0.549910, stdev=0.139210, best fit=0.697300, best_overall=0.697300, mean_diversity=0.237721,
indivs=29152603, elapsed_secs=55455, mean=0.543441, stdev=0.110900, best fit=0.697300, best_overall=0.697300, mean_diversity=0.043964,
indivs=29162674, elapsed_secs=55472, mean=0.537863, stdev=0.240562, best fit=0.697300, best_overall=0.697300, mean_diversity=0.039147,
indivs=29172680, elapsed_secs=55490, mean=0.486448, stdev=0.149447, best fit=0.697300, best_overall=0.697300, mean_diversity=0.295789,
indivs=29182780, elapsed_secs=55510, mean=0.533312, stdev=0.106167, best fit=0.697300, best_overall=0.697300, mean_diversity=0.207019,
indivs=29192807, elapsed_secs=55532, mean=0.508280, stdev=0.112598, best fit=0.697300, best_overall=0.697300, mean_diversity=0.064148,
indivs=29202955, elapsed_secs=55557, mean=0.545463, stdev=0.136209, best fit=0.697300, best_overall=0.697300, mean_diversity=0.229180,
indivs=29213011, elapsed_secs=55577, mean=0.521985, stdev=0.099551, best fit=0.697300, best_overall=0.697300, mean_diversity=0.371142,
indivs=29223043, elapsed_secs=55595, mean=0.494967, stdev=0.096335, best fit=0.697300, best_overall=0.697300, mean_diversity=0.307300,
indivs=29233119, elapsed_secs=55612, mean=0.485969, stdev=0.088041, best fit=0.697300, best_overall=0.697300, mean_diversity=0.207994,
indivs=29243197, elapsed_secs=55631, mean=0.523033, stdev=0.090684, best fit=0.697300, best_overall=0.697300, mean_diversity=0.307841,
indivs=29253250, elapsed_secs=55652, mean=0.547769, stdev=0.124358, best fit=0.697300, best_overall=0.697300, mean_diversity=0.304923,
indivs=29263393, elapsed_secs=55672, mean=0.568289, stdev=0.127865, best fit=0.697300, best_overall=0.697300, mean_diversity=0.246012,
indivs=29273419, elapsed_secs=55689, mean=0.581459, stdev=0.098678, best fit=0.697300, best_overall=0.697300, mean_diversity=0.196005,
indivs=29283431, elapsed_secs=55711, mean=0.512903, stdev=0.156414, best fit=0.697300, best_overall=0.697300, mean_diversity=0.235090,
indivs=29293468, elapsed_secs=55732, mean=0.544167, stdev=0.144035, best fit=0.697300, best_overall=0.697300, mean_diversity=0.250516,
indivs=29303580, elapsed_secs=55754, mean=0.566954, stdev=0.154762, best fit=0.697300, best_overall=0.697300, mean_diversity=0.219229,
indivs=29313619, elapsed_secs=55771, mean=0.479997, stdev=0.225271, best fit=0.697300, best_overall=0.697300, mean_diversity=0.387241,
indivs=29323625, elapsed_secs=55791, mean=0.493258, stdev=0.128128, best fit=0.697300, best_overall=0.697300, mean_diversity=0.249288,
indivs=29333763, elapsed_secs=55811, mean=0.533801, stdev=0.147607, best fit=0.697300, best_overall=0.697300, mean_diversity=0.120563,
indivs=29343839, elapsed_secs=55830, mean=0.561992, stdev=0.100084, best fit=0.697300, best_overall=0.697300, mean_diversity=0.219123,
indivs=29353950, elapsed_secs=55852, mean=0.572045, stdev=0.133062, best fit=0.697300, best_overall=0.697300, mean_diversity=0.100618,
indivs=29363996, elapsed_secs=55870, mean=0.534068, stdev=0.107705, best fit=0.697300, best_overall=0.697300, mean_diversity=0.168905,
indivs=29373998, elapsed_secs=55889, mean=0.507901, stdev=0.101676, best fit=0.697300, best_overall=0.697300, mean_diversity=0.385000,
indivs=29384011, elapsed_secs=55905, mean=0.573847, stdev=0.083092, best fit=0.697300, best_overall=0.697300, mean_diversity=0.193573,
indivs=29394041, elapsed_secs=55924, mean=0.557196, stdev=0.127369, best fit=0.697300, best_overall=0.697300, mean_diversity=0.331402,
indivs=29404110, elapsed_secs=55939, mean=0.542448, stdev=0.186527, best fit=0.697300, best_overall=0.697300, mean_diversity=0.105130,
indivs=29414143, elapsed_secs=55959, mean=0.503341, stdev=0.091788, best fit=0.697300, best_overall=0.697300, mean_diversity=0.151793,
indivs=29424144, elapsed_secs=55976, mean=0.502704, stdev=0.023516, best fit=0.697300, best_overall=0.697300, mean_diversity=0.165705,
indivs=29434194, elapsed_secs=55996, mean=0.519468, stdev=0.096467, best fit=0.697300, best_overall=0.697300, mean_diversity=0.352910,
indivs=29444198, elapsed_secs=56013, mean=0.540164, stdev=0.164584, best fit=0.697300, best_overall=0.697300, mean_diversity=0.184264,
indivs=29454201, elapsed_secs=56032, mean=0.519947, stdev=0.091737, best fit=0.697300, best_overall=0.697300, mean_diversity=0.331522,
indivs=29464268, elapsed_secs=56049, mean=0.597174, stdev=0.095534, best fit=0.697300, best_overall=0.697300, mean_diversity=0.211068,
indivs=29474310, elapsed_secs=56067, mean=0.500145, stdev=0.104281, best fit=0.697300, best_overall=0.697300, mean_diversity=0.160714,
indivs=29484375, elapsed_secs=56086, mean=0.464967, stdev=0.144593, best fit=0.697300, best_overall=0.697300, mean_diversity=0.123902,
indivs=29494440, elapsed_secs=56107, mean=0.538272, stdev=0.176346, best fit=0.697300, best_overall=0.697300, mean_diversity=0.206190,
indivs=29504569, elapsed_secs=56129, mean=0.610430, stdev=0.083197, best fit=0.697300, best_overall=0.697300, mean_diversity=0.105418,
indivs=29514616, elapsed_secs=56147, mean=0.506741, stdev=0.141671, best fit=0.697300, best_overall=0.697300, mean_diversity=0.138416,
indivs=29524715, elapsed_secs=56167, mean=0.559051, stdev=0.177974, best fit=0.697300, best_overall=0.697300, mean_diversity=0.240784,
indivs=29534754, elapsed_secs=56186, mean=0.536881, stdev=0.123811, best fit=0.697300, best_overall=0.697300, mean_diversity=0.435155,
indivs=29544885, elapsed_secs=56206, mean=0.512876, stdev=0.166101, best fit=0.697300, best_overall=0.697300, mean_diversity=0.221671,
indivs=29554928, elapsed_secs=56226, mean=0.561622, stdev=0.186549, best fit=0.697300, best_overall=0.697300, mean_diversity=0.119183,
indivs=29564928, elapsed_secs=56246, mean=0.549757, stdev=0.126032, best fit=0.697300, best_overall=0.697300, mean_diversity=0.087638,
indivs=29574984, elapsed_secs=56261, mean=0.494826, stdev=0.131366, best fit=0.697300, best_overall=0.697300, mean_diversity=0.407600,
indivs=29584988, elapsed_secs=56278, mean=0.554168, stdev=0.112945, best fit=0.697300, best_overall=0.697300, mean_diversity=0.298093,
indivs=29595136, elapsed_secs=56294, mean=0.575484, stdev=0.110328, best fit=0.697300, best_overall=0.697300, mean_diversity=0.186263,
indivs=29605194, elapsed_secs=56313, mean=0.557042, stdev=0.115360, best fit=0.697300, best_overall=0.697300, mean_diversity=0.351524,
indivs=29615242, elapsed_secs=56330, mean=0.563841, stdev=0.101310, best fit=0.697300, best_overall=0.697300, mean_diversity=0.237747,
indivs=29625354, elapsed_secs=56348, mean=0.595305, stdev=0.087675, best fit=0.697300, best_overall=0.697300, mean_diversity=0.179973,
indivs=29635414, elapsed_secs=56367, mean=0.586133, stdev=0.144565, best fit=0.697300, best_overall=0.697300, mean_diversity=0.115390,
indivs=29645473, elapsed_secs=56384, mean=0.572398, stdev=0.158550, best fit=0.697300, best_overall=0.697300, mean_diversity=0.169785,
indivs=29655618, elapsed_secs=56405, mean=0.564990, stdev=0.122551, best fit=0.697300, best_overall=0.697300, mean_diversity=0.260866,
indivs=29665744, elapsed_secs=56426, mean=0.542878, stdev=0.149296, best fit=0.697300, best_overall=0.697300, mean_diversity=0.325986,
indivs=29675874, elapsed_secs=56444, mean=0.569220, stdev=0.087364, best fit=0.697300, best_overall=0.697300, mean_diversity=0.250315,
indivs=29685899, elapsed_secs=56463, mean=0.531832, stdev=0.175914, best fit=0.697300, best_overall=0.697300, mean_diversity=0.128247,
indivs=29695941, elapsed_secs=56484, mean=0.532396, stdev=0.149380, best fit=0.697300, best_overall=0.697300, mean_diversity=0.102761,
indivs=29706102, elapsed_secs=56501, mean=0.543636, stdev=0.179021, best fit=0.697300, best_overall=0.697300, mean_diversity=0.095362,
indivs=29716142, elapsed_secs=56517, mean=0.548353, stdev=0.075187, best fit=0.697300, best_overall=0.697300, mean_diversity=0.196414,
indivs=29726255, elapsed_secs=56537, mean=0.530307, stdev=0.171714, best fit=0.697300, best_overall=0.697300, mean_diversity=0.215700,
indivs=29736307, elapsed_secs=56558, mean=0.499461, stdev=0.022698, best fit=0.697300, best_overall=0.697300, mean_diversity=0.069863,
indivs=29746353, elapsed_secs=56575, mean=0.550507, stdev=0.132837, best fit=0.697300, best_overall=0.697300, mean_diversity=0.289080,
indivs=29756462, elapsed_secs=56591, mean=0.559231, stdev=0.126801, best fit=0.697300, best_overall=0.697300, mean_diversity=0.161076,
indivs=29766580, elapsed_secs=56611, mean=0.475134, stdev=0.119593, best fit=0.697300, best_overall=0.697300, mean_diversity=0.211686,
indivs=29776676, elapsed_secs=56630, mean=0.502391, stdev=0.108530, best fit=0.697300, best_overall=0.697300, mean_diversity=0.337634,
indivs=29786746, elapsed_secs=56650, mean=0.586931, stdev=0.106267, best fit=0.697300, best_overall=0.697300, mean_diversity=0.287680,
indivs=29796794, elapsed_secs=56670, mean=0.554898, stdev=0.099866, best fit=0.697300, best_overall=0.697300, mean_diversity=0.307685,
indivs=29806946, elapsed_secs=56688, mean=0.551330, stdev=0.151876, best fit=0.697300, best_overall=0.697300, mean_diversity=0.218961,
indivs=29817050, elapsed_secs=56707, mean=0.530466, stdev=0.201282, best fit=0.697300, best_overall=0.697300, mean_diversity=0.328308,
indivs=29827060, elapsed_secs=56724, mean=0.575834, stdev=0.101454, best fit=0.697300, best_overall=0.697300, mean_diversity=0.252916,
indivs=29837146, elapsed_secs=56742, mean=0.501973, stdev=0.019631, best fit=0.697300, best_overall=0.697300, mean_diversity=0.076935,
indivs=29847201, elapsed_secs=56764, mean=0.577677, stdev=0.182188, best fit=0.697300, best_overall=0.697300, mean_diversity=0.062548,
indivs=29857348, elapsed_secs=56786, mean=0.577280, stdev=0.129945, best fit=0.697300, best_overall=0.697300, mean_diversity=0.234478,
indivs=29867407, elapsed_secs=56809, mean=0.548177, stdev=0.143049, best fit=0.697300, best_overall=0.697300, mean_diversity=0.231620,
indivs=29877468, elapsed_secs=56828, mean=0.553008, stdev=0.139592, best fit=0.697300, best_overall=0.697300, mean_diversity=0.077872,
indivs=29887588, elapsed_secs=56848, mean=0.537386, stdev=0.134432, best fit=0.697300, best_overall=0.697300, mean_diversity=0.150106,
indivs=29897708, elapsed_secs=56867, mean=0.548033, stdev=0.111810, best fit=0.697300, best_overall=0.697300, mean_diversity=0.100689,
indivs=29907814, elapsed_secs=56886, mean=0.521386, stdev=0.168682, best fit=0.697300, best_overall=0.697300, mean_diversity=0.229825,
indivs=29917930, elapsed_secs=56904, mean=0.557967, stdev=0.198316, best fit=0.697300, best_overall=0.697300, mean_diversity=0.101130,
indivs=29928024, elapsed_secs=56921, mean=0.556713, stdev=0.134716, best fit=0.697300, best_overall=0.697300, mean_diversity=0.250554,
indivs=29938026, elapsed_secs=56940, mean=0.495140, stdev=0.183816, best fit=0.697300, best_overall=0.697300, mean_diversity=0.279375,
indivs=29948070, elapsed_secs=56962, mean=0.507589, stdev=0.058512, best fit=0.697300, best_overall=0.697300, mean_diversity=0.247886,
indivs=29958143, elapsed_secs=56981, mean=0.521757, stdev=0.112348, best fit=0.697300, best_overall=0.697300, mean_diversity=0.298306,
indivs=29968212, elapsed_secs=56997, mean=0.464074, stdev=0.139380, best fit=0.697300, best_overall=0.697300, mean_diversity=0.235416,
indivs=29978224, elapsed_secs=57014, mean=0.482500, stdev=0.151943, best fit=0.697300, best_overall=0.697300, mean_diversity=0.230327,
indivs=29988282, elapsed_secs=57033, mean=0.547182, stdev=0.168244, best fit=0.697300, best_overall=0.697300, mean_diversity=0.153350,
indivs=29998323, elapsed_secs=57051, mean=0.509917, stdev=0.161444, best fit=0.697300, best_overall=0.697300, mean_diversity=0.298835,
indivs=30008411, elapsed_secs=57071, mean=0.526610, stdev=0.120870, best fit=0.697300, best_overall=0.697300, mean_diversity=0.325226,
indivs=30018522, elapsed_secs=57092, mean=0.518590, stdev=0.112685, best fit=0.697300, best_overall=0.697300, mean_diversity=0.370644,
indivs=30028561, elapsed_secs=57109, mean=0.514242, stdev=0.093303, best fit=0.697300, best_overall=0.697300, mean_diversity=0.222714,
indivs=30038653, elapsed_secs=57126, mean=0.501973, stdev=0.019631, best fit=0.697300, best_overall=0.697300, mean_diversity=0.112922,
indivs=30048708, elapsed_secs=57142, mean=0.546177, stdev=0.100190, best fit=0.697300, best_overall=0.697300, mean_diversity=0.205294,
indivs=30058713, elapsed_secs=57160, mean=0.505402, stdev=0.065474, best fit=0.697300, best_overall=0.697300, mean_diversity=0.164416,
indivs=30068817, elapsed_secs=57181, mean=0.599103, stdev=0.116103, best fit=0.697300, best_overall=0.697300, mean_diversity=0.085228,
indivs=30078855, elapsed_secs=57202, mean=0.538330, stdev=0.108792, best fit=0.697300, best_overall=0.697300, mean_diversity=0.240784,
indivs=30088886, elapsed_secs=57220, mean=0.502288, stdev=0.061933, best fit=0.697300, best_overall=0.697300, mean_diversity=0.083114,
indivs=30098953, elapsed_secs=57243, mean=0.551116, stdev=0.159671, best fit=0.697300, best_overall=0.697300, mean_diversity=0.115490,
indivs=30109024, elapsed_secs=57262, mean=0.498327, stdev=0.141499, best fit=0.697300, best_overall=0.697300, mean_diversity=0.332279,
indivs=30119121, elapsed_secs=57284, mean=0.537649, stdev=0.122309, best fit=0.697300, best_overall=0.697300, mean_diversity=0.249519,
indivs=30129152, elapsed_secs=57302, mean=0.504925, stdev=0.117133, best fit=0.697300, best_overall=0.697300, mean_diversity=0.322918,
indivs=30139233, elapsed_secs=57321, mean=0.501973, stdev=0.019631, best fit=0.697300, best_overall=0.697300, mean_diversity=0.029902,
indivs=30149271, elapsed_secs=57337, mean=0.530151, stdev=0.156967, best fit=0.697300, best_overall=0.697300, mean_diversity=0.157839,
indivs=30159392, elapsed_secs=57355, mean=0.441614, stdev=0.244221, best fit=0.697300, best_overall=0.697300, mean_diversity=0.269686,
indivs=30169452, elapsed_secs=57372, mean=0.528917, stdev=0.106478, best fit=0.697300, best_overall=0.697300, mean_diversity=0.342500,
indivs=30179504, elapsed_secs=57391, mean=0.574018, stdev=0.156322, best fit=0.697300, best_overall=0.697300, mean_diversity=0.088163,
indivs=30189633, elapsed_secs=57409, mean=0.595765, stdev=0.161613, best fit=0.697300, best_overall=0.697300, mean_diversity=0.116953,
indivs=30199665, elapsed_secs=57426, mean=0.467928, stdev=0.130390, best fit=0.697300, best_overall=0.697300, mean_diversity=0.128272,
indivs=30209756, elapsed_secs=57445, mean=0.527627, stdev=0.173206, best fit=0.697300, best_overall=0.697300, mean_diversity=0.266068,
indivs=30219878, elapsed_secs=57464, mean=0.549564, stdev=0.108450, best fit=0.697300, best_overall=0.697300, mean_diversity=0.325419,
indivs=30229986, elapsed_secs=57482, mean=0.553299, stdev=0.128256, best fit=0.697300, best_overall=0.697300, mean_diversity=0.183383,
indivs=30240071, elapsed_secs=57503, mean=0.509344, stdev=0.151368, best fit=0.697300, best_overall=0.697300, mean_diversity=0.152738,
indivs=30250119, elapsed_secs=57520, mean=0.536150, stdev=0.139480, best fit=0.697300, best_overall=0.697300, mean_diversity=0.149110,
indivs=30260119, elapsed_secs=57541, mean=0.572031, stdev=0.132712, best fit=0.697300, best_overall=0.697300, mean_diversity=0.194658,
indivs=30270121, elapsed_secs=57561, mean=0.497194, stdev=0.055447, best fit=0.697300, best_overall=0.697300, mean_diversity=0.108857,
indivs=30280212, elapsed_secs=57583, mean=0.518736, stdev=0.168477, best fit=0.697300, best_overall=0.697300, mean_diversity=0.489341,
indivs=30290223, elapsed_secs=57602, mean=0.535586, stdev=0.188769, best fit=0.697300, best_overall=0.697300, mean_diversity=0.107790,
indivs=30300274, elapsed_secs=57621, mean=0.545118, stdev=0.156843, best fit=0.697300, best_overall=0.697300, mean_diversity=0.151765,
indivs=30310375, elapsed_secs=57641, mean=0.579593, stdev=0.123522, best fit=0.697300, best_overall=0.697300, mean_diversity=0.196397,
indivs=30320453, elapsed_secs=57658, mean=0.588050, stdev=0.140358, best fit=0.697300, best_overall=0.697300, mean_diversity=0.145624,
indivs=30330538, elapsed_secs=57678, mean=0.559579, stdev=0.164615, best fit=0.697300, best_overall=0.697300, mean_diversity=0.174796,
indivs=30340599, elapsed_secs=57697, mean=0.514020, stdev=0.041910, best fit=0.697300, best_overall=0.697300, mean_diversity=0.245787,
indivs=30350628, elapsed_secs=57715, mean=0.521114, stdev=0.080621, best fit=0.697300, best_overall=0.697300, mean_diversity=0.141935,
indivs=30360694, elapsed_secs=57733, mean=0.500043, stdev=0.125258, best fit=0.697300, best_overall=0.697300, mean_diversity=0.299146,
indivs=30370760, elapsed_secs=57754, mean=0.500403, stdev=0.096355, best fit=0.697300, best_overall=0.697300, mean_diversity=0.354286,
indivs=30380806, elapsed_secs=57773, mean=0.502116, stdev=0.183738, best fit=0.697300, best_overall=0.697300, mean_diversity=0.247089,
indivs=30390961, elapsed_secs=57790, mean=0.551750, stdev=0.139925, best fit=0.697300, best_overall=0.697300, mean_diversity=0.149982,
indivs=30401077, elapsed_secs=57813, mean=0.534469, stdev=0.122311, best fit=0.697300, best_overall=0.697300, mean_diversity=0.339572,
indivs=30411123, elapsed_secs=57834, mean=0.493169, stdev=0.053094, best fit=0.697300, best_overall=0.697300, mean_diversity=0.178560,
indivs=30421171, elapsed_secs=57848, mean=0.551254, stdev=0.064973, best fit=0.697300, best_overall=0.697300, mean_diversity=0.316348,
indivs=30431275, elapsed_secs=57867, mean=0.561732, stdev=0.118785, best fit=0.697300, best_overall=0.697300, mean_diversity=0.095955,
indivs=30441360, elapsed_secs=57885, mean=0.496003, stdev=0.078761, best fit=0.697300, best_overall=0.697300, mean_diversity=0.146622,
indivs=30451455, elapsed_secs=57904, mean=0.508258, stdev=0.031738, best fit=0.697300, best_overall=0.697300, mean_diversity=0.147097,
indivs=30461503, elapsed_secs=57925, mean=0.496760, stdev=0.097437, best fit=0.697300, best_overall=0.697300, mean_diversity=0.264720,
indivs=30471510, elapsed_secs=57943, mean=0.528319, stdev=0.093265, best fit=0.697300, best_overall=0.697300, mean_diversity=0.366494,
indivs=30481526, elapsed_secs=57958, mean=0.501940, stdev=0.099692, best fit=0.697300, best_overall=0.697300, mean_diversity=0.315548,
indivs=30491670, elapsed_secs=57978, mean=0.605025, stdev=0.100839, best fit=0.697300, best_overall=0.697300, mean_diversity=0.053056,
indivs=30501809, elapsed_secs=57999, mean=0.545540, stdev=0.188643, best fit=0.697300, best_overall=0.697300, mean_diversity=0.167011,
indivs=30511817, elapsed_secs=58016, mean=0.570379, stdev=0.151268, best fit=0.697300, best_overall=0.697300, mean_diversity=0.039299,
indivs=30521858, elapsed_secs=58037, mean=0.513983, stdev=0.117356, best fit=0.697300, best_overall=0.697300, mean_diversity=0.406573,
indivs=30531944, elapsed_secs=58051, mean=0.532467, stdev=0.137523, best fit=0.697300, best_overall=0.697300, mean_diversity=0.212330,
indivs=30541948, elapsed_secs=58070, mean=0.561183, stdev=0.105929, best fit=0.697300, best_overall=0.697300, mean_diversity=0.195263,
indivs=30552043, elapsed_secs=58085, mean=0.536953, stdev=0.053639, best fit=0.697300, best_overall=0.697300, mean_diversity=0.336588,
indivs=30562051, elapsed_secs=58102, mean=0.469334, stdev=0.125707, best fit=0.697300, best_overall=0.697300, mean_diversity=0.301152,
indivs=30572127, elapsed_secs=58119, mean=0.550879, stdev=0.119719, best fit=0.697300, best_overall=0.697300, mean_diversity=0.155681,
indivs=30582250, elapsed_secs=58137, mean=0.547529, stdev=0.162549, best fit=0.697300, best_overall=0.697300, mean_diversity=0.154937,
indivs=30592266, elapsed_secs=58154, mean=0.547588, stdev=0.130295, best fit=0.697300, best_overall=0.697300, mean_diversity=0.304778,
indivs=30602340, elapsed_secs=58169, mean=0.520641, stdev=0.153797, best fit=0.697300, best_overall=0.697300, mean_diversity=0.246173,
indivs=30612362, elapsed_secs=58191, mean=0.553732, stdev=0.065686, best fit=0.697300, best_overall=0.697300, mean_diversity=0.282747,
indivs=30622465, elapsed_secs=58209, mean=0.514506, stdev=0.092918, best fit=0.697300, best_overall=0.697300, mean_diversity=0.306906,
indivs=30632554, elapsed_secs=58227, mean=0.533578, stdev=0.092818, best fit=0.697300, best_overall=0.697300, mean_diversity=0.175744,
indivs=30642642, elapsed_secs=58246, mean=0.498575, stdev=0.096222, best fit=0.697300, best_overall=0.697300, mean_diversity=0.224551,
indivs=30652660, elapsed_secs=58261, mean=0.570393, stdev=0.141655, best fit=0.697300, best_overall=0.697300, mean_diversity=0.263236,
indivs=30662703, elapsed_secs=58281, mean=0.561788, stdev=0.101210, best fit=0.697300, best_overall=0.697300, mean_diversity=0.173563,
indivs=30672747, elapsed_secs=58301, mean=0.515355, stdev=0.126412, best fit=0.697300, best_overall=0.697300, mean_diversity=0.329238,
indivs=30682782, elapsed_secs=58319, mean=0.517730, stdev=0.093673, best fit=0.697300, best_overall=0.697300, mean_diversity=0.243627,
indivs=30692835, elapsed_secs=58339, mean=0.607027, stdev=0.128100, best fit=0.697300, best_overall=0.697300, mean_diversity=0.127431,
indivs=30702897, elapsed_secs=58356, mean=0.490558, stdev=0.095006, best fit=0.697300, best_overall=0.697300, mean_diversity=0.129725,
indivs=30712979, elapsed_secs=58374, mean=0.496973, stdev=0.053667, best fit=0.697300, best_overall=0.697300, mean_diversity=0.104900,
indivs=30723110, elapsed_secs=58389, mean=0.520276, stdev=0.138519, best fit=0.697300, best_overall=0.697300, mean_diversity=0.210102,
indivs=30733206, elapsed_secs=58408, mean=0.527338, stdev=0.135561, best fit=0.697300, best_overall=0.697300, mean_diversity=0.249362,
indivs=30743223, elapsed_secs=58427, mean=0.498752, stdev=0.111656, best fit=0.697300, best_overall=0.697300, mean_diversity=0.187255,
indivs=30753353, elapsed_secs=58448, mean=0.504997, stdev=0.183452, best fit=0.697300, best_overall=0.697300, mean_diversity=0.149824,
indivs=30763428, elapsed_secs=58469, mean=0.543653, stdev=0.146367, best fit=0.697300, best_overall=0.697300, mean_diversity=0.284054,
indivs=30773454, elapsed_secs=58492, mean=0.497949, stdev=0.054559, best fit=0.697300, best_overall=0.697300, mean_diversity=0.239026,
indivs=30783572, elapsed_secs=58512, mean=0.532872, stdev=0.138369, best fit=0.697300, best_overall=0.697300, mean_diversity=0.298484,
indivs=30793595, elapsed_secs=58528, mean=0.503975, stdev=0.100999, best fit=0.697300, best_overall=0.697300, mean_diversity=0.110273,
indivs=30803631, elapsed_secs=58545, mean=0.502260, stdev=0.098655, best fit=0.697300, best_overall=0.697300, mean_diversity=0.309689,
indivs=30813708, elapsed_secs=58565, mean=0.507623, stdev=0.021025, best fit=0.697300, best_overall=0.697300, mean_diversity=0.040279,
indivs=30823773, elapsed_secs=58585, mean=0.543559, stdev=0.127573, best fit=0.697300, best_overall=0.697300, mean_diversity=0.168518,
indivs=30833876, elapsed_secs=58605, mean=0.566661, stdev=0.173763, best fit=0.697300, best_overall=0.697300, mean_diversity=0.071588,
indivs=30843971, elapsed_secs=58624, mean=0.528341, stdev=0.120563, best fit=0.697300, best_overall=0.697300, mean_diversity=0.324975,
indivs=30854046, elapsed_secs=58645, mean=0.493245, stdev=0.072364, best fit=0.697300, best_overall=0.697300, mean_diversity=0.296244,
indivs=30864083, elapsed_secs=58665, mean=0.469496, stdev=0.131556, best fit=0.697300, best_overall=0.697300, mean_diversity=0.181311,
indivs=30874245, elapsed_secs=58686, mean=0.568664, stdev=0.160855, best fit=0.697300, best_overall=0.697300, mean_diversity=0.115537,
indivs=30884274, elapsed_secs=58703, mean=0.497415, stdev=0.244732, best fit=0.697300, best_overall=0.697300, mean_diversity=0.300676,
indivs=30894280, elapsed_secs=58721, mean=0.542604, stdev=0.109195, best fit=0.697300, best_overall=0.697300, mean_diversity=0.320743,
indivs=30904334, elapsed_secs=58740, mean=0.558405, stdev=0.088394, best fit=0.697300, best_overall=0.697300, mean_diversity=0.149757,
indivs=30914362, elapsed_secs=58758, mean=0.535970, stdev=0.152665, best fit=0.697300, best_overall=0.697300, mean_diversity=0.117516,
indivs=30924397, elapsed_secs=58779, mean=0.559775, stdev=0.179273, best fit=0.697300, best_overall=0.697300, mean_diversity=0.125632,
indivs=30934536, elapsed_secs=58799, mean=0.590442, stdev=0.149230, best fit=0.697300, best_overall=0.697300, mean_diversity=0.160187,
indivs=30944593, elapsed_secs=58817, mean=0.489961, stdev=0.140424, best fit=0.697300, best_overall=0.697300, mean_diversity=0.296332,
indivs=30954613, elapsed_secs=58833, mean=0.499535, stdev=0.022625, best fit=0.697300, best_overall=0.697300, mean_diversity=0.078179,
indivs=30964619, elapsed_secs=58855, mean=0.550095, stdev=0.156181, best fit=0.697300, best_overall=0.697300, mean_diversity=0.205984,
indivs=30974631, elapsed_secs=58871, mean=0.513006, stdev=0.123170, best fit=0.697300, best_overall=0.697300, mean_diversity=0.134955,
indivs=30984778, elapsed_secs=58893, mean=0.604899, stdev=0.099260, best fit=0.697300, best_overall=0.697300, mean_diversity=0.090000,
indivs=30994902, elapsed_secs=58913, mean=0.565092, stdev=0.152295, best fit=0.697300, best_overall=0.697300, mean_diversity=0.169910,
indivs=31004904, elapsed_secs=58930, mean=0.525962, stdev=0.159189, best fit=0.697300, best_overall=0.697300, mean_diversity=0.297153,
indivs=31014927, elapsed_secs=58952, mean=0.561949, stdev=0.103250, best fit=0.697300, best_overall=0.697300, mean_diversity=0.166362,
indivs=31024945, elapsed_secs=58970, mean=0.496061, stdev=0.096954, best fit=0.697300, best_overall=0.697300, mean_diversity=0.184119,
indivs=31034956, elapsed_secs=58991, mean=0.547050, stdev=0.139494, best fit=0.697300, best_overall=0.697300, mean_diversity=0.363270,
indivs=31045031, elapsed_secs=59008, mean=0.547206, stdev=0.086139, best fit=0.697300, best_overall=0.697300, mean_diversity=0.523743,
indivs=31055044, elapsed_secs=59028, mean=0.556682, stdev=0.152263, best fit=0.697300, best_overall=0.697300, mean_diversity=0.167885,
indivs=31065060, elapsed_secs=59047, mean=0.512104, stdev=0.072759, best fit=0.697300, best_overall=0.697300, mean_diversity=0.234310,
indivs=31075195, elapsed_secs=59067, mean=0.569657, stdev=0.101376, best fit=0.697300, best_overall=0.697300, mean_diversity=0.079222,
indivs=31085224, elapsed_secs=59086, mean=0.535254, stdev=0.093595, best fit=0.697300, best_overall=0.697300, mean_diversity=0.332236,
indivs=31095317, elapsed_secs=59105, mean=0.503101, stdev=0.032931, best fit=0.697300, best_overall=0.697300, mean_diversity=0.053584,
indivs=31105351, elapsed_secs=59122, mean=0.514502, stdev=0.079425, best fit=0.697300, best_overall=0.697300, mean_diversity=0.097909,
indivs=31115447, elapsed_secs=59140, mean=0.560673, stdev=0.199370, best fit=0.697300, best_overall=0.697300, mean_diversity=0.184958,
indivs=31125459, elapsed_secs=59158, mean=0.527810, stdev=0.072131, best fit=0.697300, best_overall=0.697300, mean_diversity=0.358472,
indivs=31135581, elapsed_secs=59177, mean=0.560400, stdev=0.192805, best fit=0.697300, best_overall=0.697300, mean_diversity=0.212861,
indivs=31145596, elapsed_secs=59199, mean=0.501973, stdev=0.019631, best fit=0.697300, best_overall=0.697300, mean_diversity=0.038792,
indivs=31155694, elapsed_secs=59216, mean=0.557650, stdev=0.144784, best fit=0.697300, best_overall=0.697300, mean_diversity=0.207459,
indivs=31165708, elapsed_secs=59234, mean=0.608494, stdev=0.048673, best fit=0.697300, best_overall=0.697300, mean_diversity=0.171595,
indivs=31175836, elapsed_secs=59253, mean=0.525417, stdev=0.165230, best fit=0.697300, best_overall=0.697300, mean_diversity=0.266250,
indivs=31185842, elapsed_secs=59271, mean=0.548076, stdev=0.103005, best fit=0.697300, best_overall=0.697300, mean_diversity=0.234886,
indivs=31195979, elapsed_secs=59288, mean=0.603773, stdev=0.133961, best fit=0.697300, best_overall=0.697300, mean_diversity=0.134620,
indivs=31206035, elapsed_secs=59307, mean=0.500245, stdev=0.029983, best fit=0.697300, best_overall=0.697300, mean_diversity=0.103300,
indivs=31216144, elapsed_secs=59328, mean=0.606646, stdev=0.130523, best fit=0.697300, best_overall=0.697300, mean_diversity=0.076129,
indivs=31226253, elapsed_secs=59347, mean=0.558116, stdev=0.100333, best fit=0.697300, best_overall=0.697300, mean_diversity=0.362683,
indivs=31236271, elapsed_secs=59367, mean=0.484215, stdev=0.139443, best fit=0.697300, best_overall=0.697300, mean_diversity=0.324023,
indivs=31246428, elapsed_secs=59387, mean=0.583514, stdev=0.119498, best fit=0.697300, best_overall=0.697300, mean_diversity=0.253903,
indivs=31256504, elapsed_secs=59406, mean=0.579654, stdev=0.154238, best fit=0.697300, best_overall=0.697300, mean_diversity=0.154244,
indivs=31266515, elapsed_secs=59426, mean=0.592361, stdev=0.114986, best fit=0.697300, best_overall=0.697300, mean_diversity=0.150802,
indivs=31276573, elapsed_secs=59445, mean=0.595925, stdev=0.084841, best fit=0.697300, best_overall=0.697300, mean_diversity=0.282765,
indivs=31286640, elapsed_secs=59464, mean=0.494876, stdev=0.167701, best fit=0.697300, best_overall=0.697300, mean_diversity=0.190237,
indivs=31296688, elapsed_secs=59487, mean=0.514489, stdev=0.059018, best fit=0.697300, best_overall=0.697300, mean_diversity=0.310136,
indivs=31306848, elapsed_secs=59507, mean=0.607327, stdev=0.113249, best fit=0.697300, best_overall=0.697300, mean_diversity=0.124194,
indivs=31316853, elapsed_secs=59529, mean=0.576909, stdev=0.131849, best fit=0.697300, best_overall=0.697300, mean_diversity=0.257508,
indivs=31326866, elapsed_secs=59547, mean=0.529336, stdev=0.146095, best fit=0.697300, best_overall=0.697300, mean_diversity=0.125183,
indivs=31336992, elapsed_secs=59567, mean=0.527998, stdev=0.140308, best fit=0.697300, best_overall=0.697300, mean_diversity=0.351803,
indivs=31347067, elapsed_secs=59586, mean=0.533138, stdev=0.235076, best fit=0.697300, best_overall=0.697300, mean_diversity=0.071371,
indivs=31357132, elapsed_secs=59603, mean=0.499832, stdev=0.058547, best fit=0.697300, best_overall=0.697300, mean_diversity=0.234046,
indivs=31367148, elapsed_secs=59622, mean=0.509541, stdev=0.070140, best fit=0.697300, best_overall=0.697300, mean_diversity=0.188755,
indivs=31377166, elapsed_secs=59639, mean=0.542141, stdev=0.138247, best fit=0.697300, best_overall=0.697300, mean_diversity=0.403957,
indivs=31387176, elapsed_secs=59658, mean=0.502767, stdev=0.083377, best fit=0.697300, best_overall=0.697300, mean_diversity=0.219953,
indivs=31397294, elapsed_secs=59677, mean=0.520264, stdev=0.143606, best fit=0.697300, best_overall=0.697300, mean_diversity=0.140041,
indivs=31407336, elapsed_secs=59695, mean=0.511741, stdev=0.067672, best fit=0.697300, best_overall=0.697300, mean_diversity=0.235226,
indivs=31417336, elapsed_secs=59714, mean=0.557219, stdev=0.154524, best fit=0.697300, best_overall=0.697300, mean_diversity=0.138425,
indivs=31427363, elapsed_secs=59732, mean=0.495882, stdev=0.082520, best fit=0.697300, best_overall=0.697300, mean_diversity=0.303374,
indivs=31437427, elapsed_secs=59751, mean=0.618576, stdev=0.077945, best fit=0.697300, best_overall=0.697300, mean_diversity=0.137512,
indivs=31447555, elapsed_secs=59773, mean=0.516056, stdev=0.126456, best fit=0.697300, best_overall=0.697300, mean_diversity=0.207645,
indivs=31457591, elapsed_secs=59796, mean=0.511953, stdev=0.063434, best fit=0.697300, best_overall=0.697300, mean_diversity=0.259929,
indivs=31467706, elapsed_secs=59815, mean=0.544498, stdev=0.124965, best fit=0.697300, best_overall=0.697300, mean_diversity=0.262083,
indivs=31477711, elapsed_secs=59832, mean=0.530519, stdev=0.113711, best fit=0.697300, best_overall=0.697300, mean_diversity=0.216218,
indivs=31487774, elapsed_secs=59855, mean=0.511131, stdev=0.235925, best fit=0.697300, best_overall=0.697300, mean_diversity=0.169672,
indivs=31497891, elapsed_secs=59874, mean=0.513114, stdev=0.184876, best fit=0.697300, best_overall=0.697300, mean_diversity=0.372339,
indivs=31507962, elapsed_secs=59893, mean=0.504901, stdev=0.067196, best fit=0.697300, best_overall=0.697300, mean_diversity=0.236426,
indivs=31518069, elapsed_secs=59923, mean=0.487743, stdev=0.036579, best fit=0.697300, best_overall=0.697300, mean_diversity=0.113776,
indivs=31528095, elapsed_secs=59941, mean=0.521079, stdev=0.179278, best fit=0.697300, best_overall=0.697300, mean_diversity=0.096816,
indivs=31538095, elapsed_secs=59962, mean=0.531489, stdev=0.219116, best fit=0.697300, best_overall=0.697300, mean_diversity=0.091481,
indivs=31548110, elapsed_secs=59980, mean=0.545820, stdev=0.139295, best fit=0.697300, best_overall=0.697300, mean_diversity=0.125763,
indivs=31558123, elapsed_secs=60000, mean=0.501973, stdev=0.019631, best fit=0.697300, best_overall=0.697300, mean_diversity=0.065707,
indivs=31568187, elapsed_secs=60017, mean=0.543601, stdev=0.081451, best fit=0.697300, best_overall=0.697300, mean_diversity=0.102126,
indivs=31578283, elapsed_secs=60036, mean=0.543512, stdev=0.083410, best fit=0.697300, best_overall=0.697300, mean_diversity=0.316036,
indivs=31588385, elapsed_secs=60054, mean=0.499286, stdev=0.104383, best fit=0.697300, best_overall=0.697300, mean_diversity=0.160454,
indivs=31598482, elapsed_secs=60071, mean=0.504879, stdev=0.030990, best fit=0.697300, best_overall=0.697300, mean_diversity=0.150827,
indivs=31608487, elapsed_secs=60092, mean=0.468488, stdev=0.127932, best fit=0.697300, best_overall=0.697300, mean_diversity=0.127442,
indivs=31618548, elapsed_secs=60110, mean=0.516599, stdev=0.122109, best fit=0.697300, best_overall=0.697300, mean_diversity=0.390387,
indivs=31628658, elapsed_secs=60126, mean=0.526334, stdev=0.223662, best fit=0.697300, best_overall=0.697300, mean_diversity=0.082687,
indivs=31638705, elapsed_secs=60147, mean=0.552052, stdev=0.176716, best fit=0.697300, best_overall=0.697300, mean_diversity=0.066849,
indivs=31648814, elapsed_secs=60170, mean=0.504859, stdev=0.089315, best fit=0.697300, best_overall=0.697300, mean_diversity=0.388068,
indivs=31658876, elapsed_secs=60187, mean=0.542732, stdev=0.151259, best fit=0.697300, best_overall=0.697300, mean_diversity=0.195376,
indivs=31668895, elapsed_secs=60206, mean=0.525798, stdev=0.110740, best fit=0.697300, best_overall=0.697300, mean_diversity=0.123667,
indivs=31679014, elapsed_secs=60227, mean=0.538795, stdev=0.138812, best fit=0.697300, best_overall=0.697300, mean_diversity=0.194571,
indivs=31689022, elapsed_secs=60248, mean=0.518798, stdev=0.042960, best fit=0.697300, best_overall=0.697300, mean_diversity=0.083285,
indivs=31699061, elapsed_secs=60265, mean=0.570804, stdev=0.153246, best fit=0.697300, best_overall=0.697300, mean_diversity=0.072804,
indivs=31709065, elapsed_secs=60281, mean=0.555497, stdev=0.127070, best fit=0.697300, best_overall=0.697300, mean_diversity=0.086002,
indivs=31719137, elapsed_secs=60302, mean=0.560986, stdev=0.065762, best fit=0.697300, best_overall=0.697300, mean_diversity=0.155913,
indivs=31729172, elapsed_secs=60322, mean=0.526628, stdev=0.094334, best fit=0.697300, best_overall=0.697300, mean_diversity=0.272792,
indivs=31739275, elapsed_secs=60342, mean=0.515257, stdev=0.107872, best fit=0.697300, best_overall=0.697300, mean_diversity=0.366157,
indivs=31749304, elapsed_secs=60360, mean=0.522704, stdev=0.165543, best fit=0.697300, best_overall=0.697300, mean_diversity=0.263149,
indivs=31759390, elapsed_secs=60376, mean=0.539381, stdev=0.176688, best fit=0.697300, best_overall=0.697300, mean_diversity=0.163367,
indivs=31769390, elapsed_secs=60396, mean=0.554922, stdev=0.134625, best fit=0.697300, best_overall=0.697300, mean_diversity=0.241329,
indivs=31779440, elapsed_secs=60415, mean=0.534016, stdev=0.128018, best fit=0.697300, best_overall=0.697300, mean_diversity=0.240361,
indivs=31789446, elapsed_secs=60434, mean=0.563314, stdev=0.117152, best fit=0.697300, best_overall=0.697300, mean_diversity=0.266353,
indivs=31799487, elapsed_secs=60453, mean=0.563917, stdev=0.113631, best fit=0.697300, best_overall=0.697300, mean_diversity=0.107771,
indivs=31809630, elapsed_secs=60471, mean=0.518532, stdev=0.179745, best fit=0.697300, best_overall=0.697300, mean_diversity=0.079752,
indivs=31819638, elapsed_secs=60492, mean=0.526381, stdev=0.173692, best fit=0.697300, best_overall=0.697300, mean_diversity=0.286593,
indivs=31829764, elapsed_secs=60511, mean=0.560774, stdev=0.144078, best fit=0.697300, best_overall=0.697300, mean_diversity=0.374474,
indivs=31839863, elapsed_secs=60531, mean=0.559032, stdev=0.157321, best fit=0.697300, best_overall=0.697300, mean_diversity=0.160973,
indivs=31849878, elapsed_secs=60550, mean=0.504751, stdev=0.176802, best fit=0.697300, best_overall=0.697300, mean_diversity=0.245157,
indivs=31860000, elapsed_secs=60568, mean=0.581632, stdev=0.102070, best fit=0.697300, best_overall=0.697300, mean_diversity=0.245422,
indivs=31870121, elapsed_secs=60588, mean=0.527597, stdev=0.117846, best fit=0.697300, best_overall=0.697300, mean_diversity=0.181745,
indivs=31880168, elapsed_secs=60606, mean=0.507794, stdev=0.134661, best fit=0.697300, best_overall=0.697300, mean_diversity=0.352154,
indivs=31890181, elapsed_secs=60628, mean=0.560123, stdev=0.098094, best fit=0.697300, best_overall=0.697300, mean_diversity=0.329364,
indivs=31900210, elapsed_secs=60648, mean=0.501973, stdev=0.019631, best fit=0.697300, best_overall=0.697300, mean_diversity=0.085290,
indivs=31910229, elapsed_secs=60665, mean=0.511159, stdev=0.115600, best fit=0.697300, best_overall=0.697300, mean_diversity=0.386341,
indivs=31920271, elapsed_secs=60685, mean=0.519813, stdev=0.097475, best fit=0.697300, best_overall=0.697300, mean_diversity=0.290504,
indivs=31930273, elapsed_secs=60700, mean=0.503526, stdev=0.131814, best fit=0.697300, best_overall=0.697300, mean_diversity=0.329205,
indivs=31940292, elapsed_secs=60722, mean=0.508142, stdev=0.046582, best fit=0.697300, best_overall=0.697300, mean_diversity=0.130276,
indivs=31950317, elapsed_secs=60742, mean=0.503958, stdev=0.058646, best fit=0.697300, best_overall=0.697300, mean_diversity=0.127218,
indivs=31960445, elapsed_secs=60764, mean=0.554776, stdev=0.110090, best fit=0.697300, best_overall=0.697300, mean_diversity=0.185916,
indivs=31970501, elapsed_secs=60783, mean=0.503432, stdev=0.024285, best fit=0.697300, best_overall=0.697300, mean_diversity=0.061146,
indivs=31980587, elapsed_secs=60800, mean=0.536787, stdev=0.177606, best fit=0.697300, best_overall=0.697300, mean_diversity=0.265766,
indivs=31990679, elapsed_secs=60817, mean=0.497620, stdev=0.054296, best fit=0.697300, best_overall=0.697300, mean_diversity=0.173254,
indivs=32000699, elapsed_secs=60834, mean=0.594881, stdev=0.165918, best fit=0.697300, best_overall=0.697300, mean_diversity=0.114708,
indivs=32010751, elapsed_secs=60853, mean=0.578257, stdev=0.119358, best fit=0.697300, best_overall=0.697300, mean_diversity=0.256137,
indivs=32020837, elapsed_secs=60872, mean=0.499061, stdev=0.025470, best fit=0.697300, best_overall=0.697300, mean_diversity=0.144781,
indivs=32030945, elapsed_secs=60890, mean=0.522570, stdev=0.131586, best fit=0.697300, best_overall=0.697300, mean_diversity=0.297676,
indivs=32040994, elapsed_secs=60908, mean=0.569329, stdev=0.113949, best fit=0.697300, best_overall=0.697300, mean_diversity=0.205162,
indivs=32051132, elapsed_secs=60928, mean=0.557068, stdev=0.211589, best fit=0.697300, best_overall=0.697300, mean_diversity=0.084045,
indivs=32061230, elapsed_secs=60946, mean=0.458725, stdev=0.157579, best fit=0.697300, best_overall=0.697300, mean_diversity=0.164688,
indivs=32071273, elapsed_secs=60962, mean=0.552308, stdev=0.106533, best fit=0.697300, best_overall=0.697300, mean_diversity=0.226945,
indivs=32081325, elapsed_secs=60982, mean=0.504460, stdev=0.123509, best fit=0.697300, best_overall=0.697300, mean_diversity=0.291667,
indivs=32091477, elapsed_secs=61001, mean=0.609893, stdev=0.121553, best fit=0.697300, best_overall=0.697300, mean_diversity=0.080311,
indivs=32101506, elapsed_secs=61019, mean=0.525483, stdev=0.093568, best fit=0.697300, best_overall=0.697300, mean_diversity=0.442536,
indivs=32111554, elapsed_secs=61036, mean=0.525089, stdev=0.083505, best fit=0.697300, best_overall=0.697300, mean_diversity=0.354227,
indivs=32121651, elapsed_secs=61058, mean=0.561568, stdev=0.088991, best fit=0.697300, best_overall=0.697300, mean_diversity=0.313691,
indivs=32131657, elapsed_secs=61074, mean=0.585251, stdev=0.100437, best fit=0.697300, best_overall=0.697300, mean_diversity=0.070946,
indivs=32141750, elapsed_secs=61091, mean=0.529113, stdev=0.160765, best fit=0.697300, best_overall=0.697300, mean_diversity=0.240000,
indivs=32151786, elapsed_secs=61110, mean=0.577059, stdev=0.105446, best fit=0.697300, best_overall=0.697300, mean_diversity=0.297002,
indivs=32161889, elapsed_secs=61128, mean=0.538776, stdev=0.092294, best fit=0.697300, best_overall=0.697300, mean_diversity=0.478685,
indivs=32171973, elapsed_secs=61148, mean=0.505392, stdev=0.032940, best fit=0.697300, best_overall=0.697300, mean_diversity=0.134980,
indivs=32182069, elapsed_secs=61167, mean=0.528675, stdev=0.143408, best fit=0.697300, best_overall=0.697300, mean_diversity=0.171498,
indivs=32192111, elapsed_secs=61186, mean=0.530643, stdev=0.058218, best fit=0.697300, best_overall=0.697300, mean_diversity=0.322778,
indivs=32202135, elapsed_secs=61207, mean=0.567638, stdev=0.116471, best fit=0.697300, best_overall=0.697300, mean_diversity=0.223750,
indivs=32212205, elapsed_secs=61227, mean=0.517291, stdev=0.113457, best fit=0.697300, best_overall=0.697300, mean_diversity=0.457545,
indivs=32222218, elapsed_secs=61246, mean=0.568842, stdev=0.158241, best fit=0.697300, best_overall=0.697300, mean_diversity=0.121828,
indivs=32232260, elapsed_secs=61265, mean=0.513685, stdev=0.104690, best fit=0.697300, best_overall=0.697300, mean_diversity=0.261844,
indivs=32242333, elapsed_secs=61285, mean=0.568196, stdev=0.197040, best fit=0.697300, best_overall=0.697300, mean_diversity=0.103259,
indivs=32252393, elapsed_secs=61304, mean=0.556998, stdev=0.198557, best fit=0.697300, best_overall=0.697300, mean_diversity=0.105611,
indivs=32262487, elapsed_secs=61322, mean=0.562917, stdev=0.112049, best fit=0.697300, best_overall=0.697300, mean_diversity=0.177521,
indivs=32272623, elapsed_secs=61340, mean=0.603707, stdev=0.140179, best fit=0.697300, best_overall=0.697300, mean_diversity=0.120820,
indivs=32282733, elapsed_secs=61356, mean=0.542945, stdev=0.125365, best fit=0.697300, best_overall=0.697300, mean_diversity=0.312218,
indivs=32292823, elapsed_secs=61376, mean=0.526982, stdev=0.164275, best fit=0.697300, best_overall=0.697300, mean_diversity=0.246439,
indivs=32302914, elapsed_secs=61396, mean=0.501517, stdev=0.116717, best fit=0.697300, best_overall=0.697300, mean_diversity=0.192685,
indivs=32313016, elapsed_secs=61412, mean=0.513802, stdev=0.042417, best fit=0.697300, best_overall=0.697300, mean_diversity=0.202637,
indivs=32323020, elapsed_secs=61433, mean=0.476787, stdev=0.136552, best fit=0.697300, best_overall=0.697300, mean_diversity=0.268893,
indivs=32333046, elapsed_secs=61452, mean=0.594081, stdev=0.140272, best fit=0.697300, best_overall=0.697300, mean_diversity=0.045104,
indivs=32343192, elapsed_secs=61472, mean=0.561643, stdev=0.118056, best fit=0.697300, best_overall=0.697300, mean_diversity=0.293129,
indivs=32353201, elapsed_secs=61494, mean=0.542004, stdev=0.126079, best fit=0.697300, best_overall=0.697300, mean_diversity=0.224829,
indivs=32363302, elapsed_secs=61513, mean=0.518083, stdev=0.146140, best fit=0.697300, best_overall=0.697300, mean_diversity=0.203652,
indivs=32373348, elapsed_secs=61532, mean=0.567959, stdev=0.105630, best fit=0.697300, best_overall=0.697300, mean_diversity=0.190018,
indivs=32383394, elapsed_secs=61550, mean=0.486233, stdev=0.112384, best fit=0.697300, best_overall=0.697300, mean_diversity=0.270220,
indivs=32393546, elapsed_secs=61570, mean=0.567314, stdev=0.174983, best fit=0.697300, best_overall=0.697300, mean_diversity=0.180694,
indivs=32403552, elapsed_secs=61590, mean=0.509455, stdev=0.134243, best fit=0.697300, best_overall=0.697300, mean_diversity=0.321155,
indivs=32413629, elapsed_secs=61608, mean=0.503638, stdev=0.025559, best fit=0.697300, best_overall=0.697300, mean_diversity=0.083962,
indivs=32423701, elapsed_secs=61628, mean=0.503397, stdev=0.022578, best fit=0.697300, best_overall=0.697300, mean_diversity=0.185261,
indivs=32433746, elapsed_secs=61644, mean=0.500942, stdev=0.077696, best fit=0.697300, best_overall=0.697300, mean_diversity=0.418077,
indivs=32443876, elapsed_secs=61664, mean=0.530229, stdev=0.127713, best fit=0.697300, best_overall=0.697300, mean_diversity=0.191581,
indivs=32453932, elapsed_secs=61686, mean=0.552096, stdev=0.100395, best fit=0.697300, best_overall=0.697300, mean_diversity=0.208953,
indivs=32464031, elapsed_secs=61703, mean=0.497397, stdev=0.067670, best fit=0.697300, best_overall=0.697300, mean_diversity=0.245385,
indivs=32474082, elapsed_secs=61723, mean=0.540281, stdev=0.175840, best fit=0.697300, best_overall=0.697300, mean_diversity=0.096087,
indivs=32484102, elapsed_secs=61745, mean=0.546721, stdev=0.128346, best fit=0.697300, best_overall=0.697300, mean_diversity=0.170079,
indivs=32494200, elapsed_secs=61764, mean=0.505957, stdev=0.063702, best fit=0.697300, best_overall=0.697300, mean_diversity=0.264770,
indivs=32504275, elapsed_secs=61782, mean=0.492745, stdev=0.069849, best fit=0.697300, best_overall=0.697300, mean_diversity=0.129546,
indivs=32514320, elapsed_secs=61802, mean=0.582346, stdev=0.115277, best fit=0.697300, best_overall=0.697300, mean_diversity=0.091042,
indivs=32524334, elapsed_secs=61821, mean=0.521385, stdev=0.137329, best fit=0.697300, best_overall=0.697300, mean_diversity=0.360105,
indivs=32534478, elapsed_secs=61840, mean=0.562262, stdev=0.181327, best fit=0.697300, best_overall=0.697300, mean_diversity=0.119719,
indivs=32544509, elapsed_secs=61862, mean=0.533072, stdev=0.073144, best fit=0.697300, best_overall=0.697300, mean_diversity=0.274125,
indivs=32554570, elapsed_secs=61884, mean=0.497272, stdev=0.053766, best fit=0.697300, best_overall=0.697300, mean_diversity=0.110827,
indivs=32564571, elapsed_secs=61906, mean=0.602636, stdev=0.117196, best fit=0.697300, best_overall=0.697300, mean_diversity=0.045905,
indivs=32574606, elapsed_secs=61921, mean=0.495781, stdev=0.054043, best fit=0.697300, best_overall=0.697300, mean_diversity=0.217674,
indivs=32584641, elapsed_secs=61942, mean=0.512551, stdev=0.137762, best fit=0.697300, best_overall=0.697300, mean_diversity=0.261860,
indivs=32594716, elapsed_secs=61961, mean=0.508825, stdev=0.066707, best fit=0.697300, best_overall=0.697300, mean_diversity=0.163427,
indivs=32604780, elapsed_secs=61980, mean=0.513154, stdev=0.103932, best fit=0.697300, best_overall=0.697300, mean_diversity=0.283800,
indivs=32614809, elapsed_secs=61999, mean=0.565506, stdev=0.129403, best fit=0.697300, best_overall=0.697300, mean_diversity=0.319789,
indivs=32624899, elapsed_secs=62018, mean=0.572565, stdev=0.187988, best fit=0.697300, best_overall=0.697300, mean_diversity=0.104681,
indivs=32634961, elapsed_secs=62034, mean=0.503757, stdev=0.026333, best fit=0.697300, best_overall=0.697300, mean_diversity=0.064152,
indivs=32645107, elapsed_secs=62053, mean=0.575714, stdev=0.149771, best fit=0.697300, best_overall=0.697300, mean_diversity=0.046961,
indivs=32655268, elapsed_secs=62071, mean=0.596327, stdev=0.166547, best fit=0.697300, best_overall=0.697300, mean_diversity=0.057349,
indivs=32665326, elapsed_secs=62088, mean=0.487629, stdev=0.105779, best fit=0.697300, best_overall=0.697300, mean_diversity=0.307951,
indivs=32675403, elapsed_secs=62107, mean=0.481062, stdev=0.117646, best fit=0.697300, best_overall=0.697300, mean_diversity=0.147217,
indivs=32685455, elapsed_secs=62129, mean=0.526794, stdev=0.073473, best fit=0.697300, best_overall=0.697300, mean_diversity=0.261162,
indivs=32695518, elapsed_secs=62147, mean=0.523592, stdev=0.125674, best fit=0.697300, best_overall=0.697300, mean_diversity=0.210660,
indivs=32705539, elapsed_secs=62167, mean=0.501991, stdev=0.075557, best fit=0.697300, best_overall=0.697300, mean_diversity=0.378188,
indivs=32715541, elapsed_secs=62185, mean=0.563741, stdev=0.188511, best fit=0.697300, best_overall=0.697300, mean_diversity=0.197889,
indivs=32725566, elapsed_secs=62204, mean=0.509821, stdev=0.116183, best fit=0.697300, best_overall=0.697300, mean_diversity=0.244562,
indivs=32735625, elapsed_secs=62224, mean=0.569788, stdev=0.138904, best fit=0.697300, best_overall=0.697300, mean_diversity=0.083730,
indivs=32745626, elapsed_secs=62243, mean=0.558595, stdev=0.098998, best fit=0.697300, best_overall=0.697300, mean_diversity=0.107434,
indivs=32755693, elapsed_secs=62258, mean=0.573537, stdev=0.101307, best fit=0.697300, best_overall=0.697300, mean_diversity=0.186740,
indivs=32765754, elapsed_secs=62277, mean=0.515601, stdev=0.118586, best fit=0.697300, best_overall=0.697300, mean_diversity=0.228196,
indivs=32775760, elapsed_secs=62292, mean=0.527403, stdev=0.156096, best fit=0.697300, best_overall=0.697300, mean_diversity=0.299806,
indivs=32785794, elapsed_secs=62312, mean=0.446495, stdev=0.264361, best fit=0.697300, best_overall=0.697300, mean_diversity=0.128909,
indivs=32795834, elapsed_secs=62327, mean=0.534558, stdev=0.180906, best fit=0.697300, best_overall=0.697300, mean_diversity=0.215960,
indivs=32805866, elapsed_secs=62346, mean=0.544783, stdev=0.139893, best fit=0.697300, best_overall=0.697300, mean_diversity=0.085508,
indivs=32815989, elapsed_secs=62366, mean=0.530661, stdev=0.120532, best fit=0.697300, best_overall=0.697300, mean_diversity=0.225788,
indivs=32826109, elapsed_secs=62387, mean=0.553075, stdev=0.144900, best fit=0.697300, best_overall=0.697300, mean_diversity=0.223851,
indivs=32836135, elapsed_secs=62407, mean=0.549670, stdev=0.205539, best fit=0.697300, best_overall=0.697300, mean_diversity=0.099279,
indivs=32846174, elapsed_secs=62426, mean=0.508186, stdev=0.091661, best fit=0.697300, best_overall=0.697300, mean_diversity=0.193987,
indivs=32856274, elapsed_secs=62449, mean=0.465125, stdev=0.130888, best fit=0.697300, best_overall=0.697300, mean_diversity=0.246971,
indivs=32866292, elapsed_secs=62467, mean=0.504695, stdev=0.062158, best fit=0.697300, best_overall=0.697300, mean_diversity=0.178697,
indivs=32876443, elapsed_secs=62487, mean=0.461326, stdev=0.234937, best fit=0.697300, best_overall=0.697300, mean_diversity=0.195582,
indivs=32886512, elapsed_secs=62504, mean=0.534151, stdev=0.106866, best fit=0.697300, best_overall=0.697300, mean_diversity=0.293577,
indivs=32896577, elapsed_secs=62523, mean=0.547330, stdev=0.100198, best fit=0.697300, best_overall=0.697300, mean_diversity=0.117877,
indivs=32906645, elapsed_secs=62540, mean=0.503940, stdev=0.066048, best fit=0.697300, best_overall=0.697300, mean_diversity=0.239217,
indivs=32916651, elapsed_secs=62560, mean=0.505118, stdev=0.154697, best fit=0.697300, best_overall=0.697300, mean_diversity=0.302441,
indivs=32926676, elapsed_secs=62577, mean=0.506983, stdev=0.100870, best fit=0.697300, best_overall=0.697300, mean_diversity=0.306867,
indivs=32936693, elapsed_secs=62596, mean=0.528479, stdev=0.115580, best fit=0.697300, best_overall=0.697300, mean_diversity=0.243392,
indivs=32946747, elapsed_secs=62616, mean=0.547077, stdev=0.099276, best fit=0.697300, best_overall=0.697300, mean_diversity=0.302299,
indivs=32956794, elapsed_secs=62637, mean=0.508953, stdev=0.089168, best fit=0.697300, best_overall=0.697300, mean_diversity=0.297569,
indivs=32966853, elapsed_secs=62654, mean=0.490560, stdev=0.075735, best fit=0.697300, best_overall=0.697300, mean_diversity=0.207688,
indivs=32976904, elapsed_secs=62675, mean=0.538961, stdev=0.145825, best fit=0.697300, best_overall=0.697300, mean_diversity=0.111332,
indivs=32986992, elapsed_secs=62696, mean=0.536497, stdev=0.128635, best fit=0.697300, best_overall=0.697300, mean_diversity=0.291361,
indivs=32997004, elapsed_secs=62714, mean=0.531385, stdev=0.111505, best fit=0.697300, best_overall=0.697300, mean_diversity=0.287899,
indivs=33007079, elapsed_secs=62730, mean=0.535245, stdev=0.114061, best fit=0.697300, best_overall=0.697300, mean_diversity=0.408696,
indivs=33017197, elapsed_secs=62749, mean=0.572467, stdev=0.090672, best fit=0.697300, best_overall=0.697300, mean_diversity=0.129734,
indivs=33027318, elapsed_secs=62768, mean=0.514570, stdev=0.114890, best fit=0.697300, best_overall=0.697300, mean_diversity=0.128039,
indivs=33037454, elapsed_secs=62786, mean=0.539429, stdev=0.124353, best fit=0.697300, best_overall=0.697300, mean_diversity=0.148350,
indivs=33047455, elapsed_secs=62804, mean=0.492454, stdev=0.132309, best fit=0.697300, best_overall=0.697300, mean_diversity=0.432862,
indivs=33057528, elapsed_secs=62824, mean=0.546488, stdev=0.126585, best fit=0.697300, best_overall=0.697300, mean_diversity=0.294644,
indivs=33067607, elapsed_secs=62839, mean=0.555398, stdev=0.126557, best fit=0.697300, best_overall=0.697300, mean_diversity=0.320784,
indivs=33077705, elapsed_secs=62857, mean=0.596551, stdev=0.105085, best fit=0.697300, best_overall=0.697300, mean_diversity=0.119603,
indivs=33087797, elapsed_secs=62877, mean=0.525516, stdev=0.079400, best fit=0.697300, best_overall=0.697300, mean_diversity=0.330519,
indivs=33097859, elapsed_secs=62893, mean=0.492384, stdev=0.067981, best fit=0.697300, best_overall=0.697300, mean_diversity=0.161073,
indivs=33107934, elapsed_secs=62912, mean=0.568053, stdev=0.120439, best fit=0.697300, best_overall=0.697300, mean_diversity=0.135252,
indivs=33118018, elapsed_secs=62930, mean=0.497417, stdev=0.064941, best fit=0.697300, best_overall=0.697300, mean_diversity=0.286387,
indivs=33128019, elapsed_secs=62949, mean=0.572708, stdev=0.165088, best fit=0.697300, best_overall=0.697300, mean_diversity=0.048411,
indivs=33138100, elapsed_secs=62966, mean=0.524526, stdev=0.181855, best fit=0.697300, best_overall=0.697300, mean_diversity=0.291565,
indivs=33148204, elapsed_secs=62984, mean=0.600969, stdev=0.105110, best fit=0.697300, best_overall=0.697300, mean_diversity=0.146128,
indivs=33158209, elapsed_secs=63004, mean=0.549060, stdev=0.139475, best fit=0.697300, best_overall=0.697300, mean_diversity=0.123866,
indivs=33168318, elapsed_secs=63022, mean=0.514343, stdev=0.094388, best fit=0.697300, best_overall=0.697300, mean_diversity=0.167462,
indivs=33178335, elapsed_secs=63040, mean=0.545838, stdev=0.098983, best fit=0.697300, best_overall=0.697300, mean_diversity=0.412308,
indivs=33188479, elapsed_secs=63060, mean=0.563676, stdev=0.107456, best fit=0.697300, best_overall=0.697300, mean_diversity=0.143300,
indivs=33198506, elapsed_secs=63078, mean=0.548933, stdev=0.093274, best fit=0.697300, best_overall=0.697300, mean_diversity=0.317956,
indivs=33208631, elapsed_secs=63100, mean=0.550903, stdev=0.124504, best fit=0.697300, best_overall=0.697300, mean_diversity=0.133242,
indivs=33218739, elapsed_secs=63119, mean=0.531189, stdev=0.239203, best fit=0.697300, best_overall=0.697300, mean_diversity=0.046924,
indivs=33228817, elapsed_secs=63140, mean=0.567784, stdev=0.215665, best fit=0.697300, best_overall=0.697300, mean_diversity=0.035524,
indivs=33238916, elapsed_secs=63159, mean=0.533785, stdev=0.158655, best fit=0.697300, best_overall=0.697300, mean_diversity=0.498246,
indivs=33248969, elapsed_secs=63178, mean=0.571568, stdev=0.138608, best fit=0.697300, best_overall=0.697300, mean_diversity=0.248268,
indivs=33259076, elapsed_secs=63194, mean=0.502762, stdev=0.104053, best fit=0.697300, best_overall=0.697300, mean_diversity=0.141786,
indivs=33269087, elapsed_secs=63211, mean=0.520079, stdev=0.123091, best fit=0.697300, best_overall=0.697300, mean_diversity=0.130355,
indivs=33279090, elapsed_secs=63226, mean=0.531043, stdev=0.077521, best fit=0.697300, best_overall=0.697300, mean_diversity=0.447686,
indivs=33289153, elapsed_secs=63243, mean=0.554784, stdev=0.130664, best fit=0.697300, best_overall=0.697300, mean_diversity=0.183590,
indivs=33299192, elapsed_secs=63267, mean=0.564960, stdev=0.099898, best fit=0.697300, best_overall=0.697300, mean_diversity=0.185920,
indivs=33309231, elapsed_secs=63288, mean=0.498601, stdev=0.128868, best fit=0.697300, best_overall=0.697300, mean_diversity=0.201476,
indivs=33319293, elapsed_secs=63308, mean=0.552357, stdev=0.140178, best fit=0.697300, best_overall=0.697300, mean_diversity=0.232582,
indivs=33329336, elapsed_secs=63329, mean=0.512496, stdev=0.072620, best fit=0.697300, best_overall=0.697300, mean_diversity=0.203203,
indivs=33339389, elapsed_secs=63347, mean=0.484187, stdev=0.128835, best fit=0.697300, best_overall=0.697300, mean_diversity=0.232098,
indivs=33349449, elapsed_secs=63362, mean=0.539907, stdev=0.140806, best fit=0.697300, best_overall=0.697300, mean_diversity=0.166200,
indivs=33359511, elapsed_secs=63383, mean=0.546790, stdev=0.133685, best fit=0.697300, best_overall=0.697300, mean_diversity=0.243557,
indivs=33369653, elapsed_secs=63403, mean=0.489576, stdev=0.178465, best fit=0.697300, best_overall=0.697300, mean_diversity=0.209054,
indivs=33379742, elapsed_secs=63422, mean=0.511693, stdev=0.116737, best fit=0.697300, best_overall=0.697300, mean_diversity=0.309179,
indivs=33389829, elapsed_secs=63441, mean=0.501973, stdev=0.019631, best fit=0.697300, best_overall=0.697300, mean_diversity=0.036323,
indivs=33399876, elapsed_secs=63458, mean=0.473813, stdev=0.226906, best fit=0.697300, best_overall=0.697300, mean_diversity=0.259508,
indivs=33409968, elapsed_secs=63477, mean=0.485470, stdev=0.146405, best fit=0.697300, best_overall=0.697300, mean_diversity=0.397849,
Experiment done. Retrieving candidate algorithm.
Search fitness for candidate algorithm = 0.697300
Evaluating candidate algorithm from experiment (on T_select tasks)... 
Select fitness for candidate algorithm = 0.694300
Select fitness is the best so far. 

Final evaluation of best algorithm (on unseen tasks)...
Final evaluation fitness (on unseen data) = 0.646900
Algorithm found: 
def Setup():
  s4 = -0.919465
  v3 = gaussian(-0.371625, 0.00902558, n_features)
  s3 = 0.271177
  s3 = -0.269919
  m0 = uniform(0.0547711, 0.0940707, (n_features, n_features))
  s3 = uniform(-0.603125, 0.932666)
def Predict():
  v6 = v2 + v0
  v6 = v6 + v2
  s3 = s3 + s3
  v4 = v4 + v7
  s1 = dot(v7, v0)
  v5 = v1 + v3
  v1 = maximum(v2, v1)
def Learn():
  v6 = heaviside(v5, 1.0)
  v6 = s1 * v7
  m1 = outer(v3, v8)
  m0 = outer(v3, v2)
  v1 = v3 * v2
  m1 = outer(v5, v2)
  s3 = s0 * s3
  m0 = outer(v4, v0)
  v5 = s0 * v0
  v6 = v5 + v6
  s2 = s1 * s4
  s2 = s2 - s4
  v7 = v5 + v4
  v3 = s2 * v6
  m0 = outer(v5, v1)
  s4 = s4 + s3
  s1 = s4 + s2
  m0 = m0 + m0
  v6 = v1 * v7
  v8 = s2 * v5
  v4 = v3 + v8
  v1 = heaviside(v2, 1.0)

