Random seed = 682778749
/p/work/rditljtd/automl_zero/baseline_full_qd.db3
evol_id:11961
SQLite Version: 3.4.0

Creating database for run.
/p/work/rditljtd/automl_zero/baseline_full_qd.db3
Running evolution experiment (on the T_search tasks)...
indivs=200, elapsed_secs=0, mean=0.500000, stdev=0.000000, best fit=0.500000, best_overall=0.500000, mean_diversity=0.000000,
indivs=10270, elapsed_secs=9, mean=0.500446, stdev=0.004438, best fit=0.544600, best_overall=0.544600, mean_diversity=0.126903,
indivs=20310, elapsed_secs=17, mean=0.501455, stdev=0.005934, best fit=0.548800, best_overall=0.548800, mean_diversity=0.195083,
indivs=30315, elapsed_secs=21, mean=0.498715, stdev=0.012084, best fit=0.557200, best_overall=0.557200, mean_diversity=0.183514,
indivs=40413, elapsed_secs=24, mean=0.502058, stdev=0.008185, best fit=0.557200, best_overall=0.557200, mean_diversity=0.229852,
indivs=50437, elapsed_secs=27, mean=0.497670, stdev=0.011550, best fit=0.557200, best_overall=0.557200, mean_diversity=0.429854,
indivs=60438, elapsed_secs=29, mean=0.497460, stdev=0.008263, best fit=0.557200, best_overall=0.557200, mean_diversity=0.240756,
indivs=70480, elapsed_secs=32, mean=0.498691, stdev=0.009741, best fit=0.557200, best_overall=0.557200, mean_diversity=0.313704,
indivs=80542, elapsed_secs=34, mean=0.486828, stdev=0.031838, best fit=0.559800, best_overall=0.559800, mean_diversity=0.257922,
indivs=90621, elapsed_secs=37, mean=0.497142, stdev=0.009693, best fit=0.559800, best_overall=0.559800, mean_diversity=0.136962,
indivs=100669, elapsed_secs=39, mean=0.500092, stdev=0.009669, best fit=0.559800, best_overall=0.559800, mean_diversity=0.244039,
indivs=110684, elapsed_secs=41, mean=0.500598, stdev=0.005950, best fit=0.559800, best_overall=0.559800, mean_diversity=0.245761,
indivs=120733, elapsed_secs=44, mean=0.476493, stdev=0.052737, best fit=0.559800, best_overall=0.559800, mean_diversity=0.198677,
indivs=130751, elapsed_secs=46, mean=0.494761, stdev=0.050222, best fit=0.559800, best_overall=0.559800, mean_diversity=0.230117,
indivs=140845, elapsed_secs=50, mean=0.500598, stdev=0.005950, best fit=0.559800, best_overall=0.559800, mean_diversity=0.099683,
indivs=150887, elapsed_secs=53, mean=0.499055, stdev=0.008999, best fit=0.559800, best_overall=0.559800, mean_diversity=0.215217,
indivs=160977, elapsed_secs=55, mean=0.502468, stdev=0.009766, best fit=0.559800, best_overall=0.559800, mean_diversity=0.314576,
indivs=171064, elapsed_secs=57, mean=0.490257, stdev=0.070738, best fit=0.559800, best_overall=0.559800, mean_diversity=0.075714,
indivs=181169, elapsed_secs=60, mean=0.502548, stdev=0.010190, best fit=0.559800, best_overall=0.559800, mean_diversity=0.158365,
indivs=191176, elapsed_secs=63, mean=0.509108, stdev=0.026040, best fit=0.575000, best_overall=0.575000, mean_diversity=0.270162,
indivs=201249, elapsed_secs=66, mean=0.496964, stdev=0.010310, best fit=0.575000, best_overall=0.575000, mean_diversity=0.283132,
indivs=211263, elapsed_secs=69, mean=0.499664, stdev=0.008403, best fit=0.575000, best_overall=0.575000, mean_diversity=0.396010,
indivs=221265, elapsed_secs=72, mean=0.497946, stdev=0.010462, best fit=0.575000, best_overall=0.575000, mean_diversity=0.281705,
indivs=231353, elapsed_secs=75, mean=0.500750, stdev=0.007462, best fit=0.575000, best_overall=0.575000, mean_diversity=0.153112,
indivs=241408, elapsed_secs=77, mean=0.465555, stdev=0.023854, best fit=0.575000, best_overall=0.575000, mean_diversity=0.185397,
indivs=251504, elapsed_secs=80, mean=0.498281, stdev=0.014097, best fit=0.575000, best_overall=0.575000, mean_diversity=0.362911,
indivs=261558, elapsed_secs=83, mean=0.500750, stdev=0.007462, best fit=0.575000, best_overall=0.575000, mean_diversity=0.078536,
indivs=271612, elapsed_secs=85, mean=0.500939, stdev=0.007828, best fit=0.575000, best_overall=0.575000, mean_diversity=0.344891,
indivs=281666, elapsed_secs=88, mean=0.490750, stdev=0.070503, best fit=0.575000, best_overall=0.575000, mean_diversity=0.222776,
indivs=291685, elapsed_secs=90, mean=0.499936, stdev=0.008380, best fit=0.575000, best_overall=0.575000, mean_diversity=0.170123,
indivs=301700, elapsed_secs=92, mean=0.494672, stdev=0.050646, best fit=0.575000, best_overall=0.575000, mean_diversity=0.177709,
indivs=311741, elapsed_secs=94, mean=0.500720, stdev=0.007467, best fit=0.575000, best_overall=0.575000, mean_diversity=0.314433,
indivs=321828, elapsed_secs=97, mean=0.501044, stdev=0.007712, best fit=0.575000, best_overall=0.575000, mean_diversity=0.194679,
indivs=331933, elapsed_secs=99, mean=0.496668, stdev=0.013635, best fit=0.575000, best_overall=0.575000, mean_diversity=0.294825,
indivs=341952, elapsed_secs=102, mean=0.500750, stdev=0.007462, best fit=0.575000, best_overall=0.575000, mean_diversity=0.159566,
indivs=352048, elapsed_secs=105, mean=0.500480, stdev=0.008333, best fit=0.575000, best_overall=0.575000, mean_diversity=0.188392,
indivs=362138, elapsed_secs=107, mean=0.500673, stdev=0.007490, best fit=0.575000, best_overall=0.575000, mean_diversity=0.194845,
indivs=372220, elapsed_secs=110, mean=0.500546, stdev=0.007572, best fit=0.575000, best_overall=0.575000, mean_diversity=0.257704,
indivs=382275, elapsed_secs=113, mean=0.510093, stdev=0.016563, best fit=0.575000, best_overall=0.575000, mean_diversity=0.308958,
indivs=392314, elapsed_secs=115, mean=0.500747, stdev=0.007463, best fit=0.575000, best_overall=0.575000, mean_diversity=0.072323,
indivs=402363, elapsed_secs=118, mean=0.500576, stdev=0.009534, best fit=0.575000, best_overall=0.575000, mean_diversity=0.088838,
indivs=412365, elapsed_secs=120, mean=0.500750, stdev=0.007462, best fit=0.575000, best_overall=0.575000, mean_diversity=0.270571,
indivs=422457, elapsed_secs=124, mean=0.486005, stdev=0.051386, best fit=0.575000, best_overall=0.575000, mean_diversity=0.301518,
indivs=432477, elapsed_secs=126, mean=0.499638, stdev=0.008153, best fit=0.575000, best_overall=0.575000, mean_diversity=0.093808,
indivs=442524, elapsed_secs=129, mean=0.499168, stdev=0.011926, best fit=0.575000, best_overall=0.575000, mean_diversity=0.169266,
indivs=452626, elapsed_secs=132, mean=0.499475, stdev=0.008480, best fit=0.575000, best_overall=0.575000, mean_diversity=0.290262,
indivs=462683, elapsed_secs=134, mean=0.497102, stdev=0.050657, best fit=0.575000, best_overall=0.575000, mean_diversity=0.109319,
indivs=472764, elapsed_secs=137, mean=0.500858, stdev=0.007454, best fit=0.575000, best_overall=0.575000, mean_diversity=0.308412,
indivs=482766, elapsed_secs=140, mean=0.500325, stdev=0.007789, best fit=0.575000, best_overall=0.575000, mean_diversity=0.178136,
indivs=492841, elapsed_secs=143, mean=0.495750, stdev=0.050380, best fit=0.575000, best_overall=0.575000, mean_diversity=0.104832,
indivs=502856, elapsed_secs=145, mean=0.494245, stdev=0.050552, best fit=0.575000, best_overall=0.575000, mean_diversity=0.293973,
indivs=512891, elapsed_secs=151, mean=0.515687, stdev=0.040966, best fit=0.669600, best_overall=0.669600, mean_diversity=0.402437,
indivs=522912, elapsed_secs=164, mean=0.509870, stdev=0.045151, best fit=0.670200, best_overall=0.670200, mean_diversity=0.237757,
indivs=533007, elapsed_secs=175, mean=0.570585, stdev=0.098933, best fit=0.670200, best_overall=0.670200, mean_diversity=0.258474,
indivs=543014, elapsed_secs=184, mean=0.510821, stdev=0.043284, best fit=0.670200, best_overall=0.670200, mean_diversity=0.224969,
indivs=553048, elapsed_secs=196, mean=0.583354, stdev=0.143086, best fit=0.670200, best_overall=0.670200, mean_diversity=0.090712,
indivs=563048, elapsed_secs=204, mean=0.581646, stdev=0.082937, best fit=0.670200, best_overall=0.670200, mean_diversity=0.135419,
indivs=573179, elapsed_secs=216, mean=0.578638, stdev=0.082469, best fit=0.670200, best_overall=0.670200, mean_diversity=0.337631,
indivs=583299, elapsed_secs=226, mean=0.472919, stdev=0.189828, best fit=0.670200, best_overall=0.670200, mean_diversity=0.186062,
indivs=593398, elapsed_secs=234, mean=0.407063, stdev=0.206152, best fit=0.670200, best_overall=0.670200, mean_diversity=0.135354,
indivs=603514, elapsed_secs=245, mean=0.544579, stdev=0.120551, best fit=0.670200, best_overall=0.670200, mean_diversity=0.161747,
indivs=613616, elapsed_secs=254, mean=0.528454, stdev=0.080006, best fit=0.670200, best_overall=0.670200, mean_diversity=0.226559,
indivs=623661, elapsed_secs=268, mean=0.582805, stdev=0.100440, best fit=0.670200, best_overall=0.670200, mean_diversity=0.077660,
indivs=633746, elapsed_secs=278, mean=0.518634, stdev=0.133509, best fit=0.670200, best_overall=0.670200, mean_diversity=0.452148,
indivs=643848, elapsed_secs=288, mean=0.566606, stdev=0.140017, best fit=0.670500, best_overall=0.670500, mean_diversity=0.125187,
indivs=653898, elapsed_secs=297, mean=0.587000, stdev=0.101424, best fit=0.670800, best_overall=0.670800, mean_diversity=0.195726,
indivs=663943, elapsed_secs=307, mean=0.507134, stdev=0.025092, best fit=0.670800, best_overall=0.670800, mean_diversity=0.204818,
indivs=673966, elapsed_secs=316, mean=0.527261, stdev=0.085911, best fit=0.670800, best_overall=0.670800, mean_diversity=0.277079,
indivs=684017, elapsed_secs=325, mean=0.546607, stdev=0.079921, best fit=0.670800, best_overall=0.670800, mean_diversity=0.287995,
indivs=694117, elapsed_secs=333, mean=0.489716, stdev=0.160572, best fit=0.671300, best_overall=0.671300, mean_diversity=0.368960,
indivs=704260, elapsed_secs=340, mean=0.561235, stdev=0.100554, best fit=0.671300, best_overall=0.671300, mean_diversity=0.257865,
indivs=714325, elapsed_secs=346, mean=0.504901, stdev=0.028376, best fit=0.671300, best_overall=0.671300, mean_diversity=0.128235,
indivs=724410, elapsed_secs=352, mean=0.510086, stdev=0.070536, best fit=0.671300, best_overall=0.671300, mean_diversity=0.332910,
indivs=734525, elapsed_secs=358, mean=0.556591, stdev=0.075084, best fit=0.671300, best_overall=0.671300, mean_diversity=0.500068,
indivs=744545, elapsed_secs=366, mean=0.548300, stdev=0.126044, best fit=0.671300, best_overall=0.671300, mean_diversity=0.151572,
indivs=754646, elapsed_secs=373, mean=0.573087, stdev=0.117978, best fit=0.671300, best_overall=0.671300, mean_diversity=0.106009,
indivs=764653, elapsed_secs=378, mean=0.545129, stdev=0.109723, best fit=0.671300, best_overall=0.671300, mean_diversity=0.395767,
indivs=774685, elapsed_secs=385, mean=0.514830, stdev=0.048111, best fit=0.671300, best_overall=0.671300, mean_diversity=0.295522,
indivs=784720, elapsed_secs=390, mean=0.505648, stdev=0.029588, best fit=0.671300, best_overall=0.671300, mean_diversity=0.193286,
indivs=794723, elapsed_secs=396, mean=0.551897, stdev=0.079579, best fit=0.671300, best_overall=0.671300, mean_diversity=0.336588,
indivs=804786, elapsed_secs=401, mean=0.500936, stdev=0.057043, best fit=0.671300, best_overall=0.671300, mean_diversity=0.136091,
indivs=814838, elapsed_secs=410, mean=0.531762, stdev=0.070120, best fit=0.671300, best_overall=0.671300, mean_diversity=0.498470,
indivs=824898, elapsed_secs=416, mean=0.530885, stdev=0.065742, best fit=0.671300, best_overall=0.671300, mean_diversity=0.143620,
indivs=834902, elapsed_secs=424, mean=0.604101, stdev=0.099323, best fit=0.671300, best_overall=0.671300, mean_diversity=0.329634,
indivs=844906, elapsed_secs=434, mean=0.518133, stdev=0.052326, best fit=0.671300, best_overall=0.671300, mean_diversity=0.150289,
indivs=855003, elapsed_secs=439, mean=0.548976, stdev=0.089438, best fit=0.671300, best_overall=0.671300, mean_diversity=0.212665,
indivs=865074, elapsed_secs=445, mean=0.585552, stdev=0.097618, best fit=0.671300, best_overall=0.671300, mean_diversity=0.147286,
indivs=875121, elapsed_secs=452, mean=0.501666, stdev=0.017053, best fit=0.671300, best_overall=0.671300, mean_diversity=0.075077,
indivs=885191, elapsed_secs=459, mean=0.574742, stdev=0.083162, best fit=0.671300, best_overall=0.671300, mean_diversity=0.201047,
indivs=895206, elapsed_secs=465, mean=0.507873, stdev=0.031526, best fit=0.671300, best_overall=0.671300, mean_diversity=0.166822,
indivs=905314, elapsed_secs=472, mean=0.521430, stdev=0.055522, best fit=0.671300, best_overall=0.671300, mean_diversity=0.274109,
indivs=915319, elapsed_secs=479, mean=0.530191, stdev=0.058221, best fit=0.671300, best_overall=0.671300, mean_diversity=0.312069,
indivs=925409, elapsed_secs=487, mean=0.581237, stdev=0.084623, best fit=0.671300, best_overall=0.671300, mean_diversity=0.143425,
indivs=935433, elapsed_secs=494, mean=0.493172, stdev=0.063968, best fit=0.671300, best_overall=0.671300, mean_diversity=0.183326,
indivs=945512, elapsed_secs=500, mean=0.534601, stdev=0.085299, best fit=0.671300, best_overall=0.671300, mean_diversity=0.184797,
indivs=955627, elapsed_secs=506, mean=0.544252, stdev=0.109668, best fit=0.671300, best_overall=0.671300, mean_diversity=0.130362,
indivs=965701, elapsed_secs=512, mean=0.501779, stdev=0.017050, best fit=0.671300, best_overall=0.671300, mean_diversity=0.122959,
indivs=975724, elapsed_secs=519, mean=0.568982, stdev=0.079583, best fit=0.671300, best_overall=0.671300, mean_diversity=0.121316,
indivs=985814, elapsed_secs=528, mean=0.574471, stdev=0.077307, best fit=0.671300, best_overall=0.671300, mean_diversity=0.262916,
indivs=995892, elapsed_secs=535, mean=0.504701, stdev=0.036024, best fit=0.671300, best_overall=0.671300, mean_diversity=0.210941,
indivs=1005906, elapsed_secs=542, mean=0.518458, stdev=0.076974, best fit=0.671300, best_overall=0.671300, mean_diversity=0.293000,
indivs=1015942, elapsed_secs=548, mean=0.546744, stdev=0.107919, best fit=0.671300, best_overall=0.671300, mean_diversity=0.151324,
indivs=1025995, elapsed_secs=555, mean=0.402696, stdev=0.099250, best fit=0.671300, best_overall=0.671300, mean_diversity=0.247719,
indivs=1036145, elapsed_secs=561, mean=0.593689, stdev=0.099898, best fit=0.671300, best_overall=0.671300, mean_diversity=0.111810,
indivs=1046222, elapsed_secs=569, mean=0.515360, stdev=0.157384, best fit=0.671300, best_overall=0.671300, mean_diversity=0.417476,
indivs=1056227, elapsed_secs=574, mean=0.509531, stdev=0.031580, best fit=0.671300, best_overall=0.671300, mean_diversity=0.177427,
indivs=1066254, elapsed_secs=581, mean=0.540448, stdev=0.101017, best fit=0.671300, best_overall=0.671300, mean_diversity=0.184701,
indivs=1076310, elapsed_secs=588, mean=0.579264, stdev=0.097810, best fit=0.671300, best_overall=0.671300, mean_diversity=0.093081,
indivs=1086375, elapsed_secs=595, mean=0.499301, stdev=0.019280, best fit=0.671300, best_overall=0.671300, mean_diversity=0.133640,
indivs=1096446, elapsed_secs=601, mean=0.593101, stdev=0.103032, best fit=0.671300, best_overall=0.671300, mean_diversity=0.098278,
indivs=1106530, elapsed_secs=608, mean=0.510773, stdev=0.048094, best fit=0.674000, best_overall=0.674000, mean_diversity=0.223498,
indivs=1116568, elapsed_secs=617, mean=0.523601, stdev=0.128487, best fit=0.674000, best_overall=0.674000, mean_diversity=0.194303,
indivs=1126640, elapsed_secs=625, mean=0.575862, stdev=0.107067, best fit=0.674000, best_overall=0.674000, mean_diversity=0.093731,
indivs=1136654, elapsed_secs=633, mean=0.574907, stdev=0.097307, best fit=0.674000, best_overall=0.674000, mean_diversity=0.149594,
indivs=1146763, elapsed_secs=640, mean=0.545656, stdev=0.096800, best fit=0.674000, best_overall=0.674000, mean_diversity=0.167776,
indivs=1156778, elapsed_secs=648, mean=0.567572, stdev=0.114757, best fit=0.674000, best_overall=0.674000, mean_diversity=0.153702,
indivs=1166778, elapsed_secs=656, mean=0.601279, stdev=0.096391, best fit=0.674000, best_overall=0.674000, mean_diversity=0.167581,
indivs=1176828, elapsed_secs=663, mean=0.561430, stdev=0.082263, best fit=0.674500, best_overall=0.674500, mean_diversity=0.257607,
indivs=1186835, elapsed_secs=673, mean=0.547579, stdev=0.109524, best fit=0.674500, best_overall=0.674500, mean_diversity=0.107451,
indivs=1196896, elapsed_secs=682, mean=0.567708, stdev=0.145288, best fit=0.674500, best_overall=0.674500, mean_diversity=0.084805,
indivs=1206944, elapsed_secs=690, mean=0.509544, stdev=0.115788, best fit=0.674500, best_overall=0.674500, mean_diversity=0.291579,
indivs=1216997, elapsed_secs=696, mean=0.499439, stdev=0.028146, best fit=0.674500, best_overall=0.674500, mean_diversity=0.113493,
indivs=1227076, elapsed_secs=704, mean=0.510995, stdev=0.060240, best fit=0.674500, best_overall=0.674500, mean_diversity=0.266093,
indivs=1237160, elapsed_secs=714, mean=0.524415, stdev=0.063476, best fit=0.674500, best_overall=0.674500, mean_diversity=0.346054,
indivs=1247336, elapsed_secs=723, mean=0.585606, stdev=0.113720, best fit=0.674500, best_overall=0.674500, mean_diversity=0.064961,
indivs=1257341, elapsed_secs=730, mean=0.514171, stdev=0.105228, best fit=0.674500, best_overall=0.674500, mean_diversity=0.284188,
indivs=1267416, elapsed_secs=739, mean=0.536464, stdev=0.106900, best fit=0.674500, best_overall=0.674500, mean_diversity=0.411398,
indivs=1277437, elapsed_secs=747, mean=0.507183, stdev=0.085228, best fit=0.674500, best_overall=0.674500, mean_diversity=0.126785,
indivs=1287492, elapsed_secs=755, mean=0.563182, stdev=0.062056, best fit=0.674500, best_overall=0.674500, mean_diversity=0.374028,
indivs=1297621, elapsed_secs=763, mean=0.585735, stdev=0.111716, best fit=0.674500, best_overall=0.674500, mean_diversity=0.193095,
indivs=1307689, elapsed_secs=773, mean=0.582903, stdev=0.073196, best fit=0.675200, best_overall=0.675200, mean_diversity=0.249534,
indivs=1317758, elapsed_secs=782, mean=0.515560, stdev=0.078386, best fit=0.675200, best_overall=0.675200, mean_diversity=0.286778,
indivs=1327877, elapsed_secs=789, mean=0.566457, stdev=0.096861, best fit=0.675200, best_overall=0.675200, mean_diversity=0.179035,
indivs=1337986, elapsed_secs=798, mean=0.550463, stdev=0.125307, best fit=0.675200, best_overall=0.675200, mean_diversity=0.324462,
indivs=1347995, elapsed_secs=807, mean=0.556306, stdev=0.071457, best fit=0.675200, best_overall=0.675200, mean_diversity=0.348988,
indivs=1358130, elapsed_secs=815, mean=0.606152, stdev=0.081384, best fit=0.675200, best_overall=0.675200, mean_diversity=0.111933,
indivs=1368173, elapsed_secs=823, mean=0.540020, stdev=0.138820, best fit=0.675200, best_overall=0.675200, mean_diversity=0.279348,
indivs=1378212, elapsed_secs=831, mean=0.547719, stdev=0.081512, best fit=0.675200, best_overall=0.675200, mean_diversity=0.287917,
indivs=1388241, elapsed_secs=837, mean=0.549028, stdev=0.093982, best fit=0.675200, best_overall=0.675200, mean_diversity=0.181012,
indivs=1398392, elapsed_secs=843, mean=0.591240, stdev=0.085253, best fit=0.675200, best_overall=0.675200, mean_diversity=0.237129,
indivs=1408486, elapsed_secs=851, mean=0.550102, stdev=0.075815, best fit=0.675200, best_overall=0.675200, mean_diversity=0.106336,
indivs=1418504, elapsed_secs=858, mean=0.546827, stdev=0.081918, best fit=0.675200, best_overall=0.675200, mean_diversity=0.256576,
indivs=1428575, elapsed_secs=868, mean=0.492321, stdev=0.164947, best fit=0.675200, best_overall=0.675200, mean_diversity=0.407320,
indivs=1438578, elapsed_secs=875, mean=0.502857, stdev=0.058251, best fit=0.675200, best_overall=0.675200, mean_diversity=0.229055,
indivs=1448662, elapsed_secs=883, mean=0.488087, stdev=0.106239, best fit=0.675200, best_overall=0.675200, mean_diversity=0.238169,
indivs=1458752, elapsed_secs=891, mean=0.515578, stdev=0.045812, best fit=0.675200, best_overall=0.675200, mean_diversity=0.279905,
indivs=1468770, elapsed_secs=897, mean=0.604108, stdev=0.081083, best fit=0.675200, best_overall=0.675200, mean_diversity=0.113160,
indivs=1478791, elapsed_secs=906, mean=0.548404, stdev=0.086591, best fit=0.675200, best_overall=0.675200, mean_diversity=0.292076,
indivs=1488822, elapsed_secs=912, mean=0.582085, stdev=0.080330, best fit=0.675200, best_overall=0.675200, mean_diversity=0.224226,
indivs=1498960, elapsed_secs=921, mean=0.533886, stdev=0.131738, best fit=0.675200, best_overall=0.675200, mean_diversity=0.179894,
indivs=1509118, elapsed_secs=928, mean=0.587366, stdev=0.118529, best fit=0.675200, best_overall=0.675200, mean_diversity=0.161271,
indivs=1519122, elapsed_secs=935, mean=0.524861, stdev=0.081946, best fit=0.675200, best_overall=0.675200, mean_diversity=0.129301,
indivs=1529265, elapsed_secs=943, mean=0.585327, stdev=0.103175, best fit=0.675200, best_overall=0.675200, mean_diversity=0.209401,
indivs=1539292, elapsed_secs=953, mean=0.520918, stdev=0.083969, best fit=0.675200, best_overall=0.675200, mean_diversity=0.314750,
indivs=1549363, elapsed_secs=960, mean=0.532575, stdev=0.065240, best fit=0.675200, best_overall=0.675200, mean_diversity=0.259238,
indivs=1559442, elapsed_secs=969, mean=0.570401, stdev=0.103614, best fit=0.675200, best_overall=0.675200, mean_diversity=0.152991,
indivs=1569523, elapsed_secs=977, mean=0.607352, stdev=0.075974, best fit=0.675200, best_overall=0.675200, mean_diversity=0.059825,
indivs=1579603, elapsed_secs=985, mean=0.555374, stdev=0.082219, best fit=0.675200, best_overall=0.675200, mean_diversity=0.303942,
indivs=1589684, elapsed_secs=992, mean=0.506721, stdev=0.087797, best fit=0.675200, best_overall=0.675200, mean_diversity=0.364759,
indivs=1599735, elapsed_secs=999, mean=0.520082, stdev=0.043739, best fit=0.675200, best_overall=0.675200, mean_diversity=0.297160,
indivs=1609774, elapsed_secs=1006, mean=0.500028, stdev=0.058825, best fit=0.675200, best_overall=0.675200, mean_diversity=0.263424,
indivs=1619894, elapsed_secs=1014, mean=0.537973, stdev=0.105055, best fit=0.675200, best_overall=0.675200, mean_diversity=0.241799,
indivs=1629955, elapsed_secs=1020, mean=0.507439, stdev=0.074372, best fit=0.675200, best_overall=0.675200, mean_diversity=0.372692,
indivs=1640037, elapsed_secs=1029, mean=0.539310, stdev=0.077560, best fit=0.675200, best_overall=0.675200, mean_diversity=0.179866,
indivs=1650101, elapsed_secs=1035, mean=0.518204, stdev=0.082872, best fit=0.675200, best_overall=0.675200, mean_diversity=0.333109,
indivs=1660259, elapsed_secs=1041, mean=0.585736, stdev=0.081418, best fit=0.675200, best_overall=0.675200, mean_diversity=0.232371,
indivs=1670277, elapsed_secs=1048, mean=0.533573, stdev=0.110607, best fit=0.675200, best_overall=0.675200, mean_diversity=0.150579,
indivs=1680295, elapsed_secs=1058, mean=0.576649, stdev=0.114931, best fit=0.675200, best_overall=0.675200, mean_diversity=0.091429,
indivs=1690300, elapsed_secs=1065, mean=0.515729, stdev=0.044499, best fit=0.675200, best_overall=0.675200, mean_diversity=0.202726,
indivs=1700339, elapsed_secs=1074, mean=0.440603, stdev=0.190701, best fit=0.675200, best_overall=0.675200, mean_diversity=0.268843,
indivs=1710440, elapsed_secs=1080, mean=0.523229, stdev=0.054764, best fit=0.675200, best_overall=0.675200, mean_diversity=0.247863,
indivs=1720473, elapsed_secs=1088, mean=0.490029, stdev=0.117449, best fit=0.675200, best_overall=0.675200, mean_diversity=0.275433,
indivs=1730549, elapsed_secs=1095, mean=0.538504, stdev=0.063061, best fit=0.675200, best_overall=0.675200, mean_diversity=0.212669,
indivs=1740575, elapsed_secs=1103, mean=0.534231, stdev=0.122959, best fit=0.675200, best_overall=0.675200, mean_diversity=0.143869,
indivs=1750713, elapsed_secs=1110, mean=0.579239, stdev=0.117424, best fit=0.675200, best_overall=0.675200, mean_diversity=0.271743,
indivs=1760718, elapsed_secs=1120, mean=0.513686, stdev=0.160996, best fit=0.675200, best_overall=0.675200, mean_diversity=0.234733,
indivs=1770737, elapsed_secs=1126, mean=0.541828, stdev=0.068001, best fit=0.675200, best_overall=0.675200, mean_diversity=0.257222,
indivs=1780869, elapsed_secs=1134, mean=0.610991, stdev=0.079763, best fit=0.675200, best_overall=0.675200, mean_diversity=0.079105,
indivs=1790871, elapsed_secs=1145, mean=0.532211, stdev=0.067141, best fit=0.675200, best_overall=0.675200, mean_diversity=0.298192,
indivs=1800978, elapsed_secs=1153, mean=0.542650, stdev=0.097871, best fit=0.675200, best_overall=0.675200, mean_diversity=0.289633,
indivs=1811081, elapsed_secs=1160, mean=0.516529, stdev=0.077202, best fit=0.675200, best_overall=0.675200, mean_diversity=0.249760,
indivs=1821182, elapsed_secs=1167, mean=0.543621, stdev=0.074049, best fit=0.675200, best_overall=0.675200, mean_diversity=0.170798,
indivs=1831245, elapsed_secs=1176, mean=0.521097, stdev=0.053166, best fit=0.675200, best_overall=0.675200, mean_diversity=0.511872,
indivs=1841329, elapsed_secs=1183, mean=0.562672, stdev=0.128699, best fit=0.675200, best_overall=0.675200, mean_diversity=0.271134,
indivs=1851437, elapsed_secs=1190, mean=0.492574, stdev=0.123792, best fit=0.675200, best_overall=0.675200, mean_diversity=0.274300,
indivs=1861500, elapsed_secs=1197, mean=0.533562, stdev=0.092634, best fit=0.675200, best_overall=0.675200, mean_diversity=0.235635,
indivs=1871630, elapsed_secs=1204, mean=0.561731, stdev=0.081867, best fit=0.675200, best_overall=0.675200, mean_diversity=0.374787,
indivs=1881721, elapsed_secs=1212, mean=0.511875, stdev=0.043291, best fit=0.675200, best_overall=0.675200, mean_diversity=0.236558,
indivs=1891803, elapsed_secs=1219, mean=0.548823, stdev=0.122721, best fit=0.675200, best_overall=0.675200, mean_diversity=0.196269,
indivs=1901830, elapsed_secs=1226, mean=0.501791, stdev=0.017630, best fit=0.675200, best_overall=0.675200, mean_diversity=0.119467,
indivs=1911911, elapsed_secs=1234, mean=0.533073, stdev=0.080599, best fit=0.675200, best_overall=0.675200, mean_diversity=0.195412,
indivs=1921941, elapsed_secs=1243, mean=0.496752, stdev=0.052881, best fit=0.675200, best_overall=0.675200, mean_diversity=0.122483,
indivs=1932067, elapsed_secs=1253, mean=0.574325, stdev=0.102464, best fit=0.675200, best_overall=0.675200, mean_diversity=0.192318,
indivs=1942184, elapsed_secs=1261, mean=0.505921, stdev=0.074840, best fit=0.675200, best_overall=0.675200, mean_diversity=0.120637,
indivs=1952306, elapsed_secs=1269, mean=0.589643, stdev=0.083725, best fit=0.675200, best_overall=0.675200, mean_diversity=0.088324,
indivs=1962339, elapsed_secs=1278, mean=0.496246, stdev=0.053089, best fit=0.675200, best_overall=0.675200, mean_diversity=0.098472,
indivs=1972466, elapsed_secs=1285, mean=0.608067, stdev=0.076393, best fit=0.675200, best_overall=0.675200, mean_diversity=0.073485,
indivs=1982504, elapsed_secs=1291, mean=0.531425, stdev=0.086371, best fit=0.675200, best_overall=0.675200, mean_diversity=0.092678,
indivs=1992640, elapsed_secs=1299, mean=0.522980, stdev=0.121882, best fit=0.675200, best_overall=0.675200, mean_diversity=0.241341,
indivs=2002642, elapsed_secs=1306, mean=0.510766, stdev=0.041628, best fit=0.675200, best_overall=0.675200, mean_diversity=0.119755,
indivs=2012697, elapsed_secs=1314, mean=0.501752, stdev=0.017432, best fit=0.675200, best_overall=0.675200, mean_diversity=0.108940,
indivs=2022853, elapsed_secs=1323, mean=0.579081, stdev=0.131520, best fit=0.675200, best_overall=0.675200, mean_diversity=0.121750,
indivs=2032921, elapsed_secs=1330, mean=0.505222, stdev=0.022553, best fit=0.675200, best_overall=0.675200, mean_diversity=0.271376,
indivs=2042957, elapsed_secs=1337, mean=0.557478, stdev=0.078859, best fit=0.675200, best_overall=0.675200, mean_diversity=0.216673,
indivs=2052974, elapsed_secs=1345, mean=0.516260, stdev=0.049208, best fit=0.675200, best_overall=0.675200, mean_diversity=0.234479,
indivs=2063067, elapsed_secs=1354, mean=0.597388, stdev=0.120678, best fit=0.675200, best_overall=0.675200, mean_diversity=0.235436,
indivs=2073140, elapsed_secs=1363, mean=0.598172, stdev=0.084478, best fit=0.675200, best_overall=0.675200, mean_diversity=0.074412,
indivs=2083157, elapsed_secs=1371, mean=0.538829, stdev=0.120822, best fit=0.675200, best_overall=0.675200, mean_diversity=0.365166,
indivs=2093173, elapsed_secs=1379, mean=0.498379, stdev=0.072769, best fit=0.675200, best_overall=0.675200, mean_diversity=0.173030,
indivs=2103278, elapsed_secs=1386, mean=0.490882, stdev=0.116169, best fit=0.675200, best_overall=0.675200, mean_diversity=0.111877,
indivs=2113348, elapsed_secs=1393, mean=0.517419, stdev=0.079684, best fit=0.675200, best_overall=0.675200, mean_diversity=0.383477,
indivs=2123395, elapsed_secs=1402, mean=0.564010, stdev=0.103841, best fit=0.675200, best_overall=0.675200, mean_diversity=0.149139,
indivs=2133433, elapsed_secs=1411, mean=0.520784, stdev=0.092815, best fit=0.675200, best_overall=0.675200, mean_diversity=0.207934,
indivs=2143459, elapsed_secs=1419, mean=0.504314, stdev=0.070868, best fit=0.675200, best_overall=0.675200, mean_diversity=0.359484,
indivs=2153547, elapsed_secs=1428, mean=0.518325, stdev=0.051187, best fit=0.675200, best_overall=0.675200, mean_diversity=0.279048,
indivs=2163553, elapsed_secs=1435, mean=0.600362, stdev=0.082614, best fit=0.675200, best_overall=0.675200, mean_diversity=0.355611,
indivs=2173649, elapsed_secs=1441, mean=0.567818, stdev=0.100303, best fit=0.675200, best_overall=0.675200, mean_diversity=0.226907,
indivs=2183743, elapsed_secs=1451, mean=0.519443, stdev=0.054549, best fit=0.675200, best_overall=0.675200, mean_diversity=0.153188,
indivs=2193746, elapsed_secs=1459, mean=0.555135, stdev=0.082660, best fit=0.675200, best_overall=0.675200, mean_diversity=0.069564,
indivs=2203764, elapsed_secs=1467, mean=0.542738, stdev=0.070464, best fit=0.675200, best_overall=0.675200, mean_diversity=0.224760,
indivs=2213919, elapsed_secs=1476, mean=0.547171, stdev=0.123550, best fit=0.675200, best_overall=0.675200, mean_diversity=0.259778,
indivs=2223925, elapsed_secs=1483, mean=0.586252, stdev=0.099482, best fit=0.675200, best_overall=0.675200, mean_diversity=0.149081,
indivs=2234056, elapsed_secs=1490, mean=0.561157, stdev=0.077333, best fit=0.675200, best_overall=0.675200, mean_diversity=0.201911,
indivs=2244059, elapsed_secs=1497, mean=0.488346, stdev=0.089024, best fit=0.675200, best_overall=0.675200, mean_diversity=0.055788,
indivs=2254152, elapsed_secs=1508, mean=0.545108, stdev=0.137219, best fit=0.675200, best_overall=0.675200, mean_diversity=0.360048,
indivs=2264239, elapsed_secs=1516, mean=0.545277, stdev=0.073499, best fit=0.675200, best_overall=0.675200, mean_diversity=0.342222,
indivs=2274269, elapsed_secs=1523, mean=0.510930, stdev=0.040671, best fit=0.675200, best_overall=0.675200, mean_diversity=0.193808,
indivs=2284321, elapsed_secs=1530, mean=0.546602, stdev=0.079737, best fit=0.675200, best_overall=0.675200, mean_diversity=0.219977,
indivs=2294378, elapsed_secs=1538, mean=0.565571, stdev=0.095372, best fit=0.675200, best_overall=0.675200, mean_diversity=0.294187,
indivs=2304508, elapsed_secs=1547, mean=0.569410, stdev=0.105891, best fit=0.675200, best_overall=0.675200, mean_diversity=0.324138,
indivs=2314646, elapsed_secs=1556, mean=0.517258, stdev=0.079816, best fit=0.675200, best_overall=0.675200, mean_diversity=0.203827,
indivs=2324678, elapsed_secs=1564, mean=0.541739, stdev=0.056447, best fit=0.675200, best_overall=0.675200, mean_diversity=0.172403,
indivs=2334728, elapsed_secs=1572, mean=0.611912, stdev=0.092070, best fit=0.675200, best_overall=0.675200, mean_diversity=0.138552,
indivs=2344835, elapsed_secs=1581, mean=0.602747, stdev=0.079540, best fit=0.675200, best_overall=0.675200, mean_diversity=0.061504,
indivs=2354880, elapsed_secs=1587, mean=0.526286, stdev=0.109025, best fit=0.675200, best_overall=0.675200, mean_diversity=0.318133,
indivs=2364975, elapsed_secs=1595, mean=0.522820, stdev=0.172820, best fit=0.675200, best_overall=0.675200, mean_diversity=0.281420,
indivs=2375124, elapsed_secs=1602, mean=0.581382, stdev=0.101060, best fit=0.675200, best_overall=0.675200, mean_diversity=0.249743,
indivs=2385223, elapsed_secs=1609, mean=0.587503, stdev=0.081915, best fit=0.675200, best_overall=0.675200, mean_diversity=0.284321,
indivs=2395322, elapsed_secs=1617, mean=0.584668, stdev=0.079738, best fit=0.675200, best_overall=0.675200, mean_diversity=0.152023,
indivs=2405326, elapsed_secs=1627, mean=0.560141, stdev=0.115049, best fit=0.675200, best_overall=0.675200, mean_diversity=0.230521,
indivs=2415356, elapsed_secs=1634, mean=0.477776, stdev=0.100065, best fit=0.675200, best_overall=0.675200, mean_diversity=0.327600,
indivs=2425446, elapsed_secs=1640, mean=0.558395, stdev=0.098062, best fit=0.675200, best_overall=0.675200, mean_diversity=0.290028,
indivs=2435624, elapsed_secs=1648, mean=0.572749, stdev=0.132007, best fit=0.675200, best_overall=0.675200, mean_diversity=0.127780,
indivs=2445676, elapsed_secs=1655, mean=0.538305, stdev=0.089066, best fit=0.675200, best_overall=0.675200, mean_diversity=0.213948,
indivs=2455819, elapsed_secs=1664, mean=0.546227, stdev=0.089642, best fit=0.675200, best_overall=0.675200, mean_diversity=0.100545,
indivs=2465837, elapsed_secs=1671, mean=0.575045, stdev=0.059188, best fit=0.675200, best_overall=0.675200, mean_diversity=0.211402,
indivs=2475858, elapsed_secs=1679, mean=0.470852, stdev=0.101530, best fit=0.675200, best_overall=0.675200, mean_diversity=0.077666,
indivs=2485894, elapsed_secs=1687, mean=0.464763, stdev=0.139252, best fit=0.675200, best_overall=0.675200, mean_diversity=0.251506,
indivs=2495906, elapsed_secs=1695, mean=0.589890, stdev=0.076959, best fit=0.675200, best_overall=0.675200, mean_diversity=0.128576,
indivs=2505921, elapsed_secs=1703, mean=0.530051, stdev=0.063741, best fit=0.675200, best_overall=0.675200, mean_diversity=0.339718,
indivs=2515929, elapsed_secs=1708, mean=0.501944, stdev=0.063617, best fit=0.675200, best_overall=0.675200, mean_diversity=0.202516,
indivs=2525965, elapsed_secs=1715, mean=0.500505, stdev=0.019101, best fit=0.675200, best_overall=0.675200, mean_diversity=0.205508,
indivs=2535969, elapsed_secs=1722, mean=0.580370, stdev=0.130346, best fit=0.675200, best_overall=0.675200, mean_diversity=0.115403,
indivs=2546007, elapsed_secs=1730, mean=0.543084, stdev=0.100475, best fit=0.675200, best_overall=0.675200, mean_diversity=0.150608,
indivs=2556054, elapsed_secs=1736, mean=0.542156, stdev=0.085951, best fit=0.675200, best_overall=0.675200, mean_diversity=0.225168,
indivs=2566132, elapsed_secs=1742, mean=0.553635, stdev=0.079729, best fit=0.675200, best_overall=0.675200, mean_diversity=0.214902,
indivs=2576140, elapsed_secs=1750, mean=0.502070, stdev=0.017684, best fit=0.675200, best_overall=0.675200, mean_diversity=0.117154,
indivs=2586235, elapsed_secs=1759, mean=0.498410, stdev=0.072251, best fit=0.675200, best_overall=0.675200, mean_diversity=0.140567,
indivs=2596294, elapsed_secs=1766, mean=0.514123, stdev=0.044336, best fit=0.675200, best_overall=0.675200, mean_diversity=0.162768,
indivs=2606312, elapsed_secs=1774, mean=0.462049, stdev=0.102687, best fit=0.675200, best_overall=0.675200, mean_diversity=0.134888,
indivs=2616466, elapsed_secs=1782, mean=0.569678, stdev=0.129922, best fit=0.675200, best_overall=0.675200, mean_diversity=0.284717,
indivs=2626606, elapsed_secs=1789, mean=0.576051, stdev=0.083331, best fit=0.675200, best_overall=0.675200, mean_diversity=0.120506,
indivs=2636674, elapsed_secs=1796, mean=0.547128, stdev=0.077163, best fit=0.675200, best_overall=0.675200, mean_diversity=0.077817,
indivs=2646689, elapsed_secs=1805, mean=0.498492, stdev=0.034157, best fit=0.675200, best_overall=0.675200, mean_diversity=0.094362,
indivs=2656742, elapsed_secs=1812, mean=0.512408, stdev=0.075570, best fit=0.675200, best_overall=0.675200, mean_diversity=0.134577,
indivs=2666882, elapsed_secs=1820, mean=0.570136, stdev=0.115129, best fit=0.675200, best_overall=0.675200, mean_diversity=0.131270,
indivs=2676969, elapsed_secs=1827, mean=0.513936, stdev=0.072671, best fit=0.675200, best_overall=0.675200, mean_diversity=0.298156,
indivs=2686973, elapsed_secs=1835, mean=0.516519, stdev=0.082890, best fit=0.675200, best_overall=0.675200, mean_diversity=0.427585,
indivs=2697091, elapsed_secs=1842, mean=0.567665, stdev=0.104875, best fit=0.675200, best_overall=0.675200, mean_diversity=0.246225,
indivs=2707127, elapsed_secs=1850, mean=0.552861, stdev=0.107143, best fit=0.675200, best_overall=0.675200, mean_diversity=0.083652,
indivs=2717185, elapsed_secs=1859, mean=0.500766, stdev=0.018414, best fit=0.675200, best_overall=0.675200, mean_diversity=0.061912,
indivs=2727243, elapsed_secs=1866, mean=0.582322, stdev=0.138661, best fit=0.675200, best_overall=0.675200, mean_diversity=0.149336,
indivs=2737328, elapsed_secs=1875, mean=0.519954, stdev=0.051035, best fit=0.675200, best_overall=0.675200, mean_diversity=0.221705,
indivs=2747367, elapsed_secs=1884, mean=0.578702, stdev=0.069217, best fit=0.675200, best_overall=0.675200, mean_diversity=0.204371,
indivs=2757377, elapsed_secs=1891, mean=0.581641, stdev=0.113451, best fit=0.675200, best_overall=0.675200, mean_diversity=0.172077,
indivs=2767383, elapsed_secs=1901, mean=0.502950, stdev=0.027357, best fit=0.675200, best_overall=0.675200, mean_diversity=0.221611,
indivs=2777384, elapsed_secs=1909, mean=0.544926, stdev=0.076455, best fit=0.675200, best_overall=0.675200, mean_diversity=0.301213,
indivs=2787450, elapsed_secs=1916, mean=0.507142, stdev=0.091412, best fit=0.675200, best_overall=0.675200, mean_diversity=0.278829,
indivs=2797477, elapsed_secs=1924, mean=0.577138, stdev=0.115253, best fit=0.675200, best_overall=0.675200, mean_diversity=0.200872,
indivs=2807505, elapsed_secs=1931, mean=0.516304, stdev=0.050422, best fit=0.675200, best_overall=0.675200, mean_diversity=0.276241,
indivs=2817549, elapsed_secs=1938, mean=0.506593, stdev=0.030331, best fit=0.675200, best_overall=0.675200, mean_diversity=0.162435,
indivs=2827591, elapsed_secs=1945, mean=0.548428, stdev=0.110228, best fit=0.675200, best_overall=0.675200, mean_diversity=0.347185,
indivs=2837633, elapsed_secs=1952, mean=0.590606, stdev=0.115128, best fit=0.675200, best_overall=0.675200, mean_diversity=0.207073,
indivs=2847646, elapsed_secs=1959, mean=0.591985, stdev=0.073648, best fit=0.675200, best_overall=0.675200, mean_diversity=0.107026,
indivs=2857680, elapsed_secs=1966, mean=0.555385, stdev=0.098517, best fit=0.675200, best_overall=0.675200, mean_diversity=0.233078,
indivs=2867723, elapsed_secs=1975, mean=0.529895, stdev=0.100503, best fit=0.675200, best_overall=0.675200, mean_diversity=0.219647,
indivs=2877735, elapsed_secs=1983, mean=0.512484, stdev=0.041459, best fit=0.675500, best_overall=0.675500, mean_diversity=0.174081,
indivs=2887775, elapsed_secs=1993, mean=0.496638, stdev=0.052885, best fit=0.675500, best_overall=0.675500, mean_diversity=0.209586,
indivs=2897929, elapsed_secs=2003, mean=0.584089, stdev=0.101054, best fit=0.675500, best_overall=0.675500, mean_diversity=0.155440,
indivs=2907997, elapsed_secs=2013, mean=0.506529, stdev=0.060337, best fit=0.675500, best_overall=0.675500, mean_diversity=0.238866,
indivs=2918017, elapsed_secs=2022, mean=0.511229, stdev=0.068578, best fit=0.675500, best_overall=0.675500, mean_diversity=0.257300,
indivs=2928123, elapsed_secs=2029, mean=0.506659, stdev=0.066104, best fit=0.675500, best_overall=0.675500, mean_diversity=0.231929,
indivs=2938220, elapsed_secs=2037, mean=0.497942, stdev=0.094115, best fit=0.675500, best_overall=0.675500, mean_diversity=0.110031,
indivs=2948279, elapsed_secs=2046, mean=0.500914, stdev=0.130225, best fit=0.675500, best_overall=0.675500, mean_diversity=0.128078,
indivs=2958416, elapsed_secs=2053, mean=0.586267, stdev=0.082794, best fit=0.675500, best_overall=0.675500, mean_diversity=0.216398,
indivs=2968453, elapsed_secs=2063, mean=0.501755, stdev=0.017462, best fit=0.675500, best_overall=0.675500, mean_diversity=0.164087,
indivs=2978484, elapsed_secs=2072, mean=0.534531, stdev=0.060990, best fit=0.675500, best_overall=0.675500, mean_diversity=0.216989,
indivs=2988525, elapsed_secs=2080, mean=0.580683, stdev=0.127993, best fit=0.675500, best_overall=0.675500, mean_diversity=0.127274,
indivs=2998569, elapsed_secs=2095, mean=0.558824, stdev=0.063906, best fit=0.675500, best_overall=0.675500, mean_diversity=0.161756,
indivs=3008603, elapsed_secs=2105, mean=0.550808, stdev=0.096928, best fit=0.682500, best_overall=0.682500, mean_diversity=0.122653,
indivs=3018667, elapsed_secs=2120, mean=0.551772, stdev=0.074751, best fit=0.683000, best_overall=0.683000, mean_diversity=0.375504,
indivs=3028782, elapsed_secs=2135, mean=0.596139, stdev=0.133741, best fit=0.683000, best_overall=0.683000, mean_diversity=0.127804,
indivs=3038801, elapsed_secs=2147, mean=0.544338, stdev=0.052896, best fit=0.683100, best_overall=0.683100, mean_diversity=0.234587,
indivs=3048957, elapsed_secs=2160, mean=0.567675, stdev=0.182479, best fit=0.683100, best_overall=0.683100, mean_diversity=0.160307,
indivs=3059061, elapsed_secs=2173, mean=0.547215, stdev=0.107087, best fit=0.683100, best_overall=0.683100, mean_diversity=0.215579,
indivs=3069207, elapsed_secs=2185, mean=0.598856, stdev=0.104118, best fit=0.683100, best_overall=0.683100, mean_diversity=0.158080,
indivs=3079252, elapsed_secs=2197, mean=0.500276, stdev=0.058581, best fit=0.683100, best_overall=0.683100, mean_diversity=0.075604,
indivs=3089287, elapsed_secs=2208, mean=0.588112, stdev=0.149706, best fit=0.683100, best_overall=0.683100, mean_diversity=0.079258,
indivs=3099317, elapsed_secs=2220, mean=0.550334, stdev=0.142174, best fit=0.683100, best_overall=0.683100, mean_diversity=0.174761,
indivs=3109423, elapsed_secs=2232, mean=0.516810, stdev=0.146715, best fit=0.683100, best_overall=0.683100, mean_diversity=0.343134,
indivs=3119532, elapsed_secs=2244, mean=0.585926, stdev=0.135298, best fit=0.683100, best_overall=0.683100, mean_diversity=0.142419,
indivs=3129546, elapsed_secs=2257, mean=0.552447, stdev=0.141584, best fit=0.683100, best_overall=0.683100, mean_diversity=0.218612,
indivs=3139658, elapsed_secs=2268, mean=0.577574, stdev=0.070246, best fit=0.683100, best_overall=0.683100, mean_diversity=0.204356,
indivs=3149806, elapsed_secs=2280, mean=0.584679, stdev=0.116552, best fit=0.683100, best_overall=0.683100, mean_diversity=0.127836,
indivs=3159860, elapsed_secs=2291, mean=0.523637, stdev=0.131962, best fit=0.683100, best_overall=0.683100, mean_diversity=0.259724,
indivs=3169917, elapsed_secs=2305, mean=0.538967, stdev=0.061698, best fit=0.683100, best_overall=0.683100, mean_diversity=0.274864,
indivs=3179939, elapsed_secs=2317, mean=0.577658, stdev=0.167167, best fit=0.683100, best_overall=0.683100, mean_diversity=0.141840,
indivs=3189965, elapsed_secs=2329, mean=0.543829, stdev=0.139965, best fit=0.683100, best_overall=0.683100, mean_diversity=0.422028,
indivs=3200062, elapsed_secs=2342, mean=0.548160, stdev=0.130181, best fit=0.683300, best_overall=0.683300, mean_diversity=0.431570,
indivs=3210073, elapsed_secs=2354, mean=0.519086, stdev=0.095045, best fit=0.683300, best_overall=0.683300, mean_diversity=0.105148,
indivs=3220102, elapsed_secs=2366, mean=0.514035, stdev=0.154475, best fit=0.683300, best_overall=0.683300, mean_diversity=0.134172,
indivs=3230233, elapsed_secs=2378, mean=0.610866, stdev=0.097240, best fit=0.683300, best_overall=0.683300, mean_diversity=0.110552,
indivs=3240342, elapsed_secs=2391, mean=0.545458, stdev=0.094068, best fit=0.683300, best_overall=0.683300, mean_diversity=0.381697,
indivs=3250352, elapsed_secs=2404, mean=0.475467, stdev=0.256731, best fit=0.683300, best_overall=0.683300, mean_diversity=0.123461,
indivs=3260417, elapsed_secs=2415, mean=0.521306, stdev=0.057738, best fit=0.683300, best_overall=0.683300, mean_diversity=0.213842,
indivs=3270462, elapsed_secs=2427, mean=0.509243, stdev=0.098291, best fit=0.683300, best_overall=0.683300, mean_diversity=0.312749,
indivs=3280494, elapsed_secs=2437, mean=0.519434, stdev=0.064539, best fit=0.683300, best_overall=0.683300, mean_diversity=0.363750,
indivs=3290546, elapsed_secs=2450, mean=0.525301, stdev=0.087025, best fit=0.683600, best_overall=0.683600, mean_diversity=0.142484,
indivs=3300610, elapsed_secs=2461, mean=0.502179, stdev=0.179107, best fit=0.683600, best_overall=0.683600, mean_diversity=0.166441,
indivs=3310706, elapsed_secs=2474, mean=0.472996, stdev=0.170304, best fit=0.683600, best_overall=0.683600, mean_diversity=0.134006,
indivs=3320720, elapsed_secs=2486, mean=0.549500, stdev=0.065708, best fit=0.684100, best_overall=0.684100, mean_diversity=0.251589,
indivs=3330745, elapsed_secs=2498, mean=0.538731, stdev=0.069565, best fit=0.684100, best_overall=0.684100, mean_diversity=0.330000,
indivs=3340818, elapsed_secs=2510, mean=0.489930, stdev=0.073370, best fit=0.684100, best_overall=0.684100, mean_diversity=0.389681,
indivs=3350847, elapsed_secs=2522, mean=0.519424, stdev=0.057991, best fit=0.684100, best_overall=0.684100, mean_diversity=0.282803,
indivs=3360894, elapsed_secs=2532, mean=0.493433, stdev=0.125929, best fit=0.684300, best_overall=0.684300, mean_diversity=0.375586,
indivs=3370917, elapsed_secs=2546, mean=0.531108, stdev=0.184855, best fit=0.684300, best_overall=0.684300, mean_diversity=0.282430,
indivs=3380999, elapsed_secs=2557, mean=0.515742, stdev=0.213809, best fit=0.684300, best_overall=0.684300, mean_diversity=0.126741,
indivs=3391010, elapsed_secs=2567, mean=0.579495, stdev=0.138408, best fit=0.684300, best_overall=0.684300, mean_diversity=0.213199,
indivs=3401078, elapsed_secs=2578, mean=0.472528, stdev=0.177877, best fit=0.684300, best_overall=0.684300, mean_diversity=0.198491,
indivs=3411170, elapsed_secs=2590, mean=0.507904, stdev=0.206860, best fit=0.684300, best_overall=0.684300, mean_diversity=0.132629,
indivs=3421202, elapsed_secs=2602, mean=0.474595, stdev=0.242778, best fit=0.684300, best_overall=0.684300, mean_diversity=0.176794,
indivs=3431208, elapsed_secs=2612, mean=0.492988, stdev=0.197944, best fit=0.684300, best_overall=0.684300, mean_diversity=0.141158,
indivs=3441250, elapsed_secs=2622, mean=0.516799, stdev=0.175296, best fit=0.684300, best_overall=0.684300, mean_diversity=0.347236,
indivs=3451318, elapsed_secs=2633, mean=0.558030, stdev=0.192695, best fit=0.684300, best_overall=0.684300, mean_diversity=0.114416,
indivs=3461413, elapsed_secs=2642, mean=0.480870, stdev=0.203157, best fit=0.684300, best_overall=0.684300, mean_diversity=0.179444,
indivs=3471554, elapsed_secs=2655, mean=0.581229, stdev=0.152026, best fit=0.684300, best_overall=0.684300, mean_diversity=0.050223,
indivs=3481586, elapsed_secs=2668, mean=0.540348, stdev=0.110095, best fit=0.684300, best_overall=0.684300, mean_diversity=0.303939,
indivs=3491612, elapsed_secs=2679, mean=0.560963, stdev=0.151785, best fit=0.684300, best_overall=0.684300, mean_diversity=0.217880,
indivs=3501659, elapsed_secs=2690, mean=0.513770, stdev=0.129757, best fit=0.684300, best_overall=0.684300, mean_diversity=0.403534,
indivs=3511690, elapsed_secs=2701, mean=0.530286, stdev=0.161357, best fit=0.684300, best_overall=0.684300, mean_diversity=0.048493,
indivs=3521726, elapsed_secs=2713, mean=0.518252, stdev=0.224460, best fit=0.684300, best_overall=0.684300, mean_diversity=0.131373,
indivs=3531871, elapsed_secs=2727, mean=0.545387, stdev=0.113967, best fit=0.684500, best_overall=0.684500, mean_diversity=0.110517,
indivs=3542013, elapsed_secs=2741, mean=0.610399, stdev=0.116293, best fit=0.684500, best_overall=0.684500, mean_diversity=0.147871,
indivs=3552099, elapsed_secs=2754, mean=0.529340, stdev=0.086032, best fit=0.684500, best_overall=0.684500, mean_diversity=0.258151,
indivs=3562122, elapsed_secs=2767, mean=0.542013, stdev=0.209812, best fit=0.684500, best_overall=0.684500, mean_diversity=0.067717,
indivs=3572141, elapsed_secs=2780, mean=0.508371, stdev=0.161042, best fit=0.684500, best_overall=0.684500, mean_diversity=0.335461,
indivs=3582164, elapsed_secs=2794, mean=0.509655, stdev=0.084678, best fit=0.684500, best_overall=0.684500, mean_diversity=0.240036,
indivs=3592174, elapsed_secs=2808, mean=0.581389, stdev=0.165804, best fit=0.684500, best_overall=0.684500, mean_diversity=0.179721,
indivs=3602323, elapsed_secs=2822, mean=0.558116, stdev=0.165194, best fit=0.684500, best_overall=0.684500, mean_diversity=0.271438,
indivs=3612401, elapsed_secs=2835, mean=0.544665, stdev=0.214013, best fit=0.684500, best_overall=0.684500, mean_diversity=0.081455,
indivs=3622473, elapsed_secs=2849, mean=0.513228, stdev=0.070639, best fit=0.684500, best_overall=0.684500, mean_diversity=0.126714,
indivs=3632512, elapsed_secs=2862, mean=0.418229, stdev=0.198593, best fit=0.684500, best_overall=0.684500, mean_diversity=0.167358,
indivs=3642536, elapsed_secs=2875, mean=0.482711, stdev=0.168093, best fit=0.684500, best_overall=0.684500, mean_diversity=0.327934,
indivs=3652604, elapsed_secs=2888, mean=0.529110, stdev=0.083849, best fit=0.684500, best_overall=0.684500, mean_diversity=0.272339,
indivs=3662722, elapsed_secs=2900, mean=0.514814, stdev=0.195633, best fit=0.684500, best_overall=0.684500, mean_diversity=0.066997,
indivs=3672776, elapsed_secs=2911, mean=0.508071, stdev=0.033237, best fit=0.684500, best_overall=0.684500, mean_diversity=0.112582,
indivs=3682888, elapsed_secs=2923, mean=0.478270, stdev=0.216336, best fit=0.684500, best_overall=0.684500, mean_diversity=0.067678,
indivs=3692943, elapsed_secs=2934, mean=0.516072, stdev=0.081512, best fit=0.684500, best_overall=0.684500, mean_diversity=0.256523,
indivs=3703097, elapsed_secs=2947, mean=0.625184, stdev=0.093819, best fit=0.684500, best_overall=0.684500, mean_diversity=0.134961,
indivs=3713121, elapsed_secs=2958, mean=0.429778, stdev=0.202315, best fit=0.684500, best_overall=0.684500, mean_diversity=0.423855,
indivs=3723266, elapsed_secs=2971, mean=0.513017, stdev=0.234996, best fit=0.684500, best_overall=0.684500, mean_diversity=0.154385,
indivs=3733291, elapsed_secs=2983, mean=0.554004, stdev=0.148496, best fit=0.684500, best_overall=0.684500, mean_diversity=0.169630,
indivs=3743382, elapsed_secs=2994, mean=0.451332, stdev=0.159173, best fit=0.684500, best_overall=0.684500, mean_diversity=0.268825,
indivs=3753502, elapsed_secs=3007, mean=0.529699, stdev=0.156475, best fit=0.684500, best_overall=0.684500, mean_diversity=0.240505,
indivs=3763524, elapsed_secs=3020, mean=0.476845, stdev=0.124540, best fit=0.684500, best_overall=0.684500, mean_diversity=0.125791,
indivs=3773584, elapsed_secs=3032, mean=0.560662, stdev=0.165642, best fit=0.684500, best_overall=0.684500, mean_diversity=0.266576,
indivs=3783600, elapsed_secs=3043, mean=0.583322, stdev=0.155330, best fit=0.684500, best_overall=0.684500, mean_diversity=0.131940,
indivs=3793628, elapsed_secs=3055, mean=0.529581, stdev=0.133900, best fit=0.684500, best_overall=0.684500, mean_diversity=0.287120,
indivs=3803708, elapsed_secs=3068, mean=0.508911, stdev=0.104440, best fit=0.684500, best_overall=0.684500, mean_diversity=0.258465,
indivs=3813716, elapsed_secs=3081, mean=0.599700, stdev=0.082132, best fit=0.684500, best_overall=0.684500, mean_diversity=0.100325,
indivs=3823797, elapsed_secs=3093, mean=0.592520, stdev=0.165868, best fit=0.684500, best_overall=0.684500, mean_diversity=0.032524,
indivs=3833869, elapsed_secs=3105, mean=0.531916, stdev=0.167396, best fit=0.684500, best_overall=0.684500, mean_diversity=0.161423,
indivs=3843922, elapsed_secs=3117, mean=0.522651, stdev=0.173359, best fit=0.684500, best_overall=0.684500, mean_diversity=0.320118,
indivs=3854063, elapsed_secs=3130, mean=0.566978, stdev=0.132597, best fit=0.685900, best_overall=0.685900, mean_diversity=0.222985,
indivs=3864073, elapsed_secs=3144, mean=0.497148, stdev=0.095330, best fit=0.685900, best_overall=0.685900, mean_diversity=0.197891,
indivs=3874115, elapsed_secs=3154, mean=0.529187, stdev=0.132400, best fit=0.685900, best_overall=0.685900, mean_diversity=0.463941,
indivs=3884139, elapsed_secs=3167, mean=0.566961, stdev=0.123684, best fit=0.685900, best_overall=0.685900, mean_diversity=0.249021,
indivs=3894252, elapsed_secs=3180, mean=0.579957, stdev=0.153774, best fit=0.685900, best_overall=0.685900, mean_diversity=0.180700,
indivs=3904325, elapsed_secs=3190, mean=0.581695, stdev=0.135126, best fit=0.685900, best_overall=0.685900, mean_diversity=0.169319,
indivs=3914448, elapsed_secs=3203, mean=0.582159, stdev=0.116557, best fit=0.685900, best_overall=0.685900, mean_diversity=0.273425,
indivs=3924469, elapsed_secs=3216, mean=0.556845, stdev=0.136400, best fit=0.685900, best_overall=0.685900, mean_diversity=0.076126,
indivs=3934510, elapsed_secs=3229, mean=0.493247, stdev=0.077948, best fit=0.685900, best_overall=0.685900, mean_diversity=0.110739,
indivs=3944587, elapsed_secs=3241, mean=0.590429, stdev=0.159997, best fit=0.685900, best_overall=0.685900, mean_diversity=0.101490,
indivs=3954658, elapsed_secs=3254, mean=0.493047, stdev=0.064327, best fit=0.685900, best_overall=0.685900, mean_diversity=0.235533,
indivs=3964682, elapsed_secs=3266, mean=0.537582, stdev=0.161733, best fit=0.685900, best_overall=0.685900, mean_diversity=0.199661,
indivs=3974769, elapsed_secs=3277, mean=0.561608, stdev=0.083260, best fit=0.685900, best_overall=0.685900, mean_diversity=0.364950,
indivs=3984816, elapsed_secs=3290, mean=0.503488, stdev=0.024470, best fit=0.685900, best_overall=0.685900, mean_diversity=0.074083,
indivs=3994930, elapsed_secs=3301, mean=0.560567, stdev=0.128376, best fit=0.685900, best_overall=0.685900, mean_diversity=0.189265,
indivs=4004993, elapsed_secs=3313, mean=0.510175, stdev=0.137975, best fit=0.685900, best_overall=0.685900, mean_diversity=0.072691,
indivs=4015078, elapsed_secs=3325, mean=0.525012, stdev=0.093587, best fit=0.685900, best_overall=0.685900, mean_diversity=0.398602,
indivs=4025184, elapsed_secs=3338, mean=0.551747, stdev=0.191908, best fit=0.685900, best_overall=0.685900, mean_diversity=0.227852,
indivs=4035309, elapsed_secs=3352, mean=0.530931, stdev=0.145759, best fit=0.685900, best_overall=0.685900, mean_diversity=0.117051,
indivs=4045390, elapsed_secs=3364, mean=0.518819, stdev=0.201547, best fit=0.685900, best_overall=0.685900, mean_diversity=0.246050,
indivs=4055543, elapsed_secs=3375, mean=0.587738, stdev=0.142950, best fit=0.685900, best_overall=0.685900, mean_diversity=0.171149,
indivs=4065640, elapsed_secs=3387, mean=0.605998, stdev=0.099985, best fit=0.685900, best_overall=0.685900, mean_diversity=0.181650,
indivs=4075710, elapsed_secs=3399, mean=0.551044, stdev=0.166891, best fit=0.685900, best_overall=0.685900, mean_diversity=0.281221,
indivs=4085723, elapsed_secs=3410, mean=0.548825, stdev=0.140016, best fit=0.685900, best_overall=0.685900, mean_diversity=0.267676,
indivs=4095800, elapsed_secs=3424, mean=0.596637, stdev=0.128485, best fit=0.685900, best_overall=0.685900, mean_diversity=0.151457,
indivs=4105910, elapsed_secs=3437, mean=0.522198, stdev=0.090062, best fit=0.685900, best_overall=0.685900, mean_diversity=0.362472,
indivs=4115968, elapsed_secs=3450, mean=0.553929, stdev=0.061593, best fit=0.685900, best_overall=0.685900, mean_diversity=0.258186,
indivs=4126101, elapsed_secs=3463, mean=0.530602, stdev=0.134413, best fit=0.685900, best_overall=0.685900, mean_diversity=0.326786,
indivs=4136139, elapsed_secs=3478, mean=0.547509, stdev=0.200820, best fit=0.685900, best_overall=0.685900, mean_diversity=0.204748,
indivs=4146179, elapsed_secs=3489, mean=0.496528, stdev=0.053334, best fit=0.685900, best_overall=0.685900, mean_diversity=0.093746,
indivs=4156282, elapsed_secs=3502, mean=0.500876, stdev=0.118377, best fit=0.685900, best_overall=0.685900, mean_diversity=0.283898,
indivs=4166399, elapsed_secs=3515, mean=0.523293, stdev=0.223456, best fit=0.685900, best_overall=0.685900, mean_diversity=0.083660,
indivs=4176400, elapsed_secs=3528, mean=0.513394, stdev=0.211515, best fit=0.685900, best_overall=0.685900, mean_diversity=0.045014,
indivs=4186416, elapsed_secs=3541, mean=0.533058, stdev=0.140826, best fit=0.685900, best_overall=0.685900, mean_diversity=0.164833,
indivs=4196417, elapsed_secs=3554, mean=0.551234, stdev=0.123295, best fit=0.685900, best_overall=0.685900, mean_diversity=0.193935,
indivs=4206484, elapsed_secs=3567, mean=0.549054, stdev=0.123879, best fit=0.685900, best_overall=0.685900, mean_diversity=0.467082,
indivs=4216575, elapsed_secs=3582, mean=0.531411, stdev=0.131463, best fit=0.685900, best_overall=0.685900, mean_diversity=0.189763,
indivs=4226638, elapsed_secs=3593, mean=0.544071, stdev=0.125153, best fit=0.685900, best_overall=0.685900, mean_diversity=0.237042,
indivs=4236726, elapsed_secs=3605, mean=0.511598, stdev=0.147738, best fit=0.685900, best_overall=0.685900, mean_diversity=0.369610,
indivs=4246770, elapsed_secs=3618, mean=0.519967, stdev=0.089574, best fit=0.685900, best_overall=0.685900, mean_diversity=0.277345,
indivs=4256853, elapsed_secs=3629, mean=0.542764, stdev=0.170158, best fit=0.685900, best_overall=0.685900, mean_diversity=0.195603,
indivs=4266871, elapsed_secs=3641, mean=0.489894, stdev=0.108372, best fit=0.685900, best_overall=0.685900, mean_diversity=0.222572,
indivs=4276936, elapsed_secs=3655, mean=0.514017, stdev=0.146064, best fit=0.685900, best_overall=0.685900, mean_diversity=0.128774,
indivs=4286961, elapsed_secs=3668, mean=0.513743, stdev=0.180129, best fit=0.685900, best_overall=0.685900, mean_diversity=0.251465,
indivs=4297006, elapsed_secs=3680, mean=0.567685, stdev=0.071635, best fit=0.685900, best_overall=0.685900, mean_diversity=0.181055,
indivs=4307009, elapsed_secs=3693, mean=0.528923, stdev=0.153464, best fit=0.685900, best_overall=0.685900, mean_diversity=0.292159,
indivs=4317016, elapsed_secs=3706, mean=0.563829, stdev=0.158531, best fit=0.685900, best_overall=0.685900, mean_diversity=0.118295,
indivs=4327127, elapsed_secs=3719, mean=0.579358, stdev=0.121480, best fit=0.685900, best_overall=0.685900, mean_diversity=0.114544,
indivs=4337228, elapsed_secs=3729, mean=0.536885, stdev=0.185149, best fit=0.685900, best_overall=0.685900, mean_diversity=0.119931,
indivs=4347312, elapsed_secs=3742, mean=0.517605, stdev=0.163671, best fit=0.685900, best_overall=0.685900, mean_diversity=0.322476,
indivs=4357350, elapsed_secs=3755, mean=0.494819, stdev=0.243779, best fit=0.685900, best_overall=0.685900, mean_diversity=0.124627,
indivs=4367454, elapsed_secs=3765, mean=0.560442, stdev=0.090446, best fit=0.685900, best_overall=0.685900, mean_diversity=0.199246,
indivs=4377490, elapsed_secs=3779, mean=0.539124, stdev=0.129480, best fit=0.685900, best_overall=0.685900, mean_diversity=0.213946,
indivs=4387521, elapsed_secs=3790, mean=0.507679, stdev=0.148697, best fit=0.685900, best_overall=0.685900, mean_diversity=0.229211,
indivs=4397549, elapsed_secs=3801, mean=0.567477, stdev=0.102191, best fit=0.685900, best_overall=0.685900, mean_diversity=0.259265,
indivs=4407605, elapsed_secs=3811, mean=0.557983, stdev=0.143711, best fit=0.685900, best_overall=0.685900, mean_diversity=0.201090,
indivs=4417674, elapsed_secs=3825, mean=0.499868, stdev=0.124855, best fit=0.685900, best_overall=0.685900, mean_diversity=0.422367,
indivs=4427810, elapsed_secs=3837, mean=0.548357, stdev=0.150304, best fit=0.685900, best_overall=0.685900, mean_diversity=0.208031,
indivs=4437874, elapsed_secs=3849, mean=0.532804, stdev=0.169574, best fit=0.685900, best_overall=0.685900, mean_diversity=0.114680,
indivs=4447886, elapsed_secs=3861, mean=0.503466, stdev=0.024480, best fit=0.685900, best_overall=0.685900, mean_diversity=0.157743,
indivs=4457916, elapsed_secs=3873, mean=0.486992, stdev=0.179043, best fit=0.685900, best_overall=0.685900, mean_diversity=0.338431,
indivs=4467979, elapsed_secs=3886, mean=0.528346, stdev=0.122852, best fit=0.685900, best_overall=0.685900, mean_diversity=0.148326,
indivs=4478028, elapsed_secs=3898, mean=0.505475, stdev=0.031135, best fit=0.685900, best_overall=0.685900, mean_diversity=0.119630,
indivs=4488037, elapsed_secs=3912, mean=0.508808, stdev=0.196462, best fit=0.685900, best_overall=0.685900, mean_diversity=0.176304,
indivs=4498072, elapsed_secs=3925, mean=0.485522, stdev=0.088716, best fit=0.685900, best_overall=0.685900, mean_diversity=0.131132,
indivs=4508103, elapsed_secs=3937, mean=0.603153, stdev=0.133885, best fit=0.685900, best_overall=0.685900, mean_diversity=0.043415,
indivs=4518162, elapsed_secs=3948, mean=0.498435, stdev=0.080153, best fit=0.685900, best_overall=0.685900, mean_diversity=0.062416,
indivs=4528191, elapsed_secs=3961, mean=0.526404, stdev=0.099618, best fit=0.685900, best_overall=0.685900, mean_diversity=0.420637,
indivs=4538265, elapsed_secs=3972, mean=0.552944, stdev=0.128416, best fit=0.685900, best_overall=0.685900, mean_diversity=0.174323,
indivs=4548288, elapsed_secs=3983, mean=0.501859, stdev=0.018497, best fit=0.685900, best_overall=0.685900, mean_diversity=0.059870,
indivs=4558364, elapsed_secs=3995, mean=0.513995, stdev=0.122600, best fit=0.685900, best_overall=0.685900, mean_diversity=0.327711,
indivs=4568448, elapsed_secs=4007, mean=0.579473, stdev=0.179345, best fit=0.685900, best_overall=0.685900, mean_diversity=0.131770,
indivs=4578535, elapsed_secs=4021, mean=0.531102, stdev=0.121362, best fit=0.685900, best_overall=0.685900, mean_diversity=0.432919,
indivs=4588550, elapsed_secs=4035, mean=0.444496, stdev=0.200402, best fit=0.685900, best_overall=0.685900, mean_diversity=0.375901,
indivs=4598593, elapsed_secs=4046, mean=0.553375, stdev=0.199667, best fit=0.685900, best_overall=0.685900, mean_diversity=0.077403,
indivs=4608645, elapsed_secs=4058, mean=0.491691, stdev=0.110269, best fit=0.685900, best_overall=0.685900, mean_diversity=0.335154,
indivs=4618773, elapsed_secs=4071, mean=0.476233, stdev=0.218067, best fit=0.685900, best_overall=0.685900, mean_diversity=0.346223,
indivs=4628838, elapsed_secs=4083, mean=0.511145, stdev=0.197767, best fit=0.685900, best_overall=0.685900, mean_diversity=0.104771,
indivs=4638991, elapsed_secs=4095, mean=0.523301, stdev=0.217022, best fit=0.685900, best_overall=0.685900, mean_diversity=0.182558,
indivs=4649119, elapsed_secs=4107, mean=0.543886, stdev=0.149606, best fit=0.685900, best_overall=0.685900, mean_diversity=0.493106,
indivs=4659184, elapsed_secs=4121, mean=0.520524, stdev=0.071075, best fit=0.685900, best_overall=0.685900, mean_diversity=0.373520,
indivs=4669258, elapsed_secs=4132, mean=0.485417, stdev=0.183936, best fit=0.685900, best_overall=0.685900, mean_diversity=0.315475,
indivs=4679388, elapsed_secs=4145, mean=0.524925, stdev=0.184358, best fit=0.685900, best_overall=0.685900, mean_diversity=0.088649,
indivs=4689468, elapsed_secs=4156, mean=0.543757, stdev=0.140636, best fit=0.685900, best_overall=0.685900, mean_diversity=0.196302,
indivs=4699468, elapsed_secs=4169, mean=0.526582, stdev=0.166969, best fit=0.685900, best_overall=0.685900, mean_diversity=0.145033,
indivs=4709484, elapsed_secs=4181, mean=0.541052, stdev=0.124560, best fit=0.685900, best_overall=0.685900, mean_diversity=0.167136,
indivs=4719566, elapsed_secs=4194, mean=0.539755, stdev=0.180879, best fit=0.685900, best_overall=0.685900, mean_diversity=0.179747,
indivs=4729695, elapsed_secs=4206, mean=0.540204, stdev=0.181041, best fit=0.685900, best_overall=0.685900, mean_diversity=0.131387,
indivs=4739799, elapsed_secs=4218, mean=0.553676, stdev=0.152854, best fit=0.685900, best_overall=0.685900, mean_diversity=0.308787,
indivs=4749853, elapsed_secs=4229, mean=0.501860, stdev=0.018507, best fit=0.686000, best_overall=0.686000, mean_diversity=0.094312,
indivs=4759906, elapsed_secs=4241, mean=0.573454, stdev=0.166585, best fit=0.686000, best_overall=0.686000, mean_diversity=0.220054,
indivs=4769953, elapsed_secs=4255, mean=0.576189, stdev=0.086918, best fit=0.686000, best_overall=0.686000, mean_diversity=0.149917,
indivs=4780000, elapsed_secs=4267, mean=0.578804, stdev=0.144055, best fit=0.686000, best_overall=0.686000, mean_diversity=0.195894,
indivs=4790143, elapsed_secs=4280, mean=0.569350, stdev=0.158100, best fit=0.686000, best_overall=0.686000, mean_diversity=0.108425,
indivs=4800210, elapsed_secs=4293, mean=0.545412, stdev=0.150347, best fit=0.686000, best_overall=0.686000, mean_diversity=0.461500,
indivs=4810291, elapsed_secs=4305, mean=0.494754, stdev=0.094258, best fit=0.686000, best_overall=0.686000, mean_diversity=0.262624,
indivs=4820335, elapsed_secs=4318, mean=0.532226, stdev=0.123686, best fit=0.686000, best_overall=0.686000, mean_diversity=0.318588,
indivs=4830404, elapsed_secs=4330, mean=0.541882, stdev=0.127057, best fit=0.686000, best_overall=0.686000, mean_diversity=0.255634,
indivs=4840487, elapsed_secs=4343, mean=0.501352, stdev=0.019213, best fit=0.686000, best_overall=0.686000, mean_diversity=0.143530,
indivs=4850489, elapsed_secs=4357, mean=0.574255, stdev=0.160851, best fit=0.686000, best_overall=0.686000, mean_diversity=0.139159,
indivs=4860513, elapsed_secs=4368, mean=0.586283, stdev=0.129647, best fit=0.686000, best_overall=0.686000, mean_diversity=0.141129,
indivs=4870582, elapsed_secs=4380, mean=0.519542, stdev=0.098943, best fit=0.686000, best_overall=0.686000, mean_diversity=0.167543,
indivs=4880655, elapsed_secs=4395, mean=0.559163, stdev=0.177342, best fit=0.686000, best_overall=0.686000, mean_diversity=0.174515,
indivs=4890716, elapsed_secs=4407, mean=0.513735, stdev=0.130042, best fit=0.686000, best_overall=0.686000, mean_diversity=0.316720,
indivs=4900768, elapsed_secs=4421, mean=0.514431, stdev=0.174698, best fit=0.686000, best_overall=0.686000, mean_diversity=0.182619,
indivs=4910790, elapsed_secs=4435, mean=0.496860, stdev=0.053255, best fit=0.686000, best_overall=0.686000, mean_diversity=0.079680,
indivs=4920879, elapsed_secs=4448, mean=0.491086, stdev=0.190096, best fit=0.686000, best_overall=0.686000, mean_diversity=0.215266,
indivs=4930952, elapsed_secs=4460, mean=0.550819, stdev=0.107315, best fit=0.686000, best_overall=0.686000, mean_diversity=0.305765,
indivs=4941016, elapsed_secs=4473, mean=0.588668, stdev=0.116025, best fit=0.686000, best_overall=0.686000, mean_diversity=0.228100,
indivs=4951159, elapsed_secs=4485, mean=0.542948, stdev=0.195381, best fit=0.686000, best_overall=0.686000, mean_diversity=0.305060,
indivs=4961287, elapsed_secs=4497, mean=0.536014, stdev=0.186377, best fit=0.686000, best_overall=0.686000, mean_diversity=0.234438,
indivs=4971384, elapsed_secs=4510, mean=0.573798, stdev=0.136540, best fit=0.686000, best_overall=0.686000, mean_diversity=0.276741,
indivs=4981488, elapsed_secs=4524, mean=0.581542, stdev=0.144533, best fit=0.686000, best_overall=0.686000, mean_diversity=0.130566,
indivs=4991627, elapsed_secs=4537, mean=0.523680, stdev=0.142765, best fit=0.686300, best_overall=0.686300, mean_diversity=0.405755,
indivs=5001681, elapsed_secs=4552, mean=0.510062, stdev=0.066373, best fit=0.686300, best_overall=0.686300, mean_diversity=0.250270,
indivs=5011735, elapsed_secs=4565, mean=0.492642, stdev=0.091991, best fit=0.686300, best_overall=0.686300, mean_diversity=0.161974,
indivs=5021818, elapsed_secs=4578, mean=0.526878, stdev=0.060130, best fit=0.686300, best_overall=0.686300, mean_diversity=0.194207,
indivs=5031837, elapsed_secs=4592, mean=0.535739, stdev=0.139422, best fit=0.686300, best_overall=0.686300, mean_diversity=0.326091,
indivs=5041950, elapsed_secs=4604, mean=0.500023, stdev=0.138422, best fit=0.686300, best_overall=0.686300, mean_diversity=0.184967,
indivs=5051982, elapsed_secs=4616, mean=0.487248, stdev=0.087801, best fit=0.686300, best_overall=0.686300, mean_diversity=0.252831,
indivs=5062068, elapsed_secs=4627, mean=0.523796, stdev=0.101661, best fit=0.686300, best_overall=0.686300, mean_diversity=0.329838,
indivs=5072124, elapsed_secs=4640, mean=0.565940, stdev=0.089171, best fit=0.686300, best_overall=0.686300, mean_diversity=0.249821,
indivs=5082175, elapsed_secs=4651, mean=0.503556, stdev=0.027303, best fit=0.686300, best_overall=0.686300, mean_diversity=0.076302,
indivs=5092207, elapsed_secs=4663, mean=0.511039, stdev=0.187595, best fit=0.686300, best_overall=0.686300, mean_diversity=0.262824,
indivs=5102353, elapsed_secs=4676, mean=0.557886, stdev=0.152630, best fit=0.686300, best_overall=0.686300, mean_diversity=0.264058,
indivs=5112478, elapsed_secs=4687, mean=0.583316, stdev=0.152853, best fit=0.686300, best_overall=0.686300, mean_diversity=0.050773,
indivs=5122561, elapsed_secs=4700, mean=0.501863, stdev=0.018537, best fit=0.686300, best_overall=0.686300, mean_diversity=0.089156,
indivs=5132589, elapsed_secs=4712, mean=0.519305, stdev=0.098114, best fit=0.686300, best_overall=0.686300, mean_diversity=0.275024,
indivs=5142597, elapsed_secs=4724, mean=0.572238, stdev=0.102341, best fit=0.686300, best_overall=0.686300, mean_diversity=0.388736,
indivs=5152664, elapsed_secs=4736, mean=0.545039, stdev=0.159308, best fit=0.686300, best_overall=0.686300, mean_diversity=0.109701,
indivs=5162802, elapsed_secs=4749, mean=0.541939, stdev=0.179811, best fit=0.686300, best_overall=0.686300, mean_diversity=0.300410,
indivs=5172948, elapsed_secs=4761, mean=0.576956, stdev=0.155304, best fit=0.686300, best_overall=0.686300, mean_diversity=0.259476,
indivs=5183038, elapsed_secs=4774, mean=0.587213, stdev=0.100138, best fit=0.686300, best_overall=0.686300, mean_diversity=0.228541,
indivs=5193089, elapsed_secs=4786, mean=0.498863, stdev=0.035296, best fit=0.686300, best_overall=0.686300, mean_diversity=0.045644,
indivs=5203158, elapsed_secs=4800, mean=0.325038, stdev=0.292197, best fit=0.686300, best_overall=0.686300, mean_diversity=0.147237,
indivs=5213162, elapsed_secs=4814, mean=0.503493, stdev=0.023449, best fit=0.686300, best_overall=0.686300, mean_diversity=0.092146,
indivs=5223283, elapsed_secs=4826, mean=0.514920, stdev=0.138657, best fit=0.686300, best_overall=0.686300, mean_diversity=0.162449,
indivs=5233387, elapsed_secs=4838, mean=0.542763, stdev=0.125836, best fit=0.686300, best_overall=0.686300, mean_diversity=0.104142,
indivs=5243459, elapsed_secs=4852, mean=0.503289, stdev=0.024612, best fit=0.686300, best_overall=0.686300, mean_diversity=0.129372,
indivs=5253483, elapsed_secs=4864, mean=0.484845, stdev=0.185744, best fit=0.686300, best_overall=0.686300, mean_diversity=0.173700,
indivs=5263546, elapsed_secs=4877, mean=0.566141, stdev=0.124601, best fit=0.686300, best_overall=0.686300, mean_diversity=0.104739,
indivs=5273622, elapsed_secs=4889, mean=0.538075, stdev=0.117882, best fit=0.686300, best_overall=0.686300, mean_diversity=0.294581,
indivs=5283748, elapsed_secs=4901, mean=0.529473, stdev=0.220833, best fit=0.686300, best_overall=0.686300, mean_diversity=0.097534,
indivs=5293759, elapsed_secs=4914, mean=0.583383, stdev=0.131803, best fit=0.686300, best_overall=0.686300, mean_diversity=0.204563,
indivs=5303924, elapsed_secs=4928, mean=0.574140, stdev=0.182741, best fit=0.686300, best_overall=0.686300, mean_diversity=0.097603,
indivs=5314004, elapsed_secs=4940, mean=0.498008, stdev=0.054536, best fit=0.686300, best_overall=0.686300, mean_diversity=0.056005,
indivs=5324118, elapsed_secs=4953, mean=0.524735, stdev=0.143560, best fit=0.686300, best_overall=0.686300, mean_diversity=0.156594,
indivs=5334177, elapsed_secs=4965, mean=0.541562, stdev=0.224589, best fit=0.686300, best_overall=0.686300, mean_diversity=0.106543,
indivs=5344249, elapsed_secs=4978, mean=0.523577, stdev=0.198374, best fit=0.686300, best_overall=0.686300, mean_diversity=0.154381,
indivs=5354356, elapsed_secs=4992, mean=0.505627, stdev=0.202407, best fit=0.686300, best_overall=0.686300, mean_diversity=0.355804,
indivs=5364490, elapsed_secs=5002, mean=0.575608, stdev=0.170645, best fit=0.686300, best_overall=0.686300, mean_diversity=0.088546,
indivs=5374581, elapsed_secs=5014, mean=0.491210, stdev=0.151620, best fit=0.686300, best_overall=0.686300, mean_diversity=0.151716,
indivs=5384671, elapsed_secs=5026, mean=0.578521, stdev=0.163243, best fit=0.686300, best_overall=0.686300, mean_diversity=0.067133,
indivs=5394697, elapsed_secs=5037, mean=0.496854, stdev=0.053265, best fit=0.686300, best_overall=0.686300, mean_diversity=0.073991,
indivs=5404755, elapsed_secs=5050, mean=0.503386, stdev=0.194875, best fit=0.686300, best_overall=0.686300, mean_diversity=0.164197,
indivs=5414901, elapsed_secs=5063, mean=0.524733, stdev=0.185258, best fit=0.686300, best_overall=0.686300, mean_diversity=0.258373,
indivs=5425030, elapsed_secs=5076, mean=0.551972, stdev=0.200098, best fit=0.686300, best_overall=0.686300, mean_diversity=0.094200,
indivs=5435168, elapsed_secs=5090, mean=0.546496, stdev=0.195191, best fit=0.686300, best_overall=0.686300, mean_diversity=0.126529,
indivs=5445273, elapsed_secs=5101, mean=0.422203, stdev=0.303028, best fit=0.686300, best_overall=0.686300, mean_diversity=0.059748,
indivs=5455288, elapsed_secs=5113, mean=0.421220, stdev=0.229878, best fit=0.686300, best_overall=0.686300, mean_diversity=0.270273,
indivs=5465361, elapsed_secs=5125, mean=0.502270, stdev=0.019535, best fit=0.686300, best_overall=0.686300, mean_diversity=0.101223,
indivs=5475460, elapsed_secs=5137, mean=0.550596, stdev=0.155409, best fit=0.686300, best_overall=0.686300, mean_diversity=0.288031,
indivs=5485485, elapsed_secs=5149, mean=0.573848, stdev=0.120068, best fit=0.686300, best_overall=0.686300, mean_diversity=0.164057,
indivs=5495583, elapsed_secs=5161, mean=0.578475, stdev=0.102824, best fit=0.686300, best_overall=0.686300, mean_diversity=0.093766,
indivs=5505681, elapsed_secs=5174, mean=0.495284, stdev=0.095765, best fit=0.686300, best_overall=0.686300, mean_diversity=0.401547,
indivs=5515788, elapsed_secs=5184, mean=0.505853, stdev=0.077522, best fit=0.686300, best_overall=0.686300, mean_diversity=0.182459,
indivs=5525881, elapsed_secs=5196, mean=0.581578, stdev=0.107409, best fit=0.686300, best_overall=0.686300, mean_diversity=0.152150,
indivs=5535963, elapsed_secs=5209, mean=0.551755, stdev=0.189235, best fit=0.686300, best_overall=0.686300, mean_diversity=0.068679,
indivs=5546065, elapsed_secs=5223, mean=0.469960, stdev=0.182547, best fit=0.686300, best_overall=0.686300, mean_diversity=0.382279,
indivs=5556163, elapsed_secs=5235, mean=0.589716, stdev=0.165561, best fit=0.686300, best_overall=0.686300, mean_diversity=0.088625,
indivs=5566217, elapsed_secs=5246, mean=0.455135, stdev=0.158565, best fit=0.686300, best_overall=0.686300, mean_diversity=0.188744,
indivs=5576320, elapsed_secs=5260, mean=0.546846, stdev=0.138253, best fit=0.686300, best_overall=0.686300, mean_diversity=0.131624,
indivs=5586322, elapsed_secs=5272, mean=0.527341, stdev=0.062593, best fit=0.686300, best_overall=0.686300, mean_diversity=0.241578,
indivs=5596356, elapsed_secs=5284, mean=0.523868, stdev=0.207464, best fit=0.686300, best_overall=0.686300, mean_diversity=0.089754,
indivs=5606384, elapsed_secs=5295, mean=0.518743, stdev=0.135309, best fit=0.686300, best_overall=0.686300, mean_diversity=0.231304,
indivs=5616455, elapsed_secs=5310, mean=0.519050, stdev=0.097254, best fit=0.686300, best_overall=0.686300, mean_diversity=0.213435,
indivs=5626531, elapsed_secs=5322, mean=0.533002, stdev=0.119321, best fit=0.686300, best_overall=0.686300, mean_diversity=0.296239,
indivs=5636582, elapsed_secs=5335, mean=0.466545, stdev=0.120481, best fit=0.686300, best_overall=0.686300, mean_diversity=0.178557,
indivs=5646698, elapsed_secs=5348, mean=0.511016, stdev=0.232883, best fit=0.686300, best_overall=0.686300, mean_diversity=0.095792,
indivs=5656788, elapsed_secs=5359, mean=0.476949, stdev=0.111864, best fit=0.686300, best_overall=0.686300, mean_diversity=0.214326,
indivs=5666812, elapsed_secs=5372, mean=0.588098, stdev=0.115263, best fit=0.686300, best_overall=0.686300, mean_diversity=0.244960,
indivs=5676818, elapsed_secs=5384, mean=0.489993, stdev=0.158536, best fit=0.686300, best_overall=0.686300, mean_diversity=0.303883,
indivs=5686927, elapsed_secs=5399, mean=0.529210, stdev=0.105735, best fit=0.686300, best_overall=0.686300, mean_diversity=0.319408,
indivs=5696954, elapsed_secs=5410, mean=0.508378, stdev=0.095836, best fit=0.686300, best_overall=0.686300, mean_diversity=0.295286,
indivs=5706994, elapsed_secs=5423, mean=0.558761, stdev=0.165374, best fit=0.686300, best_overall=0.686300, mean_diversity=0.307170,
indivs=5717052, elapsed_secs=5434, mean=0.507203, stdev=0.096772, best fit=0.686300, best_overall=0.686300, mean_diversity=0.375981,
indivs=5727159, elapsed_secs=5447, mean=0.522473, stdev=0.098738, best fit=0.686300, best_overall=0.686300, mean_diversity=0.315946,
indivs=5737212, elapsed_secs=5458, mean=0.520850, stdev=0.155584, best fit=0.686300, best_overall=0.686300, mean_diversity=0.151098,
indivs=5747283, elapsed_secs=5471, mean=0.531871, stdev=0.220487, best fit=0.686300, best_overall=0.686300, mean_diversity=0.121658,
indivs=5757348, elapsed_secs=5483, mean=0.560489, stdev=0.161566, best fit=0.686300, best_overall=0.686300, mean_diversity=0.277981,
indivs=5767484, elapsed_secs=5496, mean=0.550877, stdev=0.170581, best fit=0.686300, best_overall=0.686300, mean_diversity=0.185847,
indivs=5777530, elapsed_secs=5509, mean=0.540854, stdev=0.188642, best fit=0.686300, best_overall=0.686300, mean_diversity=0.110738,
indivs=5787650, elapsed_secs=5522, mean=0.503902, stdev=0.247354, best fit=0.686300, best_overall=0.686300, mean_diversity=0.089927,
indivs=5797739, elapsed_secs=5533, mean=0.481181, stdev=0.150775, best fit=0.686300, best_overall=0.686300, mean_diversity=0.176653,
indivs=5807867, elapsed_secs=5546, mean=0.521354, stdev=0.141265, best fit=0.686300, best_overall=0.686300, mean_diversity=0.257660,
indivs=5817884, elapsed_secs=5558, mean=0.506719, stdev=0.059244, best fit=0.686300, best_overall=0.686300, mean_diversity=0.249501,
indivs=5827972, elapsed_secs=5570, mean=0.549709, stdev=0.131698, best fit=0.686300, best_overall=0.686300, mean_diversity=0.227163,
indivs=5837993, elapsed_secs=5582, mean=0.473680, stdev=0.115713, best fit=0.686300, best_overall=0.686300, mean_diversity=0.085343,
indivs=5848086, elapsed_secs=5595, mean=0.522738, stdev=0.093359, best fit=0.686300, best_overall=0.686300, mean_diversity=0.273072,
indivs=5858170, elapsed_secs=5608, mean=0.519291, stdev=0.138461, best fit=0.686300, best_overall=0.686300, mean_diversity=0.238979,
indivs=5868272, elapsed_secs=5621, mean=0.515148, stdev=0.095462, best fit=0.686300, best_overall=0.686300, mean_diversity=0.251506,
indivs=5878374, elapsed_secs=5634, mean=0.537329, stdev=0.138374, best fit=0.686300, best_overall=0.686300, mean_diversity=0.201746,
indivs=5888408, elapsed_secs=5646, mean=0.484858, stdev=0.141515, best fit=0.686300, best_overall=0.686300, mean_diversity=0.243909,
indivs=5898537, elapsed_secs=5658, mean=0.565597, stdev=0.151517, best fit=0.686300, best_overall=0.686300, mean_diversity=0.395498,
indivs=5908624, elapsed_secs=5669, mean=0.515732, stdev=0.076457, best fit=0.686300, best_overall=0.686300, mean_diversity=0.319016,
indivs=5918667, elapsed_secs=5683, mean=0.528928, stdev=0.162784, best fit=0.686300, best_overall=0.686300, mean_diversity=0.284303,
indivs=5928828, elapsed_secs=5695, mean=0.485624, stdev=0.230041, best fit=0.686300, best_overall=0.686300, mean_diversity=0.078571,
indivs=5938953, elapsed_secs=5706, mean=0.522387, stdev=0.206425, best fit=0.686300, best_overall=0.686300, mean_diversity=0.123099,
indivs=5948984, elapsed_secs=5720, mean=0.571195, stdev=0.148717, best fit=0.686300, best_overall=0.686300, mean_diversity=0.120820,
indivs=5959128, elapsed_secs=5732, mean=0.582495, stdev=0.165917, best fit=0.686300, best_overall=0.686300, mean_diversity=0.370357,
indivs=5969223, elapsed_secs=5743, mean=0.501863, stdev=0.128555, best fit=0.686300, best_overall=0.686300, mean_diversity=0.186900,
indivs=5979241, elapsed_secs=5758, mean=0.532191, stdev=0.189375, best fit=0.686300, best_overall=0.686300, mean_diversity=0.194356,
indivs=5989316, elapsed_secs=5768, mean=0.565519, stdev=0.059815, best fit=0.686300, best_overall=0.686300, mean_diversity=0.139841,
indivs=5999422, elapsed_secs=5780, mean=0.498462, stdev=0.089742, best fit=0.686300, best_overall=0.686300, mean_diversity=0.187372,
indivs=6009425, elapsed_secs=5791, mean=0.506562, stdev=0.105818, best fit=0.686300, best_overall=0.686300, mean_diversity=0.162346,
indivs=6019580, elapsed_secs=5805, mean=0.593213, stdev=0.117750, best fit=0.686300, best_overall=0.686300, mean_diversity=0.193680,
indivs=6029602, elapsed_secs=5818, mean=0.472053, stdev=0.123530, best fit=0.686300, best_overall=0.686300, mean_diversity=0.232303,
indivs=6039709, elapsed_secs=5828, mean=0.536946, stdev=0.108802, best fit=0.686300, best_overall=0.686300, mean_diversity=0.302140,
indivs=6049767, elapsed_secs=5843, mean=0.577652, stdev=0.191460, best fit=0.686300, best_overall=0.686300, mean_diversity=0.140466,
indivs=6059786, elapsed_secs=5854, mean=0.459134, stdev=0.194480, best fit=0.686300, best_overall=0.686300, mean_diversity=0.187598,
indivs=6069860, elapsed_secs=5867, mean=0.505459, stdev=0.198246, best fit=0.686300, best_overall=0.686300, mean_diversity=0.235622,
indivs=6079949, elapsed_secs=5878, mean=0.490573, stdev=0.083012, best fit=0.686300, best_overall=0.686300, mean_diversity=0.103886,
indivs=6089958, elapsed_secs=5890, mean=0.436965, stdev=0.188166, best fit=0.686300, best_overall=0.686300, mean_diversity=0.287757,
indivs=6100011, elapsed_secs=5902, mean=0.497363, stdev=0.048633, best fit=0.686300, best_overall=0.686300, mean_diversity=0.096305,
indivs=6110107, elapsed_secs=5914, mean=0.498361, stdev=0.022790, best fit=0.686300, best_overall=0.686300, mean_diversity=0.063740,
indivs=6120116, elapsed_secs=5928, mean=0.508532, stdev=0.147716, best fit=0.686300, best_overall=0.686300, mean_diversity=0.244968,
indivs=6130221, elapsed_secs=5941, mean=0.576211, stdev=0.121225, best fit=0.686300, best_overall=0.686300, mean_diversity=0.219677,
indivs=6140341, elapsed_secs=5954, mean=0.542509, stdev=0.156880, best fit=0.686300, best_overall=0.686300, mean_diversity=0.296530,
indivs=6150399, elapsed_secs=5965, mean=0.486863, stdev=0.049239, best fit=0.686300, best_overall=0.686300, mean_diversity=0.061067,
indivs=6160401, elapsed_secs=5977, mean=0.534914, stdev=0.187702, best fit=0.686300, best_overall=0.686300, mean_diversity=0.181991,
indivs=6170498, elapsed_secs=5988, mean=0.496036, stdev=0.182600, best fit=0.686300, best_overall=0.686300, mean_diversity=0.276996,
indivs=6180642, elapsed_secs=6000, mean=0.551163, stdev=0.168898, best fit=0.686300, best_overall=0.686300, mean_diversity=0.134623,
indivs=6190668, elapsed_secs=6013, mean=0.471361, stdev=0.177798, best fit=0.686300, best_overall=0.686300, mean_diversity=0.271458,
indivs=6200725, elapsed_secs=6026, mean=0.520955, stdev=0.107321, best fit=0.686300, best_overall=0.686300, mean_diversity=0.279654,
indivs=6210776, elapsed_secs=6038, mean=0.523602, stdev=0.117396, best fit=0.686300, best_overall=0.686300, mean_diversity=0.248401,
indivs=6220816, elapsed_secs=6050, mean=0.490444, stdev=0.079751, best fit=0.686300, best_overall=0.686300, mean_diversity=0.121115,
indivs=6230938, elapsed_secs=6061, mean=0.570251, stdev=0.178647, best fit=0.686300, best_overall=0.686300, mean_diversity=0.088514,
indivs=6240957, elapsed_secs=6073, mean=0.519830, stdev=0.231634, best fit=0.686300, best_overall=0.686300, mean_diversity=0.055644,
indivs=6251030, elapsed_secs=6085, mean=0.551132, stdev=0.152336, best fit=0.686300, best_overall=0.686300, mean_diversity=0.199153,
indivs=6261109, elapsed_secs=6098, mean=0.542638, stdev=0.141717, best fit=0.686300, best_overall=0.686300, mean_diversity=0.286502,
indivs=6271160, elapsed_secs=6109, mean=0.514719, stdev=0.160926, best fit=0.686300, best_overall=0.686300, mean_diversity=0.421491,
indivs=6281250, elapsed_secs=6122, mean=0.509424, stdev=0.169524, best fit=0.686300, best_overall=0.686300, mean_diversity=0.125763,
indivs=6291323, elapsed_secs=6136, mean=0.501637, stdev=0.083286, best fit=0.686300, best_overall=0.686300, mean_diversity=0.127760,
indivs=6301360, elapsed_secs=6149, mean=0.496885, stdev=0.078595, best fit=0.686300, best_overall=0.686300, mean_diversity=0.081436,
indivs=6311436, elapsed_secs=6163, mean=0.498595, stdev=0.134096, best fit=0.686300, best_overall=0.686300, mean_diversity=0.246414,
indivs=6321593, elapsed_secs=6175, mean=0.531144, stdev=0.203501, best fit=0.686300, best_overall=0.686300, mean_diversity=0.295161,
indivs=6331594, elapsed_secs=6188, mean=0.511152, stdev=0.130295, best fit=0.686300, best_overall=0.686300, mean_diversity=0.385508,
indivs=6341601, elapsed_secs=6200, mean=0.496863, stdev=0.053266, best fit=0.686300, best_overall=0.686300, mean_diversity=0.039504,
indivs=6351729, elapsed_secs=6212, mean=0.559728, stdev=0.176171, best fit=0.686300, best_overall=0.686300, mean_diversity=0.235271,
indivs=6361801, elapsed_secs=6224, mean=0.492128, stdev=0.083584, best fit=0.686300, best_overall=0.686300, mean_diversity=0.228913,
indivs=6371898, elapsed_secs=6236, mean=0.547019, stdev=0.109005, best fit=0.686300, best_overall=0.686300, mean_diversity=0.250258,
indivs=6382017, elapsed_secs=6248, mean=0.552907, stdev=0.077870, best fit=0.686300, best_overall=0.686300, mean_diversity=0.326446,
indivs=6392032, elapsed_secs=6261, mean=0.581128, stdev=0.108730, best fit=0.686300, best_overall=0.686300, mean_diversity=0.104854,
indivs=6402124, elapsed_secs=6273, mean=0.506911, stdev=0.067162, best fit=0.686300, best_overall=0.686300, mean_diversity=0.129304,
indivs=6412204, elapsed_secs=6285, mean=0.557848, stdev=0.164798, best fit=0.686300, best_overall=0.686300, mean_diversity=0.098820,
indivs=6422238, elapsed_secs=6298, mean=0.496800, stdev=0.101964, best fit=0.686300, best_overall=0.686300, mean_diversity=0.302103,
indivs=6432343, elapsed_secs=6313, mean=0.538037, stdev=0.122323, best fit=0.686300, best_overall=0.686300, mean_diversity=0.385048,
indivs=6442447, elapsed_secs=6328, mean=0.514402, stdev=0.107939, best fit=0.686300, best_overall=0.686300, mean_diversity=0.181520,
indivs=6452518, elapsed_secs=6341, mean=0.365867, stdev=0.291142, best fit=0.686300, best_overall=0.686300, mean_diversity=0.133176,
indivs=6462616, elapsed_secs=6352, mean=0.500118, stdev=0.120692, best fit=0.686300, best_overall=0.686300, mean_diversity=0.339390,
indivs=6472705, elapsed_secs=6365, mean=0.523997, stdev=0.176052, best fit=0.686300, best_overall=0.686300, mean_diversity=0.372629,
indivs=6482796, elapsed_secs=6375, mean=0.502009, stdev=0.061043, best fit=0.686300, best_overall=0.686300, mean_diversity=0.114465,
indivs=6492888, elapsed_secs=6388, mean=0.560382, stdev=0.102806, best fit=0.686300, best_overall=0.686300, mean_diversity=0.241610,
indivs=6502890, elapsed_secs=6400, mean=0.486461, stdev=0.105467, best fit=0.686300, best_overall=0.686300, mean_diversity=0.284466,
indivs=6512891, elapsed_secs=6413, mean=0.500027, stdev=0.058123, best fit=0.686300, best_overall=0.686300, mean_diversity=0.204089,
indivs=6522922, elapsed_secs=6425, mean=0.550450, stdev=0.142994, best fit=0.686300, best_overall=0.686300, mean_diversity=0.189473,
indivs=6533060, elapsed_secs=6437, mean=0.582755, stdev=0.129798, best fit=0.686300, best_overall=0.686300, mean_diversity=0.103478,
indivs=6543079, elapsed_secs=6450, mean=0.549159, stdev=0.207816, best fit=0.686300, best_overall=0.686300, mean_diversity=0.131443,
indivs=6553190, elapsed_secs=6461, mean=0.541744, stdev=0.176429, best fit=0.686300, best_overall=0.686300, mean_diversity=0.250594,
indivs=6563231, elapsed_secs=6473, mean=0.610760, stdev=0.142021, best fit=0.686300, best_overall=0.686300, mean_diversity=0.149692,
indivs=6573305, elapsed_secs=6483, mean=0.489110, stdev=0.248363, best fit=0.686300, best_overall=0.686300, mean_diversity=0.107193,
indivs=6583393, elapsed_secs=6496, mean=0.529949, stdev=0.064421, best fit=0.686300, best_overall=0.686300, mean_diversity=0.281475,
indivs=6593465, elapsed_secs=6508, mean=0.576861, stdev=0.153422, best fit=0.686300, best_overall=0.686300, mean_diversity=0.135207,
indivs=6603509, elapsed_secs=6520, mean=0.498492, stdev=0.055769, best fit=0.686300, best_overall=0.686300, mean_diversity=0.098958,
indivs=6613511, elapsed_secs=6533, mean=0.525515, stdev=0.084379, best fit=0.686300, best_overall=0.686300, mean_diversity=0.371970,
indivs=6623599, elapsed_secs=6546, mean=0.539654, stdev=0.110111, best fit=0.686300, best_overall=0.686300, mean_diversity=0.311187,
indivs=6633692, elapsed_secs=6559, mean=0.465427, stdev=0.157605, best fit=0.686300, best_overall=0.686300, mean_diversity=0.171197,
indivs=6643776, elapsed_secs=6573, mean=0.562946, stdev=0.183393, best fit=0.686300, best_overall=0.686300, mean_diversity=0.173665,
indivs=6653893, elapsed_secs=6587, mean=0.514087, stdev=0.169035, best fit=0.686300, best_overall=0.686300, mean_diversity=0.207631,
indivs=6663901, elapsed_secs=6599, mean=0.511849, stdev=0.043432, best fit=0.686300, best_overall=0.686300, mean_diversity=0.100908,
indivs=6674044, elapsed_secs=6612, mean=0.542499, stdev=0.204455, best fit=0.686300, best_overall=0.686300, mean_diversity=0.113458,
indivs=6684120, elapsed_secs=6624, mean=0.519144, stdev=0.191636, best fit=0.686300, best_overall=0.686300, mean_diversity=0.183435,
indivs=6694209, elapsed_secs=6638, mean=0.510427, stdev=0.041304, best fit=0.686300, best_overall=0.686300, mean_diversity=0.104813,
indivs=6704242, elapsed_secs=6650, mean=0.584192, stdev=0.131887, best fit=0.686300, best_overall=0.686300, mean_diversity=0.268682,
indivs=6714310, elapsed_secs=6664, mean=0.571967, stdev=0.168923, best fit=0.686300, best_overall=0.686300, mean_diversity=0.059258,
indivs=6724434, elapsed_secs=6678, mean=0.472435, stdev=0.196800, best fit=0.686300, best_overall=0.686300, mean_diversity=0.270242,
indivs=6734449, elapsed_secs=6690, mean=0.514578, stdev=0.132860, best fit=0.686300, best_overall=0.686300, mean_diversity=0.322707,
indivs=6744514, elapsed_secs=6703, mean=0.532147, stdev=0.166830, best fit=0.686300, best_overall=0.686300, mean_diversity=0.151911,
indivs=6754611, elapsed_secs=6715, mean=0.499183, stdev=0.193445, best fit=0.686300, best_overall=0.686300, mean_diversity=0.130196,
indivs=6764649, elapsed_secs=6729, mean=0.482047, stdev=0.100141, best fit=0.686300, best_overall=0.686300, mean_diversity=0.102125,
indivs=6774699, elapsed_secs=6740, mean=0.592541, stdev=0.126143, best fit=0.686300, best_overall=0.686300, mean_diversity=0.065954,
indivs=6784826, elapsed_secs=6752, mean=0.540681, stdev=0.168514, best fit=0.686300, best_overall=0.686300, mean_diversity=0.196990,
indivs=6794868, elapsed_secs=6764, mean=0.476929, stdev=0.110986, best fit=0.686300, best_overall=0.686300, mean_diversity=0.311324,
indivs=6804919, elapsed_secs=6775, mean=0.471378, stdev=0.120660, best fit=0.686300, best_overall=0.686300, mean_diversity=0.119192,
indivs=6815007, elapsed_secs=6787, mean=0.506998, stdev=0.034323, best fit=0.686300, best_overall=0.686300, mean_diversity=0.146699,
indivs=6825062, elapsed_secs=6798, mean=0.550008, stdev=0.142142, best fit=0.686300, best_overall=0.686300, mean_diversity=0.233253,
indivs=6835199, elapsed_secs=6810, mean=0.582134, stdev=0.111284, best fit=0.686300, best_overall=0.686300, mean_diversity=0.173481,
indivs=6845256, elapsed_secs=6823, mean=0.587158, stdev=0.100969, best fit=0.686300, best_overall=0.686300, mean_diversity=0.198596,
indivs=6855322, elapsed_secs=6835, mean=0.537156, stdev=0.145935, best fit=0.686300, best_overall=0.686300, mean_diversity=0.220389,
indivs=6865384, elapsed_secs=6846, mean=0.523521, stdev=0.142518, best fit=0.686300, best_overall=0.686300, mean_diversity=0.310164,
indivs=6875417, elapsed_secs=6860, mean=0.542754, stdev=0.177949, best fit=0.686300, best_overall=0.686300, mean_diversity=0.209472,
indivs=6885475, elapsed_secs=6870, mean=0.496562, stdev=0.124495, best fit=0.686300, best_overall=0.686300, mean_diversity=0.257070,
indivs=6895492, elapsed_secs=6881, mean=0.530171, stdev=0.138712, best fit=0.686300, best_overall=0.686300, mean_diversity=0.317613,
indivs=6905531, elapsed_secs=6892, mean=0.552225, stdev=0.187702, best fit=0.686300, best_overall=0.686300, mean_diversity=0.133388,
indivs=6915586, elapsed_secs=6903, mean=0.588911, stdev=0.121633, best fit=0.686300, best_overall=0.686300, mean_diversity=0.150213,
indivs=6925643, elapsed_secs=6914, mean=0.476616, stdev=0.112728, best fit=0.686300, best_overall=0.686300, mean_diversity=0.098117,
indivs=6935745, elapsed_secs=6925, mean=0.582818, stdev=0.187097, best fit=0.686300, best_overall=0.686300, mean_diversity=0.115642,
indivs=6945779, elapsed_secs=6940, mean=0.541965, stdev=0.170217, best fit=0.686300, best_overall=0.686300, mean_diversity=0.341573,
indivs=6955885, elapsed_secs=6951, mean=0.456327, stdev=0.145898, best fit=0.686300, best_overall=0.686300, mean_diversity=0.235710,
indivs=6965953, elapsed_secs=6963, mean=0.485063, stdev=0.151403, best fit=0.686300, best_overall=0.686300, mean_diversity=0.237057,
indivs=6976001, elapsed_secs=6976, mean=0.515427, stdev=0.143941, best fit=0.686300, best_overall=0.686300, mean_diversity=0.108744,
indivs=6986080, elapsed_secs=6988, mean=0.514071, stdev=0.080395, best fit=0.686300, best_overall=0.686300, mean_diversity=0.399715,
indivs=6996172, elapsed_secs=7001, mean=0.488342, stdev=0.089780, best fit=0.686300, best_overall=0.686300, mean_diversity=0.141505,
indivs=7006187, elapsed_secs=7014, mean=0.546906, stdev=0.161972, best fit=0.686300, best_overall=0.686300, mean_diversity=0.144312,
indivs=7016318, elapsed_secs=7026, mean=0.531027, stdev=0.149470, best fit=0.686300, best_overall=0.686300, mean_diversity=0.204788,
indivs=7026391, elapsed_secs=7041, mean=0.502463, stdev=0.153391, best fit=0.686300, best_overall=0.686300, mean_diversity=0.319690,
indivs=7036395, elapsed_secs=7051, mean=0.545723, stdev=0.106832, best fit=0.686300, best_overall=0.686300, mean_diversity=0.095727,
indivs=7046442, elapsed_secs=7063, mean=0.503773, stdev=0.084619, best fit=0.686300, best_overall=0.686300, mean_diversity=0.148389,
indivs=7056522, elapsed_secs=7076, mean=0.528329, stdev=0.102944, best fit=0.686300, best_overall=0.686300, mean_diversity=0.301604,
indivs=7066616, elapsed_secs=7087, mean=0.545863, stdev=0.137076, best fit=0.686300, best_overall=0.686300, mean_diversity=0.203301,
indivs=7076648, elapsed_secs=7099, mean=0.507701, stdev=0.084585, best fit=0.686300, best_overall=0.686300, mean_diversity=0.232527,
indivs=7086771, elapsed_secs=7113, mean=0.533077, stdev=0.175901, best fit=0.686300, best_overall=0.686300, mean_diversity=0.217400,
indivs=7096813, elapsed_secs=7125, mean=0.493787, stdev=0.104312, best fit=0.686300, best_overall=0.686300, mean_diversity=0.288369,
indivs=7106847, elapsed_secs=7139, mean=0.590027, stdev=0.129948, best fit=0.686300, best_overall=0.686300, mean_diversity=0.182265,
indivs=7116890, elapsed_secs=7150, mean=0.579821, stdev=0.164939, best fit=0.686300, best_overall=0.686300, mean_diversity=0.087893,
indivs=7126929, elapsed_secs=7163, mean=0.551445, stdev=0.178659, best fit=0.686300, best_overall=0.686300, mean_diversity=0.122739,
indivs=7137040, elapsed_secs=7176, mean=0.529577, stdev=0.219224, best fit=0.686300, best_overall=0.686300, mean_diversity=0.093434,
indivs=7147050, elapsed_secs=7187, mean=0.501863, stdev=0.018537, best fit=0.686300, best_overall=0.686300, mean_diversity=0.103732,
indivs=7157058, elapsed_secs=7199, mean=0.488856, stdev=0.089917, best fit=0.686300, best_overall=0.686300, mean_diversity=0.149342,
indivs=7167122, elapsed_secs=7210, mean=0.514259, stdev=0.197662, best fit=0.686300, best_overall=0.686300, mean_diversity=0.268200,
indivs=7177245, elapsed_secs=7224, mean=0.556046, stdev=0.140019, best fit=0.686300, best_overall=0.686300, mean_diversity=0.169936,
indivs=7187296, elapsed_secs=7236, mean=0.480418, stdev=0.134868, best fit=0.686300, best_overall=0.686300, mean_diversity=0.388204,
indivs=7197300, elapsed_secs=7249, mean=0.529898, stdev=0.094061, best fit=0.686300, best_overall=0.686300, mean_diversity=0.113243,
indivs=7207346, elapsed_secs=7263, mean=0.521723, stdev=0.173543, best fit=0.686300, best_overall=0.686300, mean_diversity=0.363722,
indivs=7217416, elapsed_secs=7274, mean=0.570239, stdev=0.144194, best fit=0.686300, best_overall=0.686300, mean_diversity=0.227877,
indivs=7227544, elapsed_secs=7286, mean=0.514650, stdev=0.158027, best fit=0.686300, best_overall=0.686300, mean_diversity=0.188672,
indivs=7237627, elapsed_secs=7298, mean=0.493277, stdev=0.072542, best fit=0.686300, best_overall=0.686300, mean_diversity=0.110283,
indivs=7247645, elapsed_secs=7311, mean=0.498596, stdev=0.078312, best fit=0.686300, best_overall=0.686300, mean_diversity=0.248006,
indivs=7257670, elapsed_secs=7323, mean=0.478456, stdev=0.151298, best fit=0.686300, best_overall=0.686300, mean_diversity=0.254805,
indivs=7267767, elapsed_secs=7336, mean=0.539840, stdev=0.136711, best fit=0.686300, best_overall=0.686300, mean_diversity=0.237374,
indivs=7277811, elapsed_secs=7349, mean=0.520985, stdev=0.172737, best fit=0.686300, best_overall=0.686300, mean_diversity=0.163699,
indivs=7287894, elapsed_secs=7360, mean=0.493365, stdev=0.085148, best fit=0.686300, best_overall=0.686300, mean_diversity=0.156682,
indivs=7297947, elapsed_secs=7373, mean=0.503949, stdev=0.156387, best fit=0.686300, best_overall=0.686300, mean_diversity=0.328190,
indivs=7307971, elapsed_secs=7386, mean=0.474432, stdev=0.100295, best fit=0.686300, best_overall=0.686300, mean_diversity=0.120257,
indivs=7318048, elapsed_secs=7397, mean=0.563275, stdev=0.170739, best fit=0.686300, best_overall=0.686300, mean_diversity=0.183987,
indivs=7328173, elapsed_secs=7410, mean=0.549502, stdev=0.143232, best fit=0.686300, best_overall=0.686300, mean_diversity=0.192254,
indivs=7338203, elapsed_secs=7423, mean=0.566492, stdev=0.115896, best fit=0.686300, best_overall=0.686300, mean_diversity=0.248491,
indivs=7348292, elapsed_secs=7436, mean=0.508730, stdev=0.037804, best fit=0.686300, best_overall=0.686300, mean_diversity=0.094118,
indivs=7358318, elapsed_secs=7447, mean=0.510025, stdev=0.116098, best fit=0.686300, best_overall=0.686300, mean_diversity=0.329477,
indivs=7368347, elapsed_secs=7459, mean=0.588999, stdev=0.118470, best fit=0.686300, best_overall=0.686300, mean_diversity=0.194589,
indivs=7378452, elapsed_secs=7473, mean=0.561196, stdev=0.135872, best fit=0.686300, best_overall=0.686300, mean_diversity=0.250900,
indivs=7388465, elapsed_secs=7486, mean=0.540907, stdev=0.073034, best fit=0.686300, best_overall=0.686300, mean_diversity=0.328355,
indivs=7398527, elapsed_secs=7500, mean=0.552820, stdev=0.209009, best fit=0.686300, best_overall=0.686300, mean_diversity=0.087403,
indivs=7408608, elapsed_secs=7513, mean=0.567930, stdev=0.193260, best fit=0.686300, best_overall=0.686300, mean_diversity=0.079351,
indivs=7418696, elapsed_secs=7526, mean=0.571902, stdev=0.082125, best fit=0.686300, best_overall=0.686300, mean_diversity=0.201455,
indivs=7428825, elapsed_secs=7539, mean=0.580738, stdev=0.108562, best fit=0.686300, best_overall=0.686300, mean_diversity=0.154585,
indivs=7438887, elapsed_secs=7552, mean=0.529460, stdev=0.136010, best fit=0.686300, best_overall=0.686300, mean_diversity=0.172639,
indivs=7448986, elapsed_secs=7563, mean=0.496851, stdev=0.053265, best fit=0.686300, best_overall=0.686300, mean_diversity=0.076437,
indivs=7459070, elapsed_secs=7576, mean=0.562713, stdev=0.152523, best fit=0.686300, best_overall=0.686300, mean_diversity=0.212036,
indivs=7469162, elapsed_secs=7589, mean=0.527259, stdev=0.104299, best fit=0.686300, best_overall=0.686300, mean_diversity=0.467356,
indivs=7479185, elapsed_secs=7602, mean=0.555264, stdev=0.115383, best fit=0.686300, best_overall=0.686300, mean_diversity=0.229361,
indivs=7489233, elapsed_secs=7614, mean=0.517084, stdev=0.162095, best fit=0.686300, best_overall=0.686300, mean_diversity=0.439815,
indivs=7499257, elapsed_secs=7624, mean=0.502486, stdev=0.084356, best fit=0.686300, best_overall=0.686300, mean_diversity=0.110280,
indivs=7509269, elapsed_secs=7638, mean=0.486566, stdev=0.142185, best fit=0.686300, best_overall=0.686300, mean_diversity=0.280108,
indivs=7519363, elapsed_secs=7652, mean=0.516150, stdev=0.207399, best fit=0.686300, best_overall=0.686300, mean_diversity=0.162485,
indivs=7529434, elapsed_secs=7664, mean=0.480215, stdev=0.115217, best fit=0.686300, best_overall=0.686300, mean_diversity=0.367550,
indivs=7539525, elapsed_secs=7675, mean=0.574295, stdev=0.120701, best fit=0.686300, best_overall=0.686300, mean_diversity=0.160172,
indivs=7549600, elapsed_secs=7685, mean=0.533514, stdev=0.084447, best fit=0.686300, best_overall=0.686300, mean_diversity=0.353621,
indivs=7559697, elapsed_secs=7697, mean=0.526605, stdev=0.141318, best fit=0.686300, best_overall=0.686300, mean_diversity=0.195123,
indivs=7569803, elapsed_secs=7708, mean=0.504273, stdev=0.202579, best fit=0.686300, best_overall=0.686300, mean_diversity=0.167732,
indivs=7579933, elapsed_secs=7720, mean=0.593236, stdev=0.179624, best fit=0.686300, best_overall=0.686300, mean_diversity=0.114918,
indivs=7589944, elapsed_secs=7733, mean=0.562847, stdev=0.126427, best fit=0.686300, best_overall=0.686300, mean_diversity=0.253462,
indivs=7600099, elapsed_secs=7745, mean=0.527212, stdev=0.207014, best fit=0.686300, best_overall=0.686300, mean_diversity=0.101793,
indivs=7610192, elapsed_secs=7758, mean=0.495192, stdev=0.112555, best fit=0.686300, best_overall=0.686300, mean_diversity=0.280592,
indivs=7620304, elapsed_secs=7772, mean=0.573350, stdev=0.178232, best fit=0.686300, best_overall=0.686300, mean_diversity=0.129045,
indivs=7630362, elapsed_secs=7786, mean=0.523569, stdev=0.175922, best fit=0.686300, best_overall=0.686300, mean_diversity=0.093591,
indivs=7640437, elapsed_secs=7799, mean=0.528790, stdev=0.113978, best fit=0.686300, best_overall=0.686300, mean_diversity=0.290000,
indivs=7650505, elapsed_secs=7812, mean=0.507723, stdev=0.065732, best fit=0.686300, best_overall=0.686300, mean_diversity=0.128573,
indivs=7660506, elapsed_secs=7825, mean=0.580447, stdev=0.165899, best fit=0.686300, best_overall=0.686300, mean_diversity=0.136742,
indivs=7670585, elapsed_secs=7837, mean=0.507772, stdev=0.127660, best fit=0.686300, best_overall=0.686300, mean_diversity=0.375020,
indivs=7680621, elapsed_secs=7849, mean=0.511455, stdev=0.174519, best fit=0.686300, best_overall=0.686300, mean_diversity=0.135982,
indivs=7690630, elapsed_secs=7863, mean=0.484054, stdev=0.103611, best fit=0.686300, best_overall=0.686300, mean_diversity=0.194064,
indivs=7700679, elapsed_secs=7876, mean=0.534557, stdev=0.105291, best fit=0.686300, best_overall=0.686300, mean_diversity=0.394675,
indivs=7710799, elapsed_secs=7888, mean=0.522924, stdev=0.106446, best fit=0.686300, best_overall=0.686300, mean_diversity=0.359756,
indivs=7720810, elapsed_secs=7901, mean=0.495577, stdev=0.147327, best fit=0.686300, best_overall=0.686300, mean_diversity=0.262852,
indivs=7730913, elapsed_secs=7913, mean=0.565695, stdev=0.194445, best fit=0.686300, best_overall=0.686300, mean_diversity=0.041415,
indivs=7740926, elapsed_secs=7927, mean=0.502447, stdev=0.021117, best fit=0.686300, best_overall=0.686300, mean_diversity=0.186931,
indivs=7750995, elapsed_secs=7940, mean=0.566423, stdev=0.176402, best fit=0.686300, best_overall=0.686300, mean_diversity=0.199623,
indivs=7761004, elapsed_secs=7952, mean=0.489010, stdev=0.111194, best fit=0.686300, best_overall=0.686300, mean_diversity=0.177120,
indivs=7771143, elapsed_secs=7964, mean=0.537409, stdev=0.162882, best fit=0.686300, best_overall=0.686300, mean_diversity=0.207278,
indivs=7781179, elapsed_secs=7976, mean=0.547781, stdev=0.145427, best fit=0.686300, best_overall=0.686300, mean_diversity=0.253199,
indivs=7791216, elapsed_secs=7986, mean=0.503613, stdev=0.025304, best fit=0.686300, best_overall=0.686300, mean_diversity=0.054786,
indivs=7801255, elapsed_secs=7999, mean=0.503840, stdev=0.040505, best fit=0.686300, best_overall=0.686300, mean_diversity=0.132365,
indivs=7811386, elapsed_secs=8011, mean=0.558954, stdev=0.192273, best fit=0.686300, best_overall=0.686300, mean_diversity=0.153702,
indivs=7821395, elapsed_secs=8022, mean=0.496645, stdev=0.107533, best fit=0.686300, best_overall=0.686300, mean_diversity=0.280868,
indivs=7831519, elapsed_secs=8035, mean=0.493776, stdev=0.242571, best fit=0.686300, best_overall=0.686300, mean_diversity=0.221149,
indivs=7841592, elapsed_secs=8045, mean=0.521897, stdev=0.080014, best fit=0.686300, best_overall=0.686300, mean_diversity=0.233391,
indivs=7851677, elapsed_secs=8058, mean=0.541768, stdev=0.167151, best fit=0.686300, best_overall=0.686300, mean_diversity=0.189784,
indivs=7861772, elapsed_secs=8069, mean=0.419198, stdev=0.177890, best fit=0.686300, best_overall=0.686300, mean_diversity=0.223342,
indivs=7871910, elapsed_secs=8080, mean=0.571466, stdev=0.146337, best fit=0.686300, best_overall=0.686300, mean_diversity=0.065474,
indivs=7881926, elapsed_secs=8094, mean=0.573614, stdev=0.108509, best fit=0.686300, best_overall=0.686300, mean_diversity=0.184873,
indivs=7891977, elapsed_secs=8107, mean=0.536450, stdev=0.173947, best fit=0.686300, best_overall=0.686300, mean_diversity=0.229601,
indivs=7902111, elapsed_secs=8119, mean=0.488273, stdev=0.189586, best fit=0.686300, best_overall=0.686300, mean_diversity=0.281491,
indivs=7912194, elapsed_secs=8132, mean=0.500855, stdev=0.027159, best fit=0.686300, best_overall=0.686300, mean_diversity=0.095126,
indivs=7922204, elapsed_secs=8143, mean=0.521563, stdev=0.168373, best fit=0.686300, best_overall=0.686300, mean_diversity=0.144369,
indivs=7932256, elapsed_secs=8157, mean=0.571578, stdev=0.183523, best fit=0.686300, best_overall=0.686300, mean_diversity=0.100000,
indivs=7942387, elapsed_secs=8169, mean=0.503660, stdev=0.175389, best fit=0.686300, best_overall=0.686300, mean_diversity=0.215275,
indivs=7952459, elapsed_secs=8183, mean=0.484284, stdev=0.141013, best fit=0.686300, best_overall=0.686300, mean_diversity=0.259060,
indivs=7962509, elapsed_secs=8195, mean=0.478875, stdev=0.112037, best fit=0.686300, best_overall=0.686300, mean_diversity=0.253511,
indivs=7972549, elapsed_secs=8207, mean=0.508979, stdev=0.149730, best fit=0.686300, best_overall=0.686300, mean_diversity=0.322734,
indivs=7982591, elapsed_secs=8221, mean=0.495101, stdev=0.112741, best fit=0.686300, best_overall=0.686300, mean_diversity=0.216039,
indivs=7992610, elapsed_secs=8235, mean=0.542518, stdev=0.177779, best fit=0.688100, best_overall=0.688100, mean_diversity=0.111467,
indivs=8002703, elapsed_secs=8250, mean=0.528357, stdev=0.185009, best fit=0.688100, best_overall=0.688100, mean_diversity=0.073145,
indivs=8012780, elapsed_secs=8263, mean=0.507234, stdev=0.063636, best fit=0.688100, best_overall=0.688100, mean_diversity=0.290809,
indivs=8022865, elapsed_secs=8275, mean=0.507913, stdev=0.033360, best fit=0.688100, best_overall=0.688100, mean_diversity=0.132015,
indivs=8032882, elapsed_secs=8286, mean=0.555426, stdev=0.189674, best fit=0.688100, best_overall=0.688100, mean_diversity=0.142387,
indivs=8042909, elapsed_secs=8299, mean=0.466855, stdev=0.155186, best fit=0.688100, best_overall=0.688100, mean_diversity=0.409453,
indivs=8052910, elapsed_secs=8310, mean=0.490125, stdev=0.141368, best fit=0.688100, best_overall=0.688100, mean_diversity=0.141841,
indivs=8063015, elapsed_secs=8324, mean=0.526835, stdev=0.248766, best fit=0.688100, best_overall=0.688100, mean_diversity=0.089524,
indivs=8073030, elapsed_secs=8336, mean=0.550654, stdev=0.192064, best fit=0.688100, best_overall=0.688100, mean_diversity=0.235393,
indivs=8083127, elapsed_secs=8345, mean=0.486724, stdev=0.118651, best fit=0.688100, best_overall=0.688100, mean_diversity=0.216527,
indivs=8093133, elapsed_secs=8359, mean=0.508553, stdev=0.081469, best fit=0.688100, best_overall=0.688100, mean_diversity=0.194366,
indivs=8103223, elapsed_secs=8370, mean=0.571072, stdev=0.178126, best fit=0.688100, best_overall=0.688100, mean_diversity=0.121356,
indivs=8113228, elapsed_secs=8381, mean=0.563925, stdev=0.093066, best fit=0.688100, best_overall=0.688100, mean_diversity=0.192551,
indivs=8123298, elapsed_secs=8392, mean=0.499288, stdev=0.232574, best fit=0.688100, best_overall=0.688100, mean_diversity=0.232705,
indivs=8133322, elapsed_secs=8405, mean=0.568995, stdev=0.139274, best fit=0.688100, best_overall=0.688100, mean_diversity=0.159912,
indivs=8143392, elapsed_secs=8419, mean=0.554108, stdev=0.097932, best fit=0.688100, best_overall=0.688100, mean_diversity=0.186604,
indivs=8153432, elapsed_secs=8432, mean=0.467855, stdev=0.123276, best fit=0.688100, best_overall=0.688100, mean_diversity=0.072390,
indivs=8163496, elapsed_secs=8443, mean=0.499708, stdev=0.081301, best fit=0.688100, best_overall=0.688100, mean_diversity=0.180433,
indivs=8173538, elapsed_secs=8456, mean=0.492138, stdev=0.110434, best fit=0.688100, best_overall=0.688100, mean_diversity=0.303114,
indivs=8183580, elapsed_secs=8469, mean=0.505177, stdev=0.195455, best fit=0.688100, best_overall=0.688100, mean_diversity=0.305405,
indivs=8193702, elapsed_secs=8483, mean=0.509253, stdev=0.048738, best fit=0.688100, best_overall=0.688100, mean_diversity=0.141804,
indivs=8203822, elapsed_secs=8496, mean=0.471878, stdev=0.192526, best fit=0.688100, best_overall=0.688100, mean_diversity=0.281189,
indivs=8213904, elapsed_secs=8509, mean=0.520821, stdev=0.193832, best fit=0.688100, best_overall=0.688100, mean_diversity=0.192322,
indivs=8223941, elapsed_secs=8521, mean=0.554605, stdev=0.114558, best fit=0.688100, best_overall=0.688100, mean_diversity=0.165198,
indivs=8234026, elapsed_secs=8533, mean=0.503688, stdev=0.131013, best fit=0.688100, best_overall=0.688100, mean_diversity=0.376752,
indivs=8244147, elapsed_secs=8546, mean=0.519905, stdev=0.200870, best fit=0.688100, best_overall=0.688100, mean_diversity=0.216810,
indivs=8254252, elapsed_secs=8557, mean=0.483788, stdev=0.120994, best fit=0.688100, best_overall=0.688100, mean_diversity=0.318198,
indivs=8264286, elapsed_secs=8570, mean=0.556329, stdev=0.162175, best fit=0.688100, best_overall=0.688100, mean_diversity=0.387416,
indivs=8274360, elapsed_secs=8582, mean=0.516280, stdev=0.105167, best fit=0.688100, best_overall=0.688100, mean_diversity=0.364167,
indivs=8284366, elapsed_secs=8595, mean=0.489844, stdev=0.184877, best fit=0.688100, best_overall=0.688100, mean_diversity=0.237762,
indivs=8294419, elapsed_secs=8607, mean=0.521616, stdev=0.217145, best fit=0.688100, best_overall=0.688100, mean_diversity=0.225960,
indivs=8304469, elapsed_secs=8621, mean=0.514643, stdev=0.139527, best fit=0.688100, best_overall=0.688100, mean_diversity=0.389246,
indivs=8314483, elapsed_secs=8632, mean=0.548352, stdev=0.163531, best fit=0.688100, best_overall=0.688100, mean_diversity=0.138863,
indivs=8324528, elapsed_secs=8646, mean=0.551514, stdev=0.122268, best fit=0.688100, best_overall=0.688100, mean_diversity=0.137937,
indivs=8334588, elapsed_secs=8658, mean=0.504044, stdev=0.143498, best fit=0.688100, best_overall=0.688100, mean_diversity=0.291552,
indivs=8344620, elapsed_secs=8669, mean=0.464496, stdev=0.211115, best fit=0.688100, best_overall=0.688100, mean_diversity=0.094721,
indivs=8354626, elapsed_secs=8683, mean=0.557061, stdev=0.192887, best fit=0.688100, best_overall=0.688100, mean_diversity=0.117024,
indivs=8364649, elapsed_secs=8695, mean=0.555061, stdev=0.226438, best fit=0.688100, best_overall=0.688100, mean_diversity=0.051533,
indivs=8374704, elapsed_secs=8707, mean=0.509642, stdev=0.087906, best fit=0.688100, best_overall=0.688100, mean_diversity=0.232370,
indivs=8384756, elapsed_secs=8720, mean=0.550568, stdev=0.147397, best fit=0.688100, best_overall=0.688100, mean_diversity=0.116102,
indivs=8394799, elapsed_secs=8733, mean=0.485310, stdev=0.208114, best fit=0.688100, best_overall=0.688100, mean_diversity=0.111956,
indivs=8404811, elapsed_secs=8744, mean=0.579655, stdev=0.146362, best fit=0.688100, best_overall=0.688100, mean_diversity=0.143953,
indivs=8414894, elapsed_secs=8756, mean=0.582816, stdev=0.106194, best fit=0.688100, best_overall=0.688100, mean_diversity=0.141360,
indivs=8424945, elapsed_secs=8770, mean=0.514842, stdev=0.087693, best fit=0.688100, best_overall=0.688100, mean_diversity=0.156892,
indivs=8434997, elapsed_secs=8780, mean=0.576424, stdev=0.155763, best fit=0.688100, best_overall=0.688100, mean_diversity=0.102915,
indivs=8445089, elapsed_secs=8791, mean=0.471351, stdev=0.208367, best fit=0.688100, best_overall=0.688100, mean_diversity=0.234784,
indivs=8455094, elapsed_secs=8805, mean=0.545757, stdev=0.154189, best fit=0.688100, best_overall=0.688100, mean_diversity=0.177845,
indivs=8465142, elapsed_secs=8817, mean=0.476630, stdev=0.276583, best fit=0.688100, best_overall=0.688100, mean_diversity=0.038012,
indivs=8475220, elapsed_secs=8830, mean=0.601231, stdev=0.151631, best fit=0.688100, best_overall=0.688100, mean_diversity=0.105870,
indivs=8485320, elapsed_secs=8844, mean=0.520690, stdev=0.214104, best fit=0.688100, best_overall=0.688100, mean_diversity=0.092161,
indivs=8495404, elapsed_secs=8857, mean=0.568963, stdev=0.144832, best fit=0.688100, best_overall=0.688100, mean_diversity=0.178005,
indivs=8505456, elapsed_secs=8869, mean=0.514145, stdev=0.082001, best fit=0.688100, best_overall=0.688100, mean_diversity=0.246221,
indivs=8515462, elapsed_secs=8881, mean=0.544793, stdev=0.207704, best fit=0.688100, best_overall=0.688100, mean_diversity=0.111668,
indivs=8525538, elapsed_secs=8894, mean=0.565764, stdev=0.158520, best fit=0.688100, best_overall=0.688100, mean_diversity=0.119687,
indivs=8535672, elapsed_secs=8906, mean=0.524501, stdev=0.176145, best fit=0.688100, best_overall=0.688100, mean_diversity=0.146933,
indivs=8545838, elapsed_secs=8920, mean=0.492708, stdev=0.263540, best fit=0.688100, best_overall=0.688100, mean_diversity=0.027822,
indivs=8555907, elapsed_secs=8931, mean=0.502468, stdev=0.024323, best fit=0.688100, best_overall=0.688100, mean_diversity=0.077589,
indivs=8565928, elapsed_secs=8944, mean=0.502533, stdev=0.100420, best fit=0.688100, best_overall=0.688100, mean_diversity=0.292880,
indivs=8576056, elapsed_secs=8956, mean=0.509163, stdev=0.145763, best fit=0.688100, best_overall=0.688100, mean_diversity=0.175097,
indivs=8586118, elapsed_secs=8970, mean=0.513983, stdev=0.193880, best fit=0.688100, best_overall=0.688100, mean_diversity=0.239188,
indivs=8596151, elapsed_secs=8983, mean=0.501880, stdev=0.018716, best fit=0.688100, best_overall=0.688100, mean_diversity=0.052473,
indivs=8606225, elapsed_secs=8995, mean=0.512653, stdev=0.110292, best fit=0.688100, best_overall=0.688100, mean_diversity=0.331579,
indivs=8616244, elapsed_secs=9008, mean=0.482416, stdev=0.114051, best fit=0.688100, best_overall=0.688100, mean_diversity=0.130587,
indivs=8626271, elapsed_secs=9021, mean=0.532034, stdev=0.204301, best fit=0.688100, best_overall=0.688100, mean_diversity=0.202832,
indivs=8636304, elapsed_secs=9033, mean=0.493841, stdev=0.059940, best fit=0.688100, best_overall=0.688100, mean_diversity=0.136855,
indivs=8646373, elapsed_secs=9044, mean=0.474495, stdev=0.228911, best fit=0.688100, best_overall=0.688100, mean_diversity=0.185961,
indivs=8656406, elapsed_secs=9056, mean=0.518406, stdev=0.215110, best fit=0.688100, best_overall=0.688100, mean_diversity=0.164709,
indivs=8666475, elapsed_secs=9067, mean=0.505445, stdev=0.120411, best fit=0.688100, best_overall=0.688100, mean_diversity=0.256829,
indivs=8676540, elapsed_secs=9081, mean=0.579975, stdev=0.186190, best fit=0.688100, best_overall=0.688100, mean_diversity=0.101768,
indivs=8686647, elapsed_secs=9094, mean=0.543701, stdev=0.161967, best fit=0.688100, best_overall=0.688100, mean_diversity=0.360870,
indivs=8696718, elapsed_secs=9106, mean=0.590844, stdev=0.174176, best fit=0.688100, best_overall=0.688100, mean_diversity=0.035038,
indivs=8706797, elapsed_secs=9119, mean=0.503029, stdev=0.021827, best fit=0.688100, best_overall=0.688100, mean_diversity=0.070755,
indivs=8716802, elapsed_secs=9131, mean=0.515463, stdev=0.206197, best fit=0.688100, best_overall=0.688100, mean_diversity=0.143525,
indivs=8726852, elapsed_secs=9143, mean=0.549211, stdev=0.085118, best fit=0.688100, best_overall=0.688100, mean_diversity=0.295700,
indivs=8736855, elapsed_secs=9155, mean=0.530213, stdev=0.142728, best fit=0.688100, best_overall=0.688100, mean_diversity=0.112123,
indivs=8746973, elapsed_secs=9168, mean=0.532749, stdev=0.148605, best fit=0.688100, best_overall=0.688100, mean_diversity=0.302451,
indivs=8757047, elapsed_secs=9180, mean=0.563363, stdev=0.154405, best fit=0.688100, best_overall=0.688100, mean_diversity=0.144132,
indivs=8767187, elapsed_secs=9193, mean=0.575276, stdev=0.149443, best fit=0.688100, best_overall=0.688100, mean_diversity=0.147211,
indivs=8777202, elapsed_secs=9205, mean=0.399007, stdev=0.296857, best fit=0.688100, best_overall=0.688100, mean_diversity=0.100477,
indivs=8787341, elapsed_secs=9220, mean=0.556477, stdev=0.200697, best fit=0.688100, best_overall=0.688100, mean_diversity=0.075284,
indivs=8797411, elapsed_secs=9233, mean=0.509006, stdev=0.120613, best fit=0.688100, best_overall=0.688100, mean_diversity=0.433445,
indivs=8807453, elapsed_secs=9244, mean=0.564337, stdev=0.074224, best fit=0.688100, best_overall=0.688100, mean_diversity=0.319890,
indivs=8817493, elapsed_secs=9258, mean=0.520903, stdev=0.145767, best fit=0.688100, best_overall=0.688100, mean_diversity=0.275527,
indivs=8827546, elapsed_secs=9270, mean=0.464399, stdev=0.196079, best fit=0.688100, best_overall=0.688100, mean_diversity=0.245128,
indivs=8837600, elapsed_secs=9284, mean=0.557045, stdev=0.101261, best fit=0.688100, best_overall=0.688100, mean_diversity=0.181284,
indivs=8847604, elapsed_secs=9295, mean=0.531343, stdev=0.134703, best fit=0.688100, best_overall=0.688100, mean_diversity=0.226086,
indivs=8857635, elapsed_secs=9308, mean=0.489002, stdev=0.161286, best fit=0.688100, best_overall=0.688100, mean_diversity=0.236323,
indivs=8867702, elapsed_secs=9320, mean=0.541310, stdev=0.161467, best fit=0.688100, best_overall=0.688100, mean_diversity=0.289965,
indivs=8877802, elapsed_secs=9333, mean=0.510523, stdev=0.038839, best fit=0.688100, best_overall=0.688100, mean_diversity=0.092116,
indivs=8887878, elapsed_secs=9344, mean=0.501805, stdev=0.018739, best fit=0.688100, best_overall=0.688100, mean_diversity=0.052100,
indivs=8897909, elapsed_secs=9357, mean=0.467450, stdev=0.125542, best fit=0.688100, best_overall=0.688100, mean_diversity=0.089413,
indivs=8907937, elapsed_secs=9370, mean=0.480397, stdev=0.139387, best fit=0.688100, best_overall=0.688100, mean_diversity=0.202312,
indivs=8918017, elapsed_secs=9383, mean=0.487084, stdev=0.226139, best fit=0.688100, best_overall=0.688100, mean_diversity=0.362843,
indivs=8928061, elapsed_secs=9397, mean=0.503510, stdev=0.024635, best fit=0.688100, best_overall=0.688100, mean_diversity=0.089735,
indivs=8938061, elapsed_secs=9410, mean=0.504348, stdev=0.024484, best fit=0.688100, best_overall=0.688100, mean_diversity=0.072971,
indivs=8948121, elapsed_secs=9424, mean=0.485890, stdev=0.077828, best fit=0.688100, best_overall=0.688100, mean_diversity=0.132857,
indivs=8958157, elapsed_secs=9438, mean=0.502352, stdev=0.218620, best fit=0.688100, best_overall=0.688100, mean_diversity=0.230219,
indivs=8968165, elapsed_secs=9451, mean=0.568508, stdev=0.163691, best fit=0.688100, best_overall=0.688100, mean_diversity=0.093750,
indivs=8978177, elapsed_secs=9464, mean=0.501541, stdev=0.109411, best fit=0.688100, best_overall=0.688100, mean_diversity=0.284034,
indivs=8988223, elapsed_secs=9477, mean=0.504652, stdev=0.158726, best fit=0.688100, best_overall=0.688100, mean_diversity=0.138720,
indivs=8998260, elapsed_secs=9488, mean=0.557082, stdev=0.204924, best fit=0.688100, best_overall=0.688100, mean_diversity=0.125161,
indivs=9008329, elapsed_secs=9503, mean=0.549128, stdev=0.209085, best fit=0.688100, best_overall=0.688100, mean_diversity=0.074035,
indivs=9018375, elapsed_secs=9515, mean=0.545661, stdev=0.134071, best fit=0.688100, best_overall=0.688100, mean_diversity=0.044643,
indivs=9028507, elapsed_secs=9528, mean=0.548584, stdev=0.151586, best fit=0.688100, best_overall=0.688100, mean_diversity=0.196686,
indivs=9038536, elapsed_secs=9539, mean=0.498531, stdev=0.081439, best fit=0.688100, best_overall=0.688100, mean_diversity=0.197069,
indivs=9048538, elapsed_secs=9551, mean=0.434165, stdev=0.227083, best fit=0.688100, best_overall=0.688100, mean_diversity=0.284958,
indivs=9058576, elapsed_secs=9564, mean=0.482582, stdev=0.129141, best fit=0.688100, best_overall=0.688100, mean_diversity=0.235000,
indivs=9068618, elapsed_secs=9576, mean=0.514271, stdev=0.104541, best fit=0.688100, best_overall=0.688100, mean_diversity=0.328915,
indivs=9078675, elapsed_secs=9590, mean=0.590523, stdev=0.116819, best fit=0.688100, best_overall=0.688100, mean_diversity=0.129944,
indivs=9088741, elapsed_secs=9602, mean=0.530148, stdev=0.178132, best fit=0.688100, best_overall=0.688100, mean_diversity=0.235714,
indivs=9098744, elapsed_secs=9614, mean=0.586467, stdev=0.105039, best fit=0.688100, best_overall=0.688100, mean_diversity=0.253927,
indivs=9108751, elapsed_secs=9628, mean=0.497046, stdev=0.079219, best fit=0.688100, best_overall=0.688100, mean_diversity=0.211078,
indivs=9118792, elapsed_secs=9639, mean=0.498359, stdev=0.136929, best fit=0.688100, best_overall=0.688100, mean_diversity=0.386066,
indivs=9128795, elapsed_secs=9654, mean=0.518104, stdev=0.238030, best fit=0.688100, best_overall=0.688100, mean_diversity=0.140311,
indivs=9138941, elapsed_secs=9666, mean=0.488435, stdev=0.243301, best fit=0.688100, best_overall=0.688100, mean_diversity=0.105429,
indivs=9148968, elapsed_secs=9676, mean=0.555869, stdev=0.113503, best fit=0.688100, best_overall=0.688100, mean_diversity=0.215052,
indivs=9159116, elapsed_secs=9689, mean=0.591663, stdev=0.133145, best fit=0.688100, best_overall=0.688100, mean_diversity=0.080473,
indivs=9169248, elapsed_secs=9702, mean=0.556300, stdev=0.173507, best fit=0.688100, best_overall=0.688100, mean_diversity=0.228065,
indivs=9179315, elapsed_secs=9715, mean=0.485688, stdev=0.259081, best fit=0.688100, best_overall=0.688100, mean_diversity=0.063867,
indivs=9189332, elapsed_secs=9726, mean=0.432764, stdev=0.272380, best fit=0.688100, best_overall=0.688100, mean_diversity=0.080105,
indivs=9199402, elapsed_secs=9738, mean=0.549619, stdev=0.182028, best fit=0.688100, best_overall=0.688100, mean_diversity=0.259640,
indivs=9209441, elapsed_secs=9749, mean=0.512678, stdev=0.149614, best fit=0.688100, best_overall=0.688100, mean_diversity=0.340395,
indivs=9219484, elapsed_secs=9761, mean=0.564462, stdev=0.190616, best fit=0.688100, best_overall=0.688100, mean_diversity=0.057998,
indivs=9229554, elapsed_secs=9774, mean=0.498485, stdev=0.142860, best fit=0.688100, best_overall=0.688100, mean_diversity=0.299151,
indivs=9239653, elapsed_secs=9786, mean=0.536465, stdev=0.128959, best fit=0.688100, best_overall=0.688100, mean_diversity=0.198801,
indivs=9249719, elapsed_secs=9798, mean=0.520899, stdev=0.140734, best fit=0.688100, best_overall=0.688100, mean_diversity=0.200084,
indivs=9259731, elapsed_secs=9810, mean=0.501856, stdev=0.018719, best fit=0.688100, best_overall=0.688100, mean_diversity=0.063681,
indivs=9269821, elapsed_secs=9821, mean=0.486458, stdev=0.120755, best fit=0.688100, best_overall=0.688100, mean_diversity=0.181048,
indivs=9279856, elapsed_secs=9834, mean=0.572362, stdev=0.169444, best fit=0.688100, best_overall=0.688100, mean_diversity=0.146256,
indivs=9290010, elapsed_secs=9847, mean=0.508559, stdev=0.229482, best fit=0.688100, best_overall=0.688100, mean_diversity=0.066940,
indivs=9300022, elapsed_secs=9859, mean=0.567377, stdev=0.130996, best fit=0.688100, best_overall=0.688100, mean_diversity=0.212630,
indivs=9310024, elapsed_secs=9872, mean=0.507727, stdev=0.154237, best fit=0.688100, best_overall=0.688100, mean_diversity=0.364279,
indivs=9320130, elapsed_secs=9885, mean=0.507164, stdev=0.196225, best fit=0.688100, best_overall=0.688100, mean_diversity=0.133489,
indivs=9330231, elapsed_secs=9898, mean=0.505951, stdev=0.227402, best fit=0.688100, best_overall=0.688100, mean_diversity=0.187409,
indivs=9340334, elapsed_secs=9910, mean=0.490343, stdev=0.136711, best fit=0.688100, best_overall=0.688100, mean_diversity=0.260744,
indivs=9350410, elapsed_secs=9921, mean=0.553372, stdev=0.116733, best fit=0.688100, best_overall=0.688100, mean_diversity=0.133319,
indivs=9360509, elapsed_secs=9932, mean=0.505895, stdev=0.125721, best fit=0.688100, best_overall=0.688100, mean_diversity=0.369250,
indivs=9370579, elapsed_secs=9944, mean=0.505894, stdev=0.234902, best fit=0.688100, best_overall=0.688100, mean_diversity=0.132060,
indivs=9380686, elapsed_secs=9955, mean=0.490948, stdev=0.171611, best fit=0.688100, best_overall=0.688100, mean_diversity=0.277817,
indivs=9390768, elapsed_secs=9967, mean=0.548737, stdev=0.209422, best fit=0.688100, best_overall=0.688100, mean_diversity=0.165441,
indivs=9400852, elapsed_secs=9980, mean=0.523767, stdev=0.163648, best fit=0.688100, best_overall=0.688100, mean_diversity=0.088500,
indivs=9410889, elapsed_secs=9993, mean=0.546154, stdev=0.161083, best fit=0.688100, best_overall=0.688100, mean_diversity=0.116714,
indivs=9420929, elapsed_secs=10005, mean=0.523943, stdev=0.184990, best fit=0.688100, best_overall=0.688100, mean_diversity=0.187562,
indivs=9431009, elapsed_secs=10019, mean=0.518203, stdev=0.049559, best fit=0.688100, best_overall=0.688100, mean_diversity=0.195334,
indivs=9441114, elapsed_secs=10032, mean=0.522735, stdev=0.097941, best fit=0.688100, best_overall=0.688100, mean_diversity=0.328761,
indivs=9451118, elapsed_secs=10044, mean=0.578021, stdev=0.157693, best fit=0.688100, best_overall=0.688100, mean_diversity=0.197263,
indivs=9461158, elapsed_secs=10056, mean=0.527712, stdev=0.143906, best fit=0.688100, best_overall=0.688100, mean_diversity=0.180597,
indivs=9471166, elapsed_secs=10068, mean=0.488631, stdev=0.089611, best fit=0.688100, best_overall=0.688100, mean_diversity=0.127893,
indivs=9481220, elapsed_secs=10079, mean=0.510012, stdev=0.122833, best fit=0.688100, best_overall=0.688100, mean_diversity=0.157344,
indivs=9491251, elapsed_secs=10093, mean=0.440875, stdev=0.183068, best fit=0.688100, best_overall=0.688100, mean_diversity=0.251567,
indivs=9501409, elapsed_secs=10105, mean=0.592277, stdev=0.126709, best fit=0.688100, best_overall=0.688100, mean_diversity=0.157894,
indivs=9511459, elapsed_secs=10118, mean=0.452136, stdev=0.185242, best fit=0.688100, best_overall=0.688100, mean_diversity=0.251954,
indivs=9521601, elapsed_secs=10130, mean=0.559267, stdev=0.153693, best fit=0.688100, best_overall=0.688100, mean_diversity=0.127340,
indivs=9531657, elapsed_secs=10142, mean=0.531665, stdev=0.161568, best fit=0.688100, best_overall=0.688100, mean_diversity=0.202492,
indivs=9541678, elapsed_secs=10155, mean=0.513664, stdev=0.117048, best fit=0.688100, best_overall=0.688100, mean_diversity=0.116221,
indivs=9551822, elapsed_secs=10167, mean=0.598956, stdev=0.118536, best fit=0.688100, best_overall=0.688100, mean_diversity=0.299931,
indivs=9561846, elapsed_secs=10178, mean=0.521748, stdev=0.129936, best fit=0.688100, best_overall=0.688100, mean_diversity=0.400837,
indivs=9571882, elapsed_secs=10188, mean=0.507855, stdev=0.106125, best fit=0.688100, best_overall=0.688100, mean_diversity=0.266318,
indivs=9581976, elapsed_secs=10202, mean=0.440779, stdev=0.173207, best fit=0.688100, best_overall=0.688100, mean_diversity=0.187944,
indivs=9592024, elapsed_secs=10215, mean=0.500670, stdev=0.050761, best fit=0.688100, best_overall=0.688100, mean_diversity=0.173171,
indivs=9602056, elapsed_secs=10227, mean=0.494004, stdev=0.074613, best fit=0.688100, best_overall=0.688100, mean_diversity=0.157117,
indivs=9612159, elapsed_secs=10240, mean=0.453462, stdev=0.218621, best fit=0.688100, best_overall=0.688100, mean_diversity=0.259872,
indivs=9622208, elapsed_secs=10252, mean=0.510496, stdev=0.034481, best fit=0.688100, best_overall=0.688100, mean_diversity=0.154211,
indivs=9632296, elapsed_secs=10266, mean=0.542403, stdev=0.159140, best fit=0.688100, best_overall=0.688100, mean_diversity=0.381730,
indivs=9642386, elapsed_secs=10279, mean=0.482662, stdev=0.233280, best fit=0.688100, best_overall=0.688100, mean_diversity=0.212457,
indivs=9652488, elapsed_secs=10292, mean=0.534354, stdev=0.108883, best fit=0.688100, best_overall=0.688100, mean_diversity=0.411470,
indivs=9662512, elapsed_secs=10304, mean=0.500539, stdev=0.064244, best fit=0.688100, best_overall=0.688100, mean_diversity=0.152908,
indivs=9672562, elapsed_secs=10316, mean=0.495295, stdev=0.033494, best fit=0.688100, best_overall=0.688100, mean_diversity=0.217984,
indivs=9682625, elapsed_secs=10330, mean=0.487094, stdev=0.193466, best fit=0.688100, best_overall=0.688100, mean_diversity=0.357923,
indivs=9692720, elapsed_secs=10343, mean=0.478606, stdev=0.112743, best fit=0.688100, best_overall=0.688100, mean_diversity=0.263306,
indivs=9702817, elapsed_secs=10355, mean=0.502205, stdev=0.028032, best fit=0.688100, best_overall=0.688100, mean_diversity=0.094058,
indivs=9712909, elapsed_secs=10369, mean=0.553405, stdev=0.142114, best fit=0.688100, best_overall=0.688100, mean_diversity=0.087983,
indivs=9722909, elapsed_secs=10381, mean=0.503346, stdev=0.024712, best fit=0.688100, best_overall=0.688100, mean_diversity=0.070165,
indivs=9732993, elapsed_secs=10395, mean=0.501671, stdev=0.183628, best fit=0.688100, best_overall=0.688100, mean_diversity=0.073198,
indivs=9742996, elapsed_secs=10408, mean=0.498049, stdev=0.021316, best fit=0.688100, best_overall=0.688100, mean_diversity=0.091252,
indivs=9753011, elapsed_secs=10420, mean=0.438323, stdev=0.171359, best fit=0.688100, best_overall=0.688100, mean_diversity=0.089628,
indivs=9763065, elapsed_secs=10432, mean=0.431688, stdev=0.211077, best fit=0.688100, best_overall=0.688100, mean_diversity=0.117100,
indivs=9773175, elapsed_secs=10443, mean=0.577905, stdev=0.143804, best fit=0.688100, best_overall=0.688100, mean_diversity=0.085316,
indivs=9783211, elapsed_secs=10456, mean=0.512902, stdev=0.173550, best fit=0.688100, best_overall=0.688100, mean_diversity=0.213694,
indivs=9793238, elapsed_secs=10468, mean=0.504766, stdev=0.065299, best fit=0.688100, best_overall=0.688100, mean_diversity=0.128773,
indivs=9803320, elapsed_secs=10480, mean=0.477050, stdev=0.154489, best fit=0.688100, best_overall=0.688100, mean_diversity=0.180644,
indivs=9813405, elapsed_secs=10493, mean=0.516079, stdev=0.220041, best fit=0.688100, best_overall=0.688100, mean_diversity=0.132170,
indivs=9823465, elapsed_secs=10505, mean=0.527824, stdev=0.136113, best fit=0.688100, best_overall=0.688100, mean_diversity=0.203856,
indivs=9833510, elapsed_secs=10520, mean=0.504708, stdev=0.086583, best fit=0.688100, best_overall=0.688100, mean_diversity=0.157667,
indivs=9843600, elapsed_secs=10532, mean=0.541491, stdev=0.119234, best fit=0.688100, best_overall=0.688100, mean_diversity=0.123738,
indivs=9853629, elapsed_secs=10545, mean=0.501881, stdev=0.018716, best fit=0.688100, best_overall=0.688100, mean_diversity=0.143592,
indivs=9863702, elapsed_secs=10557, mean=0.585660, stdev=0.150610, best fit=0.688100, best_overall=0.688100, mean_diversity=0.118229,
indivs=9873811, elapsed_secs=10571, mean=0.520335, stdev=0.117890, best fit=0.688100, best_overall=0.688100, mean_diversity=0.339509,
indivs=9883882, elapsed_secs=10583, mean=0.501333, stdev=0.116876, best fit=0.688100, best_overall=0.688100, mean_diversity=0.184283,
indivs=9894000, elapsed_secs=10594, mean=0.558322, stdev=0.209085, best fit=0.688100, best_overall=0.688100, mean_diversity=0.096956,
indivs=9904019, elapsed_secs=10605, mean=0.566453, stdev=0.187553, best fit=0.688100, best_overall=0.688100, mean_diversity=0.067388,
indivs=9914115, elapsed_secs=10619, mean=0.550764, stdev=0.138606, best fit=0.688100, best_overall=0.688100, mean_diversity=0.257534,
indivs=9924168, elapsed_secs=10631, mean=0.530833, stdev=0.056158, best fit=0.688100, best_overall=0.688100, mean_diversity=0.164453,
indivs=9934215, elapsed_secs=10644, mean=0.468635, stdev=0.202183, best fit=0.688100, best_overall=0.688100, mean_diversity=0.107051,
indivs=9944280, elapsed_secs=10658, mean=0.511300, stdev=0.207106, best fit=0.688100, best_overall=0.688100, mean_diversity=0.365294,
indivs=9954406, elapsed_secs=10671, mean=0.602139, stdev=0.128393, best fit=0.688100, best_overall=0.688100, mean_diversity=0.057742,
indivs=9964418, elapsed_secs=10684, mean=0.540382, stdev=0.133777, best fit=0.688100, best_overall=0.688100, mean_diversity=0.229692,
indivs=9974520, elapsed_secs=10698, mean=0.571278, stdev=0.173328, best fit=0.688100, best_overall=0.688100, mean_diversity=0.200249,
indivs=9984528, elapsed_secs=10711, mean=0.515232, stdev=0.201926, best fit=0.688100, best_overall=0.688100, mean_diversity=0.160157,
indivs=9994608, elapsed_secs=10723, mean=0.487920, stdev=0.167085, best fit=0.688100, best_overall=0.688100, mean_diversity=0.218285,
indivs=10004670, elapsed_secs=10735, mean=0.532970, stdev=0.215049, best fit=0.688100, best_overall=0.688100, mean_diversity=0.054097,
indivs=10014742, elapsed_secs=10747, mean=0.524310, stdev=0.202903, best fit=0.688100, best_overall=0.688100, mean_diversity=0.121623,
indivs=10024840, elapsed_secs=10759, mean=0.521413, stdev=0.099085, best fit=0.688100, best_overall=0.688100, mean_diversity=0.162983,
indivs=10034925, elapsed_secs=10770, mean=0.528359, stdev=0.120970, best fit=0.688100, best_overall=0.688100, mean_diversity=0.375792,
indivs=10044980, elapsed_secs=10783, mean=0.530408, stdev=0.158768, best fit=0.688100, best_overall=0.688100, mean_diversity=0.256625,
indivs=10054993, elapsed_secs=10793, mean=0.600414, stdev=0.143563, best fit=0.688100, best_overall=0.688100, mean_diversity=0.073353,
indivs=10065020, elapsed_secs=10805, mean=0.512547, stdev=0.182112, best fit=0.688100, best_overall=0.688100, mean_diversity=0.107469,
indivs=10075043, elapsed_secs=10817, mean=0.509989, stdev=0.069839, best fit=0.688100, best_overall=0.688100, mean_diversity=0.231433,
indivs=10085121, elapsed_secs=10829, mean=0.479899, stdev=0.081504, best fit=0.688100, best_overall=0.688100, mean_diversity=0.099233,
indivs=10095163, elapsed_secs=10842, mean=0.549882, stdev=0.148227, best fit=0.688100, best_overall=0.688100, mean_diversity=0.072586,
indivs=10105211, elapsed_secs=10855, mean=0.502251, stdev=0.204929, best fit=0.688100, best_overall=0.688100, mean_diversity=0.245300,
indivs=10115245, elapsed_secs=10867, mean=0.472798, stdev=0.147828, best fit=0.688100, best_overall=0.688100, mean_diversity=0.410871,
indivs=10125367, elapsed_secs=10879, mean=0.556244, stdev=0.200906, best fit=0.688100, best_overall=0.688100, mean_diversity=0.051169,
indivs=10135424, elapsed_secs=10889, mean=0.495489, stdev=0.077359, best fit=0.688100, best_overall=0.688100, mean_diversity=0.130562,
indivs=10145531, elapsed_secs=10900, mean=0.543700, stdev=0.156085, best fit=0.688100, best_overall=0.688100, mean_diversity=0.295118,
indivs=10155664, elapsed_secs=10912, mean=0.560357, stdev=0.175399, best fit=0.688100, best_overall=0.688100, mean_diversity=0.281837,
indivs=10165708, elapsed_secs=10923, mean=0.439515, stdev=0.183614, best fit=0.688100, best_overall=0.688100, mean_diversity=0.276255,
indivs=10175764, elapsed_secs=10936, mean=0.538391, stdev=0.168879, best fit=0.688100, best_overall=0.688100, mean_diversity=0.322016,
indivs=10185867, elapsed_secs=10949, mean=0.545876, stdev=0.207094, best fit=0.688100, best_overall=0.688100, mean_diversity=0.104071,
indivs=10195944, elapsed_secs=10958, mean=0.456077, stdev=0.146837, best fit=0.688100, best_overall=0.688100, mean_diversity=0.218678,
indivs=10206015, elapsed_secs=10971, mean=0.497197, stdev=0.186769, best fit=0.688100, best_overall=0.688100, mean_diversity=0.204057,
indivs=10216049, elapsed_secs=10984, mean=0.607291, stdev=0.139794, best fit=0.688100, best_overall=0.688100, mean_diversity=0.165444,
indivs=10226075, elapsed_secs=10997, mean=0.516010, stdev=0.071238, best fit=0.688100, best_overall=0.688100, mean_diversity=0.270753,
indivs=10236232, elapsed_secs=11009, mean=0.579455, stdev=0.143976, best fit=0.688100, best_overall=0.688100, mean_diversity=0.139688,
indivs=10246268, elapsed_secs=11020, mean=0.495393, stdev=0.158274, best fit=0.688100, best_overall=0.688100, mean_diversity=0.420204,
indivs=10256316, elapsed_secs=11033, mean=0.451587, stdev=0.199054, best fit=0.688100, best_overall=0.688100, mean_diversity=0.215756,
indivs=10266452, elapsed_secs=11045, mean=0.510363, stdev=0.184713, best fit=0.688100, best_overall=0.688100, mean_diversity=0.194286,
indivs=10276526, elapsed_secs=11057, mean=0.505149, stdev=0.093363, best fit=0.688100, best_overall=0.688100, mean_diversity=0.285196,
indivs=10286597, elapsed_secs=11069, mean=0.524339, stdev=0.129324, best fit=0.688100, best_overall=0.688100, mean_diversity=0.296936,
indivs=10296621, elapsed_secs=11082, mean=0.436635, stdev=0.256214, best fit=0.688100, best_overall=0.688100, mean_diversity=0.129044,
indivs=10306695, elapsed_secs=11093, mean=0.506835, stdev=0.198201, best fit=0.688100, best_overall=0.688100, mean_diversity=0.098011,
indivs=10316724, elapsed_secs=11104, mean=0.487788, stdev=0.187269, best fit=0.688100, best_overall=0.688100, mean_diversity=0.184633,
indivs=10326749, elapsed_secs=11115, mean=0.521431, stdev=0.106718, best fit=0.688100, best_overall=0.688100, mean_diversity=0.246511,
indivs=10336795, elapsed_secs=11125, mean=0.530421, stdev=0.111598, best fit=0.688100, best_overall=0.688100, mean_diversity=0.292227,
indivs=10346814, elapsed_secs=11138, mean=0.590297, stdev=0.153100, best fit=0.688100, best_overall=0.688100, mean_diversity=0.112946,
indivs=10356816, elapsed_secs=11150, mean=0.510899, stdev=0.091156, best fit=0.688100, best_overall=0.688100, mean_diversity=0.204004,
indivs=10366914, elapsed_secs=11162, mean=0.477803, stdev=0.165902, best fit=0.688100, best_overall=0.688100, mean_diversity=0.322500,
indivs=10376918, elapsed_secs=11174, mean=0.524787, stdev=0.143722, best fit=0.688100, best_overall=0.688100, mean_diversity=0.329841,
indivs=10386964, elapsed_secs=11187, mean=0.503014, stdev=0.117790, best fit=0.688100, best_overall=0.688100, mean_diversity=0.307368,
indivs=10396976, elapsed_secs=11200, mean=0.560035, stdev=0.147232, best fit=0.688100, best_overall=0.688100, mean_diversity=0.190408,
indivs=10407010, elapsed_secs=11213, mean=0.590309, stdev=0.103755, best fit=0.688100, best_overall=0.688100, mean_diversity=0.114200,
indivs=10417038, elapsed_secs=11224, mean=0.475637, stdev=0.149539, best fit=0.688100, best_overall=0.688100, mean_diversity=0.303414,
indivs=10427171, elapsed_secs=11238, mean=0.570813, stdev=0.142351, best fit=0.688100, best_overall=0.688100, mean_diversity=0.203117,
indivs=10437202, elapsed_secs=11249, mean=0.491381, stdev=0.072832, best fit=0.688100, best_overall=0.688100, mean_diversity=0.129387,
indivs=10447202, elapsed_secs=11261, mean=0.566266, stdev=0.166878, best fit=0.688100, best_overall=0.688100, mean_diversity=0.139443,
indivs=10457297, elapsed_secs=11273, mean=0.543766, stdev=0.104865, best fit=0.688100, best_overall=0.688100, mean_diversity=0.131386,
indivs=10467350, elapsed_secs=11285, mean=0.540205, stdev=0.099180, best fit=0.688100, best_overall=0.688100, mean_diversity=0.192490,
indivs=10477469, elapsed_secs=11295, mean=0.584430, stdev=0.151845, best fit=0.688100, best_overall=0.688100, mean_diversity=0.134900,
indivs=10487559, elapsed_secs=11308, mean=0.529765, stdev=0.227069, best fit=0.688100, best_overall=0.688100, mean_diversity=0.093489,
indivs=10497591, elapsed_secs=11322, mean=0.500710, stdev=0.116541, best fit=0.688100, best_overall=0.688100, mean_diversity=0.173662,
indivs=10507656, elapsed_secs=11334, mean=0.557261, stdev=0.109548, best fit=0.688100, best_overall=0.688100, mean_diversity=0.186658,
indivs=10517742, elapsed_secs=11346, mean=0.568294, stdev=0.174556, best fit=0.688100, best_overall=0.688100, mean_diversity=0.140697,
indivs=10527783, elapsed_secs=11358, mean=0.452304, stdev=0.273697, best fit=0.688100, best_overall=0.688100, mean_diversity=0.071712,
indivs=10537809, elapsed_secs=11369, mean=0.497608, stdev=0.128505, best fit=0.688100, best_overall=0.688100, mean_diversity=0.333664,
indivs=10547954, elapsed_secs=11381, mean=0.540787, stdev=0.192530, best fit=0.688100, best_overall=0.688100, mean_diversity=0.181514,
indivs=10558051, elapsed_secs=11393, mean=0.506396, stdev=0.104842, best fit=0.688100, best_overall=0.688100, mean_diversity=0.171991,
indivs=10568068, elapsed_secs=11405, mean=0.503679, stdev=0.025760, best fit=0.688100, best_overall=0.688100, mean_diversity=0.074893,
indivs=10578171, elapsed_secs=11416, mean=0.482754, stdev=0.106069, best fit=0.688100, best_overall=0.688100, mean_diversity=0.131479,
indivs=10588250, elapsed_secs=11426, mean=0.525656, stdev=0.132322, best fit=0.688100, best_overall=0.688100, mean_diversity=0.263416,
indivs=10598356, elapsed_secs=11439, mean=0.525125, stdev=0.062406, best fit=0.688100, best_overall=0.688100, mean_diversity=0.321952,
indivs=10608452, elapsed_secs=11450, mean=0.501881, stdev=0.018716, best fit=0.688100, best_overall=0.688100, mean_diversity=0.154356,
indivs=10618471, elapsed_secs=11465, mean=0.534582, stdev=0.082877, best fit=0.688100, best_overall=0.688100, mean_diversity=0.283134,
indivs=10628488, elapsed_secs=11479, mean=0.513268, stdev=0.145211, best fit=0.688100, best_overall=0.688100, mean_diversity=0.527582,
indivs=10638566, elapsed_secs=11491, mean=0.542466, stdev=0.189556, best fit=0.688100, best_overall=0.688100, mean_diversity=0.215091,
indivs=10648648, elapsed_secs=11505, mean=0.552969, stdev=0.098290, best fit=0.688100, best_overall=0.688100, mean_diversity=0.119231,
indivs=10658795, elapsed_secs=11518, mean=0.584213, stdev=0.116973, best fit=0.688100, best_overall=0.688100, mean_diversity=0.133702,
indivs=10668802, elapsed_secs=11529, mean=0.493849, stdev=0.226958, best fit=0.688100, best_overall=0.688100, mean_diversity=0.116826,
indivs=10678895, elapsed_secs=11541, mean=0.526140, stdev=0.131721, best fit=0.688100, best_overall=0.688100, mean_diversity=0.396319,
indivs=10688924, elapsed_secs=11552, mean=0.503910, stdev=0.104758, best fit=0.688100, best_overall=0.688100, mean_diversity=0.428171,
indivs=10699062, elapsed_secs=11565, mean=0.591432, stdev=0.165423, best fit=0.688100, best_overall=0.688100, mean_diversity=0.131462,
indivs=10709203, elapsed_secs=11577, mean=0.521310, stdev=0.139611, best fit=0.688100, best_overall=0.688100, mean_diversity=0.276194,
indivs=10719258, elapsed_secs=11589, mean=0.501836, stdev=0.018726, best fit=0.688100, best_overall=0.688100, mean_diversity=0.134081,
indivs=10729367, elapsed_secs=11603, mean=0.518791, stdev=0.231933, best fit=0.688100, best_overall=0.688100, mean_diversity=0.171476,
indivs=10739457, elapsed_secs=11616, mean=0.556191, stdev=0.207891, best fit=0.688100, best_overall=0.688100, mean_diversity=0.039339,
indivs=10749482, elapsed_secs=11627, mean=0.510471, stdev=0.122611, best fit=0.688100, best_overall=0.688100, mean_diversity=0.329731,
indivs=10759610, elapsed_secs=11640, mean=0.517854, stdev=0.181706, best fit=0.688100, best_overall=0.688100, mean_diversity=0.098219,
indivs=10769730, elapsed_secs=11652, mean=0.540997, stdev=0.170172, best fit=0.688100, best_overall=0.688100, mean_diversity=0.054454,
indivs=10779740, elapsed_secs=11666, mean=0.533402, stdev=0.198220, best fit=0.688100, best_overall=0.688100, mean_diversity=0.092185,
indivs=10789761, elapsed_secs=11678, mean=0.503901, stdev=0.165406, best fit=0.688100, best_overall=0.688100, mean_diversity=0.174583,
indivs=10799854, elapsed_secs=11690, mean=0.523066, stdev=0.077087, best fit=0.688100, best_overall=0.688100, mean_diversity=0.164273,
indivs=10809918, elapsed_secs=11701, mean=0.493640, stdev=0.074990, best fit=0.688100, best_overall=0.688100, mean_diversity=0.094446,
indivs=10819996, elapsed_secs=11711, mean=0.540625, stdev=0.147100, best fit=0.688100, best_overall=0.688100, mean_diversity=0.229439,
indivs=10830124, elapsed_secs=11723, mean=0.524648, stdev=0.144471, best fit=0.688100, best_overall=0.688100, mean_diversity=0.219310,
indivs=10840183, elapsed_secs=11736, mean=0.465468, stdev=0.183145, best fit=0.688100, best_overall=0.688100, mean_diversity=0.301374,
indivs=10850198, elapsed_secs=11748, mean=0.527148, stdev=0.156144, best fit=0.688100, best_overall=0.688100, mean_diversity=0.282461,
indivs=10860220, elapsed_secs=11762, mean=0.502528, stdev=0.185215, best fit=0.688100, best_overall=0.688100, mean_diversity=0.398489,
indivs=10870240, elapsed_secs=11775, mean=0.509496, stdev=0.101915, best fit=0.688100, best_overall=0.688100, mean_diversity=0.335342,
indivs=10880372, elapsed_secs=11787, mean=0.513071, stdev=0.151885, best fit=0.688100, best_overall=0.688100, mean_diversity=0.148701,
indivs=10890436, elapsed_secs=11799, mean=0.545225, stdev=0.204720, best fit=0.688100, best_overall=0.688100, mean_diversity=0.237722,
indivs=10900530, elapsed_secs=11809, mean=0.513953, stdev=0.073045, best fit=0.688100, best_overall=0.688100, mean_diversity=0.400356,
indivs=10910627, elapsed_secs=11822, mean=0.461174, stdev=0.170024, best fit=0.688100, best_overall=0.688100, mean_diversity=0.314470,
indivs=10920665, elapsed_secs=11834, mean=0.490005, stdev=0.135988, best fit=0.688100, best_overall=0.688100, mean_diversity=0.161401,
indivs=10930785, elapsed_secs=11847, mean=0.497034, stdev=0.170166, best fit=0.688100, best_overall=0.688100, mean_diversity=0.119055,
indivs=10940832, elapsed_secs=11860, mean=0.562467, stdev=0.183298, best fit=0.688100, best_overall=0.688100, mean_diversity=0.173510,
indivs=10950959, elapsed_secs=11873, mean=0.560945, stdev=0.163886, best fit=0.688100, best_overall=0.688100, mean_diversity=0.183183,
indivs=10960974, elapsed_secs=11886, mean=0.502285, stdev=0.110073, best fit=0.688100, best_overall=0.688100, mean_diversity=0.254845,
indivs=10971127, elapsed_secs=11900, mean=0.571306, stdev=0.176756, best fit=0.688100, best_overall=0.688100, mean_diversity=0.162186,
indivs=10981249, elapsed_secs=11911, mean=0.538259, stdev=0.196978, best fit=0.688100, best_overall=0.688100, mean_diversity=0.127637,
indivs=10991284, elapsed_secs=11923, mean=0.485305, stdev=0.118596, best fit=0.688100, best_overall=0.688100, mean_diversity=0.212827,
indivs=11001327, elapsed_secs=11937, mean=0.571921, stdev=0.170517, best fit=0.688100, best_overall=0.688100, mean_diversity=0.074851,
indivs=11011414, elapsed_secs=11948, mean=0.478348, stdev=0.093631, best fit=0.688100, best_overall=0.688100, mean_diversity=0.339349,
indivs=11021447, elapsed_secs=11960, mean=0.485340, stdev=0.239465, best fit=0.688100, best_overall=0.688100, mean_diversity=0.228179,
indivs=11031465, elapsed_secs=11972, mean=0.461594, stdev=0.123124, best fit=0.688100, best_overall=0.688100, mean_diversity=0.151206,
indivs=11041509, elapsed_secs=11984, mean=0.495138, stdev=0.076946, best fit=0.688100, best_overall=0.688100, mean_diversity=0.200477,
indivs=11051527, elapsed_secs=11995, mean=0.553959, stdev=0.126654, best fit=0.688100, best_overall=0.688100, mean_diversity=0.163860,
indivs=11061662, elapsed_secs=12007, mean=0.551864, stdev=0.181418, best fit=0.688100, best_overall=0.688100, mean_diversity=0.167483,
indivs=11071699, elapsed_secs=12018, mean=0.526850, stdev=0.132557, best fit=0.688100, best_overall=0.688100, mean_diversity=0.216072,
indivs=11081717, elapsed_secs=12029, mean=0.526680, stdev=0.173862, best fit=0.688100, best_overall=0.688100, mean_diversity=0.222667,
indivs=11091724, elapsed_secs=12042, mean=0.541208, stdev=0.227585, best fit=0.688100, best_overall=0.688100, mean_diversity=0.046320,
indivs=11101825, elapsed_secs=12055, mean=0.546174, stdev=0.161207, best fit=0.688100, best_overall=0.688100, mean_diversity=0.265623,
indivs=11111924, elapsed_secs=12067, mean=0.535697, stdev=0.205645, best fit=0.688100, best_overall=0.688100, mean_diversity=0.130894,
indivs=11121957, elapsed_secs=12079, mean=0.502461, stdev=0.089491, best fit=0.688100, best_overall=0.688100, mean_diversity=0.171437,
indivs=11131999, elapsed_secs=12092, mean=0.496494, stdev=0.113330, best fit=0.688100, best_overall=0.688100, mean_diversity=0.183971,
indivs=11142135, elapsed_secs=12105, mean=0.525253, stdev=0.192952, best fit=0.688100, best_overall=0.688100, mean_diversity=0.163183,
indivs=11152202, elapsed_secs=12117, mean=0.495162, stdev=0.111913, best fit=0.688100, best_overall=0.688100, mean_diversity=0.197722,
indivs=11162205, elapsed_secs=12129, mean=0.515134, stdev=0.097854, best fit=0.688100, best_overall=0.688100, mean_diversity=0.421753,
indivs=11172254, elapsed_secs=12140, mean=0.494010, stdev=0.125535, best fit=0.688100, best_overall=0.688100, mean_diversity=0.260195,
indivs=11182290, elapsed_secs=12153, mean=0.608283, stdev=0.112325, best fit=0.688100, best_overall=0.688100, mean_diversity=0.079438,
indivs=11192381, elapsed_secs=12165, mean=0.512551, stdev=0.091521, best fit=0.688100, best_overall=0.688100, mean_diversity=0.320000,
indivs=11202386, elapsed_secs=12178, mean=0.551815, stdev=0.083400, best fit=0.688100, best_overall=0.688100, mean_diversity=0.356609,
indivs=11212458, elapsed_secs=12189, mean=0.481239, stdev=0.191421, best fit=0.688100, best_overall=0.688100, mean_diversity=0.222007,
indivs=11222549, elapsed_secs=12201, mean=0.544594, stdev=0.200468, best fit=0.688100, best_overall=0.688100, mean_diversity=0.177310,
indivs=11232667, elapsed_secs=12214, mean=0.507401, stdev=0.194994, best fit=0.688100, best_overall=0.688100, mean_diversity=0.115413,
indivs=11242752, elapsed_secs=12226, mean=0.485675, stdev=0.133859, best fit=0.688100, best_overall=0.688100, mean_diversity=0.264429,
indivs=11252754, elapsed_secs=12238, mean=0.549140, stdev=0.142262, best fit=0.688100, best_overall=0.688100, mean_diversity=0.176332,
indivs=11262824, elapsed_secs=12251, mean=0.471857, stdev=0.185798, best fit=0.688100, best_overall=0.688100, mean_diversity=0.095178,
indivs=11272839, elapsed_secs=12264, mean=0.567322, stdev=0.165949, best fit=0.688100, best_overall=0.688100, mean_diversity=0.225758,
indivs=11282890, elapsed_secs=12277, mean=0.480851, stdev=0.244867, best fit=0.688100, best_overall=0.688100, mean_diversity=0.156630,
indivs=11293034, elapsed_secs=12288, mean=0.528429, stdev=0.209205, best fit=0.688100, best_overall=0.688100, mean_diversity=0.131386,
indivs=11303069, elapsed_secs=12301, mean=0.473985, stdev=0.100384, best fit=0.688100, best_overall=0.688100, mean_diversity=0.417083,
indivs=11313132, elapsed_secs=12313, mean=0.529636, stdev=0.194797, best fit=0.688100, best_overall=0.688100, mean_diversity=0.085202,
indivs=11323138, elapsed_secs=12324, mean=0.516974, stdev=0.054244, best fit=0.688100, best_overall=0.688100, mean_diversity=0.323869,
indivs=11333241, elapsed_secs=12335, mean=0.578221, stdev=0.184691, best fit=0.688100, best_overall=0.688100, mean_diversity=0.118540,
indivs=11343254, elapsed_secs=12346, mean=0.558022, stdev=0.141877, best fit=0.688100, best_overall=0.688100, mean_diversity=0.279448,
indivs=11353329, elapsed_secs=12358, mean=0.481399, stdev=0.217887, best fit=0.688100, best_overall=0.688100, mean_diversity=0.235160,
indivs=11363427, elapsed_secs=12371, mean=0.486429, stdev=0.087693, best fit=0.688100, best_overall=0.688100, mean_diversity=0.270746,
indivs=11373432, elapsed_secs=12382, mean=0.549798, stdev=0.081773, best fit=0.688100, best_overall=0.688100, mean_diversity=0.062527,
indivs=11383490, elapsed_secs=12395, mean=0.500287, stdev=0.020477, best fit=0.688100, best_overall=0.688100, mean_diversity=0.153921,
indivs=11393530, elapsed_secs=12407, mean=0.511825, stdev=0.159291, best fit=0.688100, best_overall=0.688100, mean_diversity=0.368683,
indivs=11403610, elapsed_secs=12419, mean=0.540338, stdev=0.213072, best fit=0.688100, best_overall=0.688100, mean_diversity=0.072466,
indivs=11413675, elapsed_secs=12431, mean=0.557544, stdev=0.117834, best fit=0.688100, best_overall=0.688100, mean_diversity=0.090810,
indivs=11423721, elapsed_secs=12443, mean=0.523064, stdev=0.117709, best fit=0.688100, best_overall=0.688100, mean_diversity=0.293187,
indivs=11433824, elapsed_secs=12454, mean=0.516200, stdev=0.078447, best fit=0.688100, best_overall=0.688100, mean_diversity=0.214970,
indivs=11443888, elapsed_secs=12466, mean=0.535693, stdev=0.080311, best fit=0.688100, best_overall=0.688100, mean_diversity=0.200570,
indivs=11453943, elapsed_secs=12478, mean=0.538700, stdev=0.135162, best fit=0.688100, best_overall=0.688100, mean_diversity=0.364511,
indivs=11463996, elapsed_secs=12490, mean=0.517565, stdev=0.162664, best fit=0.688100, best_overall=0.688100, mean_diversity=0.211010,
indivs=11474069, elapsed_secs=12501, mean=0.512109, stdev=0.176074, best fit=0.688100, best_overall=0.688100, mean_diversity=0.187384,
indivs=11484173, elapsed_secs=12513, mean=0.507612, stdev=0.135065, best fit=0.688100, best_overall=0.688100, mean_diversity=0.575083,
indivs=11494250, elapsed_secs=12527, mean=0.516642, stdev=0.113769, best fit=0.688100, best_overall=0.688100, mean_diversity=0.279597,
indivs=11504375, elapsed_secs=12538, mean=0.499973, stdev=0.162499, best fit=0.688100, best_overall=0.688100, mean_diversity=0.186563,
indivs=11514382, elapsed_secs=12551, mean=0.479646, stdev=0.219499, best fit=0.688100, best_overall=0.688100, mean_diversity=0.116489,
indivs=11524428, elapsed_secs=12564, mean=0.490253, stdev=0.206563, best fit=0.688100, best_overall=0.688100, mean_diversity=0.231510,
indivs=11534430, elapsed_secs=12576, mean=0.536204, stdev=0.090004, best fit=0.688100, best_overall=0.688100, mean_diversity=0.343875,
indivs=11544513, elapsed_secs=12588, mean=0.501881, stdev=0.018716, best fit=0.688100, best_overall=0.688100, mean_diversity=0.075686,
indivs=11554583, elapsed_secs=12599, mean=0.536131, stdev=0.165251, best fit=0.688100, best_overall=0.688100, mean_diversity=0.319625,
indivs=11564609, elapsed_secs=12611, mean=0.524452, stdev=0.116504, best fit=0.688100, best_overall=0.688100, mean_diversity=0.352538,
indivs=11574623, elapsed_secs=12625, mean=0.477922, stdev=0.264537, best fit=0.688100, best_overall=0.688100, mean_diversity=0.177145,
indivs=11584699, elapsed_secs=12637, mean=0.508928, stdev=0.121754, best fit=0.688100, best_overall=0.688100, mean_diversity=0.329022,
indivs=11594779, elapsed_secs=12649, mean=0.508548, stdev=0.034633, best fit=0.688100, best_overall=0.688100, mean_diversity=0.138150,
indivs=11604819, elapsed_secs=12659, mean=0.496867, stdev=0.126282, best fit=0.688100, best_overall=0.688100, mean_diversity=0.238883,
indivs=11614896, elapsed_secs=12671, mean=0.570994, stdev=0.066084, best fit=0.688100, best_overall=0.688100, mean_diversity=0.140541,
indivs=11625035, elapsed_secs=12684, mean=0.501746, stdev=0.190993, best fit=0.688100, best_overall=0.688100, mean_diversity=0.060024,
indivs=11635063, elapsed_secs=12696, mean=0.558475, stdev=0.206835, best fit=0.688100, best_overall=0.688100, mean_diversity=0.059125,
indivs=11645167, elapsed_secs=12708, mean=0.493932, stdev=0.196079, best fit=0.688100, best_overall=0.688100, mean_diversity=0.249625,
indivs=11655255, elapsed_secs=12721, mean=0.481881, stdev=0.100128, best fit=0.688100, best_overall=0.688100, mean_diversity=0.113379,
indivs=11665345, elapsed_secs=12736, mean=0.555668, stdev=0.152231, best fit=0.688100, best_overall=0.688100, mean_diversity=0.093039,
indivs=11675378, elapsed_secs=12749, mean=0.501088, stdev=0.212409, best fit=0.688100, best_overall=0.688100, mean_diversity=0.221880,
indivs=11685513, elapsed_secs=12761, mean=0.474199, stdev=0.198071, best fit=0.688100, best_overall=0.688100, mean_diversity=0.120788,
indivs=11695514, elapsed_secs=12773, mean=0.553974, stdev=0.106085, best fit=0.688100, best_overall=0.688100, mean_diversity=0.418495,
indivs=11705555, elapsed_secs=12785, mean=0.507703, stdev=0.028636, best fit=0.688100, best_overall=0.688100, mean_diversity=0.159390,
indivs=11715670, elapsed_secs=12797, mean=0.559611, stdev=0.142492, best fit=0.688100, best_overall=0.688100, mean_diversity=0.196964,
indivs=11725747, elapsed_secs=12809, mean=0.467887, stdev=0.105876, best fit=0.688100, best_overall=0.688100, mean_diversity=0.344361,
indivs=11735825, elapsed_secs=12822, mean=0.546932, stdev=0.176365, best fit=0.688100, best_overall=0.688100, mean_diversity=0.285714,
indivs=11745919, elapsed_secs=12834, mean=0.504726, stdev=0.027585, best fit=0.688100, best_overall=0.688100, mean_diversity=0.089389,
indivs=11756037, elapsed_secs=12847, mean=0.502598, stdev=0.175580, best fit=0.688100, best_overall=0.688100, mean_diversity=0.235743,
indivs=11766134, elapsed_secs=12858, mean=0.514091, stdev=0.161212, best fit=0.688100, best_overall=0.688100, mean_diversity=0.360492,
indivs=11776153, elapsed_secs=12870, mean=0.549853, stdev=0.150258, best fit=0.688100, best_overall=0.688100, mean_diversity=0.227885,
indivs=11786154, elapsed_secs=12882, mean=0.560010, stdev=0.141647, best fit=0.688100, best_overall=0.688100, mean_diversity=0.202744,
indivs=11796295, elapsed_secs=12893, mean=0.527461, stdev=0.226554, best fit=0.688100, best_overall=0.688100, mean_diversity=0.149682,
indivs=11806391, elapsed_secs=12905, mean=0.504263, stdev=0.104482, best fit=0.688100, best_overall=0.688100, mean_diversity=0.228519,
indivs=11816529, elapsed_secs=12917, mean=0.428106, stdev=0.270813, best fit=0.688100, best_overall=0.688100, mean_diversity=0.192667,
indivs=11826558, elapsed_secs=12928, mean=0.514170, stdev=0.205529, best fit=0.688100, best_overall=0.688100, mean_diversity=0.103595,
indivs=11836585, elapsed_secs=12940, mean=0.512171, stdev=0.045598, best fit=0.688100, best_overall=0.688100, mean_diversity=0.167883,
indivs=11846684, elapsed_secs=12952, mean=0.524909, stdev=0.172293, best fit=0.688100, best_overall=0.688100, mean_diversity=0.276043,
indivs=11856751, elapsed_secs=12965, mean=0.512231, stdev=0.180931, best fit=0.688100, best_overall=0.688100, mean_diversity=0.206488,
indivs=11866807, elapsed_secs=12978, mean=0.589669, stdev=0.140429, best fit=0.688100, best_overall=0.688100, mean_diversity=0.185639,
indivs=11876847, elapsed_secs=12991, mean=0.541890, stdev=0.138077, best fit=0.688100, best_overall=0.688100, mean_diversity=0.208580,
indivs=11886933, elapsed_secs=13003, mean=0.520909, stdev=0.173712, best fit=0.688100, best_overall=0.688100, mean_diversity=0.299139,
indivs=11896982, elapsed_secs=13015, mean=0.502006, stdev=0.143513, best fit=0.688100, best_overall=0.688100, mean_diversity=0.238022,
indivs=11907083, elapsed_secs=13027, mean=0.520762, stdev=0.242120, best fit=0.688100, best_overall=0.688100, mean_diversity=0.069150,
indivs=11917129, elapsed_secs=13038, mean=0.564308, stdev=0.154161, best fit=0.688100, best_overall=0.688100, mean_diversity=0.167308,
indivs=11927144, elapsed_secs=13048, mean=0.508604, stdev=0.151381, best fit=0.688100, best_overall=0.688100, mean_diversity=0.306842,
indivs=11937218, elapsed_secs=13061, mean=0.480189, stdev=0.117752, best fit=0.688100, best_overall=0.688100, mean_diversity=0.126858,
indivs=11947340, elapsed_secs=13073, mean=0.508020, stdev=0.199936, best fit=0.688100, best_overall=0.688100, mean_diversity=0.246638,
indivs=11957489, elapsed_secs=13084, mean=0.531098, stdev=0.210834, best fit=0.688100, best_overall=0.688100, mean_diversity=0.085566,
indivs=11967558, elapsed_secs=13095, mean=0.545063, stdev=0.219044, best fit=0.688100, best_overall=0.688100, mean_diversity=0.108957,
indivs=11977585, elapsed_secs=13107, mean=0.535240, stdev=0.091209, best fit=0.688100, best_overall=0.688100, mean_diversity=0.163877,
indivs=11987674, elapsed_secs=13121, mean=0.498376, stdev=0.081274, best fit=0.688100, best_overall=0.688100, mean_diversity=0.153430,
indivs=11997775, elapsed_secs=13134, mean=0.495375, stdev=0.126568, best fit=0.688100, best_overall=0.688100, mean_diversity=0.269072,
indivs=12007815, elapsed_secs=13145, mean=0.510561, stdev=0.139086, best fit=0.688100, best_overall=0.688100, mean_diversity=0.411573,
indivs=12017866, elapsed_secs=13158, mean=0.509187, stdev=0.067302, best fit=0.688100, best_overall=0.688100, mean_diversity=0.203162,
indivs=12027979, elapsed_secs=13170, mean=0.474766, stdev=0.278135, best fit=0.688100, best_overall=0.688100, mean_diversity=0.100810,
indivs=12038079, elapsed_secs=13182, mean=0.473723, stdev=0.134711, best fit=0.688100, best_overall=0.688100, mean_diversity=0.211307,
indivs=12048082, elapsed_secs=13194, mean=0.474904, stdev=0.162316, best fit=0.688100, best_overall=0.688100, mean_diversity=0.349471,
indivs=12058084, elapsed_secs=13205, mean=0.531662, stdev=0.078532, best fit=0.688100, best_overall=0.688100, mean_diversity=0.382689,
indivs=12068096, elapsed_secs=13216, mean=0.518219, stdev=0.093858, best fit=0.688100, best_overall=0.688100, mean_diversity=0.271111,
indivs=12078149, elapsed_secs=13228, mean=0.512649, stdev=0.184322, best fit=0.688100, best_overall=0.688100, mean_diversity=0.316819,
indivs=12088156, elapsed_secs=13242, mean=0.486912, stdev=0.103305, best fit=0.688100, best_overall=0.688100, mean_diversity=0.149237,
indivs=12098191, elapsed_secs=13252, mean=0.561650, stdev=0.131825, best fit=0.688100, best_overall=0.688100, mean_diversity=0.156914,
indivs=12108246, elapsed_secs=13264, mean=0.518569, stdev=0.054877, best fit=0.688100, best_overall=0.688100, mean_diversity=0.184840,
indivs=12118292, elapsed_secs=13274, mean=0.510577, stdev=0.187244, best fit=0.688100, best_overall=0.688100, mean_diversity=0.181311,
indivs=12128348, elapsed_secs=13287, mean=0.489138, stdev=0.246234, best fit=0.688100, best_overall=0.688100, mean_diversity=0.081854,
indivs=12138430, elapsed_secs=13299, mean=0.547536, stdev=0.124170, best fit=0.688100, best_overall=0.688100, mean_diversity=0.203536,
indivs=12148500, elapsed_secs=13311, mean=0.551609, stdev=0.129652, best fit=0.688100, best_overall=0.688100, mean_diversity=0.260662,
indivs=12158531, elapsed_secs=13325, mean=0.550586, stdev=0.168763, best fit=0.688100, best_overall=0.688100, mean_diversity=0.128641,
indivs=12168534, elapsed_secs=13338, mean=0.520016, stdev=0.184442, best fit=0.688100, best_overall=0.688100, mean_diversity=0.102581,
indivs=12178537, elapsed_secs=13349, mean=0.497153, stdev=0.211179, best fit=0.688100, best_overall=0.688100, mean_diversity=0.131497,
indivs=12188653, elapsed_secs=13361, mean=0.531038, stdev=0.170808, best fit=0.688100, best_overall=0.688100, mean_diversity=0.087646,
indivs=12198658, elapsed_secs=13373, mean=0.503616, stdev=0.025681, best fit=0.688100, best_overall=0.688100, mean_diversity=0.069118,
indivs=12208704, elapsed_secs=13385, mean=0.538883, stdev=0.092612, best fit=0.688100, best_overall=0.688100, mean_diversity=0.492936,
indivs=12218744, elapsed_secs=13398, mean=0.459080, stdev=0.178073, best fit=0.688100, best_overall=0.688100, mean_diversity=0.191852,
indivs=12228881, elapsed_secs=13410, mean=0.554409, stdev=0.180180, best fit=0.688100, best_overall=0.688100, mean_diversity=0.126099,
indivs=12238920, elapsed_secs=13423, mean=0.508944, stdev=0.073041, best fit=0.688100, best_overall=0.688100, mean_diversity=0.202583,
indivs=12249017, elapsed_secs=13435, mean=0.473089, stdev=0.151649, best fit=0.688100, best_overall=0.688100, mean_diversity=0.298825,
indivs=12259173, elapsed_secs=13445, mean=0.548989, stdev=0.193533, best fit=0.688100, best_overall=0.688100, mean_diversity=0.122325,
indivs=12269298, elapsed_secs=13457, mean=0.557780, stdev=0.183905, best fit=0.688100, best_overall=0.688100, mean_diversity=0.223885,
indivs=12279329, elapsed_secs=13468, mean=0.507272, stdev=0.095261, best fit=0.688100, best_overall=0.688100, mean_diversity=0.181494,
indivs=12289486, elapsed_secs=13481, mean=0.569473, stdev=0.148519, best fit=0.688100, best_overall=0.688100, mean_diversity=0.135835,
indivs=12299564, elapsed_secs=13493, mean=0.483635, stdev=0.168341, best fit=0.688100, best_overall=0.688100, mean_diversity=0.184145,
indivs=12309644, elapsed_secs=13506, mean=0.485906, stdev=0.055343, best fit=0.688100, best_overall=0.688100, mean_diversity=0.076346,
indivs=12319705, elapsed_secs=13519, mean=0.493713, stdev=0.075166, best fit=0.688100, best_overall=0.688100, mean_diversity=0.084029,
indivs=12329733, elapsed_secs=13530, mean=0.485536, stdev=0.052741, best fit=0.688100, best_overall=0.688100, mean_diversity=0.127396,
indivs=12339786, elapsed_secs=13542, mean=0.530556, stdev=0.116662, best fit=0.688100, best_overall=0.688100, mean_diversity=0.300620,
indivs=12349854, elapsed_secs=13554, mean=0.510316, stdev=0.040870, best fit=0.688100, best_overall=0.688100, mean_diversity=0.091422,
indivs=12359959, elapsed_secs=13567, mean=0.497985, stdev=0.140159, best fit=0.688100, best_overall=0.688100, mean_diversity=0.257173,
indivs=12370041, elapsed_secs=13578, mean=0.516060, stdev=0.096119, best fit=0.688100, best_overall=0.688100, mean_diversity=0.292902,
indivs=12380097, elapsed_secs=13588, mean=0.506472, stdev=0.167676, best fit=0.688100, best_overall=0.688100, mean_diversity=0.249750,
indivs=12390198, elapsed_secs=13600, mean=0.520074, stdev=0.101917, best fit=0.688100, best_overall=0.688100, mean_diversity=0.322413,
indivs=12400335, elapsed_secs=13612, mean=0.568599, stdev=0.154636, best fit=0.688100, best_overall=0.688100, mean_diversity=0.087150,
indivs=12410445, elapsed_secs=13623, mean=0.524638, stdev=0.189598, best fit=0.688100, best_overall=0.688100, mean_diversity=0.121720,
indivs=12420496, elapsed_secs=13634, mean=0.506170, stdev=0.069915, best fit=0.688100, best_overall=0.688100, mean_diversity=0.264070,
indivs=12430588, elapsed_secs=13647, mean=0.568631, stdev=0.166300, best fit=0.688100, best_overall=0.688100, mean_diversity=0.098983,
indivs=12440637, elapsed_secs=13660, mean=0.571032, stdev=0.101004, best fit=0.688100, best_overall=0.688100, mean_diversity=0.200882,
indivs=12450681, elapsed_secs=13672, mean=0.547752, stdev=0.060221, best fit=0.688100, best_overall=0.688100, mean_diversity=0.364682,
indivs=12460768, elapsed_secs=13683, mean=0.519012, stdev=0.182644, best fit=0.688100, best_overall=0.688100, mean_diversity=0.288188,
indivs=12470866, elapsed_secs=13696, mean=0.513328, stdev=0.230557, best fit=0.688100, best_overall=0.688100, mean_diversity=0.162000,
indivs=12480929, elapsed_secs=13708, mean=0.524882, stdev=0.154725, best fit=0.688100, best_overall=0.688100, mean_diversity=0.337028,
indivs=12491034, elapsed_secs=13719, mean=0.548597, stdev=0.213057, best fit=0.688100, best_overall=0.688100, mean_diversity=0.116146,
indivs=12501061, elapsed_secs=13729, mean=0.500059, stdev=0.100982, best fit=0.688100, best_overall=0.688100, mean_diversity=0.432296,
indivs=12511177, elapsed_secs=13741, mean=0.429848, stdev=0.217834, best fit=0.688100, best_overall=0.688100, mean_diversity=0.155152,
indivs=12521204, elapsed_secs=13752, mean=0.507436, stdev=0.062605, best fit=0.688100, best_overall=0.688100, mean_diversity=0.165270,
indivs=12531287, elapsed_secs=13765, mean=0.529981, stdev=0.164264, best fit=0.688100, best_overall=0.688100, mean_diversity=0.037991,
indivs=12541393, elapsed_secs=13780, mean=0.513758, stdev=0.213101, best fit=0.688100, best_overall=0.688100, mean_diversity=0.287955,
indivs=12551515, elapsed_secs=13792, mean=0.505069, stdev=0.211498, best fit=0.688100, best_overall=0.688100, mean_diversity=0.222043,
indivs=12561587, elapsed_secs=13806, mean=0.449536, stdev=0.160920, best fit=0.688100, best_overall=0.688100, mean_diversity=0.122083,
indivs=12571735, elapsed_secs=13817, mean=0.568138, stdev=0.165948, best fit=0.688100, best_overall=0.688100, mean_diversity=0.124362,
indivs=12581784, elapsed_secs=13829, mean=0.521905, stdev=0.082676, best fit=0.688100, best_overall=0.688100, mean_diversity=0.287283,
indivs=12591823, elapsed_secs=13840, mean=0.549343, stdev=0.136302, best fit=0.688100, best_overall=0.688100, mean_diversity=0.285449,
indivs=12601934, elapsed_secs=13851, mean=0.417523, stdev=0.201992, best fit=0.688100, best_overall=0.688100, mean_diversity=0.206925,
indivs=12612044, elapsed_secs=13864, mean=0.529589, stdev=0.196386, best fit=0.688100, best_overall=0.688100, mean_diversity=0.180499,
indivs=12622177, elapsed_secs=13878, mean=0.552037, stdev=0.164071, best fit=0.688100, best_overall=0.688100, mean_diversity=0.291420,
indivs=12632187, elapsed_secs=13890, mean=0.532212, stdev=0.159789, best fit=0.688100, best_overall=0.688100, mean_diversity=0.130414,
indivs=12642248, elapsed_secs=13902, mean=0.567985, stdev=0.193987, best fit=0.688100, best_overall=0.688100, mean_diversity=0.060058,
indivs=12652330, elapsed_secs=13915, mean=0.491628, stdev=0.092166, best fit=0.688100, best_overall=0.688100, mean_diversity=0.133187,
indivs=12662474, elapsed_secs=13927, mean=0.561392, stdev=0.177509, best fit=0.688100, best_overall=0.688100, mean_diversity=0.117567,
indivs=12672536, elapsed_secs=13939, mean=0.500358, stdev=0.210666, best fit=0.688100, best_overall=0.688100, mean_diversity=0.183191,
indivs=12682559, elapsed_secs=13950, mean=0.501877, stdev=0.018716, best fit=0.688100, best_overall=0.688100, mean_diversity=0.110528,
indivs=12692670, elapsed_secs=13964, mean=0.578268, stdev=0.173112, best fit=0.688100, best_overall=0.688100, mean_diversity=0.078163,
indivs=12702680, elapsed_secs=13977, mean=0.519712, stdev=0.159876, best fit=0.688100, best_overall=0.688100, mean_diversity=0.166147,
indivs=12712702, elapsed_secs=13988, mean=0.558128, stdev=0.152374, best fit=0.688100, best_overall=0.688100, mean_diversity=0.153304,
indivs=12722731, elapsed_secs=14000, mean=0.498607, stdev=0.039822, best fit=0.688100, best_overall=0.688100, mean_diversity=0.127966,
indivs=12732744, elapsed_secs=14011, mean=0.528202, stdev=0.092040, best fit=0.688100, best_overall=0.688100, mean_diversity=0.241508,
indivs=12742795, elapsed_secs=14022, mean=0.514581, stdev=0.158302, best fit=0.688100, best_overall=0.688100, mean_diversity=0.221609,
indivs=12752821, elapsed_secs=14035, mean=0.506169, stdev=0.131882, best fit=0.688100, best_overall=0.688100, mean_diversity=0.344958,
indivs=12762831, elapsed_secs=14050, mean=0.497532, stdev=0.123732, best fit=0.688100, best_overall=0.688100, mean_diversity=0.296238,
indivs=12772887, elapsed_secs=14063, mean=0.534234, stdev=0.145113, best fit=0.688100, best_overall=0.688100, mean_diversity=0.200161,
indivs=12782933, elapsed_secs=14076, mean=0.482857, stdev=0.149918, best fit=0.688100, best_overall=0.688100, mean_diversity=0.218970,
indivs=12792993, elapsed_secs=14090, mean=0.560486, stdev=0.116445, best fit=0.688100, best_overall=0.688100, mean_diversity=0.237183,
indivs=12803054, elapsed_secs=14101, mean=0.555563, stdev=0.180702, best fit=0.688100, best_overall=0.688100, mean_diversity=0.180387,
indivs=12813141, elapsed_secs=14113, mean=0.495037, stdev=0.111844, best fit=0.688100, best_overall=0.688100, mean_diversity=0.156471,
indivs=12823207, elapsed_secs=14126, mean=0.494838, stdev=0.139330, best fit=0.688100, best_overall=0.688100, mean_diversity=0.524301,
indivs=12833225, elapsed_secs=14139, mean=0.489361, stdev=0.089820, best fit=0.688100, best_overall=0.688100, mean_diversity=0.101529,
indivs=12843270, elapsed_secs=14151, mean=0.498050, stdev=0.126459, best fit=0.688100, best_overall=0.688100, mean_diversity=0.328921,
indivs=12853373, elapsed_secs=14163, mean=0.492790, stdev=0.124977, best fit=0.688100, best_overall=0.688100, mean_diversity=0.262727,
indivs=12863477, elapsed_secs=14174, mean=0.546735, stdev=0.114902, best fit=0.688100, best_overall=0.688100, mean_diversity=0.102837,
indivs=12873478, elapsed_secs=14186, mean=0.554135, stdev=0.117427, best fit=0.688100, best_overall=0.688100, mean_diversity=0.241050,
indivs=12883515, elapsed_secs=14199, mean=0.509737, stdev=0.133155, best fit=0.688100, best_overall=0.688100, mean_diversity=0.310415,
indivs=12893648, elapsed_secs=14211, mean=0.552620, stdev=0.126663, best fit=0.688100, best_overall=0.688100, mean_diversity=0.222469,
indivs=12903681, elapsed_secs=14225, mean=0.540996, stdev=0.137718, best fit=0.688100, best_overall=0.688100, mean_diversity=0.213296,
indivs=12913728, elapsed_secs=14235, mean=0.504315, stdev=0.031135, best fit=0.688100, best_overall=0.688100, mean_diversity=0.168936,
indivs=12923877, elapsed_secs=14247, mean=0.575512, stdev=0.175090, best fit=0.688100, best_overall=0.688100, mean_diversity=0.096531,
indivs=12933880, elapsed_secs=14260, mean=0.503455, stdev=0.059695, best fit=0.688100, best_overall=0.688100, mean_diversity=0.106440,
indivs=12943905, elapsed_secs=14272, mean=0.551596, stdev=0.143925, best fit=0.688100, best_overall=0.688100, mean_diversity=0.158438,
indivs=12953944, elapsed_secs=14285, mean=0.535389, stdev=0.193668, best fit=0.688100, best_overall=0.688100, mean_diversity=0.173945,
indivs=12963994, elapsed_secs=14298, mean=0.567787, stdev=0.096516, best fit=0.688100, best_overall=0.688100, mean_diversity=0.163094,
indivs=12974096, elapsed_secs=14309, mean=0.536440, stdev=0.160384, best fit=0.688100, best_overall=0.688100, mean_diversity=0.243820,
indivs=12984148, elapsed_secs=14322, mean=0.498078, stdev=0.223091, best fit=0.688100, best_overall=0.688100, mean_diversity=0.179754,
indivs=12994154, elapsed_secs=14334, mean=0.513330, stdev=0.196248, best fit=0.688100, best_overall=0.688100, mean_diversity=0.135525,
indivs=13004242, elapsed_secs=14347, mean=0.490278, stdev=0.092941, best fit=0.688100, best_overall=0.688100, mean_diversity=0.161145,
indivs=13014380, elapsed_secs=14361, mean=0.520892, stdev=0.192367, best fit=0.688100, best_overall=0.688100, mean_diversity=0.138776,
indivs=13024388, elapsed_secs=14375, mean=0.512039, stdev=0.110071, best fit=0.688100, best_overall=0.688100, mean_diversity=0.311760,
indivs=13034479, elapsed_secs=14389, mean=0.503475, stdev=0.137505, best fit=0.688100, best_overall=0.688100, mean_diversity=0.362538,
indivs=13044550, elapsed_secs=14401, mean=0.525118, stdev=0.062386, best fit=0.688100, best_overall=0.688100, mean_diversity=0.197197,
indivs=13054660, elapsed_secs=14414, mean=0.534432, stdev=0.147273, best fit=0.688100, best_overall=0.688100, mean_diversity=0.308496,
indivs=13064711, elapsed_secs=14426, mean=0.501881, stdev=0.018716, best fit=0.688100, best_overall=0.688100, mean_diversity=0.040990,
indivs=13074799, elapsed_secs=14437, mean=0.577341, stdev=0.184478, best fit=0.688100, best_overall=0.688100, mean_diversity=0.248404,
indivs=13084882, elapsed_secs=14450, mean=0.465739, stdev=0.150776, best fit=0.688100, best_overall=0.688100, mean_diversity=0.376783,
indivs=13094883, elapsed_secs=14465, mean=0.509136, stdev=0.097111, best fit=0.688100, best_overall=0.688100, mean_diversity=0.266725,
indivs=13104947, elapsed_secs=14480, mean=0.509444, stdev=0.038241, best fit=0.688100, best_overall=0.688100, mean_diversity=0.171865,
indivs=13115010, elapsed_secs=14491, mean=0.505791, stdev=0.106238, best fit=0.688100, best_overall=0.688100, mean_diversity=0.400157,
indivs=13125035, elapsed_secs=14503, mean=0.494877, stdev=0.054567, best fit=0.688100, best_overall=0.688100, mean_diversity=0.206650,
indivs=13135036, elapsed_secs=14514, mean=0.518470, stdev=0.131554, best fit=0.688100, best_overall=0.688100, mean_diversity=0.285419,
indivs=13145048, elapsed_secs=14528, mean=0.588557, stdev=0.145008, best fit=0.688100, best_overall=0.688100, mean_diversity=0.167904,
indivs=13155176, elapsed_secs=14538, mean=0.500664, stdev=0.231628, best fit=0.688100, best_overall=0.688100, mean_diversity=0.143552,
indivs=13165275, elapsed_secs=14550, mean=0.517848, stdev=0.133235, best fit=0.688100, best_overall=0.688100, mean_diversity=0.340751,
indivs=13175340, elapsed_secs=14562, mean=0.481999, stdev=0.088102, best fit=0.688100, best_overall=0.688100, mean_diversity=0.099917,
indivs=13185445, elapsed_secs=14573, mean=0.446770, stdev=0.225492, best fit=0.688100, best_overall=0.688100, mean_diversity=0.190703,
indivs=13195569, elapsed_secs=14584, mean=0.565743, stdev=0.115100, best fit=0.688100, best_overall=0.688100, mean_diversity=0.261891,
indivs=13205623, elapsed_secs=14597, mean=0.496971, stdev=0.192055, best fit=0.688100, best_overall=0.688100, mean_diversity=0.238458,
indivs=13215644, elapsed_secs=14609, mean=0.533999, stdev=0.222828, best fit=0.688100, best_overall=0.688100, mean_diversity=0.085984,
indivs=13225778, elapsed_secs=14621, mean=0.586867, stdev=0.085691, best fit=0.688100, best_overall=0.688100, mean_diversity=0.101196,
indivs=13235881, elapsed_secs=14632, mean=0.478215, stdev=0.142276, best fit=0.688100, best_overall=0.688100, mean_diversity=0.180622,
indivs=13245946, elapsed_secs=14646, mean=0.510280, stdev=0.036813, best fit=0.688100, best_overall=0.688100, mean_diversity=0.130398,
indivs=13256059, elapsed_secs=14658, mean=0.482133, stdev=0.229946, best fit=0.688100, best_overall=0.688100, mean_diversity=0.130634,
indivs=13266129, elapsed_secs=14672, mean=0.520214, stdev=0.181809, best fit=0.688100, best_overall=0.688100, mean_diversity=0.305054,
indivs=13276132, elapsed_secs=14683, mean=0.559894, stdev=0.172302, best fit=0.688100, best_overall=0.688100, mean_diversity=0.184058,
indivs=13286257, elapsed_secs=14695, mean=0.570446, stdev=0.143236, best fit=0.688100, best_overall=0.688100, mean_diversity=0.259818,
indivs=13296323, elapsed_secs=14708, mean=0.523200, stdev=0.151727, best fit=0.688100, best_overall=0.688100, mean_diversity=0.273353,
indivs=13306439, elapsed_secs=14720, mean=0.535948, stdev=0.157645, best fit=0.688100, best_overall=0.688100, mean_diversity=0.237919,
indivs=13316463, elapsed_secs=14732, mean=0.526525, stdev=0.079979, best fit=0.688100, best_overall=0.688100, mean_diversity=0.229398,
indivs=13326504, elapsed_secs=14742, mean=0.517780, stdev=0.116527, best fit=0.688100, best_overall=0.688100, mean_diversity=0.194415,
indivs=13336631, elapsed_secs=14755, mean=0.543743, stdev=0.222532, best fit=0.688100, best_overall=0.688100, mean_diversity=0.095150,
indivs=13346681, elapsed_secs=14767, mean=0.549219, stdev=0.115498, best fit=0.688100, best_overall=0.688100, mean_diversity=0.300672,
indivs=13356705, elapsed_secs=14779, mean=0.546053, stdev=0.080772, best fit=0.688100, best_overall=0.688100, mean_diversity=0.277268,
indivs=13366740, elapsed_secs=14789, mean=0.508289, stdev=0.158805, best fit=0.688100, best_overall=0.688100, mean_diversity=0.398224,
indivs=13376799, elapsed_secs=14800, mean=0.500403, stdev=0.116281, best fit=0.688100, best_overall=0.688100, mean_diversity=0.369627,
indivs=13386855, elapsed_secs=14812, mean=0.465738, stdev=0.140815, best fit=0.688100, best_overall=0.688100, mean_diversity=0.184182,
indivs=13396881, elapsed_secs=14825, mean=0.526469, stdev=0.184354, best fit=0.688100, best_overall=0.688100, mean_diversity=0.280418,
indivs=13406941, elapsed_secs=14838, mean=0.526795, stdev=0.161703, best fit=0.688100, best_overall=0.688100, mean_diversity=0.281139,
indivs=13416981, elapsed_secs=14851, mean=0.471626, stdev=0.234403, best fit=0.688100, best_overall=0.688100, mean_diversity=0.207664,
indivs=13427020, elapsed_secs=14864, mean=0.528283, stdev=0.179734, best fit=0.688100, best_overall=0.688100, mean_diversity=0.247917,
indivs=13437126, elapsed_secs=14876, mean=0.585184, stdev=0.120387, best fit=0.688100, best_overall=0.688100, mean_diversity=0.176016,
indivs=13447127, elapsed_secs=14889, mean=0.544548, stdev=0.099457, best fit=0.688100, best_overall=0.688100, mean_diversity=0.281634,
indivs=13457158, elapsed_secs=14899, mean=0.498161, stdev=0.077618, best fit=0.688100, best_overall=0.688100, mean_diversity=0.199240,
indivs=13467168, elapsed_secs=14910, mean=0.487025, stdev=0.130088, best fit=0.688100, best_overall=0.688100, mean_diversity=0.244143,
indivs=13477265, elapsed_secs=14923, mean=0.450775, stdev=0.153391, best fit=0.688100, best_overall=0.688100, mean_diversity=0.402430,
indivs=13487326, elapsed_secs=14935, mean=0.517445, stdev=0.140095, best fit=0.688100, best_overall=0.688100, mean_diversity=0.236083,
indivs=13497330, elapsed_secs=14948, mean=0.561070, stdev=0.174827, best fit=0.688100, best_overall=0.688100, mean_diversity=0.240431,
indivs=13507379, elapsed_secs=14961, mean=0.618212, stdev=0.068312, best fit=0.688100, best_overall=0.688100, mean_diversity=0.139259,
indivs=13517435, elapsed_secs=14972, mean=0.519647, stdev=0.161663, best fit=0.688100, best_overall=0.688100, mean_diversity=0.313407,
indivs=13527558, elapsed_secs=14985, mean=0.546303, stdev=0.162581, best fit=0.688100, best_overall=0.688100, mean_diversity=0.130000,
indivs=13537595, elapsed_secs=14995, mean=0.550873, stdev=0.098223, best fit=0.688100, best_overall=0.688100, mean_diversity=0.125146,
indivs=13547625, elapsed_secs=15005, mean=0.556929, stdev=0.157431, best fit=0.688100, best_overall=0.688100, mean_diversity=0.181584,
indivs=13557672, elapsed_secs=15016, mean=0.538550, stdev=0.205492, best fit=0.688100, best_overall=0.688100, mean_diversity=0.145971,
indivs=13567691, elapsed_secs=15028, mean=0.500205, stdev=0.058681, best fit=0.688100, best_overall=0.688100, mean_diversity=0.108954,
indivs=13577751, elapsed_secs=15039, mean=0.538196, stdev=0.170784, best fit=0.688100, best_overall=0.688100, mean_diversity=0.206233,
indivs=13587813, elapsed_secs=15050, mean=0.471679, stdev=0.167116, best fit=0.688100, best_overall=0.688100, mean_diversity=0.387792,
indivs=13597937, elapsed_secs=15064, mean=0.567202, stdev=0.202651, best fit=0.688100, best_overall=0.688100, mean_diversity=0.104480,
indivs=13608007, elapsed_secs=15077, mean=0.449866, stdev=0.206553, best fit=0.688100, best_overall=0.688100, mean_diversity=0.357586,
indivs=13618141, elapsed_secs=15089, mean=0.572434, stdev=0.194108, best fit=0.688100, best_overall=0.688100, mean_diversity=0.086512,
indivs=13628148, elapsed_secs=15101, mean=0.501176, stdev=0.083421, best fit=0.688100, best_overall=0.688100, mean_diversity=0.204686,
indivs=13638195, elapsed_secs=15114, mean=0.533629, stdev=0.219890, best fit=0.688100, best_overall=0.688100, mean_diversity=0.128683,
indivs=13648268, elapsed_secs=15126, mean=0.514851, stdev=0.148596, best fit=0.688100, best_overall=0.688100, mean_diversity=0.271116,
indivs=13658360, elapsed_secs=15139, mean=0.532161, stdev=0.120942, best fit=0.688100, best_overall=0.688100, mean_diversity=0.288777,
indivs=13668365, elapsed_secs=15150, mean=0.555727, stdev=0.210605, best fit=0.688100, best_overall=0.688100, mean_diversity=0.067475,
indivs=13678405, elapsed_secs=15162, mean=0.491217, stdev=0.210595, best fit=0.688100, best_overall=0.688100, mean_diversity=0.141607,
indivs=13688469, elapsed_secs=15174, mean=0.498328, stdev=0.092917, best fit=0.688100, best_overall=0.688100, mean_diversity=0.251684,
indivs=13698544, elapsed_secs=15185, mean=0.552982, stdev=0.184266, best fit=0.688100, best_overall=0.688100, mean_diversity=0.149312,
indivs=13708658, elapsed_secs=15197, mean=0.515754, stdev=0.075710, best fit=0.688100, best_overall=0.688100, mean_diversity=0.313202,
indivs=13718666, elapsed_secs=15210, mean=0.533857, stdev=0.155304, best fit=0.688100, best_overall=0.688100, mean_diversity=0.180183,
indivs=13728760, elapsed_secs=15222, mean=0.485959, stdev=0.219204, best fit=0.688100, best_overall=0.688100, mean_diversity=0.164490,
indivs=13738831, elapsed_secs=15234, mean=0.570320, stdev=0.132366, best fit=0.688100, best_overall=0.688100, mean_diversity=0.228532,
indivs=13748840, elapsed_secs=15246, mean=0.505428, stdev=0.030878, best fit=0.688100, best_overall=0.688100, mean_diversity=0.181121,
indivs=13758987, elapsed_secs=15260, mean=0.546142, stdev=0.181266, best fit=0.688100, best_overall=0.688100, mean_diversity=0.171191,
indivs=13769085, elapsed_secs=15272, mean=0.533528, stdev=0.105485, best fit=0.688100, best_overall=0.688100, mean_diversity=0.187259,
indivs=13779191, elapsed_secs=15284, mean=0.565256, stdev=0.147929, best fit=0.688100, best_overall=0.688100, mean_diversity=0.122882,
indivs=13789263, elapsed_secs=15296, mean=0.519019, stdev=0.123279, best fit=0.688100, best_overall=0.688100, mean_diversity=0.389554,
indivs=13799289, elapsed_secs=15310, mean=0.442500, stdev=0.233518, best fit=0.688100, best_overall=0.688100, mean_diversity=0.151713,
indivs=13809396, elapsed_secs=15324, mean=0.523012, stdev=0.182918, best fit=0.688100, best_overall=0.688100, mean_diversity=0.283813,
indivs=13819500, elapsed_secs=15338, mean=0.529669, stdev=0.176975, best fit=0.688100, best_overall=0.688100, mean_diversity=0.194096,
indivs=13829554, elapsed_secs=15348, mean=0.420756, stdev=0.231648, best fit=0.688100, best_overall=0.688100, mean_diversity=0.319595,
indivs=13839700, elapsed_secs=15362, mean=0.529693, stdev=0.192114, best fit=0.688100, best_overall=0.688100, mean_diversity=0.122950,
indivs=13849738, elapsed_secs=15374, mean=0.501862, stdev=0.018718, best fit=0.688100, best_overall=0.688100, mean_diversity=0.088834,
indivs=13859838, elapsed_secs=15386, mean=0.572297, stdev=0.144395, best fit=0.688100, best_overall=0.688100, mean_diversity=0.106593,
indivs=13869894, elapsed_secs=15397, mean=0.529454, stdev=0.101181, best fit=0.688100, best_overall=0.688100, mean_diversity=0.304512,
indivs=13879925, elapsed_secs=15410, mean=0.523932, stdev=0.185637, best fit=0.688100, best_overall=0.688100, mean_diversity=0.269542,
indivs=13889958, elapsed_secs=15421, mean=0.494515, stdev=0.107380, best fit=0.688100, best_overall=0.688100, mean_diversity=0.162500,
indivs=13899988, elapsed_secs=15432, mean=0.504530, stdev=0.211142, best fit=0.688100, best_overall=0.688100, mean_diversity=0.217839,
indivs=13909988, elapsed_secs=15444, mean=0.502031, stdev=0.191995, best fit=0.688100, best_overall=0.688100, mean_diversity=0.229599,
indivs=13920040, elapsed_secs=15455, mean=0.570202, stdev=0.078023, best fit=0.688100, best_overall=0.688100, mean_diversity=0.241935,
indivs=13930119, elapsed_secs=15467, mean=0.501881, stdev=0.018716, best fit=0.688100, best_overall=0.688100, mean_diversity=0.090361,
indivs=13940122, elapsed_secs=15479, mean=0.524201, stdev=0.073678, best fit=0.688100, best_overall=0.688100, mean_diversity=0.321512,
indivs=13950238, elapsed_secs=15493, mean=0.539906, stdev=0.178466, best fit=0.688100, best_overall=0.688100, mean_diversity=0.229357,
indivs=13960334, elapsed_secs=15505, mean=0.502285, stdev=0.192356, best fit=0.688100, best_overall=0.688100, mean_diversity=0.286198,
indivs=13970419, elapsed_secs=15518, mean=0.489881, stdev=0.072467, best fit=0.688100, best_overall=0.688100, mean_diversity=0.150266,
indivs=13980427, elapsed_secs=15530, mean=0.574838, stdev=0.164682, best fit=0.688100, best_overall=0.688100, mean_diversity=0.089965,
indivs=13990459, elapsed_secs=15542, mean=0.521954, stdev=0.051983, best fit=0.688100, best_overall=0.688100, mean_diversity=0.304899,
indivs=14000489, elapsed_secs=15555, mean=0.498801, stdev=0.056022, best fit=0.688100, best_overall=0.688100, mean_diversity=0.169320,
indivs=14010611, elapsed_secs=15566, mean=0.480809, stdev=0.182398, best fit=0.688100, best_overall=0.688100, mean_diversity=0.328522,
indivs=14020677, elapsed_secs=15579, mean=0.525083, stdev=0.177887, best fit=0.688100, best_overall=0.688100, mean_diversity=0.291572,
indivs=14030755, elapsed_secs=15593, mean=0.498416, stdev=0.182535, best fit=0.688100, best_overall=0.688100, mean_diversity=0.218750,
indivs=14040784, elapsed_secs=15604, mean=0.503649, stdev=0.025555, best fit=0.688100, best_overall=0.688100, mean_diversity=0.061792,
indivs=14050829, elapsed_secs=15616, mean=0.603093, stdev=0.121021, best fit=0.688100, best_overall=0.688100, mean_diversity=0.082513,
indivs=14060844, elapsed_secs=15628, mean=0.533196, stdev=0.166750, best fit=0.688100, best_overall=0.688100, mean_diversity=0.315000,
indivs=14070938, elapsed_secs=15641, mean=0.545753, stdev=0.180479, best fit=0.688100, best_overall=0.688100, mean_diversity=0.258283,
indivs=14081000, elapsed_secs=15655, mean=0.482812, stdev=0.101988, best fit=0.688100, best_overall=0.688100, mean_diversity=0.200887,
indivs=14091054, elapsed_secs=15667, mean=0.519864, stdev=0.112037, best fit=0.688100, best_overall=0.688100, mean_diversity=0.320849,
indivs=14101154, elapsed_secs=15680, mean=0.502317, stdev=0.161199, best fit=0.688100, best_overall=0.688100, mean_diversity=0.341776,
indivs=14111240, elapsed_secs=15690, mean=0.451141, stdev=0.160979, best fit=0.688100, best_overall=0.688100, mean_diversity=0.154165,
indivs=14121280, elapsed_secs=15703, mean=0.517473, stdev=0.187998, best fit=0.688100, best_overall=0.688100, mean_diversity=0.315174,
indivs=14131331, elapsed_secs=15716, mean=0.510282, stdev=0.136612, best fit=0.688100, best_overall=0.688100, mean_diversity=0.181611,
indivs=14141420, elapsed_secs=15730, mean=0.524221, stdev=0.117034, best fit=0.688100, best_overall=0.688100, mean_diversity=0.381895,
indivs=14151525, elapsed_secs=15741, mean=0.517811, stdev=0.191997, best fit=0.688100, best_overall=0.688100, mean_diversity=0.147102,
indivs=14161606, elapsed_secs=15753, mean=0.497158, stdev=0.023991, best fit=0.688100, best_overall=0.688100, mean_diversity=0.086554,
indivs=14171640, elapsed_secs=15766, mean=0.524480, stdev=0.112896, best fit=0.688100, best_overall=0.688100, mean_diversity=0.339805,
indivs=14181737, elapsed_secs=15778, mean=0.497320, stdev=0.160965, best fit=0.688100, best_overall=0.688100, mean_diversity=0.263506,
indivs=14191833, elapsed_secs=15791, mean=0.521670, stdev=0.118875, best fit=0.688100, best_overall=0.688100, mean_diversity=0.243326,
indivs=14201954, elapsed_secs=15804, mean=0.537147, stdev=0.134750, best fit=0.688100, best_overall=0.688100, mean_diversity=0.327238,
indivs=14211982, elapsed_secs=15815, mean=0.584465, stdev=0.164952, best fit=0.688100, best_overall=0.688100, mean_diversity=0.127268,
indivs=14222030, elapsed_secs=15827, mean=0.555044, stdev=0.168125, best fit=0.688100, best_overall=0.688100, mean_diversity=0.052571,
indivs=14232083, elapsed_secs=15839, mean=0.536252, stdev=0.158931, best fit=0.688100, best_overall=0.688100, mean_diversity=0.264005,
indivs=14242091, elapsed_secs=15853, mean=0.540661, stdev=0.115426, best fit=0.688100, best_overall=0.688100, mean_diversity=0.369500,
indivs=14252156, elapsed_secs=15863, mean=0.523856, stdev=0.101422, best fit=0.688100, best_overall=0.688100, mean_diversity=0.277297,
indivs=14262223, elapsed_secs=15877, mean=0.545368, stdev=0.112290, best fit=0.688100, best_overall=0.688100, mean_diversity=0.315388,
indivs=14272299, elapsed_secs=15889, mean=0.508367, stdev=0.200277, best fit=0.688100, best_overall=0.688100, mean_diversity=0.253804,
indivs=14282413, elapsed_secs=15901, mean=0.540807, stdev=0.125491, best fit=0.688100, best_overall=0.688100, mean_diversity=0.332071,
indivs=14292499, elapsed_secs=15913, mean=0.511109, stdev=0.180359, best fit=0.688100, best_overall=0.688100, mean_diversity=0.241254,
indivs=14302519, elapsed_secs=15926, mean=0.526279, stdev=0.143513, best fit=0.688100, best_overall=0.688100, mean_diversity=0.282727,
indivs=14312606, elapsed_secs=15939, mean=0.580271, stdev=0.153586, best fit=0.688100, best_overall=0.688100, mean_diversity=0.181079,
indivs=14322668, elapsed_secs=15951, mean=0.520342, stdev=0.046398, best fit=0.688100, best_overall=0.688100, mean_diversity=0.346872,
indivs=14332707, elapsed_secs=15962, mean=0.506645, stdev=0.115464, best fit=0.688100, best_overall=0.688100, mean_diversity=0.232348,
indivs=14342726, elapsed_secs=15977, mean=0.504032, stdev=0.067023, best fit=0.688100, best_overall=0.688100, mean_diversity=0.294380,
indivs=14352728, elapsed_secs=15990, mean=0.503182, stdev=0.022648, best fit=0.688100, best_overall=0.688100, mean_diversity=0.037772,
indivs=14362836, elapsed_secs=16001, mean=0.539162, stdev=0.192907, best fit=0.688100, best_overall=0.688100, mean_diversity=0.159348,
indivs=14372921, elapsed_secs=16015, mean=0.513926, stdev=0.174479, best fit=0.688100, best_overall=0.688100, mean_diversity=0.143211,
indivs=14382959, elapsed_secs=16028, mean=0.516502, stdev=0.127275, best fit=0.688100, best_overall=0.688100, mean_diversity=0.340764,
indivs=14392980, elapsed_secs=16041, mean=0.557447, stdev=0.105811, best fit=0.688100, best_overall=0.688100, mean_diversity=0.402651,
indivs=14403030, elapsed_secs=16052, mean=0.528693, stdev=0.190324, best fit=0.688100, best_overall=0.688100, mean_diversity=0.062955,
indivs=14413098, elapsed_secs=16063, mean=0.519519, stdev=0.150012, best fit=0.688100, best_overall=0.688100, mean_diversity=0.192311,
indivs=14423157, elapsed_secs=16076, mean=0.496171, stdev=0.214799, best fit=0.688100, best_overall=0.688100, mean_diversity=0.150375,
indivs=14433260, elapsed_secs=16086, mean=0.568100, stdev=0.095299, best fit=0.688100, best_overall=0.688100, mean_diversity=0.053015,
indivs=14443280, elapsed_secs=16099, mean=0.525665, stdev=0.192971, best fit=0.688100, best_overall=0.688100, mean_diversity=0.163238,
indivs=14453387, elapsed_secs=16109, mean=0.529528, stdev=0.219036, best fit=0.688100, best_overall=0.688100, mean_diversity=0.200389,
indivs=14463477, elapsed_secs=16121, mean=0.527145, stdev=0.218297, best fit=0.688100, best_overall=0.688100, mean_diversity=0.093796,
indivs=14473620, elapsed_secs=16134, mean=0.533823, stdev=0.215950, best fit=0.688100, best_overall=0.688100, mean_diversity=0.137314,
indivs=14483680, elapsed_secs=16146, mean=0.488805, stdev=0.098620, best fit=0.688100, best_overall=0.688100, mean_diversity=0.209825,
indivs=14493797, elapsed_secs=16157, mean=0.540623, stdev=0.152130, best fit=0.688100, best_overall=0.688100, mean_diversity=0.255983,
indivs=14503906, elapsed_secs=16170, mean=0.540651, stdev=0.146459, best fit=0.688100, best_overall=0.688100, mean_diversity=0.325202,
indivs=14514016, elapsed_secs=16182, mean=0.532718, stdev=0.145550, best fit=0.688100, best_overall=0.688100, mean_diversity=0.197118,
indivs=14524097, elapsed_secs=16194, mean=0.501881, stdev=0.018716, best fit=0.688100, best_overall=0.688100, mean_diversity=0.048213,
indivs=14534114, elapsed_secs=16207, mean=0.566239, stdev=0.160982, best fit=0.688100, best_overall=0.688100, mean_diversity=0.119067,
indivs=14544136, elapsed_secs=16219, mean=0.503470, stdev=0.185421, best fit=0.688100, best_overall=0.688100, mean_diversity=0.104570,
indivs=14554167, elapsed_secs=16230, mean=0.492866, stdev=0.074802, best fit=0.688100, best_overall=0.688100, mean_diversity=0.105635,
indivs=14564264, elapsed_secs=16243, mean=0.508687, stdev=0.177287, best fit=0.688100, best_overall=0.688100, mean_diversity=0.130155,
indivs=14574334, elapsed_secs=16256, mean=0.577796, stdev=0.169288, best fit=0.688100, best_overall=0.688100, mean_diversity=0.123337,
indivs=14584419, elapsed_secs=16267, mean=0.503018, stdev=0.025720, best fit=0.688100, best_overall=0.688100, mean_diversity=0.189727,
indivs=14594479, elapsed_secs=16280, mean=0.495511, stdev=0.093207, best fit=0.688100, best_overall=0.688100, mean_diversity=0.194420,
indivs=14604604, elapsed_secs=16294, mean=0.550320, stdev=0.096328, best fit=0.688100, best_overall=0.688100, mean_diversity=0.323136,
indivs=14614616, elapsed_secs=16305, mean=0.501804, stdev=0.018731, best fit=0.688100, best_overall=0.688100, mean_diversity=0.053179,
indivs=14624683, elapsed_secs=16318, mean=0.505900, stdev=0.066677, best fit=0.688100, best_overall=0.688100, mean_diversity=0.208140,
indivs=14634704, elapsed_secs=16331, mean=0.541148, stdev=0.150215, best fit=0.688100, best_overall=0.688100, mean_diversity=0.197470,
indivs=14644774, elapsed_secs=16343, mean=0.523955, stdev=0.190912, best fit=0.688100, best_overall=0.688100, mean_diversity=0.336061,
indivs=14654827, elapsed_secs=16357, mean=0.570441, stdev=0.209581, best fit=0.688100, best_overall=0.688100, mean_diversity=0.084384,
indivs=14664915, elapsed_secs=16367, mean=0.496638, stdev=0.145504, best fit=0.688100, best_overall=0.688100, mean_diversity=0.291755,
indivs=14674931, elapsed_secs=16379, mean=0.498484, stdev=0.230932, best fit=0.688100, best_overall=0.688100, mean_diversity=0.094033,
indivs=14684952, elapsed_secs=16392, mean=0.427924, stdev=0.238710, best fit=0.688100, best_overall=0.688100, mean_diversity=0.338151,
indivs=14695006, elapsed_secs=16404, mean=0.483195, stdev=0.232344, best fit=0.688100, best_overall=0.688100, mean_diversity=0.181944,
indivs=14705070, elapsed_secs=16416, mean=0.512126, stdev=0.169979, best fit=0.688100, best_overall=0.688100, mean_diversity=0.421545,
indivs=14715194, elapsed_secs=16430, mean=0.580299, stdev=0.118247, best fit=0.688100, best_overall=0.688100, mean_diversity=0.082015,
indivs=14725318, elapsed_secs=16440, mean=0.521853, stdev=0.197393, best fit=0.688100, best_overall=0.688100, mean_diversity=0.161992,
indivs=14735438, elapsed_secs=16452, mean=0.477439, stdev=0.245661, best fit=0.688100, best_overall=0.688100, mean_diversity=0.077412,
indivs=14745474, elapsed_secs=16465, mean=0.548022, stdev=0.181118, best fit=0.688100, best_overall=0.688100, mean_diversity=0.219371,
indivs=14755596, elapsed_secs=16479, mean=0.498598, stdev=0.190947, best fit=0.688100, best_overall=0.688100, mean_diversity=0.207345,
indivs=14765748, elapsed_secs=16491, mean=0.516511, stdev=0.206257, best fit=0.688100, best_overall=0.688100, mean_diversity=0.184143,
indivs=14775815, elapsed_secs=16503, mean=0.508393, stdev=0.139744, best fit=0.688100, best_overall=0.688100, mean_diversity=0.354572,
indivs=14785942, elapsed_secs=16517, mean=0.521616, stdev=0.173648, best fit=0.688100, best_overall=0.688100, mean_diversity=0.291896,
indivs=14795969, elapsed_secs=16531, mean=0.524941, stdev=0.101662, best fit=0.688100, best_overall=0.688100, mean_diversity=0.421982,
indivs=14806026, elapsed_secs=16541, mean=0.481691, stdev=0.117091, best fit=0.688100, best_overall=0.688100, mean_diversity=0.167832,
indivs=14816030, elapsed_secs=16556, mean=0.513288, stdev=0.172347, best fit=0.688100, best_overall=0.688100, mean_diversity=0.125652,
indivs=14826069, elapsed_secs=16568, mean=0.562059, stdev=0.108231, best fit=0.688100, best_overall=0.688100, mean_diversity=0.246263,
indivs=14836072, elapsed_secs=16579, mean=0.551488, stdev=0.186927, best fit=0.688100, best_overall=0.688100, mean_diversity=0.132127,
indivs=14846117, elapsed_secs=16591, mean=0.556032, stdev=0.208583, best fit=0.688100, best_overall=0.688100, mean_diversity=0.133650,
indivs=14856228, elapsed_secs=16602, mean=0.519784, stdev=0.132164, best fit=0.688100, best_overall=0.688100, mean_diversity=0.230714,
indivs=14866245, elapsed_secs=16614, mean=0.513766, stdev=0.161815, best fit=0.688100, best_overall=0.688100, mean_diversity=0.237752,
indivs=14876372, elapsed_secs=16627, mean=0.571257, stdev=0.194129, best fit=0.688100, best_overall=0.688100, mean_diversity=0.078787,
indivs=14886418, elapsed_secs=16640, mean=0.524569, stdev=0.155936, best fit=0.688100, best_overall=0.688100, mean_diversity=0.217513,
indivs=14896435, elapsed_secs=16652, mean=0.485725, stdev=0.204415, best fit=0.688100, best_overall=0.688100, mean_diversity=0.124192,
indivs=14906440, elapsed_secs=16664, mean=0.442461, stdev=0.162998, best fit=0.688100, best_overall=0.688100, mean_diversity=0.172603,
indivs=14916511, elapsed_secs=16675, mean=0.518741, stdev=0.053371, best fit=0.688100, best_overall=0.688100, mean_diversity=0.147942,
indivs=14926583, elapsed_secs=16687, mean=0.588097, stdev=0.116047, best fit=0.688100, best_overall=0.688100, mean_diversity=0.238257,
indivs=14936693, elapsed_secs=16701, mean=0.557188, stdev=0.191957, best fit=0.688100, best_overall=0.688100, mean_diversity=0.092275,
indivs=14946769, elapsed_secs=16713, mean=0.512762, stdev=0.124529, best fit=0.688100, best_overall=0.688100, mean_diversity=0.148326,
indivs=14956772, elapsed_secs=16725, mean=0.501020, stdev=0.083533, best fit=0.688100, best_overall=0.688100, mean_diversity=0.146377,
indivs=14966918, elapsed_secs=16737, mean=0.575172, stdev=0.185641, best fit=0.688100, best_overall=0.688100, mean_diversity=0.178892,
indivs=14976967, elapsed_secs=16748, mean=0.503872, stdev=0.021731, best fit=0.688100, best_overall=0.688100, mean_diversity=0.118813,
indivs=14987000, elapsed_secs=16758, mean=0.472633, stdev=0.120395, best fit=0.688100, best_overall=0.688100, mean_diversity=0.097364,
indivs=14997087, elapsed_secs=16772, mean=0.533525, stdev=0.155731, best fit=0.688100, best_overall=0.688100, mean_diversity=0.219664,
indivs=15007133, elapsed_secs=16786, mean=0.523111, stdev=0.029148, best fit=0.688100, best_overall=0.688100, mean_diversity=0.084269,
indivs=15017141, elapsed_secs=16798, mean=0.521915, stdev=0.184329, best fit=0.688100, best_overall=0.688100, mean_diversity=0.301614,
indivs=15027266, elapsed_secs=16809, mean=0.499949, stdev=0.196497, best fit=0.688100, best_overall=0.688100, mean_diversity=0.112872,
indivs=15037385, elapsed_secs=16821, mean=0.469307, stdev=0.164851, best fit=0.688100, best_overall=0.688100, mean_diversity=0.203458,
indivs=15047421, elapsed_secs=16833, mean=0.516099, stdev=0.131082, best fit=0.688100, best_overall=0.688100, mean_diversity=0.182304,
indivs=15057558, elapsed_secs=16846, mean=0.494227, stdev=0.228409, best fit=0.688100, best_overall=0.688100, mean_diversity=0.154597,
indivs=15067562, elapsed_secs=16856, mean=0.503915, stdev=0.104388, best fit=0.688100, best_overall=0.688100, mean_diversity=0.211324,
indivs=15077618, elapsed_secs=16868, mean=0.500929, stdev=0.019507, best fit=0.688100, best_overall=0.688100, mean_diversity=0.047340,
indivs=15087711, elapsed_secs=16882, mean=0.527584, stdev=0.109198, best fit=0.688100, best_overall=0.688100, mean_diversity=0.181812,
indivs=15097881, elapsed_secs=16893, mean=0.598908, stdev=0.140666, best fit=0.688100, best_overall=0.688100, mean_diversity=0.159140,
indivs=15107913, elapsed_secs=16904, mean=0.538651, stdev=0.167850, best fit=0.688100, best_overall=0.688100, mean_diversity=0.086362,
indivs=15117962, elapsed_secs=16916, mean=0.531365, stdev=0.080510, best fit=0.688100, best_overall=0.688100, mean_diversity=0.346278,
indivs=15128047, elapsed_secs=16930, mean=0.476737, stdev=0.111749, best fit=0.688100, best_overall=0.688100, mean_diversity=0.159528,
indivs=15138141, elapsed_secs=16941, mean=0.494625, stdev=0.111237, best fit=0.688100, best_overall=0.688100, mean_diversity=0.362865,
indivs=15148146, elapsed_secs=16953, mean=0.506732, stdev=0.068436, best fit=0.688100, best_overall=0.688100, mean_diversity=0.100178,
indivs=15158158, elapsed_secs=16964, mean=0.567318, stdev=0.174436, best fit=0.688100, best_overall=0.688100, mean_diversity=0.096205,
indivs=15168202, elapsed_secs=16977, mean=0.507544, stdev=0.106061, best fit=0.688100, best_overall=0.688100, mean_diversity=0.224386,
indivs=15178287, elapsed_secs=16990, mean=0.547086, stdev=0.206703, best fit=0.688100, best_overall=0.688100, mean_diversity=0.087298,
indivs=15188354, elapsed_secs=17003, mean=0.525352, stdev=0.198592, best fit=0.688100, best_overall=0.688100, mean_diversity=0.124191,
indivs=15198414, elapsed_secs=17014, mean=0.594679, stdev=0.152934, best fit=0.688100, best_overall=0.688100, mean_diversity=0.070844,
indivs=15208474, elapsed_secs=17028, mean=0.552928, stdev=0.188625, best fit=0.688100, best_overall=0.688100, mean_diversity=0.119592,
indivs=15218554, elapsed_secs=17041, mean=0.544843, stdev=0.145696, best fit=0.688100, best_overall=0.688100, mean_diversity=0.132144,
indivs=15228574, elapsed_secs=17054, mean=0.492487, stdev=0.204626, best fit=0.688100, best_overall=0.688100, mean_diversity=0.230136,
indivs=15238659, elapsed_secs=17066, mean=0.496399, stdev=0.053536, best fit=0.688100, best_overall=0.688100, mean_diversity=0.062843,
indivs=15248692, elapsed_secs=17080, mean=0.465355, stdev=0.216230, best fit=0.688100, best_overall=0.688100, mean_diversity=0.231758,
indivs=15258717, elapsed_secs=17093, mean=0.495799, stdev=0.142197, best fit=0.688100, best_overall=0.688100, mean_diversity=0.246845,
indivs=15268778, elapsed_secs=17106, mean=0.512204, stdev=0.149817, best fit=0.688100, best_overall=0.688100, mean_diversity=0.364016,
indivs=15278816, elapsed_secs=17118, mean=0.516985, stdev=0.118417, best fit=0.688100, best_overall=0.688100, mean_diversity=0.219200,
indivs=15288979, elapsed_secs=17130, mean=0.520334, stdev=0.243810, best fit=0.688100, best_overall=0.688100, mean_diversity=0.095266,
indivs=15299105, elapsed_secs=17140, mean=0.589798, stdev=0.083231, best fit=0.688100, best_overall=0.688100, mean_diversity=0.129608,
indivs=15309157, elapsed_secs=17152, mean=0.502425, stdev=0.101698, best fit=0.688100, best_overall=0.688100, mean_diversity=0.475196,
indivs=15319198, elapsed_secs=17164, mean=0.500868, stdev=0.020106, best fit=0.688100, best_overall=0.688100, mean_diversity=0.123733,
indivs=15329199, elapsed_secs=17174, mean=0.495214, stdev=0.172414, best fit=0.688100, best_overall=0.688100, mean_diversity=0.208018,
indivs=15339217, elapsed_secs=17186, mean=0.525337, stdev=0.197878, best fit=0.688100, best_overall=0.688100, mean_diversity=0.198014,
indivs=15349304, elapsed_secs=17196, mean=0.491907, stdev=0.072721, best fit=0.688100, best_overall=0.688100, mean_diversity=0.090064,
indivs=15359404, elapsed_secs=17207, mean=0.501243, stdev=0.146146, best fit=0.688100, best_overall=0.688100, mean_diversity=0.319628,
indivs=15369458, elapsed_secs=17218, mean=0.531127, stdev=0.204554, best fit=0.688100, best_overall=0.688100, mean_diversity=0.125393,
indivs=15379517, elapsed_secs=17229, mean=0.468036, stdev=0.141715, best fit=0.688100, best_overall=0.688100, mean_diversity=0.206230,
indivs=15389613, elapsed_secs=17244, mean=0.536793, stdev=0.166031, best fit=0.688100, best_overall=0.688100, mean_diversity=0.099286,
indivs=15399653, elapsed_secs=17257, mean=0.552583, stdev=0.113823, best fit=0.688100, best_overall=0.688100, mean_diversity=0.159337,
indivs=15409771, elapsed_secs=17271, mean=0.521935, stdev=0.141863, best fit=0.688100, best_overall=0.688100, mean_diversity=0.435000,
indivs=15419813, elapsed_secs=17281, mean=0.575989, stdev=0.167009, best fit=0.688100, best_overall=0.688100, mean_diversity=0.134988,
indivs=15429873, elapsed_secs=17295, mean=0.437334, stdev=0.179861, best fit=0.688100, best_overall=0.688100, mean_diversity=0.152779,
indivs=15439958, elapsed_secs=17306, mean=0.501881, stdev=0.018716, best fit=0.688100, best_overall=0.688100, mean_diversity=0.033545,
indivs=15450020, elapsed_secs=17317, mean=0.498362, stdev=0.105392, best fit=0.688100, best_overall=0.688100, mean_diversity=0.198778,
indivs=15460060, elapsed_secs=17329, mean=0.534487, stdev=0.106887, best fit=0.688100, best_overall=0.688100, mean_diversity=0.356726,
indivs=15470133, elapsed_secs=17340, mean=0.563863, stdev=0.182900, best fit=0.688100, best_overall=0.688100, mean_diversity=0.128497,
indivs=15480198, elapsed_secs=17353, mean=0.500135, stdev=0.134775, best fit=0.688100, best_overall=0.688100, mean_diversity=0.272817,
indivs=15490289, elapsed_secs=17365, mean=0.463570, stdev=0.207884, best fit=0.688100, best_overall=0.688100, mean_diversity=0.320092,
indivs=15500293, elapsed_secs=17379, mean=0.541965, stdev=0.091545, best fit=0.688100, best_overall=0.688100, mean_diversity=0.279394,
indivs=15510323, elapsed_secs=17391, mean=0.525702, stdev=0.243288, best fit=0.688100, best_overall=0.688100, mean_diversity=0.067645,
indivs=15520403, elapsed_secs=17403, mean=0.542380, stdev=0.146406, best fit=0.688100, best_overall=0.688100, mean_diversity=0.090286,
indivs=15530459, elapsed_secs=17417, mean=0.513087, stdev=0.222124, best fit=0.688100, best_overall=0.688100, mean_diversity=0.086455,
indivs=15540511, elapsed_secs=17429, mean=0.548470, stdev=0.162419, best fit=0.688100, best_overall=0.688100, mean_diversity=0.108949,
indivs=15550533, elapsed_secs=17440, mean=0.520931, stdev=0.197200, best fit=0.688100, best_overall=0.688100, mean_diversity=0.202576,
indivs=15560614, elapsed_secs=17452, mean=0.536423, stdev=0.204515, best fit=0.688100, best_overall=0.688100, mean_diversity=0.205455,
indivs=15570673, elapsed_secs=17465, mean=0.364401, stdev=0.276962, best fit=0.688100, best_overall=0.688100, mean_diversity=0.316159,
indivs=15580691, elapsed_secs=17477, mean=0.514937, stdev=0.136779, best fit=0.688100, best_overall=0.688100, mean_diversity=0.188989,
indivs=15590730, elapsed_secs=17487, mean=0.500821, stdev=0.020773, best fit=0.688100, best_overall=0.688100, mean_diversity=0.100588,
indivs=15600750, elapsed_secs=17498, mean=0.499476, stdev=0.164006, best fit=0.688100, best_overall=0.688100, mean_diversity=0.254765,
indivs=15610803, elapsed_secs=17510, mean=0.490691, stdev=0.109442, best fit=0.688100, best_overall=0.688100, mean_diversity=0.217094,
indivs=15620859, elapsed_secs=17524, mean=0.570115, stdev=0.142940, best fit=0.688100, best_overall=0.688100, mean_diversity=0.176720,
indivs=15630914, elapsed_secs=17536, mean=0.581141, stdev=0.100743, best fit=0.688100, best_overall=0.688100, mean_diversity=0.229599,
indivs=15641005, elapsed_secs=17549, mean=0.501039, stdev=0.219083, best fit=0.688100, best_overall=0.688100, mean_diversity=0.194533,
indivs=15651066, elapsed_secs=17563, mean=0.572146, stdev=0.158868, best fit=0.688100, best_overall=0.688100, mean_diversity=0.190492,
indivs=15661082, elapsed_secs=17575, mean=0.508700, stdev=0.161426, best fit=0.688100, best_overall=0.688100, mean_diversity=0.309153,
indivs=15671135, elapsed_secs=17587, mean=0.562960, stdev=0.164134, best fit=0.688100, best_overall=0.688100, mean_diversity=0.258939,
indivs=15681260, elapsed_secs=17599, mean=0.548945, stdev=0.136447, best fit=0.688100, best_overall=0.688100, mean_diversity=0.127801,
indivs=15691287, elapsed_secs=17611, mean=0.541019, stdev=0.179553, best fit=0.688100, best_overall=0.688100, mean_diversity=0.211043,
indivs=15701362, elapsed_secs=17623, mean=0.608972, stdev=0.137465, best fit=0.688100, best_overall=0.688100, mean_diversity=0.207893,
indivs=15711472, elapsed_secs=17637, mean=0.544756, stdev=0.193065, best fit=0.688100, best_overall=0.688100, mean_diversity=0.154723,
indivs=15721602, elapsed_secs=17649, mean=0.523769, stdev=0.190671, best fit=0.688100, best_overall=0.688100, mean_diversity=0.135796,
indivs=15731727, elapsed_secs=17661, mean=0.563941, stdev=0.127597, best fit=0.688100, best_overall=0.688100, mean_diversity=0.434273,
indivs=15741805, elapsed_secs=17673, mean=0.504317, stdev=0.102327, best fit=0.688100, best_overall=0.688100, mean_diversity=0.290333,
indivs=15751901, elapsed_secs=17686, mean=0.518390, stdev=0.168689, best fit=0.688100, best_overall=0.688100, mean_diversity=0.272567,
indivs=15761969, elapsed_secs=17697, mean=0.502026, stdev=0.018757, best fit=0.688100, best_overall=0.688100, mean_diversity=0.050265,
indivs=15772125, elapsed_secs=17709, mean=0.572378, stdev=0.141062, best fit=0.688100, best_overall=0.688100, mean_diversity=0.051578,
indivs=15782191, elapsed_secs=17720, mean=0.501639, stdev=0.018821, best fit=0.688100, best_overall=0.688100, mean_diversity=0.245052,
indivs=15792284, elapsed_secs=17734, mean=0.505512, stdev=0.105507, best fit=0.688100, best_overall=0.688100, mean_diversity=0.234442,
indivs=15802425, elapsed_secs=17748, mean=0.542273, stdev=0.167986, best fit=0.688100, best_overall=0.688100, mean_diversity=0.176909,
indivs=15812550, elapsed_secs=17760, mean=0.507494, stdev=0.157787, best fit=0.688100, best_overall=0.688100, mean_diversity=0.483000,
indivs=15822613, elapsed_secs=17770, mean=0.487947, stdev=0.203137, best fit=0.688100, best_overall=0.688100, mean_diversity=0.160480,
indivs=15832721, elapsed_secs=17783, mean=0.495086, stdev=0.127443, best fit=0.688100, best_overall=0.688100, mean_diversity=0.266314,
indivs=15842725, elapsed_secs=17795, mean=0.550648, stdev=0.198226, best fit=0.688100, best_overall=0.688100, mean_diversity=0.159595,
indivs=15852863, elapsed_secs=17807, mean=0.535637, stdev=0.195183, best fit=0.688100, best_overall=0.688100, mean_diversity=0.109170,
indivs=15862974, elapsed_secs=17818, mean=0.499228, stdev=0.233979, best fit=0.688100, best_overall=0.688100, mean_diversity=0.118268,
indivs=15873048, elapsed_secs=17829, mean=0.525756, stdev=0.082081, best fit=0.688100, best_overall=0.688100, mean_diversity=0.165120,
indivs=15883126, elapsed_secs=17842, mean=0.425978, stdev=0.204185, best fit=0.688100, best_overall=0.688100, mean_diversity=0.232222,
indivs=15893204, elapsed_secs=17855, mean=0.484290, stdev=0.088635, best fit=0.688100, best_overall=0.688100, mean_diversity=0.260261,
indivs=15903246, elapsed_secs=17870, mean=0.503488, stdev=0.144143, best fit=0.688100, best_overall=0.688100, mean_diversity=0.285495,
indivs=15913246, elapsed_secs=17884, mean=0.490428, stdev=0.072229, best fit=0.688100, best_overall=0.688100, mean_diversity=0.241632,
indivs=15923336, elapsed_secs=17896, mean=0.536916, stdev=0.147756, best fit=0.688100, best_overall=0.688100, mean_diversity=0.197371,
indivs=15933336, elapsed_secs=17908, mean=0.511070, stdev=0.035362, best fit=0.688100, best_overall=0.688100, mean_diversity=0.301321,
indivs=15943455, elapsed_secs=17921, mean=0.531274, stdev=0.166951, best fit=0.688100, best_overall=0.688100, mean_diversity=0.220021,
indivs=15953548, elapsed_secs=17933, mean=0.570732, stdev=0.132182, best fit=0.688100, best_overall=0.688100, mean_diversity=0.223532,
indivs=15963614, elapsed_secs=17947, mean=0.521963, stdev=0.192314, best fit=0.688100, best_overall=0.688100, mean_diversity=0.186873,
indivs=15973652, elapsed_secs=17958, mean=0.493510, stdev=0.074680, best fit=0.688100, best_overall=0.688100, mean_diversity=0.072346,
indivs=15983721, elapsed_secs=17972, mean=0.535287, stdev=0.174890, best fit=0.688100, best_overall=0.688100, mean_diversity=0.258465,
indivs=15993847, elapsed_secs=17985, mean=0.550054, stdev=0.151050, best fit=0.688100, best_overall=0.688100, mean_diversity=0.408049,
indivs=16003980, elapsed_secs=17997, mean=0.493777, stdev=0.206300, best fit=0.688100, best_overall=0.688100, mean_diversity=0.340000,
indivs=16013983, elapsed_secs=18010, mean=0.436341, stdev=0.169783, best fit=0.688100, best_overall=0.688100, mean_diversity=0.132820,
indivs=16024119, elapsed_secs=18023, mean=0.556871, stdev=0.211459, best fit=0.688100, best_overall=0.688100, mean_diversity=0.044155,
indivs=16034215, elapsed_secs=18035, mean=0.478333, stdev=0.104311, best fit=0.688100, best_overall=0.688100, mean_diversity=0.175561,
indivs=16044244, elapsed_secs=18047, mean=0.536538, stdev=0.091811, best fit=0.688100, best_overall=0.688100, mean_diversity=0.194230,
indivs=16054325, elapsed_secs=18061, mean=0.491210, stdev=0.219474, best fit=0.688100, best_overall=0.688100, mean_diversity=0.168673,
indivs=16064430, elapsed_secs=18072, mean=0.523875, stdev=0.102922, best fit=0.688100, best_overall=0.688100, mean_diversity=0.286416,
indivs=16074535, elapsed_secs=18083, mean=0.534302, stdev=0.195237, best fit=0.688100, best_overall=0.688100, mean_diversity=0.183412,
indivs=16084541, elapsed_secs=18096, mean=0.530588, stdev=0.177553, best fit=0.688100, best_overall=0.688100, mean_diversity=0.251983,
indivs=16094585, elapsed_secs=18108, mean=0.530079, stdev=0.141303, best fit=0.688100, best_overall=0.688100, mean_diversity=0.230523,
indivs=16104726, elapsed_secs=18121, mean=0.528510, stdev=0.167899, best fit=0.688100, best_overall=0.688100, mean_diversity=0.202337,
indivs=16114833, elapsed_secs=18133, mean=0.460983, stdev=0.236929, best fit=0.688100, best_overall=0.688100, mean_diversity=0.257645,
indivs=16124954, elapsed_secs=18147, mean=0.493379, stdev=0.158583, best fit=0.688100, best_overall=0.688100, mean_diversity=0.371691,
indivs=16135074, elapsed_secs=18160, mean=0.546800, stdev=0.141629, best fit=0.688100, best_overall=0.688100, mean_diversity=0.233231,
indivs=16145081, elapsed_secs=18172, mean=0.443820, stdev=0.227337, best fit=0.688100, best_overall=0.688100, mean_diversity=0.086738,
indivs=16155136, elapsed_secs=18184, mean=0.546841, stdev=0.099225, best fit=0.688100, best_overall=0.688100, mean_diversity=0.267550,
indivs=16165208, elapsed_secs=18196, mean=0.519641, stdev=0.091525, best fit=0.688100, best_overall=0.688100, mean_diversity=0.287434,
indivs=16175254, elapsed_secs=18207, mean=0.547345, stdev=0.182114, best fit=0.688100, best_overall=0.688100, mean_diversity=0.168818,
indivs=16185260, elapsed_secs=18219, mean=0.583324, stdev=0.120935, best fit=0.688100, best_overall=0.688100, mean_diversity=0.131014,
indivs=16195325, elapsed_secs=18231, mean=0.530022, stdev=0.131886, best fit=0.688100, best_overall=0.688100, mean_diversity=0.198683,
indivs=16205459, elapsed_secs=18243, mean=0.527670, stdev=0.211491, best fit=0.688100, best_overall=0.688100, mean_diversity=0.167801,
indivs=16215496, elapsed_secs=18255, mean=0.515345, stdev=0.144401, best fit=0.688100, best_overall=0.688100, mean_diversity=0.365523,
indivs=16225592, elapsed_secs=18266, mean=0.572424, stdev=0.102746, best fit=0.688100, best_overall=0.688100, mean_diversity=0.160939,
indivs=16235640, elapsed_secs=18278, mean=0.516101, stdev=0.173810, best fit=0.688100, best_overall=0.688100, mean_diversity=0.116350,
indivs=16245674, elapsed_secs=18290, mean=0.529172, stdev=0.156523, best fit=0.688100, best_overall=0.688100, mean_diversity=0.069741,
indivs=16255711, elapsed_secs=18301, mean=0.575149, stdev=0.163211, best fit=0.688100, best_overall=0.688100, mean_diversity=0.045443,
indivs=16265796, elapsed_secs=18312, mean=0.520785, stdev=0.071343, best fit=0.688100, best_overall=0.688100, mean_diversity=0.181615,
indivs=16275861, elapsed_secs=18325, mean=0.588505, stdev=0.119686, best fit=0.688100, best_overall=0.688100, mean_diversity=0.250605,
indivs=16285970, elapsed_secs=18336, mean=0.547969, stdev=0.204994, best fit=0.688100, best_overall=0.688100, mean_diversity=0.138165,
indivs=16296057, elapsed_secs=18348, mean=0.541341, stdev=0.126215, best fit=0.688100, best_overall=0.688100, mean_diversity=0.187804,
indivs=16306139, elapsed_secs=18361, mean=0.555778, stdev=0.200850, best fit=0.688100, best_overall=0.688100, mean_diversity=0.174713,
indivs=16316158, elapsed_secs=18373, mean=0.531976, stdev=0.203789, best fit=0.688100, best_overall=0.688100, mean_diversity=0.069560,
indivs=16326222, elapsed_secs=18385, mean=0.549199, stdev=0.087997, best fit=0.688100, best_overall=0.688100, mean_diversity=0.250144,
indivs=16336337, elapsed_secs=18400, mean=0.565255, stdev=0.072613, best fit=0.688100, best_overall=0.688100, mean_diversity=0.284897,
indivs=16346341, elapsed_secs=18412, mean=0.474034, stdev=0.253579, best fit=0.688100, best_overall=0.688100, mean_diversity=0.246707,
indivs=16356464, elapsed_secs=18427, mean=0.550884, stdev=0.163799, best fit=0.688100, best_overall=0.688100, mean_diversity=0.187187,
indivs=16366578, elapsed_secs=18440, mean=0.582769, stdev=0.117752, best fit=0.688100, best_overall=0.688100, mean_diversity=0.091039,
indivs=16376637, elapsed_secs=18452, mean=0.515323, stdev=0.198004, best fit=0.688100, best_overall=0.688100, mean_diversity=0.230577,
indivs=16386657, elapsed_secs=18464, mean=0.496656, stdev=0.080595, best fit=0.688100, best_overall=0.688100, mean_diversity=0.306940,
indivs=16396750, elapsed_secs=18478, mean=0.501200, stdev=0.059739, best fit=0.688100, best_overall=0.688100, mean_diversity=0.139639,
indivs=16406834, elapsed_secs=18490, mean=0.555981, stdev=0.174009, best fit=0.688100, best_overall=0.688100, mean_diversity=0.128124,
indivs=16416952, elapsed_secs=18503, mean=0.523497, stdev=0.174929, best fit=0.688100, best_overall=0.688100, mean_diversity=0.128865,
indivs=16426956, elapsed_secs=18514, mean=0.529724, stdev=0.177331, best fit=0.688100, best_overall=0.688100, mean_diversity=0.076854,
indivs=16437081, elapsed_secs=18527, mean=0.540251, stdev=0.180334, best fit=0.688100, best_overall=0.688100, mean_diversity=0.132461,
indivs=16447124, elapsed_secs=18538, mean=0.512569, stdev=0.160612, best fit=0.688100, best_overall=0.688100, mean_diversity=0.237928,
indivs=16457192, elapsed_secs=18551, mean=0.548158, stdev=0.179346, best fit=0.688100, best_overall=0.688100, mean_diversity=0.108569,
indivs=16467292, elapsed_secs=18563, mean=0.459017, stdev=0.137854, best fit=0.688100, best_overall=0.688100, mean_diversity=0.158961,
indivs=16477412, elapsed_secs=18576, mean=0.526039, stdev=0.144312, best fit=0.688100, best_overall=0.688100, mean_diversity=0.403581,
indivs=16487464, elapsed_secs=18589, mean=0.500305, stdev=0.060128, best fit=0.688100, best_overall=0.688100, mean_diversity=0.124091,
indivs=16497612, elapsed_secs=18601, mean=0.560480, stdev=0.150991, best fit=0.688100, best_overall=0.688100, mean_diversity=0.181043,
indivs=16507640, elapsed_secs=18612, mean=0.546309, stdev=0.162070, best fit=0.688100, best_overall=0.688100, mean_diversity=0.201970,
indivs=16517800, elapsed_secs=18625, mean=0.584010, stdev=0.101640, best fit=0.688100, best_overall=0.688100, mean_diversity=0.053882,
indivs=16527803, elapsed_secs=18636, mean=0.548462, stdev=0.153371, best fit=0.688100, best_overall=0.688100, mean_diversity=0.211383,
indivs=16537823, elapsed_secs=18649, mean=0.522692, stdev=0.173347, best fit=0.688100, best_overall=0.688100, mean_diversity=0.233092,
indivs=16547832, elapsed_secs=18662, mean=0.566549, stdev=0.129115, best fit=0.688100, best_overall=0.688100, mean_diversity=0.175296,
indivs=16557940, elapsed_secs=18675, mean=0.473244, stdev=0.135765, best fit=0.688100, best_overall=0.688100, mean_diversity=0.161524,
indivs=16568064, elapsed_secs=18687, mean=0.573317, stdev=0.183980, best fit=0.688100, best_overall=0.688100, mean_diversity=0.097042,
indivs=16578106, elapsed_secs=18698, mean=0.476477, stdev=0.142528, best fit=0.688100, best_overall=0.688100, mean_diversity=0.375401,
indivs=16588195, elapsed_secs=18710, mean=0.530361, stdev=0.155327, best fit=0.688100, best_overall=0.688100, mean_diversity=0.267898,
indivs=16598251, elapsed_secs=18722, mean=0.520888, stdev=0.181586, best fit=0.688100, best_overall=0.688100, mean_diversity=0.194346,
indivs=16608330, elapsed_secs=18733, mean=0.467554, stdev=0.155701, best fit=0.688100, best_overall=0.688100, mean_diversity=0.274153,
indivs=16618359, elapsed_secs=18745, mean=0.504674, stdev=0.027071, best fit=0.688100, best_overall=0.688100, mean_diversity=0.083025,
indivs=16628413, elapsed_secs=18758, mean=0.552944, stdev=0.117174, best fit=0.688100, best_overall=0.688100, mean_diversity=0.106234,
indivs=16638416, elapsed_secs=18771, mean=0.579834, stdev=0.132127, best fit=0.688100, best_overall=0.688100, mean_diversity=0.232934,
indivs=16648502, elapsed_secs=18783, mean=0.554400, stdev=0.164825, best fit=0.688100, best_overall=0.688100, mean_diversity=0.153090,
indivs=16658646, elapsed_secs=18793, mean=0.563531, stdev=0.182144, best fit=0.688100, best_overall=0.688100, mean_diversity=0.138195,
indivs=16668790, elapsed_secs=18805, mean=0.476215, stdev=0.169430, best fit=0.688100, best_overall=0.688100, mean_diversity=0.057518,
indivs=16678910, elapsed_secs=18817, mean=0.528719, stdev=0.117778, best fit=0.688100, best_overall=0.688100, mean_diversity=0.361574,
indivs=16689010, elapsed_secs=18830, mean=0.466567, stdev=0.187992, best fit=0.688100, best_overall=0.688100, mean_diversity=0.155880,
indivs=16699108, elapsed_secs=18842, mean=0.501466, stdev=0.232646, best fit=0.688100, best_overall=0.688100, mean_diversity=0.071121,
indivs=16709166, elapsed_secs=18854, mean=0.542063, stdev=0.127065, best fit=0.688100, best_overall=0.688100, mean_diversity=0.159175,
indivs=16719176, elapsed_secs=18867, mean=0.465938, stdev=0.129921, best fit=0.688100, best_overall=0.688100, mean_diversity=0.186447,
indivs=16729292, elapsed_secs=18878, mean=0.544456, stdev=0.149197, best fit=0.688100, best_overall=0.688100, mean_diversity=0.239660,
indivs=16739300, elapsed_secs=18891, mean=0.524389, stdev=0.155471, best fit=0.688100, best_overall=0.688100, mean_diversity=0.143973,
indivs=16749308, elapsed_secs=18903, mean=0.569711, stdev=0.119816, best fit=0.688100, best_overall=0.688100, mean_diversity=0.260966,
indivs=16759363, elapsed_secs=18917, mean=0.482838, stdev=0.129765, best fit=0.688100, best_overall=0.688100, mean_diversity=0.181397,
indivs=16769414, elapsed_secs=18928, mean=0.552266, stdev=0.128193, best fit=0.688100, best_overall=0.688100, mean_diversity=0.314014,
indivs=16779414, elapsed_secs=18940, mean=0.536242, stdev=0.071172, best fit=0.688100, best_overall=0.688100, mean_diversity=0.251119,
indivs=16789427, elapsed_secs=18952, mean=0.565884, stdev=0.168773, best fit=0.688100, best_overall=0.688100, mean_diversity=0.119235,
indivs=16799546, elapsed_secs=18965, mean=0.551037, stdev=0.172983, best fit=0.688100, best_overall=0.688100, mean_diversity=0.263516,
indivs=16809588, elapsed_secs=18977, mean=0.522560, stdev=0.097526, best fit=0.688100, best_overall=0.688100, mean_diversity=0.360043,
indivs=16819713, elapsed_secs=18989, mean=0.529541, stdev=0.103814, best fit=0.688100, best_overall=0.688100, mean_diversity=0.108022,
indivs=16829777, elapsed_secs=19001, mean=0.494719, stdev=0.126163, best fit=0.688100, best_overall=0.688100, mean_diversity=0.240932,
indivs=16839794, elapsed_secs=19012, mean=0.498947, stdev=0.165669, best fit=0.688100, best_overall=0.688100, mean_diversity=0.217451,
indivs=16849921, elapsed_secs=19024, mean=0.547723, stdev=0.161999, best fit=0.688100, best_overall=0.688100, mean_diversity=0.301086,
indivs=16859941, elapsed_secs=19035, mean=0.480991, stdev=0.118864, best fit=0.688100, best_overall=0.688100, mean_diversity=0.276257,
indivs=16870008, elapsed_secs=19049, mean=0.495470, stdev=0.095115, best fit=0.688100, best_overall=0.688100, mean_diversity=0.232738,
indivs=16880108, elapsed_secs=19063, mean=0.583715, stdev=0.156041, best fit=0.688100, best_overall=0.688100, mean_diversity=0.112285,
indivs=16890113, elapsed_secs=19075, mean=0.497572, stdev=0.099591, best fit=0.688100, best_overall=0.688100, mean_diversity=0.110296,
indivs=16900204, elapsed_secs=19086, mean=0.538095, stdev=0.178472, best fit=0.688100, best_overall=0.688100, mean_diversity=0.228439,
indivs=16910231, elapsed_secs=19098, mean=0.556546, stdev=0.196098, best fit=0.688100, best_overall=0.688100, mean_diversity=0.034866,
indivs=16920378, elapsed_secs=19109, mean=0.491392, stdev=0.217480, best fit=0.688100, best_overall=0.688100, mean_diversity=0.240778,
indivs=16930438, elapsed_secs=19120, mean=0.497748, stdev=0.111642, best fit=0.688100, best_overall=0.688100, mean_diversity=0.361644,
indivs=16940569, elapsed_secs=19133, mean=0.551358, stdev=0.206818, best fit=0.688100, best_overall=0.688100, mean_diversity=0.162579,
indivs=16950580, elapsed_secs=19144, mean=0.493929, stdev=0.170726, best fit=0.688100, best_overall=0.688100, mean_diversity=0.423742,
indivs=16960644, elapsed_secs=19156, mean=0.586979, stdev=0.134363, best fit=0.688100, best_overall=0.688100, mean_diversity=0.239499,
indivs=16970652, elapsed_secs=19168, mean=0.494310, stdev=0.125233, best fit=0.688100, best_overall=0.688100, mean_diversity=0.264596,
indivs=16980700, elapsed_secs=19179, mean=0.492928, stdev=0.046143, best fit=0.688100, best_overall=0.688100, mean_diversity=0.082261,
indivs=16990740, elapsed_secs=19190, mean=0.554338, stdev=0.092964, best fit=0.688100, best_overall=0.688100, mean_diversity=0.275186,
indivs=17000847, elapsed_secs=19202, mean=0.531798, stdev=0.099274, best fit=0.688100, best_overall=0.688100, mean_diversity=0.372244,
indivs=17010885, elapsed_secs=19213, mean=0.543460, stdev=0.126523, best fit=0.688100, best_overall=0.688100, mean_diversity=0.359115,
indivs=17020900, elapsed_secs=19226, mean=0.519162, stdev=0.117728, best fit=0.688100, best_overall=0.688100, mean_diversity=0.276232,
indivs=17031024, elapsed_secs=19239, mean=0.511461, stdev=0.180605, best fit=0.688100, best_overall=0.688100, mean_diversity=0.228899,
indivs=17041046, elapsed_secs=19251, mean=0.510999, stdev=0.117320, best fit=0.688100, best_overall=0.688100, mean_diversity=0.215088,
indivs=17051093, elapsed_secs=19260, mean=0.518138, stdev=0.095614, best fit=0.688100, best_overall=0.688100, mean_diversity=0.281246,
indivs=17061142, elapsed_secs=19273, mean=0.567432, stdev=0.173617, best fit=0.688100, best_overall=0.688100, mean_diversity=0.070763,
indivs=17071159, elapsed_secs=19286, mean=0.553100, stdev=0.191136, best fit=0.688100, best_overall=0.688100, mean_diversity=0.078940,
indivs=17081292, elapsed_secs=19299, mean=0.538343, stdev=0.178618, best fit=0.688100, best_overall=0.688100, mean_diversity=0.131429,
indivs=17091306, elapsed_secs=19312, mean=0.510687, stdev=0.126509, best fit=0.688100, best_overall=0.688100, mean_diversity=0.188436,
indivs=17101371, elapsed_secs=19323, mean=0.497044, stdev=0.231376, best fit=0.688100, best_overall=0.688100, mean_diversity=0.042465,
indivs=17111388, elapsed_secs=19333, mean=0.578858, stdev=0.154990, best fit=0.688100, best_overall=0.688100, mean_diversity=0.073942,
indivs=17121459, elapsed_secs=19346, mean=0.502998, stdev=0.024786, best fit=0.688100, best_overall=0.688100, mean_diversity=0.081615,
indivs=17131503, elapsed_secs=19358, mean=0.552432, stdev=0.150534, best fit=0.688100, best_overall=0.688100, mean_diversity=0.277713,
indivs=17141567, elapsed_secs=19369, mean=0.522577, stdev=0.184517, best fit=0.688100, best_overall=0.688100, mean_diversity=0.147648,
indivs=17151595, elapsed_secs=19382, mean=0.589685, stdev=0.176619, best fit=0.688100, best_overall=0.688100, mean_diversity=0.091995,
indivs=17161718, elapsed_secs=19395, mean=0.530574, stdev=0.195852, best fit=0.688100, best_overall=0.688100, mean_diversity=0.265375,
indivs=17171844, elapsed_secs=19405, mean=0.500090, stdev=0.177554, best fit=0.688100, best_overall=0.688100, mean_diversity=0.219961,
indivs=17181956, elapsed_secs=19417, mean=0.498214, stdev=0.201272, best fit=0.688100, best_overall=0.688100, mean_diversity=0.179891,
indivs=17192038, elapsed_secs=19429, mean=0.538639, stdev=0.157664, best fit=0.688100, best_overall=0.688100, mean_diversity=0.086727,
indivs=17202050, elapsed_secs=19442, mean=0.525236, stdev=0.101917, best fit=0.688100, best_overall=0.688100, mean_diversity=0.217494,
indivs=17212130, elapsed_secs=19453, mean=0.488545, stdev=0.204154, best fit=0.688100, best_overall=0.688100, mean_diversity=0.220109,
indivs=17222215, elapsed_secs=19465, mean=0.491141, stdev=0.058883, best fit=0.688100, best_overall=0.688100, mean_diversity=0.052030,
indivs=17232268, elapsed_secs=19476, mean=0.579984, stdev=0.123817, best fit=0.688100, best_overall=0.688100, mean_diversity=0.056727,
indivs=17242407, elapsed_secs=19488, mean=0.549066, stdev=0.189261, best fit=0.688100, best_overall=0.688100, mean_diversity=0.181187,
indivs=17252475, elapsed_secs=19499, mean=0.576631, stdev=0.134538, best fit=0.688100, best_overall=0.688100, mean_diversity=0.112746,
indivs=17262584, elapsed_secs=19512, mean=0.538679, stdev=0.147021, best fit=0.688100, best_overall=0.688100, mean_diversity=0.395584,
indivs=17272623, elapsed_secs=19525, mean=0.556627, stdev=0.150821, best fit=0.688100, best_overall=0.688100, mean_diversity=0.386650,
indivs=17282712, elapsed_secs=19536, mean=0.592333, stdev=0.138462, best fit=0.688100, best_overall=0.688100, mean_diversity=0.086508,
indivs=17292719, elapsed_secs=19548, mean=0.508949, stdev=0.069832, best fit=0.688100, best_overall=0.688100, mean_diversity=0.115104,
indivs=17302771, elapsed_secs=19561, mean=0.540440, stdev=0.139500, best fit=0.688100, best_overall=0.688100, mean_diversity=0.230000,
indivs=17312816, elapsed_secs=19572, mean=0.510761, stdev=0.198192, best fit=0.688100, best_overall=0.688100, mean_diversity=0.207269,
indivs=17322931, elapsed_secs=19582, mean=0.497162, stdev=0.196640, best fit=0.688100, best_overall=0.688100, mean_diversity=0.338462,
indivs=17332992, elapsed_secs=19594, mean=0.521214, stdev=0.175474, best fit=0.688100, best_overall=0.688100, mean_diversity=0.089333,
indivs=17343028, elapsed_secs=19607, mean=0.526898, stdev=0.147076, best fit=0.688100, best_overall=0.688100, mean_diversity=0.169821,
indivs=17353087, elapsed_secs=19621, mean=0.562339, stdev=0.158862, best fit=0.688100, best_overall=0.688100, mean_diversity=0.191083,
indivs=17363174, elapsed_secs=19633, mean=0.503121, stdev=0.117996, best fit=0.688100, best_overall=0.688100, mean_diversity=0.291077,
indivs=17373205, elapsed_secs=19646, mean=0.515571, stdev=0.153164, best fit=0.688100, best_overall=0.688100, mean_diversity=0.361875,
indivs=17383213, elapsed_secs=19656, mean=0.503261, stdev=0.062402, best fit=0.688100, best_overall=0.688100, mean_diversity=0.134560,
indivs=17393241, elapsed_secs=19667, mean=0.532555, stdev=0.111097, best fit=0.688100, best_overall=0.688100, mean_diversity=0.386079,
indivs=17403282, elapsed_secs=19680, mean=0.561932, stdev=0.128503, best fit=0.688100, best_overall=0.688100, mean_diversity=0.192012,
indivs=17413352, elapsed_secs=19690, mean=0.504961, stdev=0.127790, best fit=0.688100, best_overall=0.688100, mean_diversity=0.229944,
indivs=17423377, elapsed_secs=19703, mean=0.503472, stdev=0.184270, best fit=0.688100, best_overall=0.688100, mean_diversity=0.201692,
indivs=17433476, elapsed_secs=19713, mean=0.544738, stdev=0.214325, best fit=0.688100, best_overall=0.688100, mean_diversity=0.161363,
indivs=17443521, elapsed_secs=19726, mean=0.483277, stdev=0.154633, best fit=0.688100, best_overall=0.688100, mean_diversity=0.207667,
indivs=17453600, elapsed_secs=19736, mean=0.472395, stdev=0.089652, best fit=0.688100, best_overall=0.688100, mean_diversity=0.235830,
indivs=17463727, elapsed_secs=19748, mean=0.590990, stdev=0.165646, best fit=0.688100, best_overall=0.688100, mean_diversity=0.121140,
indivs=17473782, elapsed_secs=19759, mean=0.537855, stdev=0.168517, best fit=0.688100, best_overall=0.688100, mean_diversity=0.460655,
indivs=17483880, elapsed_secs=19772, mean=0.474161, stdev=0.123955, best fit=0.688100, best_overall=0.688100, mean_diversity=0.132074,
indivs=17493975, elapsed_secs=19784, mean=0.549940, stdev=0.145439, best fit=0.688100, best_overall=0.688100, mean_diversity=0.258091,
indivs=17503989, elapsed_secs=19798, mean=0.510702, stdev=0.071866, best fit=0.688100, best_overall=0.688100, mean_diversity=0.196866,
indivs=17514061, elapsed_secs=19809, mean=0.548199, stdev=0.137609, best fit=0.688100, best_overall=0.688100, mean_diversity=0.267186,
indivs=17524070, elapsed_secs=19822, mean=0.517842, stdev=0.140517, best fit=0.688100, best_overall=0.688100, mean_diversity=0.451176,
indivs=17534073, elapsed_secs=19836, mean=0.508898, stdev=0.039826, best fit=0.688100, best_overall=0.688100, mean_diversity=0.105461,
indivs=17544128, elapsed_secs=19846, mean=0.546970, stdev=0.192871, best fit=0.688100, best_overall=0.688100, mean_diversity=0.179314,
indivs=17554160, elapsed_secs=19858, mean=0.493271, stdev=0.134898, best fit=0.688100, best_overall=0.688100, mean_diversity=0.433828,
indivs=17564279, elapsed_secs=19873, mean=0.538267, stdev=0.206629, best fit=0.688100, best_overall=0.688100, mean_diversity=0.120508,
indivs=17574376, elapsed_secs=19885, mean=0.522262, stdev=0.092711, best fit=0.688100, best_overall=0.688100, mean_diversity=0.304758,
indivs=17584448, elapsed_secs=19897, mean=0.518701, stdev=0.137720, best fit=0.688100, best_overall=0.688100, mean_diversity=0.201570,
indivs=17594519, elapsed_secs=19909, mean=0.509663, stdev=0.108979, best fit=0.688100, best_overall=0.688100, mean_diversity=0.300134,
indivs=17604651, elapsed_secs=19920, mean=0.514664, stdev=0.205485, best fit=0.688100, best_overall=0.688100, mean_diversity=0.263059,
indivs=17614746, elapsed_secs=19934, mean=0.559581, stdev=0.191721, best fit=0.688100, best_overall=0.688100, mean_diversity=0.163471,
indivs=17624837, elapsed_secs=19945, mean=0.543428, stdev=0.149887, best fit=0.688100, best_overall=0.688100, mean_diversity=0.272033,
indivs=17634860, elapsed_secs=19955, mean=0.471769, stdev=0.274747, best fit=0.688100, best_overall=0.688100, mean_diversity=0.191481,
indivs=17644998, elapsed_secs=19967, mean=0.527031, stdev=0.193110, best fit=0.688100, best_overall=0.688100, mean_diversity=0.205795,
indivs=17655001, elapsed_secs=19978, mean=0.531523, stdev=0.145072, best fit=0.688100, best_overall=0.688100, mean_diversity=0.316229,
indivs=17665058, elapsed_secs=19992, mean=0.550062, stdev=0.124983, best fit=0.688100, best_overall=0.688100, mean_diversity=0.132300,
indivs=17675159, elapsed_secs=20005, mean=0.495880, stdev=0.174261, best fit=0.688100, best_overall=0.688100, mean_diversity=0.325455,
indivs=17685308, elapsed_secs=20017, mean=0.565383, stdev=0.192190, best fit=0.688100, best_overall=0.688100, mean_diversity=0.126131,
indivs=17695308, elapsed_secs=20029, mean=0.504494, stdev=0.136118, best fit=0.688100, best_overall=0.688100, mean_diversity=0.266835,
indivs=17705308, elapsed_secs=20041, mean=0.501881, stdev=0.018716, best fit=0.688100, best_overall=0.688100, mean_diversity=0.074291,
indivs=17715329, elapsed_secs=20053, mean=0.477741, stdev=0.206914, best fit=0.688100, best_overall=0.688100, mean_diversity=0.103743,
indivs=17725393, elapsed_secs=20065, mean=0.486857, stdev=0.171096, best fit=0.688100, best_overall=0.688100, mean_diversity=0.244344,
indivs=17735429, elapsed_secs=20077, mean=0.577344, stdev=0.165612, best fit=0.688100, best_overall=0.688100, mean_diversity=0.142492,
indivs=17745524, elapsed_secs=20089, mean=0.501881, stdev=0.018716, best fit=0.688100, best_overall=0.688100, mean_diversity=0.037632,
indivs=17755535, elapsed_secs=20102, mean=0.492912, stdev=0.073712, best fit=0.688100, best_overall=0.688100, mean_diversity=0.195000,
indivs=17765608, elapsed_secs=20113, mean=0.508239, stdev=0.220385, best fit=0.688100, best_overall=0.688100, mean_diversity=0.085717,
indivs=17775755, elapsed_secs=20126, mean=0.560291, stdev=0.173544, best fit=0.688100, best_overall=0.688100, mean_diversity=0.135577,
indivs=17785790, elapsed_secs=20137, mean=0.549333, stdev=0.221886, best fit=0.688100, best_overall=0.688100, mean_diversity=0.055867,
indivs=17795908, elapsed_secs=20149, mean=0.483569, stdev=0.134796, best fit=0.688100, best_overall=0.688100, mean_diversity=0.201676,
indivs=17805937, elapsed_secs=20162, mean=0.518584, stdev=0.223818, best fit=0.688100, best_overall=0.688100, mean_diversity=0.097494,
indivs=17816002, elapsed_secs=20174, mean=0.551840, stdev=0.119012, best fit=0.688100, best_overall=0.688100, mean_diversity=0.258696,
indivs=17826043, elapsed_secs=20186, mean=0.529842, stdev=0.058747, best fit=0.688100, best_overall=0.688100, mean_diversity=0.278272,
indivs=17836090, elapsed_secs=20199, mean=0.535854, stdev=0.182818, best fit=0.688100, best_overall=0.688100, mean_diversity=0.247942,
indivs=17846169, elapsed_secs=20212, mean=0.548177, stdev=0.126335, best fit=0.688100, best_overall=0.688100, mean_diversity=0.223061,
indivs=17856199, elapsed_secs=20224, mean=0.520315, stdev=0.103315, best fit=0.688100, best_overall=0.688100, mean_diversity=0.415756,
indivs=17866268, elapsed_secs=20238, mean=0.498264, stdev=0.055851, best fit=0.688100, best_overall=0.688100, mean_diversity=0.064154,
indivs=17876269, elapsed_secs=20250, mean=0.476119, stdev=0.162628, best fit=0.688100, best_overall=0.688100, mean_diversity=0.523184,
indivs=17886270, elapsed_secs=20262, mean=0.558144, stdev=0.120676, best fit=0.688100, best_overall=0.688100, mean_diversity=0.230220,
indivs=17896427, elapsed_secs=20274, mean=0.477581, stdev=0.243521, best fit=0.688100, best_overall=0.688100, mean_diversity=0.219715,
indivs=17906515, elapsed_secs=20284, mean=0.546283, stdev=0.208718, best fit=0.688100, best_overall=0.688100, mean_diversity=0.130526,
indivs=17916530, elapsed_secs=20297, mean=0.506760, stdev=0.116371, best fit=0.688100, best_overall=0.688100, mean_diversity=0.293924,
indivs=17926653, elapsed_secs=20309, mean=0.569688, stdev=0.161984, best fit=0.688100, best_overall=0.688100, mean_diversity=0.166500,
indivs=17936719, elapsed_secs=20320, mean=0.558947, stdev=0.105931, best fit=0.688100, best_overall=0.688100, mean_diversity=0.066806,
indivs=17946748, elapsed_secs=20333, mean=0.608362, stdev=0.114019, best fit=0.688100, best_overall=0.688100, mean_diversity=0.104112,
indivs=17956890, elapsed_secs=20346, mean=0.564373, stdev=0.163223, best fit=0.688100, best_overall=0.688100, mean_diversity=0.160000,
indivs=17966904, elapsed_secs=20360, mean=0.573816, stdev=0.162855, best fit=0.688100, best_overall=0.688100, mean_diversity=0.160627,
indivs=17976962, elapsed_secs=20371, mean=0.541907, stdev=0.116960, best fit=0.688100, best_overall=0.688100, mean_diversity=0.176051,
indivs=17986998, elapsed_secs=20383, mean=0.540592, stdev=0.096260, best fit=0.688100, best_overall=0.688100, mean_diversity=0.410538,
indivs=17997134, elapsed_secs=20398, mean=0.497740, stdev=0.204969, best fit=0.688100, best_overall=0.688100, mean_diversity=0.184932,
indivs=18007247, elapsed_secs=20408, mean=0.523288, stdev=0.096344, best fit=0.688100, best_overall=0.688100, mean_diversity=0.279016,
indivs=18017342, elapsed_secs=20419, mean=0.463688, stdev=0.140195, best fit=0.688100, best_overall=0.688100, mean_diversity=0.097996,
indivs=18027411, elapsed_secs=20430, mean=0.504188, stdev=0.086849, best fit=0.688100, best_overall=0.688100, mean_diversity=0.266743,
indivs=18037522, elapsed_secs=20444, mean=0.538422, stdev=0.140102, best fit=0.688100, best_overall=0.688100, mean_diversity=0.210000,
indivs=18047526, elapsed_secs=20456, mean=0.575030, stdev=0.175101, best fit=0.688100, best_overall=0.688100, mean_diversity=0.079827,
indivs=18057607, elapsed_secs=20468, mean=0.570883, stdev=0.110287, best fit=0.688100, best_overall=0.688100, mean_diversity=0.118000,
indivs=18067623, elapsed_secs=20480, mean=0.478810, stdev=0.113945, best fit=0.688100, best_overall=0.688100, mean_diversity=0.135316,
indivs=18077730, elapsed_secs=20493, mean=0.518266, stdev=0.170123, best fit=0.688100, best_overall=0.688100, mean_diversity=0.245594,
indivs=18087795, elapsed_secs=20505, mean=0.563955, stdev=0.130530, best fit=0.688100, best_overall=0.688100, mean_diversity=0.349798,
indivs=18097919, elapsed_secs=20517, mean=0.533499, stdev=0.235027, best fit=0.688100, best_overall=0.688100, mean_diversity=0.046360,
indivs=18108001, elapsed_secs=20528, mean=0.496881, stdev=0.053330, best fit=0.688100, best_overall=0.688100, mean_diversity=0.060948,
indivs=18118023, elapsed_secs=20540, mean=0.497498, stdev=0.056251, best fit=0.688100, best_overall=0.688100, mean_diversity=0.088152,
indivs=18128034, elapsed_secs=20553, mean=0.493761, stdev=0.197322, best fit=0.688100, best_overall=0.688100, mean_diversity=0.311078,
indivs=18138083, elapsed_secs=20563, mean=0.524890, stdev=0.144001, best fit=0.688100, best_overall=0.688100, mean_diversity=0.421506,
indivs=18148197, elapsed_secs=20577, mean=0.555556, stdev=0.162105, best fit=0.688100, best_overall=0.688100, mean_diversity=0.255238,
indivs=18158252, elapsed_secs=20590, mean=0.554913, stdev=0.166581, best fit=0.688100, best_overall=0.688100, mean_diversity=0.242890,
indivs=18168256, elapsed_secs=20603, mean=0.534801, stdev=0.240299, best fit=0.688100, best_overall=0.688100, mean_diversity=0.041430,
indivs=18178341, elapsed_secs=20614, mean=0.531698, stdev=0.097786, best fit=0.688100, best_overall=0.688100, mean_diversity=0.145497,
indivs=18188396, elapsed_secs=20627, mean=0.579787, stdev=0.122331, best fit=0.688100, best_overall=0.688100, mean_diversity=0.129257,
indivs=18198492, elapsed_secs=20638, mean=0.546433, stdev=0.114505, best fit=0.688100, best_overall=0.688100, mean_diversity=0.266417,
indivs=18208584, elapsed_secs=20652, mean=0.590698, stdev=0.081527, best fit=0.688100, best_overall=0.688100, mean_diversity=0.135446,
indivs=18218714, elapsed_secs=20664, mean=0.522560, stdev=0.198297, best fit=0.688100, best_overall=0.688100, mean_diversity=0.115645,
indivs=18228799, elapsed_secs=20677, mean=0.553351, stdev=0.109765, best fit=0.688100, best_overall=0.688100, mean_diversity=0.176318,
indivs=18238865, elapsed_secs=20690, mean=0.530995, stdev=0.216899, best fit=0.688100, best_overall=0.688100, mean_diversity=0.064159,
indivs=18249013, elapsed_secs=20701, mean=0.521854, stdev=0.232385, best fit=0.688100, best_overall=0.688100, mean_diversity=0.076313,
indivs=18259033, elapsed_secs=20714, mean=0.535610, stdev=0.159805, best fit=0.688100, best_overall=0.688100, mean_diversity=0.341911,
indivs=18269099, elapsed_secs=20724, mean=0.524141, stdev=0.165391, best fit=0.688100, best_overall=0.688100, mean_diversity=0.220439,
indivs=18279147, elapsed_secs=20734, mean=0.518175, stdev=0.215307, best fit=0.688100, best_overall=0.688100, mean_diversity=0.121680,
indivs=18289261, elapsed_secs=20746, mean=0.527518, stdev=0.156039, best fit=0.688100, best_overall=0.688100, mean_diversity=0.104204,
indivs=18299328, elapsed_secs=20762, mean=0.527095, stdev=0.185154, best fit=0.688100, best_overall=0.688100, mean_diversity=0.151240,
indivs=18309419, elapsed_secs=20775, mean=0.521211, stdev=0.235843, best fit=0.688100, best_overall=0.688100, mean_diversity=0.067439,
indivs=18319421, elapsed_secs=20786, mean=0.480285, stdev=0.100252, best fit=0.688100, best_overall=0.688100, mean_diversity=0.193424,
indivs=18329442, elapsed_secs=20797, mean=0.501881, stdev=0.018716, best fit=0.688100, best_overall=0.688100, mean_diversity=0.060766,
indivs=18339572, elapsed_secs=20808, mean=0.534081, stdev=0.212551, best fit=0.688100, best_overall=0.688100, mean_diversity=0.124035,
indivs=18349723, elapsed_secs=20821, mean=0.539374, stdev=0.200266, best fit=0.688100, best_overall=0.688100, mean_diversity=0.057347,
indivs=18359869, elapsed_secs=20833, mean=0.580055, stdev=0.171647, best fit=0.688100, best_overall=0.688100, mean_diversity=0.097011,
indivs=18369979, elapsed_secs=20846, mean=0.505615, stdev=0.141868, best fit=0.688100, best_overall=0.688100, mean_diversity=0.217803,
indivs=18380084, elapsed_secs=20859, mean=0.587745, stdev=0.117339, best fit=0.688100, best_overall=0.688100, mean_diversity=0.105117,
indivs=18390234, elapsed_secs=20872, mean=0.505835, stdev=0.264283, best fit=0.688100, best_overall=0.688100, mean_diversity=0.090980,
indivs=18400281, elapsed_secs=20884, mean=0.514329, stdev=0.111576, best fit=0.688100, best_overall=0.688100, mean_diversity=0.260276,
indivs=18410332, elapsed_secs=20897, mean=0.498654, stdev=0.170985, best fit=0.688100, best_overall=0.688100, mean_diversity=0.377190,
indivs=18420408, elapsed_secs=20908, mean=0.533798, stdev=0.162253, best fit=0.688100, best_overall=0.688100, mean_diversity=0.194663,
indivs=18430475, elapsed_secs=20920, mean=0.471787, stdev=0.146631, best fit=0.688100, best_overall=0.688100, mean_diversity=0.136015,
indivs=18440527, elapsed_secs=20932, mean=0.522125, stdev=0.175135, best fit=0.688100, best_overall=0.688100, mean_diversity=0.234724,
indivs=18450615, elapsed_secs=20946, mean=0.463748, stdev=0.149887, best fit=0.688100, best_overall=0.688100, mean_diversity=0.459375,
indivs=18460667, elapsed_secs=20960, mean=0.535182, stdev=0.224210, best fit=0.688100, best_overall=0.688100, mean_diversity=0.033450,
indivs=18470789, elapsed_secs=20972, mean=0.548214, stdev=0.178025, best fit=0.688100, best_overall=0.688100, mean_diversity=0.139286,
indivs=18480832, elapsed_secs=20984, mean=0.497958, stdev=0.059583, best fit=0.688100, best_overall=0.688100, mean_diversity=0.191429,
indivs=18490834, elapsed_secs=20996, mean=0.495547, stdev=0.239722, best fit=0.688100, best_overall=0.688100, mean_diversity=0.150338,
indivs=18500844, elapsed_secs=21009, mean=0.523302, stdev=0.192902, best fit=0.688100, best_overall=0.688100, mean_diversity=0.141845,
indivs=18510856, elapsed_secs=21022, mean=0.466142, stdev=0.143257, best fit=0.688100, best_overall=0.688100, mean_diversity=0.325638,
indivs=18520925, elapsed_secs=21034, mean=0.534068, stdev=0.109211, best fit=0.688100, best_overall=0.688100, mean_diversity=0.406804,
indivs=18530970, elapsed_secs=21046, mean=0.511443, stdev=0.067546, best fit=0.688100, best_overall=0.688100, mean_diversity=0.234076,
indivs=18540985, elapsed_secs=21057, mean=0.473367, stdev=0.110956, best fit=0.688100, best_overall=0.688100, mean_diversity=0.309876,
indivs=18551070, elapsed_secs=21068, mean=0.528525, stdev=0.167013, best fit=0.688100, best_overall=0.688100, mean_diversity=0.401902,
indivs=18561138, elapsed_secs=21080, mean=0.521410, stdev=0.238494, best fit=0.688100, best_overall=0.688100, mean_diversity=0.037776,
indivs=18571151, elapsed_secs=21091, mean=0.490745, stdev=0.109179, best fit=0.688100, best_overall=0.688100, mean_diversity=0.195764,
indivs=18581173, elapsed_secs=21103, mean=0.550937, stdev=0.151386, best fit=0.688100, best_overall=0.688100, mean_diversity=0.318283,
indivs=18591212, elapsed_secs=21114, mean=0.533867, stdev=0.145727, best fit=0.688100, best_overall=0.688100, mean_diversity=0.164409,
indivs=18601276, elapsed_secs=21126, mean=0.488604, stdev=0.089491, best fit=0.688100, best_overall=0.688100, mean_diversity=0.160000,
indivs=18611402, elapsed_secs=21138, mean=0.578584, stdev=0.120982, best fit=0.688100, best_overall=0.688100, mean_diversity=0.250062,
indivs=18621478, elapsed_secs=21149, mean=0.514269, stdev=0.088148, best fit=0.688100, best_overall=0.688100, mean_diversity=0.331460,
indivs=18631554, elapsed_secs=21160, mean=0.550866, stdev=0.176110, best fit=0.688100, best_overall=0.688100, mean_diversity=0.159208,
indivs=18641630, elapsed_secs=21174, mean=0.501805, stdev=0.018739, best fit=0.688100, best_overall=0.688100, mean_diversity=0.219184,
indivs=18651738, elapsed_secs=21185, mean=0.544054, stdev=0.222390, best fit=0.688100, best_overall=0.688100, mean_diversity=0.054844,
indivs=18661741, elapsed_secs=21197, mean=0.504521, stdev=0.176192, best fit=0.688100, best_overall=0.688100, mean_diversity=0.155655,
indivs=18671765, elapsed_secs=21209, mean=0.535108, stdev=0.188839, best fit=0.688100, best_overall=0.688100, mean_diversity=0.230273,
indivs=18681869, elapsed_secs=21222, mean=0.497676, stdev=0.201013, best fit=0.688100, best_overall=0.688100, mean_diversity=0.317946,
indivs=18691965, elapsed_secs=21236, mean=0.508332, stdev=0.142864, best fit=0.688100, best_overall=0.688100, mean_diversity=0.094025,
indivs=18701993, elapsed_secs=21248, mean=0.528797, stdev=0.203482, best fit=0.688100, best_overall=0.688100, mean_diversity=0.151710,
indivs=18712034, elapsed_secs=21259, mean=0.535948, stdev=0.122693, best fit=0.688100, best_overall=0.688100, mean_diversity=0.078711,
indivs=18722037, elapsed_secs=21270, mean=0.564457, stdev=0.210602, best fit=0.688100, best_overall=0.688100, mean_diversity=0.059250,
indivs=18732155, elapsed_secs=21282, mean=0.470828, stdev=0.195227, best fit=0.688100, best_overall=0.688100, mean_diversity=0.347837,
indivs=18742243, elapsed_secs=21296, mean=0.476752, stdev=0.113972, best fit=0.688100, best_overall=0.688100, mean_diversity=0.151636,
indivs=18752348, elapsed_secs=21308, mean=0.507730, stdev=0.120067, best fit=0.688100, best_overall=0.688100, mean_diversity=0.368996,
indivs=18762417, elapsed_secs=21319, mean=0.520602, stdev=0.193973, best fit=0.688100, best_overall=0.688100, mean_diversity=0.151124,
indivs=18772510, elapsed_secs=21332, mean=0.511362, stdev=0.220856, best fit=0.688100, best_overall=0.688100, mean_diversity=0.120342,
indivs=18782610, elapsed_secs=21345, mean=0.494955, stdev=0.077470, best fit=0.688100, best_overall=0.688100, mean_diversity=0.182657,
indivs=18792678, elapsed_secs=21357, mean=0.523705, stdev=0.080634, best fit=0.688100, best_overall=0.688100, mean_diversity=0.268528,
indivs=18802729, elapsed_secs=21369, mean=0.526472, stdev=0.154085, best fit=0.688100, best_overall=0.688100, mean_diversity=0.236905,
indivs=18812740, elapsed_secs=21381, mean=0.521393, stdev=0.222629, best fit=0.688100, best_overall=0.688100, mean_diversity=0.155777,
indivs=18822778, elapsed_secs=21393, mean=0.557946, stdev=0.071609, best fit=0.688100, best_overall=0.688100, mean_diversity=0.298121,
indivs=18832902, elapsed_secs=21406, mean=0.563425, stdev=0.124475, best fit=0.688100, best_overall=0.688100, mean_diversity=0.227391,
indivs=18842963, elapsed_secs=21417, mean=0.520706, stdev=0.143342, best fit=0.688100, best_overall=0.688100, mean_diversity=0.303734,
indivs=18853002, elapsed_secs=21428, mean=0.472326, stdev=0.196836, best fit=0.688100, best_overall=0.688100, mean_diversity=0.296990,
indivs=18863087, elapsed_secs=21439, mean=0.449378, stdev=0.194128, best fit=0.688100, best_overall=0.688100, mean_diversity=0.263682,
indivs=18873104, elapsed_secs=21451, mean=0.514913, stdev=0.047480, best fit=0.688100, best_overall=0.688100, mean_diversity=0.120328,
indivs=18883218, elapsed_secs=21464, mean=0.460260, stdev=0.206059, best fit=0.688100, best_overall=0.688100, mean_diversity=0.379020,
indivs=18893237, elapsed_secs=21477, mean=0.515101, stdev=0.078131, best fit=0.688100, best_overall=0.688100, mean_diversity=0.373858,
indivs=18903326, elapsed_secs=21489, mean=0.504756, stdev=0.063873, best fit=0.688100, best_overall=0.688100, mean_diversity=0.180828,
indivs=18913394, elapsed_secs=21500, mean=0.558070, stdev=0.200912, best fit=0.688100, best_overall=0.688100, mean_diversity=0.149601,
indivs=18923426, elapsed_secs=21516, mean=0.479636, stdev=0.199557, best fit=0.688100, best_overall=0.688100, mean_diversity=0.185271,
indivs=18933495, elapsed_secs=21529, mean=0.543417, stdev=0.198229, best fit=0.688100, best_overall=0.688100, mean_diversity=0.051481,
indivs=18943569, elapsed_secs=21542, mean=0.543881, stdev=0.145992, best fit=0.688100, best_overall=0.688100, mean_diversity=0.189986,
indivs=18953577, elapsed_secs=21554, mean=0.550815, stdev=0.196380, best fit=0.688100, best_overall=0.688100, mean_diversity=0.105897,
indivs=18963662, elapsed_secs=21566, mean=0.530127, stdev=0.151753, best fit=0.688100, best_overall=0.688100, mean_diversity=0.208111,
indivs=18973704, elapsed_secs=21577, mean=0.586600, stdev=0.157547, best fit=0.688100, best_overall=0.688100, mean_diversity=0.063110,
indivs=18983713, elapsed_secs=21591, mean=0.499358, stdev=0.239564, best fit=0.688100, best_overall=0.688100, mean_diversity=0.141616,
indivs=18993786, elapsed_secs=21601, mean=0.536148, stdev=0.163210, best fit=0.688100, best_overall=0.688100, mean_diversity=0.225642,
indivs=19003849, elapsed_secs=21613, mean=0.559861, stdev=0.185399, best fit=0.688100, best_overall=0.688100, mean_diversity=0.187588,
indivs=19013981, elapsed_secs=21626, mean=0.544161, stdev=0.188470, best fit=0.688100, best_overall=0.688100, mean_diversity=0.261595,
indivs=19024019, elapsed_secs=21639, mean=0.450782, stdev=0.171905, best fit=0.688100, best_overall=0.688100, mean_diversity=0.132283,
indivs=19034073, elapsed_secs=21653, mean=0.550896, stdev=0.114025, best fit=0.688100, best_overall=0.688100, mean_diversity=0.130207,
indivs=19044091, elapsed_secs=21664, mean=0.524197, stdev=0.080914, best fit=0.688100, best_overall=0.688100, mean_diversity=0.242277,
indivs=19054173, elapsed_secs=21677, mean=0.416697, stdev=0.206649, best fit=0.688100, best_overall=0.688100, mean_diversity=0.177962,
indivs=19064274, elapsed_secs=21689, mean=0.542925, stdev=0.091177, best fit=0.688100, best_overall=0.688100, mean_diversity=0.384840,
indivs=19074280, elapsed_secs=21700, mean=0.496882, stdev=0.053330, best fit=0.688100, best_overall=0.688100, mean_diversity=0.106676,
indivs=19084337, elapsed_secs=21713, mean=0.511567, stdev=0.185000, best fit=0.688100, best_overall=0.688100, mean_diversity=0.112938,
indivs=19094342, elapsed_secs=21724, mean=0.544427, stdev=0.105811, best fit=0.688100, best_overall=0.688100, mean_diversity=0.410963,
indivs=19104373, elapsed_secs=21737, mean=0.475001, stdev=0.136455, best fit=0.688100, best_overall=0.688100, mean_diversity=0.169541,
indivs=19114409, elapsed_secs=21749, mean=0.494085, stdev=0.074580, best fit=0.688100, best_overall=0.688100, mean_diversity=0.179160,
indivs=19124456, elapsed_secs=21760, mean=0.486922, stdev=0.104289, best fit=0.688100, best_overall=0.688100, mean_diversity=0.226327,
indivs=19134546, elapsed_secs=21773, mean=0.519221, stdev=0.166600, best fit=0.688100, best_overall=0.688100, mean_diversity=0.213488,
indivs=19144643, elapsed_secs=21784, mean=0.507834, stdev=0.133553, best fit=0.688100, best_overall=0.688100, mean_diversity=0.302105,
indivs=19154731, elapsed_secs=21797, mean=0.506836, stdev=0.126241, best fit=0.688100, best_overall=0.688100, mean_diversity=0.182782,
indivs=19164732, elapsed_secs=21808, mean=0.520576, stdev=0.072438, best fit=0.688100, best_overall=0.688100, mean_diversity=0.441169,
indivs=19174858, elapsed_secs=21820, mean=0.535852, stdev=0.156322, best fit=0.688100, best_overall=0.688100, mean_diversity=0.223844,
indivs=19184871, elapsed_secs=21835, mean=0.464891, stdev=0.140871, best fit=0.688100, best_overall=0.688100, mean_diversity=0.308000,
indivs=19194946, elapsed_secs=21847, mean=0.587732, stdev=0.130763, best fit=0.688100, best_overall=0.688100, mean_diversity=0.116057,
indivs=19204987, elapsed_secs=21860, mean=0.445553, stdev=0.279613, best fit=0.688100, best_overall=0.688100, mean_diversity=0.346437,
indivs=19215072, elapsed_secs=21874, mean=0.582043, stdev=0.117394, best fit=0.688100, best_overall=0.688100, mean_diversity=0.173456,
indivs=19225157, elapsed_secs=21885, mean=0.490150, stdev=0.160097, best fit=0.688100, best_overall=0.688100, mean_diversity=0.234752,
indivs=19235259, elapsed_secs=21897, mean=0.500217, stdev=0.180216, best fit=0.688100, best_overall=0.688100, mean_diversity=0.208036,
indivs=19245281, elapsed_secs=21908, mean=0.506396, stdev=0.047163, best fit=0.688100, best_overall=0.688100, mean_diversity=0.270432,
indivs=19255287, elapsed_secs=21921, mean=0.531775, stdev=0.121881, best fit=0.688100, best_overall=0.688100, mean_diversity=0.252786,
indivs=19265343, elapsed_secs=21933, mean=0.506333, stdev=0.186915, best fit=0.688100, best_overall=0.688100, mean_diversity=0.150555,
indivs=19275464, elapsed_secs=21947, mean=0.485347, stdev=0.222659, best fit=0.688100, best_overall=0.688100, mean_diversity=0.268606,
indivs=19285530, elapsed_secs=21959, mean=0.482007, stdev=0.115794, best fit=0.688100, best_overall=0.688100, mean_diversity=0.068515,
indivs=19295609, elapsed_secs=21970, mean=0.523974, stdev=0.171976, best fit=0.688100, best_overall=0.688100, mean_diversity=0.144402,
indivs=19305673, elapsed_secs=21980, mean=0.493962, stdev=0.191172, best fit=0.688100, best_overall=0.688100, mean_diversity=0.149310,
indivs=19315741, elapsed_secs=21991, mean=0.470102, stdev=0.136033, best fit=0.688100, best_overall=0.688100, mean_diversity=0.446873,
indivs=19325773, elapsed_secs=22002, mean=0.533499, stdev=0.092788, best fit=0.688100, best_overall=0.688100, mean_diversity=0.198154,
indivs=19335845, elapsed_secs=22015, mean=0.537465, stdev=0.216431, best fit=0.688100, best_overall=0.688100, mean_diversity=0.089269,
indivs=19345878, elapsed_secs=22028, mean=0.535604, stdev=0.150232, best fit=0.688100, best_overall=0.688100, mean_diversity=0.260335,
indivs=19355949, elapsed_secs=22038, mean=0.511613, stdev=0.035793, best fit=0.688100, best_overall=0.688100, mean_diversity=0.358997,
indivs=19366082, elapsed_secs=22053, mean=0.561680, stdev=0.184304, best fit=0.688100, best_overall=0.688100, mean_diversity=0.071471,
indivs=19376139, elapsed_secs=22063, mean=0.547621, stdev=0.199081, best fit=0.688100, best_overall=0.688100, mean_diversity=0.110517,
indivs=19386181, elapsed_secs=22076, mean=0.500057, stdev=0.120314, best fit=0.688100, best_overall=0.688100, mean_diversity=0.187451,
indivs=19396291, elapsed_secs=22088, mean=0.550609, stdev=0.181648, best fit=0.688100, best_overall=0.688100, mean_diversity=0.177808,
indivs=19406381, elapsed_secs=22100, mean=0.480152, stdev=0.172649, best fit=0.688100, best_overall=0.688100, mean_diversity=0.254447,
indivs=19416522, elapsed_secs=22111, mean=0.567811, stdev=0.130526, best fit=0.688100, best_overall=0.688100, mean_diversity=0.219270,
indivs=19426617, elapsed_secs=22123, mean=0.500378, stdev=0.210628, best fit=0.688100, best_overall=0.688100, mean_diversity=0.241161,
indivs=19436683, elapsed_secs=22134, mean=0.561134, stdev=0.165597, best fit=0.688100, best_overall=0.688100, mean_diversity=0.102147,
indivs=19446777, elapsed_secs=22148, mean=0.539331, stdev=0.189257, best fit=0.688100, best_overall=0.688100, mean_diversity=0.151802,
indivs=19456803, elapsed_secs=22159, mean=0.508879, stdev=0.162035, best fit=0.688100, best_overall=0.688100, mean_diversity=0.215293,
indivs=19466873, elapsed_secs=22171, mean=0.486920, stdev=0.109790, best fit=0.688100, best_overall=0.688100, mean_diversity=0.208808,
indivs=19476971, elapsed_secs=22185, mean=0.525293, stdev=0.112514, best fit=0.688100, best_overall=0.688100, mean_diversity=0.389273,
indivs=19487002, elapsed_secs=22199, mean=0.501691, stdev=0.018830, best fit=0.688100, best_overall=0.688100, mean_diversity=0.157418,
indivs=19497007, elapsed_secs=22213, mean=0.503567, stdev=0.108692, best fit=0.688100, best_overall=0.688100, mean_diversity=0.158590,
indivs=19507027, elapsed_secs=22227, mean=0.481034, stdev=0.141822, best fit=0.688100, best_overall=0.688100, mean_diversity=0.297701,
indivs=19517167, elapsed_secs=22240, mean=0.596950, stdev=0.101242, best fit=0.688100, best_overall=0.688100, mean_diversity=0.289542,
indivs=19527223, elapsed_secs=22253, mean=0.481120, stdev=0.115584, best fit=0.688100, best_overall=0.688100, mean_diversity=0.166190,
indivs=19537286, elapsed_secs=22266, mean=0.565607, stdev=0.175680, best fit=0.688100, best_overall=0.688100, mean_diversity=0.127286,
indivs=19547288, elapsed_secs=22279, mean=0.470294, stdev=0.193934, best fit=0.688100, best_overall=0.688100, mean_diversity=0.220781,
indivs=19557432, elapsed_secs=22292, mean=0.556959, stdev=0.160361, best fit=0.688100, best_overall=0.688100, mean_diversity=0.149444,
indivs=19567597, elapsed_secs=22305, mean=0.569910, stdev=0.159192, best fit=0.688100, best_overall=0.688100, mean_diversity=0.128510,
indivs=19577688, elapsed_secs=22317, mean=0.523394, stdev=0.199303, best fit=0.688100, best_overall=0.688100, mean_diversity=0.228567,
indivs=19587721, elapsed_secs=22328, mean=0.455592, stdev=0.252205, best fit=0.688100, best_overall=0.688100, mean_diversity=0.198881,
indivs=19597785, elapsed_secs=22340, mean=0.569066, stdev=0.202805, best fit=0.688100, best_overall=0.688100, mean_diversity=0.338077,
indivs=19607812, elapsed_secs=22352, mean=0.490073, stdev=0.083535, best fit=0.688100, best_overall=0.688100, mean_diversity=0.126259,
indivs=19617819, elapsed_secs=22364, mean=0.498936, stdev=0.179636, best fit=0.688100, best_overall=0.688100, mean_diversity=0.182490,
indivs=19627829, elapsed_secs=22377, mean=0.555326, stdev=0.184003, best fit=0.688100, best_overall=0.688100, mean_diversity=0.109750,
indivs=19637886, elapsed_secs=22390, mean=0.513751, stdev=0.074234, best fit=0.688100, best_overall=0.688100, mean_diversity=0.161711,
indivs=19648015, elapsed_secs=22404, mean=0.538330, stdev=0.180433, best fit=0.688100, best_overall=0.688100, mean_diversity=0.237989,
indivs=19658023, elapsed_secs=22415, mean=0.549145, stdev=0.140209, best fit=0.688100, best_overall=0.688100, mean_diversity=0.325749,
indivs=19668056, elapsed_secs=22426, mean=0.500405, stdev=0.193165, best fit=0.688100, best_overall=0.688100, mean_diversity=0.060977,
indivs=19678086, elapsed_secs=22437, mean=0.532878, stdev=0.126038, best fit=0.688100, best_overall=0.688100, mean_diversity=0.266333,
indivs=19688188, elapsed_secs=22450, mean=0.518615, stdev=0.172193, best fit=0.688100, best_overall=0.688100, mean_diversity=0.196263,
indivs=19698229, elapsed_secs=22462, mean=0.541001, stdev=0.157343, best fit=0.688100, best_overall=0.688100, mean_diversity=0.113090,
indivs=19708307, elapsed_secs=22475, mean=0.529181, stdev=0.203745, best fit=0.688100, best_overall=0.688100, mean_diversity=0.202917,
indivs=19718417, elapsed_secs=22488, mean=0.539466, stdev=0.150837, best fit=0.688100, best_overall=0.688100, mean_diversity=0.210288,
indivs=19728454, elapsed_secs=22501, mean=0.522438, stdev=0.119707, best fit=0.688100, best_overall=0.688100, mean_diversity=0.270055,
indivs=19738465, elapsed_secs=22513, mean=0.546049, stdev=0.134947, best fit=0.688100, best_overall=0.688100, mean_diversity=0.270444,
indivs=19748478, elapsed_secs=22524, mean=0.505260, stdev=0.026937, best fit=0.688100, best_overall=0.688100, mean_diversity=0.244504,
indivs=19758587, elapsed_secs=22536, mean=0.545916, stdev=0.128135, best fit=0.688100, best_overall=0.688100, mean_diversity=0.237449,
indivs=19768656, elapsed_secs=22547, mean=0.586285, stdev=0.155265, best fit=0.688100, best_overall=0.688100, mean_diversity=0.144415,
indivs=19778716, elapsed_secs=22560, mean=0.482332, stdev=0.219448, best fit=0.688100, best_overall=0.688100, mean_diversity=0.173048,
indivs=19788772, elapsed_secs=22572, mean=0.501438, stdev=0.214936, best fit=0.688100, best_overall=0.688100, mean_diversity=0.337421,
indivs=19798839, elapsed_secs=22584, mean=0.458848, stdev=0.198578, best fit=0.688100, best_overall=0.688100, mean_diversity=0.189136,
indivs=19808943, elapsed_secs=22596, mean=0.548576, stdev=0.223012, best fit=0.688100, best_overall=0.688100, mean_diversity=0.032423,
indivs=19818943, elapsed_secs=22608, mean=0.523098, stdev=0.182745, best fit=0.688100, best_overall=0.688100, mean_diversity=0.212615,
indivs=19828943, elapsed_secs=22620, mean=0.449558, stdev=0.198398, best fit=0.688100, best_overall=0.688100, mean_diversity=0.191051,
indivs=19838999, elapsed_secs=22632, mean=0.536781, stdev=0.228151, best fit=0.688100, best_overall=0.688100, mean_diversity=0.159361,
indivs=19849140, elapsed_secs=22642, mean=0.539629, stdev=0.159588, best fit=0.688100, best_overall=0.688100, mean_diversity=0.215385,
indivs=19859224, elapsed_secs=22653, mean=0.477868, stdev=0.066898, best fit=0.688100, best_overall=0.688100, mean_diversity=0.070791,
indivs=19869339, elapsed_secs=22664, mean=0.529678, stdev=0.165083, best fit=0.688100, best_overall=0.688100, mean_diversity=0.125043,
indivs=19879371, elapsed_secs=22677, mean=0.532305, stdev=0.149053, best fit=0.688100, best_overall=0.688100, mean_diversity=0.200933,
indivs=19889375, elapsed_secs=22690, mean=0.524343, stdev=0.228709, best fit=0.688100, best_overall=0.688100, mean_diversity=0.117876,
indivs=19899379, elapsed_secs=22704, mean=0.514707, stdev=0.185457, best fit=0.688100, best_overall=0.688100, mean_diversity=0.214146,
indivs=19909529, elapsed_secs=22715, mean=0.523866, stdev=0.217699, best fit=0.688100, best_overall=0.688100, mean_diversity=0.172227,
indivs=19919637, elapsed_secs=22728, mean=0.552618, stdev=0.180059, best fit=0.688100, best_overall=0.688100, mean_diversity=0.119098,
indivs=19929744, elapsed_secs=22739, mean=0.571116, stdev=0.133418, best fit=0.688100, best_overall=0.688100, mean_diversity=0.284983,
indivs=19939790, elapsed_secs=22750, mean=0.547894, stdev=0.092221, best fit=0.688100, best_overall=0.688100, mean_diversity=0.360219,
indivs=19949870, elapsed_secs=22761, mean=0.540744, stdev=0.222744, best fit=0.688100, best_overall=0.688100, mean_diversity=0.110483,
indivs=19959950, elapsed_secs=22774, mean=0.500295, stdev=0.058180, best fit=0.688100, best_overall=0.688100, mean_diversity=0.147187,
indivs=19970042, elapsed_secs=22786, mean=0.506061, stdev=0.146528, best fit=0.688100, best_overall=0.688100, mean_diversity=0.383172,
indivs=19980189, elapsed_secs=22799, mean=0.526582, stdev=0.200770, best fit=0.688100, best_overall=0.688100, mean_diversity=0.137947,
indivs=19990291, elapsed_secs=22810, mean=0.563517, stdev=0.163398, best fit=0.688100, best_overall=0.688100, mean_diversity=0.210375,
indivs=20000374, elapsed_secs=22824, mean=0.497687, stdev=0.065971, best fit=0.688100, best_overall=0.688100, mean_diversity=0.132377,
indivs=20010432, elapsed_secs=22834, mean=0.583259, stdev=0.120345, best fit=0.688100, best_overall=0.688100, mean_diversity=0.243606,
indivs=20020454, elapsed_secs=22846, mean=0.470377, stdev=0.168290, best fit=0.688100, best_overall=0.688100, mean_diversity=0.337925,
indivs=20030542, elapsed_secs=22859, mean=0.553237, stdev=0.126469, best fit=0.688100, best_overall=0.688100, mean_diversity=0.250235,
indivs=20040668, elapsed_secs=22872, mean=0.535787, stdev=0.210505, best fit=0.688100, best_overall=0.688100, mean_diversity=0.151283,
indivs=20050754, elapsed_secs=22882, mean=0.467093, stdev=0.252017, best fit=0.688100, best_overall=0.688100, mean_diversity=0.158426,
indivs=20060836, elapsed_secs=22894, mean=0.605200, stdev=0.114448, best fit=0.688100, best_overall=0.688100, mean_diversity=0.130270,
indivs=20070878, elapsed_secs=22906, mean=0.553191, stdev=0.155241, best fit=0.688100, best_overall=0.688100, mean_diversity=0.287902,
indivs=20080907, elapsed_secs=22917, mean=0.533389, stdev=0.211722, best fit=0.688100, best_overall=0.688100, mean_diversity=0.091671,
indivs=20091038, elapsed_secs=22928, mean=0.587154, stdev=0.167291, best fit=0.688100, best_overall=0.688100, mean_diversity=0.069653,
indivs=20101041, elapsed_secs=22942, mean=0.551477, stdev=0.152507, best fit=0.688100, best_overall=0.688100, mean_diversity=0.225641,
indivs=20111124, elapsed_secs=22955, mean=0.492097, stdev=0.086817, best fit=0.688100, best_overall=0.688100, mean_diversity=0.196146,
indivs=20121186, elapsed_secs=22966, mean=0.516399, stdev=0.078828, best fit=0.688100, best_overall=0.688100, mean_diversity=0.364662,
indivs=20131242, elapsed_secs=22979, mean=0.575715, stdev=0.122013, best fit=0.688100, best_overall=0.688100, mean_diversity=0.172485,
indivs=20141276, elapsed_secs=22993, mean=0.593740, stdev=0.113644, best fit=0.688100, best_overall=0.688100, mean_diversity=0.092279,
indivs=20151380, elapsed_secs=23004, mean=0.498686, stdev=0.218122, best fit=0.688100, best_overall=0.688100, mean_diversity=0.075709,
indivs=20161503, elapsed_secs=23017, mean=0.486025, stdev=0.131247, best fit=0.688100, best_overall=0.688100, mean_diversity=0.174487,
indivs=20171534, elapsed_secs=23030, mean=0.521611, stdev=0.144174, best fit=0.688100, best_overall=0.688100, mean_diversity=0.224496,
indivs=20181616, elapsed_secs=23043, mean=0.512372, stdev=0.163207, best fit=0.688100, best_overall=0.688100, mean_diversity=0.175524,
indivs=20191679, elapsed_secs=23053, mean=0.561372, stdev=0.155315, best fit=0.688100, best_overall=0.688100, mean_diversity=0.188371,
indivs=20201736, elapsed_secs=23066, mean=0.493693, stdev=0.124725, best fit=0.688100, best_overall=0.688100, mean_diversity=0.184175,
indivs=20211865, elapsed_secs=23078, mean=0.531037, stdev=0.203311, best fit=0.688100, best_overall=0.688100, mean_diversity=0.126483,
indivs=20221879, elapsed_secs=23090, mean=0.548899, stdev=0.182098, best fit=0.688100, best_overall=0.688100, mean_diversity=0.177466,
indivs=20231909, elapsed_secs=23101, mean=0.486319, stdev=0.210683, best fit=0.688100, best_overall=0.688100, mean_diversity=0.369017,
indivs=20242014, elapsed_secs=23112, mean=0.560227, stdev=0.191952, best fit=0.688100, best_overall=0.688100, mean_diversity=0.120142,
indivs=20252106, elapsed_secs=23124, mean=0.515851, stdev=0.040542, best fit=0.688100, best_overall=0.688100, mean_diversity=0.269895,
indivs=20262129, elapsed_secs=23137, mean=0.505200, stdev=0.105369, best fit=0.688100, best_overall=0.688100, mean_diversity=0.243679,
indivs=20272157, elapsed_secs=23151, mean=0.509689, stdev=0.189614, best fit=0.688100, best_overall=0.688100, mean_diversity=0.230199,
indivs=20282237, elapsed_secs=23163, mean=0.434181, stdev=0.195410, best fit=0.688100, best_overall=0.688100, mean_diversity=0.247868,
indivs=20292314, elapsed_secs=23174, mean=0.592536, stdev=0.083595, best fit=0.688100, best_overall=0.688100, mean_diversity=0.161482,
indivs=20302389, elapsed_secs=23189, mean=0.475423, stdev=0.244129, best fit=0.688100, best_overall=0.688100, mean_diversity=0.119910,
indivs=20312425, elapsed_secs=23203, mean=0.508626, stdev=0.171044, best fit=0.688100, best_overall=0.688100, mean_diversity=0.267453,
indivs=20322502, elapsed_secs=23216, mean=0.501881, stdev=0.018716, best fit=0.688100, best_overall=0.688100, mean_diversity=0.114122,
indivs=20332535, elapsed_secs=23229, mean=0.501005, stdev=0.180390, best fit=0.688100, best_overall=0.688100, mean_diversity=0.198144,
indivs=20342611, elapsed_secs=23243, mean=0.541966, stdev=0.122695, best fit=0.688100, best_overall=0.688100, mean_diversity=0.157723,
indivs=20352622, elapsed_secs=23255, mean=0.522128, stdev=0.145960, best fit=0.688100, best_overall=0.688100, mean_diversity=0.223588,
indivs=20362714, elapsed_secs=23266, mean=0.553899, stdev=0.128188, best fit=0.688100, best_overall=0.688100, mean_diversity=0.316946,
indivs=20372720, elapsed_secs=23280, mean=0.567612, stdev=0.096382, best fit=0.688100, best_overall=0.688100, mean_diversity=0.065206,
indivs=20382727, elapsed_secs=23294, mean=0.472381, stdev=0.113208, best fit=0.688100, best_overall=0.688100, mean_diversity=0.266589,
indivs=20392798, elapsed_secs=23306, mean=0.494545, stdev=0.141142, best fit=0.688100, best_overall=0.688100, mean_diversity=0.485607,
indivs=20402926, elapsed_secs=23320, mean=0.553092, stdev=0.163753, best fit=0.688100, best_overall=0.688100, mean_diversity=0.253091,
indivs=20412964, elapsed_secs=23333, mean=0.563509, stdev=0.201305, best fit=0.688100, best_overall=0.688100, mean_diversity=0.151793,
indivs=20423084, elapsed_secs=23345, mean=0.584032, stdev=0.175168, best fit=0.688100, best_overall=0.688100, mean_diversity=0.202010,
indivs=20433175, elapsed_secs=23358, mean=0.586227, stdev=0.154532, best fit=0.688100, best_overall=0.688100, mean_diversity=0.190780,
indivs=20443220, elapsed_secs=23370, mean=0.501866, stdev=0.018718, best fit=0.688100, best_overall=0.688100, mean_diversity=0.079167,
indivs=20453297, elapsed_secs=23382, mean=0.483619, stdev=0.141820, best fit=0.688100, best_overall=0.688100, mean_diversity=0.250767,
indivs=20463391, elapsed_secs=23394, mean=0.504380, stdev=0.076304, best fit=0.688100, best_overall=0.688100, mean_diversity=0.255556,
indivs=20473439, elapsed_secs=23406, mean=0.501881, stdev=0.018716, best fit=0.688100, best_overall=0.688100, mean_diversity=0.054481,
indivs=20483481, elapsed_secs=23418, mean=0.508819, stdev=0.145730, best fit=0.688100, best_overall=0.688100, mean_diversity=0.194455,
indivs=20493514, elapsed_secs=23430, mean=0.413512, stdev=0.235786, best fit=0.688100, best_overall=0.688100, mean_diversity=0.137791,
indivs=20503529, elapsed_secs=23442, mean=0.537984, stdev=0.170214, best fit=0.688100, best_overall=0.688100, mean_diversity=0.184967,
indivs=20513582, elapsed_secs=23453, mean=0.466844, stdev=0.129520, best fit=0.688100, best_overall=0.688100, mean_diversity=0.216378,
indivs=20523654, elapsed_secs=23464, mean=0.530643, stdev=0.156857, best fit=0.688100, best_overall=0.688100, mean_diversity=0.240663,
indivs=20533665, elapsed_secs=23476, mean=0.502379, stdev=0.143416, best fit=0.688100, best_overall=0.688100, mean_diversity=0.275994,
indivs=20543684, elapsed_secs=23487, mean=0.531192, stdev=0.203205, best fit=0.688100, best_overall=0.688100, mean_diversity=0.145649,
indivs=20553712, elapsed_secs=23498, mean=0.540138, stdev=0.169810, best fit=0.688100, best_overall=0.688100, mean_diversity=0.121133,
indivs=20563777, elapsed_secs=23509, mean=0.492621, stdev=0.089489, best fit=0.688100, best_overall=0.688100, mean_diversity=0.124950,
indivs=20573866, elapsed_secs=23521, mean=0.483769, stdev=0.056906, best fit=0.688100, best_overall=0.688100, mean_diversity=0.156987,
indivs=20583908, elapsed_secs=23534, mean=0.569196, stdev=0.203990, best fit=0.688100, best_overall=0.688100, mean_diversity=0.084581,
indivs=20593993, elapsed_secs=23548, mean=0.541751, stdev=0.204893, best fit=0.688100, best_overall=0.688100, mean_diversity=0.067714,
indivs=20604051, elapsed_secs=23561, mean=0.543501, stdev=0.115724, best fit=0.688100, best_overall=0.688100, mean_diversity=0.435767,
indivs=20614059, elapsed_secs=23571, mean=0.530487, stdev=0.209997, best fit=0.688100, best_overall=0.688100, mean_diversity=0.127862,
indivs=20624069, elapsed_secs=23585, mean=0.506697, stdev=0.145362, best fit=0.688100, best_overall=0.688100, mean_diversity=0.326190,
indivs=20634087, elapsed_secs=23596, mean=0.510240, stdev=0.038115, best fit=0.688100, best_overall=0.688100, mean_diversity=0.156091,
indivs=20644120, elapsed_secs=23609, mean=0.501866, stdev=0.018717, best fit=0.688100, best_overall=0.688100, mean_diversity=0.054619,
indivs=20654212, elapsed_secs=23619, mean=0.501425, stdev=0.140267, best fit=0.688100, best_overall=0.688100, mean_diversity=0.300714,
indivs=20664250, elapsed_secs=23631, mean=0.588085, stdev=0.145064, best fit=0.688100, best_overall=0.688100, mean_diversity=0.237282,
indivs=20674353, elapsed_secs=23642, mean=0.487963, stdev=0.134284, best fit=0.688100, best_overall=0.688100, mean_diversity=0.166232,
indivs=20684476, elapsed_secs=23653, mean=0.538483, stdev=0.092383, best fit=0.688100, best_overall=0.688100, mean_diversity=0.331727,
indivs=20694606, elapsed_secs=23666, mean=0.542145, stdev=0.158472, best fit=0.688100, best_overall=0.688100, mean_diversity=0.205887,
indivs=20704690, elapsed_secs=23677, mean=0.503624, stdev=0.159997, best fit=0.688100, best_overall=0.688100, mean_diversity=0.212955,
indivs=20714850, elapsed_secs=23686, mean=0.559753, stdev=0.182104, best fit=0.688100, best_overall=0.688100, mean_diversity=0.051240,
indivs=20724861, elapsed_secs=23699, mean=0.506657, stdev=0.121300, best fit=0.688100, best_overall=0.688100, mean_diversity=0.338497,
indivs=20734867, elapsed_secs=23711, mean=0.517059, stdev=0.207197, best fit=0.688100, best_overall=0.688100, mean_diversity=0.166864,
indivs=20744901, elapsed_secs=23722, mean=0.508770, stdev=0.204359, best fit=0.688100, best_overall=0.688100, mean_diversity=0.201401,
indivs=20754970, elapsed_secs=23732, mean=0.477119, stdev=0.104971, best fit=0.688100, best_overall=0.688100, mean_diversity=0.119466,
indivs=20765016, elapsed_secs=23743, mean=0.523334, stdev=0.114212, best fit=0.688100, best_overall=0.688100, mean_diversity=0.433918,
indivs=20775026, elapsed_secs=23756, mean=0.516827, stdev=0.210607, best fit=0.688100, best_overall=0.688100, mean_diversity=0.276438,
indivs=20785125, elapsed_secs=23768, mean=0.503816, stdev=0.100897, best fit=0.688100, best_overall=0.688100, mean_diversity=0.443691,
indivs=20795131, elapsed_secs=23780, mean=0.494855, stdev=0.138825, best fit=0.688100, best_overall=0.688100, mean_diversity=0.132842,
indivs=20805175, elapsed_secs=23793, mean=0.478752, stdev=0.169220, best fit=0.688100, best_overall=0.688100, mean_diversity=0.517842,
indivs=20815191, elapsed_secs=23805, mean=0.483321, stdev=0.184314, best fit=0.688100, best_overall=0.688100, mean_diversity=0.337396,
indivs=20825258, elapsed_secs=23817, mean=0.502495, stdev=0.117361, best fit=0.688100, best_overall=0.688100, mean_diversity=0.363295,
indivs=20835356, elapsed_secs=23828, mean=0.587718, stdev=0.161511, best fit=0.688100, best_overall=0.688100, mean_diversity=0.181355,
indivs=20845455, elapsed_secs=23841, mean=0.539294, stdev=0.167913, best fit=0.688100, best_overall=0.688100, mean_diversity=0.187774,
indivs=20855545, elapsed_secs=23853, mean=0.538642, stdev=0.121448, best fit=0.688100, best_overall=0.688100, mean_diversity=0.359959,
indivs=20865553, elapsed_secs=23865, mean=0.481691, stdev=0.246246, best fit=0.688100, best_overall=0.688100, mean_diversity=0.233224,
indivs=20875637, elapsed_secs=23875, mean=0.513406, stdev=0.191314, best fit=0.688100, best_overall=0.688100, mean_diversity=0.404228,
indivs=20885730, elapsed_secs=23888, mean=0.561362, stdev=0.148318, best fit=0.688100, best_overall=0.688100, mean_diversity=0.208418,
indivs=20895824, elapsed_secs=23900, mean=0.553917, stdev=0.156341, best fit=0.688100, best_overall=0.688100, mean_diversity=0.082140,
indivs=20905870, elapsed_secs=23912, mean=0.488406, stdev=0.255794, best fit=0.688100, best_overall=0.688100, mean_diversity=0.057037,
indivs=20915920, elapsed_secs=23925, mean=0.520289, stdev=0.131569, best fit=0.688100, best_overall=0.688100, mean_diversity=0.272628,
indivs=20926083, elapsed_secs=23939, mean=0.536039, stdev=0.218461, best fit=0.688100, best_overall=0.688100, mean_diversity=0.101821,
indivs=20936238, elapsed_secs=23951, mean=0.536422, stdev=0.208586, best fit=0.688100, best_overall=0.688100, mean_diversity=0.133695,
indivs=20946267, elapsed_secs=23964, mean=0.519565, stdev=0.077974, best fit=0.688100, best_overall=0.688100, mean_diversity=0.354361,
indivs=20956293, elapsed_secs=23976, mean=0.512520, stdev=0.148777, best fit=0.688100, best_overall=0.688100, mean_diversity=0.356752,
indivs=20966336, elapsed_secs=23987, mean=0.595738, stdev=0.103963, best fit=0.688100, best_overall=0.688100, mean_diversity=0.169531,
indivs=20976422, elapsed_secs=23999, mean=0.494811, stdev=0.174106, best fit=0.688100, best_overall=0.688100, mean_diversity=0.283549,
indivs=20986477, elapsed_secs=24009, mean=0.500347, stdev=0.190093, best fit=0.688100, best_overall=0.688100, mean_diversity=0.227841,
indivs=20996545, elapsed_secs=24023, mean=0.506735, stdev=0.068884, best fit=0.688100, best_overall=0.688100, mean_diversity=0.425601,
indivs=21006579, elapsed_secs=24038, mean=0.490371, stdev=0.090390, best fit=0.688100, best_overall=0.688100, mean_diversity=0.374583,
indivs=21016678, elapsed_secs=24051, mean=0.557355, stdev=0.141596, best fit=0.688100, best_overall=0.688100, mean_diversity=0.181674,
indivs=21026717, elapsed_secs=24064, mean=0.565610, stdev=0.133852, best fit=0.688100, best_overall=0.688100, mean_diversity=0.192699,
indivs=21036752, elapsed_secs=24075, mean=0.467980, stdev=0.155123, best fit=0.688100, best_overall=0.688100, mean_diversity=0.294211,
indivs=21046840, elapsed_secs=24087, mean=0.503511, stdev=0.064294, best fit=0.688100, best_overall=0.688100, mean_diversity=0.192669,
indivs=21056951, elapsed_secs=24099, mean=0.542576, stdev=0.156733, best fit=0.688100, best_overall=0.688100, mean_diversity=0.228265,
indivs=21067097, elapsed_secs=24112, mean=0.591120, stdev=0.186039, best fit=0.688100, best_overall=0.688100, mean_diversity=0.066258,
indivs=21077133, elapsed_secs=24123, mean=0.482878, stdev=0.126604, best fit=0.688100, best_overall=0.688100, mean_diversity=0.151891,
indivs=21087184, elapsed_secs=24135, mean=0.534830, stdev=0.152270, best fit=0.688100, best_overall=0.688100, mean_diversity=0.285463,
indivs=21097236, elapsed_secs=24146, mean=0.557723, stdev=0.155658, best fit=0.688100, best_overall=0.688100, mean_diversity=0.132735,
indivs=21107260, elapsed_secs=24158, mean=0.499766, stdev=0.081795, best fit=0.688100, best_overall=0.688100, mean_diversity=0.238627,
indivs=21117312, elapsed_secs=24171, mean=0.508389, stdev=0.107883, best fit=0.688100, best_overall=0.688100, mean_diversity=0.279270,
indivs=21127402, elapsed_secs=24184, mean=0.507394, stdev=0.033700, best fit=0.688100, best_overall=0.688100, mean_diversity=0.102847,
indivs=21137524, elapsed_secs=24197, mean=0.520766, stdev=0.181811, best fit=0.688100, best_overall=0.688100, mean_diversity=0.260093,
indivs=21147614, elapsed_secs=24209, mean=0.539496, stdev=0.188853, best fit=0.688100, best_overall=0.688100, mean_diversity=0.096243,
indivs=21157643, elapsed_secs=24220, mean=0.531320, stdev=0.075491, best fit=0.688100, best_overall=0.688100, mean_diversity=0.114842,
indivs=21167651, elapsed_secs=24231, mean=0.518213, stdev=0.200752, best fit=0.688100, best_overall=0.688100, mean_diversity=0.152115,
indivs=21177746, elapsed_secs=24245, mean=0.602662, stdev=0.141499, best fit=0.688100, best_overall=0.688100, mean_diversity=0.065941,
indivs=21187822, elapsed_secs=24257, mean=0.504820, stdev=0.148646, best fit=0.688100, best_overall=0.688100, mean_diversity=0.272748,
indivs=21197860, elapsed_secs=24268, mean=0.511326, stdev=0.115993, best fit=0.688100, best_overall=0.688100, mean_diversity=0.108590,
indivs=21207891, elapsed_secs=24280, mean=0.535034, stdev=0.053055, best fit=0.688100, best_overall=0.688100, mean_diversity=0.356096,
indivs=21217905, elapsed_secs=24292, mean=0.516149, stdev=0.164043, best fit=0.688100, best_overall=0.688100, mean_diversity=0.271779,
indivs=21227962, elapsed_secs=24305, mean=0.522373, stdev=0.168720, best fit=0.688100, best_overall=0.688100, mean_diversity=0.187035,
indivs=21238091, elapsed_secs=24318, mean=0.499689, stdev=0.182775, best fit=0.688100, best_overall=0.688100, mean_diversity=0.180140,
indivs=21248228, elapsed_secs=24331, mean=0.534993, stdev=0.177121, best fit=0.688100, best_overall=0.688100, mean_diversity=0.085120,
indivs=21258356, elapsed_secs=24343, mean=0.577969, stdev=0.083261, best fit=0.688100, best_overall=0.688100, mean_diversity=0.271985,
indivs=21268435, elapsed_secs=24357, mean=0.476853, stdev=0.132081, best fit=0.688100, best_overall=0.688100, mean_diversity=0.413904,
indivs=21278454, elapsed_secs=24368, mean=0.505378, stdev=0.210539, best fit=0.688100, best_overall=0.688100, mean_diversity=0.132510,
indivs=21288569, elapsed_secs=24379, mean=0.455801, stdev=0.232610, best fit=0.688100, best_overall=0.688100, mean_diversity=0.309136,
indivs=21298639, elapsed_secs=24390, mean=0.526910, stdev=0.074103, best fit=0.688100, best_overall=0.688100, mean_diversity=0.308482,
indivs=21308735, elapsed_secs=24402, mean=0.510075, stdev=0.148245, best fit=0.688100, best_overall=0.688100, mean_diversity=0.292606,
indivs=21318806, elapsed_secs=24415, mean=0.530973, stdev=0.211569, best fit=0.688100, best_overall=0.688100, mean_diversity=0.158247,
indivs=21328884, elapsed_secs=24425, mean=0.531260, stdev=0.172764, best fit=0.688100, best_overall=0.688100, mean_diversity=0.349333,
indivs=21338887, elapsed_secs=24437, mean=0.520502, stdev=0.070978, best fit=0.688100, best_overall=0.688100, mean_diversity=0.158964,
indivs=21348920, elapsed_secs=24448, mean=0.557542, stdev=0.205820, best fit=0.688100, best_overall=0.688100, mean_diversity=0.081493,
indivs=21358953, elapsed_secs=24462, mean=0.495049, stdev=0.060128, best fit=0.688100, best_overall=0.688100, mean_diversity=0.233563,
indivs=21369002, elapsed_secs=24475, mean=0.538066, stdev=0.092457, best fit=0.688100, best_overall=0.688100, mean_diversity=0.348605,
indivs=21379056, elapsed_secs=24489, mean=0.500881, stdev=0.020076, best fit=0.688100, best_overall=0.688100, mean_diversity=0.055745,
indivs=21389159, elapsed_secs=24502, mean=0.518903, stdev=0.128550, best fit=0.688100, best_overall=0.688100, mean_diversity=0.248064,
indivs=21399269, elapsed_secs=24514, mean=0.558946, stdev=0.137779, best fit=0.688100, best_overall=0.688100, mean_diversity=0.160461,
indivs=21409299, elapsed_secs=24525, mean=0.507146, stdev=0.181835, best fit=0.688100, best_overall=0.688100, mean_diversity=0.089854,
indivs=21419380, elapsed_secs=24538, mean=0.521383, stdev=0.109738, best fit=0.688100, best_overall=0.688100, mean_diversity=0.244318,
indivs=21429439, elapsed_secs=24551, mean=0.517618, stdev=0.236206, best fit=0.688100, best_overall=0.688100, mean_diversity=0.120595,
indivs=21439443, elapsed_secs=24562, mean=0.582143, stdev=0.065777, best fit=0.688100, best_overall=0.688100, mean_diversity=0.187877,
indivs=21449487, elapsed_secs=24576, mean=0.512922, stdev=0.160547, best fit=0.688100, best_overall=0.688100, mean_diversity=0.299835,
indivs=21459585, elapsed_secs=24588, mean=0.495507, stdev=0.139157, best fit=0.688100, best_overall=0.688100, mean_diversity=0.416958,
indivs=21469641, elapsed_secs=24601, mean=0.491481, stdev=0.121209, best fit=0.688100, best_overall=0.688100, mean_diversity=0.211765,
indivs=21479672, elapsed_secs=24612, mean=0.561784, stdev=0.120945, best fit=0.688100, best_overall=0.688100, mean_diversity=0.053949,
indivs=21489828, elapsed_secs=24624, mean=0.584978, stdev=0.167612, best fit=0.688100, best_overall=0.688100, mean_diversity=0.080328,
indivs=21499875, elapsed_secs=24635, mean=0.485525, stdev=0.076638, best fit=0.688100, best_overall=0.688100, mean_diversity=0.111338,
indivs=21509978, elapsed_secs=24647, mean=0.530042, stdev=0.089486, best fit=0.688100, best_overall=0.688100, mean_diversity=0.324849,
indivs=21520104, elapsed_secs=24659, mean=0.397342, stdev=0.236886, best fit=0.688100, best_overall=0.688100, mean_diversity=0.171671,
indivs=21530255, elapsed_secs=24669, mean=0.518021, stdev=0.206475, best fit=0.688100, best_overall=0.688100, mean_diversity=0.091693,
indivs=21540355, elapsed_secs=24681, mean=0.530032, stdev=0.123229, best fit=0.688100, best_overall=0.688100, mean_diversity=0.253622,
indivs=21550355, elapsed_secs=24695, mean=0.529270, stdev=0.122050, best fit=0.688100, best_overall=0.688100, mean_diversity=0.386341,
indivs=21560453, elapsed_secs=24706, mean=0.514404, stdev=0.230250, best fit=0.688100, best_overall=0.688100, mean_diversity=0.102412,
indivs=21570508, elapsed_secs=24719, mean=0.509567, stdev=0.163434, best fit=0.688100, best_overall=0.688100, mean_diversity=0.376684,
indivs=21580554, elapsed_secs=24730, mean=0.559964, stdev=0.112500, best fit=0.688100, best_overall=0.688100, mean_diversity=0.184238,
indivs=21590697, elapsed_secs=24745, mean=0.602335, stdev=0.100817, best fit=0.688100, best_overall=0.688100, mean_diversity=0.144596,
indivs=21600710, elapsed_secs=24756, mean=0.571206, stdev=0.171160, best fit=0.688100, best_overall=0.688100, mean_diversity=0.171512,
indivs=21610799, elapsed_secs=24769, mean=0.547571, stdev=0.158078, best fit=0.688100, best_overall=0.688100, mean_diversity=0.140500,
indivs=21620917, elapsed_secs=24781, mean=0.545519, stdev=0.172538, best fit=0.688100, best_overall=0.688100, mean_diversity=0.177940,
indivs=21630999, elapsed_secs=24792, mean=0.560457, stdev=0.201447, best fit=0.688100, best_overall=0.688100, mean_diversity=0.123005,
indivs=21641042, elapsed_secs=24804, mean=0.560002, stdev=0.112528, best fit=0.688100, best_overall=0.688100, mean_diversity=0.173996,
indivs=21651052, elapsed_secs=24816, mean=0.555873, stdev=0.109323, best fit=0.688100, best_overall=0.688100, mean_diversity=0.273700,
indivs=21661137, elapsed_secs=24829, mean=0.516580, stdev=0.231361, best fit=0.688100, best_overall=0.688100, mean_diversity=0.108178,
indivs=21671153, elapsed_secs=24841, mean=0.570625, stdev=0.141125, best fit=0.688100, best_overall=0.688100, mean_diversity=0.204333,
indivs=21681164, elapsed_secs=24855, mean=0.498987, stdev=0.163477, best fit=0.688100, best_overall=0.688100, mean_diversity=0.185799,
indivs=21691173, elapsed_secs=24866, mean=0.540828, stdev=0.118316, best fit=0.688100, best_overall=0.688100, mean_diversity=0.283600,
indivs=21701202, elapsed_secs=24876, mean=0.504553, stdev=0.169041, best fit=0.688100, best_overall=0.688100, mean_diversity=0.102398,
indivs=21711248, elapsed_secs=24890, mean=0.512739, stdev=0.219391, best fit=0.688100, best_overall=0.688100, mean_diversity=0.174764,
indivs=21721313, elapsed_secs=24903, mean=0.569390, stdev=0.156277, best fit=0.688100, best_overall=0.688100, mean_diversity=0.168707,
indivs=21731402, elapsed_secs=24916, mean=0.490849, stdev=0.093066, best fit=0.688100, best_overall=0.688100, mean_diversity=0.129448,
indivs=21741417, elapsed_secs=24928, mean=0.500982, stdev=0.023963, best fit=0.688100, best_overall=0.688100, mean_diversity=0.135717,
indivs=21751545, elapsed_secs=24938, mean=0.583262, stdev=0.081361, best fit=0.688100, best_overall=0.688100, mean_diversity=0.229323,
indivs=21761568, elapsed_secs=24951, mean=0.518030, stdev=0.147483, best fit=0.688100, best_overall=0.688100, mean_diversity=0.317545,
indivs=21771632, elapsed_secs=24963, mean=0.489105, stdev=0.090251, best fit=0.688100, best_overall=0.688100, mean_diversity=0.232919,
indivs=21781713, elapsed_secs=24976, mean=0.582835, stdev=0.186618, best fit=0.688100, best_overall=0.688100, mean_diversity=0.072730,
indivs=21791745, elapsed_secs=24988, mean=0.505898, stdev=0.110015, best fit=0.688100, best_overall=0.688100, mean_diversity=0.336186,
indivs=21801903, elapsed_secs=24998, mean=0.520277, stdev=0.224834, best fit=0.688100, best_overall=0.688100, mean_diversity=0.200412,
indivs=21811966, elapsed_secs=25011, mean=0.506209, stdev=0.105062, best fit=0.688100, best_overall=0.688100, mean_diversity=0.275855,
indivs=21822066, elapsed_secs=25024, mean=0.544005, stdev=0.136170, best fit=0.688100, best_overall=0.688100, mean_diversity=0.427229,
indivs=21832087, elapsed_secs=25037, mean=0.347848, stdev=0.274118, best fit=0.688100, best_overall=0.688100, mean_diversity=0.141917,
indivs=21842189, elapsed_secs=25050, mean=0.545957, stdev=0.152907, best fit=0.688100, best_overall=0.688100, mean_diversity=0.178293,
indivs=21852221, elapsed_secs=25063, mean=0.600208, stdev=0.087321, best fit=0.688100, best_overall=0.688100, mean_diversity=0.133342,
indivs=21862234, elapsed_secs=25074, mean=0.487675, stdev=0.141916, best fit=0.688100, best_overall=0.688100, mean_diversity=0.119811,
indivs=21872309, elapsed_secs=25087, mean=0.517549, stdev=0.093025, best fit=0.688100, best_overall=0.688100, mean_diversity=0.323161,
indivs=21882401, elapsed_secs=25099, mean=0.559974, stdev=0.162848, best fit=0.688100, best_overall=0.688100, mean_diversity=0.080448,
indivs=21892497, elapsed_secs=25110, mean=0.496430, stdev=0.053492, best fit=0.688100, best_overall=0.688100, mean_diversity=0.194161,
indivs=21902633, elapsed_secs=25122, mean=0.552805, stdev=0.152098, best fit=0.688100, best_overall=0.688100, mean_diversity=0.136398,
indivs=21912635, elapsed_secs=25134, mean=0.455350, stdev=0.165221, best fit=0.688100, best_overall=0.688100, mean_diversity=0.103333,
indivs=21922667, elapsed_secs=25147, mean=0.576116, stdev=0.173883, best fit=0.688100, best_overall=0.688100, mean_diversity=0.159599,
indivs=21932750, elapsed_secs=25159, mean=0.495343, stdev=0.109393, best fit=0.688100, best_overall=0.688100, mean_diversity=0.331184,
indivs=21942831, elapsed_secs=25170, mean=0.522597, stdev=0.147205, best fit=0.688100, best_overall=0.688100, mean_diversity=0.192104,
indivs=21952956, elapsed_secs=25182, mean=0.540035, stdev=0.117715, best fit=0.688100, best_overall=0.688100, mean_diversity=0.377971,
indivs=21962963, elapsed_secs=25194, mean=0.499728, stdev=0.250787, best fit=0.688100, best_overall=0.688100, mean_diversity=0.114807,
indivs=21973015, elapsed_secs=25206, mean=0.525559, stdev=0.116285, best fit=0.688100, best_overall=0.688100, mean_diversity=0.297729,
indivs=21983156, elapsed_secs=25218, mean=0.514676, stdev=0.270279, best fit=0.688100, best_overall=0.688100, mean_diversity=0.328143,
indivs=21993187, elapsed_secs=25229, mean=0.497308, stdev=0.079551, best fit=0.688100, best_overall=0.688100, mean_diversity=0.083654,
indivs=22003265, elapsed_secs=25241, mean=0.544942, stdev=0.124873, best fit=0.688100, best_overall=0.688100, mean_diversity=0.161453,
indivs=22013315, elapsed_secs=25255, mean=0.533412, stdev=0.090155, best fit=0.688100, best_overall=0.688100, mean_diversity=0.357366,
indivs=22023384, elapsed_secs=25268, mean=0.541370, stdev=0.138635, best fit=0.688100, best_overall=0.688100, mean_diversity=0.282021,
indivs=22033549, elapsed_secs=25282, mean=0.558296, stdev=0.181575, best fit=0.688100, best_overall=0.688100, mean_diversity=0.053774,
indivs=22043566, elapsed_secs=25295, mean=0.541073, stdev=0.107176, best fit=0.688100, best_overall=0.688100, mean_diversity=0.179780,
indivs=22053658, elapsed_secs=25307, mean=0.510930, stdev=0.038564, best fit=0.688100, best_overall=0.688100, mean_diversity=0.160843,
indivs=22063744, elapsed_secs=25320, mean=0.595444, stdev=0.143248, best fit=0.688100, best_overall=0.688100, mean_diversity=0.065991,
indivs=22073829, elapsed_secs=25331, mean=0.487783, stdev=0.218521, best fit=0.688100, best_overall=0.688100, mean_diversity=0.298224,
indivs=22083877, elapsed_secs=25343, mean=0.522999, stdev=0.170625, best fit=0.688100, best_overall=0.688100, mean_diversity=0.087252,
indivs=22093893, elapsed_secs=25356, mean=0.500170, stdev=0.019453, best fit=0.688100, best_overall=0.688100, mean_diversity=0.248066,
indivs=22103956, elapsed_secs=25372, mean=0.549611, stdev=0.089630, best fit=0.688100, best_overall=0.688100, mean_diversity=0.308636,
indivs=22113976, elapsed_secs=25382, mean=0.532503, stdev=0.147273, best fit=0.688100, best_overall=0.688100, mean_diversity=0.366903,
indivs=22124053, elapsed_secs=25394, mean=0.543255, stdev=0.110421, best fit=0.688100, best_overall=0.688100, mean_diversity=0.318765,
indivs=22134147, elapsed_secs=25407, mean=0.546775, stdev=0.162481, best fit=0.688100, best_overall=0.688100, mean_diversity=0.174989,
indivs=22144187, elapsed_secs=25420, mean=0.537868, stdev=0.233953, best fit=0.688100, best_overall=0.688100, mean_diversity=0.102859,
indivs=22154200, elapsed_secs=25432, mean=0.586675, stdev=0.110776, best fit=0.688100, best_overall=0.688100, mean_diversity=0.156223,
indivs=22164294, elapsed_secs=25445, mean=0.482463, stdev=0.116218, best fit=0.688100, best_overall=0.688100, mean_diversity=0.092676,
indivs=22174331, elapsed_secs=25458, mean=0.536794, stdev=0.120390, best fit=0.688100, best_overall=0.688100, mean_diversity=0.173374,
indivs=22184445, elapsed_secs=25470, mean=0.542790, stdev=0.213530, best fit=0.688100, best_overall=0.688100, mean_diversity=0.081048,
indivs=22194581, elapsed_secs=25482, mean=0.545907, stdev=0.176615, best fit=0.688100, best_overall=0.688100, mean_diversity=0.264727,
indivs=22204672, elapsed_secs=25495, mean=0.409195, stdev=0.272554, best fit=0.688100, best_overall=0.688100, mean_diversity=0.234612,
indivs=22214744, elapsed_secs=25508, mean=0.522868, stdev=0.151308, best fit=0.688100, best_overall=0.688100, mean_diversity=0.240359,
indivs=22224773, elapsed_secs=25520, mean=0.528505, stdev=0.125236, best fit=0.688100, best_overall=0.688100, mean_diversity=0.346229,
indivs=22234886, elapsed_secs=25532, mean=0.531187, stdev=0.089603, best fit=0.688100, best_overall=0.688100, mean_diversity=0.323499,
indivs=22244940, elapsed_secs=25544, mean=0.565772, stdev=0.173548, best fit=0.688100, best_overall=0.688100, mean_diversity=0.123588,
indivs=22254999, elapsed_secs=25554, mean=0.500408, stdev=0.237711, best fit=0.688100, best_overall=0.688100, mean_diversity=0.129115,
indivs=22265007, elapsed_secs=25566, mean=0.526901, stdev=0.156317, best fit=0.688100, best_overall=0.688100, mean_diversity=0.208973,
indivs=22275014, elapsed_secs=25578, mean=0.559065, stdev=0.152110, best fit=0.688100, best_overall=0.688100, mean_diversity=0.508059,
indivs=22285123, elapsed_secs=25588, mean=0.494469, stdev=0.146190, best fit=0.688100, best_overall=0.688100, mean_diversity=0.315452,
indivs=22295218, elapsed_secs=25600, mean=0.553741, stdev=0.141425, best fit=0.688100, best_overall=0.688100, mean_diversity=0.163073,
indivs=22305310, elapsed_secs=25613, mean=0.548137, stdev=0.192726, best fit=0.688100, best_overall=0.688100, mean_diversity=0.185211,
indivs=22315325, elapsed_secs=25624, mean=0.500861, stdev=0.021268, best fit=0.688100, best_overall=0.688100, mean_diversity=0.118075,
indivs=22325392, elapsed_secs=25638, mean=0.522586, stdev=0.142010, best fit=0.688100, best_overall=0.688100, mean_diversity=0.212103,
indivs=22335423, elapsed_secs=25649, mean=0.484147, stdev=0.217444, best fit=0.688100, best_overall=0.688100, mean_diversity=0.191148,
indivs=22345513, elapsed_secs=25662, mean=0.519969, stdev=0.072572, best fit=0.688100, best_overall=0.688100, mean_diversity=0.235835,
indivs=22355605, elapsed_secs=25673, mean=0.484423, stdev=0.102397, best fit=0.688100, best_overall=0.688100, mean_diversity=0.143013,
indivs=22365641, elapsed_secs=25687, mean=0.555066, stdev=0.164762, best fit=0.688100, best_overall=0.688100, mean_diversity=0.093492,
indivs=22375719, elapsed_secs=25697, mean=0.532488, stdev=0.203317, best fit=0.688100, best_overall=0.688100, mean_diversity=0.266897,
indivs=22385830, elapsed_secs=25711, mean=0.531226, stdev=0.112236, best fit=0.688100, best_overall=0.688100, mean_diversity=0.161486,
indivs=22395916, elapsed_secs=25723, mean=0.486421, stdev=0.244477, best fit=0.688100, best_overall=0.688100, mean_diversity=0.116488,
indivs=22405978, elapsed_secs=25735, mean=0.459629, stdev=0.232486, best fit=0.688100, best_overall=0.688100, mean_diversity=0.214182,
indivs=22416007, elapsed_secs=25747, mean=0.496633, stdev=0.112073, best fit=0.688100, best_overall=0.688100, mean_diversity=0.304962,
indivs=22426041, elapsed_secs=25758, mean=0.521216, stdev=0.151292, best fit=0.688100, best_overall=0.688100, mean_diversity=0.284788,
indivs=22436077, elapsed_secs=25770, mean=0.552368, stdev=0.133226, best fit=0.688100, best_overall=0.688100, mean_diversity=0.212085,
indivs=22446202, elapsed_secs=25783, mean=0.583026, stdev=0.185264, best fit=0.688100, best_overall=0.688100, mean_diversity=0.092677,
indivs=22456221, elapsed_secs=25795, mean=0.505616, stdev=0.127986, best fit=0.688100, best_overall=0.688100, mean_diversity=0.285857,
indivs=22466269, elapsed_secs=25807, mean=0.557447, stdev=0.162746, best fit=0.688100, best_overall=0.688100, mean_diversity=0.271420,
indivs=22476373, elapsed_secs=25819, mean=0.473490, stdev=0.212032, best fit=0.688100, best_overall=0.688100, mean_diversity=0.197568,
indivs=22486392, elapsed_secs=25832, mean=0.543197, stdev=0.073103, best fit=0.688100, best_overall=0.688100, mean_diversity=0.266335,
indivs=22496399, elapsed_secs=25845, mean=0.505515, stdev=0.065693, best fit=0.688100, best_overall=0.688100, mean_diversity=0.238687,
indivs=22506405, elapsed_secs=25857, mean=0.501881, stdev=0.018716, best fit=0.688100, best_overall=0.688100, mean_diversity=0.069229,
indivs=22516452, elapsed_secs=25870, mean=0.510976, stdev=0.041699, best fit=0.688100, best_overall=0.688100, mean_diversity=0.152677,
indivs=22526476, elapsed_secs=25883, mean=0.515189, stdev=0.073499, best fit=0.688100, best_overall=0.688100, mean_diversity=0.230176,
indivs=22536548, elapsed_secs=25895, mean=0.527784, stdev=0.090742, best fit=0.688100, best_overall=0.688100, mean_diversity=0.195886,
indivs=22546603, elapsed_secs=25907, mean=0.511650, stdev=0.086108, best fit=0.688100, best_overall=0.688100, mean_diversity=0.222856,
indivs=22556654, elapsed_secs=25920, mean=0.499051, stdev=0.064875, best fit=0.688100, best_overall=0.688100, mean_diversity=0.275762,
indivs=22566755, elapsed_secs=25931, mean=0.491468, stdev=0.221670, best fit=0.688100, best_overall=0.688100, mean_diversity=0.190509,
indivs=22576782, elapsed_secs=25942, mean=0.540889, stdev=0.131484, best fit=0.688100, best_overall=0.688100, mean_diversity=0.253646,
indivs=22586915, elapsed_secs=25956, mean=0.460025, stdev=0.248805, best fit=0.688100, best_overall=0.688100, mean_diversity=0.099360,
indivs=22596970, elapsed_secs=25968, mean=0.538521, stdev=0.134587, best fit=0.688100, best_overall=0.688100, mean_diversity=0.110849,
indivs=22607089, elapsed_secs=25981, mean=0.500012, stdev=0.187314, best fit=0.688100, best_overall=0.688100, mean_diversity=0.384595,
indivs=22617214, elapsed_secs=25993, mean=0.536773, stdev=0.188162, best fit=0.688100, best_overall=0.688100, mean_diversity=0.358469,
indivs=22627263, elapsed_secs=26004, mean=0.530677, stdev=0.110107, best fit=0.688100, best_overall=0.688100, mean_diversity=0.129332,
indivs=22637266, elapsed_secs=26015, mean=0.543527, stdev=0.206579, best fit=0.688100, best_overall=0.688100, mean_diversity=0.108054,
indivs=22647303, elapsed_secs=26028, mean=0.528060, stdev=0.093281, best fit=0.688100, best_overall=0.688100, mean_diversity=0.210543,
indivs=22657401, elapsed_secs=26039, mean=0.538488, stdev=0.118741, best fit=0.688100, best_overall=0.688100, mean_diversity=0.371361,
indivs=22667488, elapsed_secs=26052, mean=0.541642, stdev=0.176385, best fit=0.688100, best_overall=0.688100, mean_diversity=0.181129,
indivs=22677559, elapsed_secs=26064, mean=0.502620, stdev=0.133048, best fit=0.688100, best_overall=0.688100, mean_diversity=0.242129,
indivs=22687626, elapsed_secs=26076, mean=0.526650, stdev=0.063538, best fit=0.688100, best_overall=0.688100, mean_diversity=0.078149,
indivs=22697692, elapsed_secs=26088, mean=0.532989, stdev=0.179876, best fit=0.688100, best_overall=0.688100, mean_diversity=0.165327,
indivs=22707696, elapsed_secs=26100, mean=0.485164, stdev=0.179733, best fit=0.688100, best_overall=0.688100, mean_diversity=0.275139,
indivs=22717753, elapsed_secs=26112, mean=0.543909, stdev=0.172059, best fit=0.688100, best_overall=0.688100, mean_diversity=0.224465,
indivs=22727832, elapsed_secs=26125, mean=0.505322, stdev=0.068895, best fit=0.688100, best_overall=0.688100, mean_diversity=0.173427,
indivs=22737851, elapsed_secs=26137, mean=0.544833, stdev=0.148419, best fit=0.688100, best_overall=0.688100, mean_diversity=0.158714,
indivs=22747954, elapsed_secs=26149, mean=0.539156, stdev=0.169921, best fit=0.688100, best_overall=0.688100, mean_diversity=0.205103,
indivs=22758040, elapsed_secs=26162, mean=0.522905, stdev=0.136619, best fit=0.688100, best_overall=0.688100, mean_diversity=0.370210,
indivs=22768189, elapsed_secs=26175, mean=0.584997, stdev=0.116451, best fit=0.688100, best_overall=0.688100, mean_diversity=0.352607,
indivs=22778225, elapsed_secs=26189, mean=0.492460, stdev=0.034899, best fit=0.688100, best_overall=0.688100, mean_diversity=0.130567,
indivs=22788237, elapsed_secs=26200, mean=0.490923, stdev=0.129061, best fit=0.688100, best_overall=0.688100, mean_diversity=0.332757,
indivs=22798350, elapsed_secs=26213, mean=0.483772, stdev=0.270991, best fit=0.688100, best_overall=0.688100, mean_diversity=0.113202,
indivs=22808419, elapsed_secs=26225, mean=0.476441, stdev=0.245586, best fit=0.688100, best_overall=0.688100, mean_diversity=0.275892,
indivs=22818507, elapsed_secs=26238, mean=0.535657, stdev=0.209491, best fit=0.688100, best_overall=0.688100, mean_diversity=0.055899,
indivs=22828606, elapsed_secs=26249, mean=0.508462, stdev=0.036514, best fit=0.688100, best_overall=0.688100, mean_diversity=0.251391,
indivs=22838703, elapsed_secs=26261, mean=0.536435, stdev=0.137239, best fit=0.688100, best_overall=0.688100, mean_diversity=0.154197,
indivs=22848722, elapsed_secs=26272, mean=0.546125, stdev=0.149191, best fit=0.688100, best_overall=0.688100, mean_diversity=0.231732,
indivs=22858825, elapsed_secs=26285, mean=0.570099, stdev=0.168396, best fit=0.688100, best_overall=0.688100, mean_diversity=0.214872,
indivs=22868923, elapsed_secs=26297, mean=0.512991, stdev=0.072593, best fit=0.688100, best_overall=0.688100, mean_diversity=0.238164,
indivs=22878926, elapsed_secs=26309, mean=0.530310, stdev=0.146413, best fit=0.688100, best_overall=0.688100, mean_diversity=0.168540,
indivs=22888996, elapsed_secs=26322, mean=0.559973, stdev=0.134353, best fit=0.688100, best_overall=0.688100, mean_diversity=0.186213,
indivs=22899084, elapsed_secs=26334, mean=0.571918, stdev=0.172644, best fit=0.688100, best_overall=0.688100, mean_diversity=0.124785,
indivs=22909127, elapsed_secs=26348, mean=0.569934, stdev=0.153639, best fit=0.688100, best_overall=0.688100, mean_diversity=0.187001,
indivs=22919147, elapsed_secs=26362, mean=0.502678, stdev=0.201653, best fit=0.688100, best_overall=0.688100, mean_diversity=0.354661,
indivs=22929175, elapsed_secs=26374, mean=0.504316, stdev=0.197899, best fit=0.688100, best_overall=0.688100, mean_diversity=0.180125,
indivs=22939264, elapsed_secs=26387, mean=0.526573, stdev=0.104460, best fit=0.688100, best_overall=0.688100, mean_diversity=0.375313,
indivs=22949280, elapsed_secs=26401, mean=0.488044, stdev=0.080259, best fit=0.688100, best_overall=0.688100, mean_diversity=0.097053,
indivs=22959364, elapsed_secs=26413, mean=0.508996, stdev=0.066407, best fit=0.688100, best_overall=0.688100, mean_diversity=0.177278,
indivs=22969465, elapsed_secs=26425, mean=0.519798, stdev=0.126801, best fit=0.688100, best_overall=0.688100, mean_diversity=0.272361,
indivs=22979579, elapsed_secs=26436, mean=0.519370, stdev=0.164159, best fit=0.688100, best_overall=0.688100, mean_diversity=0.323802,
indivs=22989628, elapsed_secs=26449, mean=0.597176, stdev=0.098644, best fit=0.688100, best_overall=0.688100, mean_diversity=0.106065,
indivs=22999723, elapsed_secs=26461, mean=0.567714, stdev=0.143754, best fit=0.688100, best_overall=0.688100, mean_diversity=0.377778,
indivs=23009842, elapsed_secs=26472, mean=0.567004, stdev=0.152834, best fit=0.688100, best_overall=0.688100, mean_diversity=0.177446,
indivs=23019908, elapsed_secs=26484, mean=0.529113, stdev=0.105886, best fit=0.688100, best_overall=0.688100, mean_diversity=0.300424,
indivs=23030055, elapsed_secs=26496, mean=0.376662, stdev=0.271407, best fit=0.688100, best_overall=0.688100, mean_diversity=0.068541,
indivs=23040143, elapsed_secs=26508, mean=0.534122, stdev=0.123071, best fit=0.688100, best_overall=0.688100, mean_diversity=0.325116,
indivs=23050198, elapsed_secs=26521, mean=0.514979, stdev=0.041496, best fit=0.688100, best_overall=0.688100, mean_diversity=0.201988,
indivs=23060274, elapsed_secs=26532, mean=0.389907, stdev=0.124052, best fit=0.688100, best_overall=0.688100, mean_diversity=0.200110,
indivs=23070291, elapsed_secs=26543, mean=0.537001, stdev=0.065142, best fit=0.688100, best_overall=0.688100, mean_diversity=0.097901,
indivs=23080303, elapsed_secs=26555, mean=0.512488, stdev=0.124559, best fit=0.688100, best_overall=0.688100, mean_diversity=0.308893,
indivs=23090403, elapsed_secs=26567, mean=0.516565, stdev=0.139504, best fit=0.688100, best_overall=0.688100, mean_diversity=0.278019,
indivs=23100545, elapsed_secs=26577, mean=0.502139, stdev=0.235122, best fit=0.688100, best_overall=0.688100, mean_diversity=0.067697,
indivs=23110603, elapsed_secs=26588, mean=0.510460, stdev=0.116252, best fit=0.688100, best_overall=0.688100, mean_diversity=0.400145,
indivs=23120604, elapsed_secs=26598, mean=0.499828, stdev=0.071268, best fit=0.688100, best_overall=0.688100, mean_diversity=0.315714,
indivs=23130693, elapsed_secs=26611, mean=0.501881, stdev=0.018716, best fit=0.688100, best_overall=0.688100, mean_diversity=0.111740,
indivs=23140797, elapsed_secs=26624, mean=0.527176, stdev=0.084866, best fit=0.688100, best_overall=0.688100, mean_diversity=0.404595,
indivs=23150844, elapsed_secs=26636, mean=0.524473, stdev=0.099847, best fit=0.688100, best_overall=0.688100, mean_diversity=0.163276,
indivs=23160854, elapsed_secs=26649, mean=0.501986, stdev=0.080705, best fit=0.688100, best_overall=0.688100, mean_diversity=0.149632,
indivs=23170950, elapsed_secs=26661, mean=0.550621, stdev=0.177521, best fit=0.688100, best_overall=0.688100, mean_diversity=0.227910,
indivs=23181073, elapsed_secs=26675, mean=0.555493, stdev=0.110326, best fit=0.688100, best_overall=0.688100, mean_diversity=0.268115,
indivs=23191155, elapsed_secs=26687, mean=0.513524, stdev=0.151703, best fit=0.688100, best_overall=0.688100, mean_diversity=0.287947,
indivs=23201260, elapsed_secs=26699, mean=0.565214, stdev=0.177581, best fit=0.688100, best_overall=0.688100, mean_diversity=0.103127,
indivs=23211312, elapsed_secs=26712, mean=0.558655, stdev=0.183065, best fit=0.688100, best_overall=0.688100, mean_diversity=0.134336,
indivs=23221462, elapsed_secs=26725, mean=0.511376, stdev=0.168341, best fit=0.688100, best_overall=0.688100, mean_diversity=0.141312,
indivs=23231547, elapsed_secs=26737, mean=0.524594, stdev=0.224265, best fit=0.688100, best_overall=0.688100, mean_diversity=0.194235,
indivs=23241561, elapsed_secs=26749, mean=0.529265, stdev=0.140454, best fit=0.688100, best_overall=0.688100, mean_diversity=0.336916,
indivs=23251597, elapsed_secs=26761, mean=0.503638, stdev=0.025481, best fit=0.688100, best_overall=0.688100, mean_diversity=0.105699,
indivs=23261656, elapsed_secs=26775, mean=0.508694, stdev=0.038241, best fit=0.688100, best_overall=0.688100, mean_diversity=0.183446,
indivs=23271683, elapsed_secs=26786, mean=0.507867, stdev=0.213609, best fit=0.688100, best_overall=0.688100, mean_diversity=0.098857,
indivs=23281683, elapsed_secs=26797, mean=0.574672, stdev=0.185039, best fit=0.688100, best_overall=0.688100, mean_diversity=0.114680,
indivs=23291811, elapsed_secs=26809, mean=0.563462, stdev=0.159952, best fit=0.688100, best_overall=0.688100, mean_diversity=0.110698,
indivs=23301942, elapsed_secs=26821, mean=0.533033, stdev=0.204392, best fit=0.688100, best_overall=0.688100, mean_diversity=0.081555,
indivs=23312020, elapsed_secs=26832, mean=0.496842, stdev=0.110022, best fit=0.688100, best_overall=0.688100, mean_diversity=0.227950,
indivs=23322041, elapsed_secs=26844, mean=0.512064, stdev=0.226659, best fit=0.688100, best_overall=0.688100, mean_diversity=0.112474,
indivs=23332078, elapsed_secs=26854, mean=0.502448, stdev=0.135538, best fit=0.688100, best_overall=0.688100, mean_diversity=0.205822,
indivs=23342087, elapsed_secs=26865, mean=0.497609, stdev=0.134815, best fit=0.688100, best_overall=0.688100, mean_diversity=0.228280,
indivs=23352136, elapsed_secs=26876, mean=0.542210, stdev=0.137498, best fit=0.688100, best_overall=0.688100, mean_diversity=0.308920,
indivs=23362233, elapsed_secs=26886, mean=0.501669, stdev=0.061574, best fit=0.688100, best_overall=0.688100, mean_diversity=0.114338,
indivs=23372282, elapsed_secs=26900, mean=0.524486, stdev=0.124985, best fit=0.688100, best_overall=0.688100, mean_diversity=0.252571,
indivs=23382425, elapsed_secs=26911, mean=0.547654, stdev=0.217086, best fit=0.688100, best_overall=0.688100, mean_diversity=0.107833,
indivs=23392431, elapsed_secs=26923, mean=0.499284, stdev=0.233058, best fit=0.688100, best_overall=0.688100, mean_diversity=0.259195,
indivs=23402569, elapsed_secs=26935, mean=0.565291, stdev=0.152689, best fit=0.688100, best_overall=0.688100, mean_diversity=0.226558,
indivs=23412649, elapsed_secs=26946, mean=0.552875, stdev=0.166248, best fit=0.688100, best_overall=0.688100, mean_diversity=0.125885,
indivs=23422719, elapsed_secs=26960, mean=0.605191, stdev=0.080240, best fit=0.688100, best_overall=0.688100, mean_diversity=0.155245,
indivs=23432862, elapsed_secs=26973, mean=0.545655, stdev=0.189350, best fit=0.688100, best_overall=0.688100, mean_diversity=0.097621,
indivs=23442887, elapsed_secs=26986, mean=0.555608, stdev=0.092528, best fit=0.688100, best_overall=0.688100, mean_diversity=0.341317,
indivs=23452908, elapsed_secs=26998, mean=0.447445, stdev=0.220512, best fit=0.688100, best_overall=0.688100, mean_diversity=0.147849,
indivs=23462925, elapsed_secs=27011, mean=0.473761, stdev=0.280868, best fit=0.688100, best_overall=0.688100, mean_diversity=0.049605,
indivs=23473001, elapsed_secs=27024, mean=0.469586, stdev=0.101779, best fit=0.688100, best_overall=0.688100, mean_diversity=0.095803,
indivs=23483077, elapsed_secs=27037, mean=0.462874, stdev=0.133139, best fit=0.688100, best_overall=0.688100, mean_diversity=0.071316,
indivs=23493188, elapsed_secs=27048, mean=0.566619, stdev=0.200990, best fit=0.688100, best_overall=0.688100, mean_diversity=0.242771,
indivs=23503207, elapsed_secs=27060, mean=0.499053, stdev=0.132997, best fit=0.688100, best_overall=0.688100, mean_diversity=0.195124,
indivs=23513251, elapsed_secs=27072, mean=0.547801, stdev=0.125313, best fit=0.688100, best_overall=0.688100, mean_diversity=0.165105,
indivs=23523321, elapsed_secs=27084, mean=0.532174, stdev=0.204750, best fit=0.688100, best_overall=0.688100, mean_diversity=0.123668,
indivs=23533475, elapsed_secs=27098, mean=0.543782, stdev=0.212270, best fit=0.688100, best_overall=0.688100, mean_diversity=0.092010,
indivs=23543481, elapsed_secs=27111, mean=0.516017, stdev=0.223898, best fit=0.688100, best_overall=0.688100, mean_diversity=0.147633,
indivs=23553589, elapsed_secs=27122, mean=0.523320, stdev=0.104937, best fit=0.688100, best_overall=0.688100, mean_diversity=0.283595,
indivs=23563683, elapsed_secs=27134, mean=0.504754, stdev=0.134048, best fit=0.688100, best_overall=0.688100, mean_diversity=0.297579,
indivs=23573737, elapsed_secs=27147, mean=0.545227, stdev=0.080621, best fit=0.688100, best_overall=0.688100, mean_diversity=0.230212,
indivs=23583741, elapsed_secs=27160, mean=0.532926, stdev=0.169776, best fit=0.688100, best_overall=0.688100, mean_diversity=0.056405,
indivs=23593769, elapsed_secs=27172, mean=0.507162, stdev=0.063977, best fit=0.688100, best_overall=0.688100, mean_diversity=0.302908,
indivs=23603851, elapsed_secs=27184, mean=0.506172, stdev=0.025153, best fit=0.688100, best_overall=0.688100, mean_diversity=0.188734,
indivs=23613854, elapsed_secs=27196, mean=0.498092, stdev=0.208807, best fit=0.688100, best_overall=0.688100, mean_diversity=0.260913,
indivs=23623962, elapsed_secs=27209, mean=0.517268, stdev=0.170972, best fit=0.688100, best_overall=0.688100, mean_diversity=0.148521,
indivs=23634077, elapsed_secs=27221, mean=0.572419, stdev=0.131997, best fit=0.688100, best_overall=0.688100, mean_diversity=0.309610,
indivs=23644167, elapsed_secs=27234, mean=0.477283, stdev=0.274122, best fit=0.688100, best_overall=0.688100, mean_diversity=0.149656,
indivs=23654266, elapsed_secs=27243, mean=0.517495, stdev=0.175533, best fit=0.688100, best_overall=0.688100, mean_diversity=0.289701,
indivs=23664314, elapsed_secs=27256, mean=0.477019, stdev=0.257193, best fit=0.688100, best_overall=0.688100, mean_diversity=0.135515,
indivs=23674388, elapsed_secs=27268, mean=0.511116, stdev=0.149118, best fit=0.688100, best_overall=0.688100, mean_diversity=0.249075,
indivs=23684449, elapsed_secs=27281, mean=0.573575, stdev=0.100388, best fit=0.688100, best_overall=0.688100, mean_diversity=0.108668,
indivs=23694628, elapsed_secs=27293, mean=0.546829, stdev=0.220853, best fit=0.688100, best_overall=0.688100, mean_diversity=0.057508,
indivs=23704648, elapsed_secs=27305, mean=0.572311, stdev=0.183451, best fit=0.688100, best_overall=0.688100, mean_diversity=0.058185,
indivs=23714659, elapsed_secs=27317, mean=0.502463, stdev=0.242753, best fit=0.688100, best_overall=0.688100, mean_diversity=0.070101,
indivs=23724743, elapsed_secs=27330, mean=0.480033, stdev=0.263887, best fit=0.688100, best_overall=0.688100, mean_diversity=0.140995,
indivs=23734775, elapsed_secs=27341, mean=0.508780, stdev=0.125282, best fit=0.688100, best_overall=0.688100, mean_diversity=0.277155,
indivs=23744821, elapsed_secs=27354, mean=0.513215, stdev=0.180374, best fit=0.688100, best_overall=0.688100, mean_diversity=0.271058,
indivs=23754854, elapsed_secs=27365, mean=0.480639, stdev=0.096875, best fit=0.688100, best_overall=0.688100, mean_diversity=0.105889,
indivs=23764883, elapsed_secs=27377, mean=0.509626, stdev=0.228041, best fit=0.688100, best_overall=0.688100, mean_diversity=0.271514,
indivs=23774910, elapsed_secs=27388, mean=0.572972, stdev=0.087670, best fit=0.688100, best_overall=0.688100, mean_diversity=0.150766,
indivs=23785002, elapsed_secs=27400, mean=0.581039, stdev=0.110693, best fit=0.688100, best_overall=0.688100, mean_diversity=0.078542,
indivs=23795060, elapsed_secs=27411, mean=0.496876, stdev=0.053330, best fit=0.688100, best_overall=0.688100, mean_diversity=0.086423,
indivs=23805077, elapsed_secs=27423, mean=0.515134, stdev=0.124455, best fit=0.688100, best_overall=0.688100, mean_diversity=0.274604,
indivs=23815148, elapsed_secs=27434, mean=0.551560, stdev=0.083310, best fit=0.688100, best_overall=0.688100, mean_diversity=0.191109,
indivs=23825170, elapsed_secs=27445, mean=0.512682, stdev=0.182720, best fit=0.688100, best_overall=0.688100, mean_diversity=0.242562,
indivs=23835221, elapsed_secs=27456, mean=0.617726, stdev=0.081226, best fit=0.688100, best_overall=0.688100, mean_diversity=0.078278,
indivs=23845298, elapsed_secs=27467, mean=0.549342, stdev=0.168475, best fit=0.688100, best_overall=0.688100, mean_diversity=0.066382,
indivs=23855452, elapsed_secs=27479, mean=0.551350, stdev=0.183826, best fit=0.688100, best_overall=0.688100, mean_diversity=0.125059,
indivs=23865536, elapsed_secs=27491, mean=0.505776, stdev=0.034149, best fit=0.688100, best_overall=0.688100, mean_diversity=0.104303,
indivs=23875596, elapsed_secs=27503, mean=0.487443, stdev=0.234979, best fit=0.688100, best_overall=0.688100, mean_diversity=0.234497,
indivs=23885679, elapsed_secs=27516, mean=0.528077, stdev=0.181872, best fit=0.688100, best_overall=0.688100, mean_diversity=0.127532,
indivs=23895693, elapsed_secs=27529, mean=0.530278, stdev=0.154563, best fit=0.688100, best_overall=0.688100, mean_diversity=0.272006,
indivs=23905693, elapsed_secs=27542, mean=0.527434, stdev=0.118483, best fit=0.688100, best_overall=0.688100, mean_diversity=0.395183,
indivs=23915775, elapsed_secs=27554, mean=0.519855, stdev=0.207371, best fit=0.688100, best_overall=0.688100, mean_diversity=0.197186,
indivs=23925894, elapsed_secs=27566, mean=0.496680, stdev=0.175660, best fit=0.688100, best_overall=0.688100, mean_diversity=0.091169,
indivs=23935964, elapsed_secs=27577, mean=0.497569, stdev=0.097573, best fit=0.688100, best_overall=0.688100, mean_diversity=0.176598,
indivs=23946101, elapsed_secs=27589, mean=0.521168, stdev=0.208212, best fit=0.688100, best_overall=0.688100, mean_diversity=0.135613,
indivs=23956131, elapsed_secs=27601, mean=0.523212, stdev=0.155418, best fit=0.688100, best_overall=0.688100, mean_diversity=0.155466,
indivs=23966206, elapsed_secs=27613, mean=0.550808, stdev=0.157730, best fit=0.688100, best_overall=0.688100, mean_diversity=0.113686,
indivs=23976352, elapsed_secs=27624, mean=0.496558, stdev=0.133645, best fit=0.688100, best_overall=0.688100, mean_diversity=0.187878,
indivs=23986403, elapsed_secs=27638, mean=0.496065, stdev=0.257298, best fit=0.688100, best_overall=0.688100, mean_diversity=0.132066,
indivs=23996494, elapsed_secs=27649, mean=0.513029, stdev=0.114689, best fit=0.688100, best_overall=0.688100, mean_diversity=0.275740,
indivs=24006522, elapsed_secs=27660, mean=0.514179, stdev=0.119367, best fit=0.688100, best_overall=0.688100, mean_diversity=0.339471,
indivs=24016551, elapsed_secs=27673, mean=0.548784, stdev=0.123879, best fit=0.688100, best_overall=0.688100, mean_diversity=0.376756,
indivs=24026560, elapsed_secs=27683, mean=0.518219, stdev=0.193729, best fit=0.688100, best_overall=0.688100, mean_diversity=0.218994,
indivs=24036663, elapsed_secs=27695, mean=0.558845, stdev=0.204231, best fit=0.688100, best_overall=0.688100, mean_diversity=0.117754,
indivs=24046663, elapsed_secs=27706, mean=0.493499, stdev=0.178099, best fit=0.688100, best_overall=0.688100, mean_diversity=0.153358,
indivs=24056698, elapsed_secs=27719, mean=0.508738, stdev=0.090160, best fit=0.688100, best_overall=0.688100, mean_diversity=0.317562,
indivs=24066726, elapsed_secs=27730, mean=0.506662, stdev=0.070411, best fit=0.688100, best_overall=0.688100, mean_diversity=0.104074,
indivs=24076761, elapsed_secs=27743, mean=0.486838, stdev=0.087640, best fit=0.688100, best_overall=0.688100, mean_diversity=0.228614,
indivs=24086765, elapsed_secs=27755, mean=0.523721, stdev=0.117874, best fit=0.688100, best_overall=0.688100, mean_diversity=0.449971,
indivs=24096832, elapsed_secs=27768, mean=0.523532, stdev=0.131924, best fit=0.688100, best_overall=0.688100, mean_diversity=0.477578,
indivs=24106929, elapsed_secs=27779, mean=0.521234, stdev=0.099894, best fit=0.688100, best_overall=0.688100, mean_diversity=0.351881,
indivs=24117010, elapsed_secs=27790, mean=0.537172, stdev=0.169566, best fit=0.688100, best_overall=0.688100, mean_diversity=0.237311,
indivs=24127103, elapsed_secs=27800, mean=0.526273, stdev=0.174786, best fit=0.688100, best_overall=0.688100, mean_diversity=0.272793,
indivs=24137208, elapsed_secs=27812, mean=0.517174, stdev=0.051561, best fit=0.688100, best_overall=0.688100, mean_diversity=0.153851,
indivs=24147323, elapsed_secs=27824, mean=0.501234, stdev=0.174244, best fit=0.688100, best_overall=0.688100, mean_diversity=0.408114,
indivs=24157412, elapsed_secs=27836, mean=0.527453, stdev=0.157527, best fit=0.688100, best_overall=0.688100, mean_diversity=0.207684,
indivs=24167501, elapsed_secs=27849, mean=0.492801, stdev=0.197755, best fit=0.688100, best_overall=0.688100, mean_diversity=0.405594,
indivs=24177592, elapsed_secs=27862, mean=0.482932, stdev=0.138380, best fit=0.688100, best_overall=0.688100, mean_diversity=0.420559,
indivs=24187619, elapsed_secs=27877, mean=0.558600, stdev=0.175071, best fit=0.688100, best_overall=0.688100, mean_diversity=0.221205,
indivs=24197716, elapsed_secs=27887, mean=0.520619, stdev=0.140090, best fit=0.688100, best_overall=0.688100, mean_diversity=0.366136,
indivs=24207759, elapsed_secs=27899, mean=0.532843, stdev=0.076625, best fit=0.688100, best_overall=0.688100, mean_diversity=0.238505,
indivs=24217779, elapsed_secs=27911, mean=0.406657, stdev=0.221070, best fit=0.688100, best_overall=0.688100, mean_diversity=0.348955,
indivs=24227783, elapsed_secs=27922, mean=0.494970, stdev=0.053660, best fit=0.688100, best_overall=0.688100, mean_diversity=0.100844,
indivs=24237808, elapsed_secs=27933, mean=0.524344, stdev=0.129648, best fit=0.688100, best_overall=0.688100, mean_diversity=0.224415,
indivs=24247895, elapsed_secs=27945, mean=0.480877, stdev=0.100190, best fit=0.688100, best_overall=0.688100, mean_diversity=0.239501,
indivs=24257950, elapsed_secs=27957, mean=0.503142, stdev=0.160863, best fit=0.688100, best_overall=0.688100, mean_diversity=0.203853,
indivs=24267997, elapsed_secs=27969, mean=0.565245, stdev=0.176080, best fit=0.688100, best_overall=0.688100, mean_diversity=0.246066,
indivs=24278135, elapsed_secs=27981, mean=0.554911, stdev=0.184256, best fit=0.688100, best_overall=0.688100, mean_diversity=0.127219,
indivs=24288217, elapsed_secs=27993, mean=0.509196, stdev=0.085133, best fit=0.688100, best_overall=0.688100, mean_diversity=0.318690,
indivs=24298290, elapsed_secs=28005, mean=0.513050, stdev=0.180083, best fit=0.688100, best_overall=0.688100, mean_diversity=0.341538,
indivs=24308291, elapsed_secs=28018, mean=0.515482, stdev=0.137373, best fit=0.688100, best_overall=0.688100, mean_diversity=0.300742,
indivs=24318439, elapsed_secs=28030, mean=0.570250, stdev=0.163098, best fit=0.688100, best_overall=0.688100, mean_diversity=0.275428,
indivs=24328470, elapsed_secs=28043, mean=0.518070, stdev=0.047860, best fit=0.688100, best_overall=0.688100, mean_diversity=0.201716,
indivs=24338488, elapsed_secs=28057, mean=0.562303, stdev=0.118187, best fit=0.688100, best_overall=0.688100, mean_diversity=0.188818,
indivs=24348496, elapsed_secs=28066, mean=0.572460, stdev=0.097157, best fit=0.688100, best_overall=0.688100, mean_diversity=0.105333,
indivs=24358533, elapsed_secs=28078, mean=0.525819, stdev=0.150265, best fit=0.688100, best_overall=0.688100, mean_diversity=0.309957,
indivs=24368656, elapsed_secs=28090, mean=0.558784, stdev=0.181770, best fit=0.688100, best_overall=0.688100, mean_diversity=0.062095,
indivs=24378720, elapsed_secs=28104, mean=0.499186, stdev=0.222786, best fit=0.688100, best_overall=0.688100, mean_diversity=0.303541,
indivs=24388737, elapsed_secs=28115, mean=0.507715, stdev=0.212082, best fit=0.688100, best_overall=0.688100, mean_diversity=0.273868,
indivs=24398751, elapsed_secs=28125, mean=0.515270, stdev=0.119391, best fit=0.688100, best_overall=0.688100, mean_diversity=0.181895,
indivs=24408773, elapsed_secs=28137, mean=0.537664, stdev=0.124056, best fit=0.688100, best_overall=0.688100, mean_diversity=0.247347,
indivs=24418825, elapsed_secs=28149, mean=0.501003, stdev=0.125827, best fit=0.688100, best_overall=0.688100, mean_diversity=0.308310,
indivs=24428863, elapsed_secs=28163, mean=0.507627, stdev=0.134419, best fit=0.688100, best_overall=0.688100, mean_diversity=0.283905,
indivs=24438938, elapsed_secs=28175, mean=0.542294, stdev=0.192187, best fit=0.688100, best_overall=0.688100, mean_diversity=0.063254,
indivs=24449051, elapsed_secs=28186, mean=0.532985, stdev=0.125226, best fit=0.688100, best_overall=0.688100, mean_diversity=0.295810,
indivs=24459149, elapsed_secs=28198, mean=0.578372, stdev=0.082537, best fit=0.688100, best_overall=0.688100, mean_diversity=0.136269,
indivs=24469228, elapsed_secs=28209, mean=0.514427, stdev=0.180864, best fit=0.688100, best_overall=0.688100, mean_diversity=0.342423,
indivs=24479267, elapsed_secs=28220, mean=0.507575, stdev=0.098199, best fit=0.688100, best_overall=0.688100, mean_diversity=0.296607,
indivs=24489273, elapsed_secs=28231, mean=0.487675, stdev=0.107341, best fit=0.688100, best_overall=0.688100, mean_diversity=0.055551,
indivs=24499302, elapsed_secs=28244, mean=0.548906, stdev=0.193509, best fit=0.688100, best_overall=0.688100, mean_diversity=0.217275,
indivs=24509336, elapsed_secs=28258, mean=0.513846, stdev=0.073133, best fit=0.688100, best_overall=0.688100, mean_diversity=0.295020,
indivs=24519474, elapsed_secs=28272, mean=0.561580, stdev=0.157993, best fit=0.688100, best_overall=0.688100, mean_diversity=0.233777,
indivs=24529538, elapsed_secs=28282, mean=0.520844, stdev=0.184883, best fit=0.688100, best_overall=0.688100, mean_diversity=0.257983,
indivs=24539666, elapsed_secs=28295, mean=0.541718, stdev=0.149486, best fit=0.688100, best_overall=0.688100, mean_diversity=0.160436,
indivs=24549682, elapsed_secs=28307, mean=0.541361, stdev=0.143995, best fit=0.688100, best_overall=0.688100, mean_diversity=0.164926,
indivs=24559813, elapsed_secs=28320, mean=0.594536, stdev=0.156979, best fit=0.688100, best_overall=0.688100, mean_diversity=0.062043,
indivs=24569898, elapsed_secs=28332, mean=0.544655, stdev=0.137101, best fit=0.688100, best_overall=0.688100, mean_diversity=0.209275,
indivs=24579978, elapsed_secs=28344, mean=0.524597, stdev=0.103390, best fit=0.688100, best_overall=0.688100, mean_diversity=0.122286,
indivs=24590018, elapsed_secs=28358, mean=0.540709, stdev=0.198363, best fit=0.688100, best_overall=0.688100, mean_diversity=0.153258,
indivs=24600083, elapsed_secs=28370, mean=0.559838, stdev=0.130453, best fit=0.688100, best_overall=0.688100, mean_diversity=0.220765,
indivs=24610149, elapsed_secs=28383, mean=0.486881, stdev=0.087645, best fit=0.688100, best_overall=0.688100, mean_diversity=0.096235,
indivs=24620199, elapsed_secs=28396, mean=0.473183, stdev=0.196538, best fit=0.688100, best_overall=0.688100, mean_diversity=0.058382,
indivs=24630221, elapsed_secs=28409, mean=0.507102, stdev=0.034799, best fit=0.688100, best_overall=0.688100, mean_diversity=0.114536,
indivs=24640294, elapsed_secs=28420, mean=0.548477, stdev=0.172338, best fit=0.688100, best_overall=0.688100, mean_diversity=0.257495,
indivs=24650345, elapsed_secs=28432, mean=0.481473, stdev=0.170268, best fit=0.688100, best_overall=0.688100, mean_diversity=0.255304,
indivs=24660446, elapsed_secs=28443, mean=0.493436, stdev=0.096455, best fit=0.688100, best_overall=0.688100, mean_diversity=0.196599,
indivs=24670452, elapsed_secs=28454, mean=0.519126, stdev=0.140632, best fit=0.688100, best_overall=0.688100, mean_diversity=0.346722,
indivs=24680506, elapsed_secs=28464, mean=0.551424, stdev=0.128411, best fit=0.688100, best_overall=0.688100, mean_diversity=0.151551,
indivs=24690603, elapsed_secs=28474, mean=0.526212, stdev=0.119903, best fit=0.688100, best_overall=0.688100, mean_diversity=0.269905,
indivs=24700688, elapsed_secs=28487, mean=0.527544, stdev=0.210943, best fit=0.688100, best_overall=0.688100, mean_diversity=0.235927,
indivs=24710850, elapsed_secs=28498, mean=0.556801, stdev=0.198077, best fit=0.688100, best_overall=0.688100, mean_diversity=0.185882,
indivs=24720981, elapsed_secs=28509, mean=0.554954, stdev=0.170678, best fit=0.688100, best_overall=0.688100, mean_diversity=0.167906,
indivs=24731090, elapsed_secs=28523, mean=0.585642, stdev=0.173764, best fit=0.688100, best_overall=0.688100, mean_diversity=0.067746,
indivs=24741180, elapsed_secs=28537, mean=0.506838, stdev=0.080696, best fit=0.688100, best_overall=0.688100, mean_diversity=0.491564,
indivs=24751192, elapsed_secs=28550, mean=0.541898, stdev=0.097644, best fit=0.688100, best_overall=0.688100, mean_diversity=0.103343,
indivs=24761314, elapsed_secs=28562, mean=0.520897, stdev=0.226470, best fit=0.688100, best_overall=0.688100, mean_diversity=0.112467,
indivs=24771379, elapsed_secs=28575, mean=0.525198, stdev=0.165879, best fit=0.688100, best_overall=0.688100, mean_diversity=0.324249,
indivs=24781483, elapsed_secs=28590, mean=0.587532, stdev=0.157658, best fit=0.688100, best_overall=0.688100, mean_diversity=0.122079,
indivs=24791622, elapsed_secs=28603, mean=0.528447, stdev=0.222139, best fit=0.688100, best_overall=0.688100, mean_diversity=0.074994,
indivs=24801687, elapsed_secs=28617, mean=0.547287, stdev=0.209482, best fit=0.688100, best_overall=0.688100, mean_diversity=0.130167,
indivs=24811705, elapsed_secs=28631, mean=0.513369, stdev=0.110815, best fit=0.688100, best_overall=0.688100, mean_diversity=0.171504,
indivs=24821786, elapsed_secs=28641, mean=0.533884, stdev=0.189930, best fit=0.688100, best_overall=0.688100, mean_diversity=0.127101,
indivs=24831870, elapsed_secs=28652, mean=0.505336, stdev=0.139139, best fit=0.688100, best_overall=0.688100, mean_diversity=0.300236,
indivs=24841918, elapsed_secs=28666, mean=0.501881, stdev=0.018716, best fit=0.688100, best_overall=0.688100, mean_diversity=0.050837,
indivs=24852051, elapsed_secs=28678, mean=0.587122, stdev=0.133466, best fit=0.688100, best_overall=0.688100, mean_diversity=0.239069,
indivs=24862138, elapsed_secs=28690, mean=0.496365, stdev=0.125556, best fit=0.688100, best_overall=0.688100, mean_diversity=0.267077,
indivs=24872227, elapsed_secs=28702, mean=0.544018, stdev=0.118451, best fit=0.688100, best_overall=0.688100, mean_diversity=0.239344,
indivs=24882238, elapsed_secs=28715, mean=0.531007, stdev=0.155720, best fit=0.688100, best_overall=0.688100, mean_diversity=0.299917,
indivs=24892316, elapsed_secs=28729, mean=0.572474, stdev=0.172062, best fit=0.688100, best_overall=0.688100, mean_diversity=0.116837,
indivs=24902358, elapsed_secs=28742, mean=0.593541, stdev=0.129269, best fit=0.688100, best_overall=0.688100, mean_diversity=0.117131,
indivs=24912447, elapsed_secs=28754, mean=0.563049, stdev=0.174092, best fit=0.688100, best_overall=0.688100, mean_diversity=0.104475,
indivs=24922566, elapsed_secs=28767, mean=0.570310, stdev=0.144146, best fit=0.688100, best_overall=0.688100, mean_diversity=0.161196,
indivs=24932668, elapsed_secs=28779, mean=0.514242, stdev=0.073607, best fit=0.688100, best_overall=0.688100, mean_diversity=0.184302,
indivs=24942716, elapsed_secs=28790, mean=0.465279, stdev=0.155105, best fit=0.688100, best_overall=0.688100, mean_diversity=0.086722,
indivs=24952838, elapsed_secs=28803, mean=0.522936, stdev=0.247469, best fit=0.688100, best_overall=0.688100, mean_diversity=0.061423,
indivs=24962942, elapsed_secs=28816, mean=0.532713, stdev=0.135078, best fit=0.688100, best_overall=0.688100, mean_diversity=0.253266,
indivs=24972982, elapsed_secs=28827, mean=0.417449, stdev=0.264548, best fit=0.688100, best_overall=0.688100, mean_diversity=0.181155,
indivs=24983051, elapsed_secs=28838, mean=0.477368, stdev=0.143939, best fit=0.688100, best_overall=0.688100, mean_diversity=0.204968,
indivs=24993067, elapsed_secs=28849, mean=0.497891, stdev=0.080227, best fit=0.688100, best_overall=0.688100, mean_diversity=0.172007,
indivs=25003075, elapsed_secs=28861, mean=0.497381, stdev=0.152216, best fit=0.688100, best_overall=0.688100, mean_diversity=0.311462,
indivs=25013208, elapsed_secs=28874, mean=0.531452, stdev=0.197201, best fit=0.688100, best_overall=0.688100, mean_diversity=0.190190,
indivs=25023313, elapsed_secs=28885, mean=0.480891, stdev=0.244797, best fit=0.688100, best_overall=0.688100, mean_diversity=0.149893,
indivs=25033419, elapsed_secs=28898, mean=0.540208, stdev=0.139912, best fit=0.688100, best_overall=0.688100, mean_diversity=0.385327,
indivs=25043467, elapsed_secs=28910, mean=0.545674, stdev=0.204260, best fit=0.688100, best_overall=0.688100, mean_diversity=0.116252,
indivs=25053533, elapsed_secs=28924, mean=0.524226, stdev=0.187792, best fit=0.688100, best_overall=0.688100, mean_diversity=0.043268,
indivs=25063549, elapsed_secs=28936, mean=0.503466, stdev=0.193692, best fit=0.688100, best_overall=0.688100, mean_diversity=0.231125,
indivs=25073629, elapsed_secs=28948, mean=0.536479, stdev=0.213088, best fit=0.688100, best_overall=0.688100, mean_diversity=0.065189,
indivs=25083673, elapsed_secs=28960, mean=0.511849, stdev=0.120046, best fit=0.688100, best_overall=0.688100, mean_diversity=0.304170,
indivs=25093696, elapsed_secs=28973, mean=0.523649, stdev=0.224665, best fit=0.688100, best_overall=0.688100, mean_diversity=0.155096,
indivs=25103718, elapsed_secs=28986, mean=0.432617, stdev=0.163959, best fit=0.688100, best_overall=0.688100, mean_diversity=0.172337,
indivs=25113742, elapsed_secs=28998, mean=0.498976, stdev=0.185331, best fit=0.688100, best_overall=0.688100, mean_diversity=0.235692,
indivs=25123820, elapsed_secs=29008, mean=0.501399, stdev=0.151437, best fit=0.688100, best_overall=0.688100, mean_diversity=0.238074,
indivs=25133838, elapsed_secs=29021, mean=0.561262, stdev=0.104727, best fit=0.688100, best_overall=0.688100, mean_diversity=0.178701,
indivs=25143963, elapsed_secs=29035, mean=0.563347, stdev=0.172099, best fit=0.688100, best_overall=0.688100, mean_diversity=0.065380,
indivs=25154112, elapsed_secs=29046, mean=0.531040, stdev=0.181534, best fit=0.688100, best_overall=0.688100, mean_diversity=0.225198,
indivs=25164164, elapsed_secs=29059, mean=0.573219, stdev=0.088349, best fit=0.688100, best_overall=0.688100, mean_diversity=0.153300,
indivs=25174231, elapsed_secs=29072, mean=0.492265, stdev=0.069551, best fit=0.688100, best_overall=0.688100, mean_diversity=0.122882,
indivs=25184255, elapsed_secs=29085, mean=0.500289, stdev=0.133155, best fit=0.688100, best_overall=0.688100, mean_diversity=0.377955,
indivs=25194355, elapsed_secs=29097, mean=0.493569, stdev=0.196155, best fit=0.688100, best_overall=0.688100, mean_diversity=0.298175,
indivs=25204477, elapsed_secs=29110, mean=0.536208, stdev=0.124037, best fit=0.688100, best_overall=0.688100, mean_diversity=0.223663,
indivs=25214608, elapsed_secs=29123, mean=0.512726, stdev=0.222485, best fit=0.688100, best_overall=0.688100, mean_diversity=0.209909,
indivs=25224658, elapsed_secs=29135, mean=0.489644, stdev=0.158617, best fit=0.688100, best_overall=0.688100, mean_diversity=0.357581,
indivs=25234768, elapsed_secs=29146, mean=0.529657, stdev=0.115962, best fit=0.688100, best_overall=0.688100, mean_diversity=0.341263,
indivs=25244868, elapsed_secs=29158, mean=0.572218, stdev=0.085757, best fit=0.688100, best_overall=0.688100, mean_diversity=0.235504,
indivs=25254874, elapsed_secs=29171, mean=0.498845, stdev=0.161006, best fit=0.688100, best_overall=0.688100, mean_diversity=0.289504,
indivs=25265010, elapsed_secs=29182, mean=0.555099, stdev=0.127857, best fit=0.688100, best_overall=0.688100, mean_diversity=0.232694,
indivs=25275141, elapsed_secs=29195, mean=0.511536, stdev=0.234051, best fit=0.688100, best_overall=0.688100, mean_diversity=0.138025,
indivs=25285277, elapsed_secs=29207, mean=0.537334, stdev=0.184604, best fit=0.688100, best_overall=0.688100, mean_diversity=0.091629,
indivs=25295334, elapsed_secs=29221, mean=0.514656, stdev=0.161027, best fit=0.688100, best_overall=0.688100, mean_diversity=0.094350,
indivs=25305362, elapsed_secs=29233, mean=0.496198, stdev=0.078386, best fit=0.688100, best_overall=0.688100, mean_diversity=0.111205,
indivs=25315404, elapsed_secs=29244, mean=0.480077, stdev=0.163908, best fit=0.688100, best_overall=0.688100, mean_diversity=0.355508,
indivs=25325551, elapsed_secs=29256, mean=0.539182, stdev=0.160174, best fit=0.688100, best_overall=0.688100, mean_diversity=0.167959,
indivs=25335636, elapsed_secs=29270, mean=0.524451, stdev=0.084555, best fit=0.688100, best_overall=0.688100, mean_diversity=0.334651,
indivs=25345665, elapsed_secs=29283, mean=0.497650, stdev=0.053921, best fit=0.688100, best_overall=0.688100, mean_diversity=0.175361,
indivs=25355682, elapsed_secs=29295, mean=0.529442, stdev=0.146162, best fit=0.688100, best_overall=0.688100, mean_diversity=0.159817,
indivs=25365773, elapsed_secs=29308, mean=0.461748, stdev=0.211766, best fit=0.688100, best_overall=0.688100, mean_diversity=0.304466,
indivs=25375836, elapsed_secs=29320, mean=0.525707, stdev=0.107021, best fit=0.688100, best_overall=0.688100, mean_diversity=0.391173,
indivs=25385934, elapsed_secs=29332, mean=0.548842, stdev=0.124195, best fit=0.688100, best_overall=0.688100, mean_diversity=0.299966,
indivs=25395940, elapsed_secs=29345, mean=0.516974, stdev=0.078532, best fit=0.688100, best_overall=0.688100, mean_diversity=0.223924,
indivs=25406025, elapsed_secs=29358, mean=0.544351, stdev=0.096695, best fit=0.688100, best_overall=0.688100, mean_diversity=0.329286,
indivs=25416029, elapsed_secs=29370, mean=0.503553, stdev=0.156219, best fit=0.688100, best_overall=0.688100, mean_diversity=0.369450,
indivs=25426056, elapsed_secs=29383, mean=0.528164, stdev=0.194581, best fit=0.688100, best_overall=0.688100, mean_diversity=0.112573,
indivs=25436197, elapsed_secs=29397, mean=0.543402, stdev=0.207507, best fit=0.688100, best_overall=0.688100, mean_diversity=0.049332,
indivs=25446309, elapsed_secs=29408, mean=0.548930, stdev=0.206731, best fit=0.688100, best_overall=0.688100, mean_diversity=0.049311,
indivs=25456374, elapsed_secs=29420, mean=0.479282, stdev=0.035118, best fit=0.688100, best_overall=0.688100, mean_diversity=0.190575,
indivs=25466375, elapsed_secs=29433, mean=0.485378, stdev=0.144497, best fit=0.688100, best_overall=0.688100, mean_diversity=0.134012,
indivs=25476535, elapsed_secs=29444, mean=0.618200, stdev=0.089682, best fit=0.688100, best_overall=0.688100, mean_diversity=0.168970,
indivs=25486648, elapsed_secs=29457, mean=0.553098, stdev=0.110462, best fit=0.688100, best_overall=0.688100, mean_diversity=0.342756,
indivs=25496680, elapsed_secs=29468, mean=0.501769, stdev=0.060391, best fit=0.688100, best_overall=0.688100, mean_diversity=0.102333,
indivs=25506742, elapsed_secs=29481, mean=0.502382, stdev=0.089332, best fit=0.688100, best_overall=0.688100, mean_diversity=0.191201,
indivs=25516752, elapsed_secs=29495, mean=0.570179, stdev=0.144368, best fit=0.688100, best_overall=0.688100, mean_diversity=0.185473,
indivs=25526818, elapsed_secs=29508, mean=0.456881, stdev=0.144895, best fit=0.688100, best_overall=0.688100, mean_diversity=0.219458,
indivs=25536885, elapsed_secs=29519, mean=0.577915, stdev=0.119540, best fit=0.688100, best_overall=0.688100, mean_diversity=0.209845,
indivs=25546899, elapsed_secs=29531, mean=0.536945, stdev=0.116182, best fit=0.688100, best_overall=0.688100, mean_diversity=0.189548,
indivs=25556997, elapsed_secs=29545, mean=0.522904, stdev=0.155426, best fit=0.688100, best_overall=0.688100, mean_diversity=0.063935,
indivs=25567039, elapsed_secs=29559, mean=0.382853, stdev=0.289477, best fit=0.688100, best_overall=0.688100, mean_diversity=0.118397,
indivs=25577109, elapsed_secs=29572, mean=0.563185, stdev=0.171954, best fit=0.688100, best_overall=0.688100, mean_diversity=0.093104,
indivs=25587243, elapsed_secs=29584, mean=0.512490, stdev=0.198886, best fit=0.688100, best_overall=0.688100, mean_diversity=0.158605,
indivs=25597307, elapsed_secs=29597, mean=0.508714, stdev=0.043869, best fit=0.688100, best_overall=0.688100, mean_diversity=0.216977,
indivs=25607331, elapsed_secs=29610, mean=0.487634, stdev=0.133650, best fit=0.688100, best_overall=0.688100, mean_diversity=0.404212,
indivs=25617332, elapsed_secs=29624, mean=0.486988, stdev=0.072732, best fit=0.688100, best_overall=0.688100, mean_diversity=0.105518,
indivs=25627413, elapsed_secs=29636, mean=0.507527, stdev=0.079948, best fit=0.688100, best_overall=0.688100, mean_diversity=0.392410,
indivs=25637476, elapsed_secs=29647, mean=0.512519, stdev=0.038512, best fit=0.688100, best_overall=0.688100, mean_diversity=0.138598,
indivs=25647507, elapsed_secs=29660, mean=0.506150, stdev=0.149282, best fit=0.688100, best_overall=0.688100, mean_diversity=0.297981,
indivs=25657558, elapsed_secs=29675, mean=0.547946, stdev=0.168239, best fit=0.688100, best_overall=0.688100, mean_diversity=0.190851,
indivs=25667564, elapsed_secs=29686, mean=0.556779, stdev=0.143086, best fit=0.688100, best_overall=0.688100, mean_diversity=0.119562,
indivs=25677610, elapsed_secs=29699, mean=0.576041, stdev=0.136111, best fit=0.688100, best_overall=0.688100, mean_diversity=0.264453,
indivs=25687618, elapsed_secs=29710, mean=0.557029, stdev=0.115690, best fit=0.688100, best_overall=0.688100, mean_diversity=0.413082,
indivs=25697623, elapsed_secs=29722, mean=0.534354, stdev=0.204741, best fit=0.688100, best_overall=0.688100, mean_diversity=0.173515,
indivs=25707725, elapsed_secs=29733, mean=0.489518, stdev=0.109285, best fit=0.688100, best_overall=0.688100, mean_diversity=0.174459,
indivs=25717804, elapsed_secs=29745, mean=0.514337, stdev=0.142361, best fit=0.688100, best_overall=0.688100, mean_diversity=0.106388,
indivs=25727876, elapsed_secs=29756, mean=0.481987, stdev=0.217111, best fit=0.688100, best_overall=0.688100, mean_diversity=0.334177,
indivs=25737968, elapsed_secs=29768, mean=0.595545, stdev=0.127516, best fit=0.688100, best_overall=0.688100, mean_diversity=0.179805,
indivs=25748050, elapsed_secs=29778, mean=0.527730, stdev=0.156359, best fit=0.688100, best_overall=0.688100, mean_diversity=0.251872,
indivs=25758125, elapsed_secs=29792, mean=0.566934, stdev=0.100623, best fit=0.688100, best_overall=0.688100, mean_diversity=0.156695,
indivs=25768211, elapsed_secs=29804, mean=0.503246, stdev=0.026559, best fit=0.688100, best_overall=0.688100, mean_diversity=0.106785,
indivs=25778245, elapsed_secs=29815, mean=0.501881, stdev=0.018716, best fit=0.688100, best_overall=0.688100, mean_diversity=0.064100,
indivs=25788308, elapsed_secs=29827, mean=0.518805, stdev=0.055467, best fit=0.688100, best_overall=0.688100, mean_diversity=0.197354,
indivs=25798371, elapsed_secs=29839, mean=0.521832, stdev=0.182002, best fit=0.688100, best_overall=0.688100, mean_diversity=0.251419,
indivs=25808411, elapsed_secs=29849, mean=0.535694, stdev=0.132722, best fit=0.688100, best_overall=0.688100, mean_diversity=0.265686,
indivs=25818515, elapsed_secs=29862, mean=0.546206, stdev=0.171614, best fit=0.688100, best_overall=0.688100, mean_diversity=0.136984,
indivs=25828536, elapsed_secs=29875, mean=0.527617, stdev=0.138018, best fit=0.688100, best_overall=0.688100, mean_diversity=0.285844,
indivs=25838561, elapsed_secs=29888, mean=0.500232, stdev=0.141824, best fit=0.688100, best_overall=0.688100, mean_diversity=0.185120,
indivs=25848694, elapsed_secs=29903, mean=0.475131, stdev=0.097925, best fit=0.688100, best_overall=0.688100, mean_diversity=0.124116,
indivs=25858712, elapsed_secs=29916, mean=0.424142, stdev=0.224519, best fit=0.688100, best_overall=0.688100, mean_diversity=0.057472,
indivs=25868807, elapsed_secs=29926, mean=0.457101, stdev=0.194918, best fit=0.688100, best_overall=0.688100, mean_diversity=0.338022,
indivs=25878883, elapsed_secs=29938, mean=0.486257, stdev=0.141329, best fit=0.688100, best_overall=0.688100, mean_diversity=0.237394,
indivs=25888946, elapsed_secs=29950, mean=0.490254, stdev=0.122476, best fit=0.688100, best_overall=0.688100, mean_diversity=0.185815,
indivs=25899027, elapsed_secs=29962, mean=0.501994, stdev=0.023990, best fit=0.688100, best_overall=0.688100, mean_diversity=0.080432,
indivs=25909032, elapsed_secs=29974, mean=0.491915, stdev=0.232153, best fit=0.688100, best_overall=0.688100, mean_diversity=0.214194,
indivs=25919082, elapsed_secs=29989, mean=0.533691, stdev=0.143157, best fit=0.688100, best_overall=0.688100, mean_diversity=0.281709,
indivs=25929174, elapsed_secs=30002, mean=0.486765, stdev=0.202692, best fit=0.688100, best_overall=0.688100, mean_diversity=0.297798,
indivs=25939206, elapsed_secs=30012, mean=0.568940, stdev=0.146254, best fit=0.688100, best_overall=0.688100, mean_diversity=0.209560,
indivs=25949287, elapsed_secs=30024, mean=0.540467, stdev=0.152121, best fit=0.688100, best_overall=0.688100, mean_diversity=0.272329,
indivs=25959297, elapsed_secs=30039, mean=0.576140, stdev=0.115933, best fit=0.688100, best_overall=0.688100, mean_diversity=0.114151,
indivs=25969313, elapsed_secs=30052, mean=0.500319, stdev=0.119535, best fit=0.688100, best_overall=0.688100, mean_diversity=0.306732,
indivs=25979412, elapsed_secs=30064, mean=0.566907, stdev=0.148854, best fit=0.688100, best_overall=0.688100, mean_diversity=0.169635,
indivs=25989427, elapsed_secs=30077, mean=0.545207, stdev=0.160264, best fit=0.688100, best_overall=0.688100, mean_diversity=0.248545,
indivs=25999518, elapsed_secs=30089, mean=0.542796, stdev=0.156151, best fit=0.688100, best_overall=0.688100, mean_diversity=0.188124,
indivs=26009664, elapsed_secs=30103, mean=0.527175, stdev=0.228111, best fit=0.688100, best_overall=0.688100, mean_diversity=0.126269,
indivs=26019695, elapsed_secs=30116, mean=0.520932, stdev=0.205505, best fit=0.688100, best_overall=0.688100, mean_diversity=0.101011,
indivs=26029765, elapsed_secs=30130, mean=0.497527, stdev=0.058713, best fit=0.688100, best_overall=0.688100, mean_diversity=0.113780,
indivs=26039862, elapsed_secs=30143, mean=0.510703, stdev=0.088250, best fit=0.688100, best_overall=0.688100, mean_diversity=0.236667,
indivs=26049870, elapsed_secs=30156, mean=0.505957, stdev=0.066316, best fit=0.688100, best_overall=0.688100, mean_diversity=0.123910,
indivs=26059989, elapsed_secs=30168, mean=0.521690, stdev=0.151390, best fit=0.688100, best_overall=0.688100, mean_diversity=0.193198,
indivs=26070013, elapsed_secs=30181, mean=0.507036, stdev=0.035604, best fit=0.688100, best_overall=0.688100, mean_diversity=0.197737,
indivs=26080132, elapsed_secs=30193, mean=0.541843, stdev=0.224938, best fit=0.688100, best_overall=0.688100, mean_diversity=0.079242,
indivs=26090147, elapsed_secs=30204, mean=0.489998, stdev=0.105690, best fit=0.688100, best_overall=0.688100, mean_diversity=0.351184,
indivs=26100198, elapsed_secs=30216, mean=0.527207, stdev=0.093884, best fit=0.688100, best_overall=0.688100, mean_diversity=0.226594,
indivs=26110284, elapsed_secs=30228, mean=0.506157, stdev=0.065684, best fit=0.688100, best_overall=0.688100, mean_diversity=0.193831,
indivs=26120315, elapsed_secs=30240, mean=0.511372, stdev=0.210260, best fit=0.688100, best_overall=0.688100, mean_diversity=0.274406,
indivs=26130335, elapsed_secs=30254, mean=0.496539, stdev=0.053510, best fit=0.688100, best_overall=0.688100, mean_diversity=0.124969,
indivs=26140415, elapsed_secs=30266, mean=0.408080, stdev=0.198831, best fit=0.688100, best_overall=0.688100, mean_diversity=0.137652,
indivs=26150456, elapsed_secs=30279, mean=0.504257, stdev=0.189710, best fit=0.688100, best_overall=0.688100, mean_diversity=0.201574,
indivs=26160524, elapsed_secs=30292, mean=0.550990, stdev=0.111176, best fit=0.688100, best_overall=0.688100, mean_diversity=0.325734,
indivs=26170583, elapsed_secs=30305, mean=0.539323, stdev=0.188019, best fit=0.688100, best_overall=0.688100, mean_diversity=0.354110,
indivs=26180636, elapsed_secs=30316, mean=0.506508, stdev=0.034463, best fit=0.688100, best_overall=0.688100, mean_diversity=0.161003,
indivs=26190675, elapsed_secs=30329, mean=0.507492, stdev=0.089518, best fit=0.688100, best_overall=0.688100, mean_diversity=0.129237,
indivs=26200806, elapsed_secs=30340, mean=0.602473, stdev=0.080969, best fit=0.688100, best_overall=0.688100, mean_diversity=0.101970,
indivs=26210894, elapsed_secs=30353, mean=0.511111, stdev=0.148346, best fit=0.688100, best_overall=0.688100, mean_diversity=0.367074,
indivs=26220915, elapsed_secs=30365, mean=0.501065, stdev=0.101517, best fit=0.688100, best_overall=0.688100, mean_diversity=0.249700,
indivs=26230958, elapsed_secs=30377, mean=0.499594, stdev=0.121144, best fit=0.688100, best_overall=0.688100, mean_diversity=0.203186,
indivs=26240982, elapsed_secs=30393, mean=0.515909, stdev=0.177980, best fit=0.688100, best_overall=0.688100, mean_diversity=0.202277,
indivs=26251087, elapsed_secs=30404, mean=0.544801, stdev=0.173103, best fit=0.688100, best_overall=0.688100, mean_diversity=0.194989,
indivs=26261147, elapsed_secs=30415, mean=0.526200, stdev=0.130409, best fit=0.688100, best_overall=0.688100, mean_diversity=0.327451,
indivs=26271184, elapsed_secs=30428, mean=0.522405, stdev=0.192858, best fit=0.688100, best_overall=0.688100, mean_diversity=0.240171,
indivs=26281259, elapsed_secs=30440, mean=0.500983, stdev=0.097539, best fit=0.688100, best_overall=0.688100, mean_diversity=0.416951,
indivs=26291379, elapsed_secs=30452, mean=0.529457, stdev=0.134976, best fit=0.688100, best_overall=0.688100, mean_diversity=0.137883,
indivs=26301394, elapsed_secs=30465, mean=0.501881, stdev=0.018716, best fit=0.688100, best_overall=0.688100, mean_diversity=0.053852,
indivs=26311464, elapsed_secs=30478, mean=0.502671, stdev=0.233114, best fit=0.688100, best_overall=0.688100, mean_diversity=0.138823,
indivs=26321499, elapsed_secs=30489, mean=0.566233, stdev=0.066588, best fit=0.688100, best_overall=0.688100, mean_diversity=0.135466,
indivs=26331575, elapsed_secs=30500, mean=0.487321, stdev=0.185995, best fit=0.688100, best_overall=0.688100, mean_diversity=0.320824,
indivs=26341736, elapsed_secs=30511, mean=0.599928, stdev=0.162628, best fit=0.688100, best_overall=0.688100, mean_diversity=0.123733,
indivs=26351805, elapsed_secs=30522, mean=0.498007, stdev=0.080850, best fit=0.688100, best_overall=0.688100, mean_diversity=0.424764,
indivs=26361933, elapsed_secs=30532, mean=0.525502, stdev=0.182281, best fit=0.688100, best_overall=0.688100, mean_diversity=0.271356,
indivs=26372057, elapsed_secs=30543, mean=0.504227, stdev=0.194079, best fit=0.688100, best_overall=0.688100, mean_diversity=0.291529,
indivs=26382137, elapsed_secs=30555, mean=0.537129, stdev=0.085247, best fit=0.688100, best_overall=0.688100, mean_diversity=0.334309,
indivs=26392217, elapsed_secs=30567, mean=0.477474, stdev=0.111775, best fit=0.688100, best_overall=0.688100, mean_diversity=0.103888,
indivs=26402221, elapsed_secs=30579, mean=0.473651, stdev=0.219891, best fit=0.688100, best_overall=0.688100, mean_diversity=0.183282,
indivs=26412323, elapsed_secs=30591, mean=0.525352, stdev=0.064923, best fit=0.688100, best_overall=0.688100, mean_diversity=0.167280,
indivs=26422391, elapsed_secs=30602, mean=0.572379, stdev=0.141939, best fit=0.688100, best_overall=0.688100, mean_diversity=0.140268,
indivs=26432476, elapsed_secs=30614, mean=0.467279, stdev=0.217431, best fit=0.688100, best_overall=0.688100, mean_diversity=0.262587,
indivs=26442625, elapsed_secs=30628, mean=0.598415, stdev=0.129696, best fit=0.688100, best_overall=0.688100, mean_diversity=0.114442,
indivs=26452685, elapsed_secs=30639, mean=0.502011, stdev=0.018853, best fit=0.688100, best_overall=0.688100, mean_diversity=0.089439,
indivs=26462784, elapsed_secs=30651, mean=0.525121, stdev=0.116379, best fit=0.688100, best_overall=0.688100, mean_diversity=0.139576,
indivs=26472881, elapsed_secs=30662, mean=0.489183, stdev=0.127467, best fit=0.688100, best_overall=0.688100, mean_diversity=0.250457,
indivs=26482908, elapsed_secs=30672, mean=0.485961, stdev=0.200221, best fit=0.688100, best_overall=0.688100, mean_diversity=0.281073,
indivs=26492992, elapsed_secs=30684, mean=0.504686, stdev=0.115660, best fit=0.688100, best_overall=0.688100, mean_diversity=0.250265,
indivs=26503008, elapsed_secs=30696, mean=0.441440, stdev=0.172925, best fit=0.688100, best_overall=0.688100, mean_diversity=0.111960,
indivs=26513046, elapsed_secs=30708, mean=0.551802, stdev=0.088150, best fit=0.688100, best_overall=0.688100, mean_diversity=0.119226,
indivs=26523111, elapsed_secs=30721, mean=0.501865, stdev=0.018717, best fit=0.688100, best_overall=0.688100, mean_diversity=0.099580,
indivs=26533146, elapsed_secs=30735, mean=0.520547, stdev=0.098897, best fit=0.688100, best_overall=0.688100, mean_diversity=0.315562,
indivs=26543242, elapsed_secs=30747, mean=0.501399, stdev=0.184067, best fit=0.688100, best_overall=0.688100, mean_diversity=0.347208,
indivs=26553353, elapsed_secs=30761, mean=0.542615, stdev=0.206147, best fit=0.688100, best_overall=0.688100, mean_diversity=0.116897,
indivs=26563445, elapsed_secs=30775, mean=0.487751, stdev=0.167366, best fit=0.688100, best_overall=0.688100, mean_diversity=0.294298,
indivs=26573470, elapsed_secs=30787, mean=0.513854, stdev=0.110450, best fit=0.688100, best_overall=0.688100, mean_diversity=0.273314,
indivs=26583571, elapsed_secs=30797, mean=0.559322, stdev=0.141340, best fit=0.688100, best_overall=0.688100, mean_diversity=0.197328,
indivs=26593634, elapsed_secs=30807, mean=0.588577, stdev=0.147712, best fit=0.688100, best_overall=0.688100, mean_diversity=0.114444,
indivs=26603636, elapsed_secs=30818, mean=0.494119, stdev=0.075715, best fit=0.688100, best_overall=0.688100, mean_diversity=0.262103,
indivs=26613681, elapsed_secs=30830, mean=0.515302, stdev=0.158355, best fit=0.688100, best_overall=0.688100, mean_diversity=0.290900,
indivs=26623788, elapsed_secs=30842, mean=0.528145, stdev=0.156592, best fit=0.688100, best_overall=0.688100, mean_diversity=0.151951,
indivs=26633819, elapsed_secs=30855, mean=0.554221, stdev=0.157250, best fit=0.688100, best_overall=0.688100, mean_diversity=0.078713,
indivs=26643866, elapsed_secs=30867, mean=0.519610, stdev=0.225692, best fit=0.688100, best_overall=0.688100, mean_diversity=0.102566,
indivs=26653877, elapsed_secs=30880, mean=0.505534, stdev=0.089236, best fit=0.688100, best_overall=0.688100, mean_diversity=0.204485,
indivs=26663974, elapsed_secs=30891, mean=0.470920, stdev=0.144175, best fit=0.688100, best_overall=0.688100, mean_diversity=0.214631,
indivs=26674018, elapsed_secs=30902, mean=0.564861, stdev=0.141805, best fit=0.688100, best_overall=0.688100, mean_diversity=0.161072,
indivs=26684157, elapsed_secs=30915, mean=0.552217, stdev=0.152826, best fit=0.688100, best_overall=0.688100, mean_diversity=0.294859,
indivs=26694237, elapsed_secs=30927, mean=0.491375, stdev=0.072836, best fit=0.688100, best_overall=0.688100, mean_diversity=0.088449,
indivs=26704241, elapsed_secs=30939, mean=0.510923, stdev=0.043207, best fit=0.688100, best_overall=0.688100, mean_diversity=0.120657,
indivs=26714290, elapsed_secs=30952, mean=0.513731, stdev=0.177663, best fit=0.688100, best_overall=0.688100, mean_diversity=0.163293,
indivs=26724367, elapsed_secs=30965, mean=0.550968, stdev=0.132953, best fit=0.688100, best_overall=0.688100, mean_diversity=0.194333,
indivs=26734381, elapsed_secs=30978, mean=0.509594, stdev=0.105600, best fit=0.688100, best_overall=0.688100, mean_diversity=0.302506,
indivs=26744406, elapsed_secs=30990, mean=0.563210, stdev=0.162464, best fit=0.688100, best_overall=0.688100, mean_diversity=0.294548,
indivs=26754541, elapsed_secs=31002, mean=0.516049, stdev=0.231436, best fit=0.688100, best_overall=0.688100, mean_diversity=0.098840,
indivs=26764590, elapsed_secs=31014, mean=0.529847, stdev=0.146752, best fit=0.688100, best_overall=0.688100, mean_diversity=0.144386,
indivs=26774691, elapsed_secs=31027, mean=0.530331, stdev=0.182014, best fit=0.688100, best_overall=0.688100, mean_diversity=0.074128,
indivs=26784714, elapsed_secs=31038, mean=0.499922, stdev=0.021193, best fit=0.688100, best_overall=0.688100, mean_diversity=0.058381,
indivs=26794719, elapsed_secs=31050, mean=0.520707, stdev=0.158100, best fit=0.688100, best_overall=0.688100, mean_diversity=0.192474,
indivs=26804766, elapsed_secs=31064, mean=0.545723, stdev=0.210262, best fit=0.688100, best_overall=0.688100, mean_diversity=0.050473,
indivs=26814850, elapsed_secs=31075, mean=0.475164, stdev=0.151338, best fit=0.688100, best_overall=0.688100, mean_diversity=0.276829,
indivs=26824923, elapsed_secs=31088, mean=0.501881, stdev=0.018716, best fit=0.688100, best_overall=0.688100, mean_diversity=0.051240,
indivs=26834927, elapsed_secs=31099, mean=0.596998, stdev=0.123931, best fit=0.688100, best_overall=0.688100, mean_diversity=0.150372,
indivs=26844971, elapsed_secs=31110, mean=0.520597, stdev=0.207924, best fit=0.688100, best_overall=0.688100, mean_diversity=0.236120,
indivs=26854990, elapsed_secs=31121, mean=0.589825, stdev=0.146701, best fit=0.688100, best_overall=0.688100, mean_diversity=0.153555,
indivs=26865076, elapsed_secs=31133, mean=0.493839, stdev=0.124391, best fit=0.688100, best_overall=0.688100, mean_diversity=0.116337,
indivs=26875140, elapsed_secs=31147, mean=0.526190, stdev=0.115004, best fit=0.688100, best_overall=0.688100, mean_diversity=0.256436,
indivs=26885245, elapsed_secs=31159, mean=0.569677, stdev=0.118146, best fit=0.688100, best_overall=0.688100, mean_diversity=0.248468,
indivs=26895305, elapsed_secs=31172, mean=0.542284, stdev=0.136403, best fit=0.688100, best_overall=0.688100, mean_diversity=0.192255,
indivs=26905362, elapsed_secs=31184, mean=0.521356, stdev=0.048720, best fit=0.688100, best_overall=0.688100, mean_diversity=0.214502,
indivs=26915368, elapsed_secs=31197, mean=0.474984, stdev=0.110950, best fit=0.688100, best_overall=0.688100, mean_diversity=0.263481,
indivs=26925372, elapsed_secs=31211, mean=0.523159, stdev=0.193635, best fit=0.688100, best_overall=0.688100, mean_diversity=0.273636,
indivs=26935425, elapsed_secs=31222, mean=0.519914, stdev=0.078765, best fit=0.688100, best_overall=0.688100, mean_diversity=0.154808,
indivs=26945435, elapsed_secs=31234, mean=0.543104, stdev=0.095964, best fit=0.688100, best_overall=0.688100, mean_diversity=0.277014,
indivs=26955523, elapsed_secs=31247, mean=0.527759, stdev=0.147541, best fit=0.688100, best_overall=0.688100, mean_diversity=0.232736,
indivs=26965527, elapsed_secs=31260, mean=0.542569, stdev=0.141117, best fit=0.688100, best_overall=0.688100, mean_diversity=0.284852,
indivs=26975568, elapsed_secs=31272, mean=0.539044, stdev=0.179700, best fit=0.688100, best_overall=0.688100, mean_diversity=0.226515,
indivs=26985670, elapsed_secs=31284, mean=0.518860, stdev=0.117775, best fit=0.688100, best_overall=0.688100, mean_diversity=0.161814,
indivs=26995839, elapsed_secs=31296, mean=0.509270, stdev=0.260156, best fit=0.688100, best_overall=0.688100, mean_diversity=0.058025,
indivs=27005912, elapsed_secs=31308, mean=0.512287, stdev=0.109585, best fit=0.688100, best_overall=0.688100, mean_diversity=0.211341,
indivs=27016001, elapsed_secs=31321, mean=0.481381, stdev=0.100161, best fit=0.688100, best_overall=0.688100, mean_diversity=0.360767,
indivs=27026133, elapsed_secs=31331, mean=0.521098, stdev=0.162619, best fit=0.688100, best_overall=0.688100, mean_diversity=0.213911,
indivs=27036223, elapsed_secs=31344, mean=0.452050, stdev=0.199949, best fit=0.688100, best_overall=0.688100, mean_diversity=0.103309,
indivs=27046316, elapsed_secs=31355, mean=0.502087, stdev=0.018751, best fit=0.688100, best_overall=0.688100, mean_diversity=0.075022,
indivs=27056328, elapsed_secs=31368, mean=0.475858, stdev=0.057628, best fit=0.688100, best_overall=0.688100, mean_diversity=0.097936,
indivs=27066433, elapsed_secs=31380, mean=0.487561, stdev=0.151312, best fit=0.688100, best_overall=0.688100, mean_diversity=0.344096,
indivs=27076570, elapsed_secs=31391, mean=0.530239, stdev=0.157568, best fit=0.688100, best_overall=0.688100, mean_diversity=0.221895,
indivs=27086692, elapsed_secs=31403, mean=0.598423, stdev=0.082997, best fit=0.688100, best_overall=0.688100, mean_diversity=0.118778,
indivs=27096780, elapsed_secs=31415, mean=0.542650, stdev=0.108059, best fit=0.688100, best_overall=0.688100, mean_diversity=0.397131,
indivs=27106867, elapsed_secs=31425, mean=0.563649, stdev=0.126979, best fit=0.688100, best_overall=0.688100, mean_diversity=0.132093,
indivs=27116896, elapsed_secs=31436, mean=0.465893, stdev=0.200814, best fit=0.688100, best_overall=0.688100, mean_diversity=0.226649,
indivs=27126957, elapsed_secs=31448, mean=0.491857, stdev=0.072715, best fit=0.688100, best_overall=0.688100, mean_diversity=0.211432,
indivs=27136966, elapsed_secs=31460, mean=0.507844, stdev=0.107201, best fit=0.688100, best_overall=0.688100, mean_diversity=0.253214,
indivs=27147077, elapsed_secs=31473, mean=0.537436, stdev=0.159272, best fit=0.688100, best_overall=0.688100, mean_diversity=0.172560,
indivs=27157186, elapsed_secs=31485, mean=0.560786, stdev=0.207808, best fit=0.688100, best_overall=0.688100, mean_diversity=0.115418,
indivs=27167232, elapsed_secs=31497, mean=0.538487, stdev=0.157694, best fit=0.688100, best_overall=0.688100, mean_diversity=0.251641,
indivs=27177319, elapsed_secs=31508, mean=0.497443, stdev=0.164983, best fit=0.688100, best_overall=0.688100, mean_diversity=0.230972,
indivs=27187320, elapsed_secs=31518, mean=0.495077, stdev=0.053953, best fit=0.688100, best_overall=0.688100, mean_diversity=0.102163,
indivs=27197410, elapsed_secs=31530, mean=0.547796, stdev=0.164763, best fit=0.688100, best_overall=0.688100, mean_diversity=0.035656,
indivs=27207550, elapsed_secs=31543, mean=0.563513, stdev=0.191697, best fit=0.688100, best_overall=0.688100, mean_diversity=0.174848,
indivs=27217596, elapsed_secs=31555, mean=0.537880, stdev=0.098318, best fit=0.688100, best_overall=0.688100, mean_diversity=0.200983,
indivs=27227637, elapsed_secs=31567, mean=0.501885, stdev=0.018715, best fit=0.688100, best_overall=0.688100, mean_diversity=0.056364,
indivs=27237728, elapsed_secs=31579, mean=0.474307, stdev=0.151147, best fit=0.688100, best_overall=0.688100, mean_diversity=0.233025,
indivs=27247789, elapsed_secs=31591, mean=0.527267, stdev=0.216706, best fit=0.688100, best_overall=0.688100, mean_diversity=0.178863,
indivs=27257863, elapsed_secs=31604, mean=0.453867, stdev=0.190752, best fit=0.688100, best_overall=0.688100, mean_diversity=0.262672,
indivs=27267962, elapsed_secs=31615, mean=0.467431, stdev=0.162358, best fit=0.688100, best_overall=0.688100, mean_diversity=0.194358,
indivs=27277965, elapsed_secs=31630, mean=0.528906, stdev=0.125338, best fit=0.688100, best_overall=0.688100, mean_diversity=0.227068,
indivs=27288096, elapsed_secs=31644, mean=0.573791, stdev=0.185753, best fit=0.688100, best_overall=0.688100, mean_diversity=0.121365,
indivs=27298171, elapsed_secs=31657, mean=0.519127, stdev=0.155873, best fit=0.688100, best_overall=0.688100, mean_diversity=0.246766,
indivs=27308230, elapsed_secs=31668, mean=0.455136, stdev=0.197664, best fit=0.688100, best_overall=0.688100, mean_diversity=0.196700,
indivs=27318352, elapsed_secs=31681, mean=0.502205, stdev=0.168366, best fit=0.688100, best_overall=0.688100, mean_diversity=0.159247,
indivs=27328428, elapsed_secs=31695, mean=0.520258, stdev=0.153162, best fit=0.688100, best_overall=0.688100, mean_diversity=0.250455,
indivs=27338441, elapsed_secs=31706, mean=0.552218, stdev=0.182990, best fit=0.688100, best_overall=0.688100, mean_diversity=0.067266,
indivs=27348558, elapsed_secs=31719, mean=0.491337, stdev=0.145617, best fit=0.688100, best_overall=0.688100, mean_diversity=0.312191,
indivs=27358642, elapsed_secs=31732, mean=0.510487, stdev=0.092136, best fit=0.688100, best_overall=0.688100, mean_diversity=0.253817,
indivs=27368752, elapsed_secs=31742, mean=0.486753, stdev=0.194407, best fit=0.688100, best_overall=0.688100, mean_diversity=0.203640,
indivs=27378832, elapsed_secs=31755, mean=0.510573, stdev=0.147019, best fit=0.688100, best_overall=0.688100, mean_diversity=0.402623,
indivs=27388847, elapsed_secs=31767, mean=0.546147, stdev=0.169569, best fit=0.688100, best_overall=0.688100, mean_diversity=0.235088,
indivs=27398888, elapsed_secs=31780, mean=0.514766, stdev=0.189400, best fit=0.688100, best_overall=0.688100, mean_diversity=0.188611,
indivs=27408978, elapsed_secs=31791, mean=0.503789, stdev=0.028966, best fit=0.688100, best_overall=0.688100, mean_diversity=0.171950,
indivs=27419138, elapsed_secs=31805, mean=0.515820, stdev=0.236763, best fit=0.688100, best_overall=0.688100, mean_diversity=0.074668,
indivs=27429261, elapsed_secs=31816, mean=0.546800, stdev=0.208341, best fit=0.688100, best_overall=0.688100, mean_diversity=0.084765,
indivs=27439412, elapsed_secs=31828, mean=0.552054, stdev=0.185033, best fit=0.688100, best_overall=0.688100, mean_diversity=0.241121,
indivs=27449439, elapsed_secs=31839, mean=0.530862, stdev=0.189278, best fit=0.688100, best_overall=0.688100, mean_diversity=0.292920,
indivs=27459513, elapsed_secs=31853, mean=0.521540, stdev=0.212761, best fit=0.688100, best_overall=0.688100, mean_diversity=0.054328,
indivs=27469586, elapsed_secs=31865, mean=0.510343, stdev=0.024033, best fit=0.688100, best_overall=0.688100, mean_diversity=0.127020,
indivs=27479633, elapsed_secs=31878, mean=0.521710, stdev=0.193899, best fit=0.688100, best_overall=0.688100, mean_diversity=0.242986,
indivs=27489666, elapsed_secs=31889, mean=0.555143, stdev=0.090894, best fit=0.688100, best_overall=0.688100, mean_diversity=0.104767,
indivs=27499752, elapsed_secs=31899, mean=0.479231, stdev=0.100246, best fit=0.688100, best_overall=0.688100, mean_diversity=0.213881,
indivs=27509823, elapsed_secs=31913, mean=0.515413, stdev=0.074871, best fit=0.688100, best_overall=0.688100, mean_diversity=0.236893,
indivs=27519914, elapsed_secs=31924, mean=0.566312, stdev=0.129581, best fit=0.688100, best_overall=0.688100, mean_diversity=0.194930,
indivs=27529934, elapsed_secs=31937, mean=0.524978, stdev=0.222025, best fit=0.688100, best_overall=0.688100, mean_diversity=0.093710,
indivs=27540032, elapsed_secs=31950, mean=0.474416, stdev=0.112337, best fit=0.688100, best_overall=0.688100, mean_diversity=0.094018,
indivs=27550183, elapsed_secs=31962, mean=0.523163, stdev=0.224616, best fit=0.688100, best_overall=0.688100, mean_diversity=0.141550,
indivs=27560203, elapsed_secs=31975, mean=0.471921, stdev=0.223740, best fit=0.688100, best_overall=0.688100, mean_diversity=0.232947,
indivs=27570204, elapsed_secs=31986, mean=0.498242, stdev=0.055849, best fit=0.688100, best_overall=0.688100, mean_diversity=0.141132,
indivs=27580265, elapsed_secs=31998, mean=0.539994, stdev=0.223017, best fit=0.688100, best_overall=0.688100, mean_diversity=0.092773,
indivs=27590327, elapsed_secs=32010, mean=0.487392, stdev=0.088870, best fit=0.688100, best_overall=0.688100, mean_diversity=0.141535,
indivs=27600401, elapsed_secs=32022, mean=0.503658, stdev=0.133411, best fit=0.688100, best_overall=0.688100, mean_diversity=0.258769,
indivs=27610494, elapsed_secs=32036, mean=0.556209, stdev=0.212333, best fit=0.688100, best_overall=0.688100, mean_diversity=0.055435,
indivs=27620590, elapsed_secs=32049, mean=0.325396, stdev=0.258105, best fit=0.688100, best_overall=0.688100, mean_diversity=0.132916,
indivs=27630659, elapsed_secs=32061, mean=0.552831, stdev=0.140621, best fit=0.688100, best_overall=0.688100, mean_diversity=0.294316,
indivs=27640699, elapsed_secs=32072, mean=0.506340, stdev=0.033948, best fit=0.688100, best_overall=0.688100, mean_diversity=0.106897,
indivs=27650726, elapsed_secs=32084, mean=0.478309, stdev=0.155481, best fit=0.688100, best_overall=0.688100, mean_diversity=0.166565,
indivs=27660803, elapsed_secs=32098, mean=0.476732, stdev=0.110971, best fit=0.688100, best_overall=0.688100, mean_diversity=0.324613,
indivs=27670847, elapsed_secs=32109, mean=0.321377, stdev=0.291872, best fit=0.688100, best_overall=0.688100, mean_diversity=0.146078,
indivs=27680966, elapsed_secs=32121, mean=0.578920, stdev=0.105070, best fit=0.688100, best_overall=0.688100, mean_diversity=0.077866,
indivs=27691030, elapsed_secs=32133, mean=0.512918, stdev=0.109547, best fit=0.688100, best_overall=0.688100, mean_diversity=0.226651,
indivs=27701035, elapsed_secs=32144, mean=0.546476, stdev=0.202733, best fit=0.688100, best_overall=0.688100, mean_diversity=0.079892,
indivs=27711051, elapsed_secs=32154, mean=0.531251, stdev=0.123702, best fit=0.688100, best_overall=0.688100, mean_diversity=0.497234,
indivs=27721075, elapsed_secs=32166, mean=0.549517, stdev=0.107446, best fit=0.688100, best_overall=0.688100, mean_diversity=0.532015,
indivs=27731086, elapsed_secs=32178, mean=0.555945, stdev=0.182488, best fit=0.688100, best_overall=0.688100, mean_diversity=0.259243,
indivs=27741222, elapsed_secs=32189, mean=0.579071, stdev=0.113415, best fit=0.688100, best_overall=0.688100, mean_diversity=0.137310,
indivs=27751318, elapsed_secs=32200, mean=0.543676, stdev=0.097721, best fit=0.688100, best_overall=0.688100, mean_diversity=0.227315,
indivs=27761382, elapsed_secs=32212, mean=0.467459, stdev=0.143460, best fit=0.688100, best_overall=0.688100, mean_diversity=0.148452,
indivs=27771382, elapsed_secs=32225, mean=0.500497, stdev=0.218387, best fit=0.688100, best_overall=0.688100, mean_diversity=0.134164,
indivs=27781400, elapsed_secs=32236, mean=0.487729, stdev=0.089766, best fit=0.688100, best_overall=0.688100, mean_diversity=0.090392,
indivs=27791446, elapsed_secs=32250, mean=0.558440, stdev=0.198898, best fit=0.688100, best_overall=0.688100, mean_diversity=0.232058,
indivs=27801451, elapsed_secs=32264, mean=0.515263, stdev=0.215084, best fit=0.688100, best_overall=0.688100, mean_diversity=0.075216,
indivs=27811522, elapsed_secs=32276, mean=0.532668, stdev=0.150060, best fit=0.688100, best_overall=0.688100, mean_diversity=0.134109,
indivs=27821609, elapsed_secs=32289, mean=0.567528, stdev=0.182250, best fit=0.688100, best_overall=0.688100, mean_diversity=0.107074,
indivs=27831756, elapsed_secs=32300, mean=0.531785, stdev=0.183774, best fit=0.688100, best_overall=0.688100, mean_diversity=0.082314,
indivs=27841867, elapsed_secs=32311, mean=0.496844, stdev=0.214590, best fit=0.688100, best_overall=0.688100, mean_diversity=0.155192,
indivs=27851893, elapsed_secs=32323, mean=0.487662, stdev=0.103818, best fit=0.688100, best_overall=0.688100, mean_diversity=0.109356,
indivs=27861976, elapsed_secs=32332, mean=0.488774, stdev=0.067197, best fit=0.688100, best_overall=0.688100, mean_diversity=0.286364,
indivs=27872034, elapsed_secs=32346, mean=0.537184, stdev=0.186039, best fit=0.688100, best_overall=0.688100, mean_diversity=0.373591,
indivs=27882171, elapsed_secs=32359, mean=0.567176, stdev=0.179451, best fit=0.688100, best_overall=0.688100, mean_diversity=0.082122,
indivs=27892228, elapsed_secs=32370, mean=0.505546, stdev=0.104415, best fit=0.688100, best_overall=0.688100, mean_diversity=0.165741,
indivs=27902373, elapsed_secs=32384, mean=0.534164, stdev=0.206127, best fit=0.688100, best_overall=0.688100, mean_diversity=0.242309,
indivs=27912422, elapsed_secs=32395, mean=0.542177, stdev=0.196916, best fit=0.688100, best_overall=0.688100, mean_diversity=0.193446,
indivs=27922512, elapsed_secs=32408, mean=0.509285, stdev=0.172149, best fit=0.688100, best_overall=0.688100, mean_diversity=0.155671,
indivs=27932563, elapsed_secs=32419, mean=0.544690, stdev=0.094694, best fit=0.688100, best_overall=0.688100, mean_diversity=0.267308,
indivs=27942684, elapsed_secs=32432, mean=0.503378, stdev=0.195561, best fit=0.688100, best_overall=0.688100, mean_diversity=0.145560,
indivs=27952698, elapsed_secs=32443, mean=0.530648, stdev=0.086784, best fit=0.688100, best_overall=0.688100, mean_diversity=0.320825,
indivs=27962789, elapsed_secs=32455, mean=0.505178, stdev=0.026361, best fit=0.688100, best_overall=0.688100, mean_diversity=0.204529,
indivs=27972807, elapsed_secs=32469, mean=0.583863, stdev=0.155848, best fit=0.688100, best_overall=0.688100, mean_diversity=0.218742,
indivs=27982814, elapsed_secs=32482, mean=0.547614, stdev=0.172557, best fit=0.688100, best_overall=0.688100, mean_diversity=0.152081,
indivs=27992915, elapsed_secs=32495, mean=0.566770, stdev=0.094771, best fit=0.688100, best_overall=0.688100, mean_diversity=0.214238,
indivs=28003000, elapsed_secs=32507, mean=0.492979, stdev=0.182294, best fit=0.688100, best_overall=0.688100, mean_diversity=0.301973,
indivs=28013089, elapsed_secs=32521, mean=0.471340, stdev=0.038695, best fit=0.688100, best_overall=0.688100, mean_diversity=0.082083,
indivs=28023197, elapsed_secs=32534, mean=0.508288, stdev=0.082993, best fit=0.688100, best_overall=0.688100, mean_diversity=0.206945,
indivs=28033280, elapsed_secs=32545, mean=0.575234, stdev=0.149329, best fit=0.688100, best_overall=0.688100, mean_diversity=0.132144,
indivs=28043332, elapsed_secs=32558, mean=0.545425, stdev=0.151510, best fit=0.688100, best_overall=0.688100, mean_diversity=0.215342,
indivs=28053349, elapsed_secs=32570, mean=0.588204, stdev=0.168550, best fit=0.688100, best_overall=0.688100, mean_diversity=0.093082,
indivs=28063379, elapsed_secs=32583, mean=0.501881, stdev=0.018716, best fit=0.688100, best_overall=0.688100, mean_diversity=0.065213,
indivs=28073521, elapsed_secs=32597, mean=0.606655, stdev=0.126696, best fit=0.688100, best_overall=0.688100, mean_diversity=0.092187,
indivs=28083523, elapsed_secs=32610, mean=0.566225, stdev=0.128333, best fit=0.688100, best_overall=0.688100, mean_diversity=0.192864,
indivs=28093595, elapsed_secs=32620, mean=0.383732, stdev=0.289995, best fit=0.688100, best_overall=0.688100, mean_diversity=0.208136,
indivs=28103606, elapsed_secs=32633, mean=0.540825, stdev=0.196158, best fit=0.688100, best_overall=0.688100, mean_diversity=0.294503,
indivs=28113626, elapsed_secs=32647, mean=0.572947, stdev=0.147099, best fit=0.688100, best_overall=0.688100, mean_diversity=0.074538,
indivs=28123677, elapsed_secs=32659, mean=0.512802, stdev=0.206361, best fit=0.688100, best_overall=0.688100, mean_diversity=0.230514,
indivs=28133688, elapsed_secs=32670, mean=0.542862, stdev=0.158320, best fit=0.688100, best_overall=0.688100, mean_diversity=0.039168,
indivs=28143740, elapsed_secs=32683, mean=0.511858, stdev=0.104550, best fit=0.688100, best_overall=0.688100, mean_diversity=0.177231,
indivs=28153852, elapsed_secs=32696, mean=0.501907, stdev=0.218443, best fit=0.688100, best_overall=0.688100, mean_diversity=0.169114,
indivs=28163899, elapsed_secs=32709, mean=0.501002, stdev=0.127469, best fit=0.688100, best_overall=0.688100, mean_diversity=0.419494,
indivs=28173951, elapsed_secs=32721, mean=0.499225, stdev=0.055928, best fit=0.688100, best_overall=0.688100, mean_diversity=0.082135,
indivs=28184002, elapsed_secs=32733, mean=0.534741, stdev=0.166163, best fit=0.688100, best_overall=0.688100, mean_diversity=0.170552,
indivs=28194072, elapsed_secs=32743, mean=0.492922, stdev=0.058037, best fit=0.688100, best_overall=0.688100, mean_diversity=0.058178,
indivs=28204103, elapsed_secs=32755, mean=0.528651, stdev=0.192585, best fit=0.688100, best_overall=0.688100, mean_diversity=0.081408,
indivs=28214134, elapsed_secs=32765, mean=0.594881, stdev=0.147615, best fit=0.688100, best_overall=0.688100, mean_diversity=0.229102,
indivs=28224145, elapsed_secs=32777, mean=0.507941, stdev=0.060223, best fit=0.688100, best_overall=0.688100, mean_diversity=0.144278,
indivs=28234298, elapsed_secs=32789, mean=0.564431, stdev=0.154037, best fit=0.688100, best_overall=0.688100, mean_diversity=0.144525,
indivs=28244319, elapsed_secs=32801, mean=0.487380, stdev=0.145323, best fit=0.688100, best_overall=0.688100, mean_diversity=0.224257,
indivs=28254351, elapsed_secs=32812, mean=0.525939, stdev=0.104568, best fit=0.688100, best_overall=0.688100, mean_diversity=0.355654,
indivs=28264389, elapsed_secs=32823, mean=0.543854, stdev=0.149470, best fit=0.688100, best_overall=0.688100, mean_diversity=0.155656,
indivs=28274421, elapsed_secs=32835, mean=0.503678, stdev=0.027279, best fit=0.688100, best_overall=0.688100, mean_diversity=0.188305,
indivs=28284454, elapsed_secs=32849, mean=0.529934, stdev=0.184120, best fit=0.688100, best_overall=0.688100, mean_diversity=0.120961,
indivs=28294501, elapsed_secs=32862, mean=0.504776, stdev=0.133155, best fit=0.688100, best_overall=0.688100, mean_diversity=0.387193,
indivs=28304514, elapsed_secs=32873, mean=0.486195, stdev=0.073687, best fit=0.688100, best_overall=0.688100, mean_diversity=0.103623,
indivs=28314604, elapsed_secs=32883, mean=0.523257, stdev=0.172599, best fit=0.688100, best_overall=0.688100, mean_diversity=0.293668,
indivs=28324666, elapsed_secs=32896, mean=0.502666, stdev=0.062684, best fit=0.688100, best_overall=0.688100, mean_diversity=0.111525,
indivs=28334681, elapsed_secs=32908, mean=0.559385, stdev=0.063514, best fit=0.688100, best_overall=0.688100, mean_diversity=0.342015,
indivs=28344751, elapsed_secs=32921, mean=0.526864, stdev=0.162469, best fit=0.688100, best_overall=0.688100, mean_diversity=0.181897,
indivs=28354755, elapsed_secs=32933, mean=0.501882, stdev=0.018716, best fit=0.688100, best_overall=0.688100, mean_diversity=0.042703,
indivs=28364808, elapsed_secs=32944, mean=0.520613, stdev=0.128754, best fit=0.688100, best_overall=0.688100, mean_diversity=0.321429,
indivs=28374873, elapsed_secs=32954, mean=0.562141, stdev=0.205111, best fit=0.688100, best_overall=0.688100, mean_diversity=0.087146,
indivs=28384926, elapsed_secs=32966, mean=0.489016, stdev=0.197718, best fit=0.688100, best_overall=0.688100, mean_diversity=0.270817,
indivs=28395045, elapsed_secs=32978, mean=0.527141, stdev=0.193704, best fit=0.688100, best_overall=0.688100, mean_diversity=0.117802,
indivs=28405126, elapsed_secs=32989, mean=0.526880, stdev=0.151085, best fit=0.688100, best_overall=0.688100, mean_diversity=0.362040,
indivs=28415133, elapsed_secs=33003, mean=0.511426, stdev=0.111547, best fit=0.688100, best_overall=0.688100, mean_diversity=0.181610,
indivs=28425155, elapsed_secs=33015, mean=0.484655, stdev=0.138400, best fit=0.688100, best_overall=0.688100, mean_diversity=0.336451,
indivs=28435174, elapsed_secs=33026, mean=0.531990, stdev=0.212883, best fit=0.688100, best_overall=0.688100, mean_diversity=0.111423,
indivs=28445208, elapsed_secs=33038, mean=0.532015, stdev=0.088373, best fit=0.688100, best_overall=0.688100, mean_diversity=0.146975,
indivs=28455231, elapsed_secs=33048, mean=0.511304, stdev=0.227001, best fit=0.688100, best_overall=0.688100, mean_diversity=0.115459,
indivs=28465296, elapsed_secs=33060, mean=0.470825, stdev=0.132941, best fit=0.688100, best_overall=0.688100, mean_diversity=0.412187,
indivs=28475346, elapsed_secs=33072, mean=0.512718, stdev=0.227674, best fit=0.688100, best_overall=0.688100, mean_diversity=0.271280,
indivs=28485444, elapsed_secs=33084, mean=0.534551, stdev=0.135759, best fit=0.688100, best_overall=0.688100, mean_diversity=0.126992,
indivs=28495536, elapsed_secs=33099, mean=0.539698, stdev=0.132598, best fit=0.688100, best_overall=0.688100, mean_diversity=0.418343,
indivs=28505582, elapsed_secs=33113, mean=0.564063, stdev=0.123160, best fit=0.688100, best_overall=0.688100, mean_diversity=0.257168,
indivs=28515657, elapsed_secs=33126, mean=0.529516, stdev=0.104987, best fit=0.688100, best_overall=0.688100, mean_diversity=0.179819,
indivs=28525682, elapsed_secs=33139, mean=0.525500, stdev=0.108198, best fit=0.688100, best_overall=0.688100, mean_diversity=0.198239,
indivs=28535722, elapsed_secs=33150, mean=0.522151, stdev=0.225256, best fit=0.688100, best_overall=0.688100, mean_diversity=0.088706,
indivs=28545759, elapsed_secs=33163, mean=0.563691, stdev=0.123950, best fit=0.688100, best_overall=0.688100, mean_diversity=0.131744,
indivs=28555846, elapsed_secs=33174, mean=0.476723, stdev=0.111096, best fit=0.688100, best_overall=0.688100, mean_diversity=0.231456,
indivs=28565936, elapsed_secs=33189, mean=0.543155, stdev=0.172881, best fit=0.688100, best_overall=0.688100, mean_diversity=0.167619,
indivs=28575981, elapsed_secs=33201, mean=0.504464, stdev=0.130943, best fit=0.688100, best_overall=0.688100, mean_diversity=0.254970,
indivs=28586056, elapsed_secs=33215, mean=0.622066, stdev=0.085410, best fit=0.688100, best_overall=0.688100, mean_diversity=0.101475,
indivs=28596202, elapsed_secs=33230, mean=0.545839, stdev=0.181101, best fit=0.688100, best_overall=0.688100, mean_diversity=0.299664,
indivs=28606288, elapsed_secs=33242, mean=0.574397, stdev=0.164524, best fit=0.688100, best_overall=0.688100, mean_diversity=0.101452,
indivs=28616406, elapsed_secs=33255, mean=0.514705, stdev=0.162824, best fit=0.688100, best_overall=0.688100, mean_diversity=0.353578,
indivs=28626486, elapsed_secs=33267, mean=0.547782, stdev=0.096606, best fit=0.688100, best_overall=0.688100, mean_diversity=0.373791,
indivs=28636513, elapsed_secs=33279, mean=0.487084, stdev=0.153048, best fit=0.688100, best_overall=0.688100, mean_diversity=0.274508,
indivs=28646532, elapsed_secs=33292, mean=0.536035, stdev=0.139120, best fit=0.688100, best_overall=0.688100, mean_diversity=0.060259,
indivs=28656543, elapsed_secs=33303, mean=0.548576, stdev=0.153387, best fit=0.688100, best_overall=0.688100, mean_diversity=0.164560,
indivs=28666692, elapsed_secs=33316, mean=0.560904, stdev=0.174811, best fit=0.688100, best_overall=0.688100, mean_diversity=0.187886,
indivs=28676714, elapsed_secs=33328, mean=0.497844, stdev=0.054592, best fit=0.688100, best_overall=0.688100, mean_diversity=0.149554,
indivs=28686764, elapsed_secs=33341, mean=0.524244, stdev=0.165167, best fit=0.688100, best_overall=0.688100, mean_diversity=0.321429,
indivs=28696882, elapsed_secs=33351, mean=0.487700, stdev=0.227382, best fit=0.688100, best_overall=0.688100, mean_diversity=0.197772,
indivs=28706884, elapsed_secs=33363, mean=0.505296, stdev=0.030168, best fit=0.688100, best_overall=0.688100, mean_diversity=0.052724,
indivs=28716884, elapsed_secs=33377, mean=0.513705, stdev=0.171280, best fit=0.688100, best_overall=0.688100, mean_diversity=0.435848,
indivs=28726978, elapsed_secs=33390, mean=0.505440, stdev=0.030996, best fit=0.688100, best_overall=0.688100, mean_diversity=0.105586,
indivs=28736987, elapsed_secs=33400, mean=0.428150, stdev=0.202790, best fit=0.688100, best_overall=0.688100, mean_diversity=0.285139,
indivs=28747020, elapsed_secs=33410, mean=0.551463, stdev=0.175225, best fit=0.688100, best_overall=0.688100, mean_diversity=0.325308,
indivs=28757050, elapsed_secs=33421, mean=0.516699, stdev=0.223627, best fit=0.688100, best_overall=0.688100, mean_diversity=0.126845,
indivs=28767120, elapsed_secs=33436, mean=0.550971, stdev=0.150766, best fit=0.688100, best_overall=0.688100, mean_diversity=0.247450,
indivs=28777186, elapsed_secs=33448, mean=0.525816, stdev=0.083009, best fit=0.688100, best_overall=0.688100, mean_diversity=0.349433,
indivs=28787252, elapsed_secs=33460, mean=0.531742, stdev=0.084547, best fit=0.688100, best_overall=0.688100, mean_diversity=0.348951,
indivs=28797308, elapsed_secs=33473, mean=0.557609, stdev=0.125327, best fit=0.688100, best_overall=0.688100, mean_diversity=0.313741,
indivs=28807369, elapsed_secs=33485, mean=0.481759, stdev=0.100109, best fit=0.688100, best_overall=0.688100, mean_diversity=0.206406,
indivs=28817396, elapsed_secs=33498, mean=0.544641, stdev=0.125941, best fit=0.688100, best_overall=0.688100, mean_diversity=0.111785,
indivs=28827397, elapsed_secs=33510, mean=0.508242, stdev=0.086481, best fit=0.688100, best_overall=0.688100, mean_diversity=0.330265,
indivs=28837448, elapsed_secs=33523, mean=0.487770, stdev=0.096643, best fit=0.688100, best_overall=0.688100, mean_diversity=0.210333,
indivs=28847465, elapsed_secs=33539, mean=0.477997, stdev=0.136552, best fit=0.688100, best_overall=0.688100, mean_diversity=0.287835,
indivs=28857495, elapsed_secs=33551, mean=0.504797, stdev=0.027829, best fit=0.688100, best_overall=0.688100, mean_diversity=0.100398,
indivs=28867604, elapsed_secs=33564, mean=0.486582, stdev=0.149072, best fit=0.688100, best_overall=0.688100, mean_diversity=0.245094,
indivs=28877700, elapsed_secs=33577, mean=0.532166, stdev=0.233834, best fit=0.688100, best_overall=0.688100, mean_diversity=0.092056,
indivs=28887711, elapsed_secs=33590, mean=0.479357, stdev=0.199984, best fit=0.688100, best_overall=0.688100, mean_diversity=0.480497,
indivs=28897868, elapsed_secs=33602, mean=0.594592, stdev=0.143486, best fit=0.688100, best_overall=0.688100, mean_diversity=0.419492,
indivs=28907892, elapsed_secs=33613, mean=0.517570, stdev=0.070310, best fit=0.688100, best_overall=0.688100, mean_diversity=0.360548,
indivs=28917927, elapsed_secs=33623, mean=0.493619, stdev=0.230517, best fit=0.688100, best_overall=0.688100, mean_diversity=0.222000,
indivs=28928036, elapsed_secs=33635, mean=0.549201, stdev=0.170100, best fit=0.688100, best_overall=0.688100, mean_diversity=0.230362,
indivs=28938147, elapsed_secs=33647, mean=0.537886, stdev=0.197231, best fit=0.688100, best_overall=0.688100, mean_diversity=0.188037,
indivs=28948180, elapsed_secs=33658, mean=0.439961, stdev=0.198869, best fit=0.688100, best_overall=0.688100, mean_diversity=0.374303,
indivs=28958284, elapsed_secs=33670, mean=0.562702, stdev=0.132481, best fit=0.688100, best_overall=0.688100, mean_diversity=0.125938,
indivs=28968349, elapsed_secs=33683, mean=0.535940, stdev=0.158413, best fit=0.688100, best_overall=0.688100, mean_diversity=0.167085,
indivs=28978447, elapsed_secs=33694, mean=0.515996, stdev=0.097024, best fit=0.688100, best_overall=0.688100, mean_diversity=0.185205,
indivs=28988448, elapsed_secs=33707, mean=0.550524, stdev=0.162206, best fit=0.688100, best_overall=0.688100, mean_diversity=0.127855,
indivs=28998500, elapsed_secs=33721, mean=0.487791, stdev=0.185753, best fit=0.688100, best_overall=0.688100, mean_diversity=0.266260,
indivs=29008535, elapsed_secs=33734, mean=0.506647, stdev=0.135711, best fit=0.688100, best_overall=0.688100, mean_diversity=0.400634,
indivs=29018616, elapsed_secs=33746, mean=0.513208, stdev=0.171183, best fit=0.688100, best_overall=0.688100, mean_diversity=0.135738,
indivs=29028659, elapsed_secs=33758, mean=0.491974, stdev=0.201611, best fit=0.688100, best_overall=0.688100, mean_diversity=0.221115,
indivs=29038756, elapsed_secs=33770, mean=0.508514, stdev=0.106542, best fit=0.688100, best_overall=0.688100, mean_diversity=0.281543,
indivs=29048867, elapsed_secs=33783, mean=0.579282, stdev=0.160777, best fit=0.688100, best_overall=0.688100, mean_diversity=0.175966,
indivs=29058953, elapsed_secs=33796, mean=0.536226, stdev=0.147286, best fit=0.688100, best_overall=0.688100, mean_diversity=0.252786,
indivs=29069030, elapsed_secs=33808, mean=0.460647, stdev=0.159317, best fit=0.688100, best_overall=0.688100, mean_diversity=0.159824,
indivs=29079195, elapsed_secs=33819, mean=0.548836, stdev=0.201089, best fit=0.688100, best_overall=0.688100, mean_diversity=0.128325,
indivs=29089310, elapsed_secs=33834, mean=0.521452, stdev=0.208361, best fit=0.688100, best_overall=0.688100, mean_diversity=0.171647,
indivs=29099370, elapsed_secs=33846, mean=0.504258, stdev=0.024226, best fit=0.688100, best_overall=0.688100, mean_diversity=0.101812,
indivs=29109454, elapsed_secs=33859, mean=0.531459, stdev=0.167777, best fit=0.688100, best_overall=0.688100, mean_diversity=0.208475,
indivs=29119518, elapsed_secs=33873, mean=0.576130, stdev=0.158345, best fit=0.688100, best_overall=0.688100, mean_diversity=0.081306,
indivs=29129627, elapsed_secs=33886, mean=0.523029, stdev=0.084468, best fit=0.688100, best_overall=0.688100, mean_diversity=0.366105,
indivs=29139686, elapsed_secs=33898, mean=0.541179, stdev=0.111507, best fit=0.688100, best_overall=0.688100, mean_diversity=0.241904,
indivs=29149751, elapsed_secs=33909, mean=0.531897, stdev=0.123382, best fit=0.688100, best_overall=0.688100, mean_diversity=0.280272,
indivs=29159795, elapsed_secs=33920, mean=0.544693, stdev=0.141337, best fit=0.688100, best_overall=0.688100, mean_diversity=0.303605,
indivs=29169836, elapsed_secs=33933, mean=0.496538, stdev=0.094473, best fit=0.688100, best_overall=0.688100, mean_diversity=0.210330,
indivs=29179847, elapsed_secs=33945, mean=0.504847, stdev=0.217519, best fit=0.688100, best_overall=0.688100, mean_diversity=0.228454,
indivs=29189970, elapsed_secs=33958, mean=0.612693, stdev=0.101278, best fit=0.688100, best_overall=0.688100, mean_diversity=0.108540,
indivs=29200018, elapsed_secs=33971, mean=0.504123, stdev=0.078865, best fit=0.688100, best_overall=0.688100, mean_diversity=0.132426,
indivs=29210048, elapsed_secs=33982, mean=0.480070, stdev=0.113747, best fit=0.688100, best_overall=0.688100, mean_diversity=0.069294,
indivs=29220146, elapsed_secs=33993, mean=0.502831, stdev=0.096467, best fit=0.688100, best_overall=0.688100, mean_diversity=0.210287,
indivs=29230153, elapsed_secs=34006, mean=0.501421, stdev=0.019298, best fit=0.688100, best_overall=0.688100, mean_diversity=0.115088,
indivs=29240209, elapsed_secs=34018, mean=0.533063, stdev=0.142926, best fit=0.688100, best_overall=0.688100, mean_diversity=0.365260,
indivs=29250290, elapsed_secs=34031, mean=0.517499, stdev=0.172304, best fit=0.688100, best_overall=0.688100, mean_diversity=0.086207,
indivs=29260301, elapsed_secs=34044, mean=0.522105, stdev=0.144100, best fit=0.688100, best_overall=0.688100, mean_diversity=0.307057,
indivs=29270385, elapsed_secs=34055, mean=0.482259, stdev=0.099636, best fit=0.688100, best_overall=0.688100, mean_diversity=0.209046,
indivs=29280397, elapsed_secs=34067, mean=0.548275, stdev=0.191082, best fit=0.688100, best_overall=0.688100, mean_diversity=0.105976,
indivs=29290418, elapsed_secs=34079, mean=0.516713, stdev=0.078378, best fit=0.688100, best_overall=0.688100, mean_diversity=0.338251,
indivs=29300558, elapsed_secs=34091, mean=0.550040, stdev=0.159458, best fit=0.688100, best_overall=0.688100, mean_diversity=0.219473,
indivs=29310654, elapsed_secs=34104, mean=0.507493, stdev=0.164481, best fit=0.688100, best_overall=0.688100, mean_diversity=0.338777,
indivs=29320707, elapsed_secs=34118, mean=0.496965, stdev=0.096898, best fit=0.688100, best_overall=0.688100, mean_diversity=0.183819,
indivs=29330707, elapsed_secs=34128, mean=0.503642, stdev=0.025508, best fit=0.688100, best_overall=0.688100, mean_diversity=0.072507,
indivs=29340766, elapsed_secs=34140, mean=0.564506, stdev=0.127463, best fit=0.688100, best_overall=0.688100, mean_diversity=0.201283,
indivs=29350824, elapsed_secs=34151, mean=0.516318, stdev=0.077083, best fit=0.688100, best_overall=0.688100, mean_diversity=0.193416,
indivs=29360912, elapsed_secs=34163, mean=0.457004, stdev=0.202492, best fit=0.688100, best_overall=0.688100, mean_diversity=0.142162,
indivs=29370980, elapsed_secs=34176, mean=0.538058, stdev=0.210407, best fit=0.688100, best_overall=0.688100, mean_diversity=0.496614,
indivs=29381031, elapsed_secs=34188, mean=0.458411, stdev=0.127262, best fit=0.688100, best_overall=0.688100, mean_diversity=0.133848,
indivs=29391055, elapsed_secs=34201, mean=0.558415, stdev=0.105962, best fit=0.688100, best_overall=0.688100, mean_diversity=0.222222,
indivs=29401123, elapsed_secs=34213, mean=0.493556, stdev=0.074460, best fit=0.688100, best_overall=0.688100, mean_diversity=0.117002,
indivs=29411223, elapsed_secs=34225, mean=0.501390, stdev=0.102874, best fit=0.688100, best_overall=0.688100, mean_diversity=0.204583,
indivs=29421257, elapsed_secs=34238, mean=0.495968, stdev=0.043008, best fit=0.688100, best_overall=0.688100, mean_diversity=0.132587,
indivs=29431291, elapsed_secs=34250, mean=0.542291, stdev=0.150563, best fit=0.688100, best_overall=0.688100, mean_diversity=0.135120,
indivs=29441362, elapsed_secs=34263, mean=0.487644, stdev=0.131944, best fit=0.688100, best_overall=0.688100, mean_diversity=0.376190,
indivs=29451367, elapsed_secs=34275, mean=0.540312, stdev=0.099410, best fit=0.688100, best_overall=0.688100, mean_diversity=0.285865,
indivs=29461491, elapsed_secs=34286, mean=0.565630, stdev=0.202959, best fit=0.688100, best_overall=0.688100, mean_diversity=0.079924,
indivs=29471605, elapsed_secs=34298, mean=0.511823, stdev=0.170870, best fit=0.688100, best_overall=0.688100, mean_diversity=0.337291,
indivs=29481700, elapsed_secs=34310, mean=0.584304, stdev=0.142084, best fit=0.688100, best_overall=0.688100, mean_diversity=0.188959,
indivs=29491835, elapsed_secs=34322, mean=0.544154, stdev=0.161442, best fit=0.688100, best_overall=0.688100, mean_diversity=0.155235,
indivs=29501987, elapsed_secs=34335, mean=0.504089, stdev=0.203169, best fit=0.688100, best_overall=0.688100, mean_diversity=0.177465,
indivs=29511993, elapsed_secs=34348, mean=0.470490, stdev=0.207139, best fit=0.688100, best_overall=0.688100, mean_diversity=0.191125,
indivs=29522087, elapsed_secs=34360, mean=0.549558, stdev=0.097717, best fit=0.688100, best_overall=0.688100, mean_diversity=0.220276,
indivs=29532141, elapsed_secs=34372, mean=0.500613, stdev=0.217387, best fit=0.688100, best_overall=0.688100, mean_diversity=0.178442,
indivs=29542271, elapsed_secs=34384, mean=0.533404, stdev=0.196321, best fit=0.688100, best_overall=0.688100, mean_diversity=0.154791,
indivs=29552368, elapsed_secs=34395, mean=0.466374, stdev=0.191903, best fit=0.688100, best_overall=0.688100, mean_diversity=0.183484,
indivs=29562449, elapsed_secs=34406, mean=0.503013, stdev=0.021746, best fit=0.688100, best_overall=0.688100, mean_diversity=0.095874,
indivs=29572544, elapsed_secs=34418, mean=0.503249, stdev=0.118566, best fit=0.688100, best_overall=0.688100, mean_diversity=0.186979,
indivs=29582603, elapsed_secs=34430, mean=0.538583, stdev=0.188256, best fit=0.688100, best_overall=0.688100, mean_diversity=0.086724,
indivs=29592667, elapsed_secs=34441, mean=0.533122, stdev=0.177632, best fit=0.688100, best_overall=0.688100, mean_diversity=0.251786,
indivs=29602708, elapsed_secs=34452, mean=0.559106, stdev=0.221561, best fit=0.688100, best_overall=0.688100, mean_diversity=0.065693,
indivs=29612856, elapsed_secs=34465, mean=0.532979, stdev=0.232342, best fit=0.688100, best_overall=0.688100, mean_diversity=0.096812,
indivs=29622867, elapsed_secs=34477, mean=0.532286, stdev=0.206096, best fit=0.688100, best_overall=0.688100, mean_diversity=0.144430,
indivs=29632972, elapsed_secs=34492, mean=0.531610, stdev=0.145202, best fit=0.688100, best_overall=0.688100, mean_diversity=0.260245,
indivs=29643046, elapsed_secs=34504, mean=0.530702, stdev=0.163637, best fit=0.688100, best_overall=0.688100, mean_diversity=0.069839,
indivs=29653121, elapsed_secs=34517, mean=0.536785, stdev=0.124789, best fit=0.688100, best_overall=0.688100, mean_diversity=0.238118,
indivs=29663129, elapsed_secs=34527, mean=0.467466, stdev=0.161501, best fit=0.688100, best_overall=0.688100, mean_diversity=0.229712,
indivs=29673261, elapsed_secs=34540, mean=0.446319, stdev=0.295491, best fit=0.688100, best_overall=0.688100, mean_diversity=0.058102,
indivs=29683314, elapsed_secs=34550, mean=0.508618, stdev=0.110535, best fit=0.688100, best_overall=0.688100, mean_diversity=0.422477,
indivs=29693453, elapsed_secs=34563, mean=0.587178, stdev=0.116878, best fit=0.688100, best_overall=0.688100, mean_diversity=0.114156,
indivs=29703592, elapsed_secs=34574, mean=0.514288, stdev=0.237104, best fit=0.688100, best_overall=0.688100, mean_diversity=0.114537,
indivs=29713733, elapsed_secs=34586, mean=0.578559, stdev=0.183203, best fit=0.688100, best_overall=0.688100, mean_diversity=0.097679,
indivs=29723769, elapsed_secs=34597, mean=0.544054, stdev=0.170182, best fit=0.688100, best_overall=0.688100, mean_diversity=0.145271,
indivs=29733801, elapsed_secs=34610, mean=0.524060, stdev=0.222359, best fit=0.688100, best_overall=0.688100, mean_diversity=0.092035,
indivs=29743890, elapsed_secs=34621, mean=0.556555, stdev=0.151311, best fit=0.688100, best_overall=0.688100, mean_diversity=0.243197,
indivs=29753994, elapsed_secs=34632, mean=0.470537, stdev=0.114242, best fit=0.688100, best_overall=0.688100, mean_diversity=0.068224,
indivs=29764043, elapsed_secs=34645, mean=0.544901, stdev=0.206993, best fit=0.688100, best_overall=0.688100, mean_diversity=0.102526,
indivs=29774153, elapsed_secs=34656, mean=0.509973, stdev=0.195467, best fit=0.688100, best_overall=0.688100, mean_diversity=0.181719,
indivs=29784250, elapsed_secs=34670, mean=0.429197, stdev=0.231149, best fit=0.688100, best_overall=0.688100, mean_diversity=0.297450,
indivs=29794294, elapsed_secs=34682, mean=0.557464, stdev=0.086912, best fit=0.688100, best_overall=0.688100, mean_diversity=0.205301,
indivs=29804333, elapsed_secs=34693, mean=0.539123, stdev=0.148688, best fit=0.688100, best_overall=0.688100, mean_diversity=0.161813,
indivs=29814351, elapsed_secs=34706, mean=0.529587, stdev=0.180538, best fit=0.688100, best_overall=0.688100, mean_diversity=0.157083,
indivs=29824360, elapsed_secs=34719, mean=0.528708, stdev=0.132675, best fit=0.688100, best_overall=0.688100, mean_diversity=0.162039,
indivs=29834446, elapsed_secs=34731, mean=0.557964, stdev=0.143562, best fit=0.688100, best_overall=0.688100, mean_diversity=0.357462,
indivs=29844533, elapsed_secs=34744, mean=0.497775, stdev=0.110447, best fit=0.688100, best_overall=0.688100, mean_diversity=0.285021,
indivs=29854616, elapsed_secs=34756, mean=0.518907, stdev=0.159039, best fit=0.688100, best_overall=0.688100, mean_diversity=0.221889,
indivs=29864674, elapsed_secs=34768, mean=0.496356, stdev=0.200191, best fit=0.688100, best_overall=0.688100, mean_diversity=0.049887,
indivs=29874715, elapsed_secs=34780, mean=0.564725, stdev=0.163892, best fit=0.688100, best_overall=0.688100, mean_diversity=0.149039,
indivs=29884802, elapsed_secs=34792, mean=0.559313, stdev=0.147406, best fit=0.688100, best_overall=0.688100, mean_diversity=0.241484,
indivs=29894820, elapsed_secs=34803, mean=0.519740, stdev=0.139995, best fit=0.688100, best_overall=0.688100, mean_diversity=0.249556,
indivs=29904827, elapsed_secs=34814, mean=0.508949, stdev=0.120398, best fit=0.688100, best_overall=0.688100, mean_diversity=0.454411,
indivs=29914829, elapsed_secs=34826, mean=0.481505, stdev=0.114220, best fit=0.688100, best_overall=0.688100, mean_diversity=0.162557,
indivs=29924887, elapsed_secs=34839, mean=0.508206, stdev=0.040212, best fit=0.688100, best_overall=0.688100, mean_diversity=0.162611,
indivs=29934926, elapsed_secs=34851, mean=0.527284, stdev=0.156536, best fit=0.688100, best_overall=0.688100, mean_diversity=0.275629,
indivs=29944947, elapsed_secs=34865, mean=0.508699, stdev=0.240248, best fit=0.688100, best_overall=0.688100, mean_diversity=0.128507,
indivs=29955072, elapsed_secs=34877, mean=0.518391, stdev=0.190916, best fit=0.688100, best_overall=0.688100, mean_diversity=0.299031,
indivs=29965166, elapsed_secs=34888, mean=0.468158, stdev=0.181008, best fit=0.688100, best_overall=0.688100, mean_diversity=0.365147,
indivs=29975240, elapsed_secs=34900, mean=0.582166, stdev=0.131855, best fit=0.688100, best_overall=0.688100, mean_diversity=0.181542,
indivs=29985261, elapsed_secs=34912, mean=0.561005, stdev=0.155090, best fit=0.688100, best_overall=0.688100, mean_diversity=0.207927,
indivs=29995267, elapsed_secs=34924, mean=0.414852, stdev=0.236126, best fit=0.688100, best_overall=0.688100, mean_diversity=0.126121,
indivs=30005297, elapsed_secs=34935, mean=0.553305, stdev=0.166371, best fit=0.688100, best_overall=0.688100, mean_diversity=0.206564,
indivs=30015392, elapsed_secs=34948, mean=0.557414, stdev=0.171948, best fit=0.688100, best_overall=0.688100, mean_diversity=0.131328,
indivs=30025431, elapsed_secs=34960, mean=0.520099, stdev=0.114630, best fit=0.688100, best_overall=0.688100, mean_diversity=0.336677,
indivs=30035525, elapsed_secs=34971, mean=0.518698, stdev=0.130645, best fit=0.688100, best_overall=0.688100, mean_diversity=0.191421,
indivs=30045656, elapsed_secs=34984, mean=0.541074, stdev=0.188827, best fit=0.688100, best_overall=0.688100, mean_diversity=0.246451,
indivs=30055672, elapsed_secs=34994, mean=0.500281, stdev=0.058596, best fit=0.688100, best_overall=0.688100, mean_diversity=0.141820,
indivs=30065813, elapsed_secs=35007, mean=0.595375, stdev=0.155696, best fit=0.688100, best_overall=0.688100, mean_diversity=0.063712,
indivs=30075903, elapsed_secs=35017, mean=0.527277, stdev=0.111832, best fit=0.688100, best_overall=0.688100, mean_diversity=0.172742,
indivs=30086021, elapsed_secs=35029, mean=0.569073, stdev=0.192172, best fit=0.688100, best_overall=0.688100, mean_diversity=0.097617,
indivs=30096166, elapsed_secs=35041, mean=0.516346, stdev=0.229673, best fit=0.688100, best_overall=0.688100, mean_diversity=0.116538,
indivs=30106279, elapsed_secs=35052, mean=0.496777, stdev=0.176203, best fit=0.688100, best_overall=0.688100, mean_diversity=0.142532,
indivs=30116364, elapsed_secs=35064, mean=0.529237, stdev=0.129169, best fit=0.688100, best_overall=0.688100, mean_diversity=0.220000,
indivs=30126493, elapsed_secs=35074, mean=0.517515, stdev=0.207750, best fit=0.688100, best_overall=0.688100, mean_diversity=0.084305,
indivs=30136529, elapsed_secs=35089, mean=0.525356, stdev=0.060396, best fit=0.688100, best_overall=0.688100, mean_diversity=0.236128,
indivs=30146609, elapsed_secs=35100, mean=0.413451, stdev=0.273915, best fit=0.688100, best_overall=0.688100, mean_diversity=0.219802,
indivs=30156697, elapsed_secs=35113, mean=0.499639, stdev=0.163862, best fit=0.688100, best_overall=0.688100, mean_diversity=0.283880,
indivs=30166784, elapsed_secs=35125, mean=0.503180, stdev=0.099954, best fit=0.688100, best_overall=0.688100, mean_diversity=0.274950,
indivs=30176915, elapsed_secs=35136, mean=0.523631, stdev=0.174499, best fit=0.688100, best_overall=0.688100, mean_diversity=0.215502,
indivs=30186975, elapsed_secs=35149, mean=0.504264, stdev=0.240767, best fit=0.688100, best_overall=0.688100, mean_diversity=0.145095,
indivs=30197055, elapsed_secs=35160, mean=0.544919, stdev=0.123602, best fit=0.688100, best_overall=0.688100, mean_diversity=0.228241,
indivs=30207091, elapsed_secs=35171, mean=0.464803, stdev=0.264689, best fit=0.688100, best_overall=0.688100, mean_diversity=0.063330,
indivs=30217149, elapsed_secs=35184, mean=0.373936, stdev=0.287310, best fit=0.688100, best_overall=0.688100, mean_diversity=0.208789,
indivs=30227182, elapsed_secs=35195, mean=0.572089, stdev=0.100711, best fit=0.688100, best_overall=0.688100, mean_diversity=0.289588,
indivs=30237194, elapsed_secs=35208, mean=0.560406, stdev=0.181437, best fit=0.688100, best_overall=0.688100, mean_diversity=0.130573,
indivs=30247228, elapsed_secs=35221, mean=0.530246, stdev=0.233153, best fit=0.688100, best_overall=0.688100, mean_diversity=0.205561,
indivs=30257253, elapsed_secs=35233, mean=0.516484, stdev=0.145930, best fit=0.688100, best_overall=0.688100, mean_diversity=0.347010,
indivs=30267320, elapsed_secs=35244, mean=0.515866, stdev=0.180426, best fit=0.688100, best_overall=0.688100, mean_diversity=0.399208,
indivs=30277341, elapsed_secs=35256, mean=0.490906, stdev=0.137644, best fit=0.688100, best_overall=0.688100, mean_diversity=0.351947,
indivs=30287468, elapsed_secs=35267, mean=0.544734, stdev=0.190589, best fit=0.688100, best_overall=0.688100, mean_diversity=0.109879,
indivs=30297485, elapsed_secs=35280, mean=0.522044, stdev=0.124272, best fit=0.688100, best_overall=0.688100, mean_diversity=0.346310,
indivs=30307574, elapsed_secs=35291, mean=0.496529, stdev=0.249357, best fit=0.688100, best_overall=0.688100, mean_diversity=0.148109,
indivs=30317614, elapsed_secs=35304, mean=0.545244, stdev=0.220621, best fit=0.688100, best_overall=0.688100, mean_diversity=0.046949,
indivs=30327677, elapsed_secs=35316, mean=0.542267, stdev=0.179880, best fit=0.688100, best_overall=0.688100, mean_diversity=0.156463,
indivs=30337685, elapsed_secs=35327, mean=0.462481, stdev=0.138790, best fit=0.688100, best_overall=0.688100, mean_diversity=0.326464,
indivs=30347722, elapsed_secs=35341, mean=0.512589, stdev=0.074828, best fit=0.688100, best_overall=0.688100, mean_diversity=0.269144,
indivs=30357798, elapsed_secs=35353, mean=0.566085, stdev=0.071108, best fit=0.688100, best_overall=0.688100, mean_diversity=0.234469,
indivs=30367877, elapsed_secs=35366, mean=0.487738, stdev=0.131393, best fit=0.688100, best_overall=0.688100, mean_diversity=0.285191,
indivs=30377959, elapsed_secs=35378, mean=0.545205, stdev=0.170165, best fit=0.688100, best_overall=0.688100, mean_diversity=0.104035,
indivs=30388048, elapsed_secs=35390, mean=0.458166, stdev=0.160779, best fit=0.688100, best_overall=0.688100, mean_diversity=0.375053,
indivs=30398150, elapsed_secs=35403, mean=0.520500, stdev=0.188422, best fit=0.688100, best_overall=0.688100, mean_diversity=0.187390,
indivs=30408196, elapsed_secs=35414, mean=0.509567, stdev=0.087714, best fit=0.688100, best_overall=0.688100, mean_diversity=0.477474,
indivs=30418289, elapsed_secs=35430, mean=0.577209, stdev=0.102519, best fit=0.688100, best_overall=0.688100, mean_diversity=0.307373,
indivs=30428347, elapsed_secs=35442, mean=0.505143, stdev=0.065723, best fit=0.688100, best_overall=0.688100, mean_diversity=0.215405,
indivs=30438421, elapsed_secs=35455, mean=0.503554, stdev=0.218049, best fit=0.688100, best_overall=0.688100, mean_diversity=0.207242,
indivs=30448564, elapsed_secs=35465, mean=0.538660, stdev=0.182623, best fit=0.688100, best_overall=0.688100, mean_diversity=0.212507,
indivs=30458639, elapsed_secs=35475, mean=0.495764, stdev=0.078060, best fit=0.688100, best_overall=0.688100, mean_diversity=0.179014,
indivs=30468711, elapsed_secs=35488, mean=0.501798, stdev=0.018742, best fit=0.688100, best_overall=0.688100, mean_diversity=0.055260,
indivs=30478732, elapsed_secs=35502, mean=0.545465, stdev=0.117094, best fit=0.688100, best_overall=0.688100, mean_diversity=0.251481,
indivs=30488833, elapsed_secs=35512, mean=0.497523, stdev=0.059660, best fit=0.688100, best_overall=0.688100, mean_diversity=0.185349,
indivs=30498921, elapsed_secs=35523, mean=0.530339, stdev=0.227139, best fit=0.688100, best_overall=0.688100, mean_diversity=0.187328,
indivs=30509027, elapsed_secs=35533, mean=0.461731, stdev=0.179569, best fit=0.688100, best_overall=0.688100, mean_diversity=0.421927,
indivs=30519141, elapsed_secs=35545, mean=0.525515, stdev=0.216846, best fit=0.688100, best_overall=0.688100, mean_diversity=0.077432,
indivs=30529161, elapsed_secs=35558, mean=0.534284, stdev=0.177482, best fit=0.688100, best_overall=0.688100, mean_diversity=0.176096,
indivs=30539179, elapsed_secs=35569, mean=0.512395, stdev=0.180682, best fit=0.688100, best_overall=0.688100, mean_diversity=0.317036,
indivs=30549190, elapsed_secs=35580, mean=0.497643, stdev=0.135342, best fit=0.688100, best_overall=0.688100, mean_diversity=0.415256,
indivs=30559221, elapsed_secs=35589, mean=0.507755, stdev=0.030144, best fit=0.688100, best_overall=0.688100, mean_diversity=0.139549,
indivs=30569297, elapsed_secs=35601, mean=0.536402, stdev=0.155959, best fit=0.688100, best_overall=0.688100, mean_diversity=0.275792,
indivs=30579427, elapsed_secs=35612, mean=0.548727, stdev=0.206931, best fit=0.688100, best_overall=0.688100, mean_diversity=0.059738,
indivs=30589483, elapsed_secs=35624, mean=0.488538, stdev=0.182512, best fit=0.688100, best_overall=0.688100, mean_diversity=0.311783,
indivs=30599488, elapsed_secs=35636, mean=0.479496, stdev=0.100926, best fit=0.688100, best_overall=0.688100, mean_diversity=0.225132,
indivs=30609556, elapsed_secs=35648, mean=0.508087, stdev=0.062116, best fit=0.688100, best_overall=0.688100, mean_diversity=0.264924,
indivs=30619652, elapsed_secs=35662, mean=0.496558, stdev=0.053406, best fit=0.688100, best_overall=0.688100, mean_diversity=0.245370,
indivs=30629732, elapsed_secs=35673, mean=0.526012, stdev=0.165584, best fit=0.688100, best_overall=0.688100, mean_diversity=0.282298,
indivs=30639760, elapsed_secs=35683, mean=0.531043, stdev=0.109930, best fit=0.688100, best_overall=0.688100, mean_diversity=0.229423,
indivs=30649784, elapsed_secs=35696, mean=0.495302, stdev=0.085012, best fit=0.688100, best_overall=0.688100, mean_diversity=0.389641,
indivs=30659808, elapsed_secs=35708, mean=0.461833, stdev=0.178198, best fit=0.688100, best_overall=0.688100, mean_diversity=0.218161,
indivs=30669862, elapsed_secs=35720, mean=0.490771, stdev=0.125226, best fit=0.688100, best_overall=0.688100, mean_diversity=0.235627,
indivs=30679906, elapsed_secs=35731, mean=0.492469, stdev=0.163770, best fit=0.688100, best_overall=0.688100, mean_diversity=0.382062,
indivs=30690018, elapsed_secs=35744, mean=0.565227, stdev=0.154685, best fit=0.688100, best_overall=0.688100, mean_diversity=0.167935,
indivs=30700044, elapsed_secs=35755, mean=0.453000, stdev=0.218793, best fit=0.688100, best_overall=0.688100, mean_diversity=0.239404,
indivs=30710045, elapsed_secs=35767, mean=0.453430, stdev=0.173477, best fit=0.688100, best_overall=0.688100, mean_diversity=0.153444,
indivs=30720067, elapsed_secs=35781, mean=0.522139, stdev=0.073325, best fit=0.688100, best_overall=0.688100, mean_diversity=0.325403,
indivs=30730102, elapsed_secs=35793, mean=0.505645, stdev=0.063211, best fit=0.688100, best_overall=0.688100, mean_diversity=0.160209,
indivs=30740249, elapsed_secs=35805, mean=0.572551, stdev=0.161739, best fit=0.688100, best_overall=0.688100, mean_diversity=0.060094,
indivs=30750325, elapsed_secs=35817, mean=0.516100, stdev=0.058666, best fit=0.688100, best_overall=0.688100, mean_diversity=0.262156,
indivs=30760347, elapsed_secs=35830, mean=0.563697, stdev=0.129660, best fit=0.688100, best_overall=0.688100, mean_diversity=0.239950,
indivs=30770426, elapsed_secs=35842, mean=0.505347, stdev=0.029526, best fit=0.688100, best_overall=0.688100, mean_diversity=0.094043,
indivs=30780457, elapsed_secs=35853, mean=0.556874, stdev=0.117177, best fit=0.688100, best_overall=0.688100, mean_diversity=0.382080,
indivs=30790584, elapsed_secs=35865, mean=0.512494, stdev=0.180678, best fit=0.688100, best_overall=0.688100, mean_diversity=0.215660,
indivs=30800607, elapsed_secs=35878, mean=0.510603, stdev=0.156086, best fit=0.688100, best_overall=0.688100, mean_diversity=0.159719,
indivs=30810655, elapsed_secs=35890, mean=0.527923, stdev=0.150193, best fit=0.688100, best_overall=0.688100, mean_diversity=0.347109,
indivs=30820740, elapsed_secs=35902, mean=0.585457, stdev=0.131454, best fit=0.688100, best_overall=0.688100, mean_diversity=0.132164,
indivs=30830793, elapsed_secs=35913, mean=0.502098, stdev=0.018711, best fit=0.688100, best_overall=0.688100, mean_diversity=0.080284,
indivs=30840946, elapsed_secs=35926, mean=0.546199, stdev=0.160770, best fit=0.688100, best_overall=0.688100, mean_diversity=0.187107,
indivs=30851016, elapsed_secs=35937, mean=0.500278, stdev=0.226291, best fit=0.688100, best_overall=0.688100, mean_diversity=0.139376,
indivs=30861077, elapsed_secs=35949, mean=0.512007, stdev=0.166918, best fit=0.688100, best_overall=0.688100, mean_diversity=0.226080,
indivs=30871185, elapsed_secs=35961, mean=0.524570, stdev=0.182836, best fit=0.688100, best_overall=0.688100, mean_diversity=0.259006,
indivs=30881282, elapsed_secs=35972, mean=0.502039, stdev=0.086605, best fit=0.688100, best_overall=0.688100, mean_diversity=0.163561,
indivs=30891287, elapsed_secs=35984, mean=0.534235, stdev=0.146043, best fit=0.688100, best_overall=0.688100, mean_diversity=0.241377,
indivs=30901314, elapsed_secs=35997, mean=0.538105, stdev=0.179060, best fit=0.688100, best_overall=0.688100, mean_diversity=0.212409,
indivs=30911429, elapsed_secs=36005, mean=0.557846, stdev=0.156752, best fit=0.688100, best_overall=0.688100, mean_diversity=0.298271,
indivs=30921549, elapsed_secs=36018, mean=0.487018, stdev=0.169040, best fit=0.688100, best_overall=0.688100, mean_diversity=0.360487,
indivs=30931562, elapsed_secs=36032, mean=0.505554, stdev=0.088880, best fit=0.688100, best_overall=0.688100, mean_diversity=0.174125,
indivs=30941569, elapsed_secs=36043, mean=0.482343, stdev=0.100449, best fit=0.688100, best_overall=0.688100, mean_diversity=0.343307,
indivs=30951569, elapsed_secs=36056, mean=0.497212, stdev=0.098116, best fit=0.688100, best_overall=0.688100, mean_diversity=0.288699,
indivs=30961613, elapsed_secs=36068, mean=0.513908, stdev=0.113604, best fit=0.688100, best_overall=0.688100, mean_diversity=0.274447,
indivs=30971653, elapsed_secs=36081, mean=0.507427, stdev=0.221711, best fit=0.688100, best_overall=0.688100, mean_diversity=0.170937,
indivs=30981737, elapsed_secs=36093, mean=0.491352, stdev=0.227131, best fit=0.688100, best_overall=0.688100, mean_diversity=0.281886,
indivs=30991780, elapsed_secs=36106, mean=0.556793, stdev=0.080875, best fit=0.688100, best_overall=0.688100, mean_diversity=0.148147,
indivs=31001792, elapsed_secs=36117, mean=0.471041, stdev=0.114147, best fit=0.688100, best_overall=0.688100, mean_diversity=0.117497,
indivs=31011818, elapsed_secs=36128, mean=0.496821, stdev=0.127775, best fit=0.688100, best_overall=0.688100, mean_diversity=0.166064,
indivs=31021845, elapsed_secs=36139, mean=0.536603, stdev=0.237095, best fit=0.688100, best_overall=0.688100, mean_diversity=0.128571,
indivs=31031845, elapsed_secs=36151, mean=0.500069, stdev=0.055275, best fit=0.688100, best_overall=0.688100, mean_diversity=0.102901,
indivs=31041853, elapsed_secs=36163, mean=0.509445, stdev=0.141207, best fit=0.688100, best_overall=0.688100, mean_diversity=0.276523,
indivs=31051874, elapsed_secs=36177, mean=0.474916, stdev=0.198042, best fit=0.688100, best_overall=0.688100, mean_diversity=0.397688,
indivs=31062030, elapsed_secs=36189, mean=0.570115, stdev=0.166006, best fit=0.688100, best_overall=0.688100, mean_diversity=0.205288,
indivs=31072119, elapsed_secs=36201, mean=0.530971, stdev=0.145722, best fit=0.688100, best_overall=0.688100, mean_diversity=0.235341,
indivs=31082136, elapsed_secs=36213, mean=0.454724, stdev=0.177328, best fit=0.688100, best_overall=0.688100, mean_diversity=0.289266,
indivs=31092181, elapsed_secs=36226, mean=0.459408, stdev=0.281083, best fit=0.688300, best_overall=0.688300, mean_diversity=0.132390,
indivs=31102199, elapsed_secs=36238, mean=0.530508, stdev=0.209751, best fit=0.688300, best_overall=0.688300, mean_diversity=0.268633,
indivs=31112259, elapsed_secs=36248, mean=0.513701, stdev=0.142801, best fit=0.688300, best_overall=0.688300, mean_diversity=0.304509,
indivs=31122323, elapsed_secs=36259, mean=0.577225, stdev=0.118082, best fit=0.688300, best_overall=0.688300, mean_diversity=0.146212,
indivs=31132345, elapsed_secs=36269, mean=0.488669, stdev=0.121321, best fit=0.688300, best_overall=0.688300, mean_diversity=0.349440,
indivs=31142350, elapsed_secs=36279, mean=0.553720, stdev=0.140895, best fit=0.688300, best_overall=0.688300, mean_diversity=0.208053,
indivs=31152379, elapsed_secs=36291, mean=0.507363, stdev=0.030016, best fit=0.688300, best_overall=0.688300, mean_diversity=0.136388,
indivs=31162418, elapsed_secs=36305, mean=0.544881, stdev=0.147919, best fit=0.688300, best_overall=0.688300, mean_diversity=0.151319,
indivs=31172531, elapsed_secs=36316, mean=0.543212, stdev=0.192868, best fit=0.688300, best_overall=0.688300, mean_diversity=0.188692,
indivs=31182594, elapsed_secs=36326, mean=0.476504, stdev=0.125431, best fit=0.688300, best_overall=0.688300, mean_diversity=0.238227,
indivs=31192642, elapsed_secs=36338, mean=0.523492, stdev=0.101758, best fit=0.688300, best_overall=0.688300, mean_diversity=0.242198,
indivs=31202752, elapsed_secs=36352, mean=0.571158, stdev=0.146172, best fit=0.688300, best_overall=0.688300, mean_diversity=0.137845,
indivs=31212811, elapsed_secs=36364, mean=0.508477, stdev=0.229775, best fit=0.688300, best_overall=0.688300, mean_diversity=0.163224,
indivs=31222894, elapsed_secs=36375, mean=0.403262, stdev=0.196252, best fit=0.688300, best_overall=0.688300, mean_diversity=0.183314,
indivs=31232993, elapsed_secs=36387, mean=0.510915, stdev=0.046351, best fit=0.688300, best_overall=0.688300, mean_diversity=0.315741,
indivs=31243054, elapsed_secs=36399, mean=0.558870, stdev=0.194833, best fit=0.688300, best_overall=0.688300, mean_diversity=0.157234,
indivs=31253120, elapsed_secs=36411, mean=0.513515, stdev=0.120291, best fit=0.688300, best_overall=0.688300, mean_diversity=0.228946,
indivs=31263193, elapsed_secs=36423, mean=0.517154, stdev=0.113543, best fit=0.688300, best_overall=0.688300, mean_diversity=0.244201,
indivs=31273258, elapsed_secs=36436, mean=0.560200, stdev=0.142444, best fit=0.688300, best_overall=0.688300, mean_diversity=0.389579,
indivs=31283299, elapsed_secs=36446, mean=0.493131, stdev=0.158599, best fit=0.688300, best_overall=0.688300, mean_diversity=0.247109,
indivs=31293389, elapsed_secs=36458, mean=0.557598, stdev=0.205497, best fit=0.688300, best_overall=0.688300, mean_diversity=0.159665,
indivs=31303505, elapsed_secs=36471, mean=0.520950, stdev=0.126803, best fit=0.688300, best_overall=0.688300, mean_diversity=0.168803,
indivs=31313507, elapsed_secs=36481, mean=0.485339, stdev=0.062738, best fit=0.688300, best_overall=0.688300, mean_diversity=0.081518,
indivs=31323557, elapsed_secs=36492, mean=0.430288, stdev=0.220313, best fit=0.688300, best_overall=0.688300, mean_diversity=0.272684,
indivs=31333643, elapsed_secs=36502, mean=0.510700, stdev=0.042393, best fit=0.688300, best_overall=0.688300, mean_diversity=0.124711,
indivs=31343751, elapsed_secs=36515, mean=0.501660, stdev=0.059932, best fit=0.688300, best_overall=0.688300, mean_diversity=0.226452,
indivs=31353799, elapsed_secs=36526, mean=0.551095, stdev=0.130489, best fit=0.688300, best_overall=0.688300, mean_diversity=0.190362,
indivs=31363878, elapsed_secs=36537, mean=0.572016, stdev=0.085725, best fit=0.688300, best_overall=0.688300, mean_diversity=0.113838,
indivs=31373956, elapsed_secs=36549, mean=0.464680, stdev=0.207725, best fit=0.688300, best_overall=0.688300, mean_diversity=0.476009,
indivs=31383995, elapsed_secs=36559, mean=0.567631, stdev=0.164683, best fit=0.688300, best_overall=0.688300, mean_diversity=0.093737,
indivs=31394034, elapsed_secs=36570, mean=0.518216, stdev=0.091912, best fit=0.688300, best_overall=0.688300, mean_diversity=0.329137,
indivs=31404117, elapsed_secs=36583, mean=0.504753, stdev=0.025763, best fit=0.688300, best_overall=0.688300, mean_diversity=0.058701,
indivs=31414180, elapsed_secs=36594, mean=0.508980, stdev=0.068794, best fit=0.688300, best_overall=0.688300, mean_diversity=0.180168,
indivs=31424249, elapsed_secs=36607, mean=0.519985, stdev=0.189683, best fit=0.688300, best_overall=0.688300, mean_diversity=0.145197,
indivs=31434360, elapsed_secs=36618, mean=0.481329, stdev=0.141150, best fit=0.688300, best_overall=0.688300, mean_diversity=0.201514,
indivs=31444446, elapsed_secs=36628, mean=0.569943, stdev=0.105105, best fit=0.688300, best_overall=0.688300, mean_diversity=0.252494,
indivs=31454523, elapsed_secs=36639, mean=0.506385, stdev=0.125123, best fit=0.688300, best_overall=0.688300, mean_diversity=0.244164,
indivs=31464652, elapsed_secs=36650, mean=0.530267, stdev=0.167670, best fit=0.688300, best_overall=0.688300, mean_diversity=0.279742,
indivs=31474686, elapsed_secs=36662, mean=0.581345, stdev=0.084606, best fit=0.688300, best_overall=0.688300, mean_diversity=0.147629,
indivs=31484749, elapsed_secs=36674, mean=0.503656, stdev=0.025604, best fit=0.688300, best_overall=0.688300, mean_diversity=0.077519,
indivs=31494808, elapsed_secs=36684, mean=0.486388, stdev=0.134234, best fit=0.688300, best_overall=0.688300, mean_diversity=0.248513,
indivs=31504895, elapsed_secs=36695, mean=0.571322, stdev=0.185796, best fit=0.688300, best_overall=0.688300, mean_diversity=0.121595,
indivs=31514950, elapsed_secs=36706, mean=0.502134, stdev=0.134044, best fit=0.688300, best_overall=0.688300, mean_diversity=0.143160,
indivs=31525028, elapsed_secs=36718, mean=0.564606, stdev=0.117291, best fit=0.688300, best_overall=0.688300, mean_diversity=0.305485,
indivs=31535160, elapsed_secs=36729, mean=0.504126, stdev=0.168018, best fit=0.688300, best_overall=0.688300, mean_diversity=0.247778,
indivs=31545168, elapsed_secs=36740, mean=0.488995, stdev=0.055983, best fit=0.688300, best_overall=0.688300, mean_diversity=0.049309,
indivs=31555292, elapsed_secs=36754, mean=0.501338, stdev=0.217119, best fit=0.688300, best_overall=0.688300, mean_diversity=0.246709,
indivs=31565435, elapsed_secs=36765, mean=0.542177, stdev=0.199844, best fit=0.688300, best_overall=0.688300, mean_diversity=0.114276,
indivs=31575462, elapsed_secs=36778, mean=0.570363, stdev=0.136421, best fit=0.688300, best_overall=0.688300, mean_diversity=0.225793,
indivs=31585556, elapsed_secs=36790, mean=0.558432, stdev=0.191144, best fit=0.688300, best_overall=0.688300, mean_diversity=0.111379,
indivs=31595582, elapsed_secs=36800, mean=0.518286, stdev=0.216468, best fit=0.688300, best_overall=0.688300, mean_diversity=0.122818,
indivs=31605689, elapsed_secs=36812, mean=0.532491, stdev=0.147597, best fit=0.688300, best_overall=0.688300, mean_diversity=0.300440,
indivs=31615735, elapsed_secs=36822, mean=0.530942, stdev=0.202887, best fit=0.688300, best_overall=0.688300, mean_diversity=0.066819,
indivs=31625751, elapsed_secs=36833, mean=0.583839, stdev=0.084478, best fit=0.688300, best_overall=0.688300, mean_diversity=0.139877,
indivs=31635813, elapsed_secs=36843, mean=0.563182, stdev=0.104243, best fit=0.688300, best_overall=0.688300, mean_diversity=0.257698,
indivs=31645851, elapsed_secs=36855, mean=0.547649, stdev=0.122944, best fit=0.688300, best_overall=0.688300, mean_diversity=0.190559,
indivs=31655931, elapsed_secs=36868, mean=0.515369, stdev=0.232288, best fit=0.688300, best_overall=0.688300, mean_diversity=0.124410,
indivs=31665947, elapsed_secs=36878, mean=0.565485, stdev=0.139216, best fit=0.688300, best_overall=0.688300, mean_diversity=0.070992,
indivs=31675950, elapsed_secs=36890, mean=0.518584, stdev=0.096579, best fit=0.688300, best_overall=0.688300, mean_diversity=0.206489,
indivs=31685975, elapsed_secs=36902, mean=0.535397, stdev=0.147217, best fit=0.688300, best_overall=0.688300, mean_diversity=0.239213,
indivs=31695997, elapsed_secs=36913, mean=0.516947, stdev=0.095117, best fit=0.688300, best_overall=0.688300, mean_diversity=0.275938,
indivs=31706058, elapsed_secs=36925, mean=0.483627, stdev=0.123719, best fit=0.688300, best_overall=0.688300, mean_diversity=0.214555,
indivs=31716097, elapsed_secs=36936, mean=0.505958, stdev=0.120949, best fit=0.688300, best_overall=0.688300, mean_diversity=0.146015,
indivs=31726194, elapsed_secs=36947, mean=0.504361, stdev=0.132688, best fit=0.688300, best_overall=0.688300, mean_diversity=0.268386,
indivs=31736275, elapsed_secs=36958, mean=0.554048, stdev=0.163855, best fit=0.688300, best_overall=0.688300, mean_diversity=0.281801,
indivs=31746317, elapsed_secs=36970, mean=0.537863, stdev=0.156236, best fit=0.688300, best_overall=0.688300, mean_diversity=0.105126,
indivs=31756365, elapsed_secs=36982, mean=0.501259, stdev=0.019494, best fit=0.688300, best_overall=0.688300, mean_diversity=0.087105,
indivs=31766426, elapsed_secs=36992, mean=0.507625, stdev=0.210615, best fit=0.688300, best_overall=0.688300, mean_diversity=0.222752,
indivs=31776573, elapsed_secs=37004, mean=0.599954, stdev=0.173962, best fit=0.688300, best_overall=0.688300, mean_diversity=0.055193,
indivs=31786649, elapsed_secs=37015, mean=0.472806, stdev=0.164999, best fit=0.688300, best_overall=0.688300, mean_diversity=0.116450,
indivs=31796689, elapsed_secs=37028, mean=0.542485, stdev=0.127504, best fit=0.688300, best_overall=0.688300, mean_diversity=0.231650,
indivs=31806764, elapsed_secs=37040, mean=0.542683, stdev=0.159016, best fit=0.688300, best_overall=0.688300, mean_diversity=0.197859,
indivs=31816797, elapsed_secs=37052, mean=0.533522, stdev=0.171106, best fit=0.688300, best_overall=0.688300, mean_diversity=0.200117,
indivs=31826947, elapsed_secs=37064, mean=0.522320, stdev=0.198970, best fit=0.688300, best_overall=0.688300, mean_diversity=0.188005,
indivs=31837020, elapsed_secs=37074, mean=0.570788, stdev=0.142671, best fit=0.688300, best_overall=0.688300, mean_diversity=0.082369,
indivs=31847055, elapsed_secs=37085, mean=0.474421, stdev=0.214135, best fit=0.688300, best_overall=0.688300, mean_diversity=0.268514,
indivs=31857110, elapsed_secs=37096, mean=0.532186, stdev=0.176000, best fit=0.688300, best_overall=0.688300, mean_diversity=0.152434,
indivs=31867165, elapsed_secs=37108, mean=0.481489, stdev=0.218153, best fit=0.688300, best_overall=0.688300, mean_diversity=0.361192,
indivs=31877280, elapsed_secs=37120, mean=0.565453, stdev=0.198297, best fit=0.688300, best_overall=0.688300, mean_diversity=0.108237,
indivs=31887362, elapsed_secs=37130, mean=0.547816, stdev=0.112687, best fit=0.688300, best_overall=0.688300, mean_diversity=0.351187,
indivs=31897421, elapsed_secs=37142, mean=0.465978, stdev=0.212449, best fit=0.688300, best_overall=0.688300, mean_diversity=0.194605,
indivs=31907425, elapsed_secs=37154, mean=0.465811, stdev=0.129373, best fit=0.688300, best_overall=0.688300, mean_diversity=0.054841,
indivs=31917553, elapsed_secs=37167, mean=0.577756, stdev=0.167199, best fit=0.688300, best_overall=0.688300, mean_diversity=0.075125,
indivs=31927605, elapsed_secs=37177, mean=0.577614, stdev=0.116946, best fit=0.688300, best_overall=0.688300, mean_diversity=0.130534,
indivs=31937660, elapsed_secs=37189, mean=0.517204, stdev=0.153266, best fit=0.688300, best_overall=0.688300, mean_diversity=0.091864,
indivs=31947701, elapsed_secs=37200, mean=0.542892, stdev=0.074653, best fit=0.688300, best_overall=0.688300, mean_diversity=0.326822,
indivs=31957800, elapsed_secs=37211, mean=0.564466, stdev=0.140167, best fit=0.688300, best_overall=0.688300, mean_diversity=0.170867,
indivs=31967864, elapsed_secs=37222, mean=0.543195, stdev=0.181277, best fit=0.688300, best_overall=0.688300, mean_diversity=0.174731,
indivs=31977920, elapsed_secs=37234, mean=0.486131, stdev=0.180639, best fit=0.688300, best_overall=0.688300, mean_diversity=0.271584,
indivs=31987923, elapsed_secs=37244, mean=0.536485, stdev=0.126694, best fit=0.688300, best_overall=0.688300, mean_diversity=0.364216,
indivs=31997945, elapsed_secs=37254, mean=0.560316, stdev=0.201697, best fit=0.688300, best_overall=0.688300, mean_diversity=0.113142,
indivs=32008048, elapsed_secs=37264, mean=0.544643, stdev=0.153017, best fit=0.688300, best_overall=0.688300, mean_diversity=0.184167,
indivs=32018113, elapsed_secs=37276, mean=0.470562, stdev=0.239673, best fit=0.688300, best_overall=0.688300, mean_diversity=0.172591,
indivs=32028267, elapsed_secs=37286, mean=0.581719, stdev=0.175954, best fit=0.688300, best_overall=0.688300, mean_diversity=0.129486,
indivs=32038356, elapsed_secs=37298, mean=0.490121, stdev=0.050930, best fit=0.688300, best_overall=0.688300, mean_diversity=0.080079,
indivs=32048424, elapsed_secs=37310, mean=0.540227, stdev=0.102216, best fit=0.688300, best_overall=0.688300, mean_diversity=0.186945,
indivs=32058435, elapsed_secs=37321, mean=0.576728, stdev=0.168468, best fit=0.688300, best_overall=0.688300, mean_diversity=0.158579,
indivs=32068452, elapsed_secs=37332, mean=0.537555, stdev=0.081086, best fit=0.688300, best_overall=0.688300, mean_diversity=0.328918,
indivs=32078526, elapsed_secs=37343, mean=0.520663, stdev=0.202593, best fit=0.688300, best_overall=0.688300, mean_diversity=0.108802,
indivs=32088567, elapsed_secs=37354, mean=0.501883, stdev=0.018736, best fit=0.688300, best_overall=0.688300, mean_diversity=0.051867,
indivs=32098582, elapsed_secs=37366, mean=0.485155, stdev=0.162224, best fit=0.688300, best_overall=0.688300, mean_diversity=0.275750,
indivs=32108638, elapsed_secs=37376, mean=0.540601, stdev=0.147340, best fit=0.688300, best_overall=0.688300, mean_diversity=0.236321,
indivs=32118652, elapsed_secs=37388, mean=0.549022, stdev=0.190464, best fit=0.688300, best_overall=0.688300, mean_diversity=0.136575,
indivs=32128706, elapsed_secs=37399, mean=0.541645, stdev=0.137872, best fit=0.688300, best_overall=0.688300, mean_diversity=0.322754,
indivs=32138852, elapsed_secs=37411, mean=0.543613, stdev=0.211654, best fit=0.688300, best_overall=0.688300, mean_diversity=0.043898,
indivs=32148862, elapsed_secs=37421, mean=0.508313, stdev=0.102756, best fit=0.688300, best_overall=0.688300, mean_diversity=0.253708,
indivs=32158873, elapsed_secs=37432, mean=0.571499, stdev=0.146368, best fit=0.688300, best_overall=0.688300, mean_diversity=0.251375,
indivs=32168978, elapsed_secs=37445, mean=0.513226, stdev=0.079655, best fit=0.688300, best_overall=0.688300, mean_diversity=0.274381,
indivs=32179013, elapsed_secs=37456, mean=0.560619, stdev=0.079684, best fit=0.688300, best_overall=0.688300, mean_diversity=0.104936,
indivs=32189031, elapsed_secs=37466, mean=0.482070, stdev=0.193914, best fit=0.688300, best_overall=0.688300, mean_diversity=0.538376,
indivs=32199191, elapsed_secs=37478, mean=0.489827, stdev=0.268983, best fit=0.688300, best_overall=0.688300, mean_diversity=0.039424,
indivs=32209242, elapsed_secs=37488, mean=0.590797, stdev=0.166037, best fit=0.688300, best_overall=0.688300, mean_diversity=0.075937,
indivs=32219284, elapsed_secs=37500, mean=0.529777, stdev=0.120320, best fit=0.688300, best_overall=0.688300, mean_diversity=0.339570,
indivs=32229392, elapsed_secs=37510, mean=0.592620, stdev=0.143596, best fit=0.688300, best_overall=0.688300, mean_diversity=0.138205,
indivs=32239434, elapsed_secs=37520, mean=0.497057, stdev=0.079006, best fit=0.688300, best_overall=0.688300, mean_diversity=0.151160,
indivs=32249522, elapsed_secs=37531, mean=0.531796, stdev=0.122950, best fit=0.688300, best_overall=0.688300, mean_diversity=0.215895,
indivs=32259644, elapsed_secs=37543, mean=0.531104, stdev=0.177232, best fit=0.688300, best_overall=0.688300, mean_diversity=0.207491,
indivs=32269668, elapsed_secs=37555, mean=0.501883, stdev=0.018736, best fit=0.688300, best_overall=0.688300, mean_diversity=0.060344,
indivs=32279686, elapsed_secs=37566, mean=0.528843, stdev=0.176471, best fit=0.688300, best_overall=0.688300, mean_diversity=0.245510,
indivs=32289706, elapsed_secs=37579, mean=0.506340, stdev=0.031369, best fit=0.688300, best_overall=0.688300, mean_diversity=0.125956,
indivs=32299777, elapsed_secs=37591, mean=0.531814, stdev=0.187958, best fit=0.688300, best_overall=0.688300, mean_diversity=0.090156,
indivs=32309806, elapsed_secs=37603, mean=0.483089, stdev=0.161283, best fit=0.688300, best_overall=0.688300, mean_diversity=0.246620,
indivs=32319860, elapsed_secs=37616, mean=0.515406, stdev=0.148265, best fit=0.688300, best_overall=0.688300, mean_diversity=0.188787,
indivs=32329879, elapsed_secs=37627, mean=0.566049, stdev=0.176248, best fit=0.688300, best_overall=0.688300, mean_diversity=0.163040,
indivs=32340011, elapsed_secs=37639, mean=0.510068, stdev=0.190227, best fit=0.688300, best_overall=0.688300, mean_diversity=0.118421,
indivs=32350094, elapsed_secs=37650, mean=0.463003, stdev=0.164397, best fit=0.688300, best_overall=0.688300, mean_diversity=0.275420,
indivs=32360167, elapsed_secs=37662, mean=0.499146, stdev=0.190173, best fit=0.688300, best_overall=0.688300, mean_diversity=0.338152,
indivs=32370254, elapsed_secs=37673, mean=0.551140, stdev=0.113902, best fit=0.688300, best_overall=0.688300, mean_diversity=0.128851,
indivs=32380294, elapsed_secs=37685, mean=0.541624, stdev=0.152199, best fit=0.688300, best_overall=0.688300, mean_diversity=0.065705,
indivs=32390351, elapsed_secs=37696, mean=0.527235, stdev=0.111908, best fit=0.688300, best_overall=0.688300, mean_diversity=0.259799,
indivs=32400434, elapsed_secs=37707, mean=0.520919, stdev=0.217463, best fit=0.688300, best_overall=0.688300, mean_diversity=0.080355,
indivs=32410466, elapsed_secs=37719, mean=0.502282, stdev=0.112875, best fit=0.688300, best_overall=0.688300, mean_diversity=0.273906,
indivs=32420558, elapsed_secs=37731, mean=0.504120, stdev=0.106481, best fit=0.688300, best_overall=0.688300, mean_diversity=0.261730,
indivs=32430698, elapsed_secs=37743, mean=0.531796, stdev=0.177324, best fit=0.688300, best_overall=0.688300, mean_diversity=0.423881,
indivs=32440799, elapsed_secs=37753, mean=0.470289, stdev=0.241456, best fit=0.688300, best_overall=0.688300, mean_diversity=0.232937,
indivs=32450919, elapsed_secs=37765, mean=0.499618, stdev=0.143447, best fit=0.688300, best_overall=0.688300, mean_diversity=0.288991,
indivs=32460943, elapsed_secs=37776, mean=0.502263, stdev=0.042869, best fit=0.688300, best_overall=0.688300, mean_diversity=0.138391,
indivs=32471043, elapsed_secs=37787, mean=0.495328, stdev=0.073412, best fit=0.688300, best_overall=0.688300, mean_diversity=0.173459,
indivs=32481045, elapsed_secs=37797, mean=0.508005, stdev=0.059984, best fit=0.688300, best_overall=0.688300, mean_diversity=0.138536,
indivs=32491126, elapsed_secs=37809, mean=0.509222, stdev=0.036720, best fit=0.688300, best_overall=0.688300, mean_diversity=0.276440,
indivs=32501221, elapsed_secs=37821, mean=0.509521, stdev=0.066605, best fit=0.688300, best_overall=0.688300, mean_diversity=0.264219,
indivs=32511241, elapsed_secs=37832, mean=0.510481, stdev=0.123654, best fit=0.688300, best_overall=0.688300, mean_diversity=0.351000,
indivs=32521305, elapsed_secs=37843, mean=0.560163, stdev=0.141400, best fit=0.688300, best_overall=0.688300, mean_diversity=0.254796,
indivs=32531461, elapsed_secs=37854, mean=0.570900, stdev=0.133151, best fit=0.688300, best_overall=0.688300, mean_diversity=0.119544,
indivs=32541594, elapsed_secs=37867, mean=0.525783, stdev=0.146080, best fit=0.688300, best_overall=0.688300, mean_diversity=0.206583,
indivs=32551624, elapsed_secs=37877, mean=0.517589, stdev=0.200185, best fit=0.688300, best_overall=0.688300, mean_diversity=0.176131,
indivs=32561651, elapsed_secs=37889, mean=0.526377, stdev=0.176185, best fit=0.688300, best_overall=0.688300, mean_diversity=0.354451,
indivs=32571753, elapsed_secs=37900, mean=0.499151, stdev=0.062482, best fit=0.688300, best_overall=0.688300, mean_diversity=0.245550,
indivs=32581838, elapsed_secs=37911, mean=0.551997, stdev=0.173519, best fit=0.688300, best_overall=0.688300, mean_diversity=0.122578,
indivs=32591952, elapsed_secs=37925, mean=0.482182, stdev=0.158385, best fit=0.688300, best_overall=0.688300, mean_diversity=0.410779,
indivs=32601956, elapsed_secs=37936, mean=0.584488, stdev=0.139984, best fit=0.688300, best_overall=0.688300, mean_diversity=0.186551,
indivs=32612051, elapsed_secs=37947, mean=0.501377, stdev=0.019449, best fit=0.688300, best_overall=0.688300, mean_diversity=0.092550,
indivs=32622079, elapsed_secs=37957, mean=0.518100, stdev=0.141362, best fit=0.688300, best_overall=0.688300, mean_diversity=0.207352,
indivs=32632195, elapsed_secs=37970, mean=0.520618, stdev=0.195681, best fit=0.688300, best_overall=0.688300, mean_diversity=0.114893,
indivs=32642290, elapsed_secs=37981, mean=0.555160, stdev=0.181254, best fit=0.688300, best_overall=0.688300, mean_diversity=0.247249,
indivs=32652378, elapsed_secs=37992, mean=0.501561, stdev=0.126312, best fit=0.688300, best_overall=0.688300, mean_diversity=0.258224,
indivs=32662452, elapsed_secs=38003, mean=0.561057, stdev=0.168177, best fit=0.688300, best_overall=0.688300, mean_diversity=0.099513,
indivs=32672508, elapsed_secs=38015, mean=0.461158, stdev=0.196392, best fit=0.688300, best_overall=0.688300, mean_diversity=0.190272,
indivs=32682610, elapsed_secs=38026, mean=0.510637, stdev=0.124013, best fit=0.688300, best_overall=0.688300, mean_diversity=0.191621,
indivs=32692649, elapsed_secs=38038, mean=0.537264, stdev=0.166511, best fit=0.688300, best_overall=0.688300, mean_diversity=0.314979,
indivs=32702730, elapsed_secs=38048, mean=0.519018, stdev=0.152488, best fit=0.688300, best_overall=0.688300, mean_diversity=0.311261,
indivs=32712862, elapsed_secs=38060, mean=0.581139, stdev=0.098119, best fit=0.688300, best_overall=0.688300, mean_diversity=0.205659,
indivs=32723029, elapsed_secs=38073, mean=0.525060, stdev=0.241067, best fit=0.688300, best_overall=0.688300, mean_diversity=0.089662,
indivs=32733081, elapsed_secs=38083, mean=0.534684, stdev=0.094535, best fit=0.688300, best_overall=0.688300, mean_diversity=0.299474,
indivs=32743086, elapsed_secs=38094, mean=0.547272, stdev=0.203993, best fit=0.688300, best_overall=0.688300, mean_diversity=0.117889,
indivs=32753158, elapsed_secs=38104, mean=0.554534, stdev=0.095528, best fit=0.688300, best_overall=0.688300, mean_diversity=0.191077,
indivs=32763233, elapsed_secs=38113, mean=0.593982, stdev=0.092762, best fit=0.688300, best_overall=0.688300, mean_diversity=0.357269,
indivs=32773380, elapsed_secs=38125, mean=0.516920, stdev=0.242419, best fit=0.688300, best_overall=0.688300, mean_diversity=0.085259,
indivs=32783482, elapsed_secs=38137, mean=0.542311, stdev=0.160100, best fit=0.688300, best_overall=0.688300, mean_diversity=0.186796,
indivs=32793547, elapsed_secs=38150, mean=0.527072, stdev=0.129753, best fit=0.688300, best_overall=0.688300, mean_diversity=0.198899,
indivs=32803584, elapsed_secs=38161, mean=0.540588, stdev=0.134141, best fit=0.688300, best_overall=0.688300, mean_diversity=0.298986,
indivs=32813675, elapsed_secs=38173, mean=0.578173, stdev=0.058568, best fit=0.688300, best_overall=0.688300, mean_diversity=0.177294,
indivs=32823706, elapsed_secs=38184, mean=0.496418, stdev=0.182466, best fit=0.688300, best_overall=0.688300, mean_diversity=0.116906,
indivs=32833823, elapsed_secs=38195, mean=0.505502, stdev=0.196096, best fit=0.688300, best_overall=0.688300, mean_diversity=0.173804,
indivs=32843913, elapsed_secs=38204, mean=0.501883, stdev=0.018736, best fit=0.688300, best_overall=0.688300, mean_diversity=0.028899,
indivs=32853973, elapsed_secs=38216, mean=0.560785, stdev=0.163283, best fit=0.688300, best_overall=0.688300, mean_diversity=0.157860,
indivs=32864084, elapsed_secs=38228, mean=0.550119, stdev=0.169630, best fit=0.688300, best_overall=0.688300, mean_diversity=0.035635,
indivs=32874192, elapsed_secs=38240, mean=0.517126, stdev=0.137636, best fit=0.688300, best_overall=0.688300, mean_diversity=0.361718,
indivs=32884273, elapsed_secs=38249, mean=0.493309, stdev=0.206977, best fit=0.688300, best_overall=0.688300, mean_diversity=0.271038,
indivs=32894273, elapsed_secs=38260, mean=0.501099, stdev=0.081063, best fit=0.688300, best_overall=0.688300, mean_diversity=0.118986,
indivs=32904304, elapsed_secs=38273, mean=0.506527, stdev=0.168101, best fit=0.688300, best_overall=0.688300, mean_diversity=0.289953,
indivs=32914436, elapsed_secs=38284, mean=0.534646, stdev=0.142563, best fit=0.688300, best_overall=0.688300, mean_diversity=0.281150,
indivs=32924528, elapsed_secs=38295, mean=0.550231, stdev=0.147965, best fit=0.688300, best_overall=0.688300, mean_diversity=0.158098,
indivs=32934574, elapsed_secs=38307, mean=0.537692, stdev=0.160015, best fit=0.688300, best_overall=0.688300, mean_diversity=0.186296,
indivs=32944678, elapsed_secs=38320, mean=0.486005, stdev=0.253150, best fit=0.688300, best_overall=0.688300, mean_diversity=0.062258,
indivs=32954768, elapsed_secs=38330, mean=0.527742, stdev=0.167753, best fit=0.688300, best_overall=0.688300, mean_diversity=0.205063,
indivs=32964864, elapsed_secs=38341, mean=0.505453, stdev=0.031029, best fit=0.688300, best_overall=0.688300, mean_diversity=0.146127,
indivs=32975007, elapsed_secs=38354, mean=0.553266, stdev=0.150587, best fit=0.688300, best_overall=0.688300, mean_diversity=0.143617,
indivs=32985055, elapsed_secs=38364, mean=0.470680, stdev=0.125272, best fit=0.688300, best_overall=0.688300, mean_diversity=0.155928,
indivs=32995117, elapsed_secs=38375, mean=0.544661, stdev=0.207860, best fit=0.688300, best_overall=0.688300, mean_diversity=0.112869,
indivs=33005241, elapsed_secs=38387, mean=0.529621, stdev=0.119964, best fit=0.688300, best_overall=0.688300, mean_diversity=0.326749,
indivs=33015279, elapsed_secs=38397, mean=0.579628, stdev=0.176280, best fit=0.688300, best_overall=0.688300, mean_diversity=0.041197,
indivs=33025387, elapsed_secs=38410, mean=0.482558, stdev=0.139027, best fit=0.688300, best_overall=0.688300, mean_diversity=0.261015,
indivs=33035404, elapsed_secs=38421, mean=0.503664, stdev=0.025014, best fit=0.688300, best_overall=0.688300, mean_diversity=0.083879,
indivs=33045461, elapsed_secs=38432, mean=0.507400, stdev=0.141829, best fit=0.688300, best_overall=0.688300, mean_diversity=0.120978,
indivs=33055548, elapsed_secs=38443, mean=0.567960, stdev=0.119956, best fit=0.688300, best_overall=0.688300, mean_diversity=0.302883,
indivs=33065633, elapsed_secs=38455, mean=0.530518, stdev=0.053330, best fit=0.688300, best_overall=0.688300, mean_diversity=0.170145,
indivs=33075656, elapsed_secs=38466, mean=0.481039, stdev=0.112805, best fit=0.688300, best_overall=0.688300, mean_diversity=0.174009,
indivs=33085693, elapsed_secs=38476, mean=0.522271, stdev=0.198648, best fit=0.688300, best_overall=0.688300, mean_diversity=0.073533,
indivs=33095794, elapsed_secs=38488, mean=0.512010, stdev=0.120526, best fit=0.688300, best_overall=0.688300, mean_diversity=0.187211,
indivs=33105832, elapsed_secs=38498, mean=0.517293, stdev=0.140376, best fit=0.688300, best_overall=0.688300, mean_diversity=0.187724,
indivs=33115914, elapsed_secs=38509, mean=0.516515, stdev=0.198301, best fit=0.688300, best_overall=0.688300, mean_diversity=0.352174,
indivs=33126045, elapsed_secs=38522, mean=0.503282, stdev=0.231252, best fit=0.688300, best_overall=0.688300, mean_diversity=0.153778,
indivs=33136201, elapsed_secs=38534, mean=0.591045, stdev=0.130221, best fit=0.688300, best_overall=0.688300, mean_diversity=0.263235,
indivs=33146303, elapsed_secs=38543, mean=0.502254, stdev=0.104999, best fit=0.688300, best_overall=0.688300, mean_diversity=0.146192,
indivs=33156399, elapsed_secs=38556, mean=0.495323, stdev=0.161792, best fit=0.688300, best_overall=0.688300, mean_diversity=0.241919,
indivs=33166441, elapsed_secs=38568, mean=0.589927, stdev=0.084153, best fit=0.688300, best_overall=0.688300, mean_diversity=0.141007,
indivs=33176505, elapsed_secs=38580, mean=0.511086, stdev=0.198450, best fit=0.688300, best_overall=0.688300, mean_diversity=0.138561,
indivs=33186531, elapsed_secs=38592, mean=0.536900, stdev=0.182390, best fit=0.688300, best_overall=0.688300, mean_diversity=0.329349,
indivs=33196604, elapsed_secs=38604, mean=0.484869, stdev=0.152705, best fit=0.688300, best_overall=0.688300, mean_diversity=0.346865,
indivs=33206679, elapsed_secs=38617, mean=0.471963, stdev=0.110859, best fit=0.688300, best_overall=0.688300, mean_diversity=0.178259,
indivs=33216690, elapsed_secs=38628, mean=0.561220, stdev=0.157265, best fit=0.688300, best_overall=0.688300, mean_diversity=0.172337,
indivs=33226747, elapsed_secs=38640, mean=0.454621, stdev=0.132850, best fit=0.688300, best_overall=0.688300, mean_diversity=0.372143,
indivs=33236845, elapsed_secs=38651, mean=0.513996, stdev=0.094873, best fit=0.688300, best_overall=0.688300, mean_diversity=0.362000,
indivs=33246866, elapsed_secs=38666, mean=0.500914, stdev=0.210332, best fit=0.688300, best_overall=0.688300, mean_diversity=0.147220,
indivs=33256940, elapsed_secs=38678, mean=0.524982, stdev=0.244998, best fit=0.688300, best_overall=0.688300, mean_diversity=0.126738,
indivs=33267032, elapsed_secs=38689, mean=0.544143, stdev=0.115282, best fit=0.688300, best_overall=0.688300, mean_diversity=0.293632,
indivs=33277064, elapsed_secs=38702, mean=0.572742, stdev=0.167220, best fit=0.688300, best_overall=0.688300, mean_diversity=0.116011,
indivs=33287171, elapsed_secs=38713, mean=0.492910, stdev=0.091820, best fit=0.688300, best_overall=0.688300, mean_diversity=0.097009,
indivs=33297320, elapsed_secs=38725, mean=0.608939, stdev=0.082174, best fit=0.688300, best_overall=0.688300, mean_diversity=0.098292,
indivs=33307468, elapsed_secs=38736, mean=0.602516, stdev=0.176828, best fit=0.688300, best_overall=0.688300, mean_diversity=0.099828,
indivs=33317613, elapsed_secs=38748, mean=0.560852, stdev=0.165834, best fit=0.688300, best_overall=0.688300, mean_diversity=0.202361,
indivs=33327701, elapsed_secs=38760, mean=0.421269, stdev=0.260597, best fit=0.688300, best_overall=0.688300, mean_diversity=0.069137,
indivs=33337805, elapsed_secs=38772, mean=0.478691, stdev=0.136906, best fit=0.688300, best_overall=0.688300, mean_diversity=0.258773,
indivs=33347811, elapsed_secs=38783, mean=0.496541, stdev=0.053345, best fit=0.688300, best_overall=0.688300, mean_diversity=0.181562,
indivs=33357874, elapsed_secs=38795, mean=0.509284, stdev=0.146669, best fit=0.688300, best_overall=0.688300, mean_diversity=0.145182,
indivs=33367913, elapsed_secs=38807, mean=0.480362, stdev=0.120320, best fit=0.688300, best_overall=0.688300, mean_diversity=0.226434,
indivs=33377993, elapsed_secs=38817, mean=0.498155, stdev=0.155283, best fit=0.688300, best_overall=0.688300, mean_diversity=0.304198,
indivs=33388073, elapsed_secs=38828, mean=0.509266, stdev=0.086328, best fit=0.688300, best_overall=0.688300, mean_diversity=0.265427,
indivs=33398113, elapsed_secs=38840, mean=0.494227, stdev=0.160995, best fit=0.688300, best_overall=0.688300, mean_diversity=0.504217,
indivs=33408201, elapsed_secs=38850, mean=0.511957, stdev=0.073165, best fit=0.688300, best_overall=0.688300, mean_diversity=0.198250,
indivs=33418226, elapsed_secs=38861, mean=0.487949, stdev=0.155057, best fit=0.688300, best_overall=0.688300, mean_diversity=0.268034,
indivs=33428242, elapsed_secs=38873, mean=0.518212, stdev=0.132195, best fit=0.688300, best_overall=0.688300, mean_diversity=0.097471,
indivs=33438245, elapsed_secs=38883, mean=0.566953, stdev=0.177616, best fit=0.688300, best_overall=0.688300, mean_diversity=0.135708,
indivs=33448298, elapsed_secs=38894, mean=0.503515, stdev=0.103020, best fit=0.688300, best_overall=0.688300, mean_diversity=0.165861,
indivs=33458440, elapsed_secs=38906, mean=0.481130, stdev=0.235648, best fit=0.688300, best_overall=0.688300, mean_diversity=0.121799,
indivs=33468462, elapsed_secs=38916, mean=0.566565, stdev=0.174572, best fit=0.688300, best_overall=0.688300, mean_diversity=0.166599,
indivs=33478485, elapsed_secs=38928, mean=0.539641, stdev=0.064864, best fit=0.688300, best_overall=0.688300, mean_diversity=0.281893,
indivs=33488593, elapsed_secs=38940, mean=0.510203, stdev=0.159195, best fit=0.688300, best_overall=0.688300, mean_diversity=0.401611,
indivs=33498690, elapsed_secs=38952, mean=0.555918, stdev=0.080520, best fit=0.688300, best_overall=0.688300, mean_diversity=0.216247,
indivs=33508828, elapsed_secs=38965, mean=0.538647, stdev=0.172831, best fit=0.688300, best_overall=0.688300, mean_diversity=0.209919,
indivs=33518929, elapsed_secs=38975, mean=0.485773, stdev=0.212280, best fit=0.688300, best_overall=0.688300, mean_diversity=0.250812,
indivs=33529005, elapsed_secs=38987, mean=0.502026, stdev=0.018780, best fit=0.688300, best_overall=0.688300, mean_diversity=0.066827,
indivs=33539099, elapsed_secs=38997, mean=0.530962, stdev=0.089715, best fit=0.688300, best_overall=0.688300, mean_diversity=0.251875,
indivs=33549127, elapsed_secs=39010, mean=0.494183, stdev=0.207242, best fit=0.688300, best_overall=0.688300, mean_diversity=0.229637,
indivs=33559192, elapsed_secs=39021, mean=0.500683, stdev=0.141375, best fit=0.688300, best_overall=0.688300, mean_diversity=0.359913,
indivs=33569289, elapsed_secs=39031, mean=0.495508, stdev=0.216192, best fit=0.688300, best_overall=0.688300, mean_diversity=0.202675,
indivs=33579370, elapsed_secs=39044, mean=0.464303, stdev=0.140550, best fit=0.688300, best_overall=0.688300, mean_diversity=0.099380,
indivs=33589375, elapsed_secs=39054, mean=0.481475, stdev=0.095363, best fit=0.688300, best_overall=0.688300, mean_diversity=0.080284,
indivs=33599376, elapsed_secs=39065, mean=0.562084, stdev=0.116453, best fit=0.688300, best_overall=0.688300, mean_diversity=0.043177,
indivs=33609417, elapsed_secs=39075, mean=0.501883, stdev=0.018736, best fit=0.688300, best_overall=0.688300, mean_diversity=0.134367,
indivs=33619474, elapsed_secs=39085, mean=0.498793, stdev=0.097297, best fit=0.688300, best_overall=0.688300, mean_diversity=0.278387,
indivs=33629530, elapsed_secs=39095, mean=0.515150, stdev=0.134394, best fit=0.688300, best_overall=0.688300, mean_diversity=0.290594,
indivs=33639566, elapsed_secs=39107, mean=0.545674, stdev=0.172088, best fit=0.688300, best_overall=0.688300, mean_diversity=0.145721,
indivs=33649695, elapsed_secs=39121, mean=0.518000, stdev=0.174010, best fit=0.688300, best_overall=0.688300, mean_diversity=0.213826,
indivs=33659822, elapsed_secs=39132, mean=0.506998, stdev=0.182085, best fit=0.688300, best_overall=0.688300, mean_diversity=0.354807,
indivs=33669885, elapsed_secs=39144, mean=0.522583, stdev=0.099680, best fit=0.688300, best_overall=0.688300, mean_diversity=0.308636,
indivs=33679929, elapsed_secs=39156, mean=0.552007, stdev=0.113440, best fit=0.688300, best_overall=0.688300, mean_diversity=0.279128,
indivs=33689955, elapsed_secs=39165, mean=0.501857, stdev=0.186196, best fit=0.688300, best_overall=0.688300, mean_diversity=0.189953,
indivs=33699975, elapsed_secs=39176, mean=0.489023, stdev=0.253098, best fit=0.688300, best_overall=0.688300, mean_diversity=0.153901,
indivs=33710092, elapsed_secs=39188, mean=0.487278, stdev=0.187369, best fit=0.688300, best_overall=0.688300, mean_diversity=0.059486,
indivs=33720161, elapsed_secs=39199, mean=0.496199, stdev=0.062622, best fit=0.688300, best_overall=0.688300, mean_diversity=0.335826,
indivs=33730168, elapsed_secs=39210, mean=0.476074, stdev=0.110963, best fit=0.688300, best_overall=0.688300, mean_diversity=0.151852,
indivs=33740256, elapsed_secs=39220, mean=0.501780, stdev=0.018774, best fit=0.688300, best_overall=0.688300, mean_diversity=0.100326,
indivs=33750318, elapsed_secs=39231, mean=0.512558, stdev=0.158595, best fit=0.688300, best_overall=0.688300, mean_diversity=0.303308,
indivs=33760376, elapsed_secs=39243, mean=0.536569, stdev=0.156044, best fit=0.688300, best_overall=0.688300, mean_diversity=0.179650,
indivs=33770495, elapsed_secs=39256, mean=0.559093, stdev=0.180894, best fit=0.688300, best_overall=0.688300, mean_diversity=0.184444,
indivs=33780540, elapsed_secs=39267, mean=0.515237, stdev=0.116615, best fit=0.688300, best_overall=0.688300, mean_diversity=0.237848,
indivs=33790647, elapsed_secs=39279, mean=0.514894, stdev=0.108589, best fit=0.688300, best_overall=0.688300, mean_diversity=0.349152,
indivs=33800747, elapsed_secs=39291, mean=0.561767, stdev=0.209027, best fit=0.688300, best_overall=0.688300, mean_diversity=0.031842,
indivs=33810788, elapsed_secs=39302, mean=0.488250, stdev=0.047363, best fit=0.688300, best_overall=0.688300, mean_diversity=0.062456,
indivs=33820932, elapsed_secs=39313, mean=0.523102, stdev=0.187119, best fit=0.688300, best_overall=0.688300, mean_diversity=0.104711,
indivs=33831020, elapsed_secs=39326, mean=0.506530, stdev=0.227648, best fit=0.688300, best_overall=0.688300, mean_diversity=0.107441,
indivs=33841082, elapsed_secs=39338, mean=0.494305, stdev=0.144843, best fit=0.688300, best_overall=0.688300, mean_diversity=0.278300,
indivs=33851127, elapsed_secs=39351, mean=0.471168, stdev=0.145806, best fit=0.688300, best_overall=0.688300, mean_diversity=0.349537,
indivs=33861211, elapsed_secs=39362, mean=0.486942, stdev=0.091725, best fit=0.688300, best_overall=0.688300, mean_diversity=0.095732,
indivs=33871241, elapsed_secs=39372, mean=0.531899, stdev=0.156705, best fit=0.688300, best_overall=0.688300, mean_diversity=0.140841,
indivs=33881303, elapsed_secs=39383, mean=0.501265, stdev=0.154479, best fit=0.688300, best_overall=0.688300, mean_diversity=0.321532,
indivs=33891390, elapsed_secs=39394, mean=0.410537, stdev=0.226508, best fit=0.688300, best_overall=0.688300, mean_diversity=0.228212,
indivs=33901440, elapsed_secs=39405, mean=0.511461, stdev=0.195828, best fit=0.688300, best_overall=0.688300, mean_diversity=0.120660,
indivs=33911506, elapsed_secs=39417, mean=0.496547, stdev=0.135901, best fit=0.688300, best_overall=0.688300, mean_diversity=0.398056,
indivs=33921546, elapsed_secs=39428, mean=0.535069, stdev=0.146136, best fit=0.688300, best_overall=0.688300, mean_diversity=0.144452,
indivs=33931578, elapsed_secs=39441, mean=0.499725, stdev=0.081066, best fit=0.688300, best_overall=0.688300, mean_diversity=0.249320,
indivs=33941610, elapsed_secs=39452, mean=0.516772, stdev=0.189038, best fit=0.688300, best_overall=0.688300, mean_diversity=0.340861,
indivs=33951616, elapsed_secs=39464, mean=0.515709, stdev=0.084479, best fit=0.688300, best_overall=0.688300, mean_diversity=0.236917,
indivs=33961716, elapsed_secs=39476, mean=0.542685, stdev=0.126552, best fit=0.688300, best_overall=0.688300, mean_diversity=0.091344,
indivs=33971768, elapsed_secs=39488, mean=0.524690, stdev=0.130357, best fit=0.688300, best_overall=0.688300, mean_diversity=0.298411,
indivs=33981783, elapsed_secs=39498, mean=0.551187, stdev=0.216928, best fit=0.688300, best_overall=0.688300, mean_diversity=0.099958,
indivs=33991800, elapsed_secs=39508, mean=0.503173, stdev=0.026319, best fit=0.688300, best_overall=0.688300, mean_diversity=0.055720,
indivs=34001854, elapsed_secs=39518, mean=0.587343, stdev=0.114976, best fit=0.688300, best_overall=0.688300, mean_diversity=0.093511,
indivs=34011867, elapsed_secs=39530, mean=0.504855, stdev=0.201642, best fit=0.688300, best_overall=0.688300, mean_diversity=0.197420,
indivs=34021951, elapsed_secs=39542, mean=0.569234, stdev=0.102776, best fit=0.688300, best_overall=0.688300, mean_diversity=0.100657,
indivs=34032047, elapsed_secs=39554, mean=0.502791, stdev=0.185590, best fit=0.688300, best_overall=0.688300, mean_diversity=0.099862,
indivs=34042121, elapsed_secs=39565, mean=0.512134, stdev=0.200158, best fit=0.688300, best_overall=0.688300, mean_diversity=0.208246,
indivs=34052154, elapsed_secs=39575, mean=0.515779, stdev=0.072392, best fit=0.688300, best_overall=0.688300, mean_diversity=0.245912,
indivs=34062214, elapsed_secs=39587, mean=0.515727, stdev=0.125667, best fit=0.688300, best_overall=0.688300, mean_diversity=0.241409,
indivs=34072225, elapsed_secs=39597, mean=0.512546, stdev=0.160824, best fit=0.688300, best_overall=0.688300, mean_diversity=0.265667,
indivs=34082352, elapsed_secs=39609, mean=0.559303, stdev=0.182832, best fit=0.688300, best_overall=0.688300, mean_diversity=0.134774,
indivs=34092421, elapsed_secs=39620, mean=0.544466, stdev=0.141041, best fit=0.688300, best_overall=0.688300, mean_diversity=0.240774,
indivs=34102567, elapsed_secs=39632, mean=0.526823, stdev=0.193920, best fit=0.688300, best_overall=0.688300, mean_diversity=0.253887,
indivs=34112704, elapsed_secs=39644, mean=0.500939, stdev=0.253148, best fit=0.688300, best_overall=0.688300, mean_diversity=0.042083,
indivs=34122763, elapsed_secs=39656, mean=0.500558, stdev=0.024296, best fit=0.688300, best_overall=0.688300, mean_diversity=0.193312,
indivs=34132891, elapsed_secs=39667, mean=0.540228, stdev=0.184975, best fit=0.688300, best_overall=0.688300, mean_diversity=0.351304,
indivs=34142895, elapsed_secs=39680, mean=0.546599, stdev=0.064034, best fit=0.688300, best_overall=0.688300, mean_diversity=0.116682,
indivs=34153011, elapsed_secs=39692, mean=0.460381, stdev=0.205477, best fit=0.688300, best_overall=0.688300, mean_diversity=0.356458,
indivs=34163136, elapsed_secs=39704, mean=0.524854, stdev=0.144211, best fit=0.688300, best_overall=0.688300, mean_diversity=0.370652,
indivs=34173201, elapsed_secs=39717, mean=0.559209, stdev=0.173821, best fit=0.688300, best_overall=0.688300, mean_diversity=0.165535,
indivs=34183213, elapsed_secs=39729, mean=0.514328, stdev=0.232973, best fit=0.688300, best_overall=0.688300, mean_diversity=0.064394,
indivs=34193266, elapsed_secs=39741, mean=0.490109, stdev=0.109340, best fit=0.688300, best_overall=0.688300, mean_diversity=0.205480,
indivs=34203325, elapsed_secs=39752, mean=0.503388, stdev=0.127089, best fit=0.688300, best_overall=0.688300, mean_diversity=0.299409,
indivs=34213398, elapsed_secs=39766, mean=0.545247, stdev=0.143008, best fit=0.688300, best_overall=0.688300, mean_diversity=0.343545,
indivs=34223438, elapsed_secs=39778, mean=0.475183, stdev=0.179279, best fit=0.688300, best_overall=0.688300, mean_diversity=0.396758,
indivs=34233448, elapsed_secs=39789, mean=0.516281, stdev=0.179476, best fit=0.688300, best_overall=0.688300, mean_diversity=0.090916,
indivs=34243556, elapsed_secs=39801, mean=0.517301, stdev=0.162247, best fit=0.688300, best_overall=0.688300, mean_diversity=0.245000,
indivs=34253698, elapsed_secs=39813, mean=0.600658, stdev=0.114636, best fit=0.688300, best_overall=0.688300, mean_diversity=0.284242,
indivs=34263764, elapsed_secs=39825, mean=0.565158, stdev=0.144101, best fit=0.688300, best_overall=0.688300, mean_diversity=0.134966,
indivs=34273894, elapsed_secs=39837, mean=0.533704, stdev=0.147802, best fit=0.688300, best_overall=0.688300, mean_diversity=0.171185,
indivs=34284018, elapsed_secs=39849, mean=0.526381, stdev=0.204445, best fit=0.688300, best_overall=0.688300, mean_diversity=0.130742,
indivs=34294135, elapsed_secs=39860, mean=0.527780, stdev=0.208726, best fit=0.688300, best_overall=0.688300, mean_diversity=0.175719,
indivs=34304170, elapsed_secs=39871, mean=0.530123, stdev=0.134486, best fit=0.688300, best_overall=0.688300, mean_diversity=0.257156,
indivs=34314183, elapsed_secs=39882, mean=0.532284, stdev=0.153837, best fit=0.688300, best_overall=0.688300, mean_diversity=0.204598,
indivs=34324253, elapsed_secs=39893, mean=0.563591, stdev=0.126195, best fit=0.688300, best_overall=0.688300, mean_diversity=0.131980,
indivs=34334334, elapsed_secs=39905, mean=0.528708, stdev=0.195454, best fit=0.688300, best_overall=0.688300, mean_diversity=0.240031,
indivs=34344463, elapsed_secs=39918, mean=0.549708, stdev=0.219507, best fit=0.688300, best_overall=0.688300, mean_diversity=0.072537,
indivs=34354547, elapsed_secs=39929, mean=0.534741, stdev=0.235444, best fit=0.688300, best_overall=0.688300, mean_diversity=0.077684,
indivs=34364547, elapsed_secs=39941, mean=0.517871, stdev=0.118842, best fit=0.688300, best_overall=0.688300, mean_diversity=0.133545,
indivs=34374573, elapsed_secs=39953, mean=0.500667, stdev=0.146753, best fit=0.688300, best_overall=0.688300, mean_diversity=0.425701,
indivs=34384628, elapsed_secs=39964, mean=0.550537, stdev=0.178149, best fit=0.688300, best_overall=0.688300, mean_diversity=0.160639,
indivs=34394774, elapsed_secs=39976, mean=0.496530, stdev=0.243100, best fit=0.688300, best_overall=0.688300, mean_diversity=0.101378,
indivs=34404847, elapsed_secs=39987, mean=0.597743, stdev=0.085755, best fit=0.688300, best_overall=0.688300, mean_diversity=0.206270,
indivs=34414886, elapsed_secs=39998, mean=0.546072, stdev=0.143304, best fit=0.688300, best_overall=0.688300, mean_diversity=0.175907,
indivs=34424923, elapsed_secs=40009, mean=0.500155, stdev=0.115808, best fit=0.688300, best_overall=0.688300, mean_diversity=0.206013,
indivs=34434931, elapsed_secs=40021, mean=0.502920, stdev=0.118270, best fit=0.688300, best_overall=0.688300, mean_diversity=0.229205,
indivs=34444946, elapsed_secs=40033, mean=0.507895, stdev=0.040267, best fit=0.688300, best_overall=0.688300, mean_diversity=0.168102,
indivs=34454991, elapsed_secs=40044, mean=0.491108, stdev=0.225810, best fit=0.688300, best_overall=0.688300, mean_diversity=0.230000,
indivs=34465029, elapsed_secs=40055, mean=0.546949, stdev=0.110293, best fit=0.688300, best_overall=0.688300, mean_diversity=0.217695,
indivs=34475070, elapsed_secs=40065, mean=0.504149, stdev=0.032891, best fit=0.688300, best_overall=0.688300, mean_diversity=0.105597,
indivs=34485148, elapsed_secs=40076, mean=0.524963, stdev=0.158713, best fit=0.688300, best_overall=0.688300, mean_diversity=0.287463,
indivs=34495166, elapsed_secs=40087, mean=0.480595, stdev=0.100181, best fit=0.688300, best_overall=0.688300, mean_diversity=0.431600,
indivs=34505252, elapsed_secs=40099, mean=0.528211, stdev=0.176423, best fit=0.688300, best_overall=0.688300, mean_diversity=0.317519,
indivs=34515329, elapsed_secs=40111, mean=0.505990, stdev=0.187119, best fit=0.688300, best_overall=0.688300, mean_diversity=0.258399,
indivs=34525367, elapsed_secs=40121, mean=0.533594, stdev=0.121125, best fit=0.688300, best_overall=0.688300, mean_diversity=0.424618,
indivs=34535442, elapsed_secs=40133, mean=0.504454, stdev=0.090072, best fit=0.688300, best_overall=0.688300, mean_diversity=0.227507,
indivs=34545445, elapsed_secs=40146, mean=0.531579, stdev=0.117387, best fit=0.688300, best_overall=0.688300, mean_diversity=0.234888,
indivs=34555575, elapsed_secs=40157, mean=0.506036, stdev=0.167036, best fit=0.688300, best_overall=0.688300, mean_diversity=0.270718,
indivs=34565600, elapsed_secs=40168, mean=0.560134, stdev=0.081305, best fit=0.688300, best_overall=0.688300, mean_diversity=0.178355,
indivs=34575643, elapsed_secs=40180, mean=0.525159, stdev=0.154572, best fit=0.688300, best_overall=0.688300, mean_diversity=0.388421,
indivs=34585761, elapsed_secs=40192, mean=0.547191, stdev=0.206695, best fit=0.688300, best_overall=0.688300, mean_diversity=0.181278,
indivs=34595799, elapsed_secs=40204, mean=0.515611, stdev=0.178164, best fit=0.688300, best_overall=0.688300, mean_diversity=0.303930,
indivs=34605862, elapsed_secs=40218, mean=0.472405, stdev=0.136210, best fit=0.688300, best_overall=0.688300, mean_diversity=0.291261,
indivs=34615964, elapsed_secs=40231, mean=0.516731, stdev=0.161188, best fit=0.688300, best_overall=0.688300, mean_diversity=0.262902,
indivs=34626017, elapsed_secs=40243, mean=0.500404, stdev=0.056601, best fit=0.688300, best_overall=0.688300, mean_diversity=0.148935,
indivs=34636074, elapsed_secs=40254, mean=0.583789, stdev=0.140391, best fit=0.688300, best_overall=0.688300, mean_diversity=0.081540,
indivs=34646117, elapsed_secs=40265, mean=0.559592, stdev=0.201737, best fit=0.688300, best_overall=0.688300, mean_diversity=0.169426,
indivs=34656161, elapsed_secs=40276, mean=0.593924, stdev=0.114876, best fit=0.688300, best_overall=0.688300, mean_diversity=0.186578,
indivs=34666188, elapsed_secs=40287, mean=0.495633, stdev=0.053758, best fit=0.688300, best_overall=0.688300, mean_diversity=0.209765,
indivs=34676227, elapsed_secs=40300, mean=0.532697, stdev=0.217630, best fit=0.688300, best_overall=0.688300, mean_diversity=0.215868,
indivs=34686246, elapsed_secs=40311, mean=0.486880, stdev=0.206734, best fit=0.688300, best_overall=0.688300, mean_diversity=0.061891,
indivs=34696257, elapsed_secs=40322, mean=0.553708, stdev=0.189820, best fit=0.688300, best_overall=0.688300, mean_diversity=0.118598,
indivs=34706257, elapsed_secs=40332, mean=0.588820, stdev=0.114515, best fit=0.688300, best_overall=0.688300, mean_diversity=0.235960,
indivs=34716299, elapsed_secs=40345, mean=0.521490, stdev=0.154602, best fit=0.688300, best_overall=0.688300, mean_diversity=0.183164,
indivs=34726325, elapsed_secs=40358, mean=0.501828, stdev=0.179436, best fit=0.688300, best_overall=0.688300, mean_diversity=0.477554,
indivs=34736441, elapsed_secs=40369, mean=0.550469, stdev=0.110778, best fit=0.688300, best_overall=0.688300, mean_diversity=0.231176,
indivs=34746563, elapsed_secs=40382, mean=0.525676, stdev=0.164564, best fit=0.688300, best_overall=0.688300, mean_diversity=0.109156,
indivs=34756714, elapsed_secs=40394, mean=0.449411, stdev=0.240619, best fit=0.688300, best_overall=0.688300, mean_diversity=0.182031,
indivs=34766787, elapsed_secs=40406, mean=0.539641, stdev=0.229728, best fit=0.688300, best_overall=0.688300, mean_diversity=0.074560,
indivs=34776861, elapsed_secs=40416, mean=0.522867, stdev=0.090806, best fit=0.688300, best_overall=0.688300, mean_diversity=0.136600,
indivs=34786905, elapsed_secs=40428, mean=0.553819, stdev=0.220866, best fit=0.688300, best_overall=0.688300, mean_diversity=0.067828,
indivs=34796942, elapsed_secs=40440, mean=0.520664, stdev=0.183240, best fit=0.688300, best_overall=0.688300, mean_diversity=0.244340,
indivs=34807057, elapsed_secs=40452, mean=0.491410, stdev=0.120991, best fit=0.688300, best_overall=0.688300, mean_diversity=0.173353,
indivs=34817178, elapsed_secs=40463, mean=0.564144, stdev=0.180407, best fit=0.688300, best_overall=0.688300, mean_diversity=0.080068,
indivs=34827256, elapsed_secs=40475, mean=0.558367, stdev=0.172003, best fit=0.688300, best_overall=0.688300, mean_diversity=0.076034,
indivs=34837272, elapsed_secs=40486, mean=0.530730, stdev=0.158843, best fit=0.688300, best_overall=0.688300, mean_diversity=0.135287,
indivs=34847329, elapsed_secs=40497, mean=0.502090, stdev=0.159834, best fit=0.688300, best_overall=0.688300, mean_diversity=0.248347,
indivs=34857436, elapsed_secs=40509, mean=0.524530, stdev=0.147455, best fit=0.688300, best_overall=0.688300, mean_diversity=0.446134,
indivs=34867506, elapsed_secs=40522, mean=0.482379, stdev=0.200428, best fit=0.688300, best_overall=0.688300, mean_diversity=0.197327,
indivs=34877598, elapsed_secs=40533, mean=0.566786, stdev=0.106800, best fit=0.688300, best_overall=0.688300, mean_diversity=0.255126,
indivs=34887711, elapsed_secs=40545, mean=0.595035, stdev=0.105827, best fit=0.688300, best_overall=0.688300, mean_diversity=0.201703,
indivs=34897727, elapsed_secs=40558, mean=0.477581, stdev=0.171595, best fit=0.688300, best_overall=0.688300, mean_diversity=0.200899,
indivs=34907798, elapsed_secs=40571, mean=0.504218, stdev=0.142928, best fit=0.688300, best_overall=0.688300, mean_diversity=0.303965,
indivs=34917924, elapsed_secs=40581, mean=0.549263, stdev=0.152437, best fit=0.688300, best_overall=0.688300, mean_diversity=0.242281,
indivs=34928003, elapsed_secs=40591, mean=0.592244, stdev=0.116181, best fit=0.688300, best_overall=0.688300, mean_diversity=0.135564,
indivs=34938145, elapsed_secs=40603, mean=0.579015, stdev=0.154501, best fit=0.688300, best_overall=0.688300, mean_diversity=0.123377,
indivs=34948170, elapsed_secs=40615, mean=0.560464, stdev=0.098584, best fit=0.688300, best_overall=0.688300, mean_diversity=0.130200,
indivs=34958175, elapsed_secs=40629, mean=0.549108, stdev=0.128370, best fit=0.688300, best_overall=0.688300, mean_diversity=0.113992,
indivs=34968199, elapsed_secs=40639, mean=0.501883, stdev=0.018736, best fit=0.688300, best_overall=0.688300, mean_diversity=0.137629,
indivs=34978205, elapsed_secs=40651, mean=0.514011, stdev=0.090530, best fit=0.688300, best_overall=0.688300, mean_diversity=0.319849,
indivs=34988231, elapsed_secs=40661, mean=0.575150, stdev=0.105434, best fit=0.688300, best_overall=0.688300, mean_diversity=0.396960,
indivs=34998326, elapsed_secs=40673, mean=0.493354, stdev=0.206909, best fit=0.688300, best_overall=0.688300, mean_diversity=0.184363,
indivs=35008331, elapsed_secs=40684, mean=0.467510, stdev=0.142801, best fit=0.688300, best_overall=0.688300, mean_diversity=0.173863,
indivs=35018435, elapsed_secs=40696, mean=0.546378, stdev=0.110924, best fit=0.688300, best_overall=0.688300, mean_diversity=0.097986,
indivs=35028530, elapsed_secs=40706, mean=0.490718, stdev=0.171848, best fit=0.688300, best_overall=0.688300, mean_diversity=0.148358,
indivs=35038589, elapsed_secs=40718, mean=0.513577, stdev=0.164022, best fit=0.688300, best_overall=0.688300, mean_diversity=0.164564,
indivs=35048664, elapsed_secs=40727, mean=0.460991, stdev=0.169550, best fit=0.688300, best_overall=0.688300, mean_diversity=0.376565,
indivs=35058742, elapsed_secs=40738, mean=0.508099, stdev=0.032974, best fit=0.688300, best_overall=0.688300, mean_diversity=0.116684,
indivs=35068878, elapsed_secs=40748, mean=0.537317, stdev=0.181742, best fit=0.688300, best_overall=0.688300, mean_diversity=0.253333,
indivs=35078956, elapsed_secs=40761, mean=0.524272, stdev=0.218338, best fit=0.688300, best_overall=0.688300, mean_diversity=0.077018,
indivs=35088986, elapsed_secs=40772, mean=0.508633, stdev=0.064118, best fit=0.688300, best_overall=0.688300, mean_diversity=0.171367,
indivs=35099010, elapsed_secs=40783, mean=0.483740, stdev=0.143593, best fit=0.688300, best_overall=0.688300, mean_diversity=0.379010,
indivs=35109075, elapsed_secs=40794, mean=0.498626, stdev=0.140956, best fit=0.688300, best_overall=0.688300, mean_diversity=0.226226,
indivs=35119168, elapsed_secs=40806, mean=0.539847, stdev=0.083144, best fit=0.688300, best_overall=0.688300, mean_diversity=0.246212,
indivs=35129235, elapsed_secs=40816, mean=0.497076, stdev=0.113647, best fit=0.688300, best_overall=0.688300, mean_diversity=0.330669,
indivs=35139344, elapsed_secs=40827, mean=0.520635, stdev=0.113349, best fit=0.688300, best_overall=0.688300, mean_diversity=0.081138,
indivs=35149358, elapsed_secs=40837, mean=0.545599, stdev=0.057583, best fit=0.688300, best_overall=0.688300, mean_diversity=0.132360,
indivs=35159370, elapsed_secs=40849, mean=0.495761, stdev=0.174078, best fit=0.688300, best_overall=0.688300, mean_diversity=0.254755,
indivs=35169453, elapsed_secs=40861, mean=0.486754, stdev=0.169611, best fit=0.688300, best_overall=0.688300, mean_diversity=0.202217,
indivs=35179510, elapsed_secs=40873, mean=0.481877, stdev=0.100131, best fit=0.688300, best_overall=0.688300, mean_diversity=0.213369,
indivs=35189551, elapsed_secs=40885, mean=0.486196, stdev=0.098846, best fit=0.688300, best_overall=0.688300, mean_diversity=0.162695,
indivs=35199679, elapsed_secs=40896, mean=0.529921, stdev=0.212973, best fit=0.688300, best_overall=0.688300, mean_diversity=0.065644,
indivs=35209680, elapsed_secs=40908, mean=0.517853, stdev=0.089657, best fit=0.688300, best_overall=0.688300, mean_diversity=0.129719,
indivs=35219736, elapsed_secs=40919, mean=0.407231, stdev=0.209893, best fit=0.688300, best_overall=0.688300, mean_diversity=0.497603,
indivs=35229783, elapsed_secs=40929, mean=0.520470, stdev=0.176140, best fit=0.688300, best_overall=0.688300, mean_diversity=0.268717,
indivs=35239874, elapsed_secs=40941, mean=0.545853, stdev=0.212725, best fit=0.688300, best_overall=0.688300, mean_diversity=0.080075,
indivs=35249969, elapsed_secs=40952, mean=0.537115, stdev=0.090785, best fit=0.688300, best_overall=0.688300, mean_diversity=0.418448,
indivs=35260081, elapsed_secs=40963, mean=0.531694, stdev=0.195450, best fit=0.688300, best_overall=0.688300, mean_diversity=0.377744,
indivs=35270110, elapsed_secs=40975, mean=0.541018, stdev=0.176489, best fit=0.688300, best_overall=0.688300, mean_diversity=0.057439,
indivs=35280179, elapsed_secs=40987, mean=0.487662, stdev=0.142482, best fit=0.688300, best_overall=0.688300, mean_diversity=0.405381,
indivs=35290228, elapsed_secs=40999, mean=0.471039, stdev=0.204874, best fit=0.688300, best_overall=0.688300, mean_diversity=0.198955,
indivs=35300253, elapsed_secs=41010, mean=0.609119, stdev=0.119822, best fit=0.688300, best_overall=0.688300, mean_diversity=0.042010,
indivs=35310254, elapsed_secs=41021, mean=0.550601, stdev=0.201729, best fit=0.688300, best_overall=0.688300, mean_diversity=0.124752,
indivs=35320286, elapsed_secs=41034, mean=0.532318, stdev=0.199151, best fit=0.688300, best_overall=0.688300, mean_diversity=0.263871,
indivs=35330296, elapsed_secs=41046, mean=0.501883, stdev=0.018792, best fit=0.688300, best_overall=0.688300, mean_diversity=0.065367,
indivs=35340399, elapsed_secs=41057, mean=0.466937, stdev=0.177935, best fit=0.688300, best_overall=0.688300, mean_diversity=0.125792,
indivs=35350464, elapsed_secs=41068, mean=0.534495, stdev=0.091196, best fit=0.688300, best_overall=0.688300, mean_diversity=0.284259,
indivs=35360558, elapsed_secs=41082, mean=0.505405, stdev=0.027190, best fit=0.688300, best_overall=0.688300, mean_diversity=0.087083,
indivs=35370626, elapsed_secs=41094, mean=0.541302, stdev=0.167825, best fit=0.688300, best_overall=0.688300, mean_diversity=0.210337,
indivs=35380650, elapsed_secs=41106, mean=0.499227, stdev=0.055935, best fit=0.688300, best_overall=0.688300, mean_diversity=0.068505,
indivs=35390660, elapsed_secs=41120, mean=0.536627, stdev=0.197400, best fit=0.688300, best_overall=0.688300, mean_diversity=0.198769,
indivs=35400671, elapsed_secs=41131, mean=0.488118, stdev=0.133903, best fit=0.688300, best_overall=0.688300, mean_diversity=0.317008,
indivs=35410706, elapsed_secs=41143, mean=0.573623, stdev=0.165264, best fit=0.688300, best_overall=0.688300, mean_diversity=0.097925,
indivs=35420744, elapsed_secs=41156, mean=0.553883, stdev=0.153223, best fit=0.688300, best_overall=0.688300, mean_diversity=0.133525,
indivs=35430777, elapsed_secs=41167, mean=0.504654, stdev=0.208914, best fit=0.688300, best_overall=0.688300, mean_diversity=0.284892,
indivs=35440882, elapsed_secs=41178, mean=0.496671, stdev=0.082614, best fit=0.688300, best_overall=0.688300, mean_diversity=0.111744,
indivs=35450956, elapsed_secs=41189, mean=0.560124, stdev=0.192318, best fit=0.688300, best_overall=0.688300, mean_diversity=0.078487,
indivs=35460994, elapsed_secs=41200, mean=0.506788, stdev=0.195273, best fit=0.688300, best_overall=0.688300, mean_diversity=0.297984,
indivs=35471105, elapsed_secs=41210, mean=0.517278, stdev=0.235206, best fit=0.688300, best_overall=0.688300, mean_diversity=0.038390,
indivs=35481201, elapsed_secs=41222, mean=0.489385, stdev=0.090569, best fit=0.688300, best_overall=0.688300, mean_diversity=0.330397,
indivs=35491229, elapsed_secs=41233, mean=0.551635, stdev=0.181167, best fit=0.688300, best_overall=0.688300, mean_diversity=0.142027,
indivs=35501300, elapsed_secs=41242, mean=0.571793, stdev=0.128172, best fit=0.688300, best_overall=0.688300, mean_diversity=0.101957,
indivs=35511347, elapsed_secs=41254, mean=0.501383, stdev=0.019433, best fit=0.688300, best_overall=0.688300, mean_diversity=0.141679,
indivs=35521390, elapsed_secs=41267, mean=0.527572, stdev=0.110116, best fit=0.688300, best_overall=0.688300, mean_diversity=0.422459,
indivs=35531426, elapsed_secs=41277, mean=0.570931, stdev=0.100992, best fit=0.688300, best_overall=0.688300, mean_diversity=0.145117,
indivs=35541467, elapsed_secs=41289, mean=0.526497, stdev=0.192349, best fit=0.688300, best_overall=0.688300, mean_diversity=0.167930,
indivs=35551500, elapsed_secs=41299, mean=0.481965, stdev=0.100152, best fit=0.688300, best_overall=0.688300, mean_diversity=0.212700,
indivs=35561608, elapsed_secs=41311, mean=0.529638, stdev=0.132226, best fit=0.688300, best_overall=0.688300, mean_diversity=0.263162,
indivs=35571694, elapsed_secs=41323, mean=0.532369, stdev=0.144636, best fit=0.688300, best_overall=0.688300, mean_diversity=0.302222,
indivs=35581696, elapsed_secs=41335, mean=0.476949, stdev=0.111061, best fit=0.688300, best_overall=0.688300, mean_diversity=0.167897,
indivs=35591700, elapsed_secs=41346, mean=0.518025, stdev=0.171660, best fit=0.688300, best_overall=0.688300, mean_diversity=0.262568,
indivs=35601836, elapsed_secs=41358, mean=0.544694, stdev=0.223446, best fit=0.688300, best_overall=0.688300, mean_diversity=0.066738,
indivs=35611883, elapsed_secs=41370, mean=0.507887, stdev=0.168202, best fit=0.688300, best_overall=0.688300, mean_diversity=0.208911,
indivs=35621901, elapsed_secs=41381, mean=0.466834, stdev=0.142730, best fit=0.688300, best_overall=0.688300, mean_diversity=0.222468,
indivs=35631991, elapsed_secs=41394, mean=0.476949, stdev=0.187283, best fit=0.688300, best_overall=0.688300, mean_diversity=0.196850,
indivs=35642079, elapsed_secs=41404, mean=0.522994, stdev=0.091697, best fit=0.688300, best_overall=0.688300, mean_diversity=0.243974,
indivs=35652163, elapsed_secs=41416, mean=0.569638, stdev=0.185975, best fit=0.688300, best_overall=0.688300, mean_diversity=0.107836,
indivs=35662164, elapsed_secs=41428, mean=0.501963, stdev=0.018744, best fit=0.688300, best_overall=0.688300, mean_diversity=0.151192,
indivs=35672242, elapsed_secs=41438, mean=0.521897, stdev=0.174999, best fit=0.688300, best_overall=0.688300, mean_diversity=0.306596,
indivs=35682274, elapsed_secs=41450, mean=0.539580, stdev=0.114960, best fit=0.688300, best_overall=0.688300, mean_diversity=0.154091,
indivs=35692312, elapsed_secs=41460, mean=0.498881, stdev=0.035402, best fit=0.688300, best_overall=0.688300, mean_diversity=0.061111,
indivs=35702334, elapsed_secs=41471, mean=0.491553, stdev=0.154565, best fit=0.688300, best_overall=0.688300, mean_diversity=0.270825,
indivs=35712379, elapsed_secs=41481, mean=0.563317, stdev=0.195693, best fit=0.688300, best_overall=0.688300, mean_diversity=0.080515,
indivs=35722554, elapsed_secs=41493, mean=0.583383, stdev=0.174790, best fit=0.688300, best_overall=0.688300, mean_diversity=0.093422,
indivs=35732647, elapsed_secs=41504, mean=0.538831, stdev=0.157319, best fit=0.688300, best_overall=0.688300, mean_diversity=0.133896,
indivs=35742753, elapsed_secs=41515, mean=0.541100, stdev=0.179983, best fit=0.688300, best_overall=0.688300, mean_diversity=0.097961,
indivs=35752774, elapsed_secs=41527, mean=0.508506, stdev=0.198709, best fit=0.688300, best_overall=0.688300, mean_diversity=0.367067,
indivs=35762874, elapsed_secs=41537, mean=0.535964, stdev=0.200762, best fit=0.688300, best_overall=0.688300, mean_diversity=0.290304,
indivs=35772931, elapsed_secs=41548, mean=0.499216, stdev=0.032372, best fit=0.688300, best_overall=0.688300, mean_diversity=0.107085,
indivs=35782981, elapsed_secs=41560, mean=0.504045, stdev=0.212227, best fit=0.688300, best_overall=0.688300, mean_diversity=0.242626,
indivs=35793006, elapsed_secs=41572, mean=0.459270, stdev=0.230745, best fit=0.688300, best_overall=0.688300, mean_diversity=0.077984,
indivs=35803046, elapsed_secs=41584, mean=0.541739, stdev=0.149324, best fit=0.688300, best_overall=0.688300, mean_diversity=0.313863,
indivs=35813072, elapsed_secs=41596, mean=0.501883, stdev=0.018736, best fit=0.688300, best_overall=0.688300, mean_diversity=0.148810,
indivs=35823147, elapsed_secs=41609, mean=0.522214, stdev=0.135007, best fit=0.688300, best_overall=0.688300, mean_diversity=0.307879,
indivs=35833185, elapsed_secs=41621, mean=0.503306, stdev=0.211783, best fit=0.688300, best_overall=0.688300, mean_diversity=0.123907,
indivs=35843243, elapsed_secs=41633, mean=0.474287, stdev=0.242065, best fit=0.688300, best_overall=0.688300, mean_diversity=0.116180,
indivs=35853374, elapsed_secs=41643, mean=0.450502, stdev=0.267715, best fit=0.688300, best_overall=0.688300, mean_diversity=0.103297,
indivs=35863441, elapsed_secs=41653, mean=0.564785, stdev=0.149178, best fit=0.688300, best_overall=0.688300, mean_diversity=0.193294,
indivs=35873452, elapsed_secs=41665, mean=0.493453, stdev=0.054420, best fit=0.688300, best_overall=0.688300, mean_diversity=0.067876,
indivs=35883464, elapsed_secs=41676, mean=0.530418, stdev=0.168540, best fit=0.688300, best_overall=0.688300, mean_diversity=0.284383,
indivs=35893563, elapsed_secs=41686, mean=0.490675, stdev=0.224726, best fit=0.688300, best_overall=0.688300, mean_diversity=0.169870,
indivs=35903679, elapsed_secs=41696, mean=0.503141, stdev=0.146860, best fit=0.688300, best_overall=0.688300, mean_diversity=0.323864,
indivs=35913726, elapsed_secs=41708, mean=0.555156, stdev=0.101062, best fit=0.688300, best_overall=0.688300, mean_diversity=0.284526,
indivs=35923847, elapsed_secs=41719, mean=0.547368, stdev=0.180189, best fit=0.688300, best_overall=0.688300, mean_diversity=0.158476,
indivs=35933867, elapsed_secs=41730, mean=0.503507, stdev=0.148356, best fit=0.688300, best_overall=0.688300, mean_diversity=0.249612,
indivs=35943973, elapsed_secs=41741, mean=0.504577, stdev=0.144970, best fit=0.688300, best_overall=0.688300, mean_diversity=0.173024,
indivs=35954029, elapsed_secs=41752, mean=0.523717, stdev=0.080933, best fit=0.688300, best_overall=0.688300, mean_diversity=0.278164,
indivs=35964065, elapsed_secs=41764, mean=0.501991, stdev=0.129251, best fit=0.688300, best_overall=0.688300, mean_diversity=0.339224,
indivs=35974100, elapsed_secs=41776, mean=0.509030, stdev=0.039429, best fit=0.688300, best_overall=0.688300, mean_diversity=0.095151,
indivs=35984156, elapsed_secs=41787, mean=0.503427, stdev=0.211540, best fit=0.688300, best_overall=0.688300, mean_diversity=0.189488,
indivs=35994162, elapsed_secs=41799, mean=0.468128, stdev=0.110436, best fit=0.688300, best_overall=0.688300, mean_diversity=0.130812,
indivs=36004238, elapsed_secs=41808, mean=0.519790, stdev=0.129298, best fit=0.688300, best_overall=0.688300, mean_diversity=0.308726,
indivs=36014391, elapsed_secs=41820, mean=0.569495, stdev=0.166904, best fit=0.688300, best_overall=0.688300, mean_diversity=0.183928,
indivs=36024474, elapsed_secs=41832, mean=0.512750, stdev=0.168447, best fit=0.688300, best_overall=0.688300, mean_diversity=0.318588,
indivs=36034474, elapsed_secs=41844, mean=0.476444, stdev=0.189674, best fit=0.688300, best_overall=0.688300, mean_diversity=0.466746,
indivs=36044510, elapsed_secs=41857, mean=0.567663, stdev=0.113657, best fit=0.688300, best_overall=0.688300, mean_diversity=0.259061,
indivs=36054582, elapsed_secs=41868, mean=0.552175, stdev=0.200737, best fit=0.688300, best_overall=0.688300, mean_diversity=0.168898,
indivs=36064687, elapsed_secs=41878, mean=0.514686, stdev=0.189288, best fit=0.688300, best_overall=0.688300, mean_diversity=0.233262,
indivs=36074756, elapsed_secs=41888, mean=0.551683, stdev=0.133304, best fit=0.688300, best_overall=0.688300, mean_diversity=0.171216,
indivs=36084837, elapsed_secs=41900, mean=0.500417, stdev=0.056817, best fit=0.688300, best_overall=0.688300, mean_diversity=0.147410,
indivs=36094869, elapsed_secs=41912, mean=0.503909, stdev=0.175147, best fit=0.688300, best_overall=0.688300, mean_diversity=0.350370,
indivs=36104946, elapsed_secs=41923, mean=0.498501, stdev=0.083245, best fit=0.688300, best_overall=0.688300, mean_diversity=0.058606,
indivs=36115055, elapsed_secs=41935, mean=0.485643, stdev=0.183305, best fit=0.688300, best_overall=0.688300, mean_diversity=0.342010,
indivs=36125175, elapsed_secs=41947, mean=0.502238, stdev=0.156718, best fit=0.688300, best_overall=0.688300, mean_diversity=0.425971,
indivs=36135235, elapsed_secs=41958, mean=0.510515, stdev=0.036072, best fit=0.688300, best_overall=0.688300, mean_diversity=0.220610,
indivs=36145326, elapsed_secs=41968, mean=0.528456, stdev=0.141892, best fit=0.688300, best_overall=0.688300, mean_diversity=0.285430,
indivs=36155405, elapsed_secs=41981, mean=0.502161, stdev=0.147313, best fit=0.688300, best_overall=0.688300, mean_diversity=0.372341,
indivs=36165547, elapsed_secs=41991, mean=0.529137, stdev=0.175473, best fit=0.688300, best_overall=0.688300, mean_diversity=0.111881,
indivs=36175616, elapsed_secs=42002, mean=0.364208, stdev=0.290235, best fit=0.688300, best_overall=0.688300, mean_diversity=0.110992,
indivs=36185713, elapsed_secs=42014, mean=0.590865, stdev=0.138080, best fit=0.688300, best_overall=0.688300, mean_diversity=0.109637,
indivs=36195732, elapsed_secs=42025, mean=0.509243, stdev=0.042981, best fit=0.688300, best_overall=0.688300, mean_diversity=0.112239,
indivs=36205771, elapsed_secs=42037, mean=0.548944, stdev=0.161909, best fit=0.688300, best_overall=0.688300, mean_diversity=0.210920,
indivs=36215820, elapsed_secs=42050, mean=0.522660, stdev=0.072044, best fit=0.688300, best_overall=0.688300, mean_diversity=0.389914,
indivs=36225956, elapsed_secs=42063, mean=0.526425, stdev=0.169613, best fit=0.688300, best_overall=0.688300, mean_diversity=0.076561,
indivs=36236083, elapsed_secs=42075, mean=0.541743, stdev=0.136237, best fit=0.688300, best_overall=0.688300, mean_diversity=0.371026,
indivs=36246210, elapsed_secs=42087, mean=0.555061, stdev=0.203817, best fit=0.688300, best_overall=0.688300, mean_diversity=0.087720,
indivs=36256307, elapsed_secs=42099, mean=0.565464, stdev=0.132646, best fit=0.688300, best_overall=0.688300, mean_diversity=0.194157,
indivs=36266462, elapsed_secs=42110, mean=0.513243, stdev=0.249340, best fit=0.688300, best_overall=0.688300, mean_diversity=0.075503,
indivs=36276512, elapsed_secs=42122, mean=0.454422, stdev=0.163067, best fit=0.688300, best_overall=0.688300, mean_diversity=0.163195,
indivs=36286578, elapsed_secs=42134, mean=0.508367, stdev=0.107847, best fit=0.688300, best_overall=0.688300, mean_diversity=0.167285,
indivs=36296591, elapsed_secs=42147, mean=0.549368, stdev=0.105416, best fit=0.688300, best_overall=0.688300, mean_diversity=0.277130,
indivs=36306652, elapsed_secs=42157, mean=0.517395, stdev=0.173446, best fit=0.688300, best_overall=0.688300, mean_diversity=0.282993,
indivs=36316775, elapsed_secs=42169, mean=0.527943, stdev=0.173970, best fit=0.688300, best_overall=0.688300, mean_diversity=0.140796,
indivs=36326828, elapsed_secs=42179, mean=0.528013, stdev=0.155181, best fit=0.688300, best_overall=0.688300, mean_diversity=0.188904,
indivs=36336887, elapsed_secs=42190, mean=0.559082, stdev=0.193800, best fit=0.688300, best_overall=0.688300, mean_diversity=0.090933,
indivs=36346949, elapsed_secs=42200, mean=0.526514, stdev=0.135972, best fit=0.688300, best_overall=0.688300, mean_diversity=0.326472,
indivs=36357067, elapsed_secs=42212, mean=0.565455, stdev=0.178535, best fit=0.688300, best_overall=0.688300, mean_diversity=0.170728,
indivs=36367123, elapsed_secs=42223, mean=0.533778, stdev=0.127800, best fit=0.688300, best_overall=0.688300, mean_diversity=0.275781,
indivs=36377143, elapsed_secs=42235, mean=0.522842, stdev=0.073948, best fit=0.688300, best_overall=0.688300, mean_diversity=0.368682,
indivs=36387184, elapsed_secs=42246, mean=0.468797, stdev=0.137889, best fit=0.688300, best_overall=0.688300, mean_diversity=0.195027,
indivs=36397219, elapsed_secs=42257, mean=0.468566, stdev=0.174351, best fit=0.688300, best_overall=0.688300, mean_diversity=0.314882,
indivs=36407338, elapsed_secs=42269, mean=0.537336, stdev=0.157022, best fit=0.688300, best_overall=0.688300, mean_diversity=0.149336,
indivs=36417417, elapsed_secs=42280, mean=0.495420, stdev=0.053899, best fit=0.688300, best_overall=0.688300, mean_diversity=0.088088,
indivs=36427484, elapsed_secs=42291, mean=0.507646, stdev=0.121906, best fit=0.688300, best_overall=0.688300, mean_diversity=0.142798,
indivs=36437530, elapsed_secs=42304, mean=0.553830, stdev=0.110878, best fit=0.688300, best_overall=0.688300, mean_diversity=0.117443,
indivs=36447556, elapsed_secs=42316, mean=0.543080, stdev=0.163836, best fit=0.688300, best_overall=0.688300, mean_diversity=0.201498,
indivs=36457659, elapsed_secs=42327, mean=0.558800, stdev=0.131726, best fit=0.688300, best_overall=0.688300, mean_diversity=0.237561,
indivs=36467694, elapsed_secs=42338, mean=0.535767, stdev=0.184347, best fit=0.688300, best_overall=0.688300, mean_diversity=0.295550,
indivs=36477773, elapsed_secs=42351, mean=0.525231, stdev=0.059101, best fit=0.688300, best_overall=0.688300, mean_diversity=0.341716,
indivs=36487854, elapsed_secs=42364, mean=0.497229, stdev=0.056531, best fit=0.688300, best_overall=0.688300, mean_diversity=0.076042,
indivs=36497857, elapsed_secs=42375, mean=0.513439, stdev=0.139167, best fit=0.688300, best_overall=0.688300, mean_diversity=0.357366,
indivs=36507944, elapsed_secs=42387, mean=0.498038, stdev=0.077429, best fit=0.688300, best_overall=0.688300, mean_diversity=0.307628,
indivs=36517965, elapsed_secs=42397, mean=0.549796, stdev=0.217315, best fit=0.688300, best_overall=0.688300, mean_diversity=0.101253,
indivs=36528038, elapsed_secs=42408, mean=0.538038, stdev=0.097927, best fit=0.688300, best_overall=0.688300, mean_diversity=0.243466,
indivs=36538117, elapsed_secs=42420, mean=0.557222, stdev=0.122602, best fit=0.688300, best_overall=0.688300, mean_diversity=0.136897,
indivs=36548140, elapsed_secs=42430, mean=0.525605, stdev=0.117083, best fit=0.688300, best_overall=0.688300, mean_diversity=0.338649,
indivs=36558226, elapsed_secs=42444, mean=0.503495, stdev=0.210799, best fit=0.688300, best_overall=0.688300, mean_diversity=0.114695,
indivs=36568336, elapsed_secs=42455, mean=0.525366, stdev=0.211580, best fit=0.688300, best_overall=0.688300, mean_diversity=0.044907,
indivs=36578445, elapsed_secs=42466, mean=0.562477, stdev=0.098923, best fit=0.688300, best_overall=0.688300, mean_diversity=0.165252,
indivs=36588474, elapsed_secs=42477, mean=0.443599, stdev=0.128234, best fit=0.688300, best_overall=0.688300, mean_diversity=0.099381,
indivs=36598535, elapsed_secs=42488, mean=0.619640, stdev=0.098199, best fit=0.688300, best_overall=0.688300, mean_diversity=0.062591,
indivs=36608602, elapsed_secs=42500, mean=0.513333, stdev=0.066958, best fit=0.688300, best_overall=0.688300, mean_diversity=0.181535,
indivs=36618687, elapsed_secs=42513, mean=0.535799, stdev=0.181390, best fit=0.688300, best_overall=0.688300, mean_diversity=0.244347,
indivs=36628745, elapsed_secs=42524, mean=0.517206, stdev=0.215163, best fit=0.688300, best_overall=0.688300, mean_diversity=0.138018,
indivs=36638810, elapsed_secs=42534, mean=0.521184, stdev=0.111564, best fit=0.688300, best_overall=0.688300, mean_diversity=0.231290,
indivs=36648865, elapsed_secs=42545, mean=0.577711, stdev=0.141993, best fit=0.688300, best_overall=0.688300, mean_diversity=0.065708,
indivs=36658951, elapsed_secs=42555, mean=0.536683, stdev=0.124849, best fit=0.688300, best_overall=0.688300, mean_diversity=0.218211,
indivs=36669025, elapsed_secs=42567, mean=0.520357, stdev=0.152727, best fit=0.688300, best_overall=0.688300, mean_diversity=0.399080,
indivs=36679105, elapsed_secs=42579, mean=0.539273, stdev=0.122964, best fit=0.688300, best_overall=0.688300, mean_diversity=0.238778,
indivs=36689167, elapsed_secs=42590, mean=0.556600, stdev=0.162722, best fit=0.688300, best_overall=0.688300, mean_diversity=0.196615,
indivs=36699262, elapsed_secs=42600, mean=0.498040, stdev=0.163295, best fit=0.688300, best_overall=0.688300, mean_diversity=0.452535,
indivs=36709287, elapsed_secs=42612, mean=0.551538, stdev=0.113230, best fit=0.688300, best_overall=0.688300, mean_diversity=0.333849,
indivs=36719374, elapsed_secs=42624, mean=0.496883, stdev=0.053337, best fit=0.688300, best_overall=0.688300, mean_diversity=0.154605,
indivs=36729448, elapsed_secs=42635, mean=0.465261, stdev=0.264593, best fit=0.688300, best_overall=0.688300, mean_diversity=0.110976,
indivs=36739569, elapsed_secs=42644, mean=0.519008, stdev=0.139701, best fit=0.688300, best_overall=0.688300, mean_diversity=0.239155,
indivs=36749658, elapsed_secs=42655, mean=0.498037, stdev=0.054625, best fit=0.688300, best_overall=0.688300, mean_diversity=0.096895,
indivs=36759740, elapsed_secs=42666, mean=0.532121, stdev=0.066741, best fit=0.688300, best_overall=0.688300, mean_diversity=0.250401,
indivs=36769835, elapsed_secs=42677, mean=0.554452, stdev=0.200345, best fit=0.688300, best_overall=0.688300, mean_diversity=0.121552,
indivs=36779951, elapsed_secs=42688, mean=0.539893, stdev=0.109204, best fit=0.688300, best_overall=0.688300, mean_diversity=0.200578,
indivs=36789999, elapsed_secs=42698, mean=0.508570, stdev=0.088242, best fit=0.688300, best_overall=0.688300, mean_diversity=0.221239,
indivs=36800069, elapsed_secs=42709, mean=0.513557, stdev=0.178498, best fit=0.688300, best_overall=0.688300, mean_diversity=0.210547,
indivs=36810113, elapsed_secs=42720, mean=0.570300, stdev=0.203915, best fit=0.688300, best_overall=0.688300, mean_diversity=0.076932,
indivs=36820142, elapsed_secs=42732, mean=0.517484, stdev=0.163453, best fit=0.688300, best_overall=0.688300, mean_diversity=0.258966,
indivs=36830258, elapsed_secs=42743, mean=0.534663, stdev=0.155211, best fit=0.688300, best_overall=0.688300, mean_diversity=0.225777,
indivs=36840316, elapsed_secs=42753, mean=0.524402, stdev=0.147287, best fit=0.688300, best_overall=0.688300, mean_diversity=0.258678,
indivs=36850433, elapsed_secs=42765, mean=0.530151, stdev=0.176837, best fit=0.688300, best_overall=0.688300, mean_diversity=0.168128,
indivs=36860491, elapsed_secs=42776, mean=0.503510, stdev=0.024650, best fit=0.688300, best_overall=0.688300, mean_diversity=0.069004,
indivs=36870558, elapsed_secs=42788, mean=0.509511, stdev=0.145215, best fit=0.688300, best_overall=0.688300, mean_diversity=0.299736,
indivs=36880708, elapsed_secs=42798, mean=0.550259, stdev=0.181979, best fit=0.688300, best_overall=0.688300, mean_diversity=0.142545,
indivs=36890793, elapsed_secs=42810, mean=0.466052, stdev=0.208858, best fit=0.688300, best_overall=0.688300, mean_diversity=0.414425,
indivs=36900822, elapsed_secs=42822, mean=0.516944, stdev=0.089288, best fit=0.688300, best_overall=0.688300, mean_diversity=0.330743,
indivs=36910878, elapsed_secs=42833, mean=0.500563, stdev=0.153886, best fit=0.688300, best_overall=0.688300, mean_diversity=0.411070,
indivs=36920914, elapsed_secs=42846, mean=0.521763, stdev=0.129628, best fit=0.688300, best_overall=0.688300, mean_diversity=0.401208,
indivs=36930992, elapsed_secs=42857, mean=0.524255, stdev=0.176720, best fit=0.688300, best_overall=0.688300, mean_diversity=0.278997,
indivs=36941027, elapsed_secs=42870, mean=0.506040, stdev=0.114415, best fit=0.688300, best_overall=0.688300, mean_diversity=0.442464,
indivs=36951069, elapsed_secs=42881, mean=0.561951, stdev=0.194016, best fit=0.688300, best_overall=0.688300, mean_diversity=0.146538,
indivs=36961187, elapsed_secs=42892, mean=0.541675, stdev=0.189868, best fit=0.688300, best_overall=0.688300, mean_diversity=0.264373,
indivs=36971332, elapsed_secs=42903, mean=0.584017, stdev=0.153778, best fit=0.688300, best_overall=0.688300, mean_diversity=0.253916,
indivs=36981429, elapsed_secs=42915, mean=0.520289, stdev=0.044947, best fit=0.688300, best_overall=0.688300, mean_diversity=0.259847,
indivs=36991506, elapsed_secs=42927, mean=0.505012, stdev=0.029685, best fit=0.688300, best_overall=0.688300, mean_diversity=0.077101,
indivs=37001531, elapsed_secs=42940, mean=0.537639, stdev=0.129493, best fit=0.688300, best_overall=0.688300, mean_diversity=0.336126,
indivs=37011552, elapsed_secs=42952, mean=0.576754, stdev=0.120620, best fit=0.688300, best_overall=0.688300, mean_diversity=0.123071,
indivs=37021620, elapsed_secs=42963, mean=0.499707, stdev=0.118085, best fit=0.688300, best_overall=0.688300, mean_diversity=0.234952,
indivs=37031706, elapsed_secs=42975, mean=0.536948, stdev=0.109765, best fit=0.688300, best_overall=0.688300, mean_diversity=0.136551,
indivs=37041808, elapsed_secs=42986, mean=0.522161, stdev=0.119979, best fit=0.688300, best_overall=0.688300, mean_diversity=0.286325,
indivs=37051812, elapsed_secs=42995, mean=0.526298, stdev=0.191914, best fit=0.688300, best_overall=0.688300, mean_diversity=0.233832,
indivs=37061849, elapsed_secs=43007, mean=0.474656, stdev=0.118374, best fit=0.688300, best_overall=0.688300, mean_diversity=0.160684,
indivs=37071874, elapsed_secs=43017, mean=0.610326, stdev=0.128572, best fit=0.688300, best_overall=0.688300, mean_diversity=0.060831,
indivs=37081912, elapsed_secs=43029, mean=0.514617, stdev=0.173274, best fit=0.688300, best_overall=0.688300, mean_diversity=0.277240,
indivs=37091970, elapsed_secs=43039, mean=0.490742, stdev=0.261957, best fit=0.688300, best_overall=0.688300, mean_diversity=0.060453,
indivs=37102118, elapsed_secs=43050, mean=0.539859, stdev=0.179155, best fit=0.688300, best_overall=0.688300, mean_diversity=0.296942,
indivs=37112206, elapsed_secs=43063, mean=0.515986, stdev=0.109915, best fit=0.688300, best_overall=0.688300, mean_diversity=0.260456,
indivs=37122292, elapsed_secs=43075, mean=0.521247, stdev=0.217070, best fit=0.688300, best_overall=0.688300, mean_diversity=0.112688,
indivs=37132422, elapsed_secs=43086, mean=0.540820, stdev=0.213809, best fit=0.688300, best_overall=0.688300, mean_diversity=0.219079,
indivs=37142508, elapsed_secs=43096, mean=0.550574, stdev=0.110096, best fit=0.688300, best_overall=0.688300, mean_diversity=0.270867,
indivs=37152547, elapsed_secs=43108, mean=0.521568, stdev=0.076091, best fit=0.688300, best_overall=0.688300, mean_diversity=0.212129,
indivs=37162599, elapsed_secs=43120, mean=0.521475, stdev=0.203975, best fit=0.688300, best_overall=0.688300, mean_diversity=0.211777,
indivs=37172668, elapsed_secs=43131, mean=0.534105, stdev=0.104365, best fit=0.688300, best_overall=0.688300, mean_diversity=0.302527,
indivs=37182731, elapsed_secs=43143, mean=0.585396, stdev=0.146751, best fit=0.688300, best_overall=0.688300, mean_diversity=0.114336,
indivs=37192815, elapsed_secs=43153, mean=0.516843, stdev=0.229979, best fit=0.688300, best_overall=0.688300, mean_diversity=0.168502,
indivs=37202862, elapsed_secs=43163, mean=0.483648, stdev=0.078835, best fit=0.688300, best_overall=0.688300, mean_diversity=0.104308,
indivs=37212899, elapsed_secs=43174, mean=0.489817, stdev=0.073077, best fit=0.688300, best_overall=0.688300, mean_diversity=0.260488,
indivs=37222915, elapsed_secs=43184, mean=0.471274, stdev=0.235492, best fit=0.688300, best_overall=0.688300, mean_diversity=0.178214,
indivs=37233006, elapsed_secs=43196, mean=0.476139, stdev=0.160798, best fit=0.688300, best_overall=0.688300, mean_diversity=0.274323,
indivs=37243088, elapsed_secs=43207, mean=0.508811, stdev=0.022907, best fit=0.688300, best_overall=0.688300, mean_diversity=0.061923,
indivs=37253217, elapsed_secs=43219, mean=0.564622, stdev=0.179930, best fit=0.688300, best_overall=0.688300, mean_diversity=0.135673,
indivs=37263298, elapsed_secs=43231, mean=0.511945, stdev=0.207494, best fit=0.688300, best_overall=0.688300, mean_diversity=0.037230,
indivs=37273314, elapsed_secs=43241, mean=0.496883, stdev=0.053337, best fit=0.688300, best_overall=0.688300, mean_diversity=0.069653,
indivs=37283380, elapsed_secs=43255, mean=0.592449, stdev=0.083899, best fit=0.688300, best_overall=0.688300, mean_diversity=0.102908,
indivs=37293430, elapsed_secs=43267, mean=0.496149, stdev=0.155942, best fit=0.688300, best_overall=0.688300, mean_diversity=0.273360,
indivs=37303563, elapsed_secs=43279, mean=0.531197, stdev=0.198119, best fit=0.688300, best_overall=0.688300, mean_diversity=0.166642,
indivs=37313573, elapsed_secs=43290, mean=0.536003, stdev=0.101511, best fit=0.688300, best_overall=0.688300, mean_diversity=0.291601,
indivs=37323649, elapsed_secs=43302, mean=0.524727, stdev=0.078468, best fit=0.688300, best_overall=0.688300, mean_diversity=0.392751,
indivs=37333687, elapsed_secs=43314, mean=0.510541, stdev=0.188931, best fit=0.688300, best_overall=0.688300, mean_diversity=0.342500,
indivs=37343769, elapsed_secs=43325, mean=0.520604, stdev=0.055468, best fit=0.688300, best_overall=0.688300, mean_diversity=0.199763,
indivs=37353787, elapsed_secs=43337, mean=0.567103, stdev=0.194646, best fit=0.688300, best_overall=0.688300, mean_diversity=0.185862,
indivs=37363882, elapsed_secs=43349, mean=0.516558, stdev=0.150310, best fit=0.688300, best_overall=0.688300, mean_diversity=0.367522,
indivs=37373945, elapsed_secs=43361, mean=0.542726, stdev=0.066396, best fit=0.688300, best_overall=0.688300, mean_diversity=0.282993,
indivs=37383964, elapsed_secs=43372, mean=0.539728, stdev=0.120756, best fit=0.688300, best_overall=0.688300, mean_diversity=0.204220,
indivs=37393966, elapsed_secs=43384, mean=0.538440, stdev=0.120516, best fit=0.688300, best_overall=0.688300, mean_diversity=0.415114,
indivs=37403972, elapsed_secs=43395, mean=0.520213, stdev=0.152501, best fit=0.688300, best_overall=0.688300, mean_diversity=0.239279,
indivs=37414033, elapsed_secs=43407, mean=0.502644, stdev=0.155367, best fit=0.688300, best_overall=0.688300, mean_diversity=0.332390,
indivs=37424161, elapsed_secs=43420, mean=0.518975, stdev=0.203206, best fit=0.688300, best_overall=0.688300, mean_diversity=0.230311,
indivs=37434214, elapsed_secs=43430, mean=0.558644, stdev=0.180866, best fit=0.688300, best_overall=0.688300, mean_diversity=0.185909,
indivs=37444275, elapsed_secs=43441, mean=0.505939, stdev=0.058399, best fit=0.688300, best_overall=0.688300, mean_diversity=0.232321,
indivs=37454290, elapsed_secs=43452, mean=0.531617, stdev=0.167376, best fit=0.688300, best_overall=0.688300, mean_diversity=0.145362,
indivs=37464336, elapsed_secs=43463, mean=0.525933, stdev=0.150815, best fit=0.688300, best_overall=0.688300, mean_diversity=0.198439,
indivs=37474431, elapsed_secs=43474, mean=0.502868, stdev=0.084751, best fit=0.688300, best_overall=0.688300, mean_diversity=0.369783,
indivs=37484475, elapsed_secs=43485, mean=0.568050, stdev=0.185316, best fit=0.688300, best_overall=0.688300, mean_diversity=0.087918,
indivs=37494570, elapsed_secs=43496, mean=0.507113, stdev=0.066298, best fit=0.688300, best_overall=0.688300, mean_diversity=0.223199,
indivs=37504695, elapsed_secs=43506, mean=0.532377, stdev=0.186592, best fit=0.688300, best_overall=0.688300, mean_diversity=0.109343,
indivs=37514809, elapsed_secs=43518, mean=0.558893, stdev=0.181724, best fit=0.688300, best_overall=0.688300, mean_diversity=0.192166,
indivs=37524848, elapsed_secs=43529, mean=0.501886, stdev=0.018735, best fit=0.688300, best_overall=0.688300, mean_diversity=0.186501,
indivs=37534903, elapsed_secs=43540, mean=0.528935, stdev=0.175623, best fit=0.688300, best_overall=0.688300, mean_diversity=0.200722,
indivs=37544983, elapsed_secs=43551, mean=0.499635, stdev=0.029895, best fit=0.688300, best_overall=0.688300, mean_diversity=0.185540,
indivs=37555030, elapsed_secs=43561, mean=0.549140, stdev=0.158353, best fit=0.688300, best_overall=0.688300, mean_diversity=0.104176,
indivs=37565075, elapsed_secs=43573, mean=0.473551, stdev=0.241744, best fit=0.688300, best_overall=0.688300, mean_diversity=0.090682,
indivs=37575095, elapsed_secs=43583, mean=0.378222, stdev=0.260037, best fit=0.688300, best_overall=0.688300, mean_diversity=0.305352,
indivs=37585175, elapsed_secs=43593, mean=0.548118, stdev=0.196236, best fit=0.688300, best_overall=0.688300, mean_diversity=0.063898,
indivs=37595194, elapsed_secs=43605, mean=0.524240, stdev=0.162422, best fit=0.688300, best_overall=0.688300, mean_diversity=0.105338,
indivs=37605201, elapsed_secs=43618, mean=0.537470, stdev=0.161853, best fit=0.688300, best_overall=0.688300, mean_diversity=0.102687,
indivs=37615257, elapsed_secs=43629, mean=0.515520, stdev=0.155172, best fit=0.688300, best_overall=0.688300, mean_diversity=0.176456,
indivs=37625301, elapsed_secs=43640, mean=0.503108, stdev=0.115420, best fit=0.688300, best_overall=0.688300, mean_diversity=0.304078,
indivs=37635422, elapsed_secs=43651, mean=0.556772, stdev=0.164508, best fit=0.688300, best_overall=0.688300, mean_diversity=0.192571,
indivs=37645506, elapsed_secs=43663, mean=0.486637, stdev=0.179100, best fit=0.688300, best_overall=0.688300, mean_diversity=0.328485,
indivs=37655565, elapsed_secs=43672, mean=0.532938, stdev=0.132143, best fit=0.688300, best_overall=0.688300, mean_diversity=0.099948,
indivs=37665607, elapsed_secs=43684, mean=0.499755, stdev=0.078329, best fit=0.688300, best_overall=0.688300, mean_diversity=0.099364,
indivs=37675728, elapsed_secs=43696, mean=0.525896, stdev=0.215189, best fit=0.688300, best_overall=0.688300, mean_diversity=0.104252,
indivs=37685809, elapsed_secs=43709, mean=0.547374, stdev=0.179811, best fit=0.688300, best_overall=0.688300, mean_diversity=0.125751,
indivs=37695845, elapsed_secs=43719, mean=0.560218, stdev=0.187988, best fit=0.688300, best_overall=0.688300, mean_diversity=0.033577,
indivs=37705975, elapsed_secs=43728, mean=0.507576, stdev=0.195362, best fit=0.688300, best_overall=0.688300, mean_diversity=0.203561,
indivs=37715984, elapsed_secs=43739, mean=0.510253, stdev=0.162550, best fit=0.688300, best_overall=0.688300, mean_diversity=0.258138,
indivs=37725986, elapsed_secs=43750, mean=0.507144, stdev=0.116329, best fit=0.688300, best_overall=0.688300, mean_diversity=0.365953,
indivs=37736087, elapsed_secs=43762, mean=0.477545, stdev=0.138736, best fit=0.688300, best_overall=0.688300, mean_diversity=0.269085,
indivs=37746193, elapsed_secs=43774, mean=0.458733, stdev=0.188161, best fit=0.688300, best_overall=0.688300, mean_diversity=0.234894,
indivs=37756208, elapsed_secs=43785, mean=0.523634, stdev=0.207476, best fit=0.688300, best_overall=0.688300, mean_diversity=0.100109,
indivs=37766239, elapsed_secs=43796, mean=0.495674, stdev=0.055671, best fit=0.688300, best_overall=0.688300, mean_diversity=0.084269,
indivs=37776388, elapsed_secs=43809, mean=0.552312, stdev=0.146667, best fit=0.688300, best_overall=0.688300, mean_diversity=0.189404,
indivs=37786480, elapsed_secs=43822, mean=0.489857, stdev=0.179815, best fit=0.688300, best_overall=0.688300, mean_diversity=0.145406,
indivs=37796585, elapsed_secs=43834, mean=0.519975, stdev=0.127978, best fit=0.688300, best_overall=0.688300, mean_diversity=0.270716,
indivs=37806681, elapsed_secs=43845, mean=0.520716, stdev=0.191928, best fit=0.688300, best_overall=0.688300, mean_diversity=0.173759,
indivs=37816748, elapsed_secs=43855, mean=0.430281, stdev=0.266353, best fit=0.688300, best_overall=0.688300, mean_diversity=0.175083,
indivs=37826907, elapsed_secs=43868, mean=0.584329, stdev=0.175887, best fit=0.688300, best_overall=0.688300, mean_diversity=0.064939,
indivs=37837001, elapsed_secs=43878, mean=0.576682, stdev=0.103271, best fit=0.688300, best_overall=0.688300, mean_diversity=0.229303,
indivs=37847131, elapsed_secs=43891, mean=0.492572, stdev=0.223185, best fit=0.688300, best_overall=0.688300, mean_diversity=0.206900,
indivs=37857175, elapsed_secs=43902, mean=0.502450, stdev=0.084933, best fit=0.688300, best_overall=0.688300, mean_diversity=0.143902,
indivs=37867180, elapsed_secs=43914, mean=0.565845, stdev=0.183810, best fit=0.688300, best_overall=0.688300, mean_diversity=0.090592,
indivs=37877234, elapsed_secs=43925, mean=0.547867, stdev=0.152888, best fit=0.688300, best_overall=0.688300, mean_diversity=0.050549,
indivs=37887300, elapsed_secs=43936, mean=0.523373, stdev=0.173168, best fit=0.688300, best_overall=0.688300, mean_diversity=0.212500,
indivs=37897383, elapsed_secs=43948, mean=0.483738, stdev=0.146859, best fit=0.688300, best_overall=0.688300, mean_diversity=0.303521,
indivs=37907456, elapsed_secs=43959, mean=0.504734, stdev=0.253410, best fit=0.688300, best_overall=0.688300, mean_diversity=0.103905,
indivs=37917488, elapsed_secs=43970, mean=0.515274, stdev=0.182770, best fit=0.688300, best_overall=0.688300, mean_diversity=0.230382,
indivs=37927582, elapsed_secs=43981, mean=0.524142, stdev=0.164653, best fit=0.688300, best_overall=0.688300, mean_diversity=0.390112,
indivs=37937615, elapsed_secs=43993, mean=0.511848, stdev=0.081255, best fit=0.688300, best_overall=0.688300, mean_diversity=0.239095,
indivs=37947735, elapsed_secs=44005, mean=0.556693, stdev=0.207406, best fit=0.688300, best_overall=0.688300, mean_diversity=0.051707,
indivs=37957738, elapsed_secs=44017, mean=0.533540, stdev=0.106198, best fit=0.688300, best_overall=0.688300, mean_diversity=0.210364,
indivs=37967765, elapsed_secs=44027, mean=0.549640, stdev=0.113020, best fit=0.688300, best_overall=0.688300, mean_diversity=0.163310,
indivs=37977870, elapsed_secs=44040, mean=0.562922, stdev=0.182846, best fit=0.688300, best_overall=0.688300, mean_diversity=0.087087,
indivs=37987965, elapsed_secs=44050, mean=0.493621, stdev=0.215741, best fit=0.688300, best_overall=0.688300, mean_diversity=0.149903,
indivs=37998075, elapsed_secs=44062, mean=0.543205, stdev=0.122558, best fit=0.688300, best_overall=0.688300, mean_diversity=0.255791,
indivs=38008088, elapsed_secs=44074, mean=0.571007, stdev=0.181711, best fit=0.688300, best_overall=0.688300, mean_diversity=0.065783,
indivs=38018090, elapsed_secs=44089, mean=0.548223, stdev=0.190370, best fit=0.688300, best_overall=0.688300, mean_diversity=0.243645,
indivs=38028201, elapsed_secs=44101, mean=0.526764, stdev=0.143196, best fit=0.688300, best_overall=0.688300, mean_diversity=0.259877,
indivs=38038220, elapsed_secs=44112, mean=0.508809, stdev=0.148564, best fit=0.688300, best_overall=0.688300, mean_diversity=0.363034,
indivs=38048260, elapsed_secs=44124, mean=0.551154, stdev=0.151478, best fit=0.688300, best_overall=0.688300, mean_diversity=0.065540,
indivs=38058399, elapsed_secs=44136, mean=0.519746, stdev=0.129422, best fit=0.688300, best_overall=0.688300, mean_diversity=0.183134,
indivs=38068511, elapsed_secs=44148, mean=0.553972, stdev=0.183316, best fit=0.688300, best_overall=0.688300, mean_diversity=0.191820,
indivs=38078563, elapsed_secs=44161, mean=0.490170, stdev=0.090251, best fit=0.688300, best_overall=0.688300, mean_diversity=0.157712,
indivs=38088610, elapsed_secs=44173, mean=0.589667, stdev=0.117867, best fit=0.688300, best_overall=0.688300, mean_diversity=0.323673,
indivs=38098652, elapsed_secs=44183, mean=0.507589, stdev=0.101811, best fit=0.688300, best_overall=0.688300, mean_diversity=0.220580,
indivs=38108665, elapsed_secs=44194, mean=0.529410, stdev=0.165236, best fit=0.688300, best_overall=0.688300, mean_diversity=0.460637,
indivs=38118770, elapsed_secs=44205, mean=0.519571, stdev=0.207837, best fit=0.688300, best_overall=0.688300, mean_diversity=0.238469,
indivs=38128866, elapsed_secs=44216, mean=0.501296, stdev=0.089469, best fit=0.688300, best_overall=0.688300, mean_diversity=0.205944,
indivs=38138962, elapsed_secs=44227, mean=0.442607, stdev=0.247954, best fit=0.688300, best_overall=0.688300, mean_diversity=0.119538,
indivs=38149040, elapsed_secs=44238, mean=0.451943, stdev=0.151807, best fit=0.688300, best_overall=0.688300, mean_diversity=0.219204,
indivs=38159115, elapsed_secs=44249, mean=0.563890, stdev=0.203127, best fit=0.688300, best_overall=0.688300, mean_diversity=0.078310,
indivs=38169216, elapsed_secs=44258, mean=0.511861, stdev=0.045967, best fit=0.688300, best_overall=0.688300, mean_diversity=0.125175,
indivs=38179225, elapsed_secs=44268, mean=0.530791, stdev=0.216935, best fit=0.688300, best_overall=0.688300, mean_diversity=0.068419,
indivs=38189243, elapsed_secs=44278, mean=0.485195, stdev=0.131708, best fit=0.688300, best_overall=0.688300, mean_diversity=0.307415,
indivs=38199283, elapsed_secs=44289, mean=0.479213, stdev=0.127717, best fit=0.688300, best_overall=0.688300, mean_diversity=0.215526,
indivs=38209293, elapsed_secs=44300, mean=0.565440, stdev=0.100122, best fit=0.688300, best_overall=0.688300, mean_diversity=0.195587,
indivs=38219343, elapsed_secs=44311, mean=0.492501, stdev=0.082804, best fit=0.688300, best_overall=0.688300, mean_diversity=0.063512,
indivs=38229381, elapsed_secs=44324, mean=0.534755, stdev=0.150894, best fit=0.688300, best_overall=0.688300, mean_diversity=0.152173,
indivs=38239381, elapsed_secs=44335, mean=0.551884, stdev=0.081786, best fit=0.688300, best_overall=0.688300, mean_diversity=0.275228,
indivs=38249444, elapsed_secs=44346, mean=0.515849, stdev=0.139612, best fit=0.688300, best_overall=0.688300, mean_diversity=0.176802,
indivs=38259470, elapsed_secs=44358, mean=0.498974, stdev=0.056704, best fit=0.688300, best_overall=0.688300, mean_diversity=0.339690,
indivs=38269585, elapsed_secs=44369, mean=0.507918, stdev=0.124244, best fit=0.688300, best_overall=0.688300, mean_diversity=0.251595,
indivs=38279595, elapsed_secs=44381, mean=0.525610, stdev=0.239970, best fit=0.688300, best_overall=0.688300, mean_diversity=0.072653,
indivs=38289607, elapsed_secs=44391, mean=0.548384, stdev=0.107728, best fit=0.688300, best_overall=0.688300, mean_diversity=0.265133,
indivs=38299663, elapsed_secs=44403, mean=0.492524, stdev=0.120680, best fit=0.688300, best_overall=0.688300, mean_diversity=0.311401,
indivs=38309830, elapsed_secs=44415, mean=0.450457, stdev=0.287507, best fit=0.688300, best_overall=0.688300, mean_diversity=0.082878,
indivs=38319909, elapsed_secs=44427, mean=0.489050, stdev=0.083403, best fit=0.688300, best_overall=0.688300, mean_diversity=0.150241,
indivs=38329943, elapsed_secs=44438, mean=0.487966, stdev=0.163652, best fit=0.688300, best_overall=0.688300, mean_diversity=0.407935,
indivs=38339970, elapsed_secs=44450, mean=0.522797, stdev=0.158782, best fit=0.688300, best_overall=0.688300, mean_diversity=0.266361,
indivs=38350055, elapsed_secs=44463, mean=0.490492, stdev=0.091352, best fit=0.688300, best_overall=0.688300, mean_diversity=0.138021,
indivs=38360103, elapsed_secs=44474, mean=0.557910, stdev=0.128482, best fit=0.688300, best_overall=0.688300, mean_diversity=0.109138,
indivs=38370137, elapsed_secs=44488, mean=0.521811, stdev=0.170727, best fit=0.688300, best_overall=0.688300, mean_diversity=0.279400,
indivs=38380156, elapsed_secs=44500, mean=0.494645, stdev=0.111894, best fit=0.688300, best_overall=0.688300, mean_diversity=0.222333,
indivs=38390223, elapsed_secs=44511, mean=0.481296, stdev=0.113199, best fit=0.688300, best_overall=0.688300, mean_diversity=0.095313,
indivs=38400348, elapsed_secs=44524, mean=0.554271, stdev=0.136359, best fit=0.688300, best_overall=0.688300, mean_diversity=0.383445,
indivs=38410460, elapsed_secs=44534, mean=0.547981, stdev=0.163538, best fit=0.688300, best_overall=0.688300, mean_diversity=0.182901,
indivs=38420509, elapsed_secs=44546, mean=0.534496, stdev=0.147015, best fit=0.688300, best_overall=0.688300, mean_diversity=0.297762,
indivs=38430623, elapsed_secs=44558, mean=0.426175, stdev=0.293038, best fit=0.688300, best_overall=0.688300, mean_diversity=0.047370,
indivs=38440675, elapsed_secs=44569, mean=0.501883, stdev=0.218384, best fit=0.688300, best_overall=0.688300, mean_diversity=0.200277,
indivs=38450698, elapsed_secs=44581, mean=0.536967, stdev=0.148628, best fit=0.688300, best_overall=0.688300, mean_diversity=0.206774,
indivs=38460707, elapsed_secs=44592, mean=0.504938, stdev=0.059558, best fit=0.688300, best_overall=0.688300, mean_diversity=0.245187,
indivs=38470769, elapsed_secs=44604, mean=0.563702, stdev=0.155901, best fit=0.688300, best_overall=0.688300, mean_diversity=0.242471,
indivs=38480839, elapsed_secs=44615, mean=0.445916, stdev=0.150491, best fit=0.688300, best_overall=0.688300, mean_diversity=0.140860,
indivs=38490866, elapsed_secs=44626, mean=0.506469, stdev=0.194204, best fit=0.688300, best_overall=0.688300, mean_diversity=0.230348,
indivs=38500906, elapsed_secs=44637, mean=0.547888, stdev=0.159323, best fit=0.688300, best_overall=0.688300, mean_diversity=0.257249,
indivs=38510933, elapsed_secs=44648, mean=0.543740, stdev=0.148228, best fit=0.688300, best_overall=0.688300, mean_diversity=0.114114,
indivs=38521056, elapsed_secs=44659, mean=0.556115, stdev=0.225114, best fit=0.688300, best_overall=0.688300, mean_diversity=0.069040,
indivs=38531126, elapsed_secs=44670, mean=0.508563, stdev=0.027291, best fit=0.688300, best_overall=0.688300, mean_diversity=0.140385,
indivs=38541189, elapsed_secs=44682, mean=0.528358, stdev=0.138145, best fit=0.688300, best_overall=0.688300, mean_diversity=0.266222,
indivs=38551192, elapsed_secs=44692, mean=0.480670, stdev=0.115983, best fit=0.688300, best_overall=0.688300, mean_diversity=0.182229,
indivs=38561219, elapsed_secs=44703, mean=0.555962, stdev=0.166667, best fit=0.688300, best_overall=0.688300, mean_diversity=0.124268,
indivs=38571300, elapsed_secs=44713, mean=0.539504, stdev=0.109162, best fit=0.688300, best_overall=0.688300, mean_diversity=0.134025,
indivs=38581370, elapsed_secs=44724, mean=0.491342, stdev=0.159597, best fit=0.688300, best_overall=0.688300, mean_diversity=0.227184,
indivs=38591406, elapsed_secs=44733, mean=0.523642, stdev=0.141768, best fit=0.688300, best_overall=0.688300, mean_diversity=0.333408,
indivs=38601490, elapsed_secs=44744, mean=0.507804, stdev=0.220528, best fit=0.688300, best_overall=0.688300, mean_diversity=0.194302,
indivs=38611519, elapsed_secs=44755, mean=0.527959, stdev=0.184875, best fit=0.688300, best_overall=0.688300, mean_diversity=0.238926,
indivs=38621570, elapsed_secs=44766, mean=0.512961, stdev=0.213985, best fit=0.688300, best_overall=0.688300, mean_diversity=0.159264,
indivs=38631585, elapsed_secs=44775, mean=0.463300, stdev=0.193840, best fit=0.688300, best_overall=0.688300, mean_diversity=0.306480,
indivs=38641644, elapsed_secs=44787, mean=0.552930, stdev=0.051560, best fit=0.688300, best_overall=0.688300, mean_diversity=0.141338,
indivs=38651754, elapsed_secs=44798, mean=0.496376, stdev=0.189072, best fit=0.688300, best_overall=0.688300, mean_diversity=0.176633,
indivs=38661876, elapsed_secs=44811, mean=0.544489, stdev=0.161866, best fit=0.688300, best_overall=0.688300, mean_diversity=0.254105,
indivs=38671900, elapsed_secs=44822, mean=0.538948, stdev=0.137032, best fit=0.688300, best_overall=0.688300, mean_diversity=0.208434,
indivs=38681943, elapsed_secs=44835, mean=0.588917, stdev=0.167413, best fit=0.688300, best_overall=0.688300, mean_diversity=0.118143,
indivs=38691954, elapsed_secs=44846, mean=0.502538, stdev=0.145780, best fit=0.688300, best_overall=0.688300, mean_diversity=0.163088,
indivs=38701981, elapsed_secs=44856, mean=0.531951, stdev=0.146027, best fit=0.688300, best_overall=0.688300, mean_diversity=0.124173,
indivs=38712065, elapsed_secs=44867, mean=0.494510, stdev=0.094739, best fit=0.688300, best_overall=0.688300, mean_diversity=0.256588,
indivs=38722078, elapsed_secs=44876, mean=0.520015, stdev=0.088155, best fit=0.688300, best_overall=0.688300, mean_diversity=0.458995,
indivs=38732122, elapsed_secs=44887, mean=0.501727, stdev=0.088310, best fit=0.688300, best_overall=0.688300, mean_diversity=0.288216,
indivs=38742202, elapsed_secs=44899, mean=0.546710, stdev=0.151078, best fit=0.688300, best_overall=0.688300, mean_diversity=0.209964,
indivs=38752280, elapsed_secs=44910, mean=0.485704, stdev=0.241778, best fit=0.688300, best_overall=0.688300, mean_diversity=0.096194,
indivs=38762359, elapsed_secs=44921, mean=0.519328, stdev=0.213596, best fit=0.688300, best_overall=0.688300, mean_diversity=0.056783,
indivs=38772386, elapsed_secs=44932, mean=0.571382, stdev=0.086082, best fit=0.688300, best_overall=0.688300, mean_diversity=0.177420,
indivs=38782501, elapsed_secs=44943, mean=0.588902, stdev=0.122714, best fit=0.688300, best_overall=0.688300, mean_diversity=0.153224,
indivs=38792528, elapsed_secs=44956, mean=0.511204, stdev=0.152445, best fit=0.688300, best_overall=0.688300, mean_diversity=0.312430,
indivs=38802615, elapsed_secs=44969, mean=0.524565, stdev=0.207237, best fit=0.688300, best_overall=0.688300, mean_diversity=0.225221,
indivs=38812659, elapsed_secs=44981, mean=0.559465, stdev=0.121763, best fit=0.688300, best_overall=0.688300, mean_diversity=0.290972,
indivs=38822799, elapsed_secs=44992, mean=0.584386, stdev=0.185554, best fit=0.688300, best_overall=0.688300, mean_diversity=0.142292,
indivs=38832855, elapsed_secs=45005, mean=0.506910, stdev=0.158834, best fit=0.688300, best_overall=0.688300, mean_diversity=0.312179,
indivs=38842919, elapsed_secs=45016, mean=0.536091, stdev=0.160279, best fit=0.688300, best_overall=0.688300, mean_diversity=0.156954,
indivs=38852987, elapsed_secs=45029, mean=0.490962, stdev=0.137141, best fit=0.688300, best_overall=0.688300, mean_diversity=0.314966,
indivs=38863087, elapsed_secs=45040, mean=0.576287, stdev=0.146198, best fit=0.688300, best_overall=0.688300, mean_diversity=0.167368,
indivs=38873132, elapsed_secs=45053, mean=0.501151, stdev=0.100508, best fit=0.688300, best_overall=0.688300, mean_diversity=0.292034,
indivs=38883253, elapsed_secs=45063, mean=0.532604, stdev=0.124371, best fit=0.688300, best_overall=0.688300, mean_diversity=0.349081,
indivs=38893351, elapsed_secs=45075, mean=0.522025, stdev=0.189255, best fit=0.688300, best_overall=0.688300, mean_diversity=0.255260,
indivs=38903392, elapsed_secs=45085, mean=0.573411, stdev=0.173354, best fit=0.688300, best_overall=0.688300, mean_diversity=0.134927,
indivs=38913455, elapsed_secs=45097, mean=0.503692, stdev=0.125334, best fit=0.688300, best_overall=0.688300, mean_diversity=0.363107,
indivs=38923540, elapsed_secs=45107, mean=0.524745, stdev=0.218220, best fit=0.688300, best_overall=0.688300, mean_diversity=0.144053,
indivs=38933647, elapsed_secs=45118, mean=0.496188, stdev=0.056921, best fit=0.688300, best_overall=0.688300, mean_diversity=0.315026,
indivs=38943686, elapsed_secs=45129, mean=0.504068, stdev=0.089992, best fit=0.688300, best_overall=0.688300, mean_diversity=0.206816,
indivs=38953744, elapsed_secs=45143, mean=0.504403, stdev=0.106468, best fit=0.688300, best_overall=0.688300, mean_diversity=0.172046,
indivs=38963757, elapsed_secs=45153, mean=0.576498, stdev=0.184328, best fit=0.688300, best_overall=0.688300, mean_diversity=0.062473,
indivs=38973777, elapsed_secs=45165, mean=0.499293, stdev=0.058413, best fit=0.688300, best_overall=0.688300, mean_diversity=0.314211,
indivs=38983840, elapsed_secs=45177, mean=0.525025, stdev=0.112178, best fit=0.688300, best_overall=0.688300, mean_diversity=0.275228,
indivs=38993926, elapsed_secs=45189, mean=0.559540, stdev=0.184488, best fit=0.688300, best_overall=0.688300, mean_diversity=0.096372,
indivs=39004027, elapsed_secs=45200, mean=0.555611, stdev=0.187840, best fit=0.688300, best_overall=0.688300, mean_diversity=0.280526,
indivs=39014127, elapsed_secs=45212, mean=0.516855, stdev=0.233705, best fit=0.688300, best_overall=0.688300, mean_diversity=0.046733,
indivs=39024181, elapsed_secs=45223, mean=0.493379, stdev=0.183117, best fit=0.688300, best_overall=0.688300, mean_diversity=0.311911,
indivs=39034279, elapsed_secs=45235, mean=0.515141, stdev=0.157453, best fit=0.688300, best_overall=0.688300, mean_diversity=0.236036,
indivs=39044291, elapsed_secs=45246, mean=0.512155, stdev=0.125439, best fit=0.688300, best_overall=0.688300, mean_diversity=0.311165,
indivs=39054344, elapsed_secs=45258, mean=0.546844, stdev=0.157862, best fit=0.688300, best_overall=0.688300, mean_diversity=0.269200,
indivs=39064400, elapsed_secs=45270, mean=0.517168, stdev=0.053675, best fit=0.688300, best_overall=0.688300, mean_diversity=0.241786,
indivs=39074407, elapsed_secs=45282, mean=0.417571, stdev=0.256993, best fit=0.688300, best_overall=0.688300, mean_diversity=0.181149,
indivs=39084521, elapsed_secs=45292, mean=0.518566, stdev=0.141570, best fit=0.688300, best_overall=0.688300, mean_diversity=0.285314,
indivs=39094673, elapsed_secs=45305, mean=0.580225, stdev=0.178161, best fit=0.688300, best_overall=0.688300, mean_diversity=0.102185,
indivs=39104729, elapsed_secs=45315, mean=0.516281, stdev=0.073234, best fit=0.688300, best_overall=0.688300, mean_diversity=0.190218,
indivs=39114738, elapsed_secs=45326, mean=0.509618, stdev=0.073821, best fit=0.688300, best_overall=0.688300, mean_diversity=0.173388,
indivs=39124806, elapsed_secs=45336, mean=0.566524, stdev=0.087863, best fit=0.688300, best_overall=0.688300, mean_diversity=0.351250,
indivs=39134893, elapsed_secs=45347, mean=0.543285, stdev=0.207658, best fit=0.688300, best_overall=0.688300, mean_diversity=0.133140,
indivs=39144970, elapsed_secs=45356, mean=0.551006, stdev=0.083549, best fit=0.688300, best_overall=0.688300, mean_diversity=0.345758,
indivs=39154996, elapsed_secs=45368, mean=0.487029, stdev=0.138627, best fit=0.688300, best_overall=0.688300, mean_diversity=0.378932,
indivs=39165152, elapsed_secs=45379, mean=0.563789, stdev=0.202516, best fit=0.688300, best_overall=0.688300, mean_diversity=0.087306,
indivs=39175206, elapsed_secs=45388, mean=0.530261, stdev=0.098354, best fit=0.688300, best_overall=0.688300, mean_diversity=0.246842,
indivs=39185238, elapsed_secs=45399, mean=0.489596, stdev=0.066371, best fit=0.688300, best_overall=0.688300, mean_diversity=0.118235,
indivs=39195300, elapsed_secs=45410, mean=0.501883, stdev=0.018736, best fit=0.688300, best_overall=0.688300, mean_diversity=0.087221,
indivs=39205311, elapsed_secs=45422, mean=0.588303, stdev=0.109203, best fit=0.688300, best_overall=0.688300, mean_diversity=0.136768,
indivs=39215378, elapsed_secs=45433, mean=0.534969, stdev=0.196407, best fit=0.688300, best_overall=0.688300, mean_diversity=0.148358,
indivs=39225453, elapsed_secs=45445, mean=0.512584, stdev=0.197909, best fit=0.688300, best_overall=0.688300, mean_diversity=0.252877,
indivs=39235597, elapsed_secs=45456, mean=0.527960, stdev=0.179766, best fit=0.688300, best_overall=0.688300, mean_diversity=0.210185,
indivs=39245702, elapsed_secs=45467, mean=0.512196, stdev=0.222172, best fit=0.688300, best_overall=0.688300, mean_diversity=0.208489,
indivs=39255752, elapsed_secs=45480, mean=0.469816, stdev=0.168179, best fit=0.688300, best_overall=0.688300, mean_diversity=0.240897,
indivs=39265912, elapsed_secs=45492, mean=0.550071, stdev=0.207283, best fit=0.688300, best_overall=0.688300, mean_diversity=0.182896,
indivs=39276020, elapsed_secs=45502, mean=0.514881, stdev=0.077973, best fit=0.688300, best_overall=0.688300, mean_diversity=0.230360,
indivs=39286050, elapsed_secs=45512, mean=0.483504, stdev=0.175955, best fit=0.688300, best_overall=0.688300, mean_diversity=0.444224,
indivs=39296064, elapsed_secs=45522, mean=0.463599, stdev=0.058477, best fit=0.688300, best_overall=0.688300, mean_diversity=0.101850,
indivs=39306177, elapsed_secs=45534, mean=0.582364, stdev=0.131347, best fit=0.688300, best_overall=0.688300, mean_diversity=0.188702,
indivs=39316243, elapsed_secs=45544, mean=0.505374, stdev=0.105243, best fit=0.688300, best_overall=0.688300, mean_diversity=0.228880,
indivs=39326310, elapsed_secs=45555, mean=0.513332, stdev=0.046640, best fit=0.688300, best_overall=0.688300, mean_diversity=0.097856,
indivs=39336427, elapsed_secs=45565, mean=0.493866, stdev=0.179045, best fit=0.688300, best_overall=0.688300, mean_diversity=0.201562,
indivs=39346490, elapsed_secs=45576, mean=0.524920, stdev=0.213322, best fit=0.688300, best_overall=0.688300, mean_diversity=0.191647,
indivs=39356574, elapsed_secs=45589, mean=0.512297, stdev=0.201166, best fit=0.688300, best_overall=0.688300, mean_diversity=0.207410,
indivs=39366696, elapsed_secs=45600, mean=0.565521, stdev=0.113545, best fit=0.688300, best_overall=0.688300, mean_diversity=0.271469,
indivs=39376715, elapsed_secs=45611, mean=0.504387, stdev=0.085704, best fit=0.688300, best_overall=0.688300, mean_diversity=0.257311,
indivs=39386760, elapsed_secs=45621, mean=0.490614, stdev=0.204038, best fit=0.688300, best_overall=0.688300, mean_diversity=0.165280,
indivs=39396771, elapsed_secs=45632, mean=0.542396, stdev=0.222877, best fit=0.688300, best_overall=0.688300, mean_diversity=0.141192,
indivs=39406851, elapsed_secs=45641, mean=0.569713, stdev=0.128212, best fit=0.688300, best_overall=0.688300, mean_diversity=0.231149,
indivs=39416906, elapsed_secs=45653, mean=0.456013, stdev=0.141523, best fit=0.688300, best_overall=0.688300, mean_diversity=0.196583,
indivs=39427051, elapsed_secs=45666, mean=0.565329, stdev=0.144558, best fit=0.688300, best_overall=0.688300, mean_diversity=0.180864,
indivs=39437167, elapsed_secs=45677, mean=0.543466, stdev=0.181352, best fit=0.688300, best_overall=0.688300, mean_diversity=0.113166,
indivs=39447300, elapsed_secs=45689, mean=0.507945, stdev=0.211350, best fit=0.688300, best_overall=0.688300, mean_diversity=0.114411,
indivs=39457324, elapsed_secs=45700, mean=0.518899, stdev=0.090536, best fit=0.688300, best_overall=0.688300, mean_diversity=0.103606,
indivs=39467436, elapsed_secs=45712, mean=0.541682, stdev=0.141377, best fit=0.688300, best_overall=0.688300, mean_diversity=0.386744,
indivs=39477456, elapsed_secs=45723, mean=0.500278, stdev=0.172420, best fit=0.688300, best_overall=0.688300, mean_diversity=0.304941,
indivs=39487462, elapsed_secs=45733, mean=0.494799, stdev=0.166001, best fit=0.688300, best_overall=0.688300, mean_diversity=0.228455,
indivs=39497501, elapsed_secs=45744, mean=0.552512, stdev=0.070140, best fit=0.688300, best_overall=0.688300, mean_diversity=0.301684,
indivs=39507647, elapsed_secs=45756, mean=0.604778, stdev=0.100450, best fit=0.688300, best_overall=0.688300, mean_diversity=0.100110,
indivs=39517700, elapsed_secs=45766, mean=0.507369, stdev=0.137141, best fit=0.688300, best_overall=0.688300, mean_diversity=0.316132,
indivs=39527774, elapsed_secs=45778, mean=0.493061, stdev=0.073803, best fit=0.689500, best_overall=0.689500, mean_diversity=0.146880,
indivs=39537800, elapsed_secs=45789, mean=0.489170, stdev=0.134155, best fit=0.689500, best_overall=0.689500, mean_diversity=0.156681,
indivs=39547927, elapsed_secs=45801, mean=0.536603, stdev=0.159262, best fit=0.689500, best_overall=0.689500, mean_diversity=0.228420,
indivs=39558005, elapsed_secs=45813, mean=0.526388, stdev=0.109844, best fit=0.689500, best_overall=0.689500, mean_diversity=0.419184,
indivs=39568013, elapsed_secs=45823, mean=0.508162, stdev=0.108248, best fit=0.689500, best_overall=0.689500, mean_diversity=0.208704,
indivs=39578088, elapsed_secs=45834, mean=0.513900, stdev=0.219793, best fit=0.689500, best_overall=0.689500, mean_diversity=0.169471,
indivs=39588162, elapsed_secs=45844, mean=0.504834, stdev=0.175678, best fit=0.689500, best_overall=0.689500, mean_diversity=0.296877,
indivs=39598221, elapsed_secs=45856, mean=0.496895, stdev=0.053380, best fit=0.689500, best_overall=0.689500, mean_diversity=0.146497,
indivs=39608251, elapsed_secs=45866, mean=0.501895, stdev=0.018855, best fit=0.689500, best_overall=0.689500, mean_diversity=0.061270,
indivs=39618271, elapsed_secs=45877, mean=0.500900, stdev=0.021408, best fit=0.689500, best_overall=0.689500, mean_diversity=0.057906,
indivs=39628275, elapsed_secs=45889, mean=0.543530, stdev=0.196779, best fit=0.689500, best_overall=0.689500, mean_diversity=0.130982,
indivs=39638351, elapsed_secs=45900, mean=0.522294, stdev=0.117899, best fit=0.689500, best_overall=0.689500, mean_diversity=0.277900,
indivs=39648476, elapsed_secs=45913, mean=0.533377, stdev=0.134395, best fit=0.689500, best_overall=0.689500, mean_diversity=0.311124,
indivs=39658478, elapsed_secs=45924, mean=0.479517, stdev=0.117998, best fit=0.689500, best_overall=0.689500, mean_diversity=0.162026,
indivs=39668561, elapsed_secs=45937, mean=0.455415, stdev=0.234265, best fit=0.689500, best_overall=0.689500, mean_diversity=0.278082,
indivs=39678614, elapsed_secs=45948, mean=0.539577, stdev=0.124502, best fit=0.689500, best_overall=0.689500, mean_diversity=0.283251,
indivs=39688733, elapsed_secs=45958, mean=0.485102, stdev=0.166200, best fit=0.689500, best_overall=0.689500, mean_diversity=0.386732,
indivs=39698746, elapsed_secs=45968, mean=0.501895, stdev=0.018855, best fit=0.689500, best_overall=0.689500, mean_diversity=0.091925,
indivs=39708832, elapsed_secs=45978, mean=0.538260, stdev=0.171226, best fit=0.689500, best_overall=0.689500, mean_diversity=0.128910,
indivs=39718849, elapsed_secs=45990, mean=0.514650, stdev=0.127693, best fit=0.689500, best_overall=0.689500, mean_diversity=0.263816,
indivs=39728972, elapsed_secs=46002, mean=0.525923, stdev=0.157831, best fit=0.689500, best_overall=0.689500, mean_diversity=0.380643,
indivs=39739056, elapsed_secs=46011, mean=0.488509, stdev=0.089316, best fit=0.689500, best_overall=0.689500, mean_diversity=0.073621,
indivs=39749060, elapsed_secs=46022, mean=0.477769, stdev=0.210976, best fit=0.689500, best_overall=0.689500, mean_diversity=0.197739,
indivs=39759143, elapsed_secs=46032, mean=0.501824, stdev=0.018869, best fit=0.689500, best_overall=0.689500, mean_diversity=0.058893,
indivs=39769199, elapsed_secs=46042, mean=0.545712, stdev=0.110224, best fit=0.689500, best_overall=0.689500, mean_diversity=0.417824,
indivs=39779252, elapsed_secs=46053, mean=0.515976, stdev=0.136228, best fit=0.689500, best_overall=0.689500, mean_diversity=0.337488,
indivs=39789253, elapsed_secs=46064, mean=0.421036, stdev=0.234795, best fit=0.689500, best_overall=0.689500, mean_diversity=0.203318,
indivs=39799254, elapsed_secs=46075, mean=0.556874, stdev=0.179494, best fit=0.689500, best_overall=0.689500, mean_diversity=0.262851,
indivs=39809300, elapsed_secs=46085, mean=0.429006, stdev=0.209083, best fit=0.689500, best_overall=0.689500, mean_diversity=0.231793,
indivs=39819340, elapsed_secs=46096, mean=0.515372, stdev=0.069641, best fit=0.689500, best_overall=0.689500, mean_diversity=0.376083,
indivs=39829367, elapsed_secs=46108, mean=0.589107, stdev=0.131884, best fit=0.689500, best_overall=0.689500, mean_diversity=0.185411,
indivs=39839388, elapsed_secs=46120, mean=0.560027, stdev=0.136859, best fit=0.689500, best_overall=0.689500, mean_diversity=0.104617,
indivs=39849484, elapsed_secs=46129, mean=0.530501, stdev=0.204877, best fit=0.689500, best_overall=0.689500, mean_diversity=0.065814,
indivs=39859654, elapsed_secs=46141, mean=0.502056, stdev=0.251526, best fit=0.689500, best_overall=0.689500, mean_diversity=0.204825,
indivs=39869713, elapsed_secs=46151, mean=0.548593, stdev=0.144279, best fit=0.689500, best_overall=0.689500, mean_diversity=0.158394,
indivs=39879843, elapsed_secs=46162, mean=0.564085, stdev=0.201382, best fit=0.689500, best_overall=0.689500, mean_diversity=0.086499,
indivs=39889914, elapsed_secs=46175, mean=0.558760, stdev=0.153977, best fit=0.689500, best_overall=0.689500, mean_diversity=0.142424,
indivs=39899972, elapsed_secs=46187, mean=0.542963, stdev=0.221078, best fit=0.689500, best_overall=0.689500, mean_diversity=0.133744,
indivs=39910148, elapsed_secs=46198, mean=0.550192, stdev=0.236203, best fit=0.689500, best_overall=0.689500, mean_diversity=0.076313,
indivs=39920229, elapsed_secs=46208, mean=0.577826, stdev=0.165014, best fit=0.689500, best_overall=0.689500, mean_diversity=0.104221,
indivs=39930262, elapsed_secs=46220, mean=0.547495, stdev=0.196174, best fit=0.689500, best_overall=0.689500, mean_diversity=0.076255,
indivs=39940357, elapsed_secs=46233, mean=0.544766, stdev=0.208144, best fit=0.689500, best_overall=0.689500, mean_diversity=0.068203,
indivs=39950439, elapsed_secs=46243, mean=0.483239, stdev=0.167772, best fit=0.689500, best_overall=0.689500, mean_diversity=0.372378,
indivs=39960565, elapsed_secs=46253, mean=0.525859, stdev=0.185990, best fit=0.689500, best_overall=0.689500, mean_diversity=0.184875,
indivs=39970581, elapsed_secs=46265, mean=0.418078, stdev=0.244673, best fit=0.689500, best_overall=0.689500, mean_diversity=0.197402,
indivs=39980617, elapsed_secs=46277, mean=0.500146, stdev=0.100054, best fit=0.689500, best_overall=0.689500, mean_diversity=0.248993,
indivs=39990715, elapsed_secs=46288, mean=0.564535, stdev=0.144290, best fit=0.689500, best_overall=0.689500, mean_diversity=0.316680,
indivs=40000782, elapsed_secs=46298, mean=0.431247, stdev=0.184313, best fit=0.689500, best_overall=0.689500, mean_diversity=0.145468,
indivs=40010857, elapsed_secs=46310, mean=0.512632, stdev=0.121173, best fit=0.689500, best_overall=0.689500, mean_diversity=0.313989,
indivs=40020913, elapsed_secs=46321, mean=0.488631, stdev=0.143578, best fit=0.689500, best_overall=0.689500, mean_diversity=0.358182,
indivs=40031004, elapsed_secs=46335, mean=0.516033, stdev=0.128499, best fit=0.689500, best_overall=0.689500, mean_diversity=0.274241,
indivs=40041078, elapsed_secs=46346, mean=0.552069, stdev=0.135032, best fit=0.689500, best_overall=0.689500, mean_diversity=0.206013,
indivs=40051138, elapsed_secs=46356, mean=0.504335, stdev=0.105652, best fit=0.689500, best_overall=0.689500, mean_diversity=0.349667,
indivs=40061198, elapsed_secs=46367, mean=0.511329, stdev=0.214761, best fit=0.689500, best_overall=0.689500, mean_diversity=0.171179,
indivs=40071198, elapsed_secs=46379, mean=0.535633, stdev=0.135412, best fit=0.689500, best_overall=0.689500, mean_diversity=0.209113,
indivs=40081242, elapsed_secs=46392, mean=0.543675, stdev=0.160037, best fit=0.689500, best_overall=0.689500, mean_diversity=0.072201,
indivs=40091305, elapsed_secs=46403, mean=0.541112, stdev=0.219750, best fit=0.689500, best_overall=0.689500, mean_diversity=0.126457,
indivs=40101401, elapsed_secs=46415, mean=0.476026, stdev=0.182575, best fit=0.689500, best_overall=0.689500, mean_diversity=0.439448,
indivs=40111433, elapsed_secs=46426, mean=0.504682, stdev=0.105994, best fit=0.689500, best_overall=0.689500, mean_diversity=0.247600,
indivs=40121454, elapsed_secs=46436, mean=0.569285, stdev=0.171143, best fit=0.689500, best_overall=0.689500, mean_diversity=0.181546,
indivs=40131462, elapsed_secs=46449, mean=0.566282, stdev=0.116473, best fit=0.689500, best_overall=0.689500, mean_diversity=0.089959,
indivs=40141514, elapsed_secs=46461, mean=0.518875, stdev=0.218124, best fit=0.689500, best_overall=0.689500, mean_diversity=0.118312,
indivs=40151551, elapsed_secs=46474, mean=0.504875, stdev=0.085184, best fit=0.689500, best_overall=0.689500, mean_diversity=0.175493,
indivs=40161640, elapsed_secs=46485, mean=0.550495, stdev=0.123712, best fit=0.689500, best_overall=0.689500, mean_diversity=0.207446,
indivs=40171766, elapsed_secs=46498, mean=0.559672, stdev=0.175587, best fit=0.689500, best_overall=0.689500, mean_diversity=0.181135,
indivs=40181840, elapsed_secs=46508, mean=0.480913, stdev=0.046209, best fit=0.689500, best_overall=0.689500, mean_diversity=0.101209,
indivs=40191935, elapsed_secs=46518, mean=0.562797, stdev=0.138712, best fit=0.689500, best_overall=0.689500, mean_diversity=0.239333,
indivs=40202021, elapsed_secs=46529, mean=0.493604, stdev=0.140716, best fit=0.689500, best_overall=0.689500, mean_diversity=0.289587,
indivs=40212106, elapsed_secs=46539, mean=0.567507, stdev=0.175198, best fit=0.689500, best_overall=0.689500, mean_diversity=0.148539,
indivs=40222212, elapsed_secs=46551, mean=0.554278, stdev=0.140226, best fit=0.689500, best_overall=0.689500, mean_diversity=0.261235,
indivs=40232368, elapsed_secs=46563, mean=0.549651, stdev=0.215792, best fit=0.689500, best_overall=0.689500, mean_diversity=0.078791,
indivs=40242450, elapsed_secs=46576, mean=0.531395, stdev=0.235192, best fit=0.689500, best_overall=0.689500, mean_diversity=0.091330,
indivs=40252514, elapsed_secs=46588, mean=0.524404, stdev=0.220661, best fit=0.689500, best_overall=0.689500, mean_diversity=0.087580,
indivs=40262664, elapsed_secs=46599, mean=0.535736, stdev=0.187284, best fit=0.689500, best_overall=0.689500, mean_diversity=0.239667,
indivs=40272755, elapsed_secs=46611, mean=0.496594, stdev=0.067896, best fit=0.689500, best_overall=0.689500, mean_diversity=0.180886,
indivs=40282819, elapsed_secs=46621, mean=0.492894, stdev=0.035477, best fit=0.689500, best_overall=0.689500, mean_diversity=0.038694,
indivs=40292886, elapsed_secs=46633, mean=0.510895, stdev=0.158100, best fit=0.689500, best_overall=0.689500, mean_diversity=0.258629,
indivs=40302922, elapsed_secs=46642, mean=0.475252, stdev=0.160372, best fit=0.689500, best_overall=0.689500, mean_diversity=0.094327,
indivs=40312952, elapsed_secs=46654, mean=0.519078, stdev=0.172519, best fit=0.689500, best_overall=0.689500, mean_diversity=0.262960,
indivs=40323042, elapsed_secs=46666, mean=0.482944, stdev=0.097325, best fit=0.689500, best_overall=0.689500, mean_diversity=0.192480,
indivs=40333186, elapsed_secs=46677, mean=0.504959, stdev=0.254597, best fit=0.689500, best_overall=0.689500, mean_diversity=0.090899,
indivs=40343251, elapsed_secs=46690, mean=0.503012, stdev=0.119012, best fit=0.689500, best_overall=0.689500, mean_diversity=0.283468,
indivs=40353259, elapsed_secs=46700, mean=0.546303, stdev=0.203158, best fit=0.689500, best_overall=0.689500, mean_diversity=0.140200,
indivs=40363278, elapsed_secs=46712, mean=0.537182, stdev=0.166181, best fit=0.689500, best_overall=0.689500, mean_diversity=0.180854,
indivs=40373389, elapsed_secs=46723, mean=0.511640, stdev=0.094097, best fit=0.689500, best_overall=0.689500, mean_diversity=0.267929,
indivs=40383425, elapsed_secs=46736, mean=0.531437, stdev=0.226992, best fit=0.689500, best_overall=0.689500, mean_diversity=0.071854,
indivs=40393485, elapsed_secs=46747, mean=0.486851, stdev=0.132901, best fit=0.689500, best_overall=0.689500, mean_diversity=0.307073,
indivs=40403575, elapsed_secs=46758, mean=0.469013, stdev=0.143013, best fit=0.689500, best_overall=0.689500, mean_diversity=0.286007,
indivs=40413647, elapsed_secs=46769, mean=0.585185, stdev=0.119856, best fit=0.689500, best_overall=0.689500, mean_diversity=0.201126,
indivs=40423700, elapsed_secs=46782, mean=0.501895, stdev=0.018855, best fit=0.689500, best_overall=0.689500, mean_diversity=0.046462,
indivs=40433817, elapsed_secs=46792, mean=0.507454, stdev=0.147661, best fit=0.689500, best_overall=0.689500, mean_diversity=0.201582,
indivs=40443921, elapsed_secs=46803, mean=0.539769, stdev=0.134261, best fit=0.689500, best_overall=0.689500, mean_diversity=0.285617,
indivs=40453988, elapsed_secs=46813, mean=0.533935, stdev=0.134721, best fit=0.689500, best_overall=0.689500, mean_diversity=0.393578,
indivs=40464122, elapsed_secs=46824, mean=0.551317, stdev=0.223065, best fit=0.689500, best_overall=0.689500, mean_diversity=0.108021,
indivs=40474128, elapsed_secs=46836, mean=0.489060, stdev=0.152743, best fit=0.689500, best_overall=0.689500, mean_diversity=0.348491,
indivs=40484190, elapsed_secs=46847, mean=0.485263, stdev=0.137147, best fit=0.689500, best_overall=0.689500, mean_diversity=0.281023,
indivs=40494279, elapsed_secs=46858, mean=0.507421, stdev=0.165568, best fit=0.689500, best_overall=0.689500, mean_diversity=0.144824,
indivs=40504405, elapsed_secs=46870, mean=0.514234, stdev=0.196411, best fit=0.689500, best_overall=0.689500, mean_diversity=0.229344,
indivs=40514438, elapsed_secs=46882, mean=0.526374, stdev=0.219380, best fit=0.689500, best_overall=0.689500, mean_diversity=0.206896,
indivs=40524450, elapsed_secs=46894, mean=0.543969, stdev=0.139274, best fit=0.689500, best_overall=0.689500, mean_diversity=0.120568,
indivs=40534502, elapsed_secs=46905, mean=0.508828, stdev=0.199467, best fit=0.689500, best_overall=0.689500, mean_diversity=0.211567,
indivs=40544602, elapsed_secs=46916, mean=0.527584, stdev=0.182340, best fit=0.689500, best_overall=0.689500, mean_diversity=0.184448,
indivs=40554647, elapsed_secs=46928, mean=0.572564, stdev=0.131369, best fit=0.689500, best_overall=0.689500, mean_diversity=0.178521,
indivs=40564741, elapsed_secs=46940, mean=0.559157, stdev=0.137350, best fit=0.689500, best_overall=0.689500, mean_diversity=0.085048,
indivs=40574828, elapsed_secs=46949, mean=0.503653, stdev=0.030846, best fit=0.689500, best_overall=0.689500, mean_diversity=0.104196,
indivs=40584896, elapsed_secs=46961, mean=0.503032, stdev=0.021890, best fit=0.689500, best_overall=0.689500, mean_diversity=0.083441,
indivs=40594963, elapsed_secs=46973, mean=0.563509, stdev=0.068231, best fit=0.689500, best_overall=0.689500, mean_diversity=0.199128,
indivs=40605061, elapsed_secs=46984, mean=0.524964, stdev=0.222209, best fit=0.689500, best_overall=0.689500, mean_diversity=0.084083,
indivs=40615208, elapsed_secs=46994, mean=0.490428, stdev=0.243010, best fit=0.689500, best_overall=0.689500, mean_diversity=0.133602,
indivs=40625280, elapsed_secs=47005, mean=0.421302, stdev=0.272224, best fit=0.689500, best_overall=0.689500, mean_diversity=0.307259,
indivs=40635396, elapsed_secs=47017, mean=0.522677, stdev=0.171776, best fit=0.689500, best_overall=0.689500, mean_diversity=0.342375,
indivs=40645435, elapsed_secs=47029, mean=0.565489, stdev=0.167504, best fit=0.689500, best_overall=0.689500, mean_diversity=0.089181,
indivs=40655455, elapsed_secs=47039, mean=0.480628, stdev=0.199708, best fit=0.689500, best_overall=0.689500, mean_diversity=0.291132,
indivs=40665503, elapsed_secs=47052, mean=0.501971, stdev=0.104600, best fit=0.689500, best_overall=0.689500, mean_diversity=0.322337,
indivs=40675612, elapsed_secs=47064, mean=0.533038, stdev=0.162161, best fit=0.689500, best_overall=0.689500, mean_diversity=0.239450,
indivs=40685613, elapsed_secs=47076, mean=0.485732, stdev=0.168737, best fit=0.689500, best_overall=0.689500, mean_diversity=0.214319,
indivs=40695615, elapsed_secs=47086, mean=0.530779, stdev=0.137000, best fit=0.689500, best_overall=0.689500, mean_diversity=0.323349,
indivs=40705624, elapsed_secs=47099, mean=0.528081, stdev=0.220177, best fit=0.689500, best_overall=0.689500, mean_diversity=0.083646,
indivs=40715659, elapsed_secs=47110, mean=0.522273, stdev=0.135098, best fit=0.689500, best_overall=0.689500, mean_diversity=0.282762,
indivs=40725820, elapsed_secs=47121, mean=0.563047, stdev=0.174714, best fit=0.689500, best_overall=0.689500, mean_diversity=0.171018,
indivs=40735901, elapsed_secs=47133, mean=0.518889, stdev=0.055470, best fit=0.689500, best_overall=0.689500, mean_diversity=0.251892,
indivs=40745981, elapsed_secs=47143, mean=0.559974, stdev=0.096622, best fit=0.689500, best_overall=0.689500, mean_diversity=0.235112,
indivs=40756006, elapsed_secs=47155, mean=0.567840, stdev=0.157745, best fit=0.689500, best_overall=0.689500, mean_diversity=0.315913,
indivs=40766075, elapsed_secs=47166, mean=0.562768, stdev=0.154747, best fit=0.689500, best_overall=0.689500, mean_diversity=0.226016,
indivs=40776107, elapsed_secs=47177, mean=0.499932, stdev=0.211877, best fit=0.689500, best_overall=0.689500, mean_diversity=0.209402,
indivs=40786125, elapsed_secs=47188, mean=0.449409, stdev=0.159693, best fit=0.689500, best_overall=0.689500, mean_diversity=0.124573,
indivs=40796208, elapsed_secs=47199, mean=0.518791, stdev=0.199433, best fit=0.689500, best_overall=0.689500, mean_diversity=0.293704,
indivs=40806276, elapsed_secs=47213, mean=0.598701, stdev=0.153023, best fit=0.689500, best_overall=0.689500, mean_diversity=0.053084,
indivs=40816295, elapsed_secs=47224, mean=0.520445, stdev=0.194085, best fit=0.689500, best_overall=0.689500, mean_diversity=0.166508,
indivs=40826361, elapsed_secs=47236, mean=0.505396, stdev=0.027168, best fit=0.689500, best_overall=0.689500, mean_diversity=0.110984,
indivs=40836381, elapsed_secs=47249, mean=0.506271, stdev=0.164556, best fit=0.689500, best_overall=0.689500, mean_diversity=0.175906,
indivs=40846466, elapsed_secs=47260, mean=0.473746, stdev=0.177030, best fit=0.689500, best_overall=0.689500, mean_diversity=0.471818,
indivs=40856479, elapsed_secs=47270, mean=0.501895, stdev=0.018855, best fit=0.689500, best_overall=0.689500, mean_diversity=0.089902,
indivs=40866479, elapsed_secs=47281, mean=0.509960, stdev=0.148328, best fit=0.689500, best_overall=0.689500, mean_diversity=0.402009,
indivs=40876493, elapsed_secs=47291, mean=0.504673, stdev=0.027104, best fit=0.689500, best_overall=0.689500, mean_diversity=0.105787,
indivs=40886506, elapsed_secs=47302, mean=0.481467, stdev=0.232801, best fit=0.689500, best_overall=0.689500, mean_diversity=0.099613,
indivs=40896533, elapsed_secs=47313, mean=0.569428, stdev=0.155479, best fit=0.689500, best_overall=0.689500, mean_diversity=0.234668,
indivs=40906562, elapsed_secs=47327, mean=0.539533, stdev=0.162848, best fit=0.689500, best_overall=0.689500, mean_diversity=0.199735,
indivs=40916603, elapsed_secs=47338, mean=0.568744, stdev=0.129551, best fit=0.689500, best_overall=0.689500, mean_diversity=0.147695,
indivs=40926635, elapsed_secs=47348, mean=0.534107, stdev=0.122865, best fit=0.689500, best_overall=0.689500, mean_diversity=0.380440,
indivs=40936647, elapsed_secs=47359, mean=0.519224, stdev=0.115019, best fit=0.689500, best_overall=0.689500, mean_diversity=0.237076,
indivs=40946727, elapsed_secs=47372, mean=0.488369, stdev=0.236046, best fit=0.689500, best_overall=0.689500, mean_diversity=0.089573,
indivs=40956796, elapsed_secs=47384, mean=0.558108, stdev=0.129745, best fit=0.689500, best_overall=0.689500, mean_diversity=0.133446,
indivs=40966904, elapsed_secs=47395, mean=0.532887, stdev=0.135230, best fit=0.689500, best_overall=0.689500, mean_diversity=0.189875,
indivs=40976926, elapsed_secs=47406, mean=0.516224, stdev=0.171686, best fit=0.689500, best_overall=0.689500, mean_diversity=0.233243,
indivs=40986945, elapsed_secs=47417, mean=0.560216, stdev=0.129520, best fit=0.689500, best_overall=0.689500, mean_diversity=0.236749,
indivs=40997034, elapsed_secs=47428, mean=0.546568, stdev=0.197914, best fit=0.689500, best_overall=0.689500, mean_diversity=0.051811,
indivs=41007112, elapsed_secs=47440, mean=0.556256, stdev=0.142797, best fit=0.689500, best_overall=0.689500, mean_diversity=0.225145,
indivs=41017258, elapsed_secs=47451, mean=0.547051, stdev=0.171154, best fit=0.689500, best_overall=0.689500, mean_diversity=0.283843,
indivs=41027362, elapsed_secs=47462, mean=0.530735, stdev=0.148337, best fit=0.689500, best_overall=0.689500, mean_diversity=0.251600,
indivs=41037381, elapsed_secs=47473, mean=0.538846, stdev=0.134922, best fit=0.689500, best_overall=0.689500, mean_diversity=0.244218,
indivs=41047469, elapsed_secs=47485, mean=0.509843, stdev=0.147765, best fit=0.689500, best_overall=0.689500, mean_diversity=0.301547,
indivs=41057486, elapsed_secs=47496, mean=0.574885, stdev=0.126810, best fit=0.689500, best_overall=0.689500, mean_diversity=0.231159,
indivs=41067535, elapsed_secs=47505, mean=0.558979, stdev=0.200905, best fit=0.689500, best_overall=0.689500, mean_diversity=0.057533,
indivs=41077604, elapsed_secs=47515, mean=0.539214, stdev=0.091036, best fit=0.689500, best_overall=0.689500, mean_diversity=0.269344,
indivs=41087646, elapsed_secs=47527, mean=0.472129, stdev=0.187901, best fit=0.689500, best_overall=0.689500, mean_diversity=0.255586,
indivs=41097661, elapsed_secs=47539, mean=0.481897, stdev=0.100157, best fit=0.689500, best_overall=0.689500, mean_diversity=0.101876,
indivs=41107799, elapsed_secs=47554, mean=0.472823, stdev=0.217746, best fit=0.689500, best_overall=0.689500, mean_diversity=0.121114,
indivs=41117841, elapsed_secs=47567, mean=0.504921, stdev=0.062399, best fit=0.689500, best_overall=0.689500, mean_diversity=0.349486,
indivs=41127946, elapsed_secs=47578, mean=0.559622, stdev=0.128028, best fit=0.689500, best_overall=0.689500, mean_diversity=0.195547,
indivs=41137988, elapsed_secs=47590, mean=0.525193, stdev=0.085999, best fit=0.689500, best_overall=0.689500, mean_diversity=0.255758,
indivs=41148021, elapsed_secs=47600, mean=0.485387, stdev=0.264640, best fit=0.689500, best_overall=0.689500, mean_diversity=0.075779,
indivs=41158086, elapsed_secs=47611, mean=0.500552, stdev=0.127457, best fit=0.689500, best_overall=0.689500, mean_diversity=0.369217,
indivs=41168156, elapsed_secs=47623, mean=0.471397, stdev=0.185566, best fit=0.689500, best_overall=0.689500, mean_diversity=0.279700,
indivs=41178262, elapsed_secs=47636, mean=0.539205, stdev=0.219619, best fit=0.689500, best_overall=0.689500, mean_diversity=0.131596,
indivs=41188282, elapsed_secs=47647, mean=0.515285, stdev=0.172183, best fit=0.689500, best_overall=0.689500, mean_diversity=0.097816,
indivs=41198293, elapsed_secs=47658, mean=0.496289, stdev=0.139348, best fit=0.689500, best_overall=0.689500, mean_diversity=0.357378,
indivs=41208357, elapsed_secs=47669, mean=0.494096, stdev=0.074630, best fit=0.689500, best_overall=0.689500, mean_diversity=0.130885,
indivs=41218401, elapsed_secs=47680, mean=0.583376, stdev=0.176546, best fit=0.689500, best_overall=0.689500, mean_diversity=0.163487,
indivs=41228518, elapsed_secs=47693, mean=0.493902, stdev=0.148573, best fit=0.689500, best_overall=0.689500, mean_diversity=0.264503,
indivs=41238619, elapsed_secs=47706, mean=0.513097, stdev=0.073091, best fit=0.689500, best_overall=0.689500, mean_diversity=0.122522,
indivs=41248782, elapsed_secs=47716, mean=0.536966, stdev=0.213117, best fit=0.689500, best_overall=0.689500, mean_diversity=0.102217,
indivs=41258803, elapsed_secs=47727, mean=0.545245, stdev=0.150988, best fit=0.689500, best_overall=0.689500, mean_diversity=0.232641,
indivs=41268856, elapsed_secs=47738, mean=0.450681, stdev=0.171883, best fit=0.689500, best_overall=0.689500, mean_diversity=0.124953,
indivs=41278916, elapsed_secs=47751, mean=0.505441, stdev=0.030968, best fit=0.689500, best_overall=0.689500, mean_diversity=0.074321,
indivs=41289019, elapsed_secs=47762, mean=0.472847, stdev=0.217389, best fit=0.689500, best_overall=0.689500, mean_diversity=0.130867,
indivs=41299039, elapsed_secs=47773, mean=0.519430, stdev=0.187834, best fit=0.689500, best_overall=0.689500, mean_diversity=0.256860,
indivs=41309133, elapsed_secs=47785, mean=0.564771, stdev=0.192684, best fit=0.689500, best_overall=0.689500, mean_diversity=0.138352,
indivs=41319235, elapsed_secs=47797, mean=0.554614, stdev=0.200243, best fit=0.689500, best_overall=0.689500, mean_diversity=0.124665,
indivs=41329247, elapsed_secs=47810, mean=0.494281, stdev=0.076215, best fit=0.689500, best_overall=0.689500, mean_diversity=0.210504,
indivs=41339258, elapsed_secs=47820, mean=0.579121, stdev=0.169240, best fit=0.689500, best_overall=0.689500, mean_diversity=0.038363,
indivs=41349263, elapsed_secs=47830, mean=0.493665, stdev=0.157681, best fit=0.689500, best_overall=0.689500, mean_diversity=0.311878,
indivs=41359365, elapsed_secs=47843, mean=0.551691, stdev=0.182421, best fit=0.689500, best_overall=0.689500, mean_diversity=0.208436,
indivs=41369446, elapsed_secs=47856, mean=0.532341, stdev=0.221285, best fit=0.689500, best_overall=0.689500, mean_diversity=0.114273,
indivs=41379489, elapsed_secs=47867, mean=0.485760, stdev=0.103335, best fit=0.689500, best_overall=0.689500, mean_diversity=0.121750,
indivs=41389589, elapsed_secs=47879, mean=0.538317, stdev=0.118916, best fit=0.689500, best_overall=0.689500, mean_diversity=0.314627,
indivs=41399684, elapsed_secs=47890, mean=0.504862, stdev=0.067393, best fit=0.689500, best_overall=0.689500, mean_diversity=0.149535,
indivs=41409735, elapsed_secs=47900, mean=0.462227, stdev=0.140848, best fit=0.689500, best_overall=0.689500, mean_diversity=0.229501,
indivs=41419835, elapsed_secs=47910, mean=0.555900, stdev=0.142012, best fit=0.689500, best_overall=0.689500, mean_diversity=0.168937,
indivs=41429864, elapsed_secs=47921, mean=0.513151, stdev=0.192659, best fit=0.689500, best_overall=0.689500, mean_diversity=0.256538,
indivs=41439989, elapsed_secs=47933, mean=0.557999, stdev=0.183445, best fit=0.689500, best_overall=0.689500, mean_diversity=0.170324,
indivs=41450042, elapsed_secs=47946, mean=0.492046, stdev=0.072773, best fit=0.689500, best_overall=0.689500, mean_diversity=0.176038,
indivs=41460050, elapsed_secs=47956, mean=0.489827, stdev=0.148392, best fit=0.689500, best_overall=0.689500, mean_diversity=0.308667,
indivs=41470056, elapsed_secs=47966, mean=0.501751, stdev=0.152462, best fit=0.689500, best_overall=0.689500, mean_diversity=0.403927,
indivs=41480100, elapsed_secs=47978, mean=0.453146, stdev=0.193133, best fit=0.689500, best_overall=0.689500, mean_diversity=0.222579,
indivs=41490163, elapsed_secs=47989, mean=0.495121, stdev=0.167555, best fit=0.689500, best_overall=0.689500, mean_diversity=0.312210,
indivs=41500189, elapsed_secs=48000, mean=0.547071, stdev=0.100179, best fit=0.689500, best_overall=0.689500, mean_diversity=0.145971,
indivs=41510292, elapsed_secs=48010, mean=0.503605, stdev=0.116231, best fit=0.689500, best_overall=0.689500, mean_diversity=0.206364,
indivs=41520293, elapsed_secs=48022, mean=0.540448, stdev=0.147362, best fit=0.689500, best_overall=0.689500, mean_diversity=0.242013,
indivs=41530381, elapsed_secs=48036, mean=0.546186, stdev=0.151823, best fit=0.689500, best_overall=0.689500, mean_diversity=0.363565,
indivs=41540391, elapsed_secs=48047, mean=0.512698, stdev=0.151797, best fit=0.689500, best_overall=0.689500, mean_diversity=0.242296,
indivs=41550465, elapsed_secs=48059, mean=0.489519, stdev=0.141385, best fit=0.689500, best_overall=0.689500, mean_diversity=0.263012,
indivs=41560471, elapsed_secs=48071, mean=0.572085, stdev=0.115137, best fit=0.689500, best_overall=0.689500, mean_diversity=0.362565,
indivs=41570527, elapsed_secs=48083, mean=0.514228, stdev=0.096796, best fit=0.689500, best_overall=0.689500, mean_diversity=0.314575,
indivs=41580548, elapsed_secs=48093, mean=0.497336, stdev=0.059507, best fit=0.689500, best_overall=0.689500, mean_diversity=0.153629,
indivs=41590616, elapsed_secs=48105, mean=0.507238, stdev=0.105434, best fit=0.689500, best_overall=0.689500, mean_diversity=0.134632,
indivs=41600747, elapsed_secs=48116, mean=0.568619, stdev=0.099574, best fit=0.689500, best_overall=0.689500, mean_diversity=0.320897,
indivs=41610862, elapsed_secs=48127, mean=0.551344, stdev=0.132846, best fit=0.689500, best_overall=0.689500, mean_diversity=0.264774,
indivs=41620966, elapsed_secs=48140, mean=0.502402, stdev=0.154256, best fit=0.689500, best_overall=0.689500, mean_diversity=0.356798,
indivs=41630986, elapsed_secs=48151, mean=0.485034, stdev=0.058437, best fit=0.689500, best_overall=0.689500, mean_diversity=0.085156,
indivs=41641090, elapsed_secs=48163, mean=0.470179, stdev=0.155470, best fit=0.689500, best_overall=0.689500, mean_diversity=0.246047,
indivs=41651111, elapsed_secs=48176, mean=0.515749, stdev=0.151886, best fit=0.689500, best_overall=0.689500, mean_diversity=0.313553,
indivs=41661247, elapsed_secs=48186, mean=0.523009, stdev=0.209793, best fit=0.689500, best_overall=0.689500, mean_diversity=0.210806,
indivs=41671267, elapsed_secs=48198, mean=0.530102, stdev=0.187937, best fit=0.689500, best_overall=0.689500, mean_diversity=0.073215,
indivs=41681370, elapsed_secs=48211, mean=0.534025, stdev=0.128915, best fit=0.689500, best_overall=0.689500, mean_diversity=0.410217,
indivs=41691449, elapsed_secs=48222, mean=0.578748, stdev=0.139782, best fit=0.689500, best_overall=0.689500, mean_diversity=0.057518,
indivs=41701603, elapsed_secs=48233, mean=0.546468, stdev=0.198705, best fit=0.689500, best_overall=0.689500, mean_diversity=0.142365,
indivs=41711605, elapsed_secs=48244, mean=0.474032, stdev=0.203348, best fit=0.689500, best_overall=0.689500, mean_diversity=0.148573,
indivs=41721663, elapsed_secs=48254, mean=0.544043, stdev=0.206046, best fit=0.689500, best_overall=0.689500, mean_diversity=0.121879,
indivs=41731755, elapsed_secs=48266, mean=0.554568, stdev=0.199689, best fit=0.689500, best_overall=0.689500, mean_diversity=0.117330,
indivs=41741916, elapsed_secs=48279, mean=0.542034, stdev=0.206731, best fit=0.689500, best_overall=0.689500, mean_diversity=0.144658,
indivs=41751986, elapsed_secs=48290, mean=0.476003, stdev=0.189305, best fit=0.689500, best_overall=0.689500, mean_diversity=0.327109,
indivs=41762106, elapsed_secs=48300, mean=0.564171, stdev=0.184004, best fit=0.689500, best_overall=0.689500, mean_diversity=0.213291,
indivs=41772223, elapsed_secs=48311, mean=0.516975, stdev=0.161577, best fit=0.689500, best_overall=0.689500, mean_diversity=0.347339,
indivs=41782316, elapsed_secs=48322, mean=0.489721, stdev=0.215085, best fit=0.689500, best_overall=0.689500, mean_diversity=0.073124,
indivs=41792394, elapsed_secs=48333, mean=0.545540, stdev=0.184623, best fit=0.689500, best_overall=0.689500, mean_diversity=0.147950,
indivs=41802471, elapsed_secs=48343, mean=0.522140, stdev=0.052745, best fit=0.689500, best_overall=0.689500, mean_diversity=0.307729,
indivs=41812476, elapsed_secs=48355, mean=0.572767, stdev=0.164653, best fit=0.689500, best_overall=0.689500, mean_diversity=0.258107,
indivs=41822632, elapsed_secs=48366, mean=0.559559, stdev=0.184064, best fit=0.689500, best_overall=0.689500, mean_diversity=0.186697,
indivs=41832723, elapsed_secs=48377, mean=0.476363, stdev=0.189210, best fit=0.689500, best_overall=0.689500, mean_diversity=0.434930,
indivs=41842855, elapsed_secs=48388, mean=0.594783, stdev=0.174667, best fit=0.689500, best_overall=0.689500, mean_diversity=0.051962,
indivs=41852934, elapsed_secs=48398, mean=0.499675, stdev=0.174674, best fit=0.689500, best_overall=0.689500, mean_diversity=0.270066,
indivs=41863022, elapsed_secs=48411, mean=0.540251, stdev=0.147341, best fit=0.689500, best_overall=0.689500, mean_diversity=0.148647,
indivs=41873112, elapsed_secs=48422, mean=0.518777, stdev=0.072493, best fit=0.689500, best_overall=0.689500, mean_diversity=0.338913,
indivs=41883211, elapsed_secs=48435, mean=0.510367, stdev=0.159971, best fit=0.689500, best_overall=0.689500, mean_diversity=0.274411,
indivs=41893381, elapsed_secs=48445, mean=0.530811, stdev=0.230993, best fit=0.689500, best_overall=0.689500, mean_diversity=0.135267,
indivs=41903520, elapsed_secs=48456, mean=0.603770, stdev=0.100711, best fit=0.689500, best_overall=0.689500, mean_diversity=0.172105,
indivs=41913615, elapsed_secs=48467, mean=0.574652, stdev=0.111869, best fit=0.689500, best_overall=0.689500, mean_diversity=0.169679,
indivs=41923669, elapsed_secs=48479, mean=0.519465, stdev=0.095279, best fit=0.689500, best_overall=0.689500, mean_diversity=0.341600,
indivs=41933757, elapsed_secs=48491, mean=0.434973, stdev=0.181418, best fit=0.689500, best_overall=0.689500, mean_diversity=0.258433,
indivs=41943757, elapsed_secs=48502, mean=0.525359, stdev=0.154803, best fit=0.689500, best_overall=0.689500, mean_diversity=0.357281,
indivs=41953830, elapsed_secs=48513, mean=0.512163, stdev=0.125794, best fit=0.689500, best_overall=0.689500, mean_diversity=0.320859,
indivs=41963854, elapsed_secs=48526, mean=0.529387, stdev=0.132968, best fit=0.689500, best_overall=0.689500, mean_diversity=0.211943,
indivs=41973872, elapsed_secs=48537, mean=0.505063, stdev=0.168535, best fit=0.689500, best_overall=0.689500, mean_diversity=0.099951,
indivs=41983902, elapsed_secs=48546, mean=0.566202, stdev=0.093160, best fit=0.689500, best_overall=0.689500, mean_diversity=0.113920,
indivs=41994012, elapsed_secs=48559, mean=0.462657, stdev=0.230663, best fit=0.689500, best_overall=0.689500, mean_diversity=0.123614,
indivs=42004081, elapsed_secs=48569, mean=0.524315, stdev=0.121068, best fit=0.689500, best_overall=0.689500, mean_diversity=0.180286,
indivs=42014151, elapsed_secs=48581, mean=0.518529, stdev=0.251877, best fit=0.689500, best_overall=0.689500, mean_diversity=0.072036,
indivs=42024204, elapsed_secs=48592, mean=0.466166, stdev=0.223722, best fit=0.689500, best_overall=0.689500, mean_diversity=0.257731,
indivs=42034284, elapsed_secs=48607, mean=0.568365, stdev=0.166846, best fit=0.689500, best_overall=0.689500, mean_diversity=0.143507,
indivs=42044313, elapsed_secs=48618, mean=0.480449, stdev=0.193424, best fit=0.689500, best_overall=0.689500, mean_diversity=0.207891,
indivs=42054400, elapsed_secs=48629, mean=0.571559, stdev=0.184191, best fit=0.689500, best_overall=0.689500, mean_diversity=0.049078,
indivs=42064475, elapsed_secs=48640, mean=0.523201, stdev=0.153716, best fit=0.689500, best_overall=0.689500, mean_diversity=0.298848,
indivs=42074581, elapsed_secs=48652, mean=0.514198, stdev=0.057668, best fit=0.689500, best_overall=0.689500, mean_diversity=0.183636,
indivs=42084595, elapsed_secs=48662, mean=0.561179, stdev=0.129305, best fit=0.689500, best_overall=0.689500, mean_diversity=0.182909,
indivs=42094724, elapsed_secs=48671, mean=0.577779, stdev=0.185064, best fit=0.689500, best_overall=0.689500, mean_diversity=0.061547,
indivs=42104814, elapsed_secs=48682, mean=0.523287, stdev=0.163438, best fit=0.689500, best_overall=0.689500, mean_diversity=0.206997,
indivs=42114872, elapsed_secs=48691, mean=0.559848, stdev=0.163227, best fit=0.689500, best_overall=0.689500, mean_diversity=0.108044,
indivs=42124970, elapsed_secs=48701, mean=0.529839, stdev=0.162650, best fit=0.689500, best_overall=0.689500, mean_diversity=0.229444,
indivs=42134990, elapsed_secs=48713, mean=0.535741, stdev=0.117780, best fit=0.689500, best_overall=0.689500, mean_diversity=0.284455,
indivs=42145043, elapsed_secs=48723, mean=0.505229, stdev=0.066507, best fit=0.689500, best_overall=0.689500, mean_diversity=0.179699,
indivs=42155100, elapsed_secs=48735, mean=0.293573, stdev=0.287637, best fit=0.689500, best_overall=0.689500, mean_diversity=0.075235,
indivs=42165221, elapsed_secs=48746, mean=0.517703, stdev=0.117479, best fit=0.689500, best_overall=0.689500, mean_diversity=0.310631,
indivs=42175275, elapsed_secs=48757, mean=0.512156, stdev=0.124346, best fit=0.689500, best_overall=0.689500, mean_diversity=0.258694,
indivs=42185300, elapsed_secs=48767, mean=0.501392, stdev=0.192053, best fit=0.689500, best_overall=0.689500, mean_diversity=0.243448,
indivs=42195439, elapsed_secs=48779, mean=0.572809, stdev=0.185444, best fit=0.689500, best_overall=0.689500, mean_diversity=0.118032,
indivs=42205537, elapsed_secs=48791, mean=0.511049, stdev=0.105057, best fit=0.689500, best_overall=0.689500, mean_diversity=0.333812,
indivs=42215644, elapsed_secs=48801, mean=0.595319, stdev=0.102118, best fit=0.689500, best_overall=0.689500, mean_diversity=0.267673,
indivs=42225656, elapsed_secs=48812, mean=0.485315, stdev=0.118527, best fit=0.689500, best_overall=0.689500, mean_diversity=0.180449,
indivs=42235725, elapsed_secs=48824, mean=0.532668, stdev=0.142411, best fit=0.689500, best_overall=0.689500, mean_diversity=0.329496,
indivs=42245726, elapsed_secs=48837, mean=0.521785, stdev=0.093656, best fit=0.689500, best_overall=0.689500, mean_diversity=0.282080,
indivs=42255838, elapsed_secs=48849, mean=0.569858, stdev=0.110116, best fit=0.689500, best_overall=0.689500, mean_diversity=0.071330,
indivs=42265938, elapsed_secs=48860, mean=0.518645, stdev=0.140445, best fit=0.689500, best_overall=0.689500, mean_diversity=0.333069,
indivs=42275985, elapsed_secs=48871, mean=0.542754, stdev=0.157098, best fit=0.689500, best_overall=0.689500, mean_diversity=0.241404,
indivs=42286093, elapsed_secs=48883, mean=0.574985, stdev=0.140279, best fit=0.689500, best_overall=0.689500, mean_diversity=0.156518,
indivs=42296220, elapsed_secs=48894, mean=0.522569, stdev=0.232507, best fit=0.689500, best_overall=0.689500, mean_diversity=0.074134,
indivs=42306300, elapsed_secs=48905, mean=0.522170, stdev=0.047660, best fit=0.689500, best_overall=0.689500, mean_diversity=0.282038,
indivs=42316338, elapsed_secs=48915, mean=0.522835, stdev=0.148600, best fit=0.689500, best_overall=0.689500, mean_diversity=0.306855,
indivs=42326419, elapsed_secs=48928, mean=0.512727, stdev=0.172493, best fit=0.689500, best_overall=0.689500, mean_diversity=0.164630,
indivs=42336536, elapsed_secs=48939, mean=0.375200, stdev=0.278123, best fit=0.689500, best_overall=0.689500, mean_diversity=0.132045,
indivs=42346591, elapsed_secs=48950, mean=0.525833, stdev=0.173496, best fit=0.689500, best_overall=0.689500, mean_diversity=0.260339,
indivs=42356706, elapsed_secs=48961, mean=0.513968, stdev=0.125545, best fit=0.689500, best_overall=0.689500, mean_diversity=0.255968,
indivs=42366732, elapsed_secs=48972, mean=0.405011, stdev=0.213620, best fit=0.689500, best_overall=0.689500, mean_diversity=0.265436,
indivs=42376808, elapsed_secs=48983, mean=0.517206, stdev=0.240887, best fit=0.689500, best_overall=0.689500, mean_diversity=0.062176,
indivs=42386925, elapsed_secs=48996, mean=0.526680, stdev=0.169914, best fit=0.689500, best_overall=0.689500, mean_diversity=0.279327,
indivs=42396945, elapsed_secs=49008, mean=0.503170, stdev=0.101315, best fit=0.689500, best_overall=0.689500, mean_diversity=0.248830,
indivs=42406963, elapsed_secs=49019, mean=0.552893, stdev=0.110104, best fit=0.689500, best_overall=0.689500, mean_diversity=0.156177,
indivs=42417069, elapsed_secs=49031, mean=0.532919, stdev=0.100436, best fit=0.689500, best_overall=0.689500, mean_diversity=0.372161,
indivs=42427122, elapsed_secs=49043, mean=0.498698, stdev=0.239294, best fit=0.689500, best_overall=0.689500, mean_diversity=0.047847,
indivs=42437233, elapsed_secs=49057, mean=0.506079, stdev=0.167325, best fit=0.689500, best_overall=0.689500, mean_diversity=0.312524,
indivs=42447316, elapsed_secs=49068, mean=0.511915, stdev=0.089600, best fit=0.689500, best_overall=0.689500, mean_diversity=0.222192,
indivs=42457448, elapsed_secs=49080, mean=0.547347, stdev=0.138202, best fit=0.689500, best_overall=0.689500, mean_diversity=0.277873,
indivs=42467510, elapsed_secs=49092, mean=0.505593, stdev=0.100277, best fit=0.689500, best_overall=0.689500, mean_diversity=0.345233,
indivs=42477613, elapsed_secs=49104, mean=0.512340, stdev=0.170405, best fit=0.689500, best_overall=0.689500, mean_diversity=0.404583,
indivs=42487682, elapsed_secs=49115, mean=0.465151, stdev=0.216636, best fit=0.689500, best_overall=0.689500, mean_diversity=0.106049,
indivs=42497764, elapsed_secs=49127, mean=0.560686, stdev=0.167231, best fit=0.689500, best_overall=0.689500, mean_diversity=0.136450,
indivs=42507917, elapsed_secs=49139, mean=0.597279, stdev=0.145686, best fit=0.689500, best_overall=0.689500, mean_diversity=0.152258,
indivs=42518012, elapsed_secs=49151, mean=0.528015, stdev=0.191663, best fit=0.689500, best_overall=0.689500, mean_diversity=0.100642,
indivs=42528107, elapsed_secs=49163, mean=0.568990, stdev=0.168221, best fit=0.689500, best_overall=0.689500, mean_diversity=0.199366,
indivs=42538107, elapsed_secs=49175, mean=0.560738, stdev=0.201332, best fit=0.689500, best_overall=0.689500, mean_diversity=0.082710,
indivs=42548108, elapsed_secs=49186, mean=0.508400, stdev=0.240855, best fit=0.689500, best_overall=0.689500, mean_diversity=0.110847,
indivs=42558164, elapsed_secs=49198, mean=0.493017, stdev=0.095289, best fit=0.689500, best_overall=0.689500, mean_diversity=0.239186,
indivs=42568173, elapsed_secs=49209, mean=0.503803, stdev=0.118835, best fit=0.689500, best_overall=0.689500, mean_diversity=0.413242,
indivs=42578243, elapsed_secs=49221, mean=0.468676, stdev=0.176560, best fit=0.689500, best_overall=0.689500, mean_diversity=0.342009,
indivs=42588286, elapsed_secs=49232, mean=0.494004, stdev=0.194193, best fit=0.689500, best_overall=0.689500, mean_diversity=0.276489,
indivs=42598372, elapsed_secs=49244, mean=0.520910, stdev=0.126873, best fit=0.689500, best_overall=0.689500, mean_diversity=0.331446,
indivs=42608436, elapsed_secs=49256, mean=0.508964, stdev=0.202737, best fit=0.689500, best_overall=0.689500, mean_diversity=0.207260,
indivs=42618482, elapsed_secs=49266, mean=0.575255, stdev=0.140638, best fit=0.689500, best_overall=0.689500, mean_diversity=0.108301,
indivs=42628601, elapsed_secs=49278, mean=0.548355, stdev=0.180488, best fit=0.689500, best_overall=0.689500, mean_diversity=0.262324,
indivs=42638743, elapsed_secs=49290, mean=0.525616, stdev=0.201048, best fit=0.689500, best_overall=0.689500, mean_diversity=0.139585,
indivs=42648869, elapsed_secs=49300, mean=0.532016, stdev=0.156270, best fit=0.689500, best_overall=0.689500, mean_diversity=0.409154,
indivs=42658888, elapsed_secs=49310, mean=0.570394, stdev=0.121427, best fit=0.689500, best_overall=0.689500, mean_diversity=0.135172,
indivs=42668913, elapsed_secs=49319, mean=0.545147, stdev=0.178155, best fit=0.689500, best_overall=0.689500, mean_diversity=0.140286,
indivs=42678919, elapsed_secs=49332, mean=0.537059, stdev=0.124043, best fit=0.689500, best_overall=0.689500, mean_diversity=0.210501,
indivs=42688995, elapsed_secs=49345, mean=0.525773, stdev=0.192001, best fit=0.689500, best_overall=0.689500, mean_diversity=0.189657,
indivs=42699020, elapsed_secs=49355, mean=0.553366, stdev=0.164047, best fit=0.689500, best_overall=0.689500, mean_diversity=0.220236,
indivs=42709047, elapsed_secs=49368, mean=0.540965, stdev=0.081773, best fit=0.689500, best_overall=0.689500, mean_diversity=0.100315,
indivs=42719092, elapsed_secs=49377, mean=0.577876, stdev=0.070792, best fit=0.689500, best_overall=0.689500, mean_diversity=0.115495,
indivs=42729130, elapsed_secs=49387, mean=0.505698, stdev=0.102821, best fit=0.689500, best_overall=0.689500, mean_diversity=0.361049,
indivs=42739165, elapsed_secs=49398, mean=0.547153, stdev=0.215995, best fit=0.689500, best_overall=0.689500, mean_diversity=0.139191,
indivs=42749287, elapsed_secs=49409, mean=0.529953, stdev=0.180881, best fit=0.689500, best_overall=0.689500, mean_diversity=0.178196,
indivs=42759348, elapsed_secs=49421, mean=0.389537, stdev=0.249747, best fit=0.689500, best_overall=0.689500, mean_diversity=0.170963,
indivs=42769499, elapsed_secs=49435, mean=0.569802, stdev=0.198884, best fit=0.689500, best_overall=0.689500, mean_diversity=0.082365,
indivs=42779499, elapsed_secs=49445, mean=0.520111, stdev=0.126086, best fit=0.689500, best_overall=0.689500, mean_diversity=0.263173,
indivs=42789540, elapsed_secs=49456, mean=0.506030, stdev=0.034234, best fit=0.689500, best_overall=0.689500, mean_diversity=0.084006,
indivs=42799553, elapsed_secs=49469, mean=0.522383, stdev=0.115863, best fit=0.689500, best_overall=0.689500, mean_diversity=0.402341,
indivs=42809610, elapsed_secs=49480, mean=0.511724, stdev=0.238222, best fit=0.689500, best_overall=0.689500, mean_diversity=0.060508,
indivs=42819741, elapsed_secs=49494, mean=0.560409, stdev=0.149375, best fit=0.689500, best_overall=0.689500, mean_diversity=0.249852,
indivs=42829807, elapsed_secs=49505, mean=0.520343, stdev=0.114092, best fit=0.689500, best_overall=0.689500, mean_diversity=0.356163,
indivs=42839878, elapsed_secs=49515, mean=0.567631, stdev=0.164759, best fit=0.689500, best_overall=0.689500, mean_diversity=0.113021,
indivs=42849923, elapsed_secs=49526, mean=0.496982, stdev=0.214583, best fit=0.689500, best_overall=0.689500, mean_diversity=0.140955,
indivs=42860041, elapsed_secs=49538, mean=0.560754, stdev=0.141054, best fit=0.689500, best_overall=0.689500, mean_diversity=0.171026,
indivs=42870154, elapsed_secs=49551, mean=0.516957, stdev=0.196762, best fit=0.689500, best_overall=0.689500, mean_diversity=0.202690,
indivs=42880222, elapsed_secs=49562, mean=0.510733, stdev=0.160427, best fit=0.689500, best_overall=0.689500, mean_diversity=0.193206,
indivs=42890284, elapsed_secs=49574, mean=0.489767, stdev=0.160930, best fit=0.689500, best_overall=0.689500, mean_diversity=0.327073,
indivs=42900388, elapsed_secs=49586, mean=0.532929, stdev=0.234340, best fit=0.689500, best_overall=0.689500, mean_diversity=0.103825,
indivs=42910443, elapsed_secs=49597, mean=0.500685, stdev=0.042963, best fit=0.689500, best_overall=0.689500, mean_diversity=0.110877,
indivs=42920444, elapsed_secs=49609, mean=0.508726, stdev=0.123340, best fit=0.689500, best_overall=0.689500, mean_diversity=0.293837,
indivs=42930532, elapsed_secs=49620, mean=0.556273, stdev=0.101581, best fit=0.689500, best_overall=0.689500, mean_diversity=0.282842,
indivs=42940535, elapsed_secs=49630, mean=0.541827, stdev=0.159560, best fit=0.689500, best_overall=0.689500, mean_diversity=0.224779,
indivs=42950653, elapsed_secs=49641, mean=0.507841, stdev=0.167618, best fit=0.689500, best_overall=0.689500, mean_diversity=0.252615,
indivs=42960720, elapsed_secs=49652, mean=0.550339, stdev=0.148040, best fit=0.689500, best_overall=0.689500, mean_diversity=0.182956,
indivs=42970755, elapsed_secs=49664, mean=0.544960, stdev=0.172490, best fit=0.689500, best_overall=0.689500, mean_diversity=0.101627,
indivs=42980794, elapsed_secs=49674, mean=0.519153, stdev=0.174653, best fit=0.689500, best_overall=0.689500, mean_diversity=0.380041,
indivs=42990813, elapsed_secs=49684, mean=0.502124, stdev=0.018932, best fit=0.689500, best_overall=0.689500, mean_diversity=0.087209,
indivs=43000824, elapsed_secs=49697, mean=0.486891, stdev=0.087677, best fit=0.689500, best_overall=0.689500, mean_diversity=0.069088,
indivs=43010831, elapsed_secs=49710, mean=0.497567, stdev=0.060548, best fit=0.689500, best_overall=0.689500, mean_diversity=0.276643,
indivs=43020921, elapsed_secs=49721, mean=0.444908, stdev=0.181899, best fit=0.689500, best_overall=0.689500, mean_diversity=0.378333,
indivs=43030999, elapsed_secs=49733, mean=0.533180, stdev=0.205670, best fit=0.689500, best_overall=0.689500, mean_diversity=0.249271,
indivs=43041093, elapsed_secs=49743, mean=0.495646, stdev=0.053793, best fit=0.689500, best_overall=0.689500, mean_diversity=0.071393,
indivs=43051149, elapsed_secs=49754, mean=0.518447, stdev=0.052796, best fit=0.689500, best_overall=0.689500, mean_diversity=0.286490,
indivs=43061247, elapsed_secs=49765, mean=0.531203, stdev=0.134565, best fit=0.689500, best_overall=0.689500, mean_diversity=0.318400,
indivs=43071323, elapsed_secs=49778, mean=0.503893, stdev=0.025028, best fit=0.689500, best_overall=0.689500, mean_diversity=0.077990,
indivs=43081325, elapsed_secs=49788, mean=0.516491, stdev=0.106862, best fit=0.689500, best_overall=0.689500, mean_diversity=0.216582,
indivs=43091370, elapsed_secs=49801, mean=0.492096, stdev=0.093158, best fit=0.689500, best_overall=0.689500, mean_diversity=0.165650,
indivs=43101399, elapsed_secs=49813, mean=0.529063, stdev=0.131691, best fit=0.689500, best_overall=0.689500, mean_diversity=0.309628,
indivs=43111456, elapsed_secs=49825, mean=0.548244, stdev=0.163741, best fit=0.689500, best_overall=0.689500, mean_diversity=0.272317,
indivs=43121468, elapsed_secs=49836, mean=0.523798, stdev=0.182973, best fit=0.689500, best_overall=0.689500, mean_diversity=0.272033,
indivs=43131501, elapsed_secs=49848, mean=0.472960, stdev=0.164944, best fit=0.689500, best_overall=0.689500, mean_diversity=0.222504,
indivs=43141652, elapsed_secs=49857, mean=0.546240, stdev=0.174677, best fit=0.689500, best_overall=0.689500, mean_diversity=0.265856,
indivs=43151678, elapsed_secs=49867, mean=0.495742, stdev=0.043401, best fit=0.689500, best_overall=0.689500, mean_diversity=0.175345,
indivs=43161743, elapsed_secs=49879, mean=0.482158, stdev=0.177374, best fit=0.689500, best_overall=0.689500, mean_diversity=0.332236,
indivs=43171762, elapsed_secs=49890, mean=0.433447, stdev=0.180796, best fit=0.689500, best_overall=0.689500, mean_diversity=0.243259,
indivs=43181820, elapsed_secs=49901, mean=0.512594, stdev=0.095102, best fit=0.689500, best_overall=0.689500, mean_diversity=0.214261,
indivs=43191898, elapsed_secs=49912, mean=0.580623, stdev=0.157311, best fit=0.689500, best_overall=0.689500, mean_diversity=0.213722,
indivs=43202034, elapsed_secs=49923, mean=0.598042, stdev=0.176417, best fit=0.689500, best_overall=0.689500, mean_diversity=0.089532,
indivs=43212124, elapsed_secs=49937, mean=0.505623, stdev=0.030900, best fit=0.689500, best_overall=0.689500, mean_diversity=0.085818,
indivs=43222237, elapsed_secs=49948, mean=0.552151, stdev=0.135544, best fit=0.689500, best_overall=0.689500, mean_diversity=0.209448,
indivs=43232238, elapsed_secs=49959, mean=0.435042, stdev=0.249816, best fit=0.689500, best_overall=0.689500, mean_diversity=0.244550,
indivs=43242324, elapsed_secs=49969, mean=0.550195, stdev=0.163315, best fit=0.689500, best_overall=0.689500, mean_diversity=0.280706,
indivs=43252420, elapsed_secs=49981, mean=0.464073, stdev=0.206934, best fit=0.689500, best_overall=0.689500, mean_diversity=0.183560,
indivs=43262457, elapsed_secs=49993, mean=0.541383, stdev=0.208038, best fit=0.689500, best_overall=0.689500, mean_diversity=0.080149,
indivs=43272590, elapsed_secs=50004, mean=0.566924, stdev=0.148726, best fit=0.689500, best_overall=0.689500, mean_diversity=0.107554,
indivs=43282691, elapsed_secs=50014, mean=0.524114, stdev=0.076947, best fit=0.689500, best_overall=0.689500, mean_diversity=0.228999,
indivs=43292792, elapsed_secs=50025, mean=0.521870, stdev=0.099446, best fit=0.689500, best_overall=0.689500, mean_diversity=0.291053,
indivs=43302874, elapsed_secs=50037, mean=0.485624, stdev=0.202052, best fit=0.689500, best_overall=0.689500, mean_diversity=0.132284,
indivs=43312988, elapsed_secs=50049, mean=0.518690, stdev=0.213286, best fit=0.689500, best_overall=0.689500, mean_diversity=0.107527,
indivs=43323054, elapsed_secs=50060, mean=0.503762, stdev=0.061359, best fit=0.689500, best_overall=0.689500, mean_diversity=0.139208,
indivs=43333062, elapsed_secs=50072, mean=0.517592, stdev=0.173066, best fit=0.689500, best_overall=0.689500, mean_diversity=0.165208,
indivs=43343151, elapsed_secs=50084, mean=0.577284, stdev=0.119547, best fit=0.689500, best_overall=0.689500, mean_diversity=0.292079,
indivs=43353225, elapsed_secs=50094, mean=0.486323, stdev=0.136911, best fit=0.689500, best_overall=0.689500, mean_diversity=0.203183,
indivs=43363361, elapsed_secs=50106, mean=0.571001, stdev=0.142718, best fit=0.689500, best_overall=0.689500, mean_diversity=0.108524,
indivs=43373459, elapsed_secs=50118, mean=0.491613, stdev=0.073149, best fit=0.689500, best_overall=0.689500, mean_diversity=0.169786,
indivs=43383509, elapsed_secs=50130, mean=0.505940, stdev=0.091476, best fit=0.689500, best_overall=0.689500, mean_diversity=0.275237,
indivs=43393654, elapsed_secs=50140, mean=0.546500, stdev=0.172771, best fit=0.689500, best_overall=0.689500, mean_diversity=0.203378,
indivs=43403697, elapsed_secs=50153, mean=0.528181, stdev=0.207028, best fit=0.689500, best_overall=0.689500, mean_diversity=0.149238,
indivs=43413754, elapsed_secs=50165, mean=0.482020, stdev=0.088129, best fit=0.689500, best_overall=0.689500, mean_diversity=0.105364,
indivs=43423886, elapsed_secs=50176, mean=0.514643, stdev=0.151053, best fit=0.689500, best_overall=0.689500, mean_diversity=0.111816,
indivs=43434022, elapsed_secs=50187, mean=0.532165, stdev=0.227786, best fit=0.689500, best_overall=0.689500, mean_diversity=0.059698,
indivs=43444041, elapsed_secs=50199, mean=0.543367, stdev=0.084650, best fit=0.689500, best_overall=0.689500, mean_diversity=0.556853,
indivs=43454045, elapsed_secs=50208, mean=0.494038, stdev=0.171464, best fit=0.689500, best_overall=0.689500, mean_diversity=0.268511,
indivs=43464048, elapsed_secs=50219, mean=0.524843, stdev=0.181325, best fit=0.689500, best_overall=0.689500, mean_diversity=0.265692,
indivs=43474110, elapsed_secs=50228, mean=0.578941, stdev=0.113591, best fit=0.689500, best_overall=0.689500, mean_diversity=0.106963,
indivs=43484128, elapsed_secs=50238, mean=0.494369, stdev=0.120989, best fit=0.689500, best_overall=0.689500, mean_diversity=0.451435,
indivs=43494203, elapsed_secs=50250, mean=0.505925, stdev=0.031181, best fit=0.689500, best_overall=0.689500, mean_diversity=0.143241,
indivs=43504254, elapsed_secs=50261, mean=0.466972, stdev=0.164330, best fit=0.689500, best_overall=0.689500, mean_diversity=0.198526,
indivs=43514323, elapsed_secs=50273, mean=0.543833, stdev=0.138657, best fit=0.689500, best_overall=0.689500, mean_diversity=0.270651,
indivs=43524355, elapsed_secs=50283, mean=0.488017, stdev=0.140112, best fit=0.689500, best_overall=0.689500, mean_diversity=0.266192,
indivs=43534392, elapsed_secs=50295, mean=0.501896, stdev=0.018855, best fit=0.689500, best_overall=0.689500, mean_diversity=0.061640,
indivs=43544420, elapsed_secs=50306, mean=0.496849, stdev=0.200342, best fit=0.689500, best_overall=0.689500, mean_diversity=0.328100,
indivs=43554443, elapsed_secs=50315, mean=0.502301, stdev=0.068020, best fit=0.689500, best_overall=0.689500, mean_diversity=0.141417,
indivs=43564599, elapsed_secs=50327, mean=0.566674, stdev=0.171631, best fit=0.689500, best_overall=0.689500, mean_diversity=0.135169,
indivs=43574694, elapsed_secs=50338, mean=0.559433, stdev=0.158834, best fit=0.689500, best_overall=0.689500, mean_diversity=0.315912,
indivs=43584702, elapsed_secs=50349, mean=0.528516, stdev=0.210486, best fit=0.689500, best_overall=0.689500, mean_diversity=0.277448,
indivs=43594801, elapsed_secs=50361, mean=0.548542, stdev=0.138986, best fit=0.689500, best_overall=0.689500, mean_diversity=0.249461,
indivs=43604919, elapsed_secs=50372, mean=0.596203, stdev=0.166190, best fit=0.689500, best_overall=0.689500, mean_diversity=0.104462,
indivs=43615047, elapsed_secs=50383, mean=0.480155, stdev=0.183618, best fit=0.689500, best_overall=0.689500, mean_diversity=0.198462,
indivs=43625186, elapsed_secs=50394, mean=0.489834, stdev=0.224782, best fit=0.689500, best_overall=0.689500, mean_diversity=0.149819,
indivs=43635290, elapsed_secs=50406, mean=0.469880, stdev=0.254873, best fit=0.689500, best_overall=0.689500, mean_diversity=0.149907,
indivs=43645431, elapsed_secs=50418, mean=0.557864, stdev=0.118104, best fit=0.689500, best_overall=0.689500, mean_diversity=0.111336,
indivs=43655467, elapsed_secs=50429, mean=0.474933, stdev=0.206997, best fit=0.689500, best_overall=0.689500, mean_diversity=0.306923,
indivs=43665532, elapsed_secs=50440, mean=0.515605, stdev=0.102534, best fit=0.689500, best_overall=0.689500, mean_diversity=0.287543,
indivs=43675589, elapsed_secs=50452, mean=0.516154, stdev=0.160684, best fit=0.689500, best_overall=0.689500, mean_diversity=0.410464,
indivs=43685727, elapsed_secs=50465, mean=0.536135, stdev=0.205486, best fit=0.689500, best_overall=0.689500, mean_diversity=0.111211,
indivs=43695734, elapsed_secs=50475, mean=0.490129, stdev=0.175493, best fit=0.689500, best_overall=0.689500, mean_diversity=0.185102,
indivs=43705748, elapsed_secs=50487, mean=0.531247, stdev=0.119294, best fit=0.689500, best_overall=0.689500, mean_diversity=0.386189,
indivs=43715888, elapsed_secs=50501, mean=0.567221, stdev=0.157601, best fit=0.689500, best_overall=0.689500, mean_diversity=0.218136,
indivs=43725904, elapsed_secs=50512, mean=0.457117, stdev=0.226959, best fit=0.689500, best_overall=0.689500, mean_diversity=0.217444,
indivs=43735967, elapsed_secs=50523, mean=0.519209, stdev=0.172369, best fit=0.689500, best_overall=0.689500, mean_diversity=0.198175,
indivs=43745991, elapsed_secs=50535, mean=0.520825, stdev=0.224598, best fit=0.689500, best_overall=0.689500, mean_diversity=0.065411,
indivs=43756029, elapsed_secs=50546, mean=0.497764, stdev=0.054625, best fit=0.689500, best_overall=0.689500, mean_diversity=0.093260,
indivs=43766081, elapsed_secs=50559, mean=0.582748, stdev=0.127351, best fit=0.689500, best_overall=0.689500, mean_diversity=0.104269,
indivs=43776097, elapsed_secs=50569, mean=0.513554, stdev=0.140243, best fit=0.689500, best_overall=0.689500, mean_diversity=0.287790,
indivs=43786184, elapsed_secs=50580, mean=0.526063, stdev=0.105920, best fit=0.689500, best_overall=0.689500, mean_diversity=0.347881,
indivs=43796227, elapsed_secs=50592, mean=0.553724, stdev=0.126166, best fit=0.689500, best_overall=0.689500, mean_diversity=0.159878,
indivs=43806375, elapsed_secs=50605, mean=0.590774, stdev=0.092742, best fit=0.689500, best_overall=0.689500, mean_diversity=0.071560,
indivs=43816513, elapsed_secs=50616, mean=0.529667, stdev=0.200974, best fit=0.689500, best_overall=0.689500, mean_diversity=0.268253,
indivs=43826595, elapsed_secs=50628, mean=0.451415, stdev=0.206418, best fit=0.689500, best_overall=0.689500, mean_diversity=0.364368,
indivs=43836640, elapsed_secs=50639, mean=0.513172, stdev=0.213551, best fit=0.689500, best_overall=0.689500, mean_diversity=0.128956,
indivs=43846674, elapsed_secs=50651, mean=0.474077, stdev=0.110412, best fit=0.689500, best_overall=0.689500, mean_diversity=0.193881,
indivs=43856703, elapsed_secs=50663, mean=0.525830, stdev=0.163373, best fit=0.689500, best_overall=0.689500, mean_diversity=0.248435,
indivs=43866853, elapsed_secs=50674, mean=0.488325, stdev=0.231333, best fit=0.689500, best_overall=0.689500, mean_diversity=0.114943,
indivs=43876864, elapsed_secs=50685, mean=0.556430, stdev=0.156541, best fit=0.689500, best_overall=0.689500, mean_diversity=0.142251,
indivs=43886959, elapsed_secs=50697, mean=0.561260, stdev=0.139065, best fit=0.689500, best_overall=0.689500, mean_diversity=0.362191,
indivs=43897008, elapsed_secs=50708, mean=0.546573, stdev=0.122453, best fit=0.689500, best_overall=0.689500, mean_diversity=0.323008,
indivs=43907056, elapsed_secs=50719, mean=0.516396, stdev=0.069145, best fit=0.689500, best_overall=0.689500, mean_diversity=0.211768,
indivs=43917185, elapsed_secs=50731, mean=0.524956, stdev=0.131394, best fit=0.689500, best_overall=0.689500, mean_diversity=0.206594,
indivs=43927310, elapsed_secs=50741, mean=0.512117, stdev=0.240143, best fit=0.689500, best_overall=0.689500, mean_diversity=0.092107,
indivs=43937410, elapsed_secs=50752, mean=0.511623, stdev=0.095617, best fit=0.689500, best_overall=0.689500, mean_diversity=0.311719,
indivs=43947434, elapsed_secs=50765, mean=0.474722, stdev=0.168519, best fit=0.689500, best_overall=0.689500, mean_diversity=0.233633,
indivs=43957589, elapsed_secs=50777, mean=0.544403, stdev=0.189558, best fit=0.689500, best_overall=0.689500, mean_diversity=0.162296,
indivs=43967647, elapsed_secs=50787, mean=0.515633, stdev=0.049808, best fit=0.689500, best_overall=0.689500, mean_diversity=0.126439,
indivs=43977784, elapsed_secs=50800, mean=0.551846, stdev=0.199065, best fit=0.689500, best_overall=0.689500, mean_diversity=0.097251,
indivs=43987812, elapsed_secs=50812, mean=0.481699, stdev=0.121295, best fit=0.689500, best_overall=0.689500, mean_diversity=0.144290,
indivs=43997886, elapsed_secs=50822, mean=0.518798, stdev=0.035664, best fit=0.689500, best_overall=0.689500, mean_diversity=0.155571,
indivs=44007980, elapsed_secs=50833, mean=0.494263, stdev=0.157362, best fit=0.689500, best_overall=0.689500, mean_diversity=0.316049,
indivs=44017984, elapsed_secs=50846, mean=0.504691, stdev=0.120597, best fit=0.689500, best_overall=0.689500, mean_diversity=0.291938,
indivs=44028104, elapsed_secs=50855, mean=0.523683, stdev=0.076172, best fit=0.689500, best_overall=0.689500, mean_diversity=0.080115,
indivs=44038183, elapsed_secs=50865, mean=0.483136, stdev=0.140169, best fit=0.689500, best_overall=0.689500, mean_diversity=0.297040,
indivs=44048261, elapsed_secs=50877, mean=0.532529, stdev=0.197303, best fit=0.689500, best_overall=0.689500, mean_diversity=0.188534,
indivs=44058338, elapsed_secs=50889, mean=0.540900, stdev=0.197762, best fit=0.689500, best_overall=0.689500, mean_diversity=0.074437,
indivs=44068355, elapsed_secs=50899, mean=0.508394, stdev=0.039246, best fit=0.689500, best_overall=0.689500, mean_diversity=0.148670,
indivs=44078397, elapsed_secs=50910, mean=0.494689, stdev=0.107680, best fit=0.689500, best_overall=0.689500, mean_diversity=0.191964,
indivs=44088397, elapsed_secs=50921, mean=0.489364, stdev=0.078280, best fit=0.689500, best_overall=0.689500, mean_diversity=0.149678,
indivs=44098471, elapsed_secs=50933, mean=0.519784, stdev=0.093565, best fit=0.689500, best_overall=0.689500, mean_diversity=0.417500,
indivs=44108569, elapsed_secs=50945, mean=0.459320, stdev=0.143157, best fit=0.689500, best_overall=0.689500, mean_diversity=0.177132,
indivs=44118572, elapsed_secs=50956, mean=0.403873, stdev=0.195036, best fit=0.689500, best_overall=0.689500, mean_diversity=0.155576,
indivs=44128634, elapsed_secs=50967, mean=0.497384, stdev=0.122272, best fit=0.689500, best_overall=0.689500, mean_diversity=0.229520,
indivs=44138642, elapsed_secs=50978, mean=0.485142, stdev=0.110073, best fit=0.689500, best_overall=0.689500, mean_diversity=0.398675,
indivs=44148717, elapsed_secs=50988, mean=0.518011, stdev=0.111497, best fit=0.689500, best_overall=0.689500, mean_diversity=0.334005,
indivs=44158747, elapsed_secs=51000, mean=0.492735, stdev=0.075260, best fit=0.689500, best_overall=0.689500, mean_diversity=0.197442,
indivs=44168880, elapsed_secs=51012, mean=0.564388, stdev=0.126582, best fit=0.689500, best_overall=0.689500, mean_diversity=0.260635,
indivs=44179015, elapsed_secs=51023, mean=0.505731, stdev=0.234532, best fit=0.689500, best_overall=0.689500, mean_diversity=0.184536,
indivs=44189035, elapsed_secs=51034, mean=0.478608, stdev=0.252823, best fit=0.689500, best_overall=0.689500, mean_diversity=0.181293,
indivs=44199103, elapsed_secs=51047, mean=0.485585, stdev=0.193974, best fit=0.689500, best_overall=0.689500, mean_diversity=0.297955,
indivs=44209139, elapsed_secs=51057, mean=0.513402, stdev=0.222366, best fit=0.689500, best_overall=0.689500, mean_diversity=0.137990,
indivs=44219167, elapsed_secs=51069, mean=0.486467, stdev=0.110689, best fit=0.689500, best_overall=0.689500, mean_diversity=0.284856,
indivs=44229281, elapsed_secs=51081, mean=0.472533, stdev=0.212969, best fit=0.689500, best_overall=0.689500, mean_diversity=0.148428,
indivs=44239338, elapsed_secs=51091, mean=0.531773, stdev=0.079144, best fit=0.689500, best_overall=0.689500, mean_diversity=0.430838,
indivs=44249350, elapsed_secs=51100, mean=0.495883, stdev=0.053790, best fit=0.689500, best_overall=0.689500, mean_diversity=0.071269,
indivs=44259380, elapsed_secs=51111, mean=0.505325, stdev=0.094497, best fit=0.689500, best_overall=0.689500, mean_diversity=0.265479,
indivs=44269506, elapsed_secs=51124, mean=0.571584, stdev=0.145867, best fit=0.689500, best_overall=0.689500, mean_diversity=0.320336,
indivs=44279506, elapsed_secs=51134, mean=0.571354, stdev=0.145797, best fit=0.689500, best_overall=0.689500, mean_diversity=0.191149,
indivs=44289599, elapsed_secs=51144, mean=0.520014, stdev=0.106855, best fit=0.689500, best_overall=0.689500, mean_diversity=0.193790,
indivs=44299644, elapsed_secs=51156, mean=0.548208, stdev=0.125284, best fit=0.689500, best_overall=0.689500, mean_diversity=0.155426,
indivs=44309697, elapsed_secs=51166, mean=0.553837, stdev=0.144339, best fit=0.689500, best_overall=0.689500, mean_diversity=0.212456,
indivs=44319798, elapsed_secs=51178, mean=0.504494, stdev=0.092630, best fit=0.689500, best_overall=0.689500, mean_diversity=0.305143,
indivs=44329873, elapsed_secs=51190, mean=0.572491, stdev=0.063049, best fit=0.689500, best_overall=0.689500, mean_diversity=0.360021,
indivs=44339906, elapsed_secs=51202, mean=0.575061, stdev=0.172882, best fit=0.689500, best_overall=0.689500, mean_diversity=0.062075,
indivs=44349941, elapsed_secs=51214, mean=0.543531, stdev=0.128142, best fit=0.689500, best_overall=0.689500, mean_diversity=0.258065,
indivs=44359946, elapsed_secs=51225, mean=0.491047, stdev=0.075015, best fit=0.689500, best_overall=0.689500, mean_diversity=0.105408,
indivs=44370060, elapsed_secs=51235, mean=0.495630, stdev=0.190993, best fit=0.689500, best_overall=0.689500, mean_diversity=0.333559,
indivs=44380119, elapsed_secs=51247, mean=0.624510, stdev=0.128600, best fit=0.689500, best_overall=0.689500, mean_diversity=0.065806,
indivs=44390156, elapsed_secs=51257, mean=0.490282, stdev=0.093197, best fit=0.689500, best_overall=0.689500, mean_diversity=0.123731,
indivs=44400202, elapsed_secs=51267, mean=0.496488, stdev=0.056491, best fit=0.689500, best_overall=0.689500, mean_diversity=0.055474,
indivs=44410258, elapsed_secs=51278, mean=0.545231, stdev=0.109353, best fit=0.689500, best_overall=0.689500, mean_diversity=0.277961,
indivs=44420296, elapsed_secs=51291, mean=0.516691, stdev=0.095929, best fit=0.689500, best_overall=0.689500, mean_diversity=0.360219,
indivs=44430320, elapsed_secs=51303, mean=0.497936, stdev=0.232502, best fit=0.689500, best_overall=0.689500, mean_diversity=0.159681,
indivs=44440339, elapsed_secs=51313, mean=0.557023, stdev=0.191307, best fit=0.689500, best_overall=0.689500, mean_diversity=0.192273,
indivs=44450373, elapsed_secs=51325, mean=0.518327, stdev=0.167300, best fit=0.689500, best_overall=0.689500, mean_diversity=0.197257,
indivs=44460390, elapsed_secs=51337, mean=0.455616, stdev=0.164206, best fit=0.689500, best_overall=0.689500, mean_diversity=0.162014,
indivs=44470432, elapsed_secs=51349, mean=0.517583, stdev=0.129086, best fit=0.689500, best_overall=0.689500, mean_diversity=0.239382,
indivs=44480435, elapsed_secs=51361, mean=0.535927, stdev=0.132643, best fit=0.689500, best_overall=0.689500, mean_diversity=0.334572,
indivs=44490479, elapsed_secs=51373, mean=0.593936, stdev=0.098427, best fit=0.689500, best_overall=0.689500, mean_diversity=0.165077,
indivs=44500510, elapsed_secs=51387, mean=0.525402, stdev=0.108091, best fit=0.689500, best_overall=0.689500, mean_diversity=0.341186,
indivs=44510625, elapsed_secs=51397, mean=0.500828, stdev=0.195118, best fit=0.689500, best_overall=0.689500, mean_diversity=0.422651,
indivs=44520651, elapsed_secs=51408, mean=0.490367, stdev=0.172652, best fit=0.689500, best_overall=0.689500, mean_diversity=0.120685,
indivs=44530697, elapsed_secs=51421, mean=0.537721, stdev=0.191809, best fit=0.689500, best_overall=0.689500, mean_diversity=0.137895,
indivs=44540735, elapsed_secs=51433, mean=0.562953, stdev=0.152132, best fit=0.689500, best_overall=0.689500, mean_diversity=0.127189,
indivs=44550817, elapsed_secs=51444, mean=0.521172, stdev=0.116342, best fit=0.689500, best_overall=0.689500, mean_diversity=0.357891,
indivs=44560891, elapsed_secs=51455, mean=0.490245, stdev=0.113056, best fit=0.689500, best_overall=0.689500, mean_diversity=0.165486,
indivs=44570892, elapsed_secs=51465, mean=0.524911, stdev=0.130354, best fit=0.689500, best_overall=0.689500, mean_diversity=0.115720,
indivs=44580896, elapsed_secs=51476, mean=0.574886, stdev=0.131208, best fit=0.689500, best_overall=0.689500, mean_diversity=0.230765,
indivs=44591033, elapsed_secs=51488, mean=0.618900, stdev=0.114987, best fit=0.689500, best_overall=0.689500, mean_diversity=0.124215,
indivs=44601108, elapsed_secs=51500, mean=0.476572, stdev=0.207146, best fit=0.689500, best_overall=0.689500, mean_diversity=0.135933,
indivs=44611153, elapsed_secs=51511, mean=0.565301, stdev=0.154957, best fit=0.689500, best_overall=0.689500, mean_diversity=0.155745,
indivs=44621276, elapsed_secs=51522, mean=0.523791, stdev=0.190306, best fit=0.689500, best_overall=0.689500, mean_diversity=0.197047,
indivs=44631277, elapsed_secs=51532, mean=0.578249, stdev=0.085790, best fit=0.689500, best_overall=0.689500, mean_diversity=0.207821,
indivs=44641338, elapsed_secs=51544, mean=0.541925, stdev=0.167744, best fit=0.689500, best_overall=0.689500, mean_diversity=0.320644,
indivs=44651387, elapsed_secs=51553, mean=0.522521, stdev=0.150967, best fit=0.689500, best_overall=0.689500, mean_diversity=0.229183,
indivs=44661399, elapsed_secs=51563, mean=0.461385, stdev=0.137454, best fit=0.689500, best_overall=0.689500, mean_diversity=0.336789,
indivs=44671401, elapsed_secs=51575, mean=0.532761, stdev=0.215416, best fit=0.689500, best_overall=0.689500, mean_diversity=0.049256,
indivs=44681464, elapsed_secs=51586, mean=0.543253, stdev=0.125102, best fit=0.689500, best_overall=0.689500, mean_diversity=0.213790,
indivs=44691474, elapsed_secs=51597, mean=0.495549, stdev=0.245830, best fit=0.689500, best_overall=0.689500, mean_diversity=0.111708,
indivs=44701597, elapsed_secs=51608, mean=0.504246, stdev=0.168938, best fit=0.689500, best_overall=0.689500, mean_diversity=0.373835,
indivs=44711704, elapsed_secs=51620, mean=0.495039, stdev=0.209544, best fit=0.689500, best_overall=0.689500, mean_diversity=0.249312,
indivs=44721789, elapsed_secs=51631, mean=0.585907, stdev=0.139289, best fit=0.689500, best_overall=0.689500, mean_diversity=0.119442,
indivs=44731836, elapsed_secs=51641, mean=0.515876, stdev=0.198012, best fit=0.689500, best_overall=0.689500, mean_diversity=0.086376,
indivs=44741846, elapsed_secs=51653, mean=0.538473, stdev=0.137266, best fit=0.689500, best_overall=0.689500, mean_diversity=0.148452,
indivs=44751866, elapsed_secs=51664, mean=0.490953, stdev=0.056914, best fit=0.689500, best_overall=0.689500, mean_diversity=0.090471,
indivs=44761877, elapsed_secs=51676, mean=0.568211, stdev=0.170656, best fit=0.689500, best_overall=0.689500, mean_diversity=0.131759,
indivs=44771951, elapsed_secs=51687, mean=0.495881, stdev=0.105534, best fit=0.689500, best_overall=0.689500, mean_diversity=0.197295,
indivs=44782026, elapsed_secs=51699, mean=0.485895, stdev=0.073893, best fit=0.689500, best_overall=0.689500, mean_diversity=0.083552,
indivs=44792027, elapsed_secs=51710, mean=0.486672, stdev=0.087653, best fit=0.689500, best_overall=0.689500, mean_diversity=0.158907,
indivs=44802085, elapsed_secs=51722, mean=0.490187, stdev=0.144173, best fit=0.689500, best_overall=0.689500, mean_diversity=0.273536,
indivs=44812185, elapsed_secs=51733, mean=0.545270, stdev=0.183656, best fit=0.689500, best_overall=0.689500, mean_diversity=0.221880,
indivs=44822323, elapsed_secs=51743, mean=0.510823, stdev=0.178656, best fit=0.689500, best_overall=0.689500, mean_diversity=0.261634,
indivs=44832464, elapsed_secs=51753, mean=0.549535, stdev=0.183178, best fit=0.689500, best_overall=0.689500, mean_diversity=0.161325,
indivs=44842573, elapsed_secs=51765, mean=0.571928, stdev=0.162824, best fit=0.689500, best_overall=0.689500, mean_diversity=0.106814,
indivs=44852661, elapsed_secs=51777, mean=0.584908, stdev=0.144090, best fit=0.689500, best_overall=0.689500, mean_diversity=0.226004,
indivs=44862780, elapsed_secs=51788, mean=0.503568, stdev=0.202436, best fit=0.689500, best_overall=0.689500, mean_diversity=0.373482,
indivs=44872820, elapsed_secs=51800, mean=0.549296, stdev=0.216873, best fit=0.689500, best_overall=0.689500, mean_diversity=0.118680,
indivs=44882858, elapsed_secs=51811, mean=0.548503, stdev=0.151367, best fit=0.689500, best_overall=0.689500, mean_diversity=0.248598,
indivs=44892979, elapsed_secs=51824, mean=0.517151, stdev=0.138936, best fit=0.689500, best_overall=0.689500, mean_diversity=0.324182,
indivs=44903010, elapsed_secs=51835, mean=0.498323, stdev=0.201903, best fit=0.689500, best_overall=0.689500, mean_diversity=0.161859,
indivs=44913079, elapsed_secs=51845, mean=0.524846, stdev=0.074736, best fit=0.689500, best_overall=0.689500, mean_diversity=0.158371,
indivs=44923205, elapsed_secs=51855, mean=0.561552, stdev=0.183897, best fit=0.689500, best_overall=0.689500, mean_diversity=0.220678,
indivs=44933303, elapsed_secs=51867, mean=0.518270, stdev=0.107783, best fit=0.689500, best_overall=0.689500, mean_diversity=0.491575,
indivs=44943349, elapsed_secs=51878, mean=0.497953, stdev=0.182288, best fit=0.689500, best_overall=0.689500, mean_diversity=0.208182,
indivs=44953512, elapsed_secs=51889, mean=0.600009, stdev=0.103172, best fit=0.689500, best_overall=0.689500, mean_diversity=0.128417,
indivs=44963591, elapsed_secs=51901, mean=0.546291, stdev=0.126858, best fit=0.689500, best_overall=0.689500, mean_diversity=0.364819,
indivs=44973653, elapsed_secs=51913, mean=0.578151, stdev=0.164257, best fit=0.689500, best_overall=0.689500, mean_diversity=0.139544,
indivs=44983706, elapsed_secs=51923, mean=0.509771, stdev=0.034134, best fit=0.689500, best_overall=0.689500, mean_diversity=0.132932,
indivs=44993736, elapsed_secs=51936, mean=0.489996, stdev=0.107471, best fit=0.689500, best_overall=0.689500, mean_diversity=0.150673,
indivs=45003783, elapsed_secs=51946, mean=0.500432, stdev=0.020748, best fit=0.689500, best_overall=0.689500, mean_diversity=0.071416,
indivs=45013828, elapsed_secs=51959, mean=0.497281, stdev=0.113207, best fit=0.689500, best_overall=0.689500, mean_diversity=0.081223,
indivs=45023880, elapsed_secs=51969, mean=0.494842, stdev=0.138853, best fit=0.689500, best_overall=0.689500, mean_diversity=0.231554,
indivs=45033911, elapsed_secs=51980, mean=0.550517, stdev=0.207211, best fit=0.689500, best_overall=0.689500, mean_diversity=0.054253,
indivs=45044051, elapsed_secs=51992, mean=0.549808, stdev=0.171942, best fit=0.689500, best_overall=0.689500, mean_diversity=0.194103,
indivs=45054117, elapsed_secs=52003, mean=0.503659, stdev=0.025657, best fit=0.689500, best_overall=0.689500, mean_diversity=0.123761,
indivs=45064261, elapsed_secs=52013, mean=0.590733, stdev=0.124731, best fit=0.689500, best_overall=0.689500, mean_diversity=0.171020,
indivs=45074273, elapsed_secs=52024, mean=0.504382, stdev=0.031147, best fit=0.689500, best_overall=0.689500, mean_diversity=0.148760,
indivs=45084303, elapsed_secs=52035, mean=0.576865, stdev=0.139331, best fit=0.689500, best_overall=0.689500, mean_diversity=0.214985,
indivs=45094360, elapsed_secs=52045, mean=0.561369, stdev=0.183504, best fit=0.689500, best_overall=0.689500, mean_diversity=0.169099,
indivs=45104400, elapsed_secs=52056, mean=0.578468, stdev=0.154205, best fit=0.689500, best_overall=0.689500, mean_diversity=0.131171,
indivs=45114440, elapsed_secs=52066, mean=0.562162, stdev=0.155736, best fit=0.689500, best_overall=0.689500, mean_diversity=0.168836,
indivs=45124539, elapsed_secs=52077, mean=0.507536, stdev=0.065319, best fit=0.689500, best_overall=0.689500, mean_diversity=0.280456,
indivs=45134619, elapsed_secs=52088, mean=0.491659, stdev=0.075461, best fit=0.689500, best_overall=0.689500, mean_diversity=0.085600,
indivs=45144710, elapsed_secs=52099, mean=0.554657, stdev=0.157434, best fit=0.689500, best_overall=0.689500, mean_diversity=0.182697,
indivs=45154759, elapsed_secs=52112, mean=0.513191, stdev=0.179133, best fit=0.689500, best_overall=0.689500, mean_diversity=0.217996,
indivs=45164822, elapsed_secs=52121, mean=0.526725, stdev=0.123521, best fit=0.689500, best_overall=0.689500, mean_diversity=0.266699,
indivs=45174964, elapsed_secs=52132, mean=0.542948, stdev=0.171047, best fit=0.689500, best_overall=0.689500, mean_diversity=0.219231,
indivs=45185057, elapsed_secs=52143, mean=0.492672, stdev=0.136807, best fit=0.689500, best_overall=0.689500, mean_diversity=0.299734,
indivs=45195134, elapsed_secs=52155, mean=0.511236, stdev=0.057539, best fit=0.689500, best_overall=0.689500, mean_diversity=0.134242,
indivs=45205231, elapsed_secs=52166, mean=0.501301, stdev=0.059336, best fit=0.689500, best_overall=0.689500, mean_diversity=0.087670,
indivs=45215322, elapsed_secs=52177, mean=0.526823, stdev=0.126755, best fit=0.689500, best_overall=0.689500, mean_diversity=0.167892,
indivs=45225410, elapsed_secs=52187, mean=0.546866, stdev=0.132355, best fit=0.689500, best_overall=0.689500, mean_diversity=0.124049,
indivs=45235485, elapsed_secs=52201, mean=0.507189, stdev=0.089523, best fit=0.689500, best_overall=0.689500, mean_diversity=0.208542,
indivs=45245604, elapsed_secs=52213, mean=0.506302, stdev=0.157071, best fit=0.689500, best_overall=0.689500, mean_diversity=0.213687,
indivs=45255700, elapsed_secs=52226, mean=0.572851, stdev=0.145252, best fit=0.689500, best_overall=0.689500, mean_diversity=0.073661,
indivs=45265757, elapsed_secs=52235, mean=0.556107, stdev=0.144012, best fit=0.689500, best_overall=0.689500, mean_diversity=0.132691,
indivs=45275766, elapsed_secs=52246, mean=0.508664, stdev=0.178316, best fit=0.689500, best_overall=0.689500, mean_diversity=0.164356,
indivs=45285792, elapsed_secs=52258, mean=0.491895, stdev=0.072756, best fit=0.689500, best_overall=0.689500, mean_diversity=0.294519,
indivs=45295804, elapsed_secs=52269, mean=0.546891, stdev=0.122204, best fit=0.689500, best_overall=0.689500, mean_diversity=0.237133,
indivs=45305917, elapsed_secs=52280, mean=0.532251, stdev=0.171717, best fit=0.689500, best_overall=0.689500, mean_diversity=0.174192,
indivs=45315919, elapsed_secs=52291, mean=0.473226, stdev=0.237408, best fit=0.689500, best_overall=0.689500, mean_diversity=0.092519,
indivs=45325976, elapsed_secs=52300, mean=0.502124, stdev=0.173756, best fit=0.689500, best_overall=0.689500, mean_diversity=0.304396,
indivs=45336030, elapsed_secs=52312, mean=0.546342, stdev=0.132611, best fit=0.689500, best_overall=0.689500, mean_diversity=0.163643,
indivs=45346053, elapsed_secs=52322, mean=0.573374, stdev=0.186045, best fit=0.689500, best_overall=0.689500, mean_diversity=0.149157,
indivs=45356140, elapsed_secs=52333, mean=0.524102, stdev=0.173691, best fit=0.689500, best_overall=0.689500, mean_diversity=0.414580,
indivs=45366237, elapsed_secs=52345, mean=0.541838, stdev=0.196571, best fit=0.689500, best_overall=0.689500, mean_diversity=0.069515,
indivs=45376313, elapsed_secs=52356, mean=0.534518, stdev=0.122223, best fit=0.689500, best_overall=0.689500, mean_diversity=0.247153,
indivs=45386321, elapsed_secs=52368, mean=0.575931, stdev=0.156090, best fit=0.689500, best_overall=0.689500, mean_diversity=0.230688,
indivs=45396391, elapsed_secs=52381, mean=0.512527, stdev=0.158338, best fit=0.689500, best_overall=0.689500, mean_diversity=0.203655,
indivs=45406418, elapsed_secs=52392, mean=0.482259, stdev=0.209975, best fit=0.689500, best_overall=0.689500, mean_diversity=0.216140,
indivs=45416572, elapsed_secs=52403, mean=0.523174, stdev=0.211256, best fit=0.689500, best_overall=0.689500, mean_diversity=0.177020,
indivs=45426661, elapsed_secs=52415, mean=0.523765, stdev=0.176693, best fit=0.689500, best_overall=0.689500, mean_diversity=0.197921,
indivs=45436721, elapsed_secs=52428, mean=0.515227, stdev=0.113362, best fit=0.689500, best_overall=0.689500, mean_diversity=0.304082,
indivs=45446738, elapsed_secs=52439, mean=0.497902, stdev=0.079199, best fit=0.689500, best_overall=0.689500, mean_diversity=0.189390,
indivs=45456763, elapsed_secs=52450, mean=0.514571, stdev=0.153523, best fit=0.689500, best_overall=0.689500, mean_diversity=0.208871,
indivs=45466821, elapsed_secs=52460, mean=0.478749, stdev=0.211237, best fit=0.689500, best_overall=0.689500, mean_diversity=0.219162,
indivs=45476922, elapsed_secs=52470, mean=0.546934, stdev=0.062625, best fit=0.689500, best_overall=0.689500, mean_diversity=0.315619,
indivs=45487040, elapsed_secs=52483, mean=0.600844, stdev=0.129162, best fit=0.689500, best_overall=0.689500, mean_diversity=0.226608,
indivs=45497143, elapsed_secs=52495, mean=0.548131, stdev=0.177485, best fit=0.689500, best_overall=0.689500, mean_diversity=0.134242,
indivs=45507164, elapsed_secs=52507, mean=0.551320, stdev=0.127620, best fit=0.689500, best_overall=0.689500, mean_diversity=0.212838,
indivs=45517207, elapsed_secs=52517, mean=0.472471, stdev=0.120937, best fit=0.689500, best_overall=0.689500, mean_diversity=0.291154,
indivs=45527382, elapsed_secs=52527, mean=0.419590, stdev=0.297546, best fit=0.689500, best_overall=0.689500, mean_diversity=0.073564,
indivs=45537390, elapsed_secs=52538, mean=0.499380, stdev=0.079655, best fit=0.689500, best_overall=0.689500, mean_diversity=0.219792,
indivs=45547422, elapsed_secs=52550, mean=0.566991, stdev=0.147658, best fit=0.689500, best_overall=0.689500, mean_diversity=0.135848,
indivs=45557524, elapsed_secs=52561, mean=0.526832, stdev=0.156227, best fit=0.689500, best_overall=0.689500, mean_diversity=0.281500,
indivs=45567648, elapsed_secs=52574, mean=0.540022, stdev=0.122423, best fit=0.689500, best_overall=0.689500, mean_diversity=0.157390,
indivs=45577703, elapsed_secs=52586, mean=0.524860, stdev=0.069005, best fit=0.689500, best_overall=0.689500, mean_diversity=0.171894,
indivs=45587804, elapsed_secs=52598, mean=0.533821, stdev=0.068409, best fit=0.689500, best_overall=0.689500, mean_diversity=0.123792,
indivs=45597912, elapsed_secs=52609, mean=0.562548, stdev=0.143625, best fit=0.689500, best_overall=0.689500, mean_diversity=0.253220,
indivs=45607994, elapsed_secs=52621, mean=0.549942, stdev=0.160038, best fit=0.689500, best_overall=0.689500, mean_diversity=0.031011,
indivs=45618019, elapsed_secs=52633, mean=0.515796, stdev=0.166110, best fit=0.689500, best_overall=0.689500, mean_diversity=0.308186,
indivs=45628123, elapsed_secs=52644, mean=0.540106, stdev=0.109640, best fit=0.689500, best_overall=0.689500, mean_diversity=0.117720,
indivs=45638176, elapsed_secs=52654, mean=0.518022, stdev=0.162443, best fit=0.689500, best_overall=0.689500, mean_diversity=0.306295,
indivs=45648181, elapsed_secs=52666, mean=0.523852, stdev=0.101578, best fit=0.689500, best_overall=0.689500, mean_diversity=0.196674,
indivs=45658235, elapsed_secs=52677, mean=0.525916, stdev=0.166041, best fit=0.689500, best_overall=0.689500, mean_diversity=0.156289,
indivs=45668254, elapsed_secs=52687, mean=0.487357, stdev=0.175842, best fit=0.689500, best_overall=0.689500, mean_diversity=0.216092,
indivs=45678394, elapsed_secs=52700, mean=0.522494, stdev=0.202512, best fit=0.689500, best_overall=0.689500, mean_diversity=0.155232,
indivs=45688403, elapsed_secs=52710, mean=0.519352, stdev=0.130647, best fit=0.689500, best_overall=0.689500, mean_diversity=0.163969,
indivs=45698531, elapsed_secs=52721, mean=0.557268, stdev=0.216585, best fit=0.689500, best_overall=0.689500, mean_diversity=0.087244,
indivs=45708603, elapsed_secs=52732, mean=0.518168, stdev=0.206179, best fit=0.689500, best_overall=0.689500, mean_diversity=0.090698,
indivs=45718612, elapsed_secs=52744, mean=0.515957, stdev=0.217483, best fit=0.689500, best_overall=0.689500, mean_diversity=0.182263,
indivs=45728630, elapsed_secs=52756, mean=0.510036, stdev=0.108753, best fit=0.689500, best_overall=0.689500, mean_diversity=0.374149,
indivs=45738706, elapsed_secs=52766, mean=0.484523, stdev=0.177223, best fit=0.689500, best_overall=0.689500, mean_diversity=0.264335,
indivs=45748721, elapsed_secs=52776, mean=0.533107, stdev=0.080789, best fit=0.689500, best_overall=0.689500, mean_diversity=0.536850,
indivs=45758817, elapsed_secs=52788, mean=0.487672, stdev=0.093138, best fit=0.689500, best_overall=0.689500, mean_diversity=0.142222,
indivs=45768826, elapsed_secs=52798, mean=0.499398, stdev=0.078967, best fit=0.689500, best_overall=0.689500, mean_diversity=0.152698,
indivs=45778862, elapsed_secs=52813, mean=0.504464, stdev=0.194842, best fit=0.689500, best_overall=0.689500, mean_diversity=0.092067,
indivs=45788879, elapsed_secs=52825, mean=0.527453, stdev=0.155052, best fit=0.689500, best_overall=0.689500, mean_diversity=0.279236,
indivs=45798975, elapsed_secs=52837, mean=0.544772, stdev=0.214194, best fit=0.689500, best_overall=0.689500, mean_diversity=0.101048,
indivs=45809075, elapsed_secs=52849, mean=0.484269, stdev=0.174534, best fit=0.689500, best_overall=0.689500, mean_diversity=0.304093,
indivs=45819147, elapsed_secs=52861, mean=0.501895, stdev=0.018855, best fit=0.689500, best_overall=0.689500, mean_diversity=0.136788,
indivs=45829181, elapsed_secs=52872, mean=0.471867, stdev=0.180172, best fit=0.689500, best_overall=0.689500, mean_diversity=0.365914,
indivs=45839203, elapsed_secs=52884, mean=0.578526, stdev=0.144961, best fit=0.689500, best_overall=0.689500, mean_diversity=0.222496,
indivs=45849256, elapsed_secs=52895, mean=0.505488, stdev=0.106100, best fit=0.689500, best_overall=0.689500, mean_diversity=0.215392,
indivs=45859282, elapsed_secs=52907, mean=0.535643, stdev=0.144951, best fit=0.689500, best_overall=0.689500, mean_diversity=0.219602,
indivs=45869340, elapsed_secs=52919, mean=0.609715, stdev=0.047841, best fit=0.689500, best_overall=0.689500, mean_diversity=0.083687,
indivs=45879437, elapsed_secs=52929, mean=0.475294, stdev=0.124242, best fit=0.689500, best_overall=0.689500, mean_diversity=0.158854,
indivs=45889468, elapsed_secs=52940, mean=0.536368, stdev=0.123339, best fit=0.689500, best_overall=0.689500, mean_diversity=0.190478,
indivs=45899505, elapsed_secs=52950, mean=0.492861, stdev=0.210185, best fit=0.689500, best_overall=0.689500, mean_diversity=0.191622,
indivs=45909617, elapsed_secs=52963, mean=0.560779, stdev=0.142830, best fit=0.689500, best_overall=0.689500, mean_diversity=0.185582,
indivs=45919718, elapsed_secs=52975, mean=0.484071, stdev=0.108845, best fit=0.689500, best_overall=0.689500, mean_diversity=0.237371,
indivs=45929729, elapsed_secs=52986, mean=0.528523, stdev=0.220095, best fit=0.689500, best_overall=0.689500, mean_diversity=0.201607,
indivs=45939763, elapsed_secs=52998, mean=0.552562, stdev=0.180992, best fit=0.689500, best_overall=0.689500, mean_diversity=0.170176,
indivs=45949878, elapsed_secs=53009, mean=0.516836, stdev=0.237063, best fit=0.689500, best_overall=0.689500, mean_diversity=0.087083,
indivs=45959886, elapsed_secs=53019, mean=0.551485, stdev=0.118723, best fit=0.689500, best_overall=0.689500, mean_diversity=0.164342,
indivs=45969964, elapsed_secs=53031, mean=0.561653, stdev=0.204482, best fit=0.689500, best_overall=0.689500, mean_diversity=0.166105,
indivs=45980082, elapsed_secs=53041, mean=0.547771, stdev=0.186291, best fit=0.689500, best_overall=0.689500, mean_diversity=0.082207,
indivs=45990164, elapsed_secs=53054, mean=0.499383, stdev=0.153995, best fit=0.689500, best_overall=0.689500, mean_diversity=0.267259,
indivs=46000240, elapsed_secs=53065, mean=0.497485, stdev=0.174396, best fit=0.689500, best_overall=0.689500, mean_diversity=0.262662,
indivs=46010313, elapsed_secs=53075, mean=0.503355, stdev=0.062671, best fit=0.689500, best_overall=0.689500, mean_diversity=0.129816,
indivs=46020467, elapsed_secs=53087, mean=0.570792, stdev=0.129770, best fit=0.689500, best_overall=0.689500, mean_diversity=0.150840,
indivs=46030505, elapsed_secs=53097, mean=0.502985, stdev=0.166392, best fit=0.689500, best_overall=0.689500, mean_diversity=0.110937,
indivs=46040622, elapsed_secs=53108, mean=0.579819, stdev=0.111610, best fit=0.689500, best_overall=0.689500, mean_diversity=0.271294,
indivs=46050744, elapsed_secs=53119, mean=0.511155, stdev=0.189147, best fit=0.689500, best_overall=0.689500, mean_diversity=0.245057,
indivs=46060831, elapsed_secs=53132, mean=0.513353, stdev=0.107544, best fit=0.689500, best_overall=0.689500, mean_diversity=0.145213,
indivs=46070921, elapsed_secs=53144, mean=0.463541, stdev=0.239270, best fit=0.689500, best_overall=0.689500, mean_diversity=0.084618,
indivs=46081014, elapsed_secs=53153, mean=0.497495, stdev=0.114286, best fit=0.689500, best_overall=0.689500, mean_diversity=0.196942,
indivs=46091125, elapsed_secs=53167, mean=0.513862, stdev=0.097539, best fit=0.689500, best_overall=0.689500, mean_diversity=0.188186,
indivs=46101209, elapsed_secs=53178, mean=0.500747, stdev=0.150285, best fit=0.689500, best_overall=0.689500, mean_diversity=0.092659,
indivs=46111306, elapsed_secs=53189, mean=0.471830, stdev=0.120689, best fit=0.689500, best_overall=0.689500, mean_diversity=0.076098,
indivs=46121419, elapsed_secs=53200, mean=0.521977, stdev=0.150639, best fit=0.689500, best_overall=0.689500, mean_diversity=0.149024,
indivs=46131495, elapsed_secs=53211, mean=0.532491, stdev=0.097609, best fit=0.689500, best_overall=0.689500, mean_diversity=0.256540,
indivs=46141568, elapsed_secs=53221, mean=0.521565, stdev=0.172617, best fit=0.689500, best_overall=0.689500, mean_diversity=0.259980,
indivs=46151696, elapsed_secs=53232, mean=0.546204, stdev=0.153064, best fit=0.689500, best_overall=0.689500, mean_diversity=0.305967,
indivs=46161733, elapsed_secs=53243, mean=0.533191, stdev=0.202073, best fit=0.689500, best_overall=0.689500, mean_diversity=0.123565,
indivs=46171753, elapsed_secs=53254, mean=0.532290, stdev=0.125591, best fit=0.689500, best_overall=0.689500, mean_diversity=0.342887,
indivs=46181790, elapsed_secs=53266, mean=0.506209, stdev=0.188624, best fit=0.689500, best_overall=0.689500, mean_diversity=0.201794,
indivs=46191909, elapsed_secs=53277, mean=0.555808, stdev=0.153650, best fit=0.689500, best_overall=0.689500, mean_diversity=0.283122,
indivs=46202037, elapsed_secs=53288, mean=0.502550, stdev=0.229539, best fit=0.689500, best_overall=0.689500, mean_diversity=0.183460,
indivs=46212172, elapsed_secs=53298, mean=0.550340, stdev=0.165816, best fit=0.689500, best_overall=0.689500, mean_diversity=0.247570,
indivs=46222181, elapsed_secs=53308, mean=0.496176, stdev=0.224670, best fit=0.689500, best_overall=0.689500, mean_diversity=0.125390,
indivs=46232268, elapsed_secs=53321, mean=0.502515, stdev=0.134819, best fit=0.689500, best_overall=0.689500, mean_diversity=0.191397,
indivs=46242300, elapsed_secs=53332, mean=0.512699, stdev=0.176080, best fit=0.689500, best_overall=0.689500, mean_diversity=0.234617,
indivs=46252423, elapsed_secs=53343, mean=0.576554, stdev=0.138168, best fit=0.689500, best_overall=0.689500, mean_diversity=0.057401,
indivs=46262545, elapsed_secs=53355, mean=0.494334, stdev=0.172032, best fit=0.689500, best_overall=0.689500, mean_diversity=0.175924,
indivs=46272631, elapsed_secs=53365, mean=0.512394, stdev=0.109304, best fit=0.689500, best_overall=0.689500, mean_diversity=0.362277,
indivs=46282640, elapsed_secs=53378, mean=0.480904, stdev=0.115076, best fit=0.689500, best_overall=0.689500, mean_diversity=0.186007,
indivs=46292701, elapsed_secs=53388, mean=0.561295, stdev=0.148072, best fit=0.689500, best_overall=0.689500, mean_diversity=0.199084,
indivs=46302731, elapsed_secs=53400, mean=0.564395, stdev=0.127516, best fit=0.689500, best_overall=0.689500, mean_diversity=0.300564,
indivs=46312821, elapsed_secs=53411, mean=0.528705, stdev=0.146014, best fit=0.689500, best_overall=0.689500, mean_diversity=0.376970,
indivs=46322890, elapsed_secs=53423, mean=0.502926, stdev=0.164099, best fit=0.689500, best_overall=0.689500, mean_diversity=0.421278,
indivs=46332992, elapsed_secs=53432, mean=0.501532, stdev=0.066023, best fit=0.689500, best_overall=0.689500, mean_diversity=0.311384,
indivs=46343036, elapsed_secs=53445, mean=0.513399, stdev=0.170642, best fit=0.689500, best_overall=0.689500, mean_diversity=0.276063,
indivs=46353185, elapsed_secs=53458, mean=0.558221, stdev=0.190397, best fit=0.689500, best_overall=0.689500, mean_diversity=0.190303,
indivs=46363204, elapsed_secs=53469, mean=0.546632, stdev=0.121800, best fit=0.689500, best_overall=0.689500, mean_diversity=0.244391,
indivs=46373363, elapsed_secs=53479, mean=0.474663, stdev=0.261201, best fit=0.689500, best_overall=0.689500, mean_diversity=0.081513,
indivs=46383487, elapsed_secs=53492, mean=0.529114, stdev=0.176031, best fit=0.689500, best_overall=0.689500, mean_diversity=0.152065,
indivs=46393512, elapsed_secs=53503, mean=0.512894, stdev=0.094723, best fit=0.689500, best_overall=0.689500, mean_diversity=0.285755,
indivs=46403600, elapsed_secs=53515, mean=0.540263, stdev=0.125682, best fit=0.689500, best_overall=0.689500, mean_diversity=0.266934,
indivs=46413698, elapsed_secs=53526, mean=0.489382, stdev=0.182014, best fit=0.689500, best_overall=0.689500, mean_diversity=0.222169,
indivs=46423723, elapsed_secs=53537, mean=0.543463, stdev=0.111543, best fit=0.689500, best_overall=0.689500, mean_diversity=0.400104,
indivs=46433776, elapsed_secs=53550, mean=0.512763, stdev=0.158837, best fit=0.689500, best_overall=0.689500, mean_diversity=0.315511,
indivs=46443791, elapsed_secs=53560, mean=0.511776, stdev=0.203634, best fit=0.689500, best_overall=0.689500, mean_diversity=0.179831,
indivs=46453794, elapsed_secs=53572, mean=0.528790, stdev=0.233402, best fit=0.689500, best_overall=0.689500, mean_diversity=0.059042,
indivs=46463933, elapsed_secs=53584, mean=0.591991, stdev=0.148791, best fit=0.689500, best_overall=0.689500, mean_diversity=0.162615,
indivs=46473979, elapsed_secs=53597, mean=0.504450, stdev=0.021708, best fit=0.689500, best_overall=0.689500, mean_diversity=0.126127,
indivs=46484028, elapsed_secs=53609, mean=0.502262, stdev=0.113202, best fit=0.689500, best_overall=0.689500, mean_diversity=0.318074,
indivs=46494046, elapsed_secs=53619, mean=0.500634, stdev=0.099485, best fit=0.689500, best_overall=0.689500, mean_diversity=0.252837,
indivs=46504129, elapsed_secs=53630, mean=0.491763, stdev=0.123220, best fit=0.689500, best_overall=0.689500, mean_diversity=0.226066,
indivs=46514189, elapsed_secs=53640, mean=0.516950, stdev=0.251507, best fit=0.689500, best_overall=0.689500, mean_diversity=0.084457,
indivs=46524258, elapsed_secs=53653, mean=0.526870, stdev=0.203532, best fit=0.689500, best_overall=0.689500, mean_diversity=0.185722,
indivs=46534325, elapsed_secs=53664, mean=0.530629, stdev=0.205480, best fit=0.689500, best_overall=0.689500, mean_diversity=0.168534,
indivs=46544443, elapsed_secs=53675, mean=0.536379, stdev=0.091908, best fit=0.689500, best_overall=0.689500, mean_diversity=0.209318,
indivs=46554485, elapsed_secs=53688, mean=0.534311, stdev=0.203971, best fit=0.689500, best_overall=0.689500, mean_diversity=0.177886,
indivs=46564595, elapsed_secs=53698, mean=0.529646, stdev=0.220547, best fit=0.689500, best_overall=0.689500, mean_diversity=0.059758,
indivs=46574596, elapsed_secs=53710, mean=0.513971, stdev=0.125027, best fit=0.689500, best_overall=0.689500, mean_diversity=0.319170,
indivs=46584600, elapsed_secs=53723, mean=0.514104, stdev=0.162330, best fit=0.689500, best_overall=0.689500, mean_diversity=0.325660,
indivs=46594692, elapsed_secs=53732, mean=0.574519, stdev=0.132711, best fit=0.689500, best_overall=0.689500, mean_diversity=0.057304,
indivs=46604760, elapsed_secs=53743, mean=0.517181, stdev=0.083540, best fit=0.689500, best_overall=0.689500, mean_diversity=0.342403,
indivs=46614847, elapsed_secs=53756, mean=0.450946, stdev=0.197800, best fit=0.689500, best_overall=0.689500, mean_diversity=0.278512,
indivs=46624890, elapsed_secs=53769, mean=0.498342, stdev=0.099681, best fit=0.689500, best_overall=0.689500, mean_diversity=0.184628,
indivs=46634930, elapsed_secs=53779, mean=0.504809, stdev=0.060406, best fit=0.689500, best_overall=0.689500, mean_diversity=0.131438,
indivs=46645019, elapsed_secs=53790, mean=0.522064, stdev=0.156658, best fit=0.689500, best_overall=0.689500, mean_diversity=0.339357,
indivs=46655034, elapsed_secs=53801, mean=0.504487, stdev=0.066386, best fit=0.689500, best_overall=0.689500, mean_diversity=0.133353,
indivs=46665091, elapsed_secs=53812, mean=0.547109, stdev=0.096944, best fit=0.689500, best_overall=0.689500, mean_diversity=0.303947,
indivs=46675173, elapsed_secs=53823, mean=0.521189, stdev=0.071991, best fit=0.689500, best_overall=0.689500, mean_diversity=0.264572,
indivs=46685294, elapsed_secs=53833, mean=0.543255, stdev=0.213925, best fit=0.689500, best_overall=0.689500, mean_diversity=0.111942,
indivs=46695344, elapsed_secs=53844, mean=0.597177, stdev=0.139568, best fit=0.689500, best_overall=0.689500, mean_diversity=0.077710,
indivs=46705393, elapsed_secs=53854, mean=0.504362, stdev=0.098713, best fit=0.689500, best_overall=0.689500, mean_diversity=0.259872,
indivs=46715473, elapsed_secs=53864, mean=0.507004, stdev=0.146590, best fit=0.689500, best_overall=0.689500, mean_diversity=0.276635,
indivs=46725592, elapsed_secs=53876, mean=0.531950, stdev=0.169629, best fit=0.689500, best_overall=0.689500, mean_diversity=0.192759,
indivs=46735606, elapsed_secs=53885, mean=0.551413, stdev=0.103600, best fit=0.689500, best_overall=0.689500, mean_diversity=0.279742,
indivs=46745700, elapsed_secs=53896, mean=0.433136, stdev=0.281457, best fit=0.689500, best_overall=0.689500, mean_diversity=0.125602,
indivs=46755719, elapsed_secs=53907, mean=0.518686, stdev=0.047748, best fit=0.689500, best_overall=0.689500, mean_diversity=0.325394,
indivs=46765793, elapsed_secs=53919, mean=0.479770, stdev=0.177145, best fit=0.689500, best_overall=0.689500, mean_diversity=0.146760,
indivs=46775820, elapsed_secs=53929, mean=0.487998, stdev=0.132556, best fit=0.689500, best_overall=0.689500, mean_diversity=0.242539,
indivs=46785846, elapsed_secs=53939, mean=0.494620, stdev=0.098710, best fit=0.689500, best_overall=0.689500, mean_diversity=0.210243,
indivs=46795931, elapsed_secs=53949, mean=0.520771, stdev=0.100753, best fit=0.689500, best_overall=0.689500, mean_diversity=0.243135,
indivs=46806051, elapsed_secs=53960, mean=0.548482, stdev=0.149347, best fit=0.689500, best_overall=0.689500, mean_diversity=0.183712,
indivs=46816140, elapsed_secs=53973, mean=0.524073, stdev=0.215553, best fit=0.689500, best_overall=0.689500, mean_diversity=0.161101,
indivs=46826198, elapsed_secs=53985, mean=0.494370, stdev=0.147905, best fit=0.689500, best_overall=0.689500, mean_diversity=0.332357,
indivs=46836230, elapsed_secs=53995, mean=0.540061, stdev=0.187663, best fit=0.689500, best_overall=0.689500, mean_diversity=0.083591,
indivs=46846364, elapsed_secs=54006, mean=0.332075, stdev=0.250121, best fit=0.689500, best_overall=0.689500, mean_diversity=0.204821,
indivs=46856499, elapsed_secs=54019, mean=0.552029, stdev=0.191159, best fit=0.689500, best_overall=0.689500, mean_diversity=0.128177,
indivs=46866647, elapsed_secs=54030, mean=0.588746, stdev=0.120780, best fit=0.689500, best_overall=0.689500, mean_diversity=0.168949,
indivs=46876655, elapsed_secs=54041, mean=0.512043, stdev=0.095030, best fit=0.689500, best_overall=0.689500, mean_diversity=0.284194,
indivs=46886688, elapsed_secs=54053, mean=0.475394, stdev=0.111708, best fit=0.689500, best_overall=0.689500, mean_diversity=0.306720,
indivs=46896703, elapsed_secs=54065, mean=0.521683, stdev=0.174948, best fit=0.689500, best_overall=0.689500, mean_diversity=0.283419,
indivs=46906833, elapsed_secs=54075, mean=0.559796, stdev=0.158272, best fit=0.689500, best_overall=0.689500, mean_diversity=0.159715,
indivs=46916949, elapsed_secs=54086, mean=0.506829, stdev=0.203799, best fit=0.689500, best_overall=0.689500, mean_diversity=0.240377,
indivs=46926981, elapsed_secs=54097, mean=0.514694, stdev=0.137840, best fit=0.689500, best_overall=0.689500, mean_diversity=0.165105,
indivs=46937076, elapsed_secs=54108, mean=0.478642, stdev=0.115630, best fit=0.689500, best_overall=0.689500, mean_diversity=0.181153,
indivs=46947242, elapsed_secs=54119, mean=0.569360, stdev=0.195309, best fit=0.689500, best_overall=0.689500, mean_diversity=0.092423,
indivs=46957393, elapsed_secs=54131, mean=0.527399, stdev=0.247525, best fit=0.689500, best_overall=0.689500, mean_diversity=0.032020,
indivs=46967484, elapsed_secs=54142, mean=0.494524, stdev=0.068516, best fit=0.689500, best_overall=0.689500, mean_diversity=0.162881,
indivs=46977612, elapsed_secs=54154, mean=0.547176, stdev=0.161421, best fit=0.689500, best_overall=0.689500, mean_diversity=0.244448,
indivs=46987615, elapsed_secs=54166, mean=0.467248, stdev=0.165823, best fit=0.689500, best_overall=0.689500, mean_diversity=0.090975,
indivs=46997667, elapsed_secs=54175, mean=0.487863, stdev=0.159968, best fit=0.689500, best_overall=0.689500, mean_diversity=0.231560,
indivs=47007810, elapsed_secs=54186, mean=0.599091, stdev=0.166859, best fit=0.689500, best_overall=0.689500, mean_diversity=0.093282,
indivs=47017906, elapsed_secs=54197, mean=0.514060, stdev=0.074956, best fit=0.689500, best_overall=0.689500, mean_diversity=0.185894,
indivs=47028023, elapsed_secs=54210, mean=0.556800, stdev=0.209613, best fit=0.689500, best_overall=0.689500, mean_diversity=0.082136,
indivs=47038122, elapsed_secs=54222, mean=0.516999, stdev=0.068675, best fit=0.689500, best_overall=0.689500, mean_diversity=0.128735,
indivs=47048182, elapsed_secs=54233, mean=0.504612, stdev=0.026862, best fit=0.689500, best_overall=0.689500, mean_diversity=0.087661,
indivs=47058212, elapsed_secs=54244, mean=0.520247, stdev=0.198618, best fit=0.689500, best_overall=0.689500, mean_diversity=0.338100,
indivs=47068219, elapsed_secs=54262, mean=0.501895, stdev=0.018855, best fit=0.689500, best_overall=0.689500, mean_diversity=0.043961,
indivs=47078323, elapsed_secs=54276, mean=0.508838, stdev=0.162193, best fit=0.689500, best_overall=0.689500, mean_diversity=0.415409,
indivs=47088452, elapsed_secs=54286, mean=0.583249, stdev=0.083277, best fit=0.689500, best_overall=0.689500, mean_diversity=0.130883,
indivs=47098475, elapsed_secs=54297, mean=0.470634, stdev=0.086675, best fit=0.689500, best_overall=0.689500, mean_diversity=0.154013,
indivs=47108488, elapsed_secs=54308, mean=0.494485, stdev=0.094816, best fit=0.689500, best_overall=0.689500, mean_diversity=0.134849,
indivs=47118617, elapsed_secs=54319, mean=0.526849, stdev=0.163867, best fit=0.689500, best_overall=0.689500, mean_diversity=0.234069,
indivs=47128729, elapsed_secs=54330, mean=0.542733, stdev=0.126800, best fit=0.689500, best_overall=0.689500, mean_diversity=0.269921,
indivs=47138777, elapsed_secs=54344, mean=0.571971, stdev=0.184391, best fit=0.689500, best_overall=0.689500, mean_diversity=0.170935,
indivs=47148870, elapsed_secs=54355, mean=0.523497, stdev=0.074037, best fit=0.689500, best_overall=0.689500, mean_diversity=0.304065,
indivs=47158955, elapsed_secs=54367, mean=0.524073, stdev=0.107351, best fit=0.689500, best_overall=0.689500, mean_diversity=0.322891,
indivs=47169039, elapsed_secs=54378, mean=0.504165, stdev=0.136362, best fit=0.689500, best_overall=0.689500, mean_diversity=0.256266,
indivs=47179130, elapsed_secs=54389, mean=0.471839, stdev=0.196417, best fit=0.689500, best_overall=0.689500, mean_diversity=0.208964,
indivs=47189224, elapsed_secs=54401, mean=0.549206, stdev=0.124572, best fit=0.689500, best_overall=0.689500, mean_diversity=0.170095,
indivs=47199227, elapsed_secs=54413, mean=0.469702, stdev=0.173824, best fit=0.689500, best_overall=0.689500, mean_diversity=0.318735,
indivs=47209338, elapsed_secs=54426, mean=0.503189, stdev=0.083621, best fit=0.689500, best_overall=0.689500, mean_diversity=0.134716,
indivs=47219437, elapsed_secs=54438, mean=0.558175, stdev=0.078425, best fit=0.689500, best_overall=0.689500, mean_diversity=0.244291,
indivs=47229487, elapsed_secs=54450, mean=0.531677, stdev=0.135240, best fit=0.689500, best_overall=0.689500, mean_diversity=0.200399,
indivs=47239556, elapsed_secs=54460, mean=0.528937, stdev=0.128972, best fit=0.689500, best_overall=0.689500, mean_diversity=0.309094,
indivs=47249691, elapsed_secs=54472, mean=0.564337, stdev=0.201523, best fit=0.689500, best_overall=0.689500, mean_diversity=0.159592,
indivs=47259762, elapsed_secs=54484, mean=0.491880, stdev=0.108326, best fit=0.689500, best_overall=0.689500, mean_diversity=0.379227,
indivs=47269794, elapsed_secs=54497, mean=0.542501, stdev=0.166911, best fit=0.689500, best_overall=0.689500, mean_diversity=0.299704,
indivs=47279796, elapsed_secs=54509, mean=0.554055, stdev=0.160362, best fit=0.689500, best_overall=0.689500, mean_diversity=0.136225,
indivs=47289889, elapsed_secs=54520, mean=0.524884, stdev=0.093398, best fit=0.689500, best_overall=0.689500, mean_diversity=0.281589,
indivs=47300011, elapsed_secs=54531, mean=0.514951, stdev=0.215009, best fit=0.689500, best_overall=0.689500, mean_diversity=0.208320,
indivs=47310022, elapsed_secs=54541, mean=0.503681, stdev=0.025779, best fit=0.689500, best_overall=0.689500, mean_diversity=0.051653,
indivs=47320097, elapsed_secs=54553, mean=0.524655, stdev=0.053884, best fit=0.689500, best_overall=0.689500, mean_diversity=0.328400,
indivs=47330178, elapsed_secs=54564, mean=0.540618, stdev=0.148263, best fit=0.689500, best_overall=0.689500, mean_diversity=0.098593,
indivs=47340278, elapsed_secs=54575, mean=0.488854, stdev=0.214309, best fit=0.689500, best_overall=0.689500, mean_diversity=0.188331,
indivs=47350334, elapsed_secs=54585, mean=0.506009, stdev=0.084968, best fit=0.689500, best_overall=0.689500, mean_diversity=0.164545,
indivs=47360422, elapsed_secs=54598, mean=0.515758, stdev=0.172152, best fit=0.689500, best_overall=0.689500, mean_diversity=0.313513,
indivs=47370423, elapsed_secs=54607, mean=0.520057, stdev=0.165638, best fit=0.689500, best_overall=0.689500, mean_diversity=0.208662,
indivs=47380423, elapsed_secs=54618, mean=0.566411, stdev=0.132838, best fit=0.689500, best_overall=0.689500, mean_diversity=0.283027,
indivs=47390443, elapsed_secs=54630, mean=0.491932, stdev=0.074923, best fit=0.689500, best_overall=0.689500, mean_diversity=0.072883,
indivs=47400587, elapsed_secs=54640, mean=0.578584, stdev=0.119966, best fit=0.689500, best_overall=0.689500, mean_diversity=0.192024,
indivs=47410719, elapsed_secs=54651, mean=0.549550, stdev=0.216386, best fit=0.689500, best_overall=0.689500, mean_diversity=0.071601,
indivs=47420852, elapsed_secs=54662, mean=0.521333, stdev=0.176919, best fit=0.689500, best_overall=0.689500, mean_diversity=0.084089,
indivs=47430946, elapsed_secs=54673, mean=0.550838, stdev=0.159123, best fit=0.689500, best_overall=0.689500, mean_diversity=0.192418,
indivs=47441073, elapsed_secs=54684, mean=0.545253, stdev=0.127673, best fit=0.689500, best_overall=0.689500, mean_diversity=0.355591,
indivs=47451149, elapsed_secs=54697, mean=0.547728, stdev=0.172667, best fit=0.689500, best_overall=0.689500, mean_diversity=0.239726,
indivs=47461222, elapsed_secs=54710, mean=0.463618, stdev=0.149296, best fit=0.689500, best_overall=0.689500, mean_diversity=0.189795,
indivs=47471227, elapsed_secs=54722, mean=0.508816, stdev=0.070661, best fit=0.689500, best_overall=0.689500, mean_diversity=0.145284,
indivs=47481339, elapsed_secs=54733, mean=0.595726, stdev=0.118648, best fit=0.689500, best_overall=0.689500, mean_diversity=0.168798,
indivs=47491447, elapsed_secs=54745, mean=0.550875, stdev=0.207304, best fit=0.689500, best_overall=0.689500, mean_diversity=0.092873,
indivs=47501522, elapsed_secs=54757, mean=0.520014, stdev=0.124851, best fit=0.689500, best_overall=0.689500, mean_diversity=0.304841,
indivs=47511615, elapsed_secs=54767, mean=0.495335, stdev=0.103338, best fit=0.689500, best_overall=0.689500, mean_diversity=0.201305,
indivs=47521738, elapsed_secs=54780, mean=0.537639, stdev=0.202920, best fit=0.689500, best_overall=0.689500, mean_diversity=0.157840,
indivs=47531797, elapsed_secs=54792, mean=0.559132, stdev=0.183815, best fit=0.689500, best_overall=0.689500, mean_diversity=0.166653,
indivs=47541869, elapsed_secs=54804, mean=0.503668, stdev=0.181102, best fit=0.689500, best_overall=0.689500, mean_diversity=0.280169,
indivs=47551944, elapsed_secs=54816, mean=0.543970, stdev=0.115676, best fit=0.689500, best_overall=0.689500, mean_diversity=0.204844,
indivs=47562010, elapsed_secs=54828, mean=0.532333, stdev=0.119900, best fit=0.689500, best_overall=0.689500, mean_diversity=0.522857,
indivs=47572044, elapsed_secs=54839, mean=0.518995, stdev=0.162171, best fit=0.689500, best_overall=0.689500, mean_diversity=0.214554,
indivs=47582115, elapsed_secs=54850, mean=0.521314, stdev=0.224321, best fit=0.689500, best_overall=0.689500, mean_diversity=0.087250,
indivs=47592210, elapsed_secs=54861, mean=0.587736, stdev=0.124153, best fit=0.689500, best_overall=0.689500, mean_diversity=0.195930,
indivs=47602246, elapsed_secs=54872, mean=0.512699, stdev=0.122215, best fit=0.689500, best_overall=0.689500, mean_diversity=0.302261,
indivs=47612258, elapsed_secs=54884, mean=0.525650, stdev=0.201160, best fit=0.689500, best_overall=0.689500, mean_diversity=0.239697,
indivs=47622347, elapsed_secs=54893, mean=0.556798, stdev=0.150425, best fit=0.689500, best_overall=0.689500, mean_diversity=0.224669,
indivs=47632416, elapsed_secs=54904, mean=0.511127, stdev=0.071521, best fit=0.689500, best_overall=0.689500, mean_diversity=0.183842,
indivs=47642511, elapsed_secs=54915, mean=0.545782, stdev=0.181518, best fit=0.689500, best_overall=0.689500, mean_diversity=0.151248,
indivs=47652621, elapsed_secs=54927, mean=0.522793, stdev=0.084175, best fit=0.689500, best_overall=0.689500, mean_diversity=0.178244,
indivs=47662775, elapsed_secs=54939, mean=0.556640, stdev=0.210368, best fit=0.689500, best_overall=0.689500, mean_diversity=0.065075,
indivs=47672922, elapsed_secs=54951, mean=0.552635, stdev=0.159150, best fit=0.689500, best_overall=0.689500, mean_diversity=0.200204,
indivs=47682963, elapsed_secs=54962, mean=0.497803, stdev=0.163225, best fit=0.689500, best_overall=0.689500, mean_diversity=0.477248,
indivs=47692981, elapsed_secs=54973, mean=0.512936, stdev=0.094339, best fit=0.689500, best_overall=0.689500, mean_diversity=0.236481,
indivs=47703067, elapsed_secs=54985, mean=0.574017, stdev=0.177211, best fit=0.689500, best_overall=0.689500, mean_diversity=0.178603,
indivs=47713137, elapsed_secs=54997, mean=0.513199, stdev=0.204295, best fit=0.689500, best_overall=0.689500, mean_diversity=0.085560,
indivs=47723165, elapsed_secs=55008, mean=0.539305, stdev=0.124147, best fit=0.689500, best_overall=0.689500, mean_diversity=0.293280,
indivs=47733223, elapsed_secs=55020, mean=0.566692, stdev=0.106767, best fit=0.689500, best_overall=0.689500, mean_diversity=0.320508,
indivs=47743236, elapsed_secs=55031, mean=0.497716, stdev=0.185863, best fit=0.689500, best_overall=0.689500, mean_diversity=0.336484,
indivs=47753244, elapsed_secs=55041, mean=0.498566, stdev=0.056367, best fit=0.689500, best_overall=0.689500, mean_diversity=0.069688,
indivs=47763249, elapsed_secs=55053, mean=0.485511, stdev=0.240094, best fit=0.689500, best_overall=0.689500, mean_diversity=0.099835,
indivs=47773319, elapsed_secs=55065, mean=0.537251, stdev=0.126408, best fit=0.689500, best_overall=0.689500, mean_diversity=0.301827,
indivs=47783417, elapsed_secs=55076, mean=0.529133, stdev=0.120539, best fit=0.689500, best_overall=0.689500, mean_diversity=0.332939,
indivs=47793486, elapsed_secs=55088, mean=0.540013, stdev=0.116560, best fit=0.689500, best_overall=0.689500, mean_diversity=0.237962,
indivs=47803527, elapsed_secs=55099, mean=0.500161, stdev=0.056850, best fit=0.689500, best_overall=0.689500, mean_diversity=0.085991,
indivs=47813618, elapsed_secs=55109, mean=0.493827, stdev=0.145417, best fit=0.689500, best_overall=0.689500, mean_diversity=0.391551,
indivs=47823619, elapsed_secs=55120, mean=0.475284, stdev=0.094665, best fit=0.689500, best_overall=0.689500, mean_diversity=0.129838,
indivs=47833673, elapsed_secs=55131, mean=0.583828, stdev=0.127281, best fit=0.689500, best_overall=0.689500, mean_diversity=0.232212,
indivs=47843685, elapsed_secs=55141, mean=0.480920, stdev=0.100046, best fit=0.689500, best_overall=0.689500, mean_diversity=0.082575,
indivs=47853818, elapsed_secs=55151, mean=0.553344, stdev=0.152602, best fit=0.689500, best_overall=0.689500, mean_diversity=0.282283,
indivs=47863878, elapsed_secs=55161, mean=0.514920, stdev=0.132794, best fit=0.689500, best_overall=0.689500, mean_diversity=0.361944,
indivs=47873896, elapsed_secs=55172, mean=0.615755, stdev=0.085845, best fit=0.689500, best_overall=0.689500, mean_diversity=0.117665,
indivs=47883981, elapsed_secs=55184, mean=0.557813, stdev=0.174138, best fit=0.689500, best_overall=0.689500, mean_diversity=0.238430,
indivs=47894076, elapsed_secs=55195, mean=0.490067, stdev=0.202921, best fit=0.689500, best_overall=0.689500, mean_diversity=0.302242,
indivs=47904184, elapsed_secs=55206, mean=0.535516, stdev=0.126165, best fit=0.689500, best_overall=0.689500, mean_diversity=0.130667,
indivs=47914227, elapsed_secs=55217, mean=0.576980, stdev=0.125198, best fit=0.689500, best_overall=0.689500, mean_diversity=0.126076,
indivs=47924321, elapsed_secs=55229, mean=0.515354, stdev=0.151210, best fit=0.689500, best_overall=0.689500, mean_diversity=0.165976,
indivs=47934425, elapsed_secs=55240, mean=0.509007, stdev=0.094932, best fit=0.689500, best_overall=0.689500, mean_diversity=0.248950,
indivs=47944503, elapsed_secs=55251, mean=0.513033, stdev=0.198283, best fit=0.689500, best_overall=0.689500, mean_diversity=0.223420,
indivs=47954505, elapsed_secs=55261, mean=0.517336, stdev=0.123534, best fit=0.689500, best_overall=0.689500, mean_diversity=0.464183,
indivs=47964616, elapsed_secs=55272, mean=0.546964, stdev=0.194317, best fit=0.689500, best_overall=0.689500, mean_diversity=0.096902,
indivs=47974674, elapsed_secs=55285, mean=0.500472, stdev=0.143253, best fit=0.689500, best_overall=0.689500, mean_diversity=0.293924,
indivs=47984724, elapsed_secs=55295, mean=0.525895, stdev=0.139867, best fit=0.689500, best_overall=0.689500, mean_diversity=0.273679,
indivs=47994772, elapsed_secs=55306, mean=0.572236, stdev=0.135864, best fit=0.689500, best_overall=0.689500, mean_diversity=0.090437,
indivs=48004822, elapsed_secs=55317, mean=0.523241, stdev=0.101686, best fit=0.689500, best_overall=0.689500, mean_diversity=0.099673,
indivs=48014856, elapsed_secs=55327, mean=0.550647, stdev=0.142475, best fit=0.689500, best_overall=0.689500, mean_diversity=0.102293,
indivs=48024899, elapsed_secs=55339, mean=0.503659, stdev=0.117650, best fit=0.689500, best_overall=0.689500, mean_diversity=0.183893,
indivs=48034931, elapsed_secs=55350, mean=0.505719, stdev=0.064033, best fit=0.689500, best_overall=0.689500, mean_diversity=0.332765,
indivs=48044995, elapsed_secs=55360, mean=0.541028, stdev=0.190464, best fit=0.689500, best_overall=0.689500, mean_diversity=0.195218,
indivs=48055034, elapsed_secs=55372, mean=0.474062, stdev=0.170101, best fit=0.689500, best_overall=0.689500, mean_diversity=0.439503,
indivs=48065116, elapsed_secs=55383, mean=0.577654, stdev=0.168756, best fit=0.689500, best_overall=0.689500, mean_diversity=0.138059,
indivs=48075227, elapsed_secs=55396, mean=0.534645, stdev=0.205211, best fit=0.689500, best_overall=0.689500, mean_diversity=0.177536,
indivs=48085315, elapsed_secs=55408, mean=0.498710, stdev=0.075991, best fit=0.689500, best_overall=0.689500, mean_diversity=0.219874,
indivs=48095407, elapsed_secs=55420, mean=0.486015, stdev=0.087755, best fit=0.689500, best_overall=0.689500, mean_diversity=0.206147,
indivs=48105541, elapsed_secs=55432, mean=0.503904, stdev=0.218632, best fit=0.689500, best_overall=0.689500, mean_diversity=0.162567,
indivs=48115563, elapsed_secs=55444, mean=0.368590, stdev=0.155501, best fit=0.689500, best_overall=0.689500, mean_diversity=0.224884,
indivs=48125662, elapsed_secs=55454, mean=0.499560, stdev=0.056775, best fit=0.689500, best_overall=0.689500, mean_diversity=0.077202,
indivs=48135691, elapsed_secs=55466, mean=0.484188, stdev=0.061894, best fit=0.689500, best_overall=0.689500, mean_diversity=0.153872,
indivs=48145786, elapsed_secs=55477, mean=0.504123, stdev=0.028903, best fit=0.689500, best_overall=0.689500, mean_diversity=0.220093,
indivs=48155813, elapsed_secs=55489, mean=0.595644, stdev=0.071336, best fit=0.689500, best_overall=0.689500, mean_diversity=0.330704,
indivs=48165938, elapsed_secs=55500, mean=0.535666, stdev=0.107889, best fit=0.689500, best_overall=0.689500, mean_diversity=0.367081,
indivs=48176023, elapsed_secs=55513, mean=0.543093, stdev=0.121372, best fit=0.689500, best_overall=0.689500, mean_diversity=0.289503,
indivs=48186067, elapsed_secs=55524, mean=0.519776, stdev=0.136686, best fit=0.689500, best_overall=0.689500, mean_diversity=0.175597,
indivs=48196166, elapsed_secs=55538, mean=0.447169, stdev=0.206485, best fit=0.689500, best_overall=0.689500, mean_diversity=0.436802,
indivs=48206205, elapsed_secs=55549, mean=0.493092, stdev=0.073686, best fit=0.689500, best_overall=0.689500, mean_diversity=0.305127,
indivs=48216229, elapsed_secs=55560, mean=0.488385, stdev=0.087980, best fit=0.689500, best_overall=0.689500, mean_diversity=0.272493,
indivs=48226230, elapsed_secs=55571, mean=0.547665, stdev=0.147517, best fit=0.689500, best_overall=0.689500, mean_diversity=0.084953,
indivs=48236260, elapsed_secs=55583, mean=0.485755, stdev=0.103673, best fit=0.689500, best_overall=0.689500, mean_diversity=0.205838,
indivs=48246334, elapsed_secs=55593, mean=0.491448, stdev=0.143991, best fit=0.689500, best_overall=0.689500, mean_diversity=0.158673,
indivs=48256389, elapsed_secs=55604, mean=0.533402, stdev=0.168608, best fit=0.689500, best_overall=0.689500, mean_diversity=0.257880,
indivs=48266477, elapsed_secs=55615, mean=0.536978, stdev=0.193076, best fit=0.689500, best_overall=0.689500, mean_diversity=0.250019,
indivs=48276530, elapsed_secs=55625, mean=0.501894, stdev=0.018855, best fit=0.689500, best_overall=0.689500, mean_diversity=0.068621,
indivs=48286633, elapsed_secs=55636, mean=0.523887, stdev=0.201357, best fit=0.689500, best_overall=0.689500, mean_diversity=0.194244,
indivs=48296690, elapsed_secs=55647, mean=0.530288, stdev=0.151735, best fit=0.689500, best_overall=0.689500, mean_diversity=0.142907,
indivs=48306829, elapsed_secs=55657, mean=0.490288, stdev=0.236700, best fit=0.689500, best_overall=0.689500, mean_diversity=0.322687,
indivs=48316879, elapsed_secs=55666, mean=0.485835, stdev=0.171399, best fit=0.689500, best_overall=0.689500, mean_diversity=0.208966,
indivs=48326959, elapsed_secs=55677, mean=0.492065, stdev=0.090240, best fit=0.689500, best_overall=0.689500, mean_diversity=0.125084,
indivs=48336962, elapsed_secs=55690, mean=0.515371, stdev=0.204827, best fit=0.689500, best_overall=0.689500, mean_diversity=0.185181,
indivs=48347086, elapsed_secs=55703, mean=0.534201, stdev=0.122413, best fit=0.689500, best_overall=0.689500, mean_diversity=0.333258,
indivs=48357116, elapsed_secs=55714, mean=0.549869, stdev=0.088342, best fit=0.689500, best_overall=0.689500, mean_diversity=0.341606,
indivs=48367128, elapsed_secs=55725, mean=0.520263, stdev=0.078224, best fit=0.689500, best_overall=0.689500, mean_diversity=0.202055,
indivs=48377192, elapsed_secs=55735, mean=0.528580, stdev=0.148431, best fit=0.689500, best_overall=0.689500, mean_diversity=0.236243,
indivs=48387324, elapsed_secs=55745, mean=0.521207, stdev=0.162938, best fit=0.689500, best_overall=0.689500, mean_diversity=0.329659,
indivs=48397416, elapsed_secs=55756, mean=0.524493, stdev=0.120695, best fit=0.689500, best_overall=0.689500, mean_diversity=0.256000,
indivs=48407461, elapsed_secs=55769, mean=0.517195, stdev=0.190660, best fit=0.689500, best_overall=0.689500, mean_diversity=0.112874,
indivs=48417580, elapsed_secs=55781, mean=0.539574, stdev=0.146896, best fit=0.689500, best_overall=0.689500, mean_diversity=0.286400,
indivs=48427657, elapsed_secs=55792, mean=0.483208, stdev=0.100601, best fit=0.689500, best_overall=0.689500, mean_diversity=0.122165,
indivs=48437712, elapsed_secs=55804, mean=0.540778, stdev=0.206001, best fit=0.689500, best_overall=0.689500, mean_diversity=0.172886,
indivs=48447722, elapsed_secs=55815, mean=0.502586, stdev=0.127230, best fit=0.689500, best_overall=0.689500, mean_diversity=0.385638,
indivs=48457766, elapsed_secs=55827, mean=0.560923, stdev=0.180956, best fit=0.689500, best_overall=0.689500, mean_diversity=0.087731,
indivs=48467836, elapsed_secs=55839, mean=0.516010, stdev=0.206170, best fit=0.689500, best_overall=0.689500, mean_diversity=0.115363,
indivs=48477870, elapsed_secs=55851, mean=0.496733, stdev=0.164403, best fit=0.689500, best_overall=0.689500, mean_diversity=0.378970,
indivs=48487938, elapsed_secs=55863, mean=0.520043, stdev=0.114794, best fit=0.689500, best_overall=0.689500, mean_diversity=0.131700,
indivs=48498005, elapsed_secs=55874, mean=0.527424, stdev=0.126990, best fit=0.689500, best_overall=0.689500, mean_diversity=0.074011,
indivs=48508030, elapsed_secs=55887, mean=0.507599, stdev=0.086750, best fit=0.689500, best_overall=0.689500, mean_diversity=0.286481,
indivs=48518103, elapsed_secs=55897, mean=0.495649, stdev=0.116202, best fit=0.689500, best_overall=0.689500, mean_diversity=0.432599,
indivs=48528205, elapsed_secs=55908, mean=0.516219, stdev=0.096796, best fit=0.689500, best_overall=0.689500, mean_diversity=0.299414,
indivs=48538302, elapsed_secs=55918, mean=0.500252, stdev=0.101170, best fit=0.689500, best_overall=0.689500, mean_diversity=0.275548,
indivs=48548302, elapsed_secs=55929, mean=0.577590, stdev=0.163291, best fit=0.689500, best_overall=0.689500, mean_diversity=0.118201,
indivs=48558364, elapsed_secs=55940, mean=0.498430, stdev=0.099248, best fit=0.689500, best_overall=0.689500, mean_diversity=0.210787,
indivs=48568378, elapsed_secs=55953, mean=0.506218, stdev=0.088911, best fit=0.689500, best_overall=0.689500, mean_diversity=0.189568,
indivs=48578474, elapsed_secs=55964, mean=0.509524, stdev=0.179074, best fit=0.689500, best_overall=0.689500, mean_diversity=0.085648,
indivs=48588586, elapsed_secs=55977, mean=0.590858, stdev=0.118676, best fit=0.689500, best_overall=0.689500, mean_diversity=0.193284,
indivs=48598608, elapsed_secs=55989, mean=0.585088, stdev=0.161137, best fit=0.689500, best_overall=0.689500, mean_diversity=0.099803,
indivs=48608647, elapsed_secs=56000, mean=0.478354, stdev=0.117405, best fit=0.689500, best_overall=0.689500, mean_diversity=0.222840,
indivs=48618749, elapsed_secs=56009, mean=0.505617, stdev=0.137739, best fit=0.689500, best_overall=0.689500, mean_diversity=0.194102,
indivs=48628853, elapsed_secs=56021, mean=0.565387, stdev=0.202620, best fit=0.689500, best_overall=0.689500, mean_diversity=0.088887,
indivs=48638984, elapsed_secs=56031, mean=0.544463, stdev=0.214830, best fit=0.689500, best_overall=0.689500, mean_diversity=0.078256,
indivs=48649062, elapsed_secs=56042, mean=0.485126, stdev=0.145807, best fit=0.689500, best_overall=0.689500, mean_diversity=0.256918,
indivs=48659116, elapsed_secs=56052, mean=0.509198, stdev=0.152271, best fit=0.689500, best_overall=0.689500, mean_diversity=0.197050,
indivs=48669237, elapsed_secs=56062, mean=0.508493, stdev=0.202610, best fit=0.689500, best_overall=0.689500, mean_diversity=0.108310,
indivs=48679382, elapsed_secs=56075, mean=0.515091, stdev=0.221291, best fit=0.689500, best_overall=0.689500, mean_diversity=0.099280,
indivs=48689453, elapsed_secs=56087, mean=0.544576, stdev=0.119145, best fit=0.689500, best_overall=0.689500, mean_diversity=0.223166,
indivs=48699541, elapsed_secs=56100, mean=0.566833, stdev=0.162678, best fit=0.689500, best_overall=0.689500, mean_diversity=0.154638,
indivs=48709648, elapsed_secs=56112, mean=0.579314, stdev=0.153331, best fit=0.689500, best_overall=0.689500, mean_diversity=0.257642,
indivs=48719770, elapsed_secs=56123, mean=0.520039, stdev=0.183114, best fit=0.689500, best_overall=0.689500, mean_diversity=0.259179,
indivs=48729783, elapsed_secs=56133, mean=0.525612, stdev=0.119055, best fit=0.689500, best_overall=0.689500, mean_diversity=0.215617,
indivs=48739921, elapsed_secs=56145, mean=0.528084, stdev=0.186998, best fit=0.689500, best_overall=0.689500, mean_diversity=0.226223,
indivs=48749936, elapsed_secs=56157, mean=0.571988, stdev=0.077856, best fit=0.689500, best_overall=0.689500, mean_diversity=0.362893,
indivs=48760028, elapsed_secs=56167, mean=0.506905, stdev=0.107318, best fit=0.689500, best_overall=0.689500, mean_diversity=0.315903,
indivs=48770030, elapsed_secs=56178, mean=0.505246, stdev=0.175987, best fit=0.689500, best_overall=0.689500, mean_diversity=0.448306,
indivs=48780148, elapsed_secs=56189, mean=0.551162, stdev=0.182790, best fit=0.689500, best_overall=0.689500, mean_diversity=0.161516,
indivs=48790302, elapsed_secs=56202, mean=0.541465, stdev=0.172457, best fit=0.689500, best_overall=0.689500, mean_diversity=0.038014,
indivs=48800311, elapsed_secs=56213, mean=0.467954, stdev=0.150003, best fit=0.689500, best_overall=0.689500, mean_diversity=0.311897,
indivs=48810366, elapsed_secs=56225, mean=0.470456, stdev=0.252912, best fit=0.689500, best_overall=0.689500, mean_diversity=0.101994,
indivs=48820379, elapsed_secs=56237, mean=0.502929, stdev=0.118308, best fit=0.689500, best_overall=0.689500, mean_diversity=0.259054,
indivs=48830394, elapsed_secs=56249, mean=0.490432, stdev=0.073069, best fit=0.689500, best_overall=0.689500, mean_diversity=0.118382,
indivs=48840442, elapsed_secs=56260, mean=0.562645, stdev=0.209361, best fit=0.689500, best_overall=0.689500, mean_diversity=0.072259,
indivs=48850542, elapsed_secs=56270, mean=0.514441, stdev=0.219929, best fit=0.689500, best_overall=0.689500, mean_diversity=0.254842,
indivs=48860614, elapsed_secs=56280, mean=0.521671, stdev=0.092311, best fit=0.689500, best_overall=0.689500, mean_diversity=0.407656,
Experiment done. Retrieving candidate algorithm.
Search fitness for candidate algorithm = 0.689500
Evaluating candidate algorithm from experiment (on T_select tasks)... 
Select fitness for candidate algorithm = 0.678800
Select fitness is the best so far. 

Final evaluation of best algorithm (on unseen tasks)...
Final evaluation fitness (on unseen data) = 0.677270
Algorithm found: 
def Setup():
  s4 = 0.75792
  s1 = uniform(-5.60937, -0.310973)
  v4 = uniform(-0.586385, -0.185809, n_features)
  s3 = gaussian(-0.239513, 0.724881)
  s3 = gaussian(-0.785738, 0.871227)
  s4 = -0.962244
def Predict():
  v5 = maximum(v5, v1)
  s1 = dot(v7, v0)
  v5 = dot(m0, v6)
  v1 = v6 + v6
  v5 = v7 + v8
  v1 = v0 + v6
  v2 = dot(m0, v8)
  v2 = dot(m0, v8)
  s3 = dot(v7, v7)
  s2 = dot(v2, v6)
def Learn():
  v2 = s1 * v4
  v8 = v7 * v4
  v7 = v5 + v6
  v5 = v2 * v1
  v8 = s0 * v1
  v3 = s2 * v5
  s1 = s3 + s3
  m0 = m1 + m1
  m0 = m1 + m0
  v3 = v3 + v8
  s3 = s1 + s2
  s3 = s3 + s0
  s4 = s0 * s1
  v6 = v5 + v8
  m1 = outer(v1, v0)
  v3 = v4 + v4
  s1 = s4 - s3
  m1 = m0 + m1
  s1 = s4 - s2
  v1 = heaviside(v5, 1.0)
  m0 = m1 + m1

