Random seed = 3863597425
/p/work/rditljtd/automl_zero/baseline_full.db3
evol_id:12808
SQLite Version: 3.4.0

Creating database for run.
/p/work/rditljtd/automl_zero/baseline_full.db3
Running evolution experiment (on the T_search tasks)...
indivs=200, elapsed_secs=0, mean=0.500000, stdev=0.000000, best fit=0.500000, best_overall=0.500000, mean_diversity=0.000000,
indivs=10298, elapsed_secs=34, mean=0.512297, stdev=0.055809, best fit=0.562100, best_overall=0.562100, mean_diversity=0.143215,
indivs=20396, elapsed_secs=48, mean=0.512995, stdev=0.094857, best fit=0.576100, best_overall=0.576100, mean_diversity=0.183765,
indivs=30494, elapsed_secs=60, mean=0.528745, stdev=0.061265, best fit=0.581300, best_overall=0.581300, mean_diversity=0.137739,
indivs=40592, elapsed_secs=71, mean=0.521320, stdev=0.095995, best fit=0.581300, best_overall=0.581300, mean_diversity=0.193117,
indivs=50690, elapsed_secs=80, mean=0.538167, stdev=0.030622, best fit=0.592700, best_overall=0.592700, mean_diversity=0.172427,
indivs=60788, elapsed_secs=90, mean=0.548421, stdev=0.034592, best fit=0.592700, best_overall=0.592700, mean_diversity=0.163242,
indivs=70886, elapsed_secs=96, mean=0.526291, stdev=0.058515, best fit=0.592700, best_overall=0.592700, mean_diversity=0.191118,
indivs=80984, elapsed_secs=115, mean=0.624276, stdev=0.069245, best fit=0.691000, best_overall=0.691000, mean_diversity=0.143902,
indivs=91082, elapsed_secs=131, mean=0.577254, stdev=0.133501, best fit=0.699100, best_overall=0.699100, mean_diversity=0.134152,
indivs=101180, elapsed_secs=149, mean=0.627875, stdev=0.080827, best fit=0.699100, best_overall=0.699100, mean_diversity=0.155662,
indivs=111278, elapsed_secs=164, mean=0.618785, stdev=0.150001, best fit=0.699100, best_overall=0.699100, mean_diversity=0.171352,
indivs=121376, elapsed_secs=185, mean=0.633023, stdev=0.120277, best fit=0.699100, best_overall=0.699100, mean_diversity=0.067671,
indivs=131474, elapsed_secs=216, mean=0.629353, stdev=0.079545, best fit=0.699900, best_overall=0.699900, mean_diversity=0.164485,
indivs=141572, elapsed_secs=235, mean=0.606334, stdev=0.103399, best fit=0.699900, best_overall=0.699900, mean_diversity=0.076728,
indivs=151670, elapsed_secs=257, mean=0.593773, stdev=0.147799, best fit=0.700400, best_overall=0.700400, mean_diversity=0.134506,
indivs=161768, elapsed_secs=274, mean=0.599895, stdev=0.117333, best fit=0.700400, best_overall=0.700400, mean_diversity=0.173642,
indivs=171866, elapsed_secs=290, mean=0.611650, stdev=0.151341, best fit=0.700400, best_overall=0.700400, mean_diversity=0.122234,
indivs=181964, elapsed_secs=313, mean=0.609881, stdev=0.150813, best fit=0.700400, best_overall=0.700400, mean_diversity=0.122405,
indivs=192062, elapsed_secs=330, mean=0.611839, stdev=0.071618, best fit=0.700400, best_overall=0.700400, mean_diversity=0.117485,
indivs=202160, elapsed_secs=347, mean=0.611317, stdev=0.089013, best fit=0.700400, best_overall=0.700400, mean_diversity=0.256101,
indivs=212258, elapsed_secs=363, mean=0.641593, stdev=0.099995, best fit=0.700400, best_overall=0.700400, mean_diversity=0.114921,
indivs=222356, elapsed_secs=380, mean=0.620834, stdev=0.096327, best fit=0.700400, best_overall=0.700400, mean_diversity=0.243819,
indivs=232454, elapsed_secs=395, mean=0.629099, stdev=0.148562, best fit=0.700400, best_overall=0.700400, mean_diversity=0.173333,
indivs=242552, elapsed_secs=413, mean=0.626599, stdev=0.107035, best fit=0.700400, best_overall=0.700400, mean_diversity=0.140466,
indivs=252650, elapsed_secs=432, mean=0.613439, stdev=0.125044, best fit=0.700400, best_overall=0.700400, mean_diversity=0.104748,
indivs=262748, elapsed_secs=451, mean=0.633336, stdev=0.083574, best fit=0.700400, best_overall=0.700400, mean_diversity=0.229747,
indivs=272846, elapsed_secs=469, mean=0.617374, stdev=0.098194, best fit=0.700400, best_overall=0.700400, mean_diversity=0.105223,
indivs=282944, elapsed_secs=484, mean=0.628137, stdev=0.084395, best fit=0.700400, best_overall=0.700400, mean_diversity=0.074621,
indivs=293042, elapsed_secs=501, mean=0.641486, stdev=0.117367, best fit=0.700400, best_overall=0.700400, mean_diversity=0.112102,
indivs=303140, elapsed_secs=522, mean=0.635542, stdev=0.094025, best fit=0.700400, best_overall=0.700400, mean_diversity=0.126480,
indivs=313238, elapsed_secs=540, mean=0.624078, stdev=0.088356, best fit=0.700400, best_overall=0.700400, mean_diversity=0.094315,
indivs=323336, elapsed_secs=556, mean=0.633707, stdev=0.079906, best fit=0.700400, best_overall=0.700400, mean_diversity=0.088541,
indivs=333434, elapsed_secs=572, mean=0.592542, stdev=0.068200, best fit=0.700400, best_overall=0.700400, mean_diversity=0.085164,
indivs=343532, elapsed_secs=586, mean=0.614488, stdev=0.120367, best fit=0.700400, best_overall=0.700400, mean_diversity=0.174701,
indivs=353630, elapsed_secs=604, mean=0.627479, stdev=0.093511, best fit=0.700400, best_overall=0.700400, mean_diversity=0.098634,
indivs=363728, elapsed_secs=621, mean=0.631550, stdev=0.095852, best fit=0.700400, best_overall=0.700400, mean_diversity=0.147832,
indivs=373826, elapsed_secs=640, mean=0.623716, stdev=0.106917, best fit=0.700400, best_overall=0.700400, mean_diversity=0.154568,
indivs=383924, elapsed_secs=662, mean=0.602553, stdev=0.086003, best fit=0.700700, best_overall=0.700700, mean_diversity=0.093252,
indivs=394022, elapsed_secs=690, mean=0.606388, stdev=0.077981, best fit=0.700700, best_overall=0.700700, mean_diversity=0.167898,
indivs=404120, elapsed_secs=711, mean=0.634529, stdev=0.102349, best fit=0.700700, best_overall=0.700700, mean_diversity=0.154409,
indivs=414218, elapsed_secs=733, mean=0.596461, stdev=0.107881, best fit=0.700700, best_overall=0.700700, mean_diversity=0.181049,
indivs=424316, elapsed_secs=757, mean=0.614987, stdev=0.126269, best fit=0.700700, best_overall=0.700700, mean_diversity=0.147519,
indivs=434414, elapsed_secs=782, mean=0.597787, stdev=0.102626, best fit=0.700700, best_overall=0.700700, mean_diversity=0.131371,
indivs=444512, elapsed_secs=807, mean=0.605381, stdev=0.153156, best fit=0.700700, best_overall=0.700700, mean_diversity=0.121376,
indivs=454610, elapsed_secs=827, mean=0.622359, stdev=0.126439, best fit=0.700700, best_overall=0.700700, mean_diversity=0.119219,
indivs=464708, elapsed_secs=847, mean=0.634405, stdev=0.121476, best fit=0.700700, best_overall=0.700700, mean_diversity=0.163897,
indivs=474806, elapsed_secs=870, mean=0.621457, stdev=0.110313, best fit=0.700700, best_overall=0.700700, mean_diversity=0.120401,
indivs=484904, elapsed_secs=892, mean=0.606648, stdev=0.146879, best fit=0.700700, best_overall=0.700700, mean_diversity=0.102733,
indivs=495002, elapsed_secs=913, mean=0.623655, stdev=0.133734, best fit=0.700700, best_overall=0.700700, mean_diversity=0.132841,
indivs=505100, elapsed_secs=939, mean=0.601215, stdev=0.086110, best fit=0.700700, best_overall=0.700700, mean_diversity=0.177245,
indivs=515198, elapsed_secs=963, mean=0.639593, stdev=0.085035, best fit=0.700700, best_overall=0.700700, mean_diversity=0.135120,
indivs=525296, elapsed_secs=979, mean=0.624001, stdev=0.081538, best fit=0.701000, best_overall=0.701000, mean_diversity=0.313318,
indivs=535394, elapsed_secs=996, mean=0.590508, stdev=0.093003, best fit=0.701000, best_overall=0.701000, mean_diversity=0.148077,
indivs=545492, elapsed_secs=1009, mean=0.630082, stdev=0.103402, best fit=0.701000, best_overall=0.701000, mean_diversity=0.123111,
indivs=555590, elapsed_secs=1025, mean=0.595181, stdev=0.100693, best fit=0.701000, best_overall=0.701000, mean_diversity=0.237331,
indivs=565688, elapsed_secs=1039, mean=0.637241, stdev=0.101720, best fit=0.701000, best_overall=0.701000, mean_diversity=0.165113,
indivs=575786, elapsed_secs=1059, mean=0.592416, stdev=0.113327, best fit=0.701000, best_overall=0.701000, mean_diversity=0.186361,
indivs=585884, elapsed_secs=1075, mean=0.617433, stdev=0.092693, best fit=0.701000, best_overall=0.701000, mean_diversity=0.076449,
indivs=595982, elapsed_secs=1090, mean=0.606683, stdev=0.066903, best fit=0.701000, best_overall=0.701000, mean_diversity=0.102774,
indivs=606080, elapsed_secs=1107, mean=0.603768, stdev=0.142356, best fit=0.701000, best_overall=0.701000, mean_diversity=0.215470,
indivs=616178, elapsed_secs=1124, mean=0.622268, stdev=0.097250, best fit=0.701000, best_overall=0.701000, mean_diversity=0.127044,
indivs=626276, elapsed_secs=1139, mean=0.617000, stdev=0.103085, best fit=0.701000, best_overall=0.701000, mean_diversity=0.062477,
indivs=636374, elapsed_secs=1157, mean=0.588115, stdev=0.066629, best fit=0.701000, best_overall=0.701000, mean_diversity=0.174261,
indivs=646472, elapsed_secs=1170, mean=0.592281, stdev=0.086882, best fit=0.701000, best_overall=0.701000, mean_diversity=0.101486,
indivs=656570, elapsed_secs=1186, mean=0.596150, stdev=0.067695, best fit=0.701000, best_overall=0.701000, mean_diversity=0.113267,
indivs=666668, elapsed_secs=1201, mean=0.584798, stdev=0.073994, best fit=0.701000, best_overall=0.701000, mean_diversity=0.176353,
indivs=676766, elapsed_secs=1220, mean=0.617377, stdev=0.122791, best fit=0.701000, best_overall=0.701000, mean_diversity=0.146900,
indivs=686864, elapsed_secs=1237, mean=0.586739, stdev=0.092385, best fit=0.701000, best_overall=0.701000, mean_diversity=0.223472,
indivs=696962, elapsed_secs=1257, mean=0.594278, stdev=0.113992, best fit=0.701000, best_overall=0.701000, mean_diversity=0.089828,
indivs=707060, elapsed_secs=1273, mean=0.623969, stdev=0.108114, best fit=0.701000, best_overall=0.701000, mean_diversity=0.121446,
indivs=717158, elapsed_secs=1286, mean=0.615313, stdev=0.106152, best fit=0.701000, best_overall=0.701000, mean_diversity=0.151653,
indivs=727256, elapsed_secs=1301, mean=0.608166, stdev=0.098973, best fit=0.701000, best_overall=0.701000, mean_diversity=0.141706,
indivs=737354, elapsed_secs=1320, mean=0.607585, stdev=0.076174, best fit=0.701000, best_overall=0.701000, mean_diversity=0.128651,
indivs=747452, elapsed_secs=1336, mean=0.601505, stdev=0.140885, best fit=0.701000, best_overall=0.701000, mean_diversity=0.133994,
indivs=757550, elapsed_secs=1354, mean=0.624439, stdev=0.123401, best fit=0.701000, best_overall=0.701000, mean_diversity=0.110153,
indivs=767648, elapsed_secs=1371, mean=0.595722, stdev=0.079900, best fit=0.701000, best_overall=0.701000, mean_diversity=0.111833,
indivs=777746, elapsed_secs=1387, mean=0.594976, stdev=0.088939, best fit=0.701000, best_overall=0.701000, mean_diversity=0.204238,
indivs=787844, elapsed_secs=1406, mean=0.619278, stdev=0.107355, best fit=0.701000, best_overall=0.701000, mean_diversity=0.103385,
indivs=797942, elapsed_secs=1420, mean=0.619933, stdev=0.081399, best fit=0.701000, best_overall=0.701000, mean_diversity=0.137802,
indivs=808040, elapsed_secs=1433, mean=0.637953, stdev=0.084900, best fit=0.701000, best_overall=0.701000, mean_diversity=0.126481,
indivs=818138, elapsed_secs=1448, mean=0.587716, stdev=0.110890, best fit=0.701000, best_overall=0.701000, mean_diversity=0.104812,
indivs=828236, elapsed_secs=1464, mean=0.614087, stdev=0.105556, best fit=0.701000, best_overall=0.701000, mean_diversity=0.135035,
indivs=838334, elapsed_secs=1478, mean=0.637842, stdev=0.080117, best fit=0.701000, best_overall=0.701000, mean_diversity=0.135014,
indivs=848432, elapsed_secs=1500, mean=0.645522, stdev=0.084701, best fit=0.701000, best_overall=0.701000, mean_diversity=0.156486,
indivs=858530, elapsed_secs=1516, mean=0.620989, stdev=0.083652, best fit=0.701000, best_overall=0.701000, mean_diversity=0.114811,
indivs=868628, elapsed_secs=1536, mean=0.631289, stdev=0.104449, best fit=0.701000, best_overall=0.701000, mean_diversity=0.088575,
indivs=878726, elapsed_secs=1549, mean=0.584871, stdev=0.110693, best fit=0.701000, best_overall=0.701000, mean_diversity=0.092719,
indivs=888824, elapsed_secs=1563, mean=0.592991, stdev=0.060780, best fit=0.701000, best_overall=0.701000, mean_diversity=0.134044,
indivs=898922, elapsed_secs=1577, mean=0.618851, stdev=0.138654, best fit=0.701000, best_overall=0.701000, mean_diversity=0.135455,
indivs=909020, elapsed_secs=1592, mean=0.623527, stdev=0.111480, best fit=0.701000, best_overall=0.701000, mean_diversity=0.137868,
indivs=919118, elapsed_secs=1606, mean=0.585020, stdev=0.178431, best fit=0.701000, best_overall=0.701000, mean_diversity=0.131392,
indivs=929216, elapsed_secs=1623, mean=0.595743, stdev=0.105157, best fit=0.701000, best_overall=0.701000, mean_diversity=0.129689,
indivs=939314, elapsed_secs=1636, mean=0.612212, stdev=0.083708, best fit=0.701000, best_overall=0.701000, mean_diversity=0.089516,
indivs=949412, elapsed_secs=1651, mean=0.592138, stdev=0.075055, best fit=0.701000, best_overall=0.701000, mean_diversity=0.142588,
indivs=959510, elapsed_secs=1667, mean=0.609770, stdev=0.103615, best fit=0.701000, best_overall=0.701000, mean_diversity=0.107759,
indivs=969608, elapsed_secs=1684, mean=0.633616, stdev=0.076919, best fit=0.701000, best_overall=0.701000, mean_diversity=0.186266,
indivs=979706, elapsed_secs=1702, mean=0.595945, stdev=0.100581, best fit=0.701000, best_overall=0.701000, mean_diversity=0.125122,
indivs=989804, elapsed_secs=1718, mean=0.605954, stdev=0.104833, best fit=0.701000, best_overall=0.701000, mean_diversity=0.084262,
indivs=999902, elapsed_secs=1730, mean=0.647000, stdev=0.081541, best fit=0.701000, best_overall=0.701000, mean_diversity=0.181354,
indivs=1010000, elapsed_secs=1746, mean=0.582908, stdev=0.103930, best fit=0.701000, best_overall=0.701000, mean_diversity=0.185312,
indivs=1020098, elapsed_secs=1763, mean=0.585941, stdev=0.111732, best fit=0.701000, best_overall=0.701000, mean_diversity=0.162787,
indivs=1030196, elapsed_secs=1781, mean=0.621482, stdev=0.083434, best fit=0.701000, best_overall=0.701000, mean_diversity=0.103630,
indivs=1040294, elapsed_secs=1799, mean=0.593503, stdev=0.093404, best fit=0.701000, best_overall=0.701000, mean_diversity=0.162711,
indivs=1050392, elapsed_secs=1812, mean=0.611128, stdev=0.098503, best fit=0.701000, best_overall=0.701000, mean_diversity=0.134985,
indivs=1060490, elapsed_secs=1825, mean=0.631689, stdev=0.099096, best fit=0.701000, best_overall=0.701000, mean_diversity=0.114958,
indivs=1070588, elapsed_secs=1839, mean=0.581529, stdev=0.171806, best fit=0.701000, best_overall=0.701000, mean_diversity=0.109277,
indivs=1080686, elapsed_secs=1854, mean=0.612309, stdev=0.107406, best fit=0.701000, best_overall=0.701000, mean_diversity=0.094761,
indivs=1090784, elapsed_secs=1872, mean=0.632987, stdev=0.118580, best fit=0.701000, best_overall=0.701000, mean_diversity=0.137790,
indivs=1100882, elapsed_secs=1886, mean=0.609194, stdev=0.063058, best fit=0.701000, best_overall=0.701000, mean_diversity=0.142287,
indivs=1110980, elapsed_secs=1901, mean=0.600471, stdev=0.101689, best fit=0.701000, best_overall=0.701000, mean_diversity=0.159203,
indivs=1121078, elapsed_secs=1920, mean=0.624046, stdev=0.160021, best fit=0.701000, best_overall=0.701000, mean_diversity=0.169959,
indivs=1131176, elapsed_secs=1938, mean=0.622941, stdev=0.103101, best fit=0.701000, best_overall=0.701000, mean_diversity=0.126857,
indivs=1141274, elapsed_secs=1954, mean=0.615296, stdev=0.124222, best fit=0.701000, best_overall=0.701000, mean_diversity=0.126911,
indivs=1151372, elapsed_secs=1968, mean=0.599922, stdev=0.141959, best fit=0.701000, best_overall=0.701000, mean_diversity=0.133434,
indivs=1161470, elapsed_secs=1983, mean=0.597564, stdev=0.060129, best fit=0.701000, best_overall=0.701000, mean_diversity=0.098585,
indivs=1171568, elapsed_secs=2000, mean=0.626361, stdev=0.089209, best fit=0.701000, best_overall=0.701000, mean_diversity=0.103866,
indivs=1181666, elapsed_secs=2012, mean=0.615371, stdev=0.083162, best fit=0.701000, best_overall=0.701000, mean_diversity=0.109825,
indivs=1191764, elapsed_secs=2028, mean=0.620931, stdev=0.107209, best fit=0.701000, best_overall=0.701000, mean_diversity=0.089253,
indivs=1201862, elapsed_secs=2055, mean=0.622639, stdev=0.068319, best fit=0.701000, best_overall=0.701000, mean_diversity=0.128338,
indivs=1211960, elapsed_secs=2067, mean=0.591575, stdev=0.063440, best fit=0.701000, best_overall=0.701000, mean_diversity=0.243097,
indivs=1222058, elapsed_secs=2080, mean=0.639883, stdev=0.088593, best fit=0.701000, best_overall=0.701000, mean_diversity=0.106468,
indivs=1232156, elapsed_secs=2100, mean=0.620024, stdev=0.084192, best fit=0.701000, best_overall=0.701000, mean_diversity=0.063096,
indivs=1242254, elapsed_secs=2114, mean=0.612242, stdev=0.070427, best fit=0.701000, best_overall=0.701000, mean_diversity=0.099172,
indivs=1252352, elapsed_secs=2129, mean=0.607043, stdev=0.088241, best fit=0.701000, best_overall=0.701000, mean_diversity=0.078045,
indivs=1262450, elapsed_secs=2141, mean=0.609338, stdev=0.134384, best fit=0.701000, best_overall=0.701000, mean_diversity=0.081851,
indivs=1272548, elapsed_secs=2156, mean=0.611028, stdev=0.082282, best fit=0.701000, best_overall=0.701000, mean_diversity=0.094184,
indivs=1282646, elapsed_secs=2176, mean=0.606250, stdev=0.104188, best fit=0.701000, best_overall=0.701000, mean_diversity=0.103599,
indivs=1292744, elapsed_secs=2191, mean=0.623119, stdev=0.136308, best fit=0.701000, best_overall=0.701000, mean_diversity=0.158564,
indivs=1302842, elapsed_secs=2206, mean=0.617475, stdev=0.063075, best fit=0.701000, best_overall=0.701000, mean_diversity=0.125240,
indivs=1312940, elapsed_secs=2222, mean=0.599580, stdev=0.102353, best fit=0.701000, best_overall=0.701000, mean_diversity=0.149419,
indivs=1323038, elapsed_secs=2233, mean=0.624421, stdev=0.105658, best fit=0.701000, best_overall=0.701000, mean_diversity=0.153479,
indivs=1333136, elapsed_secs=2248, mean=0.596085, stdev=0.113746, best fit=0.701000, best_overall=0.701000, mean_diversity=0.136923,
indivs=1343234, elapsed_secs=2264, mean=0.608494, stdev=0.078858, best fit=0.701000, best_overall=0.701000, mean_diversity=0.103859,
indivs=1353332, elapsed_secs=2280, mean=0.632729, stdev=0.086261, best fit=0.701000, best_overall=0.701000, mean_diversity=0.110846,
indivs=1363430, elapsed_secs=2296, mean=0.586865, stdev=0.089602, best fit=0.701000, best_overall=0.701000, mean_diversity=0.138085,
indivs=1373528, elapsed_secs=2308, mean=0.596639, stdev=0.168117, best fit=0.701000, best_overall=0.701000, mean_diversity=0.210431,
indivs=1383626, elapsed_secs=2326, mean=0.589934, stdev=0.108764, best fit=0.701000, best_overall=0.701000, mean_diversity=0.139204,
indivs=1393724, elapsed_secs=2342, mean=0.618854, stdev=0.125424, best fit=0.701000, best_overall=0.701000, mean_diversity=0.093762,
indivs=1403822, elapsed_secs=2357, mean=0.613661, stdev=0.136186, best fit=0.701000, best_overall=0.701000, mean_diversity=0.112338,
indivs=1413920, elapsed_secs=2372, mean=0.585013, stdev=0.105375, best fit=0.701000, best_overall=0.701000, mean_diversity=0.124430,
indivs=1424018, elapsed_secs=2389, mean=0.604118, stdev=0.156911, best fit=0.701000, best_overall=0.701000, mean_diversity=0.121621,
indivs=1434116, elapsed_secs=2405, mean=0.593449, stdev=0.099230, best fit=0.701000, best_overall=0.701000, mean_diversity=0.110330,
indivs=1444214, elapsed_secs=2420, mean=0.605021, stdev=0.071513, best fit=0.701000, best_overall=0.701000, mean_diversity=0.116483,
indivs=1454312, elapsed_secs=2440, mean=0.600970, stdev=0.140842, best fit=0.701000, best_overall=0.701000, mean_diversity=0.135636,
indivs=1464410, elapsed_secs=2457, mean=0.605118, stdev=0.073203, best fit=0.701000, best_overall=0.701000, mean_diversity=0.170088,
indivs=1474508, elapsed_secs=2486, mean=0.587336, stdev=0.071768, best fit=0.701000, best_overall=0.701000, mean_diversity=0.097990,
indivs=1484606, elapsed_secs=2501, mean=0.634993, stdev=0.107218, best fit=0.701000, best_overall=0.701000, mean_diversity=0.100069,
indivs=1494704, elapsed_secs=2513, mean=0.603823, stdev=0.070161, best fit=0.701000, best_overall=0.701000, mean_diversity=0.115797,
indivs=1504802, elapsed_secs=2528, mean=0.584518, stdev=0.167126, best fit=0.701000, best_overall=0.701000, mean_diversity=0.130635,
indivs=1514900, elapsed_secs=2545, mean=0.621919, stdev=0.105510, best fit=0.701000, best_overall=0.701000, mean_diversity=0.134301,
indivs=1524998, elapsed_secs=2562, mean=0.611910, stdev=0.139364, best fit=0.701000, best_overall=0.701000, mean_diversity=0.211246,
indivs=1535096, elapsed_secs=2580, mean=0.626056, stdev=0.130674, best fit=0.701000, best_overall=0.701000, mean_diversity=0.125385,
indivs=1545194, elapsed_secs=2593, mean=0.602061, stdev=0.158408, best fit=0.701000, best_overall=0.701000, mean_diversity=0.184824,
indivs=1555292, elapsed_secs=2611, mean=0.625948, stdev=0.106333, best fit=0.701000, best_overall=0.701000, mean_diversity=0.119924,
indivs=1565390, elapsed_secs=2624, mean=0.611020, stdev=0.136929, best fit=0.701000, best_overall=0.701000, mean_diversity=0.145015,
indivs=1575488, elapsed_secs=2639, mean=0.623554, stdev=0.086477, best fit=0.701000, best_overall=0.701000, mean_diversity=0.128471,
indivs=1585586, elapsed_secs=2653, mean=0.610411, stdev=0.120525, best fit=0.701000, best_overall=0.701000, mean_diversity=0.098794,
indivs=1595684, elapsed_secs=2669, mean=0.647790, stdev=0.078375, best fit=0.701000, best_overall=0.701000, mean_diversity=0.085646,
indivs=1605782, elapsed_secs=2685, mean=0.634397, stdev=0.106926, best fit=0.701000, best_overall=0.701000, mean_diversity=0.197060,
indivs=1615880, elapsed_secs=2700, mean=0.606158, stdev=0.075364, best fit=0.701000, best_overall=0.701000, mean_diversity=0.123872,
indivs=1625978, elapsed_secs=2713, mean=0.626854, stdev=0.086175, best fit=0.701000, best_overall=0.701000, mean_diversity=0.115657,
indivs=1636076, elapsed_secs=2727, mean=0.593344, stdev=0.063992, best fit=0.701000, best_overall=0.701000, mean_diversity=0.100645,
indivs=1646174, elapsed_secs=2745, mean=0.610276, stdev=0.135228, best fit=0.701000, best_overall=0.701000, mean_diversity=0.310642,
indivs=1656272, elapsed_secs=2762, mean=0.606266, stdev=0.077206, best fit=0.701000, best_overall=0.701000, mean_diversity=0.068511,
indivs=1666370, elapsed_secs=2783, mean=0.609444, stdev=0.070626, best fit=0.701000, best_overall=0.701000, mean_diversity=0.131871,
indivs=1676468, elapsed_secs=2795, mean=0.648222, stdev=0.082346, best fit=0.701000, best_overall=0.701000, mean_diversity=0.084162,
indivs=1686566, elapsed_secs=2808, mean=0.636496, stdev=0.083638, best fit=0.701000, best_overall=0.701000, mean_diversity=0.193066,
indivs=1696664, elapsed_secs=2822, mean=0.614163, stdev=0.139488, best fit=0.701000, best_overall=0.701000, mean_diversity=0.137091,
indivs=1706762, elapsed_secs=2841, mean=0.595036, stdev=0.069213, best fit=0.701000, best_overall=0.701000, mean_diversity=0.094494,
indivs=1716860, elapsed_secs=2865, mean=0.645034, stdev=0.082224, best fit=0.701000, best_overall=0.701000, mean_diversity=0.164326,
indivs=1726958, elapsed_secs=2879, mean=0.595069, stdev=0.141602, best fit=0.701000, best_overall=0.701000, mean_diversity=0.203152,
indivs=1737056, elapsed_secs=2895, mean=0.605959, stdev=0.118573, best fit=0.701000, best_overall=0.701000, mean_diversity=0.153863,
indivs=1747154, elapsed_secs=2912, mean=0.607722, stdev=0.126081, best fit=0.701000, best_overall=0.701000, mean_diversity=0.083787,
indivs=1757252, elapsed_secs=2931, mean=0.601881, stdev=0.162897, best fit=0.701000, best_overall=0.701000, mean_diversity=0.240437,
indivs=1767350, elapsed_secs=2947, mean=0.607436, stdev=0.162900, best fit=0.701000, best_overall=0.701000, mean_diversity=0.123828,
indivs=1777448, elapsed_secs=2964, mean=0.640981, stdev=0.101099, best fit=0.701000, best_overall=0.701000, mean_diversity=0.191085,
indivs=1787546, elapsed_secs=2980, mean=0.602625, stdev=0.122800, best fit=0.701000, best_overall=0.701000, mean_diversity=0.150822,
indivs=1797644, elapsed_secs=2995, mean=0.591075, stdev=0.089329, best fit=0.701000, best_overall=0.701000, mean_diversity=0.251688,
indivs=1807742, elapsed_secs=3012, mean=0.592768, stdev=0.095853, best fit=0.701000, best_overall=0.701000, mean_diversity=0.093581,
indivs=1817840, elapsed_secs=3029, mean=0.614923, stdev=0.075902, best fit=0.701000, best_overall=0.701000, mean_diversity=0.104206,
indivs=1827938, elapsed_secs=3044, mean=0.629294, stdev=0.100901, best fit=0.701000, best_overall=0.701000, mean_diversity=0.116646,
indivs=1838036, elapsed_secs=3057, mean=0.612466, stdev=0.090674, best fit=0.701000, best_overall=0.701000, mean_diversity=0.111283,
indivs=1848134, elapsed_secs=3071, mean=0.602653, stdev=0.117033, best fit=0.701000, best_overall=0.701000, mean_diversity=0.144764,
indivs=1858232, elapsed_secs=3088, mean=0.600672, stdev=0.105791, best fit=0.701000, best_overall=0.701000, mean_diversity=0.157459,
indivs=1868330, elapsed_secs=3103, mean=0.574248, stdev=0.125029, best fit=0.701000, best_overall=0.701000, mean_diversity=0.306129,
indivs=1878428, elapsed_secs=3117, mean=0.614793, stdev=0.088086, best fit=0.701000, best_overall=0.701000, mean_diversity=0.113925,
indivs=1888526, elapsed_secs=3133, mean=0.620919, stdev=0.072034, best fit=0.701000, best_overall=0.701000, mean_diversity=0.081127,
indivs=1898624, elapsed_secs=3148, mean=0.615401, stdev=0.081310, best fit=0.701000, best_overall=0.701000, mean_diversity=0.118410,
indivs=1908722, elapsed_secs=3161, mean=0.585761, stdev=0.102960, best fit=0.701000, best_overall=0.701000, mean_diversity=0.099419,
indivs=1918820, elapsed_secs=3175, mean=0.599597, stdev=0.093829, best fit=0.701000, best_overall=0.701000, mean_diversity=0.131770,
indivs=1928918, elapsed_secs=3191, mean=0.622239, stdev=0.087018, best fit=0.701000, best_overall=0.701000, mean_diversity=0.115389,
indivs=1939016, elapsed_secs=3207, mean=0.616755, stdev=0.085394, best fit=0.701000, best_overall=0.701000, mean_diversity=0.115620,
indivs=1949114, elapsed_secs=3224, mean=0.638698, stdev=0.117430, best fit=0.701000, best_overall=0.701000, mean_diversity=0.067853,
indivs=1959212, elapsed_secs=3240, mean=0.602553, stdev=0.082674, best fit=0.701000, best_overall=0.701000, mean_diversity=0.140872,
indivs=1969310, elapsed_secs=3256, mean=0.639018, stdev=0.082051, best fit=0.701000, best_overall=0.701000, mean_diversity=0.126840,
indivs=1979408, elapsed_secs=3272, mean=0.612876, stdev=0.063810, best fit=0.701000, best_overall=0.701000, mean_diversity=0.080907,
indivs=1989506, elapsed_secs=3288, mean=0.583495, stdev=0.091744, best fit=0.701000, best_overall=0.701000, mean_diversity=0.125776,
indivs=1999604, elapsed_secs=3302, mean=0.597001, stdev=0.067490, best fit=0.701000, best_overall=0.701000, mean_diversity=0.145420,
indivs=2009702, elapsed_secs=3319, mean=0.616081, stdev=0.108140, best fit=0.701000, best_overall=0.701000, mean_diversity=0.100149,
indivs=2019800, elapsed_secs=3333, mean=0.613809, stdev=0.082041, best fit=0.701000, best_overall=0.701000, mean_diversity=0.211568,
indivs=2029898, elapsed_secs=3347, mean=0.596902, stdev=0.069559, best fit=0.701000, best_overall=0.701000, mean_diversity=0.104121,
indivs=2039996, elapsed_secs=3363, mean=0.601210, stdev=0.058831, best fit=0.701000, best_overall=0.701000, mean_diversity=0.084677,
indivs=2050094, elapsed_secs=3379, mean=0.639243, stdev=0.103080, best fit=0.701000, best_overall=0.701000, mean_diversity=0.218826,
indivs=2060192, elapsed_secs=3399, mean=0.610629, stdev=0.096106, best fit=0.701000, best_overall=0.701000, mean_diversity=0.094707,
indivs=2070290, elapsed_secs=3415, mean=0.595031, stdev=0.151016, best fit=0.701000, best_overall=0.701000, mean_diversity=0.151434,
indivs=2080388, elapsed_secs=3441, mean=0.625799, stdev=0.112111, best fit=0.701000, best_overall=0.701000, mean_diversity=0.122810,
indivs=2090486, elapsed_secs=3460, mean=0.613008, stdev=0.106972, best fit=0.701000, best_overall=0.701000, mean_diversity=0.168352,
indivs=2100584, elapsed_secs=3472, mean=0.608208, stdev=0.083792, best fit=0.701000, best_overall=0.701000, mean_diversity=0.127500,
indivs=2110682, elapsed_secs=3485, mean=0.586752, stdev=0.090959, best fit=0.701000, best_overall=0.701000, mean_diversity=0.122957,
indivs=2120780, elapsed_secs=3500, mean=0.612946, stdev=0.139281, best fit=0.701000, best_overall=0.701000, mean_diversity=0.102796,
indivs=2130878, elapsed_secs=3515, mean=0.613306, stdev=0.067810, best fit=0.701000, best_overall=0.701000, mean_diversity=0.226800,
indivs=2140976, elapsed_secs=3527, mean=0.615621, stdev=0.106393, best fit=0.701000, best_overall=0.701000, mean_diversity=0.123939,
indivs=2151074, elapsed_secs=3541, mean=0.619419, stdev=0.087555, best fit=0.701000, best_overall=0.701000, mean_diversity=0.108304,
indivs=2161172, elapsed_secs=3560, mean=0.617247, stdev=0.109609, best fit=0.701000, best_overall=0.701000, mean_diversity=0.105935,
indivs=2171270, elapsed_secs=3579, mean=0.633999, stdev=0.085535, best fit=0.701000, best_overall=0.701000, mean_diversity=0.122811,
indivs=2181368, elapsed_secs=3591, mean=0.628279, stdev=0.108430, best fit=0.701000, best_overall=0.701000, mean_diversity=0.095145,
indivs=2191466, elapsed_secs=3606, mean=0.617831, stdev=0.083291, best fit=0.701000, best_overall=0.701000, mean_diversity=0.124071,
indivs=2201564, elapsed_secs=3624, mean=0.632058, stdev=0.108102, best fit=0.701000, best_overall=0.701000, mean_diversity=0.063683,
indivs=2211662, elapsed_secs=3639, mean=0.628168, stdev=0.084244, best fit=0.701000, best_overall=0.701000, mean_diversity=0.156561,
indivs=2221760, elapsed_secs=3658, mean=0.608026, stdev=0.162782, best fit=0.701000, best_overall=0.701000, mean_diversity=0.156615,
indivs=2231858, elapsed_secs=3678, mean=0.613803, stdev=0.162904, best fit=0.701000, best_overall=0.701000, mean_diversity=0.158190,
indivs=2241956, elapsed_secs=3691, mean=0.603118, stdev=0.135491, best fit=0.701000, best_overall=0.701000, mean_diversity=0.114585,
indivs=2252054, elapsed_secs=3710, mean=0.633397, stdev=0.118648, best fit=0.701000, best_overall=0.701000, mean_diversity=0.095688,
indivs=2262152, elapsed_secs=3725, mean=0.633870, stdev=0.088123, best fit=0.701000, best_overall=0.701000, mean_diversity=0.130865,
indivs=2272250, elapsed_secs=3739, mean=0.620254, stdev=0.110249, best fit=0.701000, best_overall=0.701000, mean_diversity=0.117426,
indivs=2282348, elapsed_secs=3750, mean=0.592052, stdev=0.069301, best fit=0.701000, best_overall=0.701000, mean_diversity=0.204000,
indivs=2292446, elapsed_secs=3767, mean=0.613640, stdev=0.152038, best fit=0.701000, best_overall=0.701000, mean_diversity=0.244014,
indivs=2302544, elapsed_secs=3785, mean=0.599094, stdev=0.076000, best fit=0.701000, best_overall=0.701000, mean_diversity=0.157233,
indivs=2312642, elapsed_secs=3802, mean=0.597348, stdev=0.162060, best fit=0.701000, best_overall=0.701000, mean_diversity=0.318312,
indivs=2322740, elapsed_secs=3815, mean=0.631135, stdev=0.083528, best fit=0.701000, best_overall=0.701000, mean_diversity=0.081286,
indivs=2332838, elapsed_secs=3832, mean=0.616332, stdev=0.088559, best fit=0.701000, best_overall=0.701000, mean_diversity=0.135676,
indivs=2342936, elapsed_secs=3845, mean=0.635829, stdev=0.120051, best fit=0.701000, best_overall=0.701000, mean_diversity=0.180418,
indivs=2353034, elapsed_secs=3867, mean=0.624727, stdev=0.080215, best fit=0.701000, best_overall=0.701000, mean_diversity=0.106576,
indivs=2363132, elapsed_secs=3882, mean=0.611163, stdev=0.067611, best fit=0.701000, best_overall=0.701000, mean_diversity=0.114325,
indivs=2373230, elapsed_secs=3894, mean=0.607866, stdev=0.064611, best fit=0.701000, best_overall=0.701000, mean_diversity=0.230171,
indivs=2383328, elapsed_secs=3911, mean=0.604238, stdev=0.127804, best fit=0.701000, best_overall=0.701000, mean_diversity=0.095808,
indivs=2393426, elapsed_secs=3933, mean=0.605280, stdev=0.102557, best fit=0.701000, best_overall=0.701000, mean_diversity=0.095910,
indivs=2403524, elapsed_secs=3950, mean=0.584497, stdev=0.124915, best fit=0.701000, best_overall=0.701000, mean_diversity=0.115140,
indivs=2413622, elapsed_secs=3970, mean=0.637304, stdev=0.121300, best fit=0.701000, best_overall=0.701000, mean_diversity=0.106541,
indivs=2423720, elapsed_secs=3984, mean=0.593820, stdev=0.090129, best fit=0.701000, best_overall=0.701000, mean_diversity=0.155392,
indivs=2433818, elapsed_secs=3997, mean=0.639727, stdev=0.079418, best fit=0.701000, best_overall=0.701000, mean_diversity=0.089892,
indivs=2443916, elapsed_secs=4012, mean=0.630728, stdev=0.091417, best fit=0.701000, best_overall=0.701000, mean_diversity=0.232599,
indivs=2454014, elapsed_secs=4027, mean=0.617306, stdev=0.075399, best fit=0.701000, best_overall=0.701000, mean_diversity=0.115056,
indivs=2464112, elapsed_secs=4040, mean=0.591360, stdev=0.066664, best fit=0.701000, best_overall=0.701000, mean_diversity=0.107876,
indivs=2474210, elapsed_secs=4056, mean=0.620344, stdev=0.101398, best fit=0.701000, best_overall=0.701000, mean_diversity=0.127521,
indivs=2484308, elapsed_secs=4070, mean=0.628160, stdev=0.107077, best fit=0.701000, best_overall=0.701000, mean_diversity=0.099027,
indivs=2494406, elapsed_secs=4082, mean=0.596368, stdev=0.085871, best fit=0.701000, best_overall=0.701000, mean_diversity=0.150418,
indivs=2504504, elapsed_secs=4099, mean=0.606524, stdev=0.135616, best fit=0.701000, best_overall=0.701000, mean_diversity=0.122860,
indivs=2514602, elapsed_secs=4117, mean=0.618364, stdev=0.125166, best fit=0.701000, best_overall=0.701000, mean_diversity=0.171037,
indivs=2524700, elapsed_secs=4131, mean=0.590320, stdev=0.065590, best fit=0.701000, best_overall=0.701000, mean_diversity=0.102406,
indivs=2534798, elapsed_secs=4145, mean=0.606838, stdev=0.111217, best fit=0.701000, best_overall=0.701000, mean_diversity=0.101516,
indivs=2544896, elapsed_secs=4164, mean=0.612380, stdev=0.091250, best fit=0.701000, best_overall=0.701000, mean_diversity=0.208889,
indivs=2554994, elapsed_secs=4177, mean=0.618442, stdev=0.106689, best fit=0.701000, best_overall=0.701000, mean_diversity=0.116017,
indivs=2565092, elapsed_secs=4194, mean=0.586280, stdev=0.171391, best fit=0.701000, best_overall=0.701000, mean_diversity=0.248683,
indivs=2575190, elapsed_secs=4209, mean=0.620896, stdev=0.079947, best fit=0.701000, best_overall=0.701000, mean_diversity=0.162572,
indivs=2585288, elapsed_secs=4224, mean=0.617488, stdev=0.105794, best fit=0.701000, best_overall=0.701000, mean_diversity=0.102006,
indivs=2595386, elapsed_secs=4238, mean=0.624509, stdev=0.077639, best fit=0.701000, best_overall=0.701000, mean_diversity=0.106970,
indivs=2605484, elapsed_secs=4251, mean=0.649164, stdev=0.098118, best fit=0.701000, best_overall=0.701000, mean_diversity=0.191562,
indivs=2615582, elapsed_secs=4274, mean=0.613246, stdev=0.102021, best fit=0.701000, best_overall=0.701000, mean_diversity=0.266438,
indivs=2625680, elapsed_secs=4294, mean=0.614377, stdev=0.106113, best fit=0.701000, best_overall=0.701000, mean_diversity=0.196615,
indivs=2635778, elapsed_secs=4311, mean=0.624479, stdev=0.070349, best fit=0.701000, best_overall=0.701000, mean_diversity=0.280783,
indivs=2645876, elapsed_secs=4326, mean=0.614506, stdev=0.070900, best fit=0.701000, best_overall=0.701000, mean_diversity=0.133872,
indivs=2655974, elapsed_secs=4338, mean=0.627257, stdev=0.076182, best fit=0.701000, best_overall=0.701000, mean_diversity=0.161623,
indivs=2666072, elapsed_secs=4355, mean=0.607393, stdev=0.097444, best fit=0.701000, best_overall=0.701000, mean_diversity=0.102391,
indivs=2676170, elapsed_secs=4371, mean=0.595500, stdev=0.069064, best fit=0.701000, best_overall=0.701000, mean_diversity=0.134357,
indivs=2686268, elapsed_secs=4386, mean=0.612943, stdev=0.088312, best fit=0.701000, best_overall=0.701000, mean_diversity=0.092317,
indivs=2696366, elapsed_secs=4407, mean=0.634017, stdev=0.085883, best fit=0.701000, best_overall=0.701000, mean_diversity=0.095937,
indivs=2706464, elapsed_secs=4420, mean=0.624679, stdev=0.086642, best fit=0.701000, best_overall=0.701000, mean_diversity=0.115595,
indivs=2716562, elapsed_secs=4434, mean=0.618983, stdev=0.149048, best fit=0.701000, best_overall=0.701000, mean_diversity=0.127208,
indivs=2726660, elapsed_secs=4448, mean=0.583591, stdev=0.092843, best fit=0.701000, best_overall=0.701000, mean_diversity=0.086552,
indivs=2736758, elapsed_secs=4462, mean=0.621933, stdev=0.071732, best fit=0.701000, best_overall=0.701000, mean_diversity=0.192194,
indivs=2746856, elapsed_secs=4476, mean=0.595193, stdev=0.093022, best fit=0.701000, best_overall=0.701000, mean_diversity=0.092488,
indivs=2756954, elapsed_secs=4495, mean=0.604912, stdev=0.066425, best fit=0.701000, best_overall=0.701000, mean_diversity=0.125780,
indivs=2767052, elapsed_secs=4512, mean=0.624248, stdev=0.077356, best fit=0.701000, best_overall=0.701000, mean_diversity=0.114426,
indivs=2777150, elapsed_secs=4524, mean=0.620850, stdev=0.077201, best fit=0.701000, best_overall=0.701000, mean_diversity=0.083831,
indivs=2787248, elapsed_secs=4540, mean=0.580716, stdev=0.116071, best fit=0.701000, best_overall=0.701000, mean_diversity=0.172226,
indivs=2797346, elapsed_secs=4551, mean=0.608398, stdev=0.099749, best fit=0.701000, best_overall=0.701000, mean_diversity=0.097293,
indivs=2807444, elapsed_secs=4564, mean=0.593844, stdev=0.085486, best fit=0.701000, best_overall=0.701000, mean_diversity=0.096139,
indivs=2817542, elapsed_secs=4586, mean=0.608949, stdev=0.052316, best fit=0.701000, best_overall=0.701000, mean_diversity=0.161445,
indivs=2827640, elapsed_secs=4603, mean=0.608121, stdev=0.069121, best fit=0.701000, best_overall=0.701000, mean_diversity=0.076608,
indivs=2837738, elapsed_secs=4618, mean=0.583953, stdev=0.095137, best fit=0.701000, best_overall=0.701000, mean_diversity=0.195098,
indivs=2847836, elapsed_secs=4633, mean=0.610402, stdev=0.075926, best fit=0.701000, best_overall=0.701000, mean_diversity=0.145372,
indivs=2857934, elapsed_secs=4648, mean=0.574773, stdev=0.135170, best fit=0.701000, best_overall=0.701000, mean_diversity=0.126786,
indivs=2868032, elapsed_secs=4661, mean=0.646077, stdev=0.101239, best fit=0.701000, best_overall=0.701000, mean_diversity=0.160357,
indivs=2878130, elapsed_secs=4677, mean=0.602663, stdev=0.079528, best fit=0.701000, best_overall=0.701000, mean_diversity=0.125826,
indivs=2888228, elapsed_secs=4693, mean=0.596161, stdev=0.171571, best fit=0.701000, best_overall=0.701000, mean_diversity=0.133047,
indivs=2898326, elapsed_secs=4705, mean=0.638530, stdev=0.105588, best fit=0.701000, best_overall=0.701000, mean_diversity=0.135561,
indivs=2908424, elapsed_secs=4719, mean=0.605772, stdev=0.062715, best fit=0.701000, best_overall=0.701000, mean_diversity=0.128501,
indivs=2918522, elapsed_secs=4734, mean=0.620975, stdev=0.134460, best fit=0.701000, best_overall=0.701000, mean_diversity=0.134139,
indivs=2928620, elapsed_secs=4749, mean=0.610277, stdev=0.098302, best fit=0.701000, best_overall=0.701000, mean_diversity=0.115187,
indivs=2938718, elapsed_secs=4762, mean=0.617473, stdev=0.125203, best fit=0.701000, best_overall=0.701000, mean_diversity=0.111342,
indivs=2948816, elapsed_secs=4778, mean=0.595082, stdev=0.130853, best fit=0.701000, best_overall=0.701000, mean_diversity=0.135320,
indivs=2958914, elapsed_secs=4794, mean=0.600783, stdev=0.130662, best fit=0.701000, best_overall=0.701000, mean_diversity=0.080266,
indivs=2969012, elapsed_secs=4808, mean=0.624076, stdev=0.102492, best fit=0.701000, best_overall=0.701000, mean_diversity=0.141848,
indivs=2979110, elapsed_secs=4828, mean=0.628766, stdev=0.084734, best fit=0.701000, best_overall=0.701000, mean_diversity=0.087308,
indivs=2989208, elapsed_secs=4839, mean=0.595244, stdev=0.070767, best fit=0.701000, best_overall=0.701000, mean_diversity=0.172590,
indivs=2999306, elapsed_secs=4853, mean=0.627956, stdev=0.110590, best fit=0.701000, best_overall=0.701000, mean_diversity=0.117554,
indivs=3009404, elapsed_secs=4869, mean=0.593592, stdev=0.116505, best fit=0.701000, best_overall=0.701000, mean_diversity=0.137625,
indivs=3019502, elapsed_secs=4889, mean=0.596425, stdev=0.109026, best fit=0.701000, best_overall=0.701000, mean_diversity=0.101010,
indivs=3029600, elapsed_secs=4903, mean=0.617296, stdev=0.093089, best fit=0.701000, best_overall=0.701000, mean_diversity=0.127466,
indivs=3039698, elapsed_secs=4915, mean=0.628334, stdev=0.136356, best fit=0.701000, best_overall=0.701000, mean_diversity=0.218129,
indivs=3049796, elapsed_secs=4927, mean=0.642681, stdev=0.077091, best fit=0.701000, best_overall=0.701000, mean_diversity=0.112331,
indivs=3059894, elapsed_secs=4940, mean=0.637343, stdev=0.083934, best fit=0.701000, best_overall=0.701000, mean_diversity=0.117670,
indivs=3069992, elapsed_secs=4955, mean=0.596867, stdev=0.127894, best fit=0.701000, best_overall=0.701000, mean_diversity=0.246468,
indivs=3080090, elapsed_secs=4971, mean=0.629079, stdev=0.135889, best fit=0.701000, best_overall=0.701000, mean_diversity=0.155897,
indivs=3090188, elapsed_secs=4984, mean=0.612765, stdev=0.094657, best fit=0.701000, best_overall=0.701000, mean_diversity=0.157284,
indivs=3100286, elapsed_secs=4999, mean=0.618197, stdev=0.166289, best fit=0.701000, best_overall=0.701000, mean_diversity=0.115517,
indivs=3110384, elapsed_secs=5010, mean=0.619256, stdev=0.101261, best fit=0.701000, best_overall=0.701000, mean_diversity=0.157077,
indivs=3120482, elapsed_secs=5028, mean=0.616632, stdev=0.150561, best fit=0.701000, best_overall=0.701000, mean_diversity=0.134026,
indivs=3130580, elapsed_secs=5048, mean=0.615593, stdev=0.086261, best fit=0.701000, best_overall=0.701000, mean_diversity=0.108449,
indivs=3140678, elapsed_secs=5062, mean=0.614695, stdev=0.105558, best fit=0.701000, best_overall=0.701000, mean_diversity=0.106827,
indivs=3150776, elapsed_secs=5079, mean=0.629057, stdev=0.107396, best fit=0.701000, best_overall=0.701000, mean_diversity=0.106204,
indivs=3160874, elapsed_secs=5097, mean=0.637088, stdev=0.104712, best fit=0.701000, best_overall=0.701000, mean_diversity=0.176007,
indivs=3170972, elapsed_secs=5113, mean=0.599111, stdev=0.063473, best fit=0.701000, best_overall=0.701000, mean_diversity=0.176000,
indivs=3181070, elapsed_secs=5126, mean=0.612585, stdev=0.111771, best fit=0.701000, best_overall=0.701000, mean_diversity=0.113176,
indivs=3191168, elapsed_secs=5143, mean=0.617332, stdev=0.080645, best fit=0.701000, best_overall=0.701000, mean_diversity=0.166331,
indivs=3201266, elapsed_secs=5156, mean=0.629980, stdev=0.089541, best fit=0.701000, best_overall=0.701000, mean_diversity=0.098772,
indivs=3211364, elapsed_secs=5172, mean=0.620952, stdev=0.085906, best fit=0.701000, best_overall=0.701000, mean_diversity=0.113443,
indivs=3221462, elapsed_secs=5187, mean=0.597115, stdev=0.101900, best fit=0.701000, best_overall=0.701000, mean_diversity=0.117074,
indivs=3231560, elapsed_secs=5204, mean=0.631460, stdev=0.108877, best fit=0.701000, best_overall=0.701000, mean_diversity=0.150828,
indivs=3241658, elapsed_secs=5218, mean=0.598226, stdev=0.067216, best fit=0.701000, best_overall=0.701000, mean_diversity=0.106858,
indivs=3251756, elapsed_secs=5234, mean=0.600613, stdev=0.086045, best fit=0.701000, best_overall=0.701000, mean_diversity=0.136752,
indivs=3261854, elapsed_secs=5250, mean=0.623719, stdev=0.090122, best fit=0.701000, best_overall=0.701000, mean_diversity=0.111136,
indivs=3271952, elapsed_secs=5264, mean=0.611996, stdev=0.148983, best fit=0.701000, best_overall=0.701000, mean_diversity=0.137435,
indivs=3282050, elapsed_secs=5277, mean=0.590343, stdev=0.068907, best fit=0.701000, best_overall=0.701000, mean_diversity=0.117317,
indivs=3292148, elapsed_secs=5292, mean=0.602228, stdev=0.064665, best fit=0.701000, best_overall=0.701000, mean_diversity=0.157538,
indivs=3302246, elapsed_secs=5304, mean=0.641845, stdev=0.072618, best fit=0.701000, best_overall=0.701000, mean_diversity=0.137973,
indivs=3312344, elapsed_secs=5320, mean=0.616685, stdev=0.072924, best fit=0.701000, best_overall=0.701000, mean_diversity=0.130602,
indivs=3322442, elapsed_secs=5334, mean=0.642380, stdev=0.079596, best fit=0.701000, best_overall=0.701000, mean_diversity=0.124542,
indivs=3332540, elapsed_secs=5348, mean=0.614667, stdev=0.094462, best fit=0.701000, best_overall=0.701000, mean_diversity=0.095139,
indivs=3342638, elapsed_secs=5362, mean=0.602248, stdev=0.061105, best fit=0.701000, best_overall=0.701000, mean_diversity=0.066060,
indivs=3352736, elapsed_secs=5376, mean=0.627257, stdev=0.089380, best fit=0.701000, best_overall=0.701000, mean_diversity=0.091308,
indivs=3362834, elapsed_secs=5394, mean=0.633194, stdev=0.076708, best fit=0.701000, best_overall=0.701000, mean_diversity=0.106089,
indivs=3372932, elapsed_secs=5408, mean=0.623330, stdev=0.121466, best fit=0.701000, best_overall=0.701000, mean_diversity=0.155343,
indivs=3383030, elapsed_secs=5423, mean=0.640575, stdev=0.105946, best fit=0.701000, best_overall=0.701000, mean_diversity=0.173140,
indivs=3393128, elapsed_secs=5439, mean=0.624171, stdev=0.090922, best fit=0.701000, best_overall=0.701000, mean_diversity=0.100556,
indivs=3403226, elapsed_secs=5457, mean=0.608636, stdev=0.126505, best fit=0.701000, best_overall=0.701000, mean_diversity=0.134722,
indivs=3413324, elapsed_secs=5473, mean=0.637071, stdev=0.101663, best fit=0.701000, best_overall=0.701000, mean_diversity=0.137532,
indivs=3423422, elapsed_secs=5489, mean=0.600095, stdev=0.064629, best fit=0.701000, best_overall=0.701000, mean_diversity=0.159630,
indivs=3433520, elapsed_secs=5506, mean=0.633381, stdev=0.078471, best fit=0.701000, best_overall=0.701000, mean_diversity=0.199202,
indivs=3443618, elapsed_secs=5518, mean=0.623603, stdev=0.106216, best fit=0.701000, best_overall=0.701000, mean_diversity=0.163529,
indivs=3453716, elapsed_secs=5532, mean=0.618826, stdev=0.095465, best fit=0.701000, best_overall=0.701000, mean_diversity=0.097064,
indivs=3463814, elapsed_secs=5548, mean=0.615427, stdev=0.061476, best fit=0.701000, best_overall=0.701000, mean_diversity=0.143010,
indivs=3473912, elapsed_secs=5562, mean=0.628897, stdev=0.118234, best fit=0.701000, best_overall=0.701000, mean_diversity=0.101095,
indivs=3484010, elapsed_secs=5576, mean=0.617735, stdev=0.106789, best fit=0.701000, best_overall=0.701000, mean_diversity=0.203833,
indivs=3494108, elapsed_secs=5590, mean=0.628141, stdev=0.079291, best fit=0.701000, best_overall=0.701000, mean_diversity=0.108845,
indivs=3504206, elapsed_secs=5606, mean=0.610713, stdev=0.083990, best fit=0.701000, best_overall=0.701000, mean_diversity=0.131288,
indivs=3514304, elapsed_secs=5619, mean=0.635607, stdev=0.082818, best fit=0.701000, best_overall=0.701000, mean_diversity=0.081717,
indivs=3524402, elapsed_secs=5634, mean=0.635371, stdev=0.081928, best fit=0.701000, best_overall=0.701000, mean_diversity=0.128173,
indivs=3534500, elapsed_secs=5649, mean=0.637412, stdev=0.096998, best fit=0.701000, best_overall=0.701000, mean_diversity=0.200652,
indivs=3544598, elapsed_secs=5663, mean=0.634882, stdev=0.106045, best fit=0.701000, best_overall=0.701000, mean_diversity=0.147190,
indivs=3554696, elapsed_secs=5678, mean=0.633635, stdev=0.087131, best fit=0.701000, best_overall=0.701000, mean_diversity=0.097210,
indivs=3564794, elapsed_secs=5695, mean=0.596327, stdev=0.091135, best fit=0.701000, best_overall=0.701000, mean_diversity=0.105900,
indivs=3574892, elapsed_secs=5709, mean=0.632653, stdev=0.103095, best fit=0.701000, best_overall=0.701000, mean_diversity=0.111942,
indivs=3584990, elapsed_secs=5721, mean=0.587928, stdev=0.162927, best fit=0.701000, best_overall=0.701000, mean_diversity=0.118620,
indivs=3595088, elapsed_secs=5736, mean=0.615988, stdev=0.077009, best fit=0.701000, best_overall=0.701000, mean_diversity=0.139874,
indivs=3605186, elapsed_secs=5749, mean=0.605814, stdev=0.097190, best fit=0.701000, best_overall=0.701000, mean_diversity=0.159194,
indivs=3615284, elapsed_secs=5766, mean=0.607459, stdev=0.064511, best fit=0.701000, best_overall=0.701000, mean_diversity=0.338832,
indivs=3625382, elapsed_secs=5783, mean=0.583832, stdev=0.181475, best fit=0.701000, best_overall=0.701000, mean_diversity=0.094526,
indivs=3635480, elapsed_secs=5801, mean=0.598532, stdev=0.066468, best fit=0.701000, best_overall=0.701000, mean_diversity=0.099141,
indivs=3645578, elapsed_secs=5815, mean=0.612898, stdev=0.138824, best fit=0.701000, best_overall=0.701000, mean_diversity=0.094423,
indivs=3655676, elapsed_secs=5833, mean=0.593316, stdev=0.171332, best fit=0.701000, best_overall=0.701000, mean_diversity=0.112421,
indivs=3665774, elapsed_secs=5844, mean=0.618585, stdev=0.120731, best fit=0.701000, best_overall=0.701000, mean_diversity=0.132168,
indivs=3675872, elapsed_secs=5859, mean=0.587651, stdev=0.071446, best fit=0.701000, best_overall=0.701000, mean_diversity=0.108690,
indivs=3685970, elapsed_secs=5874, mean=0.607934, stdev=0.075822, best fit=0.701000, best_overall=0.701000, mean_diversity=0.151788,
indivs=3696068, elapsed_secs=5888, mean=0.614134, stdev=0.082084, best fit=0.701000, best_overall=0.701000, mean_diversity=0.127708,
indivs=3706166, elapsed_secs=5906, mean=0.607527, stdev=0.096053, best fit=0.701000, best_overall=0.701000, mean_diversity=0.155260,
indivs=3716264, elapsed_secs=5924, mean=0.603340, stdev=0.145119, best fit=0.701000, best_overall=0.701000, mean_diversity=0.257877,
indivs=3726362, elapsed_secs=5939, mean=0.611369, stdev=0.127479, best fit=0.701000, best_overall=0.701000, mean_diversity=0.117448,
indivs=3736460, elapsed_secs=5957, mean=0.627676, stdev=0.108629, best fit=0.701000, best_overall=0.701000, mean_diversity=0.098643,
indivs=3746558, elapsed_secs=5975, mean=0.612090, stdev=0.086750, best fit=0.701000, best_overall=0.701000, mean_diversity=0.107940,
indivs=3756656, elapsed_secs=5988, mean=0.606664, stdev=0.073622, best fit=0.701000, best_overall=0.701000, mean_diversity=0.125013,
indivs=3766754, elapsed_secs=6006, mean=0.617576, stdev=0.100927, best fit=0.701000, best_overall=0.701000, mean_diversity=0.335921,
indivs=3776852, elapsed_secs=6021, mean=0.603489, stdev=0.161241, best fit=0.701000, best_overall=0.701000, mean_diversity=0.078105,
indivs=3786950, elapsed_secs=6035, mean=0.624214, stdev=0.093701, best fit=0.701000, best_overall=0.701000, mean_diversity=0.112782,
indivs=3797048, elapsed_secs=6047, mean=0.589099, stdev=0.066729, best fit=0.701000, best_overall=0.701000, mean_diversity=0.133486,
indivs=3807146, elapsed_secs=6062, mean=0.597725, stdev=0.139710, best fit=0.701000, best_overall=0.701000, mean_diversity=0.161108,
indivs=3817244, elapsed_secs=6079, mean=0.628982, stdev=0.108867, best fit=0.701000, best_overall=0.701000, mean_diversity=0.133351,
indivs=3827342, elapsed_secs=6098, mean=0.597345, stdev=0.112840, best fit=0.701000, best_overall=0.701000, mean_diversity=0.111453,
indivs=3837440, elapsed_secs=6112, mean=0.631134, stdev=0.089295, best fit=0.701000, best_overall=0.701000, mean_diversity=0.166797,
indivs=3847538, elapsed_secs=6127, mean=0.611392, stdev=0.108557, best fit=0.701000, best_overall=0.701000, mean_diversity=0.085663,
indivs=3857636, elapsed_secs=6140, mean=0.621571, stdev=0.106324, best fit=0.701000, best_overall=0.701000, mean_diversity=0.119543,
indivs=3867734, elapsed_secs=6153, mean=0.638796, stdev=0.086296, best fit=0.701000, best_overall=0.701000, mean_diversity=0.129098,
indivs=3877832, elapsed_secs=6164, mean=0.591552, stdev=0.066167, best fit=0.701000, best_overall=0.701000, mean_diversity=0.135226,
indivs=3887930, elapsed_secs=6178, mean=0.637067, stdev=0.107128, best fit=0.701000, best_overall=0.701000, mean_diversity=0.115034,
indivs=3898028, elapsed_secs=6193, mean=0.637841, stdev=0.105200, best fit=0.701000, best_overall=0.701000, mean_diversity=0.110085,
indivs=3908126, elapsed_secs=6212, mean=0.608880, stdev=0.119324, best fit=0.701000, best_overall=0.701000, mean_diversity=0.132312,
indivs=3918224, elapsed_secs=6226, mean=0.612805, stdev=0.072604, best fit=0.701000, best_overall=0.701000, mean_diversity=0.137270,
indivs=3928322, elapsed_secs=6243, mean=0.618686, stdev=0.069283, best fit=0.701000, best_overall=0.701000, mean_diversity=0.093989,
indivs=3938420, elapsed_secs=6258, mean=0.618840, stdev=0.079023, best fit=0.701000, best_overall=0.701000, mean_diversity=0.107226,
indivs=3948518, elapsed_secs=6275, mean=0.608357, stdev=0.089729, best fit=0.701000, best_overall=0.701000, mean_diversity=0.080347,
indivs=3958616, elapsed_secs=6292, mean=0.604937, stdev=0.102947, best fit=0.701000, best_overall=0.701000, mean_diversity=0.118740,
indivs=3968714, elapsed_secs=6310, mean=0.616109, stdev=0.079747, best fit=0.701000, best_overall=0.701000, mean_diversity=0.105775,
indivs=3978812, elapsed_secs=6325, mean=0.591484, stdev=0.116058, best fit=0.701000, best_overall=0.701000, mean_diversity=0.138406,
indivs=3988910, elapsed_secs=6338, mean=0.590538, stdev=0.167066, best fit=0.701000, best_overall=0.701000, mean_diversity=0.130753,
indivs=3999008, elapsed_secs=6353, mean=0.632870, stdev=0.087531, best fit=0.701000, best_overall=0.701000, mean_diversity=0.192664,
indivs=4009106, elapsed_secs=6367, mean=0.605378, stdev=0.080778, best fit=0.701000, best_overall=0.701000, mean_diversity=0.144042,
indivs=4019204, elapsed_secs=6382, mean=0.628652, stdev=0.125930, best fit=0.701000, best_overall=0.701000, mean_diversity=0.078797,
indivs=4029302, elapsed_secs=6398, mean=0.631374, stdev=0.088302, best fit=0.701000, best_overall=0.701000, mean_diversity=0.124577,
indivs=4039400, elapsed_secs=6410, mean=0.623865, stdev=0.106156, best fit=0.701000, best_overall=0.701000, mean_diversity=0.100099,
indivs=4049498, elapsed_secs=6430, mean=0.602421, stdev=0.093081, best fit=0.701000, best_overall=0.701000, mean_diversity=0.134311,
indivs=4059596, elapsed_secs=6443, mean=0.597549, stdev=0.061018, best fit=0.701000, best_overall=0.701000, mean_diversity=0.204727,
indivs=4069694, elapsed_secs=6459, mean=0.629537, stdev=0.105334, best fit=0.701000, best_overall=0.701000, mean_diversity=0.114630,
indivs=4079792, elapsed_secs=6471, mean=0.621821, stdev=0.115746, best fit=0.701000, best_overall=0.701000, mean_diversity=0.181619,
indivs=4089890, elapsed_secs=6489, mean=0.637194, stdev=0.101049, best fit=0.701000, best_overall=0.701000, mean_diversity=0.083258,
indivs=4099988, elapsed_secs=6502, mean=0.654165, stdev=0.076508, best fit=0.701000, best_overall=0.701000, mean_diversity=0.169232,
indivs=4110086, elapsed_secs=6518, mean=0.640706, stdev=0.106744, best fit=0.701000, best_overall=0.701000, mean_diversity=0.141720,
indivs=4120184, elapsed_secs=6535, mean=0.608628, stdev=0.098481, best fit=0.701000, best_overall=0.701000, mean_diversity=0.109577,
indivs=4130282, elapsed_secs=6554, mean=0.609414, stdev=0.076256, best fit=0.701000, best_overall=0.701000, mean_diversity=0.174382,
indivs=4140380, elapsed_secs=6568, mean=0.622222, stdev=0.103189, best fit=0.701000, best_overall=0.701000, mean_diversity=0.104810,
indivs=4150478, elapsed_secs=6581, mean=0.610328, stdev=0.135072, best fit=0.701000, best_overall=0.701000, mean_diversity=0.087821,
indivs=4160576, elapsed_secs=6598, mean=0.612312, stdev=0.115298, best fit=0.701000, best_overall=0.701000, mean_diversity=0.080429,
indivs=4170674, elapsed_secs=6616, mean=0.554912, stdev=0.153292, best fit=0.701000, best_overall=0.701000, mean_diversity=0.139179,
indivs=4180772, elapsed_secs=6628, mean=0.638482, stdev=0.084920, best fit=0.701000, best_overall=0.701000, mean_diversity=0.158296,
indivs=4190870, elapsed_secs=6648, mean=0.620566, stdev=0.095901, best fit=0.701000, best_overall=0.701000, mean_diversity=0.149161,
indivs=4200968, elapsed_secs=6665, mean=0.625920, stdev=0.104387, best fit=0.701000, best_overall=0.701000, mean_diversity=0.109194,
indivs=4211066, elapsed_secs=6679, mean=0.639133, stdev=0.103846, best fit=0.701000, best_overall=0.701000, mean_diversity=0.165048,
indivs=4221164, elapsed_secs=6694, mean=0.627735, stdev=0.086476, best fit=0.701000, best_overall=0.701000, mean_diversity=0.127606,
indivs=4231262, elapsed_secs=6707, mean=0.627976, stdev=0.089352, best fit=0.701000, best_overall=0.701000, mean_diversity=0.116850,
indivs=4241360, elapsed_secs=6725, mean=0.609524, stdev=0.070416, best fit=0.701000, best_overall=0.701000, mean_diversity=0.114814,
indivs=4251458, elapsed_secs=6740, mean=0.627697, stdev=0.124706, best fit=0.701000, best_overall=0.701000, mean_diversity=0.126738,
indivs=4261556, elapsed_secs=6755, mean=0.631290, stdev=0.108425, best fit=0.701000, best_overall=0.701000, mean_diversity=0.112947,
indivs=4271654, elapsed_secs=6767, mean=0.593650, stdev=0.065709, best fit=0.701000, best_overall=0.701000, mean_diversity=0.232028,
indivs=4281752, elapsed_secs=6785, mean=0.589211, stdev=0.084966, best fit=0.701000, best_overall=0.701000, mean_diversity=0.098455,
indivs=4291850, elapsed_secs=6797, mean=0.600508, stdev=0.095137, best fit=0.701000, best_overall=0.701000, mean_diversity=0.135676,
indivs=4301948, elapsed_secs=6815, mean=0.637914, stdev=0.104936, best fit=0.701000, best_overall=0.701000, mean_diversity=0.144603,
indivs=4312046, elapsed_secs=6831, mean=0.629428, stdev=0.091693, best fit=0.701000, best_overall=0.701000, mean_diversity=0.137241,
indivs=4322144, elapsed_secs=6843, mean=0.594573, stdev=0.069123, best fit=0.701000, best_overall=0.701000, mean_diversity=0.102753,
indivs=4332242, elapsed_secs=6869, mean=0.626258, stdev=0.134981, best fit=0.701000, best_overall=0.701000, mean_diversity=0.123785,
indivs=4342340, elapsed_secs=6886, mean=0.627411, stdev=0.072808, best fit=0.701000, best_overall=0.701000, mean_diversity=0.253289,
indivs=4352438, elapsed_secs=6899, mean=0.628012, stdev=0.134020, best fit=0.701000, best_overall=0.701000, mean_diversity=0.117158,
indivs=4362536, elapsed_secs=6916, mean=0.617983, stdev=0.091305, best fit=0.701000, best_overall=0.701000, mean_diversity=0.112759,
indivs=4372634, elapsed_secs=6930, mean=0.608152, stdev=0.149110, best fit=0.701000, best_overall=0.701000, mean_diversity=0.235839,
indivs=4382732, elapsed_secs=6948, mean=0.604506, stdev=0.076114, best fit=0.701000, best_overall=0.701000, mean_diversity=0.151738,
indivs=4392830, elapsed_secs=6964, mean=0.617878, stdev=0.104048, best fit=0.701000, best_overall=0.701000, mean_diversity=0.139729,
indivs=4402928, elapsed_secs=6977, mean=0.608796, stdev=0.070071, best fit=0.701000, best_overall=0.701000, mean_diversity=0.137604,
indivs=4413026, elapsed_secs=6995, mean=0.597108, stdev=0.058317, best fit=0.701000, best_overall=0.701000, mean_diversity=0.175695,
indivs=4423124, elapsed_secs=7009, mean=0.598407, stdev=0.062895, best fit=0.701000, best_overall=0.701000, mean_diversity=0.114588,
indivs=4433222, elapsed_secs=7022, mean=0.591050, stdev=0.073959, best fit=0.701000, best_overall=0.701000, mean_diversity=0.110169,
indivs=4443320, elapsed_secs=7037, mean=0.598493, stdev=0.106953, best fit=0.701000, best_overall=0.701000, mean_diversity=0.116091,
indivs=4453418, elapsed_secs=7049, mean=0.586265, stdev=0.084935, best fit=0.701000, best_overall=0.701000, mean_diversity=0.128329,
indivs=4463516, elapsed_secs=7061, mean=0.630736, stdev=0.124363, best fit=0.701000, best_overall=0.701000, mean_diversity=0.119747,
indivs=4473614, elapsed_secs=7082, mean=0.616438, stdev=0.089643, best fit=0.701000, best_overall=0.701000, mean_diversity=0.113518,
indivs=4483712, elapsed_secs=7094, mean=0.605953, stdev=0.088060, best fit=0.701000, best_overall=0.701000, mean_diversity=0.104320,
indivs=4493810, elapsed_secs=7111, mean=0.626600, stdev=0.081781, best fit=0.701000, best_overall=0.701000, mean_diversity=0.109834,
indivs=4503908, elapsed_secs=7125, mean=0.612291, stdev=0.078473, best fit=0.701000, best_overall=0.701000, mean_diversity=0.170288,
indivs=4514006, elapsed_secs=7139, mean=0.613063, stdev=0.060496, best fit=0.701000, best_overall=0.701000, mean_diversity=0.103493,
indivs=4524104, elapsed_secs=7153, mean=0.600120, stdev=0.123414, best fit=0.701000, best_overall=0.701000, mean_diversity=0.153273,
indivs=4534202, elapsed_secs=7167, mean=0.610318, stdev=0.119638, best fit=0.701000, best_overall=0.701000, mean_diversity=0.128035,
indivs=4544300, elapsed_secs=7188, mean=0.632890, stdev=0.090965, best fit=0.701000, best_overall=0.701000, mean_diversity=0.099915,
indivs=4554398, elapsed_secs=7203, mean=0.636925, stdev=0.118748, best fit=0.701000, best_overall=0.701000, mean_diversity=0.149455,
indivs=4564496, elapsed_secs=7218, mean=0.609618, stdev=0.081137, best fit=0.701000, best_overall=0.701000, mean_diversity=0.130608,
indivs=4574594, elapsed_secs=7230, mean=0.547303, stdev=0.153803, best fit=0.701000, best_overall=0.701000, mean_diversity=0.162776,
indivs=4584692, elapsed_secs=7247, mean=0.611483, stdev=0.142666, best fit=0.701000, best_overall=0.701000, mean_diversity=0.143757,
indivs=4594790, elapsed_secs=7266, mean=0.632758, stdev=0.106057, best fit=0.701000, best_overall=0.701000, mean_diversity=0.136483,
indivs=4604888, elapsed_secs=7280, mean=0.616759, stdev=0.093630, best fit=0.701000, best_overall=0.701000, mean_diversity=0.102500,
indivs=4614986, elapsed_secs=7296, mean=0.628583, stdev=0.121948, best fit=0.701000, best_overall=0.701000, mean_diversity=0.263500,
indivs=4625084, elapsed_secs=7312, mean=0.608745, stdev=0.075745, best fit=0.701000, best_overall=0.701000, mean_diversity=0.141073,
indivs=4635182, elapsed_secs=7332, mean=0.657435, stdev=0.073769, best fit=0.701000, best_overall=0.701000, mean_diversity=0.102826,
indivs=4645280, elapsed_secs=7349, mean=0.628698, stdev=0.085651, best fit=0.701000, best_overall=0.701000, mean_diversity=0.127138,
indivs=4655378, elapsed_secs=7364, mean=0.608289, stdev=0.172369, best fit=0.701000, best_overall=0.701000, mean_diversity=0.142849,
indivs=4665476, elapsed_secs=7382, mean=0.620249, stdev=0.101020, best fit=0.701000, best_overall=0.701000, mean_diversity=0.193111,
indivs=4675574, elapsed_secs=7401, mean=0.636172, stdev=0.084680, best fit=0.701000, best_overall=0.701000, mean_diversity=0.084356,
indivs=4685672, elapsed_secs=7415, mean=0.614163, stdev=0.115467, best fit=0.701000, best_overall=0.701000, mean_diversity=0.238939,
indivs=4695770, elapsed_secs=7436, mean=0.605143, stdev=0.072169, best fit=0.701000, best_overall=0.701000, mean_diversity=0.138739,
indivs=4705868, elapsed_secs=7450, mean=0.617489, stdev=0.081156, best fit=0.701000, best_overall=0.701000, mean_diversity=0.192145,
indivs=4715966, elapsed_secs=7469, mean=0.628162, stdev=0.132195, best fit=0.701000, best_overall=0.701000, mean_diversity=0.102644,
indivs=4726064, elapsed_secs=7485, mean=0.613320, stdev=0.067188, best fit=0.701000, best_overall=0.701000, mean_diversity=0.117597,
indivs=4736162, elapsed_secs=7502, mean=0.635062, stdev=0.083429, best fit=0.701000, best_overall=0.701000, mean_diversity=0.157440,
indivs=4746260, elapsed_secs=7520, mean=0.635395, stdev=0.105364, best fit=0.701000, best_overall=0.701000, mean_diversity=0.127617,
indivs=4756358, elapsed_secs=7533, mean=0.604285, stdev=0.090501, best fit=0.701000, best_overall=0.701000, mean_diversity=0.142800,
indivs=4766456, elapsed_secs=7549, mean=0.608763, stdev=0.122449, best fit=0.701000, best_overall=0.701000, mean_diversity=0.102931,
indivs=4776554, elapsed_secs=7566, mean=0.624470, stdev=0.107574, best fit=0.701000, best_overall=0.701000, mean_diversity=0.130590,
indivs=4786652, elapsed_secs=7581, mean=0.614582, stdev=0.117214, best fit=0.701000, best_overall=0.701000, mean_diversity=0.102348,
indivs=4796750, elapsed_secs=7594, mean=0.595854, stdev=0.119103, best fit=0.701000, best_overall=0.701000, mean_diversity=0.106102,
indivs=4806848, elapsed_secs=7612, mean=0.619880, stdev=0.121967, best fit=0.701000, best_overall=0.701000, mean_diversity=0.160074,
indivs=4816946, elapsed_secs=7629, mean=0.588248, stdev=0.159653, best fit=0.701000, best_overall=0.701000, mean_diversity=0.139150,
indivs=4827044, elapsed_secs=7643, mean=0.603877, stdev=0.151189, best fit=0.701000, best_overall=0.701000, mean_diversity=0.106780,
indivs=4837142, elapsed_secs=7657, mean=0.613270, stdev=0.111222, best fit=0.701000, best_overall=0.701000, mean_diversity=0.129201,
indivs=4847240, elapsed_secs=7670, mean=0.623919, stdev=0.161686, best fit=0.701000, best_overall=0.701000, mean_diversity=0.255455,
indivs=4857338, elapsed_secs=7684, mean=0.622661, stdev=0.118397, best fit=0.701000, best_overall=0.701000, mean_diversity=0.120172,
indivs=4867436, elapsed_secs=7700, mean=0.625243, stdev=0.118033, best fit=0.701000, best_overall=0.701000, mean_diversity=0.136911,
indivs=4877534, elapsed_secs=7714, mean=0.637924, stdev=0.101491, best fit=0.701000, best_overall=0.701000, mean_diversity=0.250903,
indivs=4887632, elapsed_secs=7729, mean=0.634901, stdev=0.105157, best fit=0.701000, best_overall=0.701000, mean_diversity=0.132514,
indivs=4897730, elapsed_secs=7745, mean=0.647872, stdev=0.097997, best fit=0.701000, best_overall=0.701000, mean_diversity=0.226676,
indivs=4907828, elapsed_secs=7762, mean=0.634533, stdev=0.087013, best fit=0.701000, best_overall=0.701000, mean_diversity=0.128713,
indivs=4917926, elapsed_secs=7775, mean=0.609880, stdev=0.080594, best fit=0.701000, best_overall=0.701000, mean_diversity=0.124802,
indivs=4928024, elapsed_secs=7790, mean=0.604108, stdev=0.163067, best fit=0.701000, best_overall=0.701000, mean_diversity=0.119442,
indivs=4938122, elapsed_secs=7802, mean=0.603278, stdev=0.102830, best fit=0.701000, best_overall=0.701000, mean_diversity=0.121740,
indivs=4948220, elapsed_secs=7817, mean=0.598445, stdev=0.087783, best fit=0.701000, best_overall=0.701000, mean_diversity=0.215435,
indivs=4958318, elapsed_secs=7834, mean=0.601860, stdev=0.084158, best fit=0.701000, best_overall=0.701000, mean_diversity=0.205224,
indivs=4968416, elapsed_secs=7851, mean=0.626257, stdev=0.083448, best fit=0.701000, best_overall=0.701000, mean_diversity=0.108843,
indivs=4978514, elapsed_secs=7865, mean=0.627009, stdev=0.102543, best fit=0.701000, best_overall=0.701000, mean_diversity=0.264958,
indivs=4988612, elapsed_secs=7879, mean=0.586413, stdev=0.069835, best fit=0.701000, best_overall=0.701000, mean_diversity=0.143206,
indivs=4998710, elapsed_secs=7892, mean=0.628037, stdev=0.089850, best fit=0.701000, best_overall=0.701000, mean_diversity=0.110421,
indivs=5008808, elapsed_secs=7907, mean=0.614004, stdev=0.079444, best fit=0.701000, best_overall=0.701000, mean_diversity=0.132548,
indivs=5018906, elapsed_secs=7923, mean=0.616177, stdev=0.075925, best fit=0.701000, best_overall=0.701000, mean_diversity=0.102460,
indivs=5029004, elapsed_secs=7939, mean=0.627654, stdev=0.072949, best fit=0.701000, best_overall=0.701000, mean_diversity=0.293056,
indivs=5039102, elapsed_secs=7951, mean=0.626059, stdev=0.108934, best fit=0.701000, best_overall=0.701000, mean_diversity=0.104925,
indivs=5049200, elapsed_secs=7964, mean=0.592088, stdev=0.065509, best fit=0.701000, best_overall=0.701000, mean_diversity=0.178065,
indivs=5059298, elapsed_secs=7980, mean=0.628927, stdev=0.124014, best fit=0.701000, best_overall=0.701000, mean_diversity=0.107778,
indivs=5069396, elapsed_secs=7994, mean=0.632409, stdev=0.091136, best fit=0.701000, best_overall=0.701000, mean_diversity=0.119673,
indivs=5079494, elapsed_secs=8008, mean=0.636083, stdev=0.089817, best fit=0.701000, best_overall=0.701000, mean_diversity=0.195250,
indivs=5089592, elapsed_secs=8023, mean=0.625290, stdev=0.090579, best fit=0.701000, best_overall=0.701000, mean_diversity=0.126536,
indivs=5099690, elapsed_secs=8039, mean=0.601591, stdev=0.069594, best fit=0.701000, best_overall=0.701000, mean_diversity=0.145639,
indivs=5109788, elapsed_secs=8056, mean=0.626408, stdev=0.121643, best fit=0.701000, best_overall=0.701000, mean_diversity=0.148865,
indivs=5119886, elapsed_secs=8071, mean=0.635223, stdev=0.087234, best fit=0.701000, best_overall=0.701000, mean_diversity=0.093175,
indivs=5129984, elapsed_secs=8096, mean=0.635561, stdev=0.107645, best fit=0.701000, best_overall=0.701000, mean_diversity=0.167000,
indivs=5140082, elapsed_secs=8112, mean=0.622204, stdev=0.074456, best fit=0.701000, best_overall=0.701000, mean_diversity=0.066612,
indivs=5150180, elapsed_secs=8126, mean=0.596937, stdev=0.074087, best fit=0.701000, best_overall=0.701000, mean_diversity=0.311590,
indivs=5160278, elapsed_secs=8138, mean=0.619403, stdev=0.051710, best fit=0.701000, best_overall=0.701000, mean_diversity=0.221149,
indivs=5170376, elapsed_secs=8150, mean=0.617828, stdev=0.107597, best fit=0.701000, best_overall=0.701000, mean_diversity=0.155331,
indivs=5180474, elapsed_secs=8167, mean=0.613443, stdev=0.120649, best fit=0.701000, best_overall=0.701000, mean_diversity=0.106906,
indivs=5190572, elapsed_secs=8180, mean=0.623779, stdev=0.091063, best fit=0.701000, best_overall=0.701000, mean_diversity=0.219088,
indivs=5200670, elapsed_secs=8195, mean=0.605436, stdev=0.149535, best fit=0.701000, best_overall=0.701000, mean_diversity=0.103007,
indivs=5210768, elapsed_secs=8213, mean=0.606652, stdev=0.057416, best fit=0.701000, best_overall=0.701000, mean_diversity=0.122517,
indivs=5220866, elapsed_secs=8233, mean=0.632671, stdev=0.111100, best fit=0.701000, best_overall=0.701000, mean_diversity=0.102127,
indivs=5230964, elapsed_secs=8251, mean=0.624297, stdev=0.107874, best fit=0.701000, best_overall=0.701000, mean_diversity=0.114949,
indivs=5241062, elapsed_secs=8267, mean=0.612380, stdev=0.065663, best fit=0.701000, best_overall=0.701000, mean_diversity=0.121443,
indivs=5251160, elapsed_secs=8282, mean=0.585129, stdev=0.192382, best fit=0.701000, best_overall=0.701000, mean_diversity=0.218557,
indivs=5261258, elapsed_secs=8301, mean=0.626339, stdev=0.084727, best fit=0.701000, best_overall=0.701000, mean_diversity=0.121703,
indivs=5271356, elapsed_secs=8319, mean=0.612771, stdev=0.109460, best fit=0.701000, best_overall=0.701000, mean_diversity=0.116848,
indivs=5281454, elapsed_secs=8343, mean=0.626871, stdev=0.107540, best fit=0.701000, best_overall=0.701000, mean_diversity=0.092213,
indivs=5291552, elapsed_secs=8358, mean=0.624488, stdev=0.081363, best fit=0.701000, best_overall=0.701000, mean_diversity=0.114906,
indivs=5301650, elapsed_secs=8373, mean=0.632793, stdev=0.093770, best fit=0.701000, best_overall=0.701000, mean_diversity=0.195298,
indivs=5311748, elapsed_secs=8388, mean=0.582957, stdev=0.089187, best fit=0.701000, best_overall=0.701000, mean_diversity=0.102088,
indivs=5321846, elapsed_secs=8405, mean=0.652630, stdev=0.078536, best fit=0.701000, best_overall=0.701000, mean_diversity=0.155854,
indivs=5331944, elapsed_secs=8424, mean=0.620217, stdev=0.126089, best fit=0.701000, best_overall=0.701000, mean_diversity=0.127793,
indivs=5342042, elapsed_secs=8446, mean=0.628726, stdev=0.090081, best fit=0.701000, best_overall=0.701000, mean_diversity=0.167902,
indivs=5352140, elapsed_secs=8459, mean=0.582720, stdev=0.093827, best fit=0.701000, best_overall=0.701000, mean_diversity=0.097945,
indivs=5362238, elapsed_secs=8473, mean=0.628603, stdev=0.123945, best fit=0.701000, best_overall=0.701000, mean_diversity=0.141836,
indivs=5372336, elapsed_secs=8489, mean=0.618134, stdev=0.133142, best fit=0.701000, best_overall=0.701000, mean_diversity=0.132333,
indivs=5382434, elapsed_secs=8502, mean=0.607669, stdev=0.073104, best fit=0.701000, best_overall=0.701000, mean_diversity=0.121534,
indivs=5392532, elapsed_secs=8526, mean=0.642840, stdev=0.101436, best fit=0.701000, best_overall=0.701000, mean_diversity=0.121697,
indivs=5402630, elapsed_secs=8543, mean=0.600294, stdev=0.146395, best fit=0.701000, best_overall=0.701000, mean_diversity=0.200802,
indivs=5412728, elapsed_secs=8557, mean=0.604647, stdev=0.161383, best fit=0.701000, best_overall=0.701000, mean_diversity=0.096309,
indivs=5422826, elapsed_secs=8574, mean=0.587330, stdev=0.089448, best fit=0.701000, best_overall=0.701000, mean_diversity=0.141840,
indivs=5432924, elapsed_secs=8591, mean=0.628094, stdev=0.081057, best fit=0.701000, best_overall=0.701000, mean_diversity=0.094061,
indivs=5443022, elapsed_secs=8606, mean=0.614845, stdev=0.086348, best fit=0.701000, best_overall=0.701000, mean_diversity=0.100532,
indivs=5453120, elapsed_secs=8622, mean=0.606759, stdev=0.076652, best fit=0.701000, best_overall=0.701000, mean_diversity=0.095040,
indivs=5463218, elapsed_secs=8634, mean=0.612369, stdev=0.161679, best fit=0.701000, best_overall=0.701000, mean_diversity=0.113818,
indivs=5473316, elapsed_secs=8647, mean=0.629591, stdev=0.088893, best fit=0.701000, best_overall=0.701000, mean_diversity=0.096401,
indivs=5483414, elapsed_secs=8664, mean=0.589688, stdev=0.085759, best fit=0.701000, best_overall=0.701000, mean_diversity=0.144881,
indivs=5493512, elapsed_secs=8680, mean=0.620628, stdev=0.124704, best fit=0.701000, best_overall=0.701000, mean_diversity=0.190000,
indivs=5503610, elapsed_secs=8703, mean=0.602510, stdev=0.087139, best fit=0.701000, best_overall=0.701000, mean_diversity=0.081073,
indivs=5513708, elapsed_secs=8720, mean=0.624252, stdev=0.105440, best fit=0.701000, best_overall=0.701000, mean_diversity=0.170790,
indivs=5523806, elapsed_secs=8736, mean=0.625398, stdev=0.088273, best fit=0.701000, best_overall=0.701000, mean_diversity=0.104792,
indivs=5533904, elapsed_secs=8750, mean=0.610965, stdev=0.083975, best fit=0.701000, best_overall=0.701000, mean_diversity=0.095077,
indivs=5544002, elapsed_secs=8763, mean=0.636341, stdev=0.119131, best fit=0.701000, best_overall=0.701000, mean_diversity=0.156566,
indivs=5554100, elapsed_secs=8781, mean=0.635778, stdev=0.103592, best fit=0.701000, best_overall=0.701000, mean_diversity=0.073897,
indivs=5564198, elapsed_secs=8795, mean=0.633116, stdev=0.119848, best fit=0.701000, best_overall=0.701000, mean_diversity=0.089784,
indivs=5574296, elapsed_secs=8808, mean=0.605633, stdev=0.082998, best fit=0.701000, best_overall=0.701000, mean_diversity=0.124914,
indivs=5584394, elapsed_secs=8822, mean=0.637281, stdev=0.082266, best fit=0.701000, best_overall=0.701000, mean_diversity=0.144298,
indivs=5594492, elapsed_secs=8836, mean=0.631446, stdev=0.137108, best fit=0.701000, best_overall=0.701000, mean_diversity=0.170074,
indivs=5604590, elapsed_secs=8856, mean=0.619555, stdev=0.109022, best fit=0.701000, best_overall=0.701000, mean_diversity=0.151087,
indivs=5614688, elapsed_secs=8873, mean=0.616086, stdev=0.060933, best fit=0.701000, best_overall=0.701000, mean_diversity=0.254647,
indivs=5624786, elapsed_secs=8887, mean=0.636811, stdev=0.086339, best fit=0.701000, best_overall=0.701000, mean_diversity=0.100607,
indivs=5634884, elapsed_secs=8903, mean=0.639815, stdev=0.102842, best fit=0.701000, best_overall=0.701000, mean_diversity=0.103681,
indivs=5644982, elapsed_secs=8916, mean=0.625977, stdev=0.088946, best fit=0.701000, best_overall=0.701000, mean_diversity=0.127519,
indivs=5655080, elapsed_secs=8933, mean=0.587731, stdev=0.101991, best fit=0.701000, best_overall=0.701000, mean_diversity=0.149735,
indivs=5665178, elapsed_secs=8948, mean=0.589727, stdev=0.068669, best fit=0.701000, best_overall=0.701000, mean_diversity=0.111834,
indivs=5675276, elapsed_secs=8961, mean=0.615546, stdev=0.075914, best fit=0.701000, best_overall=0.701000, mean_diversity=0.108224,
indivs=5685374, elapsed_secs=8980, mean=0.588552, stdev=0.111949, best fit=0.701000, best_overall=0.701000, mean_diversity=0.154019,
indivs=5695472, elapsed_secs=9000, mean=0.616749, stdev=0.103453, best fit=0.701000, best_overall=0.701000, mean_diversity=0.121597,
indivs=5705570, elapsed_secs=9014, mean=0.626115, stdev=0.137579, best fit=0.701000, best_overall=0.701000, mean_diversity=0.099341,
indivs=5715668, elapsed_secs=9032, mean=0.613081, stdev=0.090008, best fit=0.701000, best_overall=0.701000, mean_diversity=0.192103,
indivs=5725766, elapsed_secs=9048, mean=0.600964, stdev=0.059336, best fit=0.701000, best_overall=0.701000, mean_diversity=0.180351,
indivs=5735864, elapsed_secs=9067, mean=0.603756, stdev=0.082243, best fit=0.701000, best_overall=0.701000, mean_diversity=0.159013,
indivs=5745962, elapsed_secs=9083, mean=0.611456, stdev=0.160994, best fit=0.701000, best_overall=0.701000, mean_diversity=0.092421,
indivs=5756060, elapsed_secs=9098, mean=0.597824, stdev=0.086128, best fit=0.701000, best_overall=0.701000, mean_diversity=0.151497,
indivs=5766158, elapsed_secs=9112, mean=0.610791, stdev=0.060740, best fit=0.701000, best_overall=0.701000, mean_diversity=0.085169,
indivs=5776256, elapsed_secs=9126, mean=0.620945, stdev=0.128509, best fit=0.701000, best_overall=0.701000, mean_diversity=0.115728,
indivs=5786354, elapsed_secs=9140, mean=0.589782, stdev=0.065620, best fit=0.701000, best_overall=0.701000, mean_diversity=0.148398,
indivs=5796452, elapsed_secs=9156, mean=0.599193, stdev=0.109223, best fit=0.701000, best_overall=0.701000, mean_diversity=0.139637,
indivs=5806550, elapsed_secs=9172, mean=0.602854, stdev=0.097188, best fit=0.701000, best_overall=0.701000, mean_diversity=0.117213,
indivs=5816648, elapsed_secs=9188, mean=0.607967, stdev=0.162373, best fit=0.701000, best_overall=0.701000, mean_diversity=0.131802,
indivs=5826746, elapsed_secs=9205, mean=0.654253, stdev=0.075059, best fit=0.701000, best_overall=0.701000, mean_diversity=0.085152,
indivs=5836844, elapsed_secs=9218, mean=0.611541, stdev=0.076719, best fit=0.701000, best_overall=0.701000, mean_diversity=0.157441,
indivs=5846942, elapsed_secs=9232, mean=0.609772, stdev=0.111554, best fit=0.701000, best_overall=0.701000, mean_diversity=0.132670,
indivs=5857040, elapsed_secs=9245, mean=0.616139, stdev=0.079366, best fit=0.701000, best_overall=0.701000, mean_diversity=0.084258,
indivs=5867138, elapsed_secs=9259, mean=0.620242, stdev=0.088687, best fit=0.701000, best_overall=0.701000, mean_diversity=0.251381,
indivs=5877236, elapsed_secs=9276, mean=0.597697, stdev=0.067471, best fit=0.701000, best_overall=0.701000, mean_diversity=0.087728,
indivs=5887334, elapsed_secs=9289, mean=0.605252, stdev=0.084081, best fit=0.701000, best_overall=0.701000, mean_diversity=0.220691,
indivs=5897432, elapsed_secs=9303, mean=0.586504, stdev=0.096386, best fit=0.701000, best_overall=0.701000, mean_diversity=0.122888,
indivs=5907530, elapsed_secs=9321, mean=0.583080, stdev=0.123227, best fit=0.701000, best_overall=0.701000, mean_diversity=0.131667,
indivs=5917628, elapsed_secs=9339, mean=0.626334, stdev=0.079856, best fit=0.701000, best_overall=0.701000, mean_diversity=0.126048,
indivs=5927726, elapsed_secs=9358, mean=0.625358, stdev=0.088414, best fit=0.701000, best_overall=0.701000, mean_diversity=0.082505,
indivs=5937824, elapsed_secs=9373, mean=0.605027, stdev=0.064552, best fit=0.701000, best_overall=0.701000, mean_diversity=0.118693,
indivs=5947922, elapsed_secs=9391, mean=0.600051, stdev=0.073674, best fit=0.701000, best_overall=0.701000, mean_diversity=0.085612,
indivs=5958020, elapsed_secs=9411, mean=0.611597, stdev=0.082593, best fit=0.701000, best_overall=0.701000, mean_diversity=0.165473,
indivs=5968118, elapsed_secs=9430, mean=0.596479, stdev=0.088097, best fit=0.701000, best_overall=0.701000, mean_diversity=0.124907,
indivs=5978216, elapsed_secs=9443, mean=0.645435, stdev=0.116484, best fit=0.701000, best_overall=0.701000, mean_diversity=0.219188,
indivs=5988314, elapsed_secs=9455, mean=0.618122, stdev=0.087469, best fit=0.701000, best_overall=0.701000, mean_diversity=0.229289,
indivs=5998412, elapsed_secs=9468, mean=0.651732, stdev=0.072753, best fit=0.701000, best_overall=0.701000, mean_diversity=0.106007,
indivs=6008510, elapsed_secs=9483, mean=0.599761, stdev=0.075487, best fit=0.701000, best_overall=0.701000, mean_diversity=0.102228,
indivs=6018608, elapsed_secs=9498, mean=0.588118, stdev=0.066226, best fit=0.701000, best_overall=0.701000, mean_diversity=0.169101,
indivs=6028706, elapsed_secs=9516, mean=0.646959, stdev=0.075382, best fit=0.701000, best_overall=0.701000, mean_diversity=0.140287,
indivs=6038804, elapsed_secs=9532, mean=0.590472, stdev=0.071140, best fit=0.701000, best_overall=0.701000, mean_diversity=0.135945,
indivs=6048902, elapsed_secs=9551, mean=0.607106, stdev=0.134885, best fit=0.701000, best_overall=0.701000, mean_diversity=0.114760,
indivs=6059000, elapsed_secs=9568, mean=0.644227, stdev=0.102376, best fit=0.701000, best_overall=0.701000, mean_diversity=0.120387,
indivs=6069098, elapsed_secs=9584, mean=0.616271, stdev=0.123417, best fit=0.701000, best_overall=0.701000, mean_diversity=0.076194,
indivs=6079196, elapsed_secs=9603, mean=0.592242, stdev=0.090558, best fit=0.701000, best_overall=0.701000, mean_diversity=0.168369,
indivs=6089294, elapsed_secs=9616, mean=0.590335, stdev=0.066404, best fit=0.701000, best_overall=0.701000, mean_diversity=0.122085,
indivs=6099392, elapsed_secs=9637, mean=0.629177, stdev=0.091108, best fit=0.701000, best_overall=0.701000, mean_diversity=0.110141,
indivs=6109490, elapsed_secs=9650, mean=0.590232, stdev=0.117218, best fit=0.701000, best_overall=0.701000, mean_diversity=0.092339,
indivs=6119588, elapsed_secs=9665, mean=0.640631, stdev=0.084715, best fit=0.701000, best_overall=0.701000, mean_diversity=0.108127,
indivs=6129686, elapsed_secs=9679, mean=0.627280, stdev=0.080291, best fit=0.701000, best_overall=0.701000, mean_diversity=0.115369,
indivs=6139784, elapsed_secs=9699, mean=0.605707, stdev=0.069520, best fit=0.701000, best_overall=0.701000, mean_diversity=0.243841,
indivs=6149882, elapsed_secs=9714, mean=0.617270, stdev=0.111559, best fit=0.701000, best_overall=0.701000, mean_diversity=0.176443,
indivs=6159980, elapsed_secs=9735, mean=0.594010, stdev=0.150148, best fit=0.701000, best_overall=0.701000, mean_diversity=0.144382,
indivs=6170078, elapsed_secs=9747, mean=0.622595, stdev=0.077933, best fit=0.701000, best_overall=0.701000, mean_diversity=0.110777,
indivs=6180176, elapsed_secs=9762, mean=0.634337, stdev=0.085565, best fit=0.701000, best_overall=0.701000, mean_diversity=0.089797,
indivs=6190274, elapsed_secs=9776, mean=0.617788, stdev=0.125506, best fit=0.701000, best_overall=0.701000, mean_diversity=0.159619,
indivs=6200372, elapsed_secs=9794, mean=0.604504, stdev=0.068167, best fit=0.701000, best_overall=0.701000, mean_diversity=0.183522,
indivs=6210470, elapsed_secs=9814, mean=0.613286, stdev=0.122886, best fit=0.701000, best_overall=0.701000, mean_diversity=0.124298,
indivs=6220568, elapsed_secs=9829, mean=0.610006, stdev=0.112032, best fit=0.701000, best_overall=0.701000, mean_diversity=0.234914,
indivs=6230666, elapsed_secs=9845, mean=0.638245, stdev=0.086129, best fit=0.701000, best_overall=0.701000, mean_diversity=0.076329,
indivs=6240764, elapsed_secs=9861, mean=0.604941, stdev=0.067069, best fit=0.701000, best_overall=0.701000, mean_diversity=0.147197,
indivs=6250862, elapsed_secs=9872, mean=0.618485, stdev=0.149737, best fit=0.701000, best_overall=0.701000, mean_diversity=0.100221,
indivs=6260960, elapsed_secs=9885, mean=0.624739, stdev=0.090145, best fit=0.701000, best_overall=0.701000, mean_diversity=0.104912,
indivs=6271058, elapsed_secs=9897, mean=0.607591, stdev=0.102318, best fit=0.701000, best_overall=0.701000, mean_diversity=0.087822,
indivs=6281156, elapsed_secs=9912, mean=0.646305, stdev=0.081097, best fit=0.701000, best_overall=0.701000, mean_diversity=0.133091,
indivs=6291254, elapsed_secs=9932, mean=0.607216, stdev=0.162248, best fit=0.701000, best_overall=0.701000, mean_diversity=0.095672,
indivs=6301352, elapsed_secs=9945, mean=0.623820, stdev=0.111149, best fit=0.701000, best_overall=0.701000, mean_diversity=0.122340,
indivs=6311450, elapsed_secs=9960, mean=0.627377, stdev=0.123277, best fit=0.701000, best_overall=0.701000, mean_diversity=0.132809,
indivs=6321548, elapsed_secs=9976, mean=0.606553, stdev=0.065289, best fit=0.701000, best_overall=0.701000, mean_diversity=0.133553,
indivs=6331646, elapsed_secs=9995, mean=0.605500, stdev=0.105581, best fit=0.701000, best_overall=0.701000, mean_diversity=0.111368,
indivs=6341744, elapsed_secs=10006, mean=0.581287, stdev=0.126102, best fit=0.701000, best_overall=0.701000, mean_diversity=0.130844,
indivs=6351842, elapsed_secs=10025, mean=0.596678, stdev=0.119120, best fit=0.701000, best_overall=0.701000, mean_diversity=0.225272,
indivs=6361940, elapsed_secs=10039, mean=0.591824, stdev=0.066624, best fit=0.701000, best_overall=0.701000, mean_diversity=0.105577,
indivs=6372038, elapsed_secs=10057, mean=0.605318, stdev=0.065543, best fit=0.701000, best_overall=0.701000, mean_diversity=0.105837,
indivs=6382136, elapsed_secs=10069, mean=0.629916, stdev=0.102639, best fit=0.701000, best_overall=0.701000, mean_diversity=0.112587,
indivs=6392234, elapsed_secs=10086, mean=0.600823, stdev=0.067328, best fit=0.701000, best_overall=0.701000, mean_diversity=0.126308,
indivs=6402332, elapsed_secs=10102, mean=0.622881, stdev=0.073017, best fit=0.701000, best_overall=0.701000, mean_diversity=0.104052,
indivs=6412430, elapsed_secs=10118, mean=0.603649, stdev=0.090643, best fit=0.701000, best_overall=0.701000, mean_diversity=0.099751,
indivs=6422528, elapsed_secs=10133, mean=0.596960, stdev=0.101197, best fit=0.701000, best_overall=0.701000, mean_diversity=0.126825,
indivs=6432626, elapsed_secs=10150, mean=0.619481, stdev=0.096645, best fit=0.701000, best_overall=0.701000, mean_diversity=0.155921,
indivs=6442724, elapsed_secs=10174, mean=0.627795, stdev=0.107529, best fit=0.701000, best_overall=0.701000, mean_diversity=0.106557,
indivs=6452822, elapsed_secs=10188, mean=0.601099, stdev=0.118382, best fit=0.701000, best_overall=0.701000, mean_diversity=0.126761,
indivs=6462920, elapsed_secs=10200, mean=0.603571, stdev=0.091329, best fit=0.701000, best_overall=0.701000, mean_diversity=0.311915,
indivs=6473018, elapsed_secs=10213, mean=0.619834, stdev=0.064236, best fit=0.701000, best_overall=0.701000, mean_diversity=0.295393,
indivs=6483116, elapsed_secs=10230, mean=0.615712, stdev=0.106262, best fit=0.701000, best_overall=0.701000, mean_diversity=0.145303,
indivs=6493214, elapsed_secs=10243, mean=0.623314, stdev=0.056961, best fit=0.701000, best_overall=0.701000, mean_diversity=0.230100,
indivs=6503312, elapsed_secs=10258, mean=0.599401, stdev=0.078843, best fit=0.701000, best_overall=0.701000, mean_diversity=0.229346,
indivs=6513410, elapsed_secs=10272, mean=0.614403, stdev=0.120862, best fit=0.701000, best_overall=0.701000, mean_diversity=0.169338,
indivs=6523508, elapsed_secs=10288, mean=0.620515, stdev=0.119646, best fit=0.701000, best_overall=0.701000, mean_diversity=0.306092,
indivs=6533606, elapsed_secs=10301, mean=0.591623, stdev=0.089323, best fit=0.701000, best_overall=0.701000, mean_diversity=0.312402,
indivs=6543704, elapsed_secs=10312, mean=0.618164, stdev=0.084394, best fit=0.701000, best_overall=0.701000, mean_diversity=0.086018,
indivs=6553802, elapsed_secs=10323, mean=0.612586, stdev=0.072271, best fit=0.701000, best_overall=0.701000, mean_diversity=0.173818,
indivs=6563900, elapsed_secs=10338, mean=0.609877, stdev=0.076653, best fit=0.701000, best_overall=0.701000, mean_diversity=0.134209,
indivs=6573998, elapsed_secs=10350, mean=0.626144, stdev=0.102185, best fit=0.701000, best_overall=0.701000, mean_diversity=0.331646,
indivs=6584096, elapsed_secs=10366, mean=0.622021, stdev=0.094750, best fit=0.701000, best_overall=0.701000, mean_diversity=0.153030,
indivs=6594194, elapsed_secs=10382, mean=0.609297, stdev=0.119864, best fit=0.701000, best_overall=0.701000, mean_diversity=0.174111,
indivs=6604292, elapsed_secs=10397, mean=0.613413, stdev=0.073676, best fit=0.701000, best_overall=0.701000, mean_diversity=0.125026,
indivs=6614390, elapsed_secs=10412, mean=0.620245, stdev=0.100533, best fit=0.701000, best_overall=0.701000, mean_diversity=0.115437,
indivs=6624488, elapsed_secs=10426, mean=0.639195, stdev=0.133170, best fit=0.701000, best_overall=0.701000, mean_diversity=0.401923,
indivs=6634586, elapsed_secs=10439, mean=0.607457, stdev=0.120110, best fit=0.701000, best_overall=0.701000, mean_diversity=0.066609,
indivs=6644684, elapsed_secs=10456, mean=0.603008, stdev=0.089031, best fit=0.701000, best_overall=0.701000, mean_diversity=0.351361,
indivs=6654782, elapsed_secs=10474, mean=0.611360, stdev=0.078197, best fit=0.701000, best_overall=0.701000, mean_diversity=0.084011,
indivs=6664880, elapsed_secs=10491, mean=0.626821, stdev=0.108692, best fit=0.701000, best_overall=0.701000, mean_diversity=0.133577,
indivs=6674978, elapsed_secs=10507, mean=0.590587, stdev=0.095840, best fit=0.701000, best_overall=0.701000, mean_diversity=0.141017,
indivs=6685076, elapsed_secs=10521, mean=0.641149, stdev=0.083801, best fit=0.701000, best_overall=0.701000, mean_diversity=0.124582,
indivs=6695174, elapsed_secs=10534, mean=0.619005, stdev=0.121651, best fit=0.701000, best_overall=0.701000, mean_diversity=0.137904,
indivs=6705272, elapsed_secs=10546, mean=0.594791, stdev=0.071261, best fit=0.701000, best_overall=0.701000, mean_diversity=0.139771,
indivs=6715370, elapsed_secs=10562, mean=0.641324, stdev=0.104795, best fit=0.701000, best_overall=0.701000, mean_diversity=0.147254,
indivs=6725468, elapsed_secs=10577, mean=0.595503, stdev=0.063058, best fit=0.701000, best_overall=0.701000, mean_diversity=0.135670,
indivs=6735566, elapsed_secs=10594, mean=0.614322, stdev=0.104333, best fit=0.701000, best_overall=0.701000, mean_diversity=0.090286,
indivs=6745664, elapsed_secs=10608, mean=0.629519, stdev=0.106367, best fit=0.701000, best_overall=0.701000, mean_diversity=0.110432,
indivs=6755762, elapsed_secs=10623, mean=0.596803, stdev=0.101532, best fit=0.701000, best_overall=0.701000, mean_diversity=0.161101,
indivs=6765860, elapsed_secs=10641, mean=0.595386, stdev=0.109460, best fit=0.701000, best_overall=0.701000, mean_diversity=0.088516,
indivs=6775958, elapsed_secs=10653, mean=0.613981, stdev=0.079792, best fit=0.701000, best_overall=0.701000, mean_diversity=0.121891,
indivs=6786056, elapsed_secs=10667, mean=0.590011, stdev=0.086700, best fit=0.701000, best_overall=0.701000, mean_diversity=0.187944,
indivs=6796154, elapsed_secs=10681, mean=0.628690, stdev=0.135073, best fit=0.701000, best_overall=0.701000, mean_diversity=0.085725,
indivs=6806252, elapsed_secs=10700, mean=0.647043, stdev=0.082651, best fit=0.701000, best_overall=0.701000, mean_diversity=0.100640,
indivs=6816350, elapsed_secs=10713, mean=0.589366, stdev=0.090975, best fit=0.701000, best_overall=0.701000, mean_diversity=0.136036,
indivs=6826448, elapsed_secs=10729, mean=0.596518, stdev=0.092414, best fit=0.701000, best_overall=0.701000, mean_diversity=0.171422,
indivs=6836546, elapsed_secs=10746, mean=0.638461, stdev=0.085531, best fit=0.701000, best_overall=0.701000, mean_diversity=0.107596,
indivs=6846644, elapsed_secs=10758, mean=0.600816, stdev=0.063852, best fit=0.701000, best_overall=0.701000, mean_diversity=0.224507,
indivs=6856742, elapsed_secs=10773, mean=0.600885, stdev=0.151385, best fit=0.701000, best_overall=0.701000, mean_diversity=0.129150,
indivs=6866840, elapsed_secs=10789, mean=0.597151, stdev=0.074187, best fit=0.701000, best_overall=0.701000, mean_diversity=0.209175,
indivs=6876938, elapsed_secs=10807, mean=0.615014, stdev=0.089262, best fit=0.701000, best_overall=0.701000, mean_diversity=0.097775,
indivs=6887036, elapsed_secs=10820, mean=0.611671, stdev=0.102961, best fit=0.701000, best_overall=0.701000, mean_diversity=0.203052,
indivs=6897134, elapsed_secs=10835, mean=0.631630, stdev=0.136105, best fit=0.701000, best_overall=0.701000, mean_diversity=0.099145,
indivs=6907232, elapsed_secs=10851, mean=0.627833, stdev=0.082429, best fit=0.701000, best_overall=0.701000, mean_diversity=0.271888,
indivs=6917330, elapsed_secs=10864, mean=0.614877, stdev=0.118134, best fit=0.701000, best_overall=0.701000, mean_diversity=0.193358,
indivs=6927428, elapsed_secs=10881, mean=0.597175, stdev=0.074779, best fit=0.701000, best_overall=0.701000, mean_diversity=0.121495,
indivs=6937526, elapsed_secs=10895, mean=0.599216, stdev=0.075762, best fit=0.701000, best_overall=0.701000, mean_diversity=0.143199,
indivs=6947624, elapsed_secs=10908, mean=0.637454, stdev=0.085328, best fit=0.701000, best_overall=0.701000, mean_diversity=0.133949,
indivs=6957722, elapsed_secs=10921, mean=0.620202, stdev=0.124960, best fit=0.701000, best_overall=0.701000, mean_diversity=0.110862,
indivs=6967820, elapsed_secs=10938, mean=0.630506, stdev=0.088232, best fit=0.701000, best_overall=0.701000, mean_diversity=0.185178,
indivs=6977918, elapsed_secs=10953, mean=0.593280, stdev=0.080102, best fit=0.701000, best_overall=0.701000, mean_diversity=0.269913,
indivs=6988016, elapsed_secs=10967, mean=0.626082, stdev=0.071386, best fit=0.701000, best_overall=0.701000, mean_diversity=0.239174,
indivs=6998114, elapsed_secs=10986, mean=0.617720, stdev=0.115653, best fit=0.701000, best_overall=0.701000, mean_diversity=0.111046,
indivs=7008212, elapsed_secs=11004, mean=0.645373, stdev=0.082509, best fit=0.701000, best_overall=0.701000, mean_diversity=0.097484,
indivs=7018310, elapsed_secs=11023, mean=0.621683, stdev=0.136923, best fit=0.701000, best_overall=0.701000, mean_diversity=0.113446,
indivs=7028408, elapsed_secs=11043, mean=0.606491, stdev=0.137847, best fit=0.701000, best_overall=0.701000, mean_diversity=0.117057,
indivs=7038506, elapsed_secs=11057, mean=0.628876, stdev=0.107126, best fit=0.701000, best_overall=0.701000, mean_diversity=0.107967,
indivs=7048604, elapsed_secs=11071, mean=0.621413, stdev=0.107384, best fit=0.701000, best_overall=0.701000, mean_diversity=0.243519,
indivs=7058702, elapsed_secs=11083, mean=0.619806, stdev=0.104864, best fit=0.701000, best_overall=0.701000, mean_diversity=0.183820,
indivs=7068800, elapsed_secs=11099, mean=0.606401, stdev=0.162753, best fit=0.701000, best_overall=0.701000, mean_diversity=0.098956,
indivs=7078898, elapsed_secs=11116, mean=0.608210, stdev=0.148582, best fit=0.701000, best_overall=0.701000, mean_diversity=0.141650,
indivs=7088996, elapsed_secs=11143, mean=0.622909, stdev=0.080931, best fit=0.701000, best_overall=0.701000, mean_diversity=0.172563,
indivs=7099094, elapsed_secs=11162, mean=0.647813, stdev=0.078441, best fit=0.701000, best_overall=0.701000, mean_diversity=0.159483,
indivs=7109192, elapsed_secs=11179, mean=0.626389, stdev=0.126429, best fit=0.701000, best_overall=0.701000, mean_diversity=0.134895,
indivs=7119290, elapsed_secs=11197, mean=0.603639, stdev=0.094415, best fit=0.701000, best_overall=0.701000, mean_diversity=0.200616,
indivs=7129388, elapsed_secs=11209, mean=0.633383, stdev=0.130016, best fit=0.701000, best_overall=0.701000, mean_diversity=0.138338,
indivs=7139486, elapsed_secs=11225, mean=0.619957, stdev=0.134677, best fit=0.701000, best_overall=0.701000, mean_diversity=0.154746,
indivs=7149584, elapsed_secs=11239, mean=0.638360, stdev=0.081676, best fit=0.701000, best_overall=0.701000, mean_diversity=0.102235,
indivs=7159682, elapsed_secs=11256, mean=0.602668, stdev=0.097113, best fit=0.701000, best_overall=0.701000, mean_diversity=0.152211,
indivs=7169780, elapsed_secs=11273, mean=0.621313, stdev=0.134880, best fit=0.701000, best_overall=0.701000, mean_diversity=0.111486,
indivs=7179878, elapsed_secs=11288, mean=0.632002, stdev=0.108756, best fit=0.701000, best_overall=0.701000, mean_diversity=0.108707,
indivs=7189976, elapsed_secs=11301, mean=0.621040, stdev=0.103707, best fit=0.701000, best_overall=0.701000, mean_diversity=0.156545,
indivs=7200074, elapsed_secs=11313, mean=0.599782, stdev=0.171991, best fit=0.701000, best_overall=0.701000, mean_diversity=0.060965,
indivs=7210172, elapsed_secs=11330, mean=0.625725, stdev=0.081329, best fit=0.701000, best_overall=0.701000, mean_diversity=0.110136,
indivs=7220270, elapsed_secs=11346, mean=0.607790, stdev=0.116237, best fit=0.701000, best_overall=0.701000, mean_diversity=0.312541,
indivs=7230368, elapsed_secs=11358, mean=0.637766, stdev=0.080089, best fit=0.701000, best_overall=0.701000, mean_diversity=0.111226,
indivs=7240466, elapsed_secs=11373, mean=0.631815, stdev=0.086223, best fit=0.701000, best_overall=0.701000, mean_diversity=0.135458,
indivs=7250564, elapsed_secs=11391, mean=0.597956, stdev=0.071178, best fit=0.701000, best_overall=0.701000, mean_diversity=0.271377,
indivs=7260662, elapsed_secs=11410, mean=0.591901, stdev=0.071737, best fit=0.701000, best_overall=0.701000, mean_diversity=0.193099,
indivs=7270760, elapsed_secs=11425, mean=0.621198, stdev=0.086402, best fit=0.701000, best_overall=0.701000, mean_diversity=0.142529,
indivs=7280858, elapsed_secs=11440, mean=0.594353, stdev=0.068657, best fit=0.701000, best_overall=0.701000, mean_diversity=0.324602,
indivs=7290956, elapsed_secs=11457, mean=0.640234, stdev=0.093643, best fit=0.701000, best_overall=0.701000, mean_diversity=0.086758,
indivs=7301054, elapsed_secs=11473, mean=0.622762, stdev=0.099013, best fit=0.701000, best_overall=0.701000, mean_diversity=0.098776,
indivs=7311152, elapsed_secs=11487, mean=0.634231, stdev=0.105175, best fit=0.701000, best_overall=0.701000, mean_diversity=0.098449,
indivs=7321250, elapsed_secs=11500, mean=0.598645, stdev=0.061615, best fit=0.701000, best_overall=0.701000, mean_diversity=0.118414,
indivs=7331348, elapsed_secs=11515, mean=0.627016, stdev=0.109440, best fit=0.701000, best_overall=0.701000, mean_diversity=0.118468,
indivs=7341446, elapsed_secs=11528, mean=0.618321, stdev=0.106173, best fit=0.701000, best_overall=0.701000, mean_diversity=0.121247,
indivs=7351544, elapsed_secs=11546, mean=0.613450, stdev=0.148155, best fit=0.701000, best_overall=0.701000, mean_diversity=0.116160,
indivs=7361642, elapsed_secs=11562, mean=0.642300, stdev=0.078822, best fit=0.701000, best_overall=0.701000, mean_diversity=0.300433,
indivs=7371740, elapsed_secs=11580, mean=0.605490, stdev=0.064674, best fit=0.701000, best_overall=0.701000, mean_diversity=0.112493,
indivs=7381838, elapsed_secs=11594, mean=0.585501, stdev=0.087622, best fit=0.701000, best_overall=0.701000, mean_diversity=0.127944,
indivs=7391936, elapsed_secs=11606, mean=0.629354, stdev=0.086342, best fit=0.701000, best_overall=0.701000, mean_diversity=0.108889,
indivs=7402034, elapsed_secs=11619, mean=0.597518, stdev=0.103295, best fit=0.701000, best_overall=0.701000, mean_diversity=0.142791,
indivs=7412132, elapsed_secs=11640, mean=0.630088, stdev=0.081484, best fit=0.701000, best_overall=0.701000, mean_diversity=0.108456,
indivs=7422230, elapsed_secs=11657, mean=0.578439, stdev=0.120004, best fit=0.701000, best_overall=0.701000, mean_diversity=0.130916,
indivs=7432328, elapsed_secs=11670, mean=0.617963, stdev=0.118866, best fit=0.701000, best_overall=0.701000, mean_diversity=0.114704,
indivs=7442426, elapsed_secs=11685, mean=0.637924, stdev=0.088823, best fit=0.701000, best_overall=0.701000, mean_diversity=0.095269,
indivs=7452524, elapsed_secs=11706, mean=0.597926, stdev=0.192265, best fit=0.701000, best_overall=0.701000, mean_diversity=0.113326,
indivs=7462622, elapsed_secs=11720, mean=0.604974, stdev=0.061457, best fit=0.701000, best_overall=0.701000, mean_diversity=0.145881,
indivs=7472720, elapsed_secs=11738, mean=0.631909, stdev=0.080796, best fit=0.701000, best_overall=0.701000, mean_diversity=0.120077,
indivs=7482818, elapsed_secs=11750, mean=0.636002, stdev=0.120371, best fit=0.701000, best_overall=0.701000, mean_diversity=0.102257,
indivs=7492916, elapsed_secs=11765, mean=0.632596, stdev=0.120718, best fit=0.701000, best_overall=0.701000, mean_diversity=0.084377,
indivs=7503014, elapsed_secs=11779, mean=0.619571, stdev=0.123081, best fit=0.701000, best_overall=0.701000, mean_diversity=0.102105,
indivs=7513112, elapsed_secs=11799, mean=0.636368, stdev=0.084012, best fit=0.701000, best_overall=0.701000, mean_diversity=0.159833,
indivs=7523210, elapsed_secs=11814, mean=0.604810, stdev=0.095956, best fit=0.701000, best_overall=0.701000, mean_diversity=0.075958,
indivs=7533308, elapsed_secs=11829, mean=0.599386, stdev=0.101111, best fit=0.701000, best_overall=0.701000, mean_diversity=0.226616,
indivs=7543406, elapsed_secs=11843, mean=0.582831, stdev=0.117626, best fit=0.701000, best_overall=0.701000, mean_diversity=0.139935,
indivs=7553504, elapsed_secs=11859, mean=0.639556, stdev=0.120307, best fit=0.701000, best_overall=0.701000, mean_diversity=0.144922,
indivs=7563602, elapsed_secs=11873, mean=0.602571, stdev=0.078771, best fit=0.701000, best_overall=0.701000, mean_diversity=0.094800,
indivs=7573700, elapsed_secs=11890, mean=0.607732, stdev=0.163487, best fit=0.701000, best_overall=0.701000, mean_diversity=0.125921,
indivs=7583798, elapsed_secs=11905, mean=0.611353, stdev=0.104539, best fit=0.701000, best_overall=0.701000, mean_diversity=0.151118,
indivs=7593896, elapsed_secs=11923, mean=0.616782, stdev=0.079222, best fit=0.701000, best_overall=0.701000, mean_diversity=0.112140,
indivs=7603994, elapsed_secs=11936, mean=0.620610, stdev=0.095229, best fit=0.701000, best_overall=0.701000, mean_diversity=0.183957,
indivs=7614092, elapsed_secs=11956, mean=0.636635, stdev=0.103650, best fit=0.701000, best_overall=0.701000, mean_diversity=0.190105,
indivs=7624190, elapsed_secs=11971, mean=0.618289, stdev=0.130675, best fit=0.701000, best_overall=0.701000, mean_diversity=0.081478,
indivs=7634288, elapsed_secs=11986, mean=0.624100, stdev=0.083100, best fit=0.701000, best_overall=0.701000, mean_diversity=0.087852,
indivs=7644386, elapsed_secs=11999, mean=0.605549, stdev=0.070907, best fit=0.701000, best_overall=0.701000, mean_diversity=0.095319,
indivs=7654484, elapsed_secs=12013, mean=0.604589, stdev=0.161894, best fit=0.701000, best_overall=0.701000, mean_diversity=0.121532,
indivs=7664582, elapsed_secs=12028, mean=0.627215, stdev=0.088837, best fit=0.701000, best_overall=0.701000, mean_diversity=0.106475,
indivs=7674680, elapsed_secs=12043, mean=0.607543, stdev=0.061726, best fit=0.701000, best_overall=0.701000, mean_diversity=0.121333,
indivs=7684778, elapsed_secs=12060, mean=0.641603, stdev=0.118659, best fit=0.701000, best_overall=0.701000, mean_diversity=0.139128,
indivs=7694876, elapsed_secs=12074, mean=0.637628, stdev=0.105717, best fit=0.701000, best_overall=0.701000, mean_diversity=0.112459,
indivs=7704974, elapsed_secs=12090, mean=0.647863, stdev=0.077375, best fit=0.701000, best_overall=0.701000, mean_diversity=0.335897,
indivs=7715072, elapsed_secs=12106, mean=0.620874, stdev=0.106362, best fit=0.701000, best_overall=0.701000, mean_diversity=0.160116,
indivs=7725170, elapsed_secs=12124, mean=0.590119, stdev=0.106432, best fit=0.701000, best_overall=0.701000, mean_diversity=0.125695,
indivs=7735268, elapsed_secs=12141, mean=0.615428, stdev=0.123316, best fit=0.701000, best_overall=0.701000, mean_diversity=0.265545,
indivs=7745366, elapsed_secs=12158, mean=0.583289, stdev=0.089211, best fit=0.701000, best_overall=0.701000, mean_diversity=0.173636,
indivs=7755464, elapsed_secs=12176, mean=0.614835, stdev=0.083953, best fit=0.701000, best_overall=0.701000, mean_diversity=0.125026,
indivs=7765562, elapsed_secs=12192, mean=0.597927, stdev=0.067260, best fit=0.701000, best_overall=0.701000, mean_diversity=0.165504,
indivs=7775660, elapsed_secs=12208, mean=0.634268, stdev=0.101627, best fit=0.701000, best_overall=0.701000, mean_diversity=0.118396,
indivs=7785758, elapsed_secs=12226, mean=0.614424, stdev=0.088430, best fit=0.701000, best_overall=0.701000, mean_diversity=0.145815,
indivs=7795856, elapsed_secs=12239, mean=0.620940, stdev=0.083446, best fit=0.701000, best_overall=0.701000, mean_diversity=0.105937,
indivs=7805954, elapsed_secs=12254, mean=0.610986, stdev=0.121446, best fit=0.701000, best_overall=0.701000, mean_diversity=0.103697,
indivs=7816052, elapsed_secs=12270, mean=0.633209, stdev=0.077815, best fit=0.701000, best_overall=0.701000, mean_diversity=0.187425,
indivs=7826150, elapsed_secs=12283, mean=0.605619, stdev=0.134924, best fit=0.701000, best_overall=0.701000, mean_diversity=0.165768,
indivs=7836248, elapsed_secs=12298, mean=0.649555, stdev=0.082586, best fit=0.701000, best_overall=0.701000, mean_diversity=0.246029,
indivs=7846346, elapsed_secs=12312, mean=0.584981, stdev=0.105764, best fit=0.701000, best_overall=0.701000, mean_diversity=0.123957,
indivs=7856444, elapsed_secs=12327, mean=0.590511, stdev=0.067988, best fit=0.701000, best_overall=0.701000, mean_diversity=0.133966,
indivs=7866542, elapsed_secs=12340, mean=0.630980, stdev=0.076946, best fit=0.701000, best_overall=0.701000, mean_diversity=0.107211,
indivs=7876640, elapsed_secs=12354, mean=0.600089, stdev=0.137412, best fit=0.701000, best_overall=0.701000, mean_diversity=0.172727,
indivs=7886738, elapsed_secs=12373, mean=0.632143, stdev=0.113155, best fit=0.701000, best_overall=0.701000, mean_diversity=0.098321,
indivs=7896836, elapsed_secs=12386, mean=0.607868, stdev=0.069849, best fit=0.701000, best_overall=0.701000, mean_diversity=0.122774,
indivs=7906934, elapsed_secs=12402, mean=0.599132, stdev=0.070941, best fit=0.701000, best_overall=0.701000, mean_diversity=0.120157,
indivs=7917032, elapsed_secs=12416, mean=0.628861, stdev=0.093178, best fit=0.701000, best_overall=0.701000, mean_diversity=0.103243,
indivs=7927130, elapsed_secs=12431, mean=0.599520, stdev=0.061554, best fit=0.701000, best_overall=0.701000, mean_diversity=0.155830,
indivs=7937228, elapsed_secs=12453, mean=0.630537, stdev=0.105196, best fit=0.701000, best_overall=0.701000, mean_diversity=0.091947,
indivs=7947326, elapsed_secs=12467, mean=0.646873, stdev=0.081832, best fit=0.701000, best_overall=0.701000, mean_diversity=0.165538,
indivs=7957424, elapsed_secs=12483, mean=0.586871, stdev=0.071807, best fit=0.701000, best_overall=0.701000, mean_diversity=0.242835,
indivs=7967522, elapsed_secs=12503, mean=0.587842, stdev=0.107986, best fit=0.701000, best_overall=0.701000, mean_diversity=0.306453,
indivs=7977620, elapsed_secs=12515, mean=0.634043, stdev=0.102728, best fit=0.701000, best_overall=0.701000, mean_diversity=0.082253,
indivs=7987718, elapsed_secs=12535, mean=0.609127, stdev=0.143089, best fit=0.701000, best_overall=0.701000, mean_diversity=0.169875,
indivs=7997816, elapsed_secs=12551, mean=0.607682, stdev=0.083885, best fit=0.701000, best_overall=0.701000, mean_diversity=0.281071,
indivs=8007914, elapsed_secs=12563, mean=0.619717, stdev=0.123872, best fit=0.701000, best_overall=0.701000, mean_diversity=0.126803,
indivs=8018012, elapsed_secs=12577, mean=0.583627, stdev=0.112536, best fit=0.701000, best_overall=0.701000, mean_diversity=0.109891,
indivs=8028110, elapsed_secs=12592, mean=0.609605, stdev=0.081370, best fit=0.701000, best_overall=0.701000, mean_diversity=0.182075,
indivs=8038208, elapsed_secs=12604, mean=0.596699, stdev=0.115056, best fit=0.701000, best_overall=0.701000, mean_diversity=0.148817,
indivs=8048306, elapsed_secs=12620, mean=0.610062, stdev=0.173365, best fit=0.701000, best_overall=0.701000, mean_diversity=0.135354,
indivs=8058404, elapsed_secs=12637, mean=0.628087, stdev=0.074574, best fit=0.701000, best_overall=0.701000, mean_diversity=0.113600,
indivs=8068502, elapsed_secs=12651, mean=0.609448, stdev=0.072341, best fit=0.701000, best_overall=0.701000, mean_diversity=0.117515,
indivs=8078600, elapsed_secs=12666, mean=0.615291, stdev=0.092406, best fit=0.701000, best_overall=0.701000, mean_diversity=0.115188,
indivs=8088698, elapsed_secs=12684, mean=0.628140, stdev=0.105277, best fit=0.701000, best_overall=0.701000, mean_diversity=0.157041,
indivs=8098796, elapsed_secs=12697, mean=0.603121, stdev=0.079601, best fit=0.701000, best_overall=0.701000, mean_diversity=0.112500,
indivs=8108894, elapsed_secs=12710, mean=0.627228, stdev=0.120126, best fit=0.701000, best_overall=0.701000, mean_diversity=0.117263,
indivs=8118992, elapsed_secs=12723, mean=0.614139, stdev=0.113293, best fit=0.701000, best_overall=0.701000, mean_diversity=0.130155,
indivs=8129090, elapsed_secs=12739, mean=0.602854, stdev=0.129411, best fit=0.701000, best_overall=0.701000, mean_diversity=0.085570,
indivs=8139188, elapsed_secs=12755, mean=0.633121, stdev=0.085389, best fit=0.701000, best_overall=0.701000, mean_diversity=0.117829,
indivs=8149286, elapsed_secs=12770, mean=0.638913, stdev=0.083387, best fit=0.701000, best_overall=0.701000, mean_diversity=0.107831,
indivs=8159384, elapsed_secs=12784, mean=0.624727, stdev=0.091422, best fit=0.701000, best_overall=0.701000, mean_diversity=0.126605,
indivs=8169482, elapsed_secs=12798, mean=0.607982, stdev=0.068334, best fit=0.701000, best_overall=0.701000, mean_diversity=0.151600,
indivs=8179580, elapsed_secs=12818, mean=0.607158, stdev=0.125922, best fit=0.701000, best_overall=0.701000, mean_diversity=0.229289,
indivs=8189678, elapsed_secs=12837, mean=0.596421, stdev=0.115302, best fit=0.701000, best_overall=0.701000, mean_diversity=0.252415,
indivs=8199776, elapsed_secs=12852, mean=0.580909, stdev=0.088872, best fit=0.701000, best_overall=0.701000, mean_diversity=0.092595,
indivs=8209874, elapsed_secs=12869, mean=0.642874, stdev=0.099724, best fit=0.701000, best_overall=0.701000, mean_diversity=0.185521,
indivs=8219972, elapsed_secs=12886, mean=0.619991, stdev=0.089518, best fit=0.701000, best_overall=0.701000, mean_diversity=0.134954,
indivs=8230070, elapsed_secs=12900, mean=0.591176, stdev=0.077805, best fit=0.701000, best_overall=0.701000, mean_diversity=0.117178,
indivs=8240168, elapsed_secs=12923, mean=0.591256, stdev=0.174353, best fit=0.701000, best_overall=0.701000, mean_diversity=0.243032,
indivs=8250266, elapsed_secs=12939, mean=0.617207, stdev=0.100443, best fit=0.701000, best_overall=0.701000, mean_diversity=0.224383,
indivs=8260364, elapsed_secs=12952, mean=0.627628, stdev=0.102756, best fit=0.701000, best_overall=0.701000, mean_diversity=0.110742,
indivs=8270462, elapsed_secs=12965, mean=0.586939, stdev=0.106224, best fit=0.701000, best_overall=0.701000, mean_diversity=0.123488,
indivs=8280560, elapsed_secs=12976, mean=0.613452, stdev=0.077845, best fit=0.701000, best_overall=0.701000, mean_diversity=0.143539,
indivs=8290658, elapsed_secs=12991, mean=0.614375, stdev=0.095467, best fit=0.701000, best_overall=0.701000, mean_diversity=0.108864,
indivs=8300756, elapsed_secs=13003, mean=0.642806, stdev=0.100148, best fit=0.701000, best_overall=0.701000, mean_diversity=0.116966,
indivs=8310854, elapsed_secs=13021, mean=0.618433, stdev=0.106475, best fit=0.701000, best_overall=0.701000, mean_diversity=0.103290,
indivs=8320952, elapsed_secs=13038, mean=0.621833, stdev=0.076614, best fit=0.701000, best_overall=0.701000, mean_diversity=0.147143,
indivs=8331050, elapsed_secs=13054, mean=0.600787, stdev=0.094029, best fit=0.701000, best_overall=0.701000, mean_diversity=0.136330,
indivs=8341148, elapsed_secs=13071, mean=0.628961, stdev=0.067680, best fit=0.701000, best_overall=0.701000, mean_diversity=0.092480,
indivs=8351246, elapsed_secs=13091, mean=0.576991, stdev=0.146684, best fit=0.701000, best_overall=0.701000, mean_diversity=0.250121,
indivs=8361344, elapsed_secs=13106, mean=0.624483, stdev=0.065348, best fit=0.701000, best_overall=0.701000, mean_diversity=0.091995,
indivs=8371442, elapsed_secs=13121, mean=0.607240, stdev=0.086477, best fit=0.701000, best_overall=0.701000, mean_diversity=0.114079,
indivs=8381540, elapsed_secs=13138, mean=0.626190, stdev=0.096355, best fit=0.701000, best_overall=0.701000, mean_diversity=0.210292,
indivs=8391638, elapsed_secs=13153, mean=0.605486, stdev=0.063761, best fit=0.701000, best_overall=0.701000, mean_diversity=0.123745,
indivs=8401736, elapsed_secs=13168, mean=0.628625, stdev=0.081982, best fit=0.701000, best_overall=0.701000, mean_diversity=0.070526,
indivs=8411834, elapsed_secs=13184, mean=0.604673, stdev=0.081721, best fit=0.701000, best_overall=0.701000, mean_diversity=0.091033,
indivs=8421932, elapsed_secs=13199, mean=0.612747, stdev=0.120953, best fit=0.701000, best_overall=0.701000, mean_diversity=0.102652,
indivs=8432030, elapsed_secs=13215, mean=0.607815, stdev=0.109607, best fit=0.701000, best_overall=0.701000, mean_diversity=0.140807,
indivs=8442128, elapsed_secs=13237, mean=0.644880, stdev=0.077555, best fit=0.701000, best_overall=0.701000, mean_diversity=0.130429,
indivs=8452226, elapsed_secs=13255, mean=0.619129, stdev=0.075259, best fit=0.701000, best_overall=0.701000, mean_diversity=0.127807,
indivs=8462324, elapsed_secs=13274, mean=0.593933, stdev=0.096004, best fit=0.701000, best_overall=0.701000, mean_diversity=0.101697,
indivs=8472422, elapsed_secs=13290, mean=0.631924, stdev=0.121040, best fit=0.701000, best_overall=0.701000, mean_diversity=0.099643,
indivs=8482520, elapsed_secs=13310, mean=0.617404, stdev=0.069895, best fit=0.701000, best_overall=0.701000, mean_diversity=0.138380,
indivs=8492618, elapsed_secs=13328, mean=0.599786, stdev=0.094255, best fit=0.701000, best_overall=0.701000, mean_diversity=0.195697,
indivs=8502716, elapsed_secs=13345, mean=0.596002, stdev=0.067266, best fit=0.701000, best_overall=0.701000, mean_diversity=0.134096,
indivs=8512814, elapsed_secs=13367, mean=0.643548, stdev=0.083778, best fit=0.701000, best_overall=0.701000, mean_diversity=0.259103,
indivs=8522912, elapsed_secs=13386, mean=0.638323, stdev=0.083920, best fit=0.701000, best_overall=0.701000, mean_diversity=0.112980,
indivs=8533010, elapsed_secs=13401, mean=0.617117, stdev=0.071721, best fit=0.701000, best_overall=0.701000, mean_diversity=0.138165,
indivs=8543108, elapsed_secs=13417, mean=0.634967, stdev=0.104761, best fit=0.701000, best_overall=0.701000, mean_diversity=0.128617,
indivs=8553206, elapsed_secs=13431, mean=0.612652, stdev=0.052100, best fit=0.701000, best_overall=0.701000, mean_diversity=0.263786,
indivs=8563304, elapsed_secs=13446, mean=0.619329, stdev=0.096398, best fit=0.701000, best_overall=0.701000, mean_diversity=0.121652,
indivs=8573402, elapsed_secs=13462, mean=0.640336, stdev=0.105948, best fit=0.701000, best_overall=0.701000, mean_diversity=0.062669,
indivs=8583500, elapsed_secs=13476, mean=0.640929, stdev=0.083738, best fit=0.701000, best_overall=0.701000, mean_diversity=0.096462,
indivs=8593598, elapsed_secs=13491, mean=0.640089, stdev=0.086261, best fit=0.701000, best_overall=0.701000, mean_diversity=0.101849,
indivs=8603696, elapsed_secs=13507, mean=0.642157, stdev=0.086756, best fit=0.701000, best_overall=0.701000, mean_diversity=0.101737,
indivs=8613794, elapsed_secs=13521, mean=0.600018, stdev=0.058123, best fit=0.701000, best_overall=0.701000, mean_diversity=0.088527,
indivs=8623892, elapsed_secs=13539, mean=0.651431, stdev=0.102065, best fit=0.701000, best_overall=0.701000, mean_diversity=0.076242,
indivs=8633990, elapsed_secs=13569, mean=0.634168, stdev=0.086974, best fit=0.701000, best_overall=0.701000, mean_diversity=0.224676,
indivs=8644088, elapsed_secs=13584, mean=0.630547, stdev=0.105251, best fit=0.701000, best_overall=0.701000, mean_diversity=0.097493,
indivs=8654186, elapsed_secs=13601, mean=0.613365, stdev=0.100367, best fit=0.701000, best_overall=0.701000, mean_diversity=0.117036,
indivs=8664284, elapsed_secs=13614, mean=0.601540, stdev=0.058834, best fit=0.701000, best_overall=0.701000, mean_diversity=0.093594,
indivs=8674382, elapsed_secs=13632, mean=0.634998, stdev=0.087603, best fit=0.701000, best_overall=0.701000, mean_diversity=0.114250,
indivs=8684480, elapsed_secs=13652, mean=0.600949, stdev=0.079987, best fit=0.701000, best_overall=0.701000, mean_diversity=0.142644,
indivs=8694578, elapsed_secs=13669, mean=0.652150, stdev=0.077209, best fit=0.701000, best_overall=0.701000, mean_diversity=0.108424,
indivs=8704676, elapsed_secs=13684, mean=0.589296, stdev=0.088212, best fit=0.701000, best_overall=0.701000, mean_diversity=0.149767,
indivs=8714774, elapsed_secs=13698, mean=0.636327, stdev=0.086468, best fit=0.701000, best_overall=0.701000, mean_diversity=0.133898,
indivs=8724872, elapsed_secs=13711, mean=0.635752, stdev=0.107115, best fit=0.701000, best_overall=0.701000, mean_diversity=0.207552,
indivs=8734970, elapsed_secs=13727, mean=0.625024, stdev=0.110660, best fit=0.701000, best_overall=0.701000, mean_diversity=0.100590,
indivs=8745068, elapsed_secs=13747, mean=0.618822, stdev=0.140319, best fit=0.701000, best_overall=0.701000, mean_diversity=0.177541,
indivs=8755166, elapsed_secs=13767, mean=0.641447, stdev=0.102594, best fit=0.701000, best_overall=0.701000, mean_diversity=0.154244,
indivs=8765264, elapsed_secs=13781, mean=0.604361, stdev=0.095084, best fit=0.701000, best_overall=0.701000, mean_diversity=0.138175,
indivs=8775362, elapsed_secs=13798, mean=0.621766, stdev=0.096416, best fit=0.701000, best_overall=0.701000, mean_diversity=0.085321,
indivs=8785460, elapsed_secs=13813, mean=0.610063, stdev=0.105945, best fit=0.701000, best_overall=0.701000, mean_diversity=0.123605,
indivs=8795558, elapsed_secs=13833, mean=0.609735, stdev=0.101767, best fit=0.701000, best_overall=0.701000, mean_diversity=0.144348,
indivs=8805656, elapsed_secs=13851, mean=0.631840, stdev=0.118206, best fit=0.701000, best_overall=0.701000, mean_diversity=0.108824,
indivs=8815754, elapsed_secs=13866, mean=0.590101, stdev=0.070427, best fit=0.701000, best_overall=0.701000, mean_diversity=0.140824,
indivs=8825852, elapsed_secs=13882, mean=0.636369, stdev=0.104376, best fit=0.701000, best_overall=0.701000, mean_diversity=0.091336,
indivs=8835950, elapsed_secs=13903, mean=0.641679, stdev=0.077603, best fit=0.701000, best_overall=0.701000, mean_diversity=0.116857,
indivs=8846048, elapsed_secs=13919, mean=0.637963, stdev=0.077474, best fit=0.701000, best_overall=0.701000, mean_diversity=0.112198,
indivs=8856146, elapsed_secs=13935, mean=0.645207, stdev=0.079105, best fit=0.701000, best_overall=0.701000, mean_diversity=0.121144,
indivs=8866244, elapsed_secs=13947, mean=0.604307, stdev=0.089851, best fit=0.701000, best_overall=0.701000, mean_diversity=0.140723,
indivs=8876342, elapsed_secs=13962, mean=0.627229, stdev=0.096482, best fit=0.701000, best_overall=0.701000, mean_diversity=0.120977,
indivs=8886440, elapsed_secs=13978, mean=0.645342, stdev=0.070324, best fit=0.701000, best_overall=0.701000, mean_diversity=0.089257,
indivs=8896538, elapsed_secs=13995, mean=0.627438, stdev=0.117923, best fit=0.701000, best_overall=0.701000, mean_diversity=0.077924,
indivs=8906636, elapsed_secs=14012, mean=0.620959, stdev=0.112268, best fit=0.701000, best_overall=0.701000, mean_diversity=0.249463,
indivs=8916734, elapsed_secs=14025, mean=0.623701, stdev=0.104765, best fit=0.701000, best_overall=0.701000, mean_diversity=0.117039,
indivs=8926832, elapsed_secs=14044, mean=0.578688, stdev=0.136144, best fit=0.701000, best_overall=0.701000, mean_diversity=0.122592,
indivs=8936930, elapsed_secs=14063, mean=0.637811, stdev=0.105012, best fit=0.701000, best_overall=0.701000, mean_diversity=0.092775,
indivs=8947028, elapsed_secs=14079, mean=0.637917, stdev=0.104854, best fit=0.701000, best_overall=0.701000, mean_diversity=0.116801,
indivs=8957126, elapsed_secs=14102, mean=0.602258, stdev=0.097917, best fit=0.701000, best_overall=0.701000, mean_diversity=0.288542,
indivs=8967224, elapsed_secs=14119, mean=0.609327, stdev=0.055534, best fit=0.701000, best_overall=0.701000, mean_diversity=0.246541,
indivs=8977322, elapsed_secs=14134, mean=0.635672, stdev=0.106706, best fit=0.701000, best_overall=0.701000, mean_diversity=0.147052,
indivs=8987420, elapsed_secs=14152, mean=0.648488, stdev=0.104381, best fit=0.701000, best_overall=0.701000, mean_diversity=0.379263,
indivs=8997518, elapsed_secs=14167, mean=0.643762, stdev=0.082801, best fit=0.701000, best_overall=0.701000, mean_diversity=0.114057,
indivs=9007616, elapsed_secs=14192, mean=0.607483, stdev=0.061978, best fit=0.701000, best_overall=0.701000, mean_diversity=0.215329,
indivs=9017714, elapsed_secs=14205, mean=0.586201, stdev=0.089950, best fit=0.701000, best_overall=0.701000, mean_diversity=0.161417,
indivs=9027812, elapsed_secs=14221, mean=0.641320, stdev=0.116649, best fit=0.701000, best_overall=0.701000, mean_diversity=0.142446,
indivs=9037910, elapsed_secs=14237, mean=0.602663, stdev=0.069087, best fit=0.701000, best_overall=0.701000, mean_diversity=0.113380,
indivs=9048008, elapsed_secs=14251, mean=0.579712, stdev=0.090986, best fit=0.701000, best_overall=0.701000, mean_diversity=0.106385,
indivs=9058106, elapsed_secs=14266, mean=0.640434, stdev=0.086639, best fit=0.701000, best_overall=0.701000, mean_diversity=0.136777,
indivs=9068204, elapsed_secs=14287, mean=0.632675, stdev=0.088707, best fit=0.701000, best_overall=0.701000, mean_diversity=0.267749,
indivs=9078302, elapsed_secs=14302, mean=0.623545, stdev=0.102161, best fit=0.701000, best_overall=0.701000, mean_diversity=0.142947,
indivs=9088400, elapsed_secs=14319, mean=0.629599, stdev=0.083300, best fit=0.701000, best_overall=0.701000, mean_diversity=0.167128,
indivs=9098498, elapsed_secs=14336, mean=0.603006, stdev=0.098277, best fit=0.701000, best_overall=0.701000, mean_diversity=0.105552,
indivs=9108596, elapsed_secs=14354, mean=0.648093, stdev=0.078531, best fit=0.701000, best_overall=0.701000, mean_diversity=0.098969,
indivs=9118694, elapsed_secs=14368, mean=0.629357, stdev=0.082205, best fit=0.701000, best_overall=0.701000, mean_diversity=0.188886,
indivs=9128792, elapsed_secs=14383, mean=0.608472, stdev=0.080069, best fit=0.701000, best_overall=0.701000, mean_diversity=0.128214,
indivs=9138890, elapsed_secs=14398, mean=0.626433, stdev=0.123105, best fit=0.701000, best_overall=0.701000, mean_diversity=0.172035,
indivs=9148988, elapsed_secs=14414, mean=0.620142, stdev=0.134669, best fit=0.701000, best_overall=0.701000, mean_diversity=0.198849,
indivs=9159086, elapsed_secs=14427, mean=0.582489, stdev=0.148897, best fit=0.701000, best_overall=0.701000, mean_diversity=0.182383,
indivs=9169184, elapsed_secs=14450, mean=0.611719, stdev=0.082199, best fit=0.701000, best_overall=0.701000, mean_diversity=0.091097,
indivs=9179282, elapsed_secs=14464, mean=0.649581, stdev=0.094177, best fit=0.701000, best_overall=0.701000, mean_diversity=0.127954,
indivs=9189380, elapsed_secs=14479, mean=0.608218, stdev=0.076826, best fit=0.701000, best_overall=0.701000, mean_diversity=0.150329,
indivs=9199478, elapsed_secs=14498, mean=0.606960, stdev=0.120682, best fit=0.701000, best_overall=0.701000, mean_diversity=0.181000,
indivs=9209576, elapsed_secs=14517, mean=0.595216, stdev=0.079525, best fit=0.701000, best_overall=0.701000, mean_diversity=0.122160,
indivs=9219674, elapsed_secs=14532, mean=0.603930, stdev=0.057200, best fit=0.701000, best_overall=0.701000, mean_diversity=0.116417,
indivs=9229772, elapsed_secs=14550, mean=0.632273, stdev=0.122163, best fit=0.701000, best_overall=0.701000, mean_diversity=0.108046,
indivs=9239870, elapsed_secs=14570, mean=0.626887, stdev=0.124839, best fit=0.701000, best_overall=0.701000, mean_diversity=0.294935,
indivs=9249968, elapsed_secs=14588, mean=0.632732, stdev=0.097555, best fit=0.701000, best_overall=0.701000, mean_diversity=0.121422,
indivs=9260066, elapsed_secs=14607, mean=0.642630, stdev=0.101304, best fit=0.701000, best_overall=0.701000, mean_diversity=0.148660,
indivs=9270164, elapsed_secs=14622, mean=0.604331, stdev=0.098847, best fit=0.701000, best_overall=0.701000, mean_diversity=0.127622,
indivs=9280262, elapsed_secs=14641, mean=0.602468, stdev=0.066020, best fit=0.701000, best_overall=0.701000, mean_diversity=0.114676,
indivs=9290360, elapsed_secs=14657, mean=0.620624, stdev=0.124155, best fit=0.701000, best_overall=0.701000, mean_diversity=0.148746,
indivs=9300458, elapsed_secs=14672, mean=0.614440, stdev=0.100230, best fit=0.701000, best_overall=0.701000, mean_diversity=0.102427,
indivs=9310556, elapsed_secs=14690, mean=0.601107, stdev=0.065516, best fit=0.701000, best_overall=0.701000, mean_diversity=0.138462,
indivs=9320654, elapsed_secs=14713, mean=0.620332, stdev=0.117137, best fit=0.701000, best_overall=0.701000, mean_diversity=0.099941,
indivs=9330752, elapsed_secs=14735, mean=0.614425, stdev=0.109265, best fit=0.701000, best_overall=0.701000, mean_diversity=0.107655,
indivs=9340850, elapsed_secs=14754, mean=0.609479, stdev=0.106690, best fit=0.701000, best_overall=0.701000, mean_diversity=0.103750,
indivs=9350948, elapsed_secs=14770, mean=0.648674, stdev=0.095470, best fit=0.701000, best_overall=0.701000, mean_diversity=0.092746,
indivs=9361046, elapsed_secs=14783, mean=0.599835, stdev=0.074231, best fit=0.701000, best_overall=0.701000, mean_diversity=0.124566,
indivs=9371144, elapsed_secs=14795, mean=0.629277, stdev=0.121432, best fit=0.701000, best_overall=0.701000, mean_diversity=0.094026,
indivs=9381242, elapsed_secs=14808, mean=0.653105, stdev=0.075435, best fit=0.701000, best_overall=0.701000, mean_diversity=0.133451,
indivs=9391340, elapsed_secs=14825, mean=0.634806, stdev=0.097836, best fit=0.701000, best_overall=0.701000, mean_diversity=0.084343,
indivs=9401438, elapsed_secs=14843, mean=0.620827, stdev=0.138313, best fit=0.701000, best_overall=0.701000, mean_diversity=0.157601,
indivs=9411536, elapsed_secs=14859, mean=0.642169, stdev=0.079677, best fit=0.701000, best_overall=0.701000, mean_diversity=0.128929,
indivs=9421634, elapsed_secs=14876, mean=0.621719, stdev=0.123376, best fit=0.701000, best_overall=0.701000, mean_diversity=0.263874,
indivs=9431732, elapsed_secs=14891, mean=0.601994, stdev=0.060308, best fit=0.701000, best_overall=0.701000, mean_diversity=0.121879,
indivs=9441830, elapsed_secs=14909, mean=0.637635, stdev=0.117972, best fit=0.701000, best_overall=0.701000, mean_diversity=0.078470,
indivs=9451928, elapsed_secs=14924, mean=0.619652, stdev=0.103858, best fit=0.701000, best_overall=0.701000, mean_diversity=0.104651,
indivs=9462026, elapsed_secs=14940, mean=0.622428, stdev=0.068449, best fit=0.701000, best_overall=0.701000, mean_diversity=0.122203,
indivs=9472124, elapsed_secs=14955, mean=0.602639, stdev=0.071096, best fit=0.701000, best_overall=0.701000, mean_diversity=0.126753,
indivs=9482222, elapsed_secs=14975, mean=0.638066, stdev=0.078044, best fit=0.701000, best_overall=0.701000, mean_diversity=0.087236,
indivs=9492320, elapsed_secs=14992, mean=0.611715, stdev=0.127038, best fit=0.701000, best_overall=0.701000, mean_diversity=0.127302,
indivs=9502418, elapsed_secs=15010, mean=0.593210, stdev=0.097148, best fit=0.701000, best_overall=0.701000, mean_diversity=0.139111,
indivs=9512516, elapsed_secs=15023, mean=0.610872, stdev=0.089545, best fit=0.701000, best_overall=0.701000, mean_diversity=0.101163,
indivs=9522614, elapsed_secs=15040, mean=0.625929, stdev=0.084980, best fit=0.701000, best_overall=0.701000, mean_diversity=0.089109,
indivs=9532712, elapsed_secs=15057, mean=0.635854, stdev=0.101999, best fit=0.701000, best_overall=0.701000, mean_diversity=0.142316,
indivs=9542810, elapsed_secs=15072, mean=0.629385, stdev=0.103966, best fit=0.701000, best_overall=0.701000, mean_diversity=0.157595,
indivs=9552908, elapsed_secs=15095, mean=0.621466, stdev=0.100231, best fit=0.701000, best_overall=0.701000, mean_diversity=0.099229,
indivs=9563006, elapsed_secs=15112, mean=0.643642, stdev=0.103474, best fit=0.701000, best_overall=0.701000, mean_diversity=0.123149,
indivs=9573104, elapsed_secs=15128, mean=0.634366, stdev=0.104557, best fit=0.701000, best_overall=0.701000, mean_diversity=0.099802,
indivs=9583202, elapsed_secs=15141, mean=0.599252, stdev=0.076609, best fit=0.701000, best_overall=0.701000, mean_diversity=0.147548,
indivs=9593300, elapsed_secs=15154, mean=0.610949, stdev=0.062844, best fit=0.701000, best_overall=0.701000, mean_diversity=0.099526,
indivs=9603398, elapsed_secs=15170, mean=0.614589, stdev=0.106500, best fit=0.701000, best_overall=0.701000, mean_diversity=0.133370,
indivs=9613496, elapsed_secs=15184, mean=0.594594, stdev=0.065687, best fit=0.701000, best_overall=0.701000, mean_diversity=0.105977,
indivs=9623594, elapsed_secs=15206, mean=0.618828, stdev=0.067284, best fit=0.701000, best_overall=0.701000, mean_diversity=0.104286,
indivs=9633692, elapsed_secs=15224, mean=0.619465, stdev=0.149370, best fit=0.701000, best_overall=0.701000, mean_diversity=0.124724,
indivs=9643790, elapsed_secs=15239, mean=0.598309, stdev=0.066982, best fit=0.701000, best_overall=0.701000, mean_diversity=0.116519,
indivs=9653888, elapsed_secs=15258, mean=0.638870, stdev=0.085743, best fit=0.701000, best_overall=0.701000, mean_diversity=0.165284,
indivs=9663986, elapsed_secs=15273, mean=0.610815, stdev=0.077708, best fit=0.701000, best_overall=0.701000, mean_diversity=0.110109,
indivs=9674084, elapsed_secs=15290, mean=0.646189, stdev=0.080794, best fit=0.701000, best_overall=0.701000, mean_diversity=0.149512,
indivs=9684182, elapsed_secs=15305, mean=0.639503, stdev=0.106171, best fit=0.701000, best_overall=0.701000, mean_diversity=0.114459,
indivs=9694280, elapsed_secs=15321, mean=0.615632, stdev=0.150799, best fit=0.701000, best_overall=0.701000, mean_diversity=0.237044,
indivs=9704378, elapsed_secs=15337, mean=0.620341, stdev=0.105267, best fit=0.701000, best_overall=0.701000, mean_diversity=0.247420,
indivs=9714476, elapsed_secs=15355, mean=0.646226, stdev=0.080778, best fit=0.701000, best_overall=0.701000, mean_diversity=0.147698,
indivs=9724574, elapsed_secs=15373, mean=0.614885, stdev=0.141855, best fit=0.701000, best_overall=0.701000, mean_diversity=0.128017,
indivs=9734672, elapsed_secs=15393, mean=0.639024, stdev=0.101786, best fit=0.701000, best_overall=0.701000, mean_diversity=0.109018,
indivs=9744770, elapsed_secs=15407, mean=0.602234, stdev=0.059374, best fit=0.701000, best_overall=0.701000, mean_diversity=0.125939,
indivs=9754868, elapsed_secs=15423, mean=0.642413, stdev=0.119555, best fit=0.701000, best_overall=0.701000, mean_diversity=0.122947,
indivs=9764966, elapsed_secs=15439, mean=0.615877, stdev=0.073846, best fit=0.701000, best_overall=0.701000, mean_diversity=0.127279,
indivs=9775064, elapsed_secs=15452, mean=0.630729, stdev=0.110131, best fit=0.701000, best_overall=0.701000, mean_diversity=0.118230,
indivs=9785162, elapsed_secs=15470, mean=0.604122, stdev=0.094512, best fit=0.701000, best_overall=0.701000, mean_diversity=0.235547,
indivs=9795260, elapsed_secs=15489, mean=0.605595, stdev=0.129089, best fit=0.701000, best_overall=0.701000, mean_diversity=0.128080,
indivs=9805358, elapsed_secs=15504, mean=0.601208, stdev=0.101319, best fit=0.701000, best_overall=0.701000, mean_diversity=0.154739,
indivs=9815456, elapsed_secs=15520, mean=0.645316, stdev=0.101656, best fit=0.701000, best_overall=0.701000, mean_diversity=0.113555,
indivs=9825554, elapsed_secs=15534, mean=0.640273, stdev=0.083548, best fit=0.701000, best_overall=0.701000, mean_diversity=0.082240,
indivs=9835652, elapsed_secs=15550, mean=0.644860, stdev=0.084061, best fit=0.701000, best_overall=0.701000, mean_diversity=0.162443,
indivs=9845750, elapsed_secs=15563, mean=0.595874, stdev=0.068433, best fit=0.701000, best_overall=0.701000, mean_diversity=0.119567,
indivs=9855848, elapsed_secs=15577, mean=0.609507, stdev=0.067301, best fit=0.701000, best_overall=0.701000, mean_diversity=0.105251,
indivs=9865946, elapsed_secs=15591, mean=0.623537, stdev=0.055718, best fit=0.701000, best_overall=0.701000, mean_diversity=0.197619,
indivs=9876044, elapsed_secs=15609, mean=0.635727, stdev=0.108762, best fit=0.701000, best_overall=0.701000, mean_diversity=0.145978,
indivs=9886142, elapsed_secs=15627, mean=0.592997, stdev=0.128867, best fit=0.701000, best_overall=0.701000, mean_diversity=0.180328,
indivs=9896240, elapsed_secs=15640, mean=0.614561, stdev=0.092999, best fit=0.701000, best_overall=0.701000, mean_diversity=0.152020,
indivs=9906338, elapsed_secs=15656, mean=0.609231, stdev=0.110115, best fit=0.701000, best_overall=0.701000, mean_diversity=0.057461,
indivs=9916436, elapsed_secs=15675, mean=0.644361, stdev=0.117230, best fit=0.701000, best_overall=0.701000, mean_diversity=0.101885,
indivs=9926534, elapsed_secs=15689, mean=0.637965, stdev=0.084527, best fit=0.701000, best_overall=0.701000, mean_diversity=0.080720,
indivs=9936632, elapsed_secs=15706, mean=0.628215, stdev=0.105400, best fit=0.701000, best_overall=0.701000, mean_diversity=0.110459,
indivs=9946730, elapsed_secs=15720, mean=0.601727, stdev=0.105109, best fit=0.701000, best_overall=0.701000, mean_diversity=0.119961,
indivs=9956828, elapsed_secs=15742, mean=0.606290, stdev=0.061391, best fit=0.701000, best_overall=0.701000, mean_diversity=0.123971,
indivs=9966926, elapsed_secs=15759, mean=0.609580, stdev=0.117845, best fit=0.701000, best_overall=0.701000, mean_diversity=0.096168,
indivs=9977024, elapsed_secs=15782, mean=0.603772, stdev=0.083380, best fit=0.701000, best_overall=0.701000, mean_diversity=0.107995,
indivs=9987122, elapsed_secs=15798, mean=0.641047, stdev=0.094421, best fit=0.701000, best_overall=0.701000, mean_diversity=0.172201,
indivs=9997220, elapsed_secs=15814, mean=0.618522, stdev=0.100276, best fit=0.701000, best_overall=0.701000, mean_diversity=0.093022,
indivs=10007318, elapsed_secs=15834, mean=0.637379, stdev=0.085627, best fit=0.701000, best_overall=0.701000, mean_diversity=0.109032,
indivs=10017416, elapsed_secs=15847, mean=0.599218, stdev=0.102021, best fit=0.701000, best_overall=0.701000, mean_diversity=0.062790,
indivs=10027514, elapsed_secs=15865, mean=0.603939, stdev=0.062560, best fit=0.701000, best_overall=0.701000, mean_diversity=0.136226,
indivs=10037612, elapsed_secs=15883, mean=0.616025, stdev=0.138287, best fit=0.701000, best_overall=0.701000, mean_diversity=0.155770,
indivs=10047710, elapsed_secs=15897, mean=0.631612, stdev=0.122375, best fit=0.701000, best_overall=0.701000, mean_diversity=0.114091,
indivs=10057808, elapsed_secs=15914, mean=0.602130, stdev=0.159376, best fit=0.701000, best_overall=0.701000, mean_diversity=0.198179,
indivs=10067906, elapsed_secs=15932, mean=0.641906, stdev=0.082903, best fit=0.701000, best_overall=0.701000, mean_diversity=0.152353,
indivs=10078004, elapsed_secs=15947, mean=0.601609, stdev=0.085602, best fit=0.701000, best_overall=0.701000, mean_diversity=0.112731,
indivs=10088102, elapsed_secs=15968, mean=0.589067, stdev=0.077558, best fit=0.701000, best_overall=0.701000, mean_diversity=0.129833,
indivs=10098200, elapsed_secs=15982, mean=0.600893, stdev=0.150764, best fit=0.701000, best_overall=0.701000, mean_diversity=0.194569,
indivs=10108298, elapsed_secs=15998, mean=0.621749, stdev=0.081359, best fit=0.701000, best_overall=0.701000, mean_diversity=0.133986,
indivs=10118396, elapsed_secs=16013, mean=0.633124, stdev=0.121994, best fit=0.701000, best_overall=0.701000, mean_diversity=0.155205,
indivs=10128494, elapsed_secs=16034, mean=0.637190, stdev=0.102449, best fit=0.701000, best_overall=0.701000, mean_diversity=0.131478,
indivs=10138592, elapsed_secs=16050, mean=0.629954, stdev=0.109752, best fit=0.701000, best_overall=0.701000, mean_diversity=0.098735,
indivs=10148690, elapsed_secs=16068, mean=0.648613, stdev=0.096096, best fit=0.701000, best_overall=0.701000, mean_diversity=0.182633,
indivs=10158788, elapsed_secs=16083, mean=0.617635, stdev=0.083069, best fit=0.701000, best_overall=0.701000, mean_diversity=0.165786,
indivs=10168886, elapsed_secs=16096, mean=0.600681, stdev=0.124909, best fit=0.701000, best_overall=0.701000, mean_diversity=0.133814,
indivs=10178984, elapsed_secs=16111, mean=0.629671, stdev=0.062082, best fit=0.701000, best_overall=0.701000, mean_diversity=0.182559,
indivs=10189082, elapsed_secs=16126, mean=0.604832, stdev=0.078943, best fit=0.701000, best_overall=0.701000, mean_diversity=0.117680,
indivs=10199180, elapsed_secs=16144, mean=0.616569, stdev=0.068887, best fit=0.701000, best_overall=0.701000, mean_diversity=0.141726,
indivs=10209278, elapsed_secs=16160, mean=0.625677, stdev=0.085847, best fit=0.701000, best_overall=0.701000, mean_diversity=0.116892,
indivs=10219376, elapsed_secs=16176, mean=0.600236, stdev=0.107704, best fit=0.701000, best_overall=0.701000, mean_diversity=0.126917,
indivs=10229474, elapsed_secs=16193, mean=0.646233, stdev=0.079717, best fit=0.701000, best_overall=0.701000, mean_diversity=0.092493,
indivs=10239572, elapsed_secs=16206, mean=0.623706, stdev=0.122287, best fit=0.701000, best_overall=0.701000, mean_diversity=0.260160,
indivs=10249670, elapsed_secs=16226, mean=0.622990, stdev=0.107683, best fit=0.701000, best_overall=0.701000, mean_diversity=0.220174,
indivs=10259768, elapsed_secs=16241, mean=0.605763, stdev=0.087129, best fit=0.701000, best_overall=0.701000, mean_diversity=0.140794,
indivs=10269866, elapsed_secs=16257, mean=0.637596, stdev=0.089066, best fit=0.701000, best_overall=0.701000, mean_diversity=0.098808,
indivs=10279964, elapsed_secs=16275, mean=0.592015, stdev=0.089513, best fit=0.701000, best_overall=0.701000, mean_diversity=0.242539,
indivs=10290062, elapsed_secs=16290, mean=0.616152, stdev=0.130110, best fit=0.701000, best_overall=0.701000, mean_diversity=0.323696,
indivs=10300160, elapsed_secs=16305, mean=0.642356, stdev=0.119513, best fit=0.701000, best_overall=0.701000, mean_diversity=0.084966,
indivs=10310258, elapsed_secs=16327, mean=0.586968, stdev=0.098889, best fit=0.701000, best_overall=0.701000, mean_diversity=0.137939,
indivs=10320356, elapsed_secs=16345, mean=0.615577, stdev=0.066285, best fit=0.701000, best_overall=0.701000, mean_diversity=0.147143,
indivs=10330454, elapsed_secs=16363, mean=0.651335, stdev=0.079292, best fit=0.701000, best_overall=0.701000, mean_diversity=0.097766,
indivs=10340552, elapsed_secs=16376, mean=0.637227, stdev=0.087568, best fit=0.701000, best_overall=0.701000, mean_diversity=0.146766,
indivs=10350650, elapsed_secs=16390, mean=0.641358, stdev=0.087799, best fit=0.701000, best_overall=0.701000, mean_diversity=0.081300,
indivs=10360748, elapsed_secs=16406, mean=0.611904, stdev=0.104730, best fit=0.701000, best_overall=0.701000, mean_diversity=0.091564,
indivs=10370846, elapsed_secs=16422, mean=0.614135, stdev=0.099409, best fit=0.701000, best_overall=0.701000, mean_diversity=0.126489,
indivs=10380944, elapsed_secs=16441, mean=0.597945, stdev=0.068467, best fit=0.701000, best_overall=0.701000, mean_diversity=0.142500,
indivs=10391042, elapsed_secs=16456, mean=0.606736, stdev=0.102434, best fit=0.701000, best_overall=0.701000, mean_diversity=0.136361,
indivs=10401140, elapsed_secs=16474, mean=0.626434, stdev=0.088413, best fit=0.701000, best_overall=0.701000, mean_diversity=0.113706,
indivs=10411238, elapsed_secs=16490, mean=0.655612, stdev=0.082365, best fit=0.701000, best_overall=0.701000, mean_diversity=0.154805,
indivs=10421336, elapsed_secs=16507, mean=0.618656, stdev=0.112446, best fit=0.701000, best_overall=0.701000, mean_diversity=0.111899,
indivs=10431434, elapsed_secs=16522, mean=0.635277, stdev=0.083276, best fit=0.701000, best_overall=0.701000, mean_diversity=0.067488,
indivs=10441532, elapsed_secs=16545, mean=0.599191, stdev=0.083791, best fit=0.701000, best_overall=0.701000, mean_diversity=0.157066,
indivs=10451630, elapsed_secs=16561, mean=0.623063, stdev=0.076006, best fit=0.701000, best_overall=0.701000, mean_diversity=0.099233,
indivs=10461728, elapsed_secs=16576, mean=0.587032, stdev=0.123803, best fit=0.701000, best_overall=0.701000, mean_diversity=0.117742,
indivs=10471826, elapsed_secs=16591, mean=0.643822, stdev=0.102884, best fit=0.701000, best_overall=0.701000, mean_diversity=0.113871,
indivs=10481924, elapsed_secs=16603, mean=0.648469, stdev=0.081689, best fit=0.701000, best_overall=0.701000, mean_diversity=0.115479,
indivs=10492022, elapsed_secs=16631, mean=0.593379, stdev=0.066830, best fit=0.701000, best_overall=0.701000, mean_diversity=0.232492,
indivs=10502120, elapsed_secs=16645, mean=0.653415, stdev=0.105198, best fit=0.701000, best_overall=0.701000, mean_diversity=0.202871,
indivs=10512218, elapsed_secs=16661, mean=0.586724, stdev=0.109230, best fit=0.701000, best_overall=0.701000, mean_diversity=0.110397,
indivs=10522316, elapsed_secs=16676, mean=0.612374, stdev=0.111598, best fit=0.701000, best_overall=0.701000, mean_diversity=0.143321,
indivs=10532414, elapsed_secs=16700, mean=0.602278, stdev=0.064072, best fit=0.701000, best_overall=0.701000, mean_diversity=0.087981,
indivs=10542512, elapsed_secs=16713, mean=0.601129, stdev=0.093404, best fit=0.701000, best_overall=0.701000, mean_diversity=0.215789,
indivs=10552610, elapsed_secs=16730, mean=0.602334, stdev=0.094516, best fit=0.701000, best_overall=0.701000, mean_diversity=0.139533,
indivs=10562708, elapsed_secs=16755, mean=0.609228, stdev=0.081621, best fit=0.701000, best_overall=0.701000, mean_diversity=0.099440,
indivs=10572806, elapsed_secs=16770, mean=0.626746, stdev=0.122587, best fit=0.701000, best_overall=0.701000, mean_diversity=0.155808,
indivs=10582904, elapsed_secs=16786, mean=0.601012, stdev=0.062838, best fit=0.701000, best_overall=0.701000, mean_diversity=0.218079,
indivs=10593002, elapsed_secs=16813, mean=0.628203, stdev=0.135336, best fit=0.701000, best_overall=0.701000, mean_diversity=0.271266,
indivs=10603100, elapsed_secs=16830, mean=0.595394, stdev=0.092745, best fit=0.701000, best_overall=0.701000, mean_diversity=0.207344,
indivs=10613198, elapsed_secs=16849, mean=0.619623, stdev=0.080033, best fit=0.701000, best_overall=0.701000, mean_diversity=0.129518,
indivs=10623296, elapsed_secs=16863, mean=0.637577, stdev=0.119101, best fit=0.701000, best_overall=0.701000, mean_diversity=0.101289,
indivs=10633394, elapsed_secs=16879, mean=0.631957, stdev=0.089070, best fit=0.701000, best_overall=0.701000, mean_diversity=0.056303,
indivs=10643492, elapsed_secs=16900, mean=0.620936, stdev=0.053533, best fit=0.701000, best_overall=0.701000, mean_diversity=0.119712,
indivs=10653590, elapsed_secs=16915, mean=0.605125, stdev=0.096566, best fit=0.701000, best_overall=0.701000, mean_diversity=0.088178,
indivs=10663688, elapsed_secs=16928, mean=0.604484, stdev=0.069022, best fit=0.701000, best_overall=0.701000, mean_diversity=0.094575,
indivs=10673786, elapsed_secs=16945, mean=0.628988, stdev=0.086117, best fit=0.701000, best_overall=0.701000, mean_diversity=0.189773,
indivs=10683884, elapsed_secs=16964, mean=0.632229, stdev=0.080986, best fit=0.701000, best_overall=0.701000, mean_diversity=0.118533,
indivs=10693982, elapsed_secs=16983, mean=0.620200, stdev=0.084338, best fit=0.701000, best_overall=0.701000, mean_diversity=0.194039,
indivs=10704080, elapsed_secs=17000, mean=0.650301, stdev=0.099157, best fit=0.701000, best_overall=0.701000, mean_diversity=0.072553,
indivs=10714178, elapsed_secs=17013, mean=0.615611, stdev=0.077973, best fit=0.701000, best_overall=0.701000, mean_diversity=0.192591,
indivs=10724276, elapsed_secs=17027, mean=0.615632, stdev=0.127906, best fit=0.701000, best_overall=0.701000, mean_diversity=0.109398,
indivs=10734374, elapsed_secs=17043, mean=0.600158, stdev=0.083131, best fit=0.701000, best_overall=0.701000, mean_diversity=0.145139,
indivs=10744472, elapsed_secs=17065, mean=0.628438, stdev=0.079601, best fit=0.701000, best_overall=0.701000, mean_diversity=0.140000,
indivs=10754570, elapsed_secs=17084, mean=0.607755, stdev=0.135958, best fit=0.701000, best_overall=0.701000, mean_diversity=0.135315,
indivs=10764668, elapsed_secs=17098, mean=0.616684, stdev=0.071429, best fit=0.701000, best_overall=0.701000, mean_diversity=0.137617,
indivs=10774766, elapsed_secs=17111, mean=0.631122, stdev=0.073143, best fit=0.701000, best_overall=0.701000, mean_diversity=0.106422,
indivs=10784864, elapsed_secs=17128, mean=0.629370, stdev=0.111953, best fit=0.701000, best_overall=0.701000, mean_diversity=0.136833,
indivs=10794962, elapsed_secs=17144, mean=0.627286, stdev=0.088916, best fit=0.701000, best_overall=0.701000, mean_diversity=0.176303,
indivs=10805060, elapsed_secs=17162, mean=0.617290, stdev=0.147948, best fit=0.701000, best_overall=0.701000, mean_diversity=0.135932,
indivs=10815158, elapsed_secs=17176, mean=0.620061, stdev=0.074680, best fit=0.701000, best_overall=0.701000, mean_diversity=0.103594,
indivs=10825256, elapsed_secs=17191, mean=0.609886, stdev=0.055464, best fit=0.701000, best_overall=0.701000, mean_diversity=0.089302,
indivs=10835354, elapsed_secs=17208, mean=0.611512, stdev=0.126740, best fit=0.701000, best_overall=0.701000, mean_diversity=0.123736,
indivs=10845452, elapsed_secs=17222, mean=0.613906, stdev=0.060771, best fit=0.701000, best_overall=0.701000, mean_diversity=0.121090,
indivs=10855550, elapsed_secs=17237, mean=0.633582, stdev=0.121373, best fit=0.701000, best_overall=0.701000, mean_diversity=0.139735,
indivs=10865648, elapsed_secs=17256, mean=0.594890, stdev=0.106608, best fit=0.701000, best_overall=0.701000, mean_diversity=0.107224,
indivs=10875746, elapsed_secs=17269, mean=0.609329, stdev=0.083620, best fit=0.701000, best_overall=0.701000, mean_diversity=0.133684,
indivs=10885844, elapsed_secs=17287, mean=0.621697, stdev=0.089630, best fit=0.701000, best_overall=0.701000, mean_diversity=0.120586,
indivs=10895942, elapsed_secs=17305, mean=0.598787, stdev=0.066301, best fit=0.701000, best_overall=0.701000, mean_diversity=0.181260,
indivs=10906040, elapsed_secs=17321, mean=0.631904, stdev=0.076954, best fit=0.701000, best_overall=0.701000, mean_diversity=0.076341,
indivs=10916138, elapsed_secs=17337, mean=0.608758, stdev=0.115117, best fit=0.701000, best_overall=0.701000, mean_diversity=0.121433,
indivs=10926236, elapsed_secs=17352, mean=0.604262, stdev=0.110525, best fit=0.701000, best_overall=0.701000, mean_diversity=0.104755,
indivs=10936334, elapsed_secs=17372, mean=0.635652, stdev=0.105024, best fit=0.701000, best_overall=0.701000, mean_diversity=0.122877,
indivs=10946432, elapsed_secs=17392, mean=0.665751, stdev=0.066610, best fit=0.701000, best_overall=0.701000, mean_diversity=0.091144,
indivs=10956530, elapsed_secs=17415, mean=0.597412, stdev=0.084922, best fit=0.701000, best_overall=0.701000, mean_diversity=0.133095,
indivs=10966628, elapsed_secs=17434, mean=0.645094, stdev=0.077062, best fit=0.701000, best_overall=0.701000, mean_diversity=0.074402,
indivs=10976726, elapsed_secs=17449, mean=0.649582, stdev=0.073521, best fit=0.701000, best_overall=0.701000, mean_diversity=0.104073,
indivs=10986824, elapsed_secs=17471, mean=0.597412, stdev=0.061745, best fit=0.701000, best_overall=0.701000, mean_diversity=0.165566,
indivs=10996922, elapsed_secs=17485, mean=0.609055, stdev=0.077894, best fit=0.701000, best_overall=0.701000, mean_diversity=0.153220,
indivs=11007020, elapsed_secs=17501, mean=0.623845, stdev=0.072101, best fit=0.701000, best_overall=0.701000, mean_diversity=0.212709,
indivs=11017118, elapsed_secs=17522, mean=0.599312, stdev=0.082862, best fit=0.701000, best_overall=0.701000, mean_diversity=0.097066,
indivs=11027216, elapsed_secs=17542, mean=0.615959, stdev=0.070630, best fit=0.701000, best_overall=0.701000, mean_diversity=0.230385,
indivs=11037314, elapsed_secs=17558, mean=0.601293, stdev=0.088752, best fit=0.701000, best_overall=0.701000, mean_diversity=0.117742,
indivs=11047412, elapsed_secs=17574, mean=0.602542, stdev=0.117550, best fit=0.701000, best_overall=0.701000, mean_diversity=0.088324,
indivs=11057510, elapsed_secs=17592, mean=0.588736, stdev=0.071870, best fit=0.701000, best_overall=0.701000, mean_diversity=0.095322,
indivs=11067608, elapsed_secs=17608, mean=0.607383, stdev=0.099917, best fit=0.701000, best_overall=0.701000, mean_diversity=0.106800,
indivs=11077706, elapsed_secs=17620, mean=0.595911, stdev=0.066927, best fit=0.701000, best_overall=0.701000, mean_diversity=0.084343,
indivs=11087804, elapsed_secs=17634, mean=0.601582, stdev=0.061574, best fit=0.701000, best_overall=0.701000, mean_diversity=0.129276,
indivs=11097902, elapsed_secs=17649, mean=0.608957, stdev=0.072497, best fit=0.701000, best_overall=0.701000, mean_diversity=0.128560,
indivs=11108000, elapsed_secs=17664, mean=0.652603, stdev=0.097460, best fit=0.701200, best_overall=0.701200, mean_diversity=0.069531,
indivs=11118098, elapsed_secs=17679, mean=0.629837, stdev=0.146927, best fit=0.701200, best_overall=0.701200, mean_diversity=0.194968,
indivs=11128196, elapsed_secs=17699, mean=0.630308, stdev=0.084966, best fit=0.701200, best_overall=0.701200, mean_diversity=0.129882,
indivs=11138294, elapsed_secs=17719, mean=0.603724, stdev=0.097217, best fit=0.701200, best_overall=0.701200, mean_diversity=0.225806,
indivs=11148392, elapsed_secs=17738, mean=0.600799, stdev=0.082343, best fit=0.701200, best_overall=0.701200, mean_diversity=0.093056,
indivs=11158490, elapsed_secs=17755, mean=0.631949, stdev=0.104714, best fit=0.701200, best_overall=0.701200, mean_diversity=0.150987,
indivs=11168588, elapsed_secs=17772, mean=0.635829, stdev=0.122571, best fit=0.701200, best_overall=0.701200, mean_diversity=0.145361,
indivs=11178686, elapsed_secs=17791, mean=0.631896, stdev=0.064951, best fit=0.701200, best_overall=0.701200, mean_diversity=0.077212,
indivs=11188784, elapsed_secs=17808, mean=0.626476, stdev=0.069342, best fit=0.701200, best_overall=0.701200, mean_diversity=0.156350,
indivs=11198882, elapsed_secs=17828, mean=0.626221, stdev=0.097162, best fit=0.701200, best_overall=0.701200, mean_diversity=0.087278,
indivs=11208980, elapsed_secs=17851, mean=0.625514, stdev=0.069130, best fit=0.701200, best_overall=0.701200, mean_diversity=0.124048,
indivs=11219078, elapsed_secs=17869, mean=0.626375, stdev=0.122243, best fit=0.701200, best_overall=0.701200, mean_diversity=0.083354,
indivs=11229176, elapsed_secs=17895, mean=0.613075, stdev=0.151844, best fit=0.701200, best_overall=0.701200, mean_diversity=0.149599,
indivs=11239274, elapsed_secs=17919, mean=0.627402, stdev=0.077142, best fit=0.701200, best_overall=0.701200, mean_diversity=0.131147,
indivs=11249372, elapsed_secs=17940, mean=0.605667, stdev=0.073180, best fit=0.701200, best_overall=0.701200, mean_diversity=0.093092,
indivs=11259470, elapsed_secs=17959, mean=0.626030, stdev=0.133327, best fit=0.701200, best_overall=0.701200, mean_diversity=0.126754,
indivs=11269568, elapsed_secs=17980, mean=0.604210, stdev=0.073864, best fit=0.701200, best_overall=0.701200, mean_diversity=0.088341,
indivs=11279666, elapsed_secs=18004, mean=0.576782, stdev=0.134242, best fit=0.701200, best_overall=0.701200, mean_diversity=0.119536,
indivs=11289764, elapsed_secs=18029, mean=0.629647, stdev=0.105872, best fit=0.701200, best_overall=0.701200, mean_diversity=0.121885,
indivs=11299862, elapsed_secs=18049, mean=0.623567, stdev=0.126763, best fit=0.701200, best_overall=0.701200, mean_diversity=0.152535,
indivs=11309960, elapsed_secs=18069, mean=0.620417, stdev=0.077682, best fit=0.701200, best_overall=0.701200, mean_diversity=0.113860,
indivs=11320058, elapsed_secs=18085, mean=0.591014, stdev=0.088004, best fit=0.701200, best_overall=0.701200, mean_diversity=0.184758,
indivs=11330156, elapsed_secs=18108, mean=0.610569, stdev=0.126226, best fit=0.701200, best_overall=0.701200, mean_diversity=0.156701,
indivs=11340254, elapsed_secs=18142, mean=0.615935, stdev=0.139250, best fit=0.701200, best_overall=0.701200, mean_diversity=0.136075,
indivs=11350352, elapsed_secs=18163, mean=0.628829, stdev=0.111904, best fit=0.701200, best_overall=0.701200, mean_diversity=0.114083,
indivs=11360450, elapsed_secs=18185, mean=0.608623, stdev=0.063513, best fit=0.701200, best_overall=0.701200, mean_diversity=0.098658,
indivs=11370548, elapsed_secs=18211, mean=0.638815, stdev=0.082622, best fit=0.701200, best_overall=0.701200, mean_diversity=0.099925,
indivs=11380646, elapsed_secs=18231, mean=0.584106, stdev=0.138927, best fit=0.701200, best_overall=0.701200, mean_diversity=0.327968,
indivs=11390744, elapsed_secs=18249, mean=0.596392, stdev=0.084157, best fit=0.701200, best_overall=0.701200, mean_diversity=0.115098,
indivs=11400842, elapsed_secs=18267, mean=0.582754, stdev=0.106968, best fit=0.701200, best_overall=0.701200, mean_diversity=0.124381,
indivs=11410940, elapsed_secs=18288, mean=0.607980, stdev=0.065432, best fit=0.701200, best_overall=0.701200, mean_diversity=0.121679,
indivs=11421038, elapsed_secs=18314, mean=0.625426, stdev=0.097108, best fit=0.701200, best_overall=0.701200, mean_diversity=0.072610,
indivs=11431136, elapsed_secs=18337, mean=0.614666, stdev=0.107556, best fit=0.701200, best_overall=0.701200, mean_diversity=0.117227,
indivs=11441234, elapsed_secs=18357, mean=0.602038, stdev=0.085176, best fit=0.701200, best_overall=0.701200, mean_diversity=0.342013,
indivs=11451332, elapsed_secs=18381, mean=0.629203, stdev=0.104372, best fit=0.701200, best_overall=0.701200, mean_diversity=0.142485,
indivs=11461430, elapsed_secs=18402, mean=0.621086, stdev=0.118622, best fit=0.701200, best_overall=0.701200, mean_diversity=0.148655,
indivs=11471528, elapsed_secs=18419, mean=0.609132, stdev=0.098830, best fit=0.701200, best_overall=0.701200, mean_diversity=0.110772,
indivs=11481626, elapsed_secs=18443, mean=0.597901, stdev=0.093769, best fit=0.701200, best_overall=0.701200, mean_diversity=0.106455,
indivs=11491724, elapsed_secs=18466, mean=0.582055, stdev=0.125476, best fit=0.701200, best_overall=0.701200, mean_diversity=0.242427,
indivs=11501822, elapsed_secs=18492, mean=0.600619, stdev=0.109580, best fit=0.701200, best_overall=0.701200, mean_diversity=0.113375,
indivs=11511920, elapsed_secs=18511, mean=0.628656, stdev=0.081642, best fit=0.701200, best_overall=0.701200, mean_diversity=0.150636,
indivs=11522018, elapsed_secs=18536, mean=0.594130, stdev=0.103852, best fit=0.701200, best_overall=0.701200, mean_diversity=0.316050,
indivs=11532116, elapsed_secs=18553, mean=0.615291, stdev=0.069057, best fit=0.701200, best_overall=0.701200, mean_diversity=0.103316,
indivs=11542214, elapsed_secs=18569, mean=0.600986, stdev=0.085942, best fit=0.701200, best_overall=0.701200, mean_diversity=0.112479,
indivs=11552312, elapsed_secs=18587, mean=0.616591, stdev=0.082381, best fit=0.701200, best_overall=0.701200, mean_diversity=0.093526,
indivs=11562410, elapsed_secs=18613, mean=0.626395, stdev=0.160198, best fit=0.701200, best_overall=0.701200, mean_diversity=0.129444,
indivs=11572508, elapsed_secs=18635, mean=0.643188, stdev=0.100240, best fit=0.701200, best_overall=0.701200, mean_diversity=0.083806,
indivs=11582606, elapsed_secs=18656, mean=0.604126, stdev=0.083548, best fit=0.701200, best_overall=0.701200, mean_diversity=0.093194,
indivs=11592704, elapsed_secs=18678, mean=0.599297, stdev=0.119990, best fit=0.701200, best_overall=0.701200, mean_diversity=0.083735,
indivs=11602802, elapsed_secs=18697, mean=0.612950, stdev=0.103743, best fit=0.701200, best_overall=0.701200, mean_diversity=0.084156,
indivs=11612900, elapsed_secs=18714, mean=0.630986, stdev=0.089245, best fit=0.701200, best_overall=0.701200, mean_diversity=0.181579,
indivs=11622998, elapsed_secs=18734, mean=0.610011, stdev=0.115024, best fit=0.701200, best_overall=0.701200, mean_diversity=0.129801,
indivs=11633096, elapsed_secs=18752, mean=0.635649, stdev=0.110575, best fit=0.701200, best_overall=0.701200, mean_diversity=0.086387,
indivs=11643194, elapsed_secs=18774, mean=0.611972, stdev=0.147933, best fit=0.701200, best_overall=0.701200, mean_diversity=0.125594,
indivs=11653292, elapsed_secs=18792, mean=0.651013, stdev=0.060987, best fit=0.701200, best_overall=0.701200, mean_diversity=0.065387,
indivs=11663390, elapsed_secs=18815, mean=0.599653, stdev=0.093981, best fit=0.701200, best_overall=0.701200, mean_diversity=0.121560,
indivs=11673488, elapsed_secs=18836, mean=0.619198, stdev=0.103564, best fit=0.701200, best_overall=0.701200, mean_diversity=0.172646,
indivs=11683586, elapsed_secs=18859, mean=0.616097, stdev=0.091652, best fit=0.701200, best_overall=0.701200, mean_diversity=0.077091,
indivs=11693684, elapsed_secs=18876, mean=0.626151, stdev=0.097018, best fit=0.701200, best_overall=0.701200, mean_diversity=0.152122,
indivs=11703782, elapsed_secs=18898, mean=0.636697, stdev=0.119689, best fit=0.701200, best_overall=0.701200, mean_diversity=0.199461,
indivs=11713880, elapsed_secs=18917, mean=0.634774, stdev=0.130571, best fit=0.701200, best_overall=0.701200, mean_diversity=0.128367,
indivs=11723978, elapsed_secs=18937, mean=0.632259, stdev=0.120432, best fit=0.701200, best_overall=0.701200, mean_diversity=0.142179,
indivs=11734076, elapsed_secs=18963, mean=0.595925, stdev=0.086298, best fit=0.701200, best_overall=0.701200, mean_diversity=0.096358,
indivs=11744174, elapsed_secs=18986, mean=0.648255, stdev=0.078435, best fit=0.701200, best_overall=0.701200, mean_diversity=0.173673,
indivs=11754272, elapsed_secs=19004, mean=0.602859, stdev=0.160508, best fit=0.701200, best_overall=0.701200, mean_diversity=0.138925,
indivs=11764370, elapsed_secs=19029, mean=0.651877, stdev=0.076163, best fit=0.701200, best_overall=0.701200, mean_diversity=0.142768,
indivs=11774468, elapsed_secs=19047, mean=0.620189, stdev=0.151960, best fit=0.701200, best_overall=0.701200, mean_diversity=0.095065,
indivs=11784566, elapsed_secs=19068, mean=0.619289, stdev=0.052965, best fit=0.701200, best_overall=0.701200, mean_diversity=0.127733,
indivs=11794664, elapsed_secs=19091, mean=0.645803, stdev=0.085121, best fit=0.701200, best_overall=0.701200, mean_diversity=0.160700,
indivs=11804762, elapsed_secs=19114, mean=0.627915, stdev=0.132810, best fit=0.701200, best_overall=0.701200, mean_diversity=0.097981,
indivs=11814860, elapsed_secs=19136, mean=0.602099, stdev=0.086991, best fit=0.701200, best_overall=0.701200, mean_diversity=0.082971,
indivs=11824958, elapsed_secs=19157, mean=0.620633, stdev=0.104233, best fit=0.701200, best_overall=0.701200, mean_diversity=0.134192,
indivs=11835056, elapsed_secs=19181, mean=0.608910, stdev=0.097500, best fit=0.701200, best_overall=0.701200, mean_diversity=0.106337,
indivs=11845154, elapsed_secs=19201, mean=0.607278, stdev=0.071589, best fit=0.701200, best_overall=0.701200, mean_diversity=0.126718,
indivs=11855252, elapsed_secs=19219, mean=0.578231, stdev=0.171778, best fit=0.701200, best_overall=0.701200, mean_diversity=0.231590,
indivs=11865350, elapsed_secs=19239, mean=0.657237, stdev=0.069072, best fit=0.701200, best_overall=0.701200, mean_diversity=0.088010,
indivs=11875448, elapsed_secs=19256, mean=0.598748, stdev=0.061678, best fit=0.701200, best_overall=0.701200, mean_diversity=0.225517,
indivs=11885546, elapsed_secs=19273, mean=0.613659, stdev=0.056448, best fit=0.701200, best_overall=0.701200, mean_diversity=0.109284,
indivs=11895644, elapsed_secs=19295, mean=0.611350, stdev=0.062632, best fit=0.701200, best_overall=0.701200, mean_diversity=0.110564,
indivs=11905742, elapsed_secs=19319, mean=0.603419, stdev=0.071839, best fit=0.701200, best_overall=0.701200, mean_diversity=0.108909,
indivs=11915840, elapsed_secs=19341, mean=0.616990, stdev=0.097255, best fit=0.701200, best_overall=0.701200, mean_diversity=0.165620,
indivs=11925938, elapsed_secs=19362, mean=0.581708, stdev=0.115801, best fit=0.701200, best_overall=0.701200, mean_diversity=0.139134,
indivs=11936036, elapsed_secs=19378, mean=0.594769, stdev=0.132814, best fit=0.701200, best_overall=0.701200, mean_diversity=0.119016,
indivs=11946134, elapsed_secs=19401, mean=0.611021, stdev=0.162525, best fit=0.701200, best_overall=0.701200, mean_diversity=0.152099,
indivs=11956232, elapsed_secs=19419, mean=0.605353, stdev=0.071685, best fit=0.701200, best_overall=0.701200, mean_diversity=0.112327,
indivs=11966330, elapsed_secs=19442, mean=0.583249, stdev=0.096360, best fit=0.701200, best_overall=0.701200, mean_diversity=0.064905,
indivs=11976428, elapsed_secs=19460, mean=0.598965, stdev=0.091500, best fit=0.701200, best_overall=0.701200, mean_diversity=0.091103,
indivs=11986526, elapsed_secs=19478, mean=0.605025, stdev=0.120681, best fit=0.701200, best_overall=0.701200, mean_diversity=0.188864,
indivs=11996624, elapsed_secs=19496, mean=0.596247, stdev=0.087910, best fit=0.701200, best_overall=0.701200, mean_diversity=0.152712,
indivs=12006722, elapsed_secs=19519, mean=0.633320, stdev=0.085071, best fit=0.701200, best_overall=0.701200, mean_diversity=0.091124,
indivs=12016820, elapsed_secs=19542, mean=0.630515, stdev=0.092156, best fit=0.701200, best_overall=0.701200, mean_diversity=0.156405,
indivs=12026918, elapsed_secs=19564, mean=0.618633, stdev=0.104988, best fit=0.701200, best_overall=0.701200, mean_diversity=0.151636,
indivs=12037016, elapsed_secs=19586, mean=0.623404, stdev=0.079243, best fit=0.701200, best_overall=0.701200, mean_diversity=0.138206,
indivs=12047114, elapsed_secs=19603, mean=0.601257, stdev=0.106645, best fit=0.701200, best_overall=0.701200, mean_diversity=0.123658,
indivs=12057212, elapsed_secs=19624, mean=0.641792, stdev=0.078134, best fit=0.701200, best_overall=0.701200, mean_diversity=0.388689,
indivs=12067310, elapsed_secs=19644, mean=0.621605, stdev=0.076902, best fit=0.701200, best_overall=0.701200, mean_diversity=0.154985,
indivs=12077408, elapsed_secs=19667, mean=0.586880, stdev=0.068658, best fit=0.701200, best_overall=0.701200, mean_diversity=0.142500,
indivs=12087506, elapsed_secs=19690, mean=0.611062, stdev=0.085878, best fit=0.701200, best_overall=0.701200, mean_diversity=0.109342,
indivs=12097604, elapsed_secs=19711, mean=0.594004, stdev=0.071350, best fit=0.701200, best_overall=0.701200, mean_diversity=0.123684,
indivs=12107702, elapsed_secs=19728, mean=0.629511, stdev=0.107092, best fit=0.701200, best_overall=0.701200, mean_diversity=0.139226,
indivs=12117800, elapsed_secs=19750, mean=0.639704, stdev=0.084045, best fit=0.701200, best_overall=0.701200, mean_diversity=0.116266,
indivs=12127898, elapsed_secs=19770, mean=0.617074, stdev=0.056187, best fit=0.701200, best_overall=0.701200, mean_diversity=0.099690,
indivs=12137996, elapsed_secs=19789, mean=0.622759, stdev=0.093971, best fit=0.701200, best_overall=0.701200, mean_diversity=0.087126,
indivs=12148094, elapsed_secs=19810, mean=0.612005, stdev=0.079691, best fit=0.701200, best_overall=0.701200, mean_diversity=0.133844,
indivs=12158192, elapsed_secs=19831, mean=0.597991, stdev=0.079527, best fit=0.701200, best_overall=0.701200, mean_diversity=0.137029,
indivs=12168290, elapsed_secs=19849, mean=0.603600, stdev=0.074282, best fit=0.701200, best_overall=0.701200, mean_diversity=0.128647,
indivs=12178388, elapsed_secs=19866, mean=0.606603, stdev=0.074255, best fit=0.701200, best_overall=0.701200, mean_diversity=0.130282,
indivs=12188486, elapsed_secs=19885, mean=0.619711, stdev=0.137828, best fit=0.701200, best_overall=0.701200, mean_diversity=0.120881,
indivs=12198584, elapsed_secs=19905, mean=0.640179, stdev=0.102447, best fit=0.701200, best_overall=0.701200, mean_diversity=0.087946,
indivs=12208682, elapsed_secs=19924, mean=0.590893, stdev=0.116595, best fit=0.701200, best_overall=0.701200, mean_diversity=0.172161,
indivs=12218780, elapsed_secs=19944, mean=0.637114, stdev=0.082098, best fit=0.701200, best_overall=0.701200, mean_diversity=0.118140,
indivs=12228878, elapsed_secs=19968, mean=0.622122, stdev=0.122139, best fit=0.701200, best_overall=0.701200, mean_diversity=0.157643,
indivs=12238976, elapsed_secs=19988, mean=0.625431, stdev=0.077073, best fit=0.701200, best_overall=0.701200, mean_diversity=0.169245,
indivs=12249074, elapsed_secs=20012, mean=0.616410, stdev=0.122552, best fit=0.701200, best_overall=0.701200, mean_diversity=0.127821,
indivs=12259172, elapsed_secs=20031, mean=0.611482, stdev=0.054382, best fit=0.701200, best_overall=0.701200, mean_diversity=0.089664,
indivs=12269270, elapsed_secs=20055, mean=0.613887, stdev=0.071165, best fit=0.701200, best_overall=0.701200, mean_diversity=0.101479,
indivs=12279368, elapsed_secs=20084, mean=0.647502, stdev=0.086534, best fit=0.701200, best_overall=0.701200, mean_diversity=0.138822,
indivs=12289466, elapsed_secs=20108, mean=0.620245, stdev=0.084390, best fit=0.701200, best_overall=0.701200, mean_diversity=0.102122,
indivs=12299564, elapsed_secs=20134, mean=0.642679, stdev=0.080599, best fit=0.701200, best_overall=0.701200, mean_diversity=0.182955,
indivs=12309662, elapsed_secs=20151, mean=0.610138, stdev=0.093684, best fit=0.701200, best_overall=0.701200, mean_diversity=0.163002,
indivs=12319760, elapsed_secs=20171, mean=0.619871, stdev=0.078362, best fit=0.701200, best_overall=0.701200, mean_diversity=0.136049,
indivs=12329858, elapsed_secs=20187, mean=0.636575, stdev=0.082649, best fit=0.701200, best_overall=0.701200, mean_diversity=0.115363,
indivs=12339956, elapsed_secs=20211, mean=0.638759, stdev=0.119929, best fit=0.701200, best_overall=0.701200, mean_diversity=0.140051,
indivs=12350054, elapsed_secs=20226, mean=0.602272, stdev=0.071089, best fit=0.701200, best_overall=0.701200, mean_diversity=0.090872,
indivs=12360152, elapsed_secs=20249, mean=0.592506, stdev=0.087835, best fit=0.701200, best_overall=0.701200, mean_diversity=0.167234,
indivs=12370250, elapsed_secs=20271, mean=0.630817, stdev=0.109193, best fit=0.701200, best_overall=0.701200, mean_diversity=0.094696,
indivs=12380348, elapsed_secs=20294, mean=0.640980, stdev=0.103010, best fit=0.701200, best_overall=0.701200, mean_diversity=0.098830,
indivs=12390446, elapsed_secs=20321, mean=0.626484, stdev=0.098082, best fit=0.701200, best_overall=0.701200, mean_diversity=0.084954,
indivs=12400544, elapsed_secs=20344, mean=0.623158, stdev=0.136429, best fit=0.701200, best_overall=0.701200, mean_diversity=0.169894,
indivs=12410642, elapsed_secs=20366, mean=0.641413, stdev=0.093165, best fit=0.701200, best_overall=0.701200, mean_diversity=0.112568,
indivs=12420740, elapsed_secs=20387, mean=0.624526, stdev=0.093711, best fit=0.701200, best_overall=0.701200, mean_diversity=0.154033,
indivs=12430838, elapsed_secs=20405, mean=0.622235, stdev=0.069435, best fit=0.701200, best_overall=0.701200, mean_diversity=0.198720,
indivs=12440936, elapsed_secs=20426, mean=0.612908, stdev=0.094439, best fit=0.701200, best_overall=0.701200, mean_diversity=0.200695,
indivs=12451034, elapsed_secs=20446, mean=0.598247, stdev=0.107163, best fit=0.701200, best_overall=0.701200, mean_diversity=0.225228,
indivs=12461132, elapsed_secs=20466, mean=0.632767, stdev=0.108592, best fit=0.701200, best_overall=0.701200, mean_diversity=0.121101,
indivs=12471230, elapsed_secs=20488, mean=0.638060, stdev=0.080574, best fit=0.701200, best_overall=0.701200, mean_diversity=0.119340,
indivs=12481328, elapsed_secs=20511, mean=0.635713, stdev=0.081680, best fit=0.701200, best_overall=0.701200, mean_diversity=0.229577,
indivs=12491426, elapsed_secs=20529, mean=0.582141, stdev=0.125639, best fit=0.701200, best_overall=0.701200, mean_diversity=0.133436,
indivs=12501524, elapsed_secs=20548, mean=0.627204, stdev=0.107249, best fit=0.701200, best_overall=0.701200, mean_diversity=0.104628,
indivs=12511622, elapsed_secs=20570, mean=0.619212, stdev=0.110293, best fit=0.701200, best_overall=0.701200, mean_diversity=0.111380,
indivs=12521720, elapsed_secs=20593, mean=0.618900, stdev=0.108010, best fit=0.701200, best_overall=0.701200, mean_diversity=0.135233,
indivs=12531818, elapsed_secs=20611, mean=0.593279, stdev=0.069138, best fit=0.701200, best_overall=0.701200, mean_diversity=0.191585,
indivs=12541916, elapsed_secs=20629, mean=0.632981, stdev=0.086764, best fit=0.701200, best_overall=0.701200, mean_diversity=0.089242,
indivs=12552014, elapsed_secs=20648, mean=0.627346, stdev=0.148867, best fit=0.701200, best_overall=0.701200, mean_diversity=0.169406,
indivs=12562112, elapsed_secs=20671, mean=0.609495, stdev=0.124041, best fit=0.701200, best_overall=0.701200, mean_diversity=0.125524,
indivs=12572210, elapsed_secs=20689, mean=0.638991, stdev=0.078401, best fit=0.701200, best_overall=0.701200, mean_diversity=0.084500,
indivs=12582308, elapsed_secs=20709, mean=0.612112, stdev=0.090305, best fit=0.701200, best_overall=0.701200, mean_diversity=0.129341,
indivs=12592406, elapsed_secs=20730, mean=0.605033, stdev=0.103147, best fit=0.701200, best_overall=0.701200, mean_diversity=0.118746,
indivs=12602504, elapsed_secs=20748, mean=0.623559, stdev=0.084293, best fit=0.701200, best_overall=0.701200, mean_diversity=0.084112,
indivs=12612602, elapsed_secs=20771, mean=0.603555, stdev=0.062460, best fit=0.701200, best_overall=0.701200, mean_diversity=0.075651,
indivs=12622700, elapsed_secs=20790, mean=0.626369, stdev=0.119835, best fit=0.701200, best_overall=0.701200, mean_diversity=0.096030,
indivs=12632798, elapsed_secs=20811, mean=0.578493, stdev=0.133005, best fit=0.701200, best_overall=0.701200, mean_diversity=0.118292,
indivs=12642896, elapsed_secs=20829, mean=0.610886, stdev=0.079448, best fit=0.701200, best_overall=0.701200, mean_diversity=0.120942,
indivs=12652994, elapsed_secs=20851, mean=0.619650, stdev=0.097796, best fit=0.701200, best_overall=0.701200, mean_diversity=0.139153,
indivs=12663092, elapsed_secs=20870, mean=0.627062, stdev=0.134304, best fit=0.701200, best_overall=0.701200, mean_diversity=0.097019,
indivs=12673190, elapsed_secs=20891, mean=0.607416, stdev=0.098163, best fit=0.701200, best_overall=0.701200, mean_diversity=0.231346,
indivs=12683288, elapsed_secs=20908, mean=0.631883, stdev=0.108620, best fit=0.701200, best_overall=0.701200, mean_diversity=0.121549,
indivs=12693386, elapsed_secs=20925, mean=0.639624, stdev=0.104242, best fit=0.701200, best_overall=0.701200, mean_diversity=0.134899,
indivs=12703484, elapsed_secs=20941, mean=0.606768, stdev=0.105863, best fit=0.701200, best_overall=0.701200, mean_diversity=0.214000,
indivs=12713582, elapsed_secs=20963, mean=0.622342, stdev=0.098958, best fit=0.701200, best_overall=0.701200, mean_diversity=0.132368,
indivs=12723680, elapsed_secs=20982, mean=0.626739, stdev=0.077406, best fit=0.701200, best_overall=0.701200, mean_diversity=0.239000,
indivs=12733778, elapsed_secs=21001, mean=0.620085, stdev=0.137415, best fit=0.701200, best_overall=0.701200, mean_diversity=0.141190,
indivs=12743876, elapsed_secs=21021, mean=0.633786, stdev=0.105017, best fit=0.701200, best_overall=0.701200, mean_diversity=0.261073,
indivs=12753974, elapsed_secs=21041, mean=0.641683, stdev=0.083281, best fit=0.701200, best_overall=0.701200, mean_diversity=0.145161,
indivs=12764072, elapsed_secs=21065, mean=0.592506, stdev=0.066985, best fit=0.701200, best_overall=0.701200, mean_diversity=0.167735,
indivs=12774170, elapsed_secs=21093, mean=0.613861, stdev=0.072707, best fit=0.701200, best_overall=0.701200, mean_diversity=0.108180,
indivs=12784268, elapsed_secs=21110, mean=0.610120, stdev=0.109522, best fit=0.701200, best_overall=0.701200, mean_diversity=0.100748,
indivs=12794366, elapsed_secs=21135, mean=0.586079, stdev=0.112263, best fit=0.701200, best_overall=0.701200, mean_diversity=0.155191,
indivs=12804464, elapsed_secs=21155, mean=0.624909, stdev=0.108714, best fit=0.701200, best_overall=0.701200, mean_diversity=0.145507,
indivs=12814562, elapsed_secs=21172, mean=0.635908, stdev=0.119098, best fit=0.701200, best_overall=0.701200, mean_diversity=0.115648,
indivs=12824660, elapsed_secs=21191, mean=0.659833, stdev=0.069714, best fit=0.701200, best_overall=0.701200, mean_diversity=0.115560,
indivs=12834758, elapsed_secs=21214, mean=0.629313, stdev=0.080971, best fit=0.701200, best_overall=0.701200, mean_diversity=0.081913,
indivs=12844856, elapsed_secs=21237, mean=0.605876, stdev=0.098653, best fit=0.701200, best_overall=0.701200, mean_diversity=0.115050,
indivs=12854954, elapsed_secs=21260, mean=0.567781, stdev=0.144384, best fit=0.701200, best_overall=0.701200, mean_diversity=0.240145,
indivs=12865052, elapsed_secs=21280, mean=0.574517, stdev=0.116518, best fit=0.701200, best_overall=0.701200, mean_diversity=0.092896,
indivs=12875150, elapsed_secs=21301, mean=0.617134, stdev=0.066651, best fit=0.701200, best_overall=0.701200, mean_diversity=0.084642,
indivs=12885248, elapsed_secs=21320, mean=0.602865, stdev=0.161965, best fit=0.701200, best_overall=0.701200, mean_diversity=0.127040,
indivs=12895346, elapsed_secs=21340, mean=0.638284, stdev=0.085482, best fit=0.701200, best_overall=0.701200, mean_diversity=0.103297,
indivs=12905444, elapsed_secs=21362, mean=0.607415, stdev=0.134162, best fit=0.701200, best_overall=0.701200, mean_diversity=0.183662,
indivs=12915542, elapsed_secs=21378, mean=0.621005, stdev=0.108402, best fit=0.701200, best_overall=0.701200, mean_diversity=0.173986,
indivs=12925640, elapsed_secs=21403, mean=0.627481, stdev=0.123402, best fit=0.701200, best_overall=0.701200, mean_diversity=0.078581,
indivs=12935738, elapsed_secs=21426, mean=0.611157, stdev=0.116218, best fit=0.701200, best_overall=0.701200, mean_diversity=0.232360,
indivs=12945836, elapsed_secs=21447, mean=0.619341, stdev=0.060304, best fit=0.701200, best_overall=0.701200, mean_diversity=0.099918,
indivs=12955934, elapsed_secs=21469, mean=0.619601, stdev=0.097913, best fit=0.701200, best_overall=0.701200, mean_diversity=0.123600,
indivs=12966032, elapsed_secs=21491, mean=0.625157, stdev=0.121577, best fit=0.701200, best_overall=0.701200, mean_diversity=0.154726,
indivs=12976130, elapsed_secs=21512, mean=0.635617, stdev=0.080450, best fit=0.701200, best_overall=0.701200, mean_diversity=0.159511,
indivs=12986228, elapsed_secs=21532, mean=0.618297, stdev=0.066894, best fit=0.701200, best_overall=0.701200, mean_diversity=0.115202,
indivs=12996326, elapsed_secs=21553, mean=0.607776, stdev=0.086753, best fit=0.701200, best_overall=0.701200, mean_diversity=0.119672,
indivs=13006424, elapsed_secs=21573, mean=0.634519, stdev=0.119336, best fit=0.701200, best_overall=0.701200, mean_diversity=0.134615,
indivs=13016522, elapsed_secs=21591, mean=0.654628, stdev=0.070239, best fit=0.701200, best_overall=0.701200, mean_diversity=0.100543,
indivs=13026620, elapsed_secs=21611, mean=0.620256, stdev=0.094914, best fit=0.701200, best_overall=0.701200, mean_diversity=0.170156,
indivs=13036718, elapsed_secs=21634, mean=0.581908, stdev=0.108406, best fit=0.701200, best_overall=0.701200, mean_diversity=0.125577,
indivs=13046816, elapsed_secs=21654, mean=0.595088, stdev=0.093944, best fit=0.701200, best_overall=0.701200, mean_diversity=0.178929,
indivs=13056914, elapsed_secs=21675, mean=0.631273, stdev=0.074581, best fit=0.701200, best_overall=0.701200, mean_diversity=0.177969,
indivs=13067012, elapsed_secs=21695, mean=0.615874, stdev=0.108851, best fit=0.701200, best_overall=0.701200, mean_diversity=0.103343,
indivs=13077110, elapsed_secs=21717, mean=0.608608, stdev=0.112668, best fit=0.701200, best_overall=0.701200, mean_diversity=0.112159,
indivs=13087208, elapsed_secs=21740, mean=0.634348, stdev=0.119293, best fit=0.701200, best_overall=0.701200, mean_diversity=0.096178,
indivs=13097306, elapsed_secs=21761, mean=0.630097, stdev=0.089647, best fit=0.701200, best_overall=0.701200, mean_diversity=0.094648,
indivs=13107404, elapsed_secs=21785, mean=0.597015, stdev=0.093965, best fit=0.701200, best_overall=0.701200, mean_diversity=0.178189,
indivs=13117502, elapsed_secs=21811, mean=0.607376, stdev=0.093313, best fit=0.701200, best_overall=0.701200, mean_diversity=0.079837,
indivs=13127600, elapsed_secs=21831, mean=0.625942, stdev=0.101436, best fit=0.701200, best_overall=0.701200, mean_diversity=0.143691,
indivs=13137698, elapsed_secs=21853, mean=0.615101, stdev=0.062549, best fit=0.701200, best_overall=0.701200, mean_diversity=0.121782,
indivs=13147796, elapsed_secs=21872, mean=0.617495, stdev=0.114764, best fit=0.701200, best_overall=0.701200, mean_diversity=0.096285,
indivs=13157894, elapsed_secs=21894, mean=0.627416, stdev=0.107155, best fit=0.701200, best_overall=0.701200, mean_diversity=0.145055,
indivs=13167992, elapsed_secs=21913, mean=0.639942, stdev=0.103930, best fit=0.701200, best_overall=0.701200, mean_diversity=0.088225,
indivs=13178090, elapsed_secs=21935, mean=0.612176, stdev=0.095507, best fit=0.701200, best_overall=0.701200, mean_diversity=0.104790,
indivs=13188188, elapsed_secs=21960, mean=0.606908, stdev=0.075440, best fit=0.701200, best_overall=0.701200, mean_diversity=0.189156,
indivs=13198286, elapsed_secs=21978, mean=0.605955, stdev=0.065343, best fit=0.701200, best_overall=0.701200, mean_diversity=0.120212,
indivs=13208384, elapsed_secs=21996, mean=0.631248, stdev=0.096302, best fit=0.701200, best_overall=0.701200, mean_diversity=0.092916,
indivs=13218482, elapsed_secs=22015, mean=0.603677, stdev=0.080028, best fit=0.701200, best_overall=0.701200, mean_diversity=0.148908,
indivs=13228580, elapsed_secs=22040, mean=0.615218, stdev=0.069034, best fit=0.701200, best_overall=0.701200, mean_diversity=0.133079,
indivs=13238678, elapsed_secs=22055, mean=0.614897, stdev=0.111311, best fit=0.701200, best_overall=0.701200, mean_diversity=0.155506,
indivs=13248776, elapsed_secs=22075, mean=0.637326, stdev=0.132646, best fit=0.701200, best_overall=0.701200, mean_diversity=0.148609,
indivs=13258874, elapsed_secs=22105, mean=0.606291, stdev=0.104243, best fit=0.701200, best_overall=0.701200, mean_diversity=0.115540,
indivs=13268972, elapsed_secs=22125, mean=0.591001, stdev=0.074375, best fit=0.701200, best_overall=0.701200, mean_diversity=0.128018,
indivs=13279070, elapsed_secs=22143, mean=0.630680, stdev=0.123431, best fit=0.701200, best_overall=0.701200, mean_diversity=0.162462,
indivs=13289168, elapsed_secs=22167, mean=0.605276, stdev=0.116193, best fit=0.701200, best_overall=0.701200, mean_diversity=0.071921,
indivs=13299266, elapsed_secs=22187, mean=0.606177, stdev=0.112676, best fit=0.701200, best_overall=0.701200, mean_diversity=0.096056,
indivs=13309364, elapsed_secs=22214, mean=0.616848, stdev=0.115806, best fit=0.701200, best_overall=0.701200, mean_diversity=0.099744,
indivs=13319462, elapsed_secs=22233, mean=0.619067, stdev=0.095870, best fit=0.701200, best_overall=0.701200, mean_diversity=0.125537,
indivs=13329560, elapsed_secs=22255, mean=0.633770, stdev=0.081050, best fit=0.701200, best_overall=0.701200, mean_diversity=0.157092,
indivs=13339658, elapsed_secs=22280, mean=0.643603, stdev=0.119128, best fit=0.701200, best_overall=0.701200, mean_diversity=0.150000,
indivs=13349756, elapsed_secs=22302, mean=0.599648, stdev=0.145297, best fit=0.701200, best_overall=0.701200, mean_diversity=0.079153,
indivs=13359854, elapsed_secs=22321, mean=0.599393, stdev=0.065147, best fit=0.701200, best_overall=0.701200, mean_diversity=0.084324,
indivs=13369952, elapsed_secs=22342, mean=0.623514, stdev=0.090286, best fit=0.701200, best_overall=0.701200, mean_diversity=0.092267,
indivs=13380050, elapsed_secs=22362, mean=0.593087, stdev=0.068504, best fit=0.701200, best_overall=0.701200, mean_diversity=0.139062,
indivs=13390148, elapsed_secs=22391, mean=0.625483, stdev=0.136786, best fit=0.701200, best_overall=0.701200, mean_diversity=0.086000,
indivs=13400246, elapsed_secs=22408, mean=0.621849, stdev=0.100882, best fit=0.701200, best_overall=0.701200, mean_diversity=0.103950,
indivs=13410344, elapsed_secs=22424, mean=0.634921, stdev=0.101846, best fit=0.701200, best_overall=0.701200, mean_diversity=0.088660,
indivs=13420442, elapsed_secs=22447, mean=0.598536, stdev=0.117319, best fit=0.701200, best_overall=0.701200, mean_diversity=0.202073,
indivs=13430540, elapsed_secs=22465, mean=0.608097, stdev=0.100333, best fit=0.701200, best_overall=0.701200, mean_diversity=0.130465,
indivs=13440638, elapsed_secs=22485, mean=0.599866, stdev=0.066845, best fit=0.701200, best_overall=0.701200, mean_diversity=0.123200,
indivs=13450736, elapsed_secs=22503, mean=0.611869, stdev=0.063451, best fit=0.701200, best_overall=0.701200, mean_diversity=0.175855,
indivs=13460834, elapsed_secs=22526, mean=0.599815, stdev=0.175926, best fit=0.701200, best_overall=0.701200, mean_diversity=0.272540,
indivs=13470932, elapsed_secs=22549, mean=0.627864, stdev=0.076046, best fit=0.701200, best_overall=0.701200, mean_diversity=0.255146,
indivs=13481030, elapsed_secs=22569, mean=0.606128, stdev=0.063735, best fit=0.701200, best_overall=0.701200, mean_diversity=0.161245,
indivs=13491128, elapsed_secs=22590, mean=0.582548, stdev=0.196878, best fit=0.701200, best_overall=0.701200, mean_diversity=0.152299,
indivs=13501226, elapsed_secs=22609, mean=0.645690, stdev=0.076193, best fit=0.701200, best_overall=0.701200, mean_diversity=0.125585,
indivs=13511324, elapsed_secs=22633, mean=0.654504, stdev=0.075429, best fit=0.701200, best_overall=0.701200, mean_diversity=0.080776,
indivs=13521422, elapsed_secs=22660, mean=0.606110, stdev=0.110115, best fit=0.701200, best_overall=0.701200, mean_diversity=0.087530,
indivs=13531520, elapsed_secs=22680, mean=0.624432, stdev=0.082075, best fit=0.701200, best_overall=0.701200, mean_diversity=0.133250,
indivs=13541618, elapsed_secs=22704, mean=0.576812, stdev=0.154864, best fit=0.701200, best_overall=0.701200, mean_diversity=0.099481,
indivs=13551716, elapsed_secs=22728, mean=0.622616, stdev=0.097226, best fit=0.701200, best_overall=0.701200, mean_diversity=0.111721,
indivs=13561814, elapsed_secs=22744, mean=0.607820, stdev=0.058572, best fit=0.701200, best_overall=0.701200, mean_diversity=0.120710,
indivs=13571912, elapsed_secs=22765, mean=0.643973, stdev=0.072694, best fit=0.701200, best_overall=0.701200, mean_diversity=0.166917,
indivs=13582010, elapsed_secs=22790, mean=0.627091, stdev=0.123811, best fit=0.701200, best_overall=0.701200, mean_diversity=0.106986,
indivs=13592108, elapsed_secs=22815, mean=0.616531, stdev=0.071570, best fit=0.701200, best_overall=0.701200, mean_diversity=0.072673,
indivs=13602206, elapsed_secs=22834, mean=0.630474, stdev=0.107228, best fit=0.701200, best_overall=0.701200, mean_diversity=0.224015,
indivs=13612304, elapsed_secs=22852, mean=0.606543, stdev=0.171856, best fit=0.701200, best_overall=0.701200, mean_diversity=0.131348,
indivs=13622402, elapsed_secs=22876, mean=0.587976, stdev=0.104031, best fit=0.701200, best_overall=0.701200, mean_diversity=0.109167,
indivs=13632500, elapsed_secs=22897, mean=0.644263, stdev=0.100651, best fit=0.701200, best_overall=0.701200, mean_diversity=0.126359,
indivs=13642598, elapsed_secs=22918, mean=0.578446, stdev=0.121088, best fit=0.701200, best_overall=0.701200, mean_diversity=0.172788,
indivs=13652696, elapsed_secs=22941, mean=0.604373, stdev=0.094833, best fit=0.701200, best_overall=0.701200, mean_diversity=0.103483,
indivs=13662794, elapsed_secs=22970, mean=0.585413, stdev=0.105236, best fit=0.701200, best_overall=0.701200, mean_diversity=0.131390,
indivs=13672892, elapsed_secs=22992, mean=0.622256, stdev=0.135456, best fit=0.701200, best_overall=0.701200, mean_diversity=0.116764,
indivs=13682990, elapsed_secs=23014, mean=0.582686, stdev=0.141099, best fit=0.701200, best_overall=0.701200, mean_diversity=0.128234,
indivs=13693088, elapsed_secs=23035, mean=0.605480, stdev=0.060093, best fit=0.701200, best_overall=0.701200, mean_diversity=0.091852,
indivs=13703186, elapsed_secs=23053, mean=0.572809, stdev=0.196165, best fit=0.701200, best_overall=0.701200, mean_diversity=0.115890,
indivs=13713284, elapsed_secs=23070, mean=0.609402, stdev=0.054817, best fit=0.701200, best_overall=0.701200, mean_diversity=0.130032,
indivs=13723382, elapsed_secs=23092, mean=0.630201, stdev=0.085606, best fit=0.701200, best_overall=0.701200, mean_diversity=0.141617,
indivs=13733480, elapsed_secs=23113, mean=0.650701, stdev=0.093718, best fit=0.701200, best_overall=0.701200, mean_diversity=0.095017,
indivs=13743578, elapsed_secs=23133, mean=0.627161, stdev=0.075492, best fit=0.701200, best_overall=0.701200, mean_diversity=0.160697,
indivs=13753676, elapsed_secs=23156, mean=0.648580, stdev=0.094398, best fit=0.701200, best_overall=0.701200, mean_diversity=0.074572,
indivs=13763774, elapsed_secs=23174, mean=0.628624, stdev=0.136426, best fit=0.701200, best_overall=0.701200, mean_diversity=0.119210,
indivs=13773872, elapsed_secs=23202, mean=0.625318, stdev=0.106408, best fit=0.701200, best_overall=0.701200, mean_diversity=0.194191,
indivs=13783970, elapsed_secs=23223, mean=0.622655, stdev=0.114773, best fit=0.701200, best_overall=0.701200, mean_diversity=0.135701,
indivs=13794068, elapsed_secs=23244, mean=0.622040, stdev=0.084686, best fit=0.701200, best_overall=0.701200, mean_diversity=0.091229,
indivs=13804166, elapsed_secs=23264, mean=0.606721, stdev=0.096614, best fit=0.701200, best_overall=0.701200, mean_diversity=0.109692,
indivs=13814264, elapsed_secs=23292, mean=0.630358, stdev=0.099292, best fit=0.701200, best_overall=0.701200, mean_diversity=0.108190,
indivs=13824362, elapsed_secs=23310, mean=0.611269, stdev=0.059457, best fit=0.701200, best_overall=0.701200, mean_diversity=0.081859,
indivs=13834460, elapsed_secs=23334, mean=0.621069, stdev=0.077199, best fit=0.701200, best_overall=0.701200, mean_diversity=0.161381,
indivs=13844558, elapsed_secs=23358, mean=0.632260, stdev=0.105126, best fit=0.701200, best_overall=0.701200, mean_diversity=0.105588,
indivs=13854656, elapsed_secs=23379, mean=0.641946, stdev=0.083972, best fit=0.701200, best_overall=0.701200, mean_diversity=0.150466,
indivs=13864754, elapsed_secs=23398, mean=0.602912, stdev=0.082346, best fit=0.701200, best_overall=0.701200, mean_diversity=0.131520,
indivs=13874852, elapsed_secs=23419, mean=0.645085, stdev=0.076535, best fit=0.701200, best_overall=0.701200, mean_diversity=0.114781,
indivs=13884950, elapsed_secs=23439, mean=0.639261, stdev=0.102352, best fit=0.701200, best_overall=0.701200, mean_diversity=0.110256,
indivs=13895048, elapsed_secs=23459, mean=0.644497, stdev=0.115079, best fit=0.701200, best_overall=0.701200, mean_diversity=0.142437,
indivs=13905146, elapsed_secs=23476, mean=0.618053, stdev=0.096942, best fit=0.701200, best_overall=0.701200, mean_diversity=0.107213,
indivs=13915244, elapsed_secs=23496, mean=0.608244, stdev=0.059900, best fit=0.701200, best_overall=0.701200, mean_diversity=0.090486,
indivs=13925342, elapsed_secs=23513, mean=0.620150, stdev=0.080386, best fit=0.701200, best_overall=0.701200, mean_diversity=0.116126,
indivs=13935440, elapsed_secs=23534, mean=0.638729, stdev=0.099066, best fit=0.701200, best_overall=0.701200, mean_diversity=0.057636,
indivs=13945538, elapsed_secs=23554, mean=0.590810, stdev=0.103950, best fit=0.701200, best_overall=0.701200, mean_diversity=0.106948,
indivs=13955636, elapsed_secs=23576, mean=0.584835, stdev=0.129837, best fit=0.701200, best_overall=0.701200, mean_diversity=0.180896,
indivs=13965734, elapsed_secs=23595, mean=0.623942, stdev=0.136236, best fit=0.701200, best_overall=0.701200, mean_diversity=0.141945,
indivs=13975832, elapsed_secs=23614, mean=0.637056, stdev=0.102957, best fit=0.701200, best_overall=0.701200, mean_diversity=0.079439,
indivs=13985930, elapsed_secs=23635, mean=0.631998, stdev=0.123512, best fit=0.701200, best_overall=0.701200, mean_diversity=0.131678,
indivs=13996028, elapsed_secs=23654, mean=0.639426, stdev=0.101208, best fit=0.701200, best_overall=0.701200, mean_diversity=0.227925,
indivs=14006126, elapsed_secs=23670, mean=0.633772, stdev=0.106263, best fit=0.701200, best_overall=0.701200, mean_diversity=0.137431,
indivs=14016224, elapsed_secs=23689, mean=0.607247, stdev=0.062104, best fit=0.701200, best_overall=0.701200, mean_diversity=0.090906,
indivs=14026322, elapsed_secs=23712, mean=0.626770, stdev=0.085813, best fit=0.701200, best_overall=0.701200, mean_diversity=0.096084,
indivs=14036420, elapsed_secs=23732, mean=0.623938, stdev=0.105553, best fit=0.701200, best_overall=0.701200, mean_diversity=0.101391,
indivs=14046518, elapsed_secs=23750, mean=0.625344, stdev=0.104041, best fit=0.701200, best_overall=0.701200, mean_diversity=0.147134,
indivs=14056616, elapsed_secs=23771, mean=0.646456, stdev=0.091547, best fit=0.701200, best_overall=0.701200, mean_diversity=0.135859,
indivs=14066714, elapsed_secs=23795, mean=0.624086, stdev=0.100888, best fit=0.701200, best_overall=0.701200, mean_diversity=0.106854,
indivs=14076812, elapsed_secs=23814, mean=0.571768, stdev=0.186576, best fit=0.701200, best_overall=0.701200, mean_diversity=0.164382,
indivs=14086910, elapsed_secs=23836, mean=0.602487, stdev=0.098263, best fit=0.701200, best_overall=0.701200, mean_diversity=0.195779,
indivs=14097008, elapsed_secs=23855, mean=0.641838, stdev=0.099565, best fit=0.701200, best_overall=0.701200, mean_diversity=0.128930,
indivs=14107106, elapsed_secs=23873, mean=0.622711, stdev=0.072059, best fit=0.701200, best_overall=0.701200, mean_diversity=0.130199,
indivs=14117204, elapsed_secs=23892, mean=0.602295, stdev=0.135178, best fit=0.701200, best_overall=0.701200, mean_diversity=0.100677,
indivs=14127302, elapsed_secs=23907, mean=0.624774, stdev=0.086717, best fit=0.701200, best_overall=0.701200, mean_diversity=0.063710,
indivs=14137400, elapsed_secs=23932, mean=0.607730, stdev=0.113108, best fit=0.701200, best_overall=0.701200, mean_diversity=0.177156,
indivs=14147498, elapsed_secs=23957, mean=0.603380, stdev=0.111722, best fit=0.701200, best_overall=0.701200, mean_diversity=0.132801,
indivs=14157596, elapsed_secs=23976, mean=0.624641, stdev=0.103948, best fit=0.701200, best_overall=0.701200, mean_diversity=0.155482,
indivs=14167694, elapsed_secs=23992, mean=0.614664, stdev=0.097716, best fit=0.701200, best_overall=0.701200, mean_diversity=0.113182,
indivs=14177792, elapsed_secs=24010, mean=0.595398, stdev=0.102971, best fit=0.701200, best_overall=0.701200, mean_diversity=0.196804,
indivs=14187890, elapsed_secs=24027, mean=0.597314, stdev=0.174339, best fit=0.701200, best_overall=0.701200, mean_diversity=0.076270,
indivs=14197988, elapsed_secs=24049, mean=0.606634, stdev=0.081628, best fit=0.701200, best_overall=0.701200, mean_diversity=0.135158,
indivs=14208086, elapsed_secs=24068, mean=0.611420, stdev=0.053115, best fit=0.701200, best_overall=0.701200, mean_diversity=0.092164,
indivs=14218184, elapsed_secs=24084, mean=0.626915, stdev=0.087538, best fit=0.701200, best_overall=0.701200, mean_diversity=0.126807,
indivs=14228282, elapsed_secs=24101, mean=0.624377, stdev=0.069942, best fit=0.701200, best_overall=0.701200, mean_diversity=0.137725,
indivs=14238380, elapsed_secs=24122, mean=0.599268, stdev=0.184106, best fit=0.701200, best_overall=0.701200, mean_diversity=0.105284,
indivs=14248478, elapsed_secs=24147, mean=0.602929, stdev=0.100735, best fit=0.701200, best_overall=0.701200, mean_diversity=0.121043,
indivs=14258576, elapsed_secs=24167, mean=0.609481, stdev=0.086828, best fit=0.701200, best_overall=0.701200, mean_diversity=0.184017,
indivs=14268674, elapsed_secs=24188, mean=0.635466, stdev=0.102790, best fit=0.701200, best_overall=0.701200, mean_diversity=0.068886,
indivs=14278772, elapsed_secs=24209, mean=0.593411, stdev=0.171193, best fit=0.701200, best_overall=0.701200, mean_diversity=0.101814,
indivs=14288870, elapsed_secs=24228, mean=0.632352, stdev=0.080055, best fit=0.701200, best_overall=0.701200, mean_diversity=0.163863,
indivs=14298968, elapsed_secs=24247, mean=0.636475, stdev=0.100826, best fit=0.701200, best_overall=0.701200, mean_diversity=0.094078,
indivs=14309066, elapsed_secs=24271, mean=0.637100, stdev=0.087560, best fit=0.701200, best_overall=0.701200, mean_diversity=0.151903,
indivs=14319164, elapsed_secs=24290, mean=0.637261, stdev=0.083092, best fit=0.701200, best_overall=0.701200, mean_diversity=0.110104,
indivs=14329262, elapsed_secs=24311, mean=0.581365, stdev=0.106542, best fit=0.701200, best_overall=0.701200, mean_diversity=0.117571,
indivs=14339360, elapsed_secs=24329, mean=0.613422, stdev=0.097563, best fit=0.701200, best_overall=0.701200, mean_diversity=0.127191,
indivs=14349458, elapsed_secs=24354, mean=0.636223, stdev=0.083354, best fit=0.701200, best_overall=0.701200, mean_diversity=0.119384,
indivs=14359556, elapsed_secs=24376, mean=0.640149, stdev=0.082553, best fit=0.701200, best_overall=0.701200, mean_diversity=0.110376,
indivs=14369654, elapsed_secs=24394, mean=0.617702, stdev=0.082408, best fit=0.701200, best_overall=0.701200, mean_diversity=0.093933,
indivs=14379752, elapsed_secs=24413, mean=0.590868, stdev=0.122959, best fit=0.701200, best_overall=0.701200, mean_diversity=0.107705,
indivs=14389850, elapsed_secs=24432, mean=0.629036, stdev=0.129411, best fit=0.701200, best_overall=0.701200, mean_diversity=0.087439,
indivs=14399948, elapsed_secs=24448, mean=0.632719, stdev=0.134348, best fit=0.701200, best_overall=0.701200, mean_diversity=0.076125,
indivs=14410046, elapsed_secs=24468, mean=0.618461, stdev=0.112923, best fit=0.701200, best_overall=0.701200, mean_diversity=0.113639,
indivs=14420144, elapsed_secs=24485, mean=0.598802, stdev=0.063434, best fit=0.701200, best_overall=0.701200, mean_diversity=0.096849,
indivs=14430242, elapsed_secs=24505, mean=0.616756, stdev=0.055874, best fit=0.701200, best_overall=0.701200, mean_diversity=0.164931,
indivs=14440340, elapsed_secs=24524, mean=0.609689, stdev=0.108813, best fit=0.701200, best_overall=0.701200, mean_diversity=0.084179,
indivs=14450438, elapsed_secs=24546, mean=0.641850, stdev=0.082974, best fit=0.701200, best_overall=0.701200, mean_diversity=0.076730,
indivs=14460536, elapsed_secs=24566, mean=0.633099, stdev=0.135381, best fit=0.701200, best_overall=0.701200, mean_diversity=0.083685,
indivs=14470634, elapsed_secs=24600, mean=0.635224, stdev=0.104824, best fit=0.701200, best_overall=0.701200, mean_diversity=0.113408,
indivs=14480732, elapsed_secs=24624, mean=0.599193, stdev=0.072108, best fit=0.701200, best_overall=0.701200, mean_diversity=0.145137,
indivs=14490830, elapsed_secs=24644, mean=0.635500, stdev=0.108267, best fit=0.701200, best_overall=0.701200, mean_diversity=0.170122,
indivs=14500928, elapsed_secs=24664, mean=0.608240, stdev=0.068103, best fit=0.701200, best_overall=0.701200, mean_diversity=0.108992,
indivs=14511026, elapsed_secs=24682, mean=0.603998, stdev=0.131113, best fit=0.701200, best_overall=0.701200, mean_diversity=0.105348,
indivs=14521124, elapsed_secs=24709, mean=0.605713, stdev=0.085404, best fit=0.701200, best_overall=0.701200, mean_diversity=0.129748,
indivs=14531222, elapsed_secs=24731, mean=0.621050, stdev=0.122805, best fit=0.701200, best_overall=0.701200, mean_diversity=0.132740,
indivs=14541320, elapsed_secs=24754, mean=0.644413, stdev=0.097253, best fit=0.701200, best_overall=0.701200, mean_diversity=0.099562,
indivs=14551418, elapsed_secs=24778, mean=0.641051, stdev=0.083964, best fit=0.701200, best_overall=0.701200, mean_diversity=0.112902,
indivs=14561516, elapsed_secs=24801, mean=0.598693, stdev=0.180311, best fit=0.701200, best_overall=0.701200, mean_diversity=0.120608,
indivs=14571614, elapsed_secs=24823, mean=0.638752, stdev=0.132881, best fit=0.701200, best_overall=0.701200, mean_diversity=0.206554,
indivs=14581712, elapsed_secs=24841, mean=0.618342, stdev=0.099184, best fit=0.701200, best_overall=0.701200, mean_diversity=0.159747,
indivs=14591810, elapsed_secs=24860, mean=0.597703, stdev=0.087873, best fit=0.701200, best_overall=0.701200, mean_diversity=0.118869,
indivs=14601908, elapsed_secs=24881, mean=0.627753, stdev=0.138448, best fit=0.701200, best_overall=0.701200, mean_diversity=0.101175,
indivs=14612006, elapsed_secs=24900, mean=0.595777, stdev=0.066827, best fit=0.701200, best_overall=0.701200, mean_diversity=0.081510,
indivs=14622104, elapsed_secs=24922, mean=0.600589, stdev=0.093364, best fit=0.701200, best_overall=0.701200, mean_diversity=0.100361,
indivs=14632202, elapsed_secs=24938, mean=0.613054, stdev=0.063236, best fit=0.701200, best_overall=0.701200, mean_diversity=0.110241,
indivs=14642300, elapsed_secs=24956, mean=0.628614, stdev=0.127785, best fit=0.701200, best_overall=0.701200, mean_diversity=0.177676,
indivs=14652398, elapsed_secs=24980, mean=0.607396, stdev=0.069843, best fit=0.701200, best_overall=0.701200, mean_diversity=0.108429,
indivs=14662496, elapsed_secs=25001, mean=0.612111, stdev=0.062362, best fit=0.701200, best_overall=0.701200, mean_diversity=0.091167,
indivs=14672594, elapsed_secs=25022, mean=0.614183, stdev=0.051521, best fit=0.701200, best_overall=0.701200, mean_diversity=0.099332,
indivs=14682692, elapsed_secs=25039, mean=0.618070, stdev=0.163802, best fit=0.701200, best_overall=0.701200, mean_diversity=0.122681,
indivs=14692790, elapsed_secs=25058, mean=0.620952, stdev=0.071975, best fit=0.701200, best_overall=0.701200, mean_diversity=0.121698,
indivs=14702888, elapsed_secs=25072, mean=0.592473, stdev=0.152222, best fit=0.701200, best_overall=0.701200, mean_diversity=0.109458,
indivs=14712986, elapsed_secs=25098, mean=0.652400, stdev=0.073714, best fit=0.701200, best_overall=0.701200, mean_diversity=0.100508,
indivs=14723084, elapsed_secs=25115, mean=0.648426, stdev=0.075640, best fit=0.701200, best_overall=0.701200, mean_diversity=0.168565,
indivs=14733182, elapsed_secs=25137, mean=0.599340, stdev=0.064672, best fit=0.701200, best_overall=0.701200, mean_diversity=0.105447,
indivs=14743280, elapsed_secs=25155, mean=0.615892, stdev=0.112608, best fit=0.701200, best_overall=0.701200, mean_diversity=0.143814,
indivs=14753378, elapsed_secs=25173, mean=0.629481, stdev=0.134845, best fit=0.701200, best_overall=0.701200, mean_diversity=0.181625,
indivs=14763476, elapsed_secs=25192, mean=0.636924, stdev=0.101369, best fit=0.701200, best_overall=0.701200, mean_diversity=0.113757,
indivs=14773574, elapsed_secs=25208, mean=0.618475, stdev=0.108266, best fit=0.701200, best_overall=0.701200, mean_diversity=0.062995,
indivs=14783672, elapsed_secs=25229, mean=0.609222, stdev=0.120878, best fit=0.701200, best_overall=0.701200, mean_diversity=0.198582,
indivs=14793770, elapsed_secs=25251, mean=0.617574, stdev=0.070173, best fit=0.701200, best_overall=0.701200, mean_diversity=0.087883,
indivs=14803868, elapsed_secs=25274, mean=0.616102, stdev=0.123848, best fit=0.701200, best_overall=0.701200, mean_diversity=0.087119,
indivs=14813966, elapsed_secs=25298, mean=0.641740, stdev=0.096690, best fit=0.701200, best_overall=0.701200, mean_diversity=0.082766,
indivs=14824064, elapsed_secs=25321, mean=0.602950, stdev=0.151692, best fit=0.701200, best_overall=0.701200, mean_diversity=0.125671,
indivs=14834162, elapsed_secs=25344, mean=0.633514, stdev=0.093400, best fit=0.701200, best_overall=0.701200, mean_diversity=0.151390,
indivs=14844260, elapsed_secs=25361, mean=0.639719, stdev=0.080571, best fit=0.701200, best_overall=0.701200, mean_diversity=0.183617,
indivs=14854358, elapsed_secs=25384, mean=0.592995, stdev=0.112684, best fit=0.701200, best_overall=0.701200, mean_diversity=0.122275,
indivs=14864456, elapsed_secs=25403, mean=0.622223, stdev=0.109451, best fit=0.701200, best_overall=0.701200, mean_diversity=0.093075,
indivs=14874554, elapsed_secs=25428, mean=0.620387, stdev=0.122934, best fit=0.701200, best_overall=0.701200, mean_diversity=0.104480,
indivs=14884652, elapsed_secs=25443, mean=0.628489, stdev=0.102056, best fit=0.701200, best_overall=0.701200, mean_diversity=0.147154,
indivs=14894750, elapsed_secs=25463, mean=0.625272, stdev=0.094737, best fit=0.701200, best_overall=0.701200, mean_diversity=0.289040,
indivs=14904848, elapsed_secs=25482, mean=0.615750, stdev=0.138797, best fit=0.701200, best_overall=0.701200, mean_diversity=0.143821,
indivs=14914946, elapsed_secs=25505, mean=0.642655, stdev=0.096527, best fit=0.701200, best_overall=0.701200, mean_diversity=0.100755,
indivs=14925044, elapsed_secs=25527, mean=0.631549, stdev=0.112852, best fit=0.701200, best_overall=0.701200, mean_diversity=0.092235,
indivs=14935142, elapsed_secs=25549, mean=0.626355, stdev=0.082060, best fit=0.701200, best_overall=0.701200, mean_diversity=0.125238,
indivs=14945240, elapsed_secs=25573, mean=0.622854, stdev=0.136590, best fit=0.701200, best_overall=0.701200, mean_diversity=0.101662,
indivs=14955338, elapsed_secs=25594, mean=0.599342, stdev=0.152940, best fit=0.701200, best_overall=0.701200, mean_diversity=0.102059,
indivs=14965436, elapsed_secs=25614, mean=0.641160, stdev=0.083096, best fit=0.701200, best_overall=0.701200, mean_diversity=0.124276,
indivs=14975534, elapsed_secs=25635, mean=0.634385, stdev=0.112383, best fit=0.701200, best_overall=0.701200, mean_diversity=0.138691,
indivs=14985632, elapsed_secs=25660, mean=0.635992, stdev=0.100503, best fit=0.701200, best_overall=0.701200, mean_diversity=0.230720,
indivs=14995730, elapsed_secs=25682, mean=0.624469, stdev=0.140434, best fit=0.701200, best_overall=0.701200, mean_diversity=0.098065,
indivs=15005828, elapsed_secs=25704, mean=0.592221, stdev=0.109877, best fit=0.701200, best_overall=0.701200, mean_diversity=0.202317,
indivs=15015926, elapsed_secs=25719, mean=0.630729, stdev=0.106289, best fit=0.701200, best_overall=0.701200, mean_diversity=0.250210,
indivs=15026024, elapsed_secs=25738, mean=0.632630, stdev=0.107522, best fit=0.701200, best_overall=0.701200, mean_diversity=0.132218,
indivs=15036122, elapsed_secs=25757, mean=0.633195, stdev=0.104388, best fit=0.701200, best_overall=0.701200, mean_diversity=0.078885,
indivs=15046220, elapsed_secs=25777, mean=0.604612, stdev=0.106104, best fit=0.701200, best_overall=0.701200, mean_diversity=0.120866,
indivs=15056318, elapsed_secs=25792, mean=0.612587, stdev=0.101270, best fit=0.701200, best_overall=0.701200, mean_diversity=0.110338,
indivs=15066416, elapsed_secs=25815, mean=0.579737, stdev=0.092448, best fit=0.701200, best_overall=0.701200, mean_diversity=0.160193,
indivs=15076514, elapsed_secs=25837, mean=0.602544, stdev=0.172167, best fit=0.701200, best_overall=0.701200, mean_diversity=0.119438,
indivs=15086612, elapsed_secs=25857, mean=0.593523, stdev=0.092116, best fit=0.701200, best_overall=0.701200, mean_diversity=0.120835,
indivs=15096710, elapsed_secs=25874, mean=0.637808, stdev=0.103556, best fit=0.701200, best_overall=0.701200, mean_diversity=0.161064,
indivs=15106808, elapsed_secs=25890, mean=0.639326, stdev=0.081996, best fit=0.701200, best_overall=0.701200, mean_diversity=0.073688,
indivs=15116906, elapsed_secs=25910, mean=0.619605, stdev=0.123349, best fit=0.701200, best_overall=0.701200, mean_diversity=0.129685,
indivs=15127004, elapsed_secs=25929, mean=0.648492, stdev=0.100656, best fit=0.701200, best_overall=0.701200, mean_diversity=0.122027,
indivs=15137102, elapsed_secs=25950, mean=0.645116, stdev=0.099591, best fit=0.701200, best_overall=0.701200, mean_diversity=0.118080,
indivs=15147200, elapsed_secs=25966, mean=0.635030, stdev=0.103790, best fit=0.701200, best_overall=0.701200, mean_diversity=0.167993,
indivs=15157298, elapsed_secs=25988, mean=0.598732, stdev=0.085571, best fit=0.701200, best_overall=0.701200, mean_diversity=0.202837,
indivs=15167396, elapsed_secs=26007, mean=0.618347, stdev=0.148320, best fit=0.701200, best_overall=0.701200, mean_diversity=0.112367,
indivs=15177494, elapsed_secs=26029, mean=0.621374, stdev=0.078399, best fit=0.701200, best_overall=0.701200, mean_diversity=0.200418,
indivs=15187592, elapsed_secs=26052, mean=0.606955, stdev=0.070233, best fit=0.701200, best_overall=0.701200, mean_diversity=0.107972,
indivs=15197690, elapsed_secs=26077, mean=0.622233, stdev=0.072860, best fit=0.701200, best_overall=0.701200, mean_diversity=0.147143,
indivs=15207788, elapsed_secs=26097, mean=0.601263, stdev=0.130731, best fit=0.701200, best_overall=0.701200, mean_diversity=0.110946,
indivs=15217886, elapsed_secs=26122, mean=0.611601, stdev=0.056567, best fit=0.701200, best_overall=0.701200, mean_diversity=0.162109,
indivs=15227984, elapsed_secs=26141, mean=0.619799, stdev=0.138855, best fit=0.701200, best_overall=0.701200, mean_diversity=0.188008,
indivs=15238082, elapsed_secs=26159, mean=0.632299, stdev=0.133599, best fit=0.701200, best_overall=0.701200, mean_diversity=0.106506,
indivs=15248180, elapsed_secs=26178, mean=0.620063, stdev=0.102023, best fit=0.701200, best_overall=0.701200, mean_diversity=0.106241,
indivs=15258278, elapsed_secs=26210, mean=0.646607, stdev=0.068788, best fit=0.701200, best_overall=0.701200, mean_diversity=0.120843,
indivs=15268376, elapsed_secs=26228, mean=0.617736, stdev=0.144738, best fit=0.701200, best_overall=0.701200, mean_diversity=0.141071,
indivs=15278474, elapsed_secs=26246, mean=0.631838, stdev=0.106109, best fit=0.701200, best_overall=0.701200, mean_diversity=0.120671,
indivs=15288572, elapsed_secs=26264, mean=0.624615, stdev=0.074145, best fit=0.701200, best_overall=0.701200, mean_diversity=0.100258,
indivs=15298670, elapsed_secs=26286, mean=0.630466, stdev=0.118304, best fit=0.701200, best_overall=0.701200, mean_diversity=0.110651,
indivs=15308768, elapsed_secs=26305, mean=0.600033, stdev=0.081126, best fit=0.701200, best_overall=0.701200, mean_diversity=0.115479,
indivs=15318866, elapsed_secs=26325, mean=0.645718, stdev=0.075996, best fit=0.701200, best_overall=0.701200, mean_diversity=0.132428,
indivs=15328964, elapsed_secs=26342, mean=0.627249, stdev=0.088821, best fit=0.701200, best_overall=0.701200, mean_diversity=0.145166,
indivs=15339062, elapsed_secs=26367, mean=0.611082, stdev=0.091472, best fit=0.701200, best_overall=0.701200, mean_diversity=0.081671,
indivs=15349160, elapsed_secs=26386, mean=0.625430, stdev=0.098406, best fit=0.701200, best_overall=0.701200, mean_diversity=0.074643,
indivs=15359258, elapsed_secs=26408, mean=0.620193, stdev=0.101682, best fit=0.701200, best_overall=0.701200, mean_diversity=0.114566,
indivs=15369356, elapsed_secs=26429, mean=0.628694, stdev=0.068136, best fit=0.701200, best_overall=0.701200, mean_diversity=0.273571,
indivs=15379454, elapsed_secs=26447, mean=0.620091, stdev=0.087163, best fit=0.701200, best_overall=0.701200, mean_diversity=0.096097,
indivs=15389552, elapsed_secs=26464, mean=0.631818, stdev=0.121122, best fit=0.701200, best_overall=0.701200, mean_diversity=0.148504,
indivs=15399650, elapsed_secs=26486, mean=0.629244, stdev=0.089922, best fit=0.701200, best_overall=0.701200, mean_diversity=0.169753,
indivs=15409748, elapsed_secs=26504, mean=0.609536, stdev=0.059490, best fit=0.701200, best_overall=0.701200, mean_diversity=0.148439,
indivs=15419846, elapsed_secs=26521, mean=0.609436, stdev=0.124314, best fit=0.701200, best_overall=0.701200, mean_diversity=0.092910,
indivs=15429944, elapsed_secs=26543, mean=0.633594, stdev=0.081733, best fit=0.701200, best_overall=0.701200, mean_diversity=0.095762,
indivs=15440042, elapsed_secs=26561, mean=0.619997, stdev=0.072161, best fit=0.701200, best_overall=0.701200, mean_diversity=0.104568,
indivs=15450140, elapsed_secs=26579, mean=0.597437, stdev=0.093554, best fit=0.701200, best_overall=0.701200, mean_diversity=0.085756,
indivs=15460238, elapsed_secs=26599, mean=0.597444, stdev=0.092840, best fit=0.701200, best_overall=0.701200, mean_diversity=0.117050,
indivs=15470336, elapsed_secs=26621, mean=0.639992, stdev=0.073863, best fit=0.701200, best_overall=0.701200, mean_diversity=0.173363,
indivs=15480434, elapsed_secs=26641, mean=0.567890, stdev=0.164650, best fit=0.701200, best_overall=0.701200, mean_diversity=0.081944,
indivs=15490532, elapsed_secs=26664, mean=0.620079, stdev=0.122908, best fit=0.701200, best_overall=0.701200, mean_diversity=0.187254,
indivs=15500630, elapsed_secs=26687, mean=0.641019, stdev=0.082787, best fit=0.701200, best_overall=0.701200, mean_diversity=0.130253,
indivs=15510728, elapsed_secs=26708, mean=0.643185, stdev=0.102935, best fit=0.701200, best_overall=0.701200, mean_diversity=0.250037,
indivs=15520826, elapsed_secs=26730, mean=0.611744, stdev=0.136630, best fit=0.701200, best_overall=0.701200, mean_diversity=0.170661,
indivs=15530924, elapsed_secs=26750, mean=0.622949, stdev=0.120705, best fit=0.701200, best_overall=0.701200, mean_diversity=0.088537,
indivs=15541022, elapsed_secs=26769, mean=0.625462, stdev=0.093132, best fit=0.701200, best_overall=0.701200, mean_diversity=0.090946,
indivs=15551120, elapsed_secs=26793, mean=0.640786, stdev=0.082170, best fit=0.701200, best_overall=0.701200, mean_diversity=0.100914,
indivs=15561218, elapsed_secs=26811, mean=0.644044, stdev=0.103087, best fit=0.701200, best_overall=0.701200, mean_diversity=0.116346,
indivs=15571316, elapsed_secs=26827, mean=0.604908, stdev=0.114827, best fit=0.701200, best_overall=0.701200, mean_diversity=0.130156,
indivs=15581414, elapsed_secs=26848, mean=0.599920, stdev=0.082355, best fit=0.701200, best_overall=0.701200, mean_diversity=0.096928,
indivs=15591512, elapsed_secs=26868, mean=0.597011, stdev=0.169649, best fit=0.701200, best_overall=0.701200, mean_diversity=0.131775,
indivs=15601610, elapsed_secs=26888, mean=0.643170, stdev=0.100773, best fit=0.701200, best_overall=0.701200, mean_diversity=0.076978,
indivs=15611708, elapsed_secs=26911, mean=0.599802, stdev=0.093362, best fit=0.701200, best_overall=0.701200, mean_diversity=0.112774,
indivs=15621806, elapsed_secs=26930, mean=0.627608, stdev=0.117928, best fit=0.701200, best_overall=0.701200, mean_diversity=0.121794,
indivs=15631904, elapsed_secs=26949, mean=0.609853, stdev=0.108911, best fit=0.701200, best_overall=0.701200, mean_diversity=0.141720,
indivs=15642002, elapsed_secs=26967, mean=0.636810, stdev=0.079085, best fit=0.701200, best_overall=0.701200, mean_diversity=0.123243,
indivs=15652100, elapsed_secs=26989, mean=0.619230, stdev=0.078056, best fit=0.701200, best_overall=0.701200, mean_diversity=0.168549,
indivs=15662198, elapsed_secs=27007, mean=0.588617, stdev=0.096001, best fit=0.701200, best_overall=0.701200, mean_diversity=0.127351,
indivs=15672296, elapsed_secs=27023, mean=0.655711, stdev=0.074529, best fit=0.701200, best_overall=0.701200, mean_diversity=0.088140,
indivs=15682394, elapsed_secs=27041, mean=0.615760, stdev=0.138228, best fit=0.701200, best_overall=0.701200, mean_diversity=0.113035,
indivs=15692492, elapsed_secs=27066, mean=0.636925, stdev=0.119085, best fit=0.701200, best_overall=0.701200, mean_diversity=0.071103,
indivs=15702590, elapsed_secs=27086, mean=0.635912, stdev=0.087164, best fit=0.701200, best_overall=0.701200, mean_diversity=0.076032,
indivs=15712688, elapsed_secs=27108, mean=0.586780, stdev=0.104573, best fit=0.701200, best_overall=0.701200, mean_diversity=0.183227,
indivs=15722786, elapsed_secs=27128, mean=0.617828, stdev=0.138823, best fit=0.701200, best_overall=0.701200, mean_diversity=0.089766,
indivs=15732884, elapsed_secs=27151, mean=0.643319, stdev=0.118917, best fit=0.701200, best_overall=0.701200, mean_diversity=0.139474,
indivs=15742982, elapsed_secs=27169, mean=0.639828, stdev=0.104518, best fit=0.701200, best_overall=0.701200, mean_diversity=0.138431,
indivs=15753080, elapsed_secs=27194, mean=0.641373, stdev=0.095650, best fit=0.701200, best_overall=0.701200, mean_diversity=0.084059,
indivs=15763178, elapsed_secs=27212, mean=0.622910, stdev=0.161894, best fit=0.701200, best_overall=0.701200, mean_diversity=0.147761,
indivs=15773276, elapsed_secs=27231, mean=0.624773, stdev=0.099388, best fit=0.701200, best_overall=0.701200, mean_diversity=0.194698,
indivs=15783374, elapsed_secs=27254, mean=0.600596, stdev=0.085437, best fit=0.701200, best_overall=0.701200, mean_diversity=0.095586,
indivs=15793472, elapsed_secs=27272, mean=0.632754, stdev=0.113536, best fit=0.701200, best_overall=0.701200, mean_diversity=0.144702,
indivs=15803570, elapsed_secs=27289, mean=0.604907, stdev=0.105826, best fit=0.701200, best_overall=0.701200, mean_diversity=0.126356,
indivs=15813668, elapsed_secs=27308, mean=0.643369, stdev=0.117402, best fit=0.701200, best_overall=0.701200, mean_diversity=0.097073,
indivs=15823766, elapsed_secs=27326, mean=0.639280, stdev=0.144644, best fit=0.701200, best_overall=0.701200, mean_diversity=0.082288,
indivs=15833864, elapsed_secs=27344, mean=0.577525, stdev=0.151568, best fit=0.701200, best_overall=0.701200, mean_diversity=0.215776,
indivs=15843962, elapsed_secs=27370, mean=0.588200, stdev=0.105325, best fit=0.701200, best_overall=0.701200, mean_diversity=0.182195,
indivs=15854060, elapsed_secs=27389, mean=0.613136, stdev=0.148801, best fit=0.701200, best_overall=0.701200, mean_diversity=0.163209,
indivs=15864158, elapsed_secs=27411, mean=0.646094, stdev=0.079702, best fit=0.701200, best_overall=0.701200, mean_diversity=0.158242,
indivs=15874256, elapsed_secs=27433, mean=0.640105, stdev=0.082021, best fit=0.701200, best_overall=0.701200, mean_diversity=0.187941,
indivs=15884354, elapsed_secs=27452, mean=0.615789, stdev=0.092451, best fit=0.701200, best_overall=0.701200, mean_diversity=0.137945,
indivs=15894452, elapsed_secs=27474, mean=0.599419, stdev=0.085700, best fit=0.701200, best_overall=0.701200, mean_diversity=0.118684,
indivs=15904550, elapsed_secs=27497, mean=0.629812, stdev=0.122074, best fit=0.701200, best_overall=0.701200, mean_diversity=0.158976,
indivs=15914648, elapsed_secs=27514, mean=0.624982, stdev=0.105793, best fit=0.701200, best_overall=0.701200, mean_diversity=0.177099,
indivs=15924746, elapsed_secs=27538, mean=0.622190, stdev=0.139249, best fit=0.701200, best_overall=0.701200, mean_diversity=0.116962,
indivs=15934844, elapsed_secs=27561, mean=0.596078, stdev=0.071518, best fit=0.701200, best_overall=0.701200, mean_diversity=0.137409,
indivs=15944942, elapsed_secs=27582, mean=0.637121, stdev=0.121798, best fit=0.701200, best_overall=0.701200, mean_diversity=0.070852,
indivs=15955040, elapsed_secs=27603, mean=0.612617, stdev=0.098097, best fit=0.701200, best_overall=0.701200, mean_diversity=0.261472,
indivs=15965138, elapsed_secs=27623, mean=0.610117, stdev=0.069647, best fit=0.701200, best_overall=0.701200, mean_diversity=0.127071,
indivs=15975236, elapsed_secs=27644, mean=0.622929, stdev=0.073120, best fit=0.701200, best_overall=0.701200, mean_diversity=0.106361,
indivs=15985334, elapsed_secs=27662, mean=0.621816, stdev=0.098250, best fit=0.701200, best_overall=0.701200, mean_diversity=0.096935,
indivs=15995432, elapsed_secs=27685, mean=0.631090, stdev=0.086824, best fit=0.701200, best_overall=0.701200, mean_diversity=0.093691,
indivs=16005530, elapsed_secs=27705, mean=0.634789, stdev=0.071925, best fit=0.701200, best_overall=0.701200, mean_diversity=0.125985,
indivs=16015628, elapsed_secs=27728, mean=0.614084, stdev=0.059938, best fit=0.701200, best_overall=0.701200, mean_diversity=0.096489,
indivs=16025726, elapsed_secs=27752, mean=0.626261, stdev=0.062308, best fit=0.701200, best_overall=0.701200, mean_diversity=0.066903,
indivs=16035824, elapsed_secs=27773, mean=0.608234, stdev=0.109017, best fit=0.701200, best_overall=0.701200, mean_diversity=0.181483,
indivs=16045922, elapsed_secs=27791, mean=0.632193, stdev=0.097836, best fit=0.701200, best_overall=0.701200, mean_diversity=0.114096,
indivs=16056020, elapsed_secs=27808, mean=0.610143, stdev=0.088133, best fit=0.701200, best_overall=0.701200, mean_diversity=0.124375,
indivs=16066118, elapsed_secs=27837, mean=0.636147, stdev=0.098337, best fit=0.701200, best_overall=0.701200, mean_diversity=0.272263,
indivs=16076216, elapsed_secs=27858, mean=0.633128, stdev=0.118413, best fit=0.701200, best_overall=0.701200, mean_diversity=0.104198,
indivs=16086314, elapsed_secs=27879, mean=0.627678, stdev=0.073316, best fit=0.701200, best_overall=0.701200, mean_diversity=0.103892,
indivs=16096412, elapsed_secs=27899, mean=0.621193, stdev=0.103169, best fit=0.701200, best_overall=0.701200, mean_diversity=0.277453,
indivs=16106510, elapsed_secs=27919, mean=0.637650, stdev=0.085671, best fit=0.701200, best_overall=0.701200, mean_diversity=0.250189,
indivs=16116608, elapsed_secs=27940, mean=0.595335, stdev=0.167514, best fit=0.701200, best_overall=0.701200, mean_diversity=0.154441,
indivs=16126706, elapsed_secs=27959, mean=0.631537, stdev=0.084624, best fit=0.701200, best_overall=0.701200, mean_diversity=0.128134,
indivs=16136804, elapsed_secs=27975, mean=0.628942, stdev=0.142794, best fit=0.701200, best_overall=0.701200, mean_diversity=0.120923,
indivs=16146902, elapsed_secs=27995, mean=0.629666, stdev=0.084050, best fit=0.701200, best_overall=0.701200, mean_diversity=0.125897,
indivs=16157000, elapsed_secs=28014, mean=0.646659, stdev=0.085047, best fit=0.701200, best_overall=0.701200, mean_diversity=0.079031,
indivs=16167098, elapsed_secs=28040, mean=0.617737, stdev=0.114344, best fit=0.701200, best_overall=0.701200, mean_diversity=0.090149,
indivs=16177196, elapsed_secs=28060, mean=0.637411, stdev=0.103823, best fit=0.701200, best_overall=0.701200, mean_diversity=0.146789,
indivs=16187294, elapsed_secs=28081, mean=0.619014, stdev=0.081491, best fit=0.701200, best_overall=0.701200, mean_diversity=0.071561,
indivs=16197392, elapsed_secs=28099, mean=0.616388, stdev=0.053180, best fit=0.701200, best_overall=0.701200, mean_diversity=0.113636,
indivs=16207490, elapsed_secs=28115, mean=0.623830, stdev=0.137284, best fit=0.701200, best_overall=0.701200, mean_diversity=0.096250,
indivs=16217588, elapsed_secs=28135, mean=0.619217, stdev=0.105432, best fit=0.701200, best_overall=0.701200, mean_diversity=0.274830,
indivs=16227686, elapsed_secs=28159, mean=0.625340, stdev=0.138924, best fit=0.701200, best_overall=0.701200, mean_diversity=0.097258,
indivs=16237784, elapsed_secs=28178, mean=0.602393, stdev=0.085897, best fit=0.701200, best_overall=0.701200, mean_diversity=0.147547,
Experiment done. Retrieving candidate algorithm.
Search fitness for candidate algorithm = 0.701200
Evaluating candidate algorithm from experiment (on T_select tasks)... 
Select fitness for candidate algorithm = 0.694800
Select fitness is the best so far. 

Final evaluation of best algorithm (on unseen tasks)...
Final evaluation fitness (on unseen data) = 0.689530
Algorithm found: 
def Setup():
  s2 = gaussian(-0.633328, 0.751736)
  s1 = uniform(0.480887, -0.12637)
  v7 = uniform(-2.62958, 0.103114, n_features)
  v8 = uniform(-0.604843, 0.216383, n_features)
  v3 = uniform(0.0650207, 0.123381, n_features)
  s4 = gaussian(-0.789675, 0.0549292)
def Predict():
  v6 = v8 + v6
  v4 = v6 + v5
  v8 = maximum(v4, v4)
  v4 = v5 + v2
  v1 = maximum(v3, v0)
  s2 = s4 + s3
  v1 = v3 + v0
  s1 = dot(v4, v0)
  v3 = dot(m1, v7)
  s1 = dot(v1, v6)
def Learn():
  v5 = v6 + v5
  v2 = s4 * v7
  s3 = s3 - s1
  v8 = heaviside(v4, 1.0)
  v1 = s3 * v4
  s3 = s4 * s1
  s3 = s0 + s3
  v3 = s4 * v2
  m0 = outer(v2, v3)
  v8 = s3 * v0

