Random seed = 3866734872
/p/work/rditljtd/automl_zero/baseline_full.db3
evol_id:83371
SQLite Version: 3.4.0

Creating database for run.
/p/work/rditljtd/automl_zero/baseline_full.db3
Running evolution experiment (on the T_search tasks)...
indivs=200, elapsed_secs=0, mean=0.500000, stdev=0.000000, best fit=0.500000, best_overall=0.500000, mean_diversity=0.000000,
indivs=10298, elapsed_secs=12, mean=0.523948, stdev=0.049063, best fit=0.575200, best_overall=0.575200, mean_diversity=0.173689,
indivs=20396, elapsed_secs=17, mean=0.541033, stdev=0.031027, best fit=0.577400, best_overall=0.577400, mean_diversity=0.153833,
indivs=30494, elapsed_secs=21, mean=0.530664, stdev=0.023806, best fit=0.577400, best_overall=0.577400, mean_diversity=0.200225,
indivs=40592, elapsed_secs=27, mean=0.526389, stdev=0.034352, best fit=0.581900, best_overall=0.581900, mean_diversity=0.246026,
indivs=50690, elapsed_secs=34, mean=0.530427, stdev=0.023176, best fit=0.583700, best_overall=0.583700, mean_diversity=0.238440,
indivs=60788, elapsed_secs=42, mean=0.539702, stdev=0.030923, best fit=0.596500, best_overall=0.596500, mean_diversity=0.201558,
indivs=70886, elapsed_secs=49, mean=0.527031, stdev=0.021691, best fit=0.596500, best_overall=0.596500, mean_diversity=0.193322,
indivs=80984, elapsed_secs=55, mean=0.534582, stdev=0.031065, best fit=0.596500, best_overall=0.596500, mean_diversity=0.167016,
indivs=91082, elapsed_secs=64, mean=0.535695, stdev=0.032721, best fit=0.596500, best_overall=0.596500, mean_diversity=0.261068,
indivs=101180, elapsed_secs=71, mean=0.527810, stdev=0.022791, best fit=0.596500, best_overall=0.596500, mean_diversity=0.175891,
indivs=111278, elapsed_secs=81, mean=0.503598, stdev=0.090294, best fit=0.596500, best_overall=0.596500, mean_diversity=0.100171,
indivs=121376, elapsed_secs=88, mean=0.533806, stdev=0.019574, best fit=0.596500, best_overall=0.596500, mean_diversity=0.207661,
indivs=131474, elapsed_secs=96, mean=0.543064, stdev=0.029715, best fit=0.596500, best_overall=0.596500, mean_diversity=0.236995,
indivs=141572, elapsed_secs=103, mean=0.539035, stdev=0.028985, best fit=0.596500, best_overall=0.596500, mean_diversity=0.279865,
indivs=151670, elapsed_secs=109, mean=0.530349, stdev=0.062101, best fit=0.596500, best_overall=0.596500, mean_diversity=0.241854,
indivs=161768, elapsed_secs=116, mean=0.519503, stdev=0.058518, best fit=0.596500, best_overall=0.596500, mean_diversity=0.220516,
indivs=171866, elapsed_secs=123, mean=0.543929, stdev=0.025852, best fit=0.596500, best_overall=0.596500, mean_diversity=0.156921,
indivs=181964, elapsed_secs=132, mean=0.539689, stdev=0.057865, best fit=0.596500, best_overall=0.596500, mean_diversity=0.158726,
indivs=192062, elapsed_secs=139, mean=0.531954, stdev=0.034690, best fit=0.596500, best_overall=0.596500, mean_diversity=0.134332,
indivs=202160, elapsed_secs=146, mean=0.535795, stdev=0.026062, best fit=0.596500, best_overall=0.596500, mean_diversity=0.241447,
indivs=212258, elapsed_secs=158, mean=0.539050, stdev=0.034361, best fit=0.596500, best_overall=0.596500, mean_diversity=0.174361,
indivs=222356, elapsed_secs=167, mean=0.523342, stdev=0.022346, best fit=0.596500, best_overall=0.596500, mean_diversity=0.183112,
indivs=232454, elapsed_secs=173, mean=0.537443, stdev=0.034374, best fit=0.596500, best_overall=0.596500, mean_diversity=0.158467,
indivs=242552, elapsed_secs=181, mean=0.483554, stdev=0.135823, best fit=0.596500, best_overall=0.596500, mean_diversity=0.150090,
indivs=252650, elapsed_secs=190, mean=0.539750, stdev=0.037075, best fit=0.596500, best_overall=0.596500, mean_diversity=0.226285,
indivs=262748, elapsed_secs=199, mean=0.615727, stdev=0.072041, best fit=0.668900, best_overall=0.668900, mean_diversity=0.182812,
indivs=272846, elapsed_secs=207, mean=0.622792, stdev=0.094857, best fit=0.669100, best_overall=0.669100, mean_diversity=0.188413,
indivs=282944, elapsed_secs=222, mean=0.562495, stdev=0.069463, best fit=0.671100, best_overall=0.671100, mean_diversity=0.148139,
indivs=293042, elapsed_secs=233, mean=0.598631, stdev=0.108671, best fit=0.671100, best_overall=0.671100, mean_diversity=0.118459,
indivs=303140, elapsed_secs=247, mean=0.586824, stdev=0.057906, best fit=0.671100, best_overall=0.671100, mean_diversity=0.179697,
indivs=313238, elapsed_secs=262, mean=0.554813, stdev=0.045327, best fit=0.671100, best_overall=0.671100, mean_diversity=0.175773,
indivs=323336, elapsed_secs=276, mean=0.624551, stdev=0.091431, best fit=0.671100, best_overall=0.671100, mean_diversity=0.128615,
indivs=333434, elapsed_secs=299, mean=0.627507, stdev=0.073992, best fit=0.671100, best_overall=0.671100, mean_diversity=0.112391,
indivs=343532, elapsed_secs=325, mean=0.626667, stdev=0.074737, best fit=0.671100, best_overall=0.671100, mean_diversity=0.113004,
indivs=353630, elapsed_secs=342, mean=0.620244, stdev=0.075703, best fit=0.671100, best_overall=0.671100, mean_diversity=0.145075,
indivs=363728, elapsed_secs=367, mean=0.599386, stdev=0.059895, best fit=0.671100, best_overall=0.671100, mean_diversity=0.227500,
indivs=373826, elapsed_secs=385, mean=0.581129, stdev=0.056972, best fit=0.671100, best_overall=0.671100, mean_diversity=0.266762,
indivs=383924, elapsed_secs=400, mean=0.603144, stdev=0.073165, best fit=0.671200, best_overall=0.671200, mean_diversity=0.155939,
indivs=394022, elapsed_secs=425, mean=0.600610, stdev=0.061903, best fit=0.671200, best_overall=0.671200, mean_diversity=0.119456,
indivs=404120, elapsed_secs=445, mean=0.645138, stdev=0.055588, best fit=0.671200, best_overall=0.671200, mean_diversity=0.166745,
indivs=414218, elapsed_secs=463, mean=0.630177, stdev=0.089542, best fit=0.671200, best_overall=0.671200, mean_diversity=0.153679,
indivs=424316, elapsed_secs=481, mean=0.612305, stdev=0.079210, best fit=0.671200, best_overall=0.671200, mean_diversity=0.130258,
indivs=434414, elapsed_secs=500, mean=0.592327, stdev=0.121226, best fit=0.671200, best_overall=0.671200, mean_diversity=0.170556,
indivs=444512, elapsed_secs=542, mean=0.559286, stdev=0.068519, best fit=0.673400, best_overall=0.673400, mean_diversity=0.130868,
indivs=454610, elapsed_secs=599, mean=0.580598, stdev=0.130233, best fit=0.674000, best_overall=0.674000, mean_diversity=0.138834,
indivs=464708, elapsed_secs=649, mean=0.618215, stdev=0.110957, best fit=0.674000, best_overall=0.674000, mean_diversity=0.142218,
indivs=474806, elapsed_secs=703, mean=0.636071, stdev=0.086986, best fit=0.674000, best_overall=0.674000, mean_diversity=0.130104,
indivs=484904, elapsed_secs=738, mean=0.616167, stdev=0.101443, best fit=0.674000, best_overall=0.674000, mean_diversity=0.196016,
indivs=495002, elapsed_secs=774, mean=0.601110, stdev=0.141967, best fit=0.674000, best_overall=0.674000, mean_diversity=0.126655,
indivs=505100, elapsed_secs=805, mean=0.617133, stdev=0.129006, best fit=0.686600, best_overall=0.686600, mean_diversity=0.273868,
indivs=515198, elapsed_secs=827, mean=0.619343, stdev=0.099070, best fit=0.689900, best_overall=0.689900, mean_diversity=0.158732,
indivs=525296, elapsed_secs=846, mean=0.620846, stdev=0.131188, best fit=0.691000, best_overall=0.691000, mean_diversity=0.193742,
indivs=535394, elapsed_secs=863, mean=0.592634, stdev=0.102141, best fit=0.691000, best_overall=0.691000, mean_diversity=0.133457,
indivs=545492, elapsed_secs=882, mean=0.625170, stdev=0.098820, best fit=0.691000, best_overall=0.691000, mean_diversity=0.216603,
indivs=555590, elapsed_secs=903, mean=0.611018, stdev=0.108393, best fit=0.691000, best_overall=0.691000, mean_diversity=0.193030,
indivs=565688, elapsed_secs=923, mean=0.615125, stdev=0.072527, best fit=0.691000, best_overall=0.691000, mean_diversity=0.246360,
indivs=575786, elapsed_secs=940, mean=0.613918, stdev=0.118373, best fit=0.691000, best_overall=0.691000, mean_diversity=0.214257,
indivs=585884, elapsed_secs=958, mean=0.636672, stdev=0.070917, best fit=0.691000, best_overall=0.691000, mean_diversity=0.209716,
indivs=595982, elapsed_secs=985, mean=0.628426, stdev=0.094757, best fit=0.691200, best_overall=0.691200, mean_diversity=0.144350,
indivs=606080, elapsed_secs=1015, mean=0.622776, stdev=0.092519, best fit=0.691600, best_overall=0.691600, mean_diversity=0.136505,
indivs=616178, elapsed_secs=1040, mean=0.589942, stdev=0.118283, best fit=0.691600, best_overall=0.691600, mean_diversity=0.139687,
indivs=626276, elapsed_secs=1064, mean=0.611310, stdev=0.120789, best fit=0.691600, best_overall=0.691600, mean_diversity=0.125897,
indivs=636374, elapsed_secs=1092, mean=0.592846, stdev=0.157410, best fit=0.691600, best_overall=0.691600, mean_diversity=0.174266,
indivs=646472, elapsed_secs=1111, mean=0.620230, stdev=0.102290, best fit=0.691600, best_overall=0.691600, mean_diversity=0.157705,
indivs=656570, elapsed_secs=1136, mean=0.617645, stdev=0.077321, best fit=0.691600, best_overall=0.691600, mean_diversity=0.163333,
indivs=666668, elapsed_secs=1159, mean=0.637193, stdev=0.096611, best fit=0.691600, best_overall=0.691600, mean_diversity=0.206747,
indivs=676766, elapsed_secs=1175, mean=0.635150, stdev=0.072409, best fit=0.691600, best_overall=0.691600, mean_diversity=0.137105,
indivs=686864, elapsed_secs=1198, mean=0.613253, stdev=0.136117, best fit=0.691600, best_overall=0.691600, mean_diversity=0.105250,
indivs=696962, elapsed_secs=1224, mean=0.626557, stdev=0.118006, best fit=0.691600, best_overall=0.691600, mean_diversity=0.159827,
indivs=707060, elapsed_secs=1240, mean=0.619321, stdev=0.070103, best fit=0.691600, best_overall=0.691600, mean_diversity=0.320102,
indivs=717158, elapsed_secs=1262, mean=0.631592, stdev=0.074525, best fit=0.691600, best_overall=0.691600, mean_diversity=0.192041,
indivs=727256, elapsed_secs=1284, mean=0.631671, stdev=0.126210, best fit=0.691600, best_overall=0.691600, mean_diversity=0.126691,
indivs=737354, elapsed_secs=1313, mean=0.601488, stdev=0.060527, best fit=0.691600, best_overall=0.691600, mean_diversity=0.208805,
indivs=747452, elapsed_secs=1340, mean=0.593906, stdev=0.116315, best fit=0.691600, best_overall=0.691600, mean_diversity=0.178620,
indivs=757550, elapsed_secs=1361, mean=0.615966, stdev=0.114374, best fit=0.691600, best_overall=0.691600, mean_diversity=0.223138,
indivs=767648, elapsed_secs=1392, mean=0.604402, stdev=0.132464, best fit=0.691600, best_overall=0.691600, mean_diversity=0.199095,
indivs=777746, elapsed_secs=1413, mean=0.593895, stdev=0.126303, best fit=0.691600, best_overall=0.691600, mean_diversity=0.242178,
indivs=787844, elapsed_secs=1436, mean=0.627628, stdev=0.078208, best fit=0.691600, best_overall=0.691600, mean_diversity=0.076214,
indivs=797942, elapsed_secs=1468, mean=0.616820, stdev=0.102594, best fit=0.691600, best_overall=0.691600, mean_diversity=0.190138,
indivs=808040, elapsed_secs=1490, mean=0.607780, stdev=0.146814, best fit=0.691600, best_overall=0.691600, mean_diversity=0.092494,
indivs=818138, elapsed_secs=1511, mean=0.629922, stdev=0.095430, best fit=0.691600, best_overall=0.691600, mean_diversity=0.120357,
indivs=828236, elapsed_secs=1531, mean=0.598163, stdev=0.085625, best fit=0.691600, best_overall=0.691600, mean_diversity=0.260327,
indivs=838334, elapsed_secs=1553, mean=0.611933, stdev=0.066384, best fit=0.691600, best_overall=0.691600, mean_diversity=0.138804,
indivs=848432, elapsed_secs=1573, mean=0.614811, stdev=0.051750, best fit=0.691600, best_overall=0.691600, mean_diversity=0.081624,
indivs=858530, elapsed_secs=1599, mean=0.600256, stdev=0.060337, best fit=0.691600, best_overall=0.691600, mean_diversity=0.072060,
indivs=868628, elapsed_secs=1618, mean=0.612756, stdev=0.080648, best fit=0.692900, best_overall=0.692900, mean_diversity=0.324013,
indivs=878726, elapsed_secs=1636, mean=0.634733, stdev=0.111720, best fit=0.692900, best_overall=0.692900, mean_diversity=0.129364,
indivs=888824, elapsed_secs=1657, mean=0.635438, stdev=0.104328, best fit=0.692900, best_overall=0.692900, mean_diversity=0.133849,
indivs=898922, elapsed_secs=1677, mean=0.613843, stdev=0.127156, best fit=0.692900, best_overall=0.692900, mean_diversity=0.057149,
indivs=909020, elapsed_secs=1699, mean=0.636126, stdev=0.090265, best fit=0.692900, best_overall=0.692900, mean_diversity=0.129296,
indivs=919118, elapsed_secs=1728, mean=0.628934, stdev=0.067298, best fit=0.692900, best_overall=0.692900, mean_diversity=0.218786,
indivs=929216, elapsed_secs=1758, mean=0.610809, stdev=0.085944, best fit=0.692900, best_overall=0.692900, mean_diversity=0.147088,
indivs=939314, elapsed_secs=1796, mean=0.623332, stdev=0.118266, best fit=0.699100, best_overall=0.699100, mean_diversity=0.125516,
indivs=949412, elapsed_secs=1825, mean=0.600342, stdev=0.104984, best fit=0.699500, best_overall=0.699500, mean_diversity=0.084173,
indivs=959510, elapsed_secs=1845, mean=0.589703, stdev=0.104955, best fit=0.700600, best_overall=0.700600, mean_diversity=0.138873,
indivs=969608, elapsed_secs=1864, mean=0.619837, stdev=0.161440, best fit=0.700600, best_overall=0.700600, mean_diversity=0.166656,
indivs=979706, elapsed_secs=1881, mean=0.597857, stdev=0.143794, best fit=0.700600, best_overall=0.700600, mean_diversity=0.100722,
indivs=989804, elapsed_secs=1910, mean=0.601502, stdev=0.063049, best fit=0.700600, best_overall=0.700600, mean_diversity=0.132169,
indivs=999902, elapsed_secs=1930, mean=0.604966, stdev=0.174293, best fit=0.700600, best_overall=0.700600, mean_diversity=0.114622,
indivs=1010000, elapsed_secs=1949, mean=0.629218, stdev=0.107836, best fit=0.701500, best_overall=0.701500, mean_diversity=0.082850,
indivs=1020098, elapsed_secs=1965, mean=0.608146, stdev=0.136185, best fit=0.701500, best_overall=0.701500, mean_diversity=0.080473,
indivs=1030196, elapsed_secs=1981, mean=0.612872, stdev=0.121551, best fit=0.701500, best_overall=0.701500, mean_diversity=0.075189,
indivs=1040294, elapsed_secs=2002, mean=0.602565, stdev=0.107839, best fit=0.701500, best_overall=0.701500, mean_diversity=0.133270,
indivs=1050392, elapsed_secs=2017, mean=0.618760, stdev=0.065818, best fit=0.701500, best_overall=0.701500, mean_diversity=0.070370,
indivs=1060490, elapsed_secs=2031, mean=0.595344, stdev=0.141127, best fit=0.701500, best_overall=0.701500, mean_diversity=0.124775,
indivs=1070588, elapsed_secs=2046, mean=0.612667, stdev=0.104247, best fit=0.701500, best_overall=0.701500, mean_diversity=0.155665,
indivs=1080686, elapsed_secs=2064, mean=0.612691, stdev=0.116485, best fit=0.701500, best_overall=0.701500, mean_diversity=0.192915,
indivs=1090784, elapsed_secs=2082, mean=0.606794, stdev=0.103575, best fit=0.701500, best_overall=0.701500, mean_diversity=0.333353,
indivs=1100882, elapsed_secs=2096, mean=0.638437, stdev=0.073977, best fit=0.701500, best_overall=0.701500, mean_diversity=0.091560,
indivs=1110980, elapsed_secs=2119, mean=0.594535, stdev=0.111932, best fit=0.701500, best_overall=0.701500, mean_diversity=0.110196,
indivs=1121078, elapsed_secs=2138, mean=0.620684, stdev=0.141453, best fit=0.701500, best_overall=0.701500, mean_diversity=0.119425,
indivs=1131176, elapsed_secs=2158, mean=0.615367, stdev=0.096763, best fit=0.701500, best_overall=0.701500, mean_diversity=0.079356,
indivs=1141274, elapsed_secs=2175, mean=0.617848, stdev=0.162957, best fit=0.701500, best_overall=0.701500, mean_diversity=0.123235,
indivs=1151372, elapsed_secs=2195, mean=0.631164, stdev=0.105963, best fit=0.701500, best_overall=0.701500, mean_diversity=0.101152,
indivs=1161470, elapsed_secs=2218, mean=0.616657, stdev=0.154669, best fit=0.701500, best_overall=0.701500, mean_diversity=0.086398,
indivs=1171568, elapsed_secs=2236, mean=0.643742, stdev=0.101051, best fit=0.701500, best_overall=0.701500, mean_diversity=0.132987,
indivs=1181666, elapsed_secs=2254, mean=0.611540, stdev=0.172561, best fit=0.701500, best_overall=0.701500, mean_diversity=0.207652,
indivs=1191764, elapsed_secs=2271, mean=0.636133, stdev=0.121555, best fit=0.701500, best_overall=0.701500, mean_diversity=0.115494,
indivs=1201862, elapsed_secs=2290, mean=0.622727, stdev=0.125636, best fit=0.701500, best_overall=0.701500, mean_diversity=0.081132,
indivs=1211960, elapsed_secs=2307, mean=0.594107, stdev=0.101550, best fit=0.701500, best_overall=0.701500, mean_diversity=0.121692,
indivs=1222058, elapsed_secs=2323, mean=0.596696, stdev=0.192207, best fit=0.701500, best_overall=0.701500, mean_diversity=0.098245,
indivs=1232156, elapsed_secs=2340, mean=0.637150, stdev=0.106809, best fit=0.701500, best_overall=0.701500, mean_diversity=0.247184,
indivs=1242254, elapsed_secs=2358, mean=0.604751, stdev=0.061654, best fit=0.701500, best_overall=0.701500, mean_diversity=0.151454,
indivs=1252352, elapsed_secs=2376, mean=0.620278, stdev=0.110459, best fit=0.701500, best_overall=0.701500, mean_diversity=0.211404,
indivs=1262450, elapsed_secs=2402, mean=0.614579, stdev=0.142480, best fit=0.701500, best_overall=0.701500, mean_diversity=0.247525,
indivs=1272548, elapsed_secs=2418, mean=0.602729, stdev=0.163266, best fit=0.701500, best_overall=0.701500, mean_diversity=0.094623,
indivs=1282646, elapsed_secs=2434, mean=0.613946, stdev=0.078310, best fit=0.701500, best_overall=0.701500, mean_diversity=0.121721,
indivs=1292744, elapsed_secs=2453, mean=0.628853, stdev=0.120106, best fit=0.701500, best_overall=0.701500, mean_diversity=0.231815,
indivs=1302842, elapsed_secs=2465, mean=0.609160, stdev=0.107696, best fit=0.701500, best_overall=0.701500, mean_diversity=0.093060,
indivs=1312940, elapsed_secs=2482, mean=0.603567, stdev=0.071384, best fit=0.701500, best_overall=0.701500, mean_diversity=0.113760,
indivs=1323038, elapsed_secs=2497, mean=0.609492, stdev=0.139907, best fit=0.701500, best_overall=0.701500, mean_diversity=0.111206,
indivs=1333136, elapsed_secs=2513, mean=0.598941, stdev=0.134927, best fit=0.701500, best_overall=0.701500, mean_diversity=0.207537,
indivs=1343234, elapsed_secs=2530, mean=0.610400, stdev=0.093337, best fit=0.701500, best_overall=0.701500, mean_diversity=0.139803,
indivs=1353332, elapsed_secs=2548, mean=0.619136, stdev=0.139812, best fit=0.701500, best_overall=0.701500, mean_diversity=0.238093,
indivs=1363430, elapsed_secs=2569, mean=0.612290, stdev=0.089289, best fit=0.701500, best_overall=0.701500, mean_diversity=0.169907,
indivs=1373528, elapsed_secs=2586, mean=0.591293, stdev=0.183898, best fit=0.701500, best_overall=0.701500, mean_diversity=0.109119,
indivs=1383626, elapsed_secs=2611, mean=0.629826, stdev=0.119648, best fit=0.701500, best_overall=0.701500, mean_diversity=0.075881,
indivs=1393724, elapsed_secs=2627, mean=0.617322, stdev=0.136546, best fit=0.701500, best_overall=0.701500, mean_diversity=0.100901,
indivs=1403822, elapsed_secs=2641, mean=0.581781, stdev=0.104403, best fit=0.701500, best_overall=0.701500, mean_diversity=0.071949,
indivs=1413920, elapsed_secs=2658, mean=0.591662, stdev=0.140901, best fit=0.701500, best_overall=0.701500, mean_diversity=0.082595,
indivs=1424018, elapsed_secs=2675, mean=0.619343, stdev=0.141722, best fit=0.701500, best_overall=0.701500, mean_diversity=0.090854,
indivs=1434116, elapsed_secs=2694, mean=0.614174, stdev=0.149588, best fit=0.701500, best_overall=0.701500, mean_diversity=0.136683,
indivs=1444214, elapsed_secs=2713, mean=0.639449, stdev=0.120463, best fit=0.701500, best_overall=0.701500, mean_diversity=0.140764,
indivs=1454312, elapsed_secs=2730, mean=0.600158, stdev=0.067998, best fit=0.701500, best_overall=0.701500, mean_diversity=0.137098,
indivs=1464410, elapsed_secs=2746, mean=0.593077, stdev=0.104529, best fit=0.701500, best_overall=0.701500, mean_diversity=0.236959,
indivs=1474508, elapsed_secs=2759, mean=0.607146, stdev=0.068475, best fit=0.701500, best_overall=0.701500, mean_diversity=0.112563,
indivs=1484606, elapsed_secs=2776, mean=0.620208, stdev=0.091563, best fit=0.701500, best_overall=0.701500, mean_diversity=0.200895,
indivs=1494704, elapsed_secs=2792, mean=0.612373, stdev=0.119415, best fit=0.701500, best_overall=0.701500, mean_diversity=0.119947,
indivs=1504802, elapsed_secs=2808, mean=0.611660, stdev=0.096017, best fit=0.701500, best_overall=0.701500, mean_diversity=0.053662,
indivs=1514900, elapsed_secs=2826, mean=0.624118, stdev=0.139645, best fit=0.701500, best_overall=0.701500, mean_diversity=0.182705,
indivs=1524998, elapsed_secs=2851, mean=0.638338, stdev=0.118531, best fit=0.701500, best_overall=0.701500, mean_diversity=0.109559,
indivs=1535096, elapsed_secs=2871, mean=0.600850, stdev=0.065019, best fit=0.701500, best_overall=0.701500, mean_diversity=0.117855,
indivs=1545194, elapsed_secs=2898, mean=0.629462, stdev=0.120683, best fit=0.701500, best_overall=0.701500, mean_diversity=0.081270,
indivs=1555292, elapsed_secs=2915, mean=0.628612, stdev=0.139228, best fit=0.701500, best_overall=0.701500, mean_diversity=0.095800,
indivs=1565390, elapsed_secs=2933, mean=0.605009, stdev=0.060694, best fit=0.701500, best_overall=0.701500, mean_diversity=0.189946,
indivs=1575488, elapsed_secs=2952, mean=0.609305, stdev=0.129759, best fit=0.701500, best_overall=0.701500, mean_diversity=0.121275,
indivs=1585586, elapsed_secs=2971, mean=0.605610, stdev=0.087861, best fit=0.701500, best_overall=0.701500, mean_diversity=0.068791,
indivs=1595684, elapsed_secs=2985, mean=0.621446, stdev=0.121920, best fit=0.701500, best_overall=0.701500, mean_diversity=0.174108,
indivs=1605782, elapsed_secs=3004, mean=0.593733, stdev=0.087005, best fit=0.701500, best_overall=0.701500, mean_diversity=0.093994,
indivs=1615880, elapsed_secs=3023, mean=0.598127, stdev=0.113352, best fit=0.701500, best_overall=0.701500, mean_diversity=0.086330,
indivs=1625978, elapsed_secs=3041, mean=0.614072, stdev=0.170964, best fit=0.701500, best_overall=0.701500, mean_diversity=0.154182,
indivs=1636076, elapsed_secs=3054, mean=0.603630, stdev=0.114476, best fit=0.701500, best_overall=0.701500, mean_diversity=0.128466,
indivs=1646174, elapsed_secs=3072, mean=0.577191, stdev=0.140872, best fit=0.701500, best_overall=0.701500, mean_diversity=0.173580,
indivs=1656272, elapsed_secs=3091, mean=0.593520, stdev=0.112224, best fit=0.701500, best_overall=0.701500, mean_diversity=0.129652,
indivs=1666370, elapsed_secs=3110, mean=0.610914, stdev=0.069714, best fit=0.701500, best_overall=0.701500, mean_diversity=0.150342,
indivs=1676468, elapsed_secs=3126, mean=0.608802, stdev=0.071769, best fit=0.701500, best_overall=0.701500, mean_diversity=0.094808,
indivs=1686566, elapsed_secs=3151, mean=0.614972, stdev=0.137219, best fit=0.701500, best_overall=0.701500, mean_diversity=0.103684,
indivs=1696664, elapsed_secs=3171, mean=0.596993, stdev=0.088907, best fit=0.701500, best_overall=0.701500, mean_diversity=0.148544,
indivs=1706762, elapsed_secs=3186, mean=0.629202, stdev=0.101386, best fit=0.701500, best_overall=0.701500, mean_diversity=0.073992,
indivs=1716860, elapsed_secs=3215, mean=0.641602, stdev=0.082992, best fit=0.702100, best_overall=0.702100, mean_diversity=0.182206,
indivs=1726958, elapsed_secs=3254, mean=0.589589, stdev=0.140363, best fit=0.702100, best_overall=0.702100, mean_diversity=0.159542,
indivs=1737056, elapsed_secs=3287, mean=0.617039, stdev=0.149110, best fit=0.702100, best_overall=0.702100, mean_diversity=0.227174,
indivs=1747154, elapsed_secs=3321, mean=0.592618, stdev=0.192427, best fit=0.702100, best_overall=0.702100, mean_diversity=0.131359,
indivs=1757252, elapsed_secs=3357, mean=0.580625, stdev=0.133214, best fit=0.702100, best_overall=0.702100, mean_diversity=0.145871,
indivs=1767350, elapsed_secs=3384, mean=0.599747, stdev=0.160425, best fit=0.702100, best_overall=0.702100, mean_diversity=0.194089,
indivs=1777448, elapsed_secs=3401, mean=0.590550, stdev=0.073457, best fit=0.702100, best_overall=0.702100, mean_diversity=0.251346,
indivs=1787546, elapsed_secs=3425, mean=0.623146, stdev=0.121570, best fit=0.702100, best_overall=0.702100, mean_diversity=0.224449,
indivs=1797644, elapsed_secs=3443, mean=0.625418, stdev=0.118224, best fit=0.702100, best_overall=0.702100, mean_diversity=0.201774,
indivs=1807742, elapsed_secs=3472, mean=0.559050, stdev=0.244713, best fit=0.702100, best_overall=0.702100, mean_diversity=0.176517,
indivs=1817840, elapsed_secs=3497, mean=0.620452, stdev=0.146959, best fit=0.702100, best_overall=0.702100, mean_diversity=0.144590,
indivs=1827938, elapsed_secs=3522, mean=0.593193, stdev=0.117355, best fit=0.702100, best_overall=0.702100, mean_diversity=0.269075,
indivs=1838036, elapsed_secs=3548, mean=0.623843, stdev=0.122862, best fit=0.702100, best_overall=0.702100, mean_diversity=0.160503,
indivs=1848134, elapsed_secs=3573, mean=0.589529, stdev=0.086851, best fit=0.702100, best_overall=0.702100, mean_diversity=0.197419,
indivs=1858232, elapsed_secs=3598, mean=0.615910, stdev=0.171421, best fit=0.702100, best_overall=0.702100, mean_diversity=0.154579,
indivs=1868330, elapsed_secs=3619, mean=0.582127, stdev=0.099703, best fit=0.702100, best_overall=0.702100, mean_diversity=0.138617,
indivs=1878428, elapsed_secs=3641, mean=0.622961, stdev=0.138724, best fit=0.702100, best_overall=0.702100, mean_diversity=0.200706,
indivs=1888526, elapsed_secs=3660, mean=0.623686, stdev=0.121092, best fit=0.702100, best_overall=0.702100, mean_diversity=0.102017,
indivs=1898624, elapsed_secs=3671, mean=0.628695, stdev=0.134617, best fit=0.702100, best_overall=0.702100, mean_diversity=0.192313,
indivs=1908722, elapsed_secs=3689, mean=0.606744, stdev=0.154464, best fit=0.702100, best_overall=0.702100, mean_diversity=0.209861,
indivs=1918820, elapsed_secs=3701, mean=0.635908, stdev=0.104029, best fit=0.702100, best_overall=0.702100, mean_diversity=0.156647,
indivs=1928918, elapsed_secs=3718, mean=0.622272, stdev=0.170965, best fit=0.702100, best_overall=0.702100, mean_diversity=0.206017,
indivs=1939016, elapsed_secs=3732, mean=0.617222, stdev=0.129701, best fit=0.702100, best_overall=0.702100, mean_diversity=0.130208,
indivs=1949114, elapsed_secs=3753, mean=0.615331, stdev=0.143772, best fit=0.702100, best_overall=0.702100, mean_diversity=0.181342,
indivs=1959212, elapsed_secs=3777, mean=0.597363, stdev=0.083319, best fit=0.702100, best_overall=0.702100, mean_diversity=0.271445,
indivs=1969310, elapsed_secs=3802, mean=0.592737, stdev=0.158141, best fit=0.702100, best_overall=0.702100, mean_diversity=0.163463,
indivs=1979408, elapsed_secs=3832, mean=0.585639, stdev=0.133344, best fit=0.702100, best_overall=0.702100, mean_diversity=0.130480,
indivs=1989506, elapsed_secs=3856, mean=0.590904, stdev=0.129805, best fit=0.702100, best_overall=0.702100, mean_diversity=0.141208,
indivs=1999604, elapsed_secs=3874, mean=0.623949, stdev=0.093202, best fit=0.702100, best_overall=0.702100, mean_diversity=0.164171,
indivs=2009702, elapsed_secs=3897, mean=0.623002, stdev=0.122204, best fit=0.702100, best_overall=0.702100, mean_diversity=0.223269,
indivs=2019800, elapsed_secs=3926, mean=0.611883, stdev=0.172651, best fit=0.702100, best_overall=0.702100, mean_diversity=0.146777,
indivs=2029898, elapsed_secs=3960, mean=0.609292, stdev=0.162593, best fit=0.702100, best_overall=0.702100, mean_diversity=0.164852,
indivs=2039996, elapsed_secs=3980, mean=0.645125, stdev=0.076938, best fit=0.702100, best_overall=0.702100, mean_diversity=0.133042,
indivs=2050094, elapsed_secs=4024, mean=0.625902, stdev=0.105228, best fit=0.702100, best_overall=0.702100, mean_diversity=0.212628,
indivs=2060192, elapsed_secs=4058, mean=0.590681, stdev=0.141472, best fit=0.702100, best_overall=0.702100, mean_diversity=0.191568,
indivs=2070290, elapsed_secs=4091, mean=0.583566, stdev=0.202265, best fit=0.702100, best_overall=0.702100, mean_diversity=0.158162,
indivs=2080388, elapsed_secs=4126, mean=0.581976, stdev=0.120755, best fit=0.702100, best_overall=0.702100, mean_diversity=0.167029,
indivs=2090486, elapsed_secs=4167, mean=0.609683, stdev=0.099535, best fit=0.702100, best_overall=0.702100, mean_diversity=0.129026,
indivs=2100584, elapsed_secs=4198, mean=0.604911, stdev=0.130435, best fit=0.702100, best_overall=0.702100, mean_diversity=0.167769,
indivs=2110682, elapsed_secs=4232, mean=0.608430, stdev=0.104795, best fit=0.702100, best_overall=0.702100, mean_diversity=0.199816,
indivs=2120780, elapsed_secs=4251, mean=0.607059, stdev=0.156737, best fit=0.702100, best_overall=0.702100, mean_diversity=0.185829,
indivs=2130878, elapsed_secs=4282, mean=0.599354, stdev=0.148738, best fit=0.702100, best_overall=0.702100, mean_diversity=0.167317,
indivs=2140976, elapsed_secs=4305, mean=0.619342, stdev=0.123422, best fit=0.702100, best_overall=0.702100, mean_diversity=0.079145,
indivs=2151074, elapsed_secs=4336, mean=0.616415, stdev=0.169069, best fit=0.702100, best_overall=0.702100, mean_diversity=0.216110,
indivs=2161172, elapsed_secs=4360, mean=0.618167, stdev=0.156597, best fit=0.702100, best_overall=0.702100, mean_diversity=0.208970,
indivs=2171270, elapsed_secs=4388, mean=0.606060, stdev=0.170856, best fit=0.702100, best_overall=0.702100, mean_diversity=0.209823,
indivs=2181368, elapsed_secs=4407, mean=0.599583, stdev=0.092242, best fit=0.702100, best_overall=0.702100, mean_diversity=0.203091,
indivs=2191466, elapsed_secs=4422, mean=0.570223, stdev=0.155476, best fit=0.702100, best_overall=0.702100, mean_diversity=0.175763,
indivs=2201564, elapsed_secs=4440, mean=0.590499, stdev=0.101904, best fit=0.702100, best_overall=0.702100, mean_diversity=0.143493,
indivs=2211662, elapsed_secs=4458, mean=0.584987, stdev=0.120135, best fit=0.702100, best_overall=0.702100, mean_diversity=0.211623,
indivs=2221760, elapsed_secs=4478, mean=0.596850, stdev=0.139055, best fit=0.702100, best_overall=0.702100, mean_diversity=0.163314,
indivs=2231858, elapsed_secs=4518, mean=0.591686, stdev=0.101844, best fit=0.702100, best_overall=0.702100, mean_diversity=0.201129,
indivs=2241956, elapsed_secs=4564, mean=0.579762, stdev=0.214796, best fit=0.702100, best_overall=0.702100, mean_diversity=0.124050,
indivs=2252054, elapsed_secs=4601, mean=0.557345, stdev=0.211780, best fit=0.702100, best_overall=0.702100, mean_diversity=0.173066,
indivs=2262152, elapsed_secs=4629, mean=0.610630, stdev=0.119260, best fit=0.702100, best_overall=0.702100, mean_diversity=0.166563,
indivs=2272250, elapsed_secs=4651, mean=0.595661, stdev=0.163997, best fit=0.702100, best_overall=0.702100, mean_diversity=0.165324,
indivs=2282348, elapsed_secs=4678, mean=0.609793, stdev=0.162608, best fit=0.702100, best_overall=0.702100, mean_diversity=0.076830,
indivs=2292446, elapsed_secs=4712, mean=0.595533, stdev=0.168373, best fit=0.702100, best_overall=0.702100, mean_diversity=0.157977,
indivs=2302544, elapsed_secs=4745, mean=0.611315, stdev=0.103987, best fit=0.702100, best_overall=0.702100, mean_diversity=0.144938,
indivs=2312642, elapsed_secs=4772, mean=0.596436, stdev=0.106005, best fit=0.702100, best_overall=0.702100, mean_diversity=0.198571,
indivs=2322740, elapsed_secs=4799, mean=0.619848, stdev=0.131859, best fit=0.702100, best_overall=0.702100, mean_diversity=0.177500,
indivs=2332838, elapsed_secs=4816, mean=0.601798, stdev=0.145200, best fit=0.702100, best_overall=0.702100, mean_diversity=0.165969,
indivs=2342936, elapsed_secs=4839, mean=0.590908, stdev=0.120141, best fit=0.702100, best_overall=0.702100, mean_diversity=0.220199,
indivs=2353034, elapsed_secs=4859, mean=0.623052, stdev=0.066327, best fit=0.702100, best_overall=0.702100, mean_diversity=0.245172,
indivs=2363132, elapsed_secs=4889, mean=0.594829, stdev=0.117073, best fit=0.702100, best_overall=0.702100, mean_diversity=0.212877,
indivs=2373230, elapsed_secs=4917, mean=0.625973, stdev=0.100947, best fit=0.702100, best_overall=0.702100, mean_diversity=0.131131,
indivs=2383328, elapsed_secs=4945, mean=0.628570, stdev=0.103696, best fit=0.702100, best_overall=0.702100, mean_diversity=0.206441,
indivs=2393426, elapsed_secs=4982, mean=0.580825, stdev=0.164839, best fit=0.702100, best_overall=0.702100, mean_diversity=0.191395,
indivs=2403524, elapsed_secs=5009, mean=0.605470, stdev=0.105386, best fit=0.702100, best_overall=0.702100, mean_diversity=0.097500,
indivs=2413622, elapsed_secs=5048, mean=0.623999, stdev=0.074953, best fit=0.702100, best_overall=0.702100, mean_diversity=0.170088,
indivs=2423720, elapsed_secs=5079, mean=0.624564, stdev=0.121512, best fit=0.702100, best_overall=0.702100, mean_diversity=0.166650,
indivs=2433818, elapsed_secs=5109, mean=0.634817, stdev=0.079481, best fit=0.702100, best_overall=0.702100, mean_diversity=0.152500,
indivs=2443916, elapsed_secs=5141, mean=0.628346, stdev=0.069454, best fit=0.702100, best_overall=0.702100, mean_diversity=0.106291,
indivs=2454014, elapsed_secs=5155, mean=0.631117, stdev=0.117691, best fit=0.702100, best_overall=0.702100, mean_diversity=0.154012,
indivs=2464112, elapsed_secs=5170, mean=0.609847, stdev=0.107100, best fit=0.702100, best_overall=0.702100, mean_diversity=0.176684,
indivs=2474210, elapsed_secs=5184, mean=0.620825, stdev=0.131401, best fit=0.702100, best_overall=0.702100, mean_diversity=0.161031,
indivs=2484308, elapsed_secs=5201, mean=0.604691, stdev=0.086687, best fit=0.702100, best_overall=0.702100, mean_diversity=0.170765,
indivs=2494406, elapsed_secs=5218, mean=0.636594, stdev=0.079017, best fit=0.702100, best_overall=0.702100, mean_diversity=0.187409,
indivs=2504504, elapsed_secs=5227, mean=0.626118, stdev=0.101115, best fit=0.702100, best_overall=0.702100, mean_diversity=0.106708,
indivs=2514602, elapsed_secs=5233, mean=0.593943, stdev=0.105644, best fit=0.702100, best_overall=0.702100, mean_diversity=0.149265,
indivs=2524700, elapsed_secs=5244, mean=0.628693, stdev=0.104330, best fit=0.702100, best_overall=0.702100, mean_diversity=0.134581,
indivs=2534798, elapsed_secs=5257, mean=0.632868, stdev=0.095063, best fit=0.702100, best_overall=0.702100, mean_diversity=0.233282,
indivs=2544896, elapsed_secs=5278, mean=0.631073, stdev=0.117369, best fit=0.702100, best_overall=0.702100, mean_diversity=0.151244,
indivs=2554994, elapsed_secs=5306, mean=0.625828, stdev=0.132619, best fit=0.702100, best_overall=0.702100, mean_diversity=0.106883,
indivs=2565092, elapsed_secs=5326, mean=0.605172, stdev=0.127921, best fit=0.702100, best_overall=0.702100, mean_diversity=0.159837,
indivs=2575190, elapsed_secs=5349, mean=0.625603, stdev=0.104259, best fit=0.702100, best_overall=0.702100, mean_diversity=0.198006,
indivs=2585288, elapsed_secs=5372, mean=0.599995, stdev=0.068358, best fit=0.702100, best_overall=0.702100, mean_diversity=0.173146,
indivs=2595386, elapsed_secs=5384, mean=0.609958, stdev=0.173377, best fit=0.702100, best_overall=0.702100, mean_diversity=0.110217,
indivs=2605484, elapsed_secs=5402, mean=0.631523, stdev=0.102728, best fit=0.702100, best_overall=0.702100, mean_diversity=0.204930,
indivs=2615582, elapsed_secs=5423, mean=0.627695, stdev=0.107918, best fit=0.702100, best_overall=0.702100, mean_diversity=0.103728,
indivs=2625680, elapsed_secs=5451, mean=0.625083, stdev=0.133016, best fit=0.702100, best_overall=0.702100, mean_diversity=0.146406,
indivs=2635778, elapsed_secs=5479, mean=0.590114, stdev=0.135616, best fit=0.702100, best_overall=0.702100, mean_diversity=0.209950,
indivs=2645876, elapsed_secs=5501, mean=0.586424, stdev=0.147096, best fit=0.702100, best_overall=0.702100, mean_diversity=0.160840,
indivs=2655974, elapsed_secs=5515, mean=0.578093, stdev=0.163819, best fit=0.702100, best_overall=0.702100, mean_diversity=0.117553,
indivs=2666072, elapsed_secs=5533, mean=0.567976, stdev=0.218382, best fit=0.702100, best_overall=0.702100, mean_diversity=0.209610,
indivs=2676170, elapsed_secs=5559, mean=0.628985, stdev=0.121915, best fit=0.702100, best_overall=0.702100, mean_diversity=0.203200,
indivs=2686268, elapsed_secs=5586, mean=0.618119, stdev=0.104319, best fit=0.702100, best_overall=0.702100, mean_diversity=0.152623,
indivs=2696366, elapsed_secs=5614, mean=0.593453, stdev=0.165611, best fit=0.702100, best_overall=0.702100, mean_diversity=0.177978,
indivs=2706464, elapsed_secs=5639, mean=0.596795, stdev=0.124207, best fit=0.702100, best_overall=0.702100, mean_diversity=0.133146,
indivs=2716562, elapsed_secs=5667, mean=0.600161, stdev=0.129006, best fit=0.702100, best_overall=0.702100, mean_diversity=0.189920,
indivs=2726660, elapsed_secs=5690, mean=0.607647, stdev=0.057921, best fit=0.702100, best_overall=0.702100, mean_diversity=0.153791,
indivs=2736758, elapsed_secs=5716, mean=0.584432, stdev=0.124210, best fit=0.702100, best_overall=0.702100, mean_diversity=0.144643,
indivs=2746856, elapsed_secs=5739, mean=0.612937, stdev=0.112374, best fit=0.702100, best_overall=0.702100, mean_diversity=0.195278,
indivs=2756954, elapsed_secs=5756, mean=0.622954, stdev=0.141872, best fit=0.702100, best_overall=0.702100, mean_diversity=0.191561,
indivs=2767052, elapsed_secs=5777, mean=0.594778, stdev=0.104017, best fit=0.702100, best_overall=0.702100, mean_diversity=0.132790,
indivs=2777150, elapsed_secs=5805, mean=0.627888, stdev=0.149245, best fit=0.702100, best_overall=0.702100, mean_diversity=0.123022,
indivs=2787248, elapsed_secs=5838, mean=0.620572, stdev=0.080837, best fit=0.702100, best_overall=0.702100, mean_diversity=0.160179,
indivs=2797346, elapsed_secs=5861, mean=0.595957, stdev=0.140348, best fit=0.702100, best_overall=0.702100, mean_diversity=0.058232,
indivs=2807444, elapsed_secs=5895, mean=0.603946, stdev=0.181307, best fit=0.702100, best_overall=0.702100, mean_diversity=0.100978,
indivs=2817542, elapsed_secs=5926, mean=0.640096, stdev=0.075331, best fit=0.702100, best_overall=0.702100, mean_diversity=0.100463,
indivs=2827640, elapsed_secs=5954, mean=0.612814, stdev=0.055089, best fit=0.702100, best_overall=0.702100, mean_diversity=0.210344,
indivs=2837738, elapsed_secs=5976, mean=0.593396, stdev=0.168759, best fit=0.702100, best_overall=0.702100, mean_diversity=0.289579,
indivs=2847836, elapsed_secs=5995, mean=0.606531, stdev=0.172029, best fit=0.702100, best_overall=0.702100, mean_diversity=0.181345,
indivs=2857934, elapsed_secs=6024, mean=0.586890, stdev=0.117416, best fit=0.702100, best_overall=0.702100, mean_diversity=0.181288,
indivs=2868032, elapsed_secs=6062, mean=0.599505, stdev=0.094477, best fit=0.702100, best_overall=0.702100, mean_diversity=0.217897,
indivs=2878130, elapsed_secs=6103, mean=0.595713, stdev=0.166508, best fit=0.702100, best_overall=0.702100, mean_diversity=0.146257,
indivs=2888228, elapsed_secs=6141, mean=0.625005, stdev=0.122269, best fit=0.702100, best_overall=0.702100, mean_diversity=0.159765,
indivs=2898326, elapsed_secs=6172, mean=0.596414, stdev=0.089210, best fit=0.702100, best_overall=0.702100, mean_diversity=0.131909,
indivs=2908424, elapsed_secs=6200, mean=0.589758, stdev=0.083917, best fit=0.702100, best_overall=0.702100, mean_diversity=0.262167,
indivs=2918522, elapsed_secs=6221, mean=0.576902, stdev=0.120337, best fit=0.702100, best_overall=0.702100, mean_diversity=0.157766,
indivs=2928620, elapsed_secs=6260, mean=0.616438, stdev=0.074961, best fit=0.702100, best_overall=0.702100, mean_diversity=0.166915,
indivs=2938718, elapsed_secs=6294, mean=0.590808, stdev=0.166082, best fit=0.702100, best_overall=0.702100, mean_diversity=0.194907,
indivs=2948816, elapsed_secs=6321, mean=0.572811, stdev=0.166220, best fit=0.702100, best_overall=0.702100, mean_diversity=0.141049,
indivs=2958914, elapsed_secs=6351, mean=0.588171, stdev=0.113609, best fit=0.702100, best_overall=0.702100, mean_diversity=0.140146,
indivs=2969012, elapsed_secs=6376, mean=0.582216, stdev=0.145684, best fit=0.702100, best_overall=0.702100, mean_diversity=0.225858,
indivs=2979110, elapsed_secs=6409, mean=0.527235, stdev=0.247518, best fit=0.702100, best_overall=0.702100, mean_diversity=0.155452,
indivs=2989208, elapsed_secs=6442, mean=0.587319, stdev=0.146477, best fit=0.702100, best_overall=0.702100, mean_diversity=0.082040,
indivs=2999306, elapsed_secs=6475, mean=0.578169, stdev=0.171656, best fit=0.702100, best_overall=0.702100, mean_diversity=0.129722,
indivs=3009404, elapsed_secs=6513, mean=0.593472, stdev=0.103580, best fit=0.702100, best_overall=0.702100, mean_diversity=0.170926,
indivs=3019502, elapsed_secs=6556, mean=0.588238, stdev=0.115705, best fit=0.702100, best_overall=0.702100, mean_diversity=0.193152,
indivs=3029600, elapsed_secs=6599, mean=0.630501, stdev=0.123910, best fit=0.702100, best_overall=0.702100, mean_diversity=0.162991,
indivs=3039698, elapsed_secs=6628, mean=0.627405, stdev=0.121706, best fit=0.702100, best_overall=0.702100, mean_diversity=0.162192,
indivs=3049796, elapsed_secs=6660, mean=0.572629, stdev=0.122185, best fit=0.702100, best_overall=0.702100, mean_diversity=0.136485,
indivs=3059894, elapsed_secs=6682, mean=0.568338, stdev=0.147951, best fit=0.702100, best_overall=0.702100, mean_diversity=0.184391,
indivs=3069992, elapsed_secs=6725, mean=0.607774, stdev=0.128398, best fit=0.702100, best_overall=0.702100, mean_diversity=0.165295,
indivs=3080090, elapsed_secs=6756, mean=0.588892, stdev=0.100103, best fit=0.702100, best_overall=0.702100, mean_diversity=0.114323,
indivs=3090188, elapsed_secs=6775, mean=0.572975, stdev=0.168483, best fit=0.702100, best_overall=0.702100, mean_diversity=0.128427,
indivs=3100286, elapsed_secs=6795, mean=0.590307, stdev=0.162211, best fit=0.702100, best_overall=0.702100, mean_diversity=0.195070,
indivs=3110384, elapsed_secs=6815, mean=0.598496, stdev=0.105696, best fit=0.702100, best_overall=0.702100, mean_diversity=0.208322,
indivs=3120482, elapsed_secs=6829, mean=0.587509, stdev=0.174175, best fit=0.702100, best_overall=0.702100, mean_diversity=0.230873,
indivs=3130580, elapsed_secs=6841, mean=0.583689, stdev=0.103435, best fit=0.702100, best_overall=0.702100, mean_diversity=0.165153,
indivs=3140678, elapsed_secs=6855, mean=0.630470, stdev=0.147088, best fit=0.702100, best_overall=0.702100, mean_diversity=0.159661,
indivs=3150776, elapsed_secs=6877, mean=0.615350, stdev=0.149071, best fit=0.702100, best_overall=0.702100, mean_diversity=0.139586,
indivs=3160874, elapsed_secs=6902, mean=0.637463, stdev=0.082951, best fit=0.702100, best_overall=0.702100, mean_diversity=0.149502,
indivs=3170972, elapsed_secs=6921, mean=0.562112, stdev=0.216355, best fit=0.702100, best_overall=0.702100, mean_diversity=0.174740,
indivs=3181070, elapsed_secs=6943, mean=0.568648, stdev=0.212171, best fit=0.702100, best_overall=0.702100, mean_diversity=0.184678,
indivs=3191168, elapsed_secs=6969, mean=0.620614, stdev=0.066598, best fit=0.702100, best_overall=0.702100, mean_diversity=0.110415,
indivs=3201266, elapsed_secs=6987, mean=0.599899, stdev=0.089670, best fit=0.702100, best_overall=0.702100, mean_diversity=0.265795,
indivs=3211364, elapsed_secs=7004, mean=0.590443, stdev=0.087118, best fit=0.702100, best_overall=0.702100, mean_diversity=0.129959,
indivs=3221462, elapsed_secs=7022, mean=0.631756, stdev=0.067338, best fit=0.702100, best_overall=0.702100, mean_diversity=0.168694,
indivs=3231560, elapsed_secs=7039, mean=0.638185, stdev=0.131406, best fit=0.702100, best_overall=0.702100, mean_diversity=0.096181,
indivs=3241658, elapsed_secs=7057, mean=0.601367, stdev=0.061355, best fit=0.702100, best_overall=0.702100, mean_diversity=0.148084,
indivs=3251756, elapsed_secs=7104, mean=0.597162, stdev=0.114069, best fit=0.702100, best_overall=0.702100, mean_diversity=0.156400,
indivs=3261854, elapsed_secs=7141, mean=0.615811, stdev=0.133114, best fit=0.702100, best_overall=0.702100, mean_diversity=0.175263,
indivs=3271952, elapsed_secs=7175, mean=0.603090, stdev=0.098819, best fit=0.702100, best_overall=0.702100, mean_diversity=0.190396,
indivs=3282050, elapsed_secs=7201, mean=0.636866, stdev=0.099872, best fit=0.702100, best_overall=0.702100, mean_diversity=0.143432,
indivs=3292148, elapsed_secs=7233, mean=0.587416, stdev=0.101513, best fit=0.702100, best_overall=0.702100, mean_diversity=0.199451,
indivs=3302246, elapsed_secs=7262, mean=0.630469, stdev=0.090519, best fit=0.702100, best_overall=0.702100, mean_diversity=0.142946,
indivs=3312344, elapsed_secs=7278, mean=0.610986, stdev=0.147348, best fit=0.702100, best_overall=0.702100, mean_diversity=0.193016,
indivs=3322442, elapsed_secs=7301, mean=0.645534, stdev=0.094916, best fit=0.702100, best_overall=0.702100, mean_diversity=0.095326,
indivs=3332540, elapsed_secs=7334, mean=0.633915, stdev=0.118361, best fit=0.702100, best_overall=0.702100, mean_diversity=0.150685,
indivs=3342638, elapsed_secs=7375, mean=0.616296, stdev=0.125974, best fit=0.702100, best_overall=0.702100, mean_diversity=0.177991,
indivs=3352736, elapsed_secs=7401, mean=0.605953, stdev=0.163862, best fit=0.702100, best_overall=0.702100, mean_diversity=0.157843,
indivs=3362834, elapsed_secs=7427, mean=0.607228, stdev=0.172838, best fit=0.702100, best_overall=0.702100, mean_diversity=0.195342,
indivs=3372932, elapsed_secs=7455, mean=0.638869, stdev=0.101900, best fit=0.702100, best_overall=0.702100, mean_diversity=0.207882,
indivs=3383030, elapsed_secs=7470, mean=0.624835, stdev=0.096069, best fit=0.702100, best_overall=0.702100, mean_diversity=0.197753,
indivs=3393128, elapsed_secs=7508, mean=0.606235, stdev=0.172300, best fit=0.702100, best_overall=0.702100, mean_diversity=0.201331,
indivs=3403226, elapsed_secs=7541, mean=0.585058, stdev=0.150909, best fit=0.702100, best_overall=0.702100, mean_diversity=0.124417,
indivs=3413324, elapsed_secs=7572, mean=0.565176, stdev=0.216287, best fit=0.702100, best_overall=0.702100, mean_diversity=0.216453,
indivs=3423422, elapsed_secs=7602, mean=0.609703, stdev=0.157705, best fit=0.702100, best_overall=0.702100, mean_diversity=0.124296,
indivs=3433520, elapsed_secs=7637, mean=0.612044, stdev=0.120558, best fit=0.702100, best_overall=0.702100, mean_diversity=0.148297,
indivs=3443618, elapsed_secs=7661, mean=0.584269, stdev=0.124975, best fit=0.702100, best_overall=0.702100, mean_diversity=0.190027,
indivs=3453716, elapsed_secs=7678, mean=0.584691, stdev=0.174201, best fit=0.702100, best_overall=0.702100, mean_diversity=0.140924,
indivs=3463814, elapsed_secs=7700, mean=0.618215, stdev=0.097550, best fit=0.702100, best_overall=0.702100, mean_diversity=0.113693,
indivs=3473912, elapsed_secs=7725, mean=0.640769, stdev=0.081215, best fit=0.702100, best_overall=0.702100, mean_diversity=0.161203,
indivs=3484010, elapsed_secs=7756, mean=0.604050, stdev=0.132783, best fit=0.702100, best_overall=0.702100, mean_diversity=0.159973,
indivs=3494108, elapsed_secs=7788, mean=0.603708, stdev=0.065096, best fit=0.702100, best_overall=0.702100, mean_diversity=0.186099,
indivs=3504206, elapsed_secs=7829, mean=0.637843, stdev=0.105468, best fit=0.702100, best_overall=0.702100, mean_diversity=0.125059,
indivs=3514304, elapsed_secs=7874, mean=0.603683, stdev=0.109093, best fit=0.702100, best_overall=0.702100, mean_diversity=0.134055,
indivs=3524402, elapsed_secs=7908, mean=0.548083, stdev=0.234347, best fit=0.702100, best_overall=0.702100, mean_diversity=0.137269,
indivs=3534500, elapsed_secs=7931, mean=0.586352, stdev=0.135821, best fit=0.702100, best_overall=0.702100, mean_diversity=0.184844,
indivs=3544598, elapsed_secs=7946, mean=0.605105, stdev=0.160135, best fit=0.702100, best_overall=0.702100, mean_diversity=0.141629,
indivs=3554696, elapsed_secs=7960, mean=0.611476, stdev=0.111083, best fit=0.702100, best_overall=0.702100, mean_diversity=0.110331,
indivs=3564794, elapsed_secs=7977, mean=0.617443, stdev=0.126779, best fit=0.702100, best_overall=0.702100, mean_diversity=0.201763,
indivs=3574892, elapsed_secs=7994, mean=0.630263, stdev=0.134240, best fit=0.702100, best_overall=0.702100, mean_diversity=0.182506,
indivs=3584990, elapsed_secs=8015, mean=0.625758, stdev=0.120230, best fit=0.702100, best_overall=0.702100, mean_diversity=0.179760,
indivs=3595088, elapsed_secs=8032, mean=0.626745, stdev=0.105453, best fit=0.702100, best_overall=0.702100, mean_diversity=0.174065,
indivs=3605186, elapsed_secs=8059, mean=0.603570, stdev=0.111364, best fit=0.702100, best_overall=0.702100, mean_diversity=0.165251,
indivs=3615284, elapsed_secs=8080, mean=0.620006, stdev=0.111890, best fit=0.702100, best_overall=0.702100, mean_diversity=0.153130,
indivs=3625382, elapsed_secs=8108, mean=0.608847, stdev=0.101244, best fit=0.702100, best_overall=0.702100, mean_diversity=0.091669,
indivs=3635480, elapsed_secs=8131, mean=0.588034, stdev=0.107419, best fit=0.702100, best_overall=0.702100, mean_diversity=0.148706,
indivs=3645578, elapsed_secs=8154, mean=0.618823, stdev=0.138082, best fit=0.702100, best_overall=0.702100, mean_diversity=0.216052,
indivs=3655676, elapsed_secs=8172, mean=0.588768, stdev=0.093609, best fit=0.702100, best_overall=0.702100, mean_diversity=0.110536,
indivs=3665774, elapsed_secs=8196, mean=0.620367, stdev=0.096939, best fit=0.702100, best_overall=0.702100, mean_diversity=0.143017,
indivs=3675872, elapsed_secs=8217, mean=0.634564, stdev=0.105673, best fit=0.702100, best_overall=0.702100, mean_diversity=0.237375,
indivs=3685970, elapsed_secs=8228, mean=0.565725, stdev=0.099423, best fit=0.702100, best_overall=0.702100, mean_diversity=0.166619,
indivs=3696068, elapsed_secs=8247, mean=0.591684, stdev=0.147289, best fit=0.702100, best_overall=0.702100, mean_diversity=0.152482,
indivs=3706166, elapsed_secs=8265, mean=0.587927, stdev=0.138289, best fit=0.702100, best_overall=0.702100, mean_diversity=0.111485,
indivs=3716264, elapsed_secs=8280, mean=0.586493, stdev=0.137315, best fit=0.702100, best_overall=0.702100, mean_diversity=0.216809,
indivs=3726362, elapsed_secs=8306, mean=0.616763, stdev=0.100119, best fit=0.702100, best_overall=0.702100, mean_diversity=0.124117,
indivs=3736460, elapsed_secs=8327, mean=0.598782, stdev=0.114472, best fit=0.702100, best_overall=0.702100, mean_diversity=0.192700,
indivs=3746558, elapsed_secs=8356, mean=0.635674, stdev=0.091643, best fit=0.702100, best_overall=0.702100, mean_diversity=0.184515,
indivs=3756656, elapsed_secs=8383, mean=0.551303, stdev=0.177320, best fit=0.702100, best_overall=0.702100, mean_diversity=0.225967,
indivs=3766754, elapsed_secs=8405, mean=0.604822, stdev=0.106590, best fit=0.702100, best_overall=0.702100, mean_diversity=0.154668,
indivs=3776852, elapsed_secs=8426, mean=0.616807, stdev=0.172170, best fit=0.702100, best_overall=0.702100, mean_diversity=0.121429,
indivs=3786950, elapsed_secs=8460, mean=0.597249, stdev=0.173706, best fit=0.702100, best_overall=0.702100, mean_diversity=0.146180,
indivs=3797048, elapsed_secs=8479, mean=0.586001, stdev=0.202338, best fit=0.702100, best_overall=0.702100, mean_diversity=0.194585,
indivs=3807146, elapsed_secs=8513, mean=0.639244, stdev=0.117630, best fit=0.702100, best_overall=0.702100, mean_diversity=0.147942,
indivs=3817244, elapsed_secs=8530, mean=0.612914, stdev=0.181006, best fit=0.702100, best_overall=0.702100, mean_diversity=0.158793,
indivs=3827342, elapsed_secs=8550, mean=0.611826, stdev=0.152534, best fit=0.702100, best_overall=0.702100, mean_diversity=0.129802,
indivs=3837440, elapsed_secs=8575, mean=0.584357, stdev=0.162200, best fit=0.702100, best_overall=0.702100, mean_diversity=0.196933,
indivs=3847538, elapsed_secs=8610, mean=0.558708, stdev=0.153169, best fit=0.702100, best_overall=0.702100, mean_diversity=0.178538,
indivs=3857636, elapsed_secs=8643, mean=0.624992, stdev=0.121572, best fit=0.702100, best_overall=0.702100, mean_diversity=0.241404,
indivs=3867734, elapsed_secs=8666, mean=0.598978, stdev=0.063635, best fit=0.702100, best_overall=0.702100, mean_diversity=0.173194,
indivs=3877832, elapsed_secs=8691, mean=0.604286, stdev=0.098993, best fit=0.702100, best_overall=0.702100, mean_diversity=0.108528,
indivs=3887930, elapsed_secs=8717, mean=0.614693, stdev=0.093227, best fit=0.702100, best_overall=0.702100, mean_diversity=0.137865,
indivs=3898028, elapsed_secs=8743, mean=0.633327, stdev=0.115986, best fit=0.702100, best_overall=0.702100, mean_diversity=0.199196,
indivs=3908126, elapsed_secs=8765, mean=0.639170, stdev=0.114575, best fit=0.702100, best_overall=0.702100, mean_diversity=0.134177,
indivs=3918224, elapsed_secs=8792, mean=0.604485, stdev=0.085768, best fit=0.702100, best_overall=0.702100, mean_diversity=0.147765,
indivs=3928322, elapsed_secs=8812, mean=0.613963, stdev=0.158134, best fit=0.702100, best_overall=0.702100, mean_diversity=0.143681,
indivs=3938420, elapsed_secs=8838, mean=0.592057, stdev=0.120533, best fit=0.702100, best_overall=0.702100, mean_diversity=0.146512,
indivs=3948518, elapsed_secs=8859, mean=0.596868, stdev=0.088951, best fit=0.702100, best_overall=0.702100, mean_diversity=0.137694,
indivs=3958616, elapsed_secs=8886, mean=0.608807, stdev=0.103725, best fit=0.702100, best_overall=0.702100, mean_diversity=0.185406,
indivs=3968714, elapsed_secs=8926, mean=0.632276, stdev=0.135595, best fit=0.702100, best_overall=0.702100, mean_diversity=0.202459,
indivs=3978812, elapsed_secs=8948, mean=0.618434, stdev=0.138756, best fit=0.702100, best_overall=0.702100, mean_diversity=0.191586,
indivs=3988910, elapsed_secs=8962, mean=0.600541, stdev=0.129760, best fit=0.702100, best_overall=0.702100, mean_diversity=0.179937,
indivs=3999008, elapsed_secs=8996, mean=0.619755, stdev=0.112992, best fit=0.702100, best_overall=0.702100, mean_diversity=0.121040,
indivs=4009106, elapsed_secs=9023, mean=0.587948, stdev=0.119901, best fit=0.702100, best_overall=0.702100, mean_diversity=0.266997,
indivs=4019204, elapsed_secs=9042, mean=0.637401, stdev=0.119297, best fit=0.702100, best_overall=0.702100, mean_diversity=0.091675,
indivs=4029302, elapsed_secs=9072, mean=0.638298, stdev=0.101886, best fit=0.702100, best_overall=0.702100, mean_diversity=0.219729,
indivs=4039400, elapsed_secs=9089, mean=0.614815, stdev=0.159440, best fit=0.702100, best_overall=0.702100, mean_diversity=0.216845,
indivs=4049498, elapsed_secs=9111, mean=0.598879, stdev=0.129697, best fit=0.702100, best_overall=0.702100, mean_diversity=0.165682,
indivs=4059596, elapsed_secs=9134, mean=0.622900, stdev=0.096768, best fit=0.702100, best_overall=0.702100, mean_diversity=0.163798,
indivs=4069694, elapsed_secs=9162, mean=0.645686, stdev=0.100510, best fit=0.702100, best_overall=0.702100, mean_diversity=0.164794,
indivs=4079792, elapsed_secs=9184, mean=0.599558, stdev=0.151702, best fit=0.702100, best_overall=0.702100, mean_diversity=0.105902,
indivs=4089890, elapsed_secs=9215, mean=0.612338, stdev=0.169129, best fit=0.702100, best_overall=0.702100, mean_diversity=0.241728,
indivs=4099988, elapsed_secs=9239, mean=0.604402, stdev=0.155778, best fit=0.702100, best_overall=0.702100, mean_diversity=0.182333,
indivs=4110086, elapsed_secs=9260, mean=0.614280, stdev=0.161264, best fit=0.702100, best_overall=0.702100, mean_diversity=0.166805,
indivs=4120184, elapsed_secs=9282, mean=0.558920, stdev=0.146427, best fit=0.702100, best_overall=0.702100, mean_diversity=0.145608,
indivs=4130282, elapsed_secs=9313, mean=0.632593, stdev=0.130546, best fit=0.702100, best_overall=0.702100, mean_diversity=0.161227,
indivs=4140380, elapsed_secs=9337, mean=0.615802, stdev=0.096096, best fit=0.702100, best_overall=0.702100, mean_diversity=0.132653,
indivs=4150478, elapsed_secs=9354, mean=0.591249, stdev=0.121496, best fit=0.702100, best_overall=0.702100, mean_diversity=0.140562,
indivs=4160576, elapsed_secs=9375, mean=0.595977, stdev=0.200649, best fit=0.702100, best_overall=0.702100, mean_diversity=0.170171,
indivs=4170674, elapsed_secs=9396, mean=0.625208, stdev=0.100545, best fit=0.702100, best_overall=0.702100, mean_diversity=0.190638,
indivs=4180772, elapsed_secs=9413, mean=0.603170, stdev=0.152617, best fit=0.702100, best_overall=0.702100, mean_diversity=0.168625,
indivs=4190870, elapsed_secs=9446, mean=0.602532, stdev=0.155148, best fit=0.702100, best_overall=0.702100, mean_diversity=0.154163,
indivs=4200968, elapsed_secs=9477, mean=0.600502, stdev=0.119710, best fit=0.702100, best_overall=0.702100, mean_diversity=0.122018,
indivs=4211066, elapsed_secs=9496, mean=0.620991, stdev=0.097616, best fit=0.702100, best_overall=0.702100, mean_diversity=0.167621,
indivs=4221164, elapsed_secs=9519, mean=0.617982, stdev=0.137584, best fit=0.702100, best_overall=0.702100, mean_diversity=0.192009,
indivs=4231262, elapsed_secs=9537, mean=0.624321, stdev=0.171465, best fit=0.702100, best_overall=0.702100, mean_diversity=0.131404,
indivs=4241360, elapsed_secs=9563, mean=0.607992, stdev=0.102990, best fit=0.702100, best_overall=0.702100, mean_diversity=0.211853,
indivs=4251458, elapsed_secs=9585, mean=0.601035, stdev=0.146105, best fit=0.702100, best_overall=0.702100, mean_diversity=0.128260,
indivs=4261556, elapsed_secs=9607, mean=0.603818, stdev=0.171290, best fit=0.702100, best_overall=0.702100, mean_diversity=0.164098,
indivs=4271654, elapsed_secs=9638, mean=0.614146, stdev=0.139652, best fit=0.702100, best_overall=0.702100, mean_diversity=0.162207,
indivs=4281752, elapsed_secs=9666, mean=0.572621, stdev=0.173785, best fit=0.702100, best_overall=0.702100, mean_diversity=0.130000,
indivs=4291850, elapsed_secs=9704, mean=0.617979, stdev=0.101030, best fit=0.702100, best_overall=0.702100, mean_diversity=0.164090,
indivs=4301948, elapsed_secs=9738, mean=0.599506, stdev=0.085972, best fit=0.702100, best_overall=0.702100, mean_diversity=0.187910,
indivs=4312046, elapsed_secs=9777, mean=0.621737, stdev=0.102773, best fit=0.702100, best_overall=0.702100, mean_diversity=0.170891,
indivs=4322144, elapsed_secs=9804, mean=0.582273, stdev=0.153135, best fit=0.702100, best_overall=0.702100, mean_diversity=0.168215,
indivs=4332242, elapsed_secs=9820, mean=0.567826, stdev=0.163706, best fit=0.702100, best_overall=0.702100, mean_diversity=0.264634,
indivs=4342340, elapsed_secs=9840, mean=0.579844, stdev=0.128557, best fit=0.702100, best_overall=0.702100, mean_diversity=0.106699,
indivs=4352438, elapsed_secs=9865, mean=0.608941, stdev=0.183249, best fit=0.702100, best_overall=0.702100, mean_diversity=0.183492,
indivs=4362536, elapsed_secs=9890, mean=0.618642, stdev=0.157572, best fit=0.702100, best_overall=0.702100, mean_diversity=0.120372,
indivs=4372634, elapsed_secs=9914, mean=0.589921, stdev=0.118514, best fit=0.702100, best_overall=0.702100, mean_diversity=0.191456,
indivs=4382732, elapsed_secs=9935, mean=0.586893, stdev=0.114995, best fit=0.702100, best_overall=0.702100, mean_diversity=0.223009,
indivs=4392830, elapsed_secs=9961, mean=0.605574, stdev=0.168366, best fit=0.702100, best_overall=0.702100, mean_diversity=0.171661,
indivs=4402928, elapsed_secs=9982, mean=0.626445, stdev=0.136075, best fit=0.702100, best_overall=0.702100, mean_diversity=0.184000,
indivs=4413026, elapsed_secs=10002, mean=0.638448, stdev=0.134068, best fit=0.702100, best_overall=0.702100, mean_diversity=0.082075,
indivs=4423124, elapsed_secs=10029, mean=0.615740, stdev=0.058230, best fit=0.702100, best_overall=0.702100, mean_diversity=0.084881,
indivs=4433222, elapsed_secs=10048, mean=0.603452, stdev=0.113346, best fit=0.702100, best_overall=0.702100, mean_diversity=0.138540,
indivs=4443320, elapsed_secs=10082, mean=0.612880, stdev=0.163652, best fit=0.702100, best_overall=0.702100, mean_diversity=0.146513,
indivs=4453418, elapsed_secs=10104, mean=0.579280, stdev=0.107097, best fit=0.702100, best_overall=0.702100, mean_diversity=0.183920,
indivs=4463516, elapsed_secs=10126, mean=0.599389, stdev=0.063879, best fit=0.702100, best_overall=0.702100, mean_diversity=0.141308,
indivs=4473614, elapsed_secs=10148, mean=0.596684, stdev=0.087247, best fit=0.702100, best_overall=0.702100, mean_diversity=0.151742,
indivs=4483712, elapsed_secs=10170, mean=0.609685, stdev=0.132054, best fit=0.702100, best_overall=0.702100, mean_diversity=0.183844,
indivs=4493810, elapsed_secs=10199, mean=0.593368, stdev=0.124484, best fit=0.702100, best_overall=0.702100, mean_diversity=0.162565,
indivs=4503908, elapsed_secs=10227, mean=0.628881, stdev=0.143940, best fit=0.702100, best_overall=0.702100, mean_diversity=0.139939,
indivs=4514006, elapsed_secs=10250, mean=0.648936, stdev=0.116837, best fit=0.702100, best_overall=0.702100, mean_diversity=0.206696,
indivs=4524104, elapsed_secs=10274, mean=0.580391, stdev=0.118802, best fit=0.702100, best_overall=0.702100, mean_diversity=0.175570,
indivs=4534202, elapsed_secs=10306, mean=0.587200, stdev=0.129369, best fit=0.702100, best_overall=0.702100, mean_diversity=0.173528,
indivs=4544300, elapsed_secs=10334, mean=0.613231, stdev=0.161056, best fit=0.702100, best_overall=0.702100, mean_diversity=0.160606,
indivs=4554398, elapsed_secs=10366, mean=0.604165, stdev=0.092690, best fit=0.702100, best_overall=0.702100, mean_diversity=0.079815,
indivs=4564496, elapsed_secs=10403, mean=0.565889, stdev=0.157503, best fit=0.702100, best_overall=0.702100, mean_diversity=0.245492,
indivs=4574594, elapsed_secs=10441, mean=0.605457, stdev=0.112982, best fit=0.702100, best_overall=0.702100, mean_diversity=0.160748,
indivs=4584692, elapsed_secs=10467, mean=0.610209, stdev=0.092784, best fit=0.702100, best_overall=0.702100, mean_diversity=0.135949,
indivs=4594790, elapsed_secs=10493, mean=0.594797, stdev=0.108615, best fit=0.702100, best_overall=0.702100, mean_diversity=0.186326,
indivs=4604888, elapsed_secs=10525, mean=0.594167, stdev=0.080237, best fit=0.702100, best_overall=0.702100, mean_diversity=0.104588,
indivs=4614986, elapsed_secs=10553, mean=0.611519, stdev=0.122775, best fit=0.702100, best_overall=0.702100, mean_diversity=0.202778,
indivs=4625084, elapsed_secs=10581, mean=0.583557, stdev=0.133166, best fit=0.702100, best_overall=0.702100, mean_diversity=0.191153,
indivs=4635182, elapsed_secs=10602, mean=0.601521, stdev=0.119216, best fit=0.702100, best_overall=0.702100, mean_diversity=0.148490,
indivs=4645280, elapsed_secs=10627, mean=0.593881, stdev=0.117487, best fit=0.702100, best_overall=0.702100, mean_diversity=0.144770,
indivs=4655378, elapsed_secs=10651, mean=0.600442, stdev=0.125778, best fit=0.702100, best_overall=0.702100, mean_diversity=0.213661,
indivs=4665476, elapsed_secs=10683, mean=0.638519, stdev=0.100595, best fit=0.702100, best_overall=0.702100, mean_diversity=0.162488,
indivs=4675574, elapsed_secs=10695, mean=0.608984, stdev=0.099755, best fit=0.702100, best_overall=0.702100, mean_diversity=0.143057,
indivs=4685672, elapsed_secs=10716, mean=0.606862, stdev=0.159777, best fit=0.702100, best_overall=0.702100, mean_diversity=0.135919,
indivs=4695770, elapsed_secs=10745, mean=0.593580, stdev=0.122897, best fit=0.702100, best_overall=0.702100, mean_diversity=0.146096,
indivs=4705868, elapsed_secs=10767, mean=0.588654, stdev=0.096007, best fit=0.702100, best_overall=0.702100, mean_diversity=0.102963,
indivs=4715966, elapsed_secs=10785, mean=0.601435, stdev=0.122695, best fit=0.702100, best_overall=0.702100, mean_diversity=0.094026,
indivs=4726064, elapsed_secs=10803, mean=0.634388, stdev=0.113264, best fit=0.702100, best_overall=0.702100, mean_diversity=0.113756,
indivs=4736162, elapsed_secs=10816, mean=0.579957, stdev=0.154259, best fit=0.702100, best_overall=0.702100, mean_diversity=0.177359,
indivs=4746260, elapsed_secs=10835, mean=0.596353, stdev=0.192609, best fit=0.702100, best_overall=0.702100, mean_diversity=0.157556,
indivs=4756358, elapsed_secs=10853, mean=0.631594, stdev=0.097513, best fit=0.702100, best_overall=0.702100, mean_diversity=0.138986,
indivs=4766456, elapsed_secs=10872, mean=0.633255, stdev=0.080817, best fit=0.702100, best_overall=0.702100, mean_diversity=0.237639,
indivs=4776554, elapsed_secs=10899, mean=0.615110, stdev=0.145618, best fit=0.702100, best_overall=0.702100, mean_diversity=0.143564,
indivs=4786652, elapsed_secs=10933, mean=0.613949, stdev=0.135237, best fit=0.702100, best_overall=0.702100, mean_diversity=0.155825,
indivs=4796750, elapsed_secs=10961, mean=0.595660, stdev=0.146291, best fit=0.702100, best_overall=0.702100, mean_diversity=0.153290,
indivs=4806848, elapsed_secs=10985, mean=0.592774, stdev=0.218552, best fit=0.702100, best_overall=0.702100, mean_diversity=0.086181,
indivs=4816946, elapsed_secs=11005, mean=0.623486, stdev=0.159859, best fit=0.702100, best_overall=0.702100, mean_diversity=0.138366,
indivs=4827044, elapsed_secs=11037, mean=0.610678, stdev=0.162043, best fit=0.702100, best_overall=0.702100, mean_diversity=0.114941,
indivs=4837142, elapsed_secs=11066, mean=0.593466, stdev=0.146177, best fit=0.702100, best_overall=0.702100, mean_diversity=0.182303,
indivs=4847240, elapsed_secs=11111, mean=0.630312, stdev=0.124515, best fit=0.702100, best_overall=0.702100, mean_diversity=0.115349,
indivs=4857338, elapsed_secs=11150, mean=0.623579, stdev=0.171130, best fit=0.702100, best_overall=0.702100, mean_diversity=0.116233,
indivs=4867436, elapsed_secs=11184, mean=0.596970, stdev=0.200301, best fit=0.702100, best_overall=0.702100, mean_diversity=0.162203,
indivs=4877534, elapsed_secs=11224, mean=0.608241, stdev=0.152425, best fit=0.702100, best_overall=0.702100, mean_diversity=0.134585,
indivs=4887632, elapsed_secs=11256, mean=0.623833, stdev=0.120404, best fit=0.702100, best_overall=0.702100, mean_diversity=0.169020,
indivs=4897730, elapsed_secs=11291, mean=0.612493, stdev=0.153500, best fit=0.702100, best_overall=0.702100, mean_diversity=0.086844,
indivs=4907828, elapsed_secs=11323, mean=0.602712, stdev=0.123280, best fit=0.702100, best_overall=0.702100, mean_diversity=0.148408,
indivs=4917926, elapsed_secs=11355, mean=0.595979, stdev=0.179815, best fit=0.702100, best_overall=0.702100, mean_diversity=0.105831,
indivs=4928024, elapsed_secs=11387, mean=0.589588, stdev=0.125322, best fit=0.702100, best_overall=0.702100, mean_diversity=0.161278,
indivs=4938122, elapsed_secs=11419, mean=0.598293, stdev=0.136268, best fit=0.702100, best_overall=0.702100, mean_diversity=0.198983,
indivs=4948220, elapsed_secs=11463, mean=0.610029, stdev=0.170578, best fit=0.702100, best_overall=0.702100, mean_diversity=0.216374,
indivs=4958318, elapsed_secs=11503, mean=0.622303, stdev=0.135347, best fit=0.702100, best_overall=0.702100, mean_diversity=0.113379,
indivs=4968416, elapsed_secs=11539, mean=0.588544, stdev=0.137195, best fit=0.702100, best_overall=0.702100, mean_diversity=0.240385,
indivs=4978514, elapsed_secs=11583, mean=0.612246, stdev=0.169418, best fit=0.702100, best_overall=0.702100, mean_diversity=0.175748,
indivs=4988612, elapsed_secs=11615, mean=0.632566, stdev=0.146142, best fit=0.702100, best_overall=0.702100, mean_diversity=0.130449,
indivs=4998710, elapsed_secs=11654, mean=0.584162, stdev=0.202511, best fit=0.702100, best_overall=0.702100, mean_diversity=0.193910,
indivs=5008808, elapsed_secs=11690, mean=0.592622, stdev=0.177108, best fit=0.702100, best_overall=0.702100, mean_diversity=0.209188,
indivs=5018906, elapsed_secs=11719, mean=0.575330, stdev=0.134056, best fit=0.702100, best_overall=0.702100, mean_diversity=0.181556,
indivs=5029004, elapsed_secs=11749, mean=0.627642, stdev=0.078873, best fit=0.702100, best_overall=0.702100, mean_diversity=0.166348,
indivs=5039102, elapsed_secs=11772, mean=0.611901, stdev=0.171270, best fit=0.702100, best_overall=0.702100, mean_diversity=0.196781,
indivs=5049200, elapsed_secs=11783, mean=0.620688, stdev=0.120096, best fit=0.702100, best_overall=0.702100, mean_diversity=0.217617,
indivs=5059298, elapsed_secs=11809, mean=0.578312, stdev=0.161420, best fit=0.702100, best_overall=0.702100, mean_diversity=0.098967,
indivs=5069396, elapsed_secs=11837, mean=0.591845, stdev=0.167818, best fit=0.702100, best_overall=0.702100, mean_diversity=0.135714,
indivs=5079494, elapsed_secs=11866, mean=0.607421, stdev=0.139400, best fit=0.702100, best_overall=0.702100, mean_diversity=0.139191,
indivs=5089592, elapsed_secs=11898, mean=0.617338, stdev=0.122039, best fit=0.702100, best_overall=0.702100, mean_diversity=0.125559,
indivs=5099690, elapsed_secs=11926, mean=0.585512, stdev=0.102425, best fit=0.702100, best_overall=0.702100, mean_diversity=0.158494,
indivs=5109788, elapsed_secs=11956, mean=0.611227, stdev=0.111992, best fit=0.702100, best_overall=0.702100, mean_diversity=0.202695,
indivs=5119886, elapsed_secs=11984, mean=0.605095, stdev=0.172241, best fit=0.702100, best_overall=0.702100, mean_diversity=0.151951,
indivs=5129984, elapsed_secs=12024, mean=0.614276, stdev=0.158539, best fit=0.702100, best_overall=0.702100, mean_diversity=0.156633,
indivs=5140082, elapsed_secs=12054, mean=0.588774, stdev=0.156043, best fit=0.702100, best_overall=0.702100, mean_diversity=0.183099,
indivs=5150180, elapsed_secs=12070, mean=0.584184, stdev=0.145420, best fit=0.702100, best_overall=0.702100, mean_diversity=0.105515,
indivs=5160278, elapsed_secs=12094, mean=0.612220, stdev=0.129653, best fit=0.702100, best_overall=0.702100, mean_diversity=0.172928,
indivs=5170376, elapsed_secs=12117, mean=0.550991, stdev=0.207317, best fit=0.702100, best_overall=0.702100, mean_diversity=0.100753,
indivs=5180474, elapsed_secs=12142, mean=0.582088, stdev=0.140245, best fit=0.702100, best_overall=0.702100, mean_diversity=0.133727,
indivs=5190572, elapsed_secs=12171, mean=0.587621, stdev=0.082542, best fit=0.702100, best_overall=0.702100, mean_diversity=0.152694,
indivs=5200670, elapsed_secs=12205, mean=0.595676, stdev=0.061142, best fit=0.702100, best_overall=0.702100, mean_diversity=0.126991,
indivs=5210768, elapsed_secs=12248, mean=0.585257, stdev=0.133528, best fit=0.702100, best_overall=0.702100, mean_diversity=0.367566,
indivs=5220866, elapsed_secs=12274, mean=0.624881, stdev=0.136482, best fit=0.702100, best_overall=0.702100, mean_diversity=0.194829,
indivs=5230964, elapsed_secs=12299, mean=0.606516, stdev=0.135480, best fit=0.702100, best_overall=0.702100, mean_diversity=0.197275,
indivs=5241062, elapsed_secs=12320, mean=0.593088, stdev=0.087755, best fit=0.702100, best_overall=0.702100, mean_diversity=0.116072,
indivs=5251160, elapsed_secs=12339, mean=0.627574, stdev=0.077791, best fit=0.702100, best_overall=0.702100, mean_diversity=0.210312,
indivs=5261258, elapsed_secs=12357, mean=0.593378, stdev=0.146838, best fit=0.702100, best_overall=0.702100, mean_diversity=0.116780,
indivs=5271356, elapsed_secs=12381, mean=0.578927, stdev=0.149639, best fit=0.702100, best_overall=0.702100, mean_diversity=0.223103,
indivs=5281454, elapsed_secs=12400, mean=0.608911, stdev=0.181287, best fit=0.702100, best_overall=0.702100, mean_diversity=0.162780,
indivs=5291552, elapsed_secs=12431, mean=0.609440, stdev=0.096508, best fit=0.702100, best_overall=0.702100, mean_diversity=0.116091,
indivs=5301650, elapsed_secs=12452, mean=0.611395, stdev=0.182018, best fit=0.702100, best_overall=0.702100, mean_diversity=0.147133,
indivs=5311748, elapsed_secs=12476, mean=0.616962, stdev=0.137632, best fit=0.702100, best_overall=0.702100, mean_diversity=0.149972,
indivs=5321846, elapsed_secs=12504, mean=0.588376, stdev=0.136612, best fit=0.702100, best_overall=0.702100, mean_diversity=0.151351,
indivs=5331944, elapsed_secs=12532, mean=0.622301, stdev=0.115062, best fit=0.702100, best_overall=0.702100, mean_diversity=0.095456,
indivs=5342042, elapsed_secs=12557, mean=0.603736, stdev=0.160177, best fit=0.702100, best_overall=0.702100, mean_diversity=0.199017,
indivs=5352140, elapsed_secs=12574, mean=0.603105, stdev=0.110908, best fit=0.702100, best_overall=0.702100, mean_diversity=0.165268,
indivs=5362238, elapsed_secs=12596, mean=0.593640, stdev=0.063252, best fit=0.702100, best_overall=0.702100, mean_diversity=0.183417,
indivs=5372336, elapsed_secs=12616, mean=0.619188, stdev=0.101156, best fit=0.702100, best_overall=0.702100, mean_diversity=0.189253,
indivs=5382434, elapsed_secs=12638, mean=0.599057, stdev=0.149180, best fit=0.702100, best_overall=0.702100, mean_diversity=0.194057,
indivs=5392532, elapsed_secs=12663, mean=0.623531, stdev=0.119609, best fit=0.702100, best_overall=0.702100, mean_diversity=0.307209,
indivs=5402630, elapsed_secs=12691, mean=0.623534, stdev=0.105602, best fit=0.702100, best_overall=0.702100, mean_diversity=0.117065,
indivs=5412728, elapsed_secs=12723, mean=0.599406, stdev=0.107097, best fit=0.702100, best_overall=0.702100, mean_diversity=0.158646,
indivs=5422826, elapsed_secs=12743, mean=0.619095, stdev=0.076783, best fit=0.702100, best_overall=0.702100, mean_diversity=0.126052,
indivs=5432924, elapsed_secs=12764, mean=0.594263, stdev=0.137341, best fit=0.702100, best_overall=0.702100, mean_diversity=0.239191,
indivs=5443022, elapsed_secs=12792, mean=0.572709, stdev=0.105956, best fit=0.702100, best_overall=0.702100, mean_diversity=0.110321,
indivs=5453120, elapsed_secs=12812, mean=0.595909, stdev=0.074766, best fit=0.702100, best_overall=0.702100, mean_diversity=0.203788,
indivs=5463218, elapsed_secs=12835, mean=0.565165, stdev=0.160527, best fit=0.702100, best_overall=0.702100, mean_diversity=0.124124,
indivs=5473316, elapsed_secs=12861, mean=0.586565, stdev=0.085329, best fit=0.702100, best_overall=0.702100, mean_diversity=0.170740,
indivs=5483414, elapsed_secs=12889, mean=0.584419, stdev=0.162818, best fit=0.702100, best_overall=0.702100, mean_diversity=0.179323,
indivs=5493512, elapsed_secs=12912, mean=0.621240, stdev=0.132373, best fit=0.702100, best_overall=0.702100, mean_diversity=0.095297,
indivs=5503610, elapsed_secs=12942, mean=0.555808, stdev=0.244083, best fit=0.702100, best_overall=0.702100, mean_diversity=0.214491,
indivs=5513708, elapsed_secs=12970, mean=0.621586, stdev=0.139980, best fit=0.702100, best_overall=0.702100, mean_diversity=0.199481,
indivs=5523806, elapsed_secs=13003, mean=0.596743, stdev=0.106302, best fit=0.702100, best_overall=0.702100, mean_diversity=0.165505,
indivs=5533904, elapsed_secs=13036, mean=0.558123, stdev=0.214076, best fit=0.702100, best_overall=0.702100, mean_diversity=0.160399,
indivs=5544002, elapsed_secs=13062, mean=0.572408, stdev=0.184177, best fit=0.702100, best_overall=0.702100, mean_diversity=0.183688,
indivs=5554100, elapsed_secs=13087, mean=0.601222, stdev=0.164759, best fit=0.702100, best_overall=0.702100, mean_diversity=0.165564,
indivs=5564198, elapsed_secs=13110, mean=0.615630, stdev=0.139282, best fit=0.702100, best_overall=0.702100, mean_diversity=0.097768,
indivs=5574296, elapsed_secs=13140, mean=0.625083, stdev=0.122130, best fit=0.702100, best_overall=0.702100, mean_diversity=0.160631,
indivs=5584394, elapsed_secs=13160, mean=0.612526, stdev=0.124530, best fit=0.702100, best_overall=0.702100, mean_diversity=0.106915,
indivs=5594492, elapsed_secs=13186, mean=0.544717, stdev=0.195859, best fit=0.702100, best_overall=0.702100, mean_diversity=0.157132,
indivs=5604590, elapsed_secs=13223, mean=0.606205, stdev=0.120390, best fit=0.702100, best_overall=0.702100, mean_diversity=0.166518,
indivs=5614688, elapsed_secs=13249, mean=0.609855, stdev=0.134092, best fit=0.702100, best_overall=0.702100, mean_diversity=0.167265,
indivs=5624786, elapsed_secs=13273, mean=0.586977, stdev=0.133445, best fit=0.702100, best_overall=0.702100, mean_diversity=0.102023,
indivs=5634884, elapsed_secs=13299, mean=0.589278, stdev=0.160238, best fit=0.702100, best_overall=0.702100, mean_diversity=0.166551,
indivs=5644982, elapsed_secs=13318, mean=0.618926, stdev=0.158700, best fit=0.702100, best_overall=0.702100, mean_diversity=0.184130,
indivs=5655080, elapsed_secs=13343, mean=0.580651, stdev=0.199148, best fit=0.702100, best_overall=0.702100, mean_diversity=0.192112,
indivs=5665178, elapsed_secs=13368, mean=0.584876, stdev=0.189144, best fit=0.702100, best_overall=0.702100, mean_diversity=0.122908,
indivs=5675276, elapsed_secs=13411, mean=0.575287, stdev=0.197241, best fit=0.702100, best_overall=0.702100, mean_diversity=0.149489,
indivs=5685374, elapsed_secs=13441, mean=0.586232, stdev=0.110801, best fit=0.702100, best_overall=0.702100, mean_diversity=0.124910,
indivs=5695472, elapsed_secs=13463, mean=0.619902, stdev=0.163563, best fit=0.702100, best_overall=0.702100, mean_diversity=0.151012,
indivs=5705570, elapsed_secs=13492, mean=0.629715, stdev=0.118458, best fit=0.702100, best_overall=0.702100, mean_diversity=0.157320,
indivs=5715668, elapsed_secs=13520, mean=0.607209, stdev=0.181136, best fit=0.702100, best_overall=0.702100, mean_diversity=0.199424,
indivs=5725766, elapsed_secs=13545, mean=0.572738, stdev=0.179293, best fit=0.702100, best_overall=0.702100, mean_diversity=0.205891,
indivs=5735864, elapsed_secs=13580, mean=0.614594, stdev=0.138421, best fit=0.702100, best_overall=0.702100, mean_diversity=0.145994,
indivs=5745962, elapsed_secs=13614, mean=0.617383, stdev=0.118542, best fit=0.702100, best_overall=0.702100, mean_diversity=0.157255,
indivs=5756060, elapsed_secs=13630, mean=0.608894, stdev=0.175694, best fit=0.702100, best_overall=0.702100, mean_diversity=0.062738,
indivs=5766158, elapsed_secs=13659, mean=0.590512, stdev=0.121564, best fit=0.702100, best_overall=0.702100, mean_diversity=0.146125,
indivs=5776256, elapsed_secs=13683, mean=0.575795, stdev=0.175982, best fit=0.702100, best_overall=0.702100, mean_diversity=0.180967,
indivs=5786354, elapsed_secs=13717, mean=0.578962, stdev=0.146568, best fit=0.702100, best_overall=0.702100, mean_diversity=0.165341,
indivs=5796452, elapsed_secs=13745, mean=0.637126, stdev=0.117869, best fit=0.702100, best_overall=0.702100, mean_diversity=0.107041,
indivs=5806550, elapsed_secs=13769, mean=0.597794, stdev=0.117055, best fit=0.702100, best_overall=0.702100, mean_diversity=0.140881,
indivs=5816648, elapsed_secs=13804, mean=0.524427, stdev=0.221070, best fit=0.702100, best_overall=0.702100, mean_diversity=0.150376,
indivs=5826746, elapsed_secs=13844, mean=0.562636, stdev=0.177737, best fit=0.702100, best_overall=0.702100, mean_diversity=0.192090,
indivs=5836844, elapsed_secs=13873, mean=0.623002, stdev=0.149917, best fit=0.702100, best_overall=0.702100, mean_diversity=0.096901,
indivs=5846942, elapsed_secs=13900, mean=0.605763, stdev=0.110582, best fit=0.702100, best_overall=0.702100, mean_diversity=0.157586,
indivs=5857040, elapsed_secs=13933, mean=0.596971, stdev=0.179278, best fit=0.702100, best_overall=0.702100, mean_diversity=0.214911,
indivs=5867138, elapsed_secs=13971, mean=0.597944, stdev=0.172587, best fit=0.702100, best_overall=0.702100, mean_diversity=0.210898,
indivs=5877236, elapsed_secs=13996, mean=0.622450, stdev=0.131409, best fit=0.702100, best_overall=0.702100, mean_diversity=0.128481,
indivs=5887334, elapsed_secs=14016, mean=0.635150, stdev=0.104589, best fit=0.702100, best_overall=0.702100, mean_diversity=0.144071,
indivs=5897432, elapsed_secs=14039, mean=0.592954, stdev=0.128961, best fit=0.702100, best_overall=0.702100, mean_diversity=0.233345,
indivs=5907530, elapsed_secs=14069, mean=0.601136, stdev=0.124094, best fit=0.702100, best_overall=0.702100, mean_diversity=0.116257,
indivs=5917628, elapsed_secs=14088, mean=0.592396, stdev=0.129683, best fit=0.702100, best_overall=0.702100, mean_diversity=0.303455,
indivs=5927726, elapsed_secs=14121, mean=0.576047, stdev=0.169488, best fit=0.702100, best_overall=0.702100, mean_diversity=0.196316,
indivs=5937824, elapsed_secs=14142, mean=0.569169, stdev=0.163817, best fit=0.702100, best_overall=0.702100, mean_diversity=0.167614,
indivs=5947922, elapsed_secs=14176, mean=0.576954, stdev=0.151175, best fit=0.702100, best_overall=0.702100, mean_diversity=0.131193,
indivs=5958020, elapsed_secs=14204, mean=0.580030, stdev=0.184157, best fit=0.702100, best_overall=0.702100, mean_diversity=0.180694,
indivs=5968118, elapsed_secs=14232, mean=0.589548, stdev=0.136361, best fit=0.702100, best_overall=0.702100, mean_diversity=0.265266,
indivs=5978216, elapsed_secs=14249, mean=0.616379, stdev=0.118160, best fit=0.702100, best_overall=0.702100, mean_diversity=0.171353,
indivs=5988314, elapsed_secs=14266, mean=0.604024, stdev=0.086721, best fit=0.702100, best_overall=0.702100, mean_diversity=0.095428,
indivs=5998412, elapsed_secs=14281, mean=0.621641, stdev=0.130077, best fit=0.702100, best_overall=0.702100, mean_diversity=0.196747,
indivs=6008510, elapsed_secs=14310, mean=0.610161, stdev=0.089990, best fit=0.702100, best_overall=0.702100, mean_diversity=0.284706,
indivs=6018608, elapsed_secs=14346, mean=0.572823, stdev=0.151506, best fit=0.702100, best_overall=0.702100, mean_diversity=0.112053,
indivs=6028706, elapsed_secs=14373, mean=0.596592, stdev=0.095904, best fit=0.702100, best_overall=0.702100, mean_diversity=0.122563,
indivs=6038804, elapsed_secs=14395, mean=0.586928, stdev=0.114439, best fit=0.702100, best_overall=0.702100, mean_diversity=0.176485,
indivs=6048902, elapsed_secs=14422, mean=0.586871, stdev=0.147087, best fit=0.702100, best_overall=0.702100, mean_diversity=0.133636,
indivs=6059000, elapsed_secs=14459, mean=0.600896, stdev=0.129276, best fit=0.702100, best_overall=0.702100, mean_diversity=0.284831,
indivs=6069098, elapsed_secs=14496, mean=0.637847, stdev=0.133721, best fit=0.702100, best_overall=0.702100, mean_diversity=0.102079,
indivs=6079196, elapsed_secs=14518, mean=0.571990, stdev=0.135937, best fit=0.702100, best_overall=0.702100, mean_diversity=0.155332,
indivs=6089294, elapsed_secs=14553, mean=0.620732, stdev=0.145428, best fit=0.702100, best_overall=0.702100, mean_diversity=0.116333,
indivs=6099392, elapsed_secs=14582, mean=0.577038, stdev=0.123343, best fit=0.702100, best_overall=0.702100, mean_diversity=0.201165,
indivs=6109490, elapsed_secs=14623, mean=0.607053, stdev=0.150245, best fit=0.702100, best_overall=0.702100, mean_diversity=0.222651,
indivs=6119588, elapsed_secs=14652, mean=0.603198, stdev=0.110220, best fit=0.702100, best_overall=0.702100, mean_diversity=0.175901,
indivs=6129686, elapsed_secs=14677, mean=0.632896, stdev=0.099003, best fit=0.702100, best_overall=0.702100, mean_diversity=0.147724,
indivs=6139784, elapsed_secs=14704, mean=0.615105, stdev=0.116441, best fit=0.702100, best_overall=0.702100, mean_diversity=0.146339,
indivs=6149882, elapsed_secs=14726, mean=0.571702, stdev=0.150096, best fit=0.702100, best_overall=0.702100, mean_diversity=0.197325,
indivs=6159980, elapsed_secs=14749, mean=0.573554, stdev=0.216340, best fit=0.702100, best_overall=0.702100, mean_diversity=0.215597,
indivs=6170078, elapsed_secs=14772, mean=0.622858, stdev=0.133483, best fit=0.702100, best_overall=0.702100, mean_diversity=0.067995,
indivs=6180176, elapsed_secs=14794, mean=0.627502, stdev=0.136155, best fit=0.702100, best_overall=0.702100, mean_diversity=0.192657,
indivs=6190274, elapsed_secs=14816, mean=0.596982, stdev=0.157084, best fit=0.702100, best_overall=0.702100, mean_diversity=0.148155,
indivs=6200372, elapsed_secs=14834, mean=0.601210, stdev=0.064200, best fit=0.702100, best_overall=0.702100, mean_diversity=0.221674,
indivs=6210470, elapsed_secs=14852, mean=0.586812, stdev=0.133045, best fit=0.702100, best_overall=0.702100, mean_diversity=0.149860,
indivs=6220568, elapsed_secs=14870, mean=0.624435, stdev=0.144576, best fit=0.702100, best_overall=0.702100, mean_diversity=0.119035,
indivs=6230666, elapsed_secs=14896, mean=0.628754, stdev=0.138092, best fit=0.702100, best_overall=0.702100, mean_diversity=0.173688,
indivs=6240764, elapsed_secs=14922, mean=0.580483, stdev=0.182629, best fit=0.702100, best_overall=0.702100, mean_diversity=0.231742,
indivs=6250862, elapsed_secs=14945, mean=0.613482, stdev=0.116350, best fit=0.702100, best_overall=0.702100, mean_diversity=0.172363,
indivs=6260960, elapsed_secs=14966, mean=0.619700, stdev=0.141960, best fit=0.702100, best_overall=0.702100, mean_diversity=0.169951,
indivs=6271058, elapsed_secs=15000, mean=0.596327, stdev=0.135689, best fit=0.702100, best_overall=0.702100, mean_diversity=0.189982,
indivs=6281156, elapsed_secs=15041, mean=0.589030, stdev=0.209700, best fit=0.702100, best_overall=0.702100, mean_diversity=0.178320,
indivs=6291254, elapsed_secs=15071, mean=0.631964, stdev=0.133441, best fit=0.702100, best_overall=0.702100, mean_diversity=0.162843,
indivs=6301352, elapsed_secs=15093, mean=0.642738, stdev=0.111465, best fit=0.702100, best_overall=0.702100, mean_diversity=0.174648,
indivs=6311450, elapsed_secs=15114, mean=0.643594, stdev=0.069852, best fit=0.702100, best_overall=0.702100, mean_diversity=0.113595,
indivs=6321548, elapsed_secs=15133, mean=0.608868, stdev=0.149093, best fit=0.702100, best_overall=0.702100, mean_diversity=0.210856,
indivs=6331646, elapsed_secs=15149, mean=0.621998, stdev=0.147884, best fit=0.702100, best_overall=0.702100, mean_diversity=0.167199,
indivs=6341744, elapsed_secs=15167, mean=0.640434, stdev=0.134320, best fit=0.702100, best_overall=0.702100, mean_diversity=0.174737,
indivs=6351842, elapsed_secs=15195, mean=0.589432, stdev=0.101788, best fit=0.702100, best_overall=0.702100, mean_diversity=0.184572,
indivs=6361940, elapsed_secs=15227, mean=0.618342, stdev=0.088894, best fit=0.702100, best_overall=0.702100, mean_diversity=0.153071,
indivs=6372038, elapsed_secs=15249, mean=0.626856, stdev=0.120920, best fit=0.702100, best_overall=0.702100, mean_diversity=0.140791,
indivs=6382136, elapsed_secs=15278, mean=0.609260, stdev=0.114795, best fit=0.702100, best_overall=0.702100, mean_diversity=0.217230,
indivs=6392234, elapsed_secs=15299, mean=0.575124, stdev=0.135111, best fit=0.702100, best_overall=0.702100, mean_diversity=0.109357,
indivs=6402332, elapsed_secs=15323, mean=0.611942, stdev=0.141962, best fit=0.702100, best_overall=0.702100, mean_diversity=0.165235,
indivs=6412430, elapsed_secs=15354, mean=0.587322, stdev=0.111784, best fit=0.702100, best_overall=0.702100, mean_diversity=0.195833,
indivs=6422528, elapsed_secs=15378, mean=0.584460, stdev=0.106004, best fit=0.702100, best_overall=0.702100, mean_diversity=0.193079,
indivs=6432626, elapsed_secs=15400, mean=0.629914, stdev=0.102950, best fit=0.702100, best_overall=0.702100, mean_diversity=0.302971,
indivs=6442724, elapsed_secs=15420, mean=0.608758, stdev=0.139861, best fit=0.702100, best_overall=0.702100, mean_diversity=0.231275,
indivs=6452822, elapsed_secs=15456, mean=0.599416, stdev=0.098806, best fit=0.702100, best_overall=0.702100, mean_diversity=0.221077,
indivs=6462920, elapsed_secs=15479, mean=0.609691, stdev=0.117376, best fit=0.702100, best_overall=0.702100, mean_diversity=0.146599,
indivs=6473018, elapsed_secs=15507, mean=0.604020, stdev=0.181083, best fit=0.702100, best_overall=0.702100, mean_diversity=0.160265,
indivs=6483116, elapsed_secs=15540, mean=0.549058, stdev=0.205911, best fit=0.702100, best_overall=0.702100, mean_diversity=0.174239,
indivs=6493214, elapsed_secs=15574, mean=0.590787, stdev=0.140428, best fit=0.702100, best_overall=0.702100, mean_diversity=0.178640,
indivs=6503312, elapsed_secs=15606, mean=0.623129, stdev=0.136595, best fit=0.702100, best_overall=0.702100, mean_diversity=0.174245,
indivs=6513410, elapsed_secs=15628, mean=0.603057, stdev=0.136580, best fit=0.702100, best_overall=0.702100, mean_diversity=0.148556,
indivs=6523508, elapsed_secs=15660, mean=0.581522, stdev=0.191443, best fit=0.702100, best_overall=0.702100, mean_diversity=0.236993,
indivs=6533606, elapsed_secs=15679, mean=0.595076, stdev=0.130746, best fit=0.702100, best_overall=0.702100, mean_diversity=0.102040,
indivs=6543704, elapsed_secs=15704, mean=0.614640, stdev=0.092804, best fit=0.702100, best_overall=0.702100, mean_diversity=0.115890,
indivs=6553802, elapsed_secs=15719, mean=0.612048, stdev=0.090436, best fit=0.702100, best_overall=0.702100, mean_diversity=0.183605,
indivs=6563900, elapsed_secs=15742, mean=0.639438, stdev=0.118423, best fit=0.702100, best_overall=0.702100, mean_diversity=0.195811,
indivs=6573998, elapsed_secs=15764, mean=0.566913, stdev=0.178189, best fit=0.702100, best_overall=0.702100, mean_diversity=0.144832,
indivs=6584096, elapsed_secs=15783, mean=0.611819, stdev=0.068375, best fit=0.702100, best_overall=0.702100, mean_diversity=0.215568,
indivs=6594194, elapsed_secs=15810, mean=0.605745, stdev=0.103475, best fit=0.702100, best_overall=0.702100, mean_diversity=0.141129,
indivs=6604292, elapsed_secs=15847, mean=0.611633, stdev=0.086545, best fit=0.702100, best_overall=0.702100, mean_diversity=0.163814,
indivs=6614390, elapsed_secs=15870, mean=0.646206, stdev=0.083681, best fit=0.702100, best_overall=0.702100, mean_diversity=0.078607,
indivs=6624488, elapsed_secs=15895, mean=0.625191, stdev=0.122938, best fit=0.702100, best_overall=0.702100, mean_diversity=0.178764,
indivs=6634586, elapsed_secs=15920, mean=0.615263, stdev=0.118990, best fit=0.702100, best_overall=0.702100, mean_diversity=0.087976,
indivs=6644684, elapsed_secs=15946, mean=0.618760, stdev=0.135222, best fit=0.702100, best_overall=0.702100, mean_diversity=0.123134,
indivs=6654782, elapsed_secs=15972, mean=0.615801, stdev=0.134246, best fit=0.702100, best_overall=0.702100, mean_diversity=0.148259,
indivs=6664880, elapsed_secs=16003, mean=0.604761, stdev=0.163148, best fit=0.702100, best_overall=0.702100, mean_diversity=0.155841,
indivs=6674978, elapsed_secs=16035, mean=0.589550, stdev=0.153867, best fit=0.702100, best_overall=0.702100, mean_diversity=0.222424,
indivs=6685076, elapsed_secs=16074, mean=0.636379, stdev=0.107631, best fit=0.702100, best_overall=0.702100, mean_diversity=0.131180,
indivs=6695174, elapsed_secs=16103, mean=0.598037, stdev=0.165850, best fit=0.702100, best_overall=0.702100, mean_diversity=0.129427,
indivs=6705272, elapsed_secs=16124, mean=0.594424, stdev=0.103205, best fit=0.702100, best_overall=0.702100, mean_diversity=0.184308,
indivs=6715370, elapsed_secs=16144, mean=0.601369, stdev=0.088214, best fit=0.702100, best_overall=0.702100, mean_diversity=0.158352,
indivs=6725468, elapsed_secs=16167, mean=0.584580, stdev=0.124996, best fit=0.702100, best_overall=0.702100, mean_diversity=0.136260,
indivs=6735566, elapsed_secs=16188, mean=0.617398, stdev=0.086830, best fit=0.702100, best_overall=0.702100, mean_diversity=0.150165,
indivs=6745664, elapsed_secs=16211, mean=0.581295, stdev=0.121251, best fit=0.702100, best_overall=0.702100, mean_diversity=0.179163,
indivs=6755762, elapsed_secs=16242, mean=0.603202, stdev=0.133084, best fit=0.702100, best_overall=0.702100, mean_diversity=0.135956,
indivs=6765860, elapsed_secs=16268, mean=0.612006, stdev=0.149607, best fit=0.702100, best_overall=0.702100, mean_diversity=0.175515,
indivs=6775958, elapsed_secs=16297, mean=0.592921, stdev=0.074278, best fit=0.702100, best_overall=0.702100, mean_diversity=0.249212,
indivs=6786056, elapsed_secs=16318, mean=0.603017, stdev=0.094888, best fit=0.702100, best_overall=0.702100, mean_diversity=0.193994,
indivs=6796154, elapsed_secs=16342, mean=0.586255, stdev=0.122212, best fit=0.702100, best_overall=0.702100, mean_diversity=0.120927,
indivs=6806252, elapsed_secs=16364, mean=0.601078, stdev=0.135324, best fit=0.702100, best_overall=0.702100, mean_diversity=0.248428,
indivs=6816350, elapsed_secs=16390, mean=0.563661, stdev=0.177587, best fit=0.702100, best_overall=0.702100, mean_diversity=0.204175,
indivs=6826448, elapsed_secs=16408, mean=0.531710, stdev=0.218137, best fit=0.702100, best_overall=0.702100, mean_diversity=0.167908,
indivs=6836546, elapsed_secs=16428, mean=0.529288, stdev=0.227583, best fit=0.702100, best_overall=0.702100, mean_diversity=0.155942,
indivs=6846644, elapsed_secs=16447, mean=0.569224, stdev=0.202126, best fit=0.702100, best_overall=0.702100, mean_diversity=0.167329,
indivs=6856742, elapsed_secs=16471, mean=0.520997, stdev=0.209231, best fit=0.702100, best_overall=0.702100, mean_diversity=0.147638,
indivs=6866840, elapsed_secs=16500, mean=0.560759, stdev=0.211991, best fit=0.702100, best_overall=0.702100, mean_diversity=0.123862,
indivs=6876938, elapsed_secs=16516, mean=0.546502, stdev=0.210253, best fit=0.702100, best_overall=0.702100, mean_diversity=0.173849,
indivs=6887036, elapsed_secs=16533, mean=0.546894, stdev=0.201911, best fit=0.702100, best_overall=0.702100, mean_diversity=0.189242,
indivs=6897134, elapsed_secs=16560, mean=0.507189, stdev=0.227349, best fit=0.702100, best_overall=0.702100, mean_diversity=0.110713,
indivs=6907232, elapsed_secs=16597, mean=0.648894, stdev=0.075153, best fit=0.702100, best_overall=0.702100, mean_diversity=0.156769,
indivs=6917330, elapsed_secs=16622, mean=0.604202, stdev=0.140422, best fit=0.702100, best_overall=0.702100, mean_diversity=0.174718,
indivs=6927428, elapsed_secs=16649, mean=0.607379, stdev=0.065373, best fit=0.702600, best_overall=0.702600, mean_diversity=0.207143,
indivs=6937526, elapsed_secs=16670, mean=0.643568, stdev=0.067769, best fit=0.702600, best_overall=0.702600, mean_diversity=0.190912,
indivs=6947624, elapsed_secs=16693, mean=0.637280, stdev=0.088984, best fit=0.702600, best_overall=0.702600, mean_diversity=0.154848,
indivs=6957722, elapsed_secs=16717, mean=0.618075, stdev=0.170855, best fit=0.702600, best_overall=0.702600, mean_diversity=0.168581,
indivs=6967820, elapsed_secs=16746, mean=0.612186, stdev=0.076135, best fit=0.702600, best_overall=0.702600, mean_diversity=0.156438,
indivs=6977918, elapsed_secs=16770, mean=0.618271, stdev=0.057053, best fit=0.702600, best_overall=0.702600, mean_diversity=0.200195,
indivs=6988016, elapsed_secs=16795, mean=0.630169, stdev=0.098556, best fit=0.702600, best_overall=0.702600, mean_diversity=0.173293,
indivs=6998114, elapsed_secs=16823, mean=0.628781, stdev=0.119777, best fit=0.702600, best_overall=0.702600, mean_diversity=0.199188,
indivs=7008212, elapsed_secs=16851, mean=0.640307, stdev=0.101947, best fit=0.702600, best_overall=0.702600, mean_diversity=0.159960,
indivs=7018310, elapsed_secs=16876, mean=0.634214, stdev=0.090823, best fit=0.702600, best_overall=0.702600, mean_diversity=0.147488,
indivs=7028408, elapsed_secs=16898, mean=0.611037, stdev=0.079252, best fit=0.702600, best_overall=0.702600, mean_diversity=0.146458,
indivs=7038506, elapsed_secs=16919, mean=0.630870, stdev=0.090347, best fit=0.702600, best_overall=0.702600, mean_diversity=0.198289,
indivs=7048604, elapsed_secs=16938, mean=0.589331, stdev=0.148042, best fit=0.702600, best_overall=0.702600, mean_diversity=0.246172,
indivs=7058702, elapsed_secs=16965, mean=0.641452, stdev=0.082092, best fit=0.702600, best_overall=0.702600, mean_diversity=0.194798,
indivs=7068800, elapsed_secs=16987, mean=0.598123, stdev=0.114180, best fit=0.702600, best_overall=0.702600, mean_diversity=0.175144,
indivs=7078898, elapsed_secs=17011, mean=0.604717, stdev=0.108669, best fit=0.702600, best_overall=0.702600, mean_diversity=0.143867,
indivs=7088996, elapsed_secs=17031, mean=0.614844, stdev=0.092224, best fit=0.702600, best_overall=0.702600, mean_diversity=0.209259,
indivs=7099094, elapsed_secs=17049, mean=0.618666, stdev=0.096091, best fit=0.702600, best_overall=0.702600, mean_diversity=0.170816,
indivs=7109192, elapsed_secs=17065, mean=0.633520, stdev=0.085869, best fit=0.702600, best_overall=0.702600, mean_diversity=0.113305,
indivs=7119290, elapsed_secs=17081, mean=0.644227, stdev=0.091039, best fit=0.702600, best_overall=0.702600, mean_diversity=0.131163,
indivs=7129388, elapsed_secs=17100, mean=0.628067, stdev=0.100737, best fit=0.702600, best_overall=0.702600, mean_diversity=0.248732,
indivs=7139486, elapsed_secs=17127, mean=0.606264, stdev=0.162703, best fit=0.702600, best_overall=0.702600, mean_diversity=0.184444,
indivs=7149584, elapsed_secs=17162, mean=0.646634, stdev=0.101525, best fit=0.702600, best_overall=0.702600, mean_diversity=0.246560,
indivs=7159682, elapsed_secs=17186, mean=0.600212, stdev=0.066625, best fit=0.702600, best_overall=0.702600, mean_diversity=0.197786,
indivs=7169780, elapsed_secs=17216, mean=0.613887, stdev=0.098921, best fit=0.702600, best_overall=0.702600, mean_diversity=0.195183,
indivs=7179878, elapsed_secs=17231, mean=0.602571, stdev=0.073177, best fit=0.702600, best_overall=0.702600, mean_diversity=0.169878,
indivs=7189976, elapsed_secs=17252, mean=0.621050, stdev=0.120320, best fit=0.702600, best_overall=0.702600, mean_diversity=0.119967,
indivs=7200074, elapsed_secs=17278, mean=0.649465, stdev=0.080891, best fit=0.702600, best_overall=0.702600, mean_diversity=0.180326,
indivs=7210172, elapsed_secs=17325, mean=0.650592, stdev=0.078395, best fit=0.702600, best_overall=0.702600, mean_diversity=0.199802,
indivs=7220270, elapsed_secs=17360, mean=0.629197, stdev=0.086309, best fit=0.702600, best_overall=0.702600, mean_diversity=0.273373,
indivs=7230368, elapsed_secs=17391, mean=0.602669, stdev=0.090355, best fit=0.702600, best_overall=0.702600, mean_diversity=0.097751,
indivs=7240466, elapsed_secs=17415, mean=0.640765, stdev=0.070005, best fit=0.702600, best_overall=0.702600, mean_diversity=0.155851,
indivs=7250564, elapsed_secs=17441, mean=0.569314, stdev=0.209365, best fit=0.702600, best_overall=0.702600, mean_diversity=0.148505,
indivs=7260662, elapsed_secs=17465, mean=0.626368, stdev=0.121962, best fit=0.702600, best_overall=0.702600, mean_diversity=0.120180,
indivs=7270760, elapsed_secs=17492, mean=0.605016, stdev=0.112684, best fit=0.702600, best_overall=0.702600, mean_diversity=0.140578,
indivs=7280858, elapsed_secs=17517, mean=0.617894, stdev=0.099856, best fit=0.702600, best_overall=0.702600, mean_diversity=0.256653,
indivs=7290956, elapsed_secs=17546, mean=0.579840, stdev=0.146959, best fit=0.702600, best_overall=0.702600, mean_diversity=0.078651,
indivs=7301054, elapsed_secs=17563, mean=0.626708, stdev=0.105571, best fit=0.702600, best_overall=0.702600, mean_diversity=0.108880,
indivs=7311152, elapsed_secs=17586, mean=0.628637, stdev=0.111791, best fit=0.702600, best_overall=0.702600, mean_diversity=0.154238,
indivs=7321250, elapsed_secs=17619, mean=0.620417, stdev=0.122657, best fit=0.702600, best_overall=0.702600, mean_diversity=0.175130,
indivs=7331348, elapsed_secs=17640, mean=0.601774, stdev=0.103935, best fit=0.702600, best_overall=0.702600, mean_diversity=0.145035,
indivs=7341446, elapsed_secs=17661, mean=0.599118, stdev=0.150635, best fit=0.702600, best_overall=0.702600, mean_diversity=0.184212,
indivs=7351544, elapsed_secs=17686, mean=0.610520, stdev=0.098077, best fit=0.702600, best_overall=0.702600, mean_diversity=0.127402,
indivs=7361642, elapsed_secs=17709, mean=0.608999, stdev=0.149076, best fit=0.702600, best_overall=0.702600, mean_diversity=0.109389,
indivs=7371740, elapsed_secs=17737, mean=0.628482, stdev=0.084203, best fit=0.702600, best_overall=0.702600, mean_diversity=0.151188,
indivs=7381838, elapsed_secs=17755, mean=0.650655, stdev=0.096880, best fit=0.702600, best_overall=0.702600, mean_diversity=0.138486,
indivs=7391936, elapsed_secs=17784, mean=0.634722, stdev=0.103635, best fit=0.702600, best_overall=0.702600, mean_diversity=0.181505,
indivs=7402034, elapsed_secs=17811, mean=0.621174, stdev=0.155961, best fit=0.702600, best_overall=0.702600, mean_diversity=0.282685,
indivs=7412132, elapsed_secs=17830, mean=0.597532, stdev=0.201695, best fit=0.702600, best_overall=0.702600, mean_diversity=0.157405,
indivs=7422230, elapsed_secs=17848, mean=0.633599, stdev=0.065992, best fit=0.702600, best_overall=0.702600, mean_diversity=0.160922,
indivs=7432328, elapsed_secs=17865, mean=0.603539, stdev=0.106959, best fit=0.702600, best_overall=0.702600, mean_diversity=0.140132,
indivs=7442426, elapsed_secs=17882, mean=0.637194, stdev=0.061411, best fit=0.702600, best_overall=0.702600, mean_diversity=0.200464,
indivs=7452524, elapsed_secs=17898, mean=0.631151, stdev=0.098636, best fit=0.702600, best_overall=0.702600, mean_diversity=0.187225,
indivs=7462622, elapsed_secs=17929, mean=0.613290, stdev=0.170741, best fit=0.702600, best_overall=0.702600, mean_diversity=0.175547,
indivs=7472720, elapsed_secs=17948, mean=0.611032, stdev=0.079113, best fit=0.702600, best_overall=0.702600, mean_diversity=0.192523,
indivs=7482818, elapsed_secs=17969, mean=0.582989, stdev=0.167185, best fit=0.702600, best_overall=0.702600, mean_diversity=0.180434,
indivs=7492916, elapsed_secs=17994, mean=0.599990, stdev=0.084026, best fit=0.702600, best_overall=0.702600, mean_diversity=0.175058,
indivs=7503014, elapsed_secs=18016, mean=0.648749, stdev=0.084986, best fit=0.702600, best_overall=0.702600, mean_diversity=0.207956,
indivs=7513112, elapsed_secs=18044, mean=0.635696, stdev=0.084587, best fit=0.702600, best_overall=0.702600, mean_diversity=0.135433,
indivs=7523210, elapsed_secs=18061, mean=0.599547, stdev=0.102862, best fit=0.702600, best_overall=0.702600, mean_diversity=0.130106,
indivs=7533308, elapsed_secs=18085, mean=0.628994, stdev=0.137846, best fit=0.702600, best_overall=0.702600, mean_diversity=0.169879,
indivs=7543406, elapsed_secs=18109, mean=0.603664, stdev=0.115297, best fit=0.702600, best_overall=0.702600, mean_diversity=0.139219,
indivs=7553504, elapsed_secs=18127, mean=0.624094, stdev=0.101423, best fit=0.702600, best_overall=0.702600, mean_diversity=0.101187,
indivs=7563602, elapsed_secs=18157, mean=0.623440, stdev=0.108834, best fit=0.702600, best_overall=0.702600, mean_diversity=0.131437,
indivs=7573700, elapsed_secs=18179, mean=0.608110, stdev=0.146155, best fit=0.702600, best_overall=0.702600, mean_diversity=0.201562,
indivs=7583798, elapsed_secs=18205, mean=0.615143, stdev=0.094151, best fit=0.702600, best_overall=0.702600, mean_diversity=0.145170,
indivs=7593896, elapsed_secs=18228, mean=0.640515, stdev=0.098976, best fit=0.702600, best_overall=0.702600, mean_diversity=0.147718,
indivs=7603994, elapsed_secs=18244, mean=0.644553, stdev=0.104056, best fit=0.702600, best_overall=0.702600, mean_diversity=0.146179,
indivs=7614092, elapsed_secs=18256, mean=0.643163, stdev=0.105633, best fit=0.702600, best_overall=0.702600, mean_diversity=0.103100,
indivs=7624190, elapsed_secs=18295, mean=0.607818, stdev=0.104047, best fit=0.702600, best_overall=0.702600, mean_diversity=0.264271,
indivs=7634288, elapsed_secs=18336, mean=0.632727, stdev=0.111114, best fit=0.702600, best_overall=0.702600, mean_diversity=0.165526,
indivs=7644386, elapsed_secs=18368, mean=0.615211, stdev=0.095011, best fit=0.702600, best_overall=0.702600, mean_diversity=0.155044,
indivs=7654484, elapsed_secs=18394, mean=0.609627, stdev=0.095829, best fit=0.702600, best_overall=0.702600, mean_diversity=0.189727,
indivs=7664582, elapsed_secs=18412, mean=0.637795, stdev=0.065975, best fit=0.702600, best_overall=0.702600, mean_diversity=0.129657,
indivs=7674680, elapsed_secs=18441, mean=0.639081, stdev=0.076141, best fit=0.702600, best_overall=0.702600, mean_diversity=0.124774,
indivs=7684778, elapsed_secs=18476, mean=0.649792, stdev=0.100270, best fit=0.702600, best_overall=0.702600, mean_diversity=0.168042,
indivs=7694876, elapsed_secs=18514, mean=0.626097, stdev=0.089543, best fit=0.702600, best_overall=0.702600, mean_diversity=0.103146,
indivs=7704974, elapsed_secs=18547, mean=0.612303, stdev=0.081733, best fit=0.702600, best_overall=0.702600, mean_diversity=0.157759,
indivs=7715072, elapsed_secs=18578, mean=0.599099, stdev=0.067458, best fit=0.702600, best_overall=0.702600, mean_diversity=0.138866,
indivs=7725170, elapsed_secs=18614, mean=0.605999, stdev=0.164057, best fit=0.702600, best_overall=0.702600, mean_diversity=0.207769,
indivs=7735268, elapsed_secs=18644, mean=0.610865, stdev=0.082336, best fit=0.702600, best_overall=0.702600, mean_diversity=0.177940,
indivs=7745366, elapsed_secs=18669, mean=0.613447, stdev=0.091065, best fit=0.702600, best_overall=0.702600, mean_diversity=0.147638,
indivs=7755464, elapsed_secs=18683, mean=0.621241, stdev=0.088535, best fit=0.702600, best_overall=0.702600, mean_diversity=0.179239,
indivs=7765562, elapsed_secs=18703, mean=0.623726, stdev=0.124384, best fit=0.702600, best_overall=0.702600, mean_diversity=0.124796,
indivs=7775660, elapsed_secs=18724, mean=0.607882, stdev=0.074144, best fit=0.702600, best_overall=0.702600, mean_diversity=0.178750,
indivs=7785758, elapsed_secs=18755, mean=0.624563, stdev=0.149835, best fit=0.702600, best_overall=0.702600, mean_diversity=0.191886,
indivs=7795856, elapsed_secs=18775, mean=0.644184, stdev=0.101395, best fit=0.702600, best_overall=0.702600, mean_diversity=0.092620,
indivs=7805954, elapsed_secs=18789, mean=0.660379, stdev=0.068423, best fit=0.702600, best_overall=0.702600, mean_diversity=0.235365,
indivs=7816052, elapsed_secs=18814, mean=0.629749, stdev=0.104108, best fit=0.702600, best_overall=0.702600, mean_diversity=0.216233,
indivs=7826150, elapsed_secs=18833, mean=0.629568, stdev=0.083866, best fit=0.702600, best_overall=0.702600, mean_diversity=0.160311,
indivs=7836248, elapsed_secs=18863, mean=0.644308, stdev=0.077882, best fit=0.702600, best_overall=0.702600, mean_diversity=0.144220,
indivs=7846346, elapsed_secs=18888, mean=0.620914, stdev=0.136724, best fit=0.702600, best_overall=0.702600, mean_diversity=0.143109,
indivs=7856444, elapsed_secs=18912, mean=0.616867, stdev=0.119668, best fit=0.702600, best_overall=0.702600, mean_diversity=0.175714,
indivs=7866542, elapsed_secs=18936, mean=0.622911, stdev=0.126257, best fit=0.702600, best_overall=0.702600, mean_diversity=0.167460,
indivs=7876640, elapsed_secs=18962, mean=0.628788, stdev=0.086985, best fit=0.702600, best_overall=0.702600, mean_diversity=0.180277,
indivs=7886738, elapsed_secs=18988, mean=0.638228, stdev=0.091340, best fit=0.702600, best_overall=0.702600, mean_diversity=0.155800,
indivs=7896836, elapsed_secs=19013, mean=0.621939, stdev=0.109588, best fit=0.702600, best_overall=0.702600, mean_diversity=0.208494,
indivs=7906934, elapsed_secs=19029, mean=0.639099, stdev=0.086925, best fit=0.702600, best_overall=0.702600, mean_diversity=0.184514,
indivs=7917032, elapsed_secs=19050, mean=0.608632, stdev=0.111472, best fit=0.702600, best_overall=0.702600, mean_diversity=0.152237,
indivs=7927130, elapsed_secs=19075, mean=0.632319, stdev=0.089086, best fit=0.702600, best_overall=0.702600, mean_diversity=0.181797,
indivs=7937228, elapsed_secs=19096, mean=0.601556, stdev=0.077688, best fit=0.702600, best_overall=0.702600, mean_diversity=0.150369,
indivs=7947326, elapsed_secs=19130, mean=0.601374, stdev=0.108925, best fit=0.702600, best_overall=0.702600, mean_diversity=0.130913,
indivs=7957424, elapsed_secs=19154, mean=0.650904, stdev=0.081664, best fit=0.702600, best_overall=0.702600, mean_diversity=0.124574,
indivs=7967522, elapsed_secs=19185, mean=0.620728, stdev=0.059745, best fit=0.702600, best_overall=0.702600, mean_diversity=0.142822,
indivs=7977620, elapsed_secs=19217, mean=0.609251, stdev=0.061942, best fit=0.702600, best_overall=0.702600, mean_diversity=0.179267,
indivs=7987718, elapsed_secs=19238, mean=0.596078, stdev=0.086830, best fit=0.702600, best_overall=0.702600, mean_diversity=0.200612,
indivs=7997816, elapsed_secs=19279, mean=0.629479, stdev=0.080319, best fit=0.702600, best_overall=0.702600, mean_diversity=0.089640,
indivs=8007914, elapsed_secs=19312, mean=0.631774, stdev=0.092157, best fit=0.702600, best_overall=0.702600, mean_diversity=0.225816,
indivs=8018012, elapsed_secs=19329, mean=0.634187, stdev=0.146305, best fit=0.702600, best_overall=0.702600, mean_diversity=0.180659,
indivs=8028110, elapsed_secs=19356, mean=0.613434, stdev=0.057205, best fit=0.702600, best_overall=0.702600, mean_diversity=0.166837,
indivs=8038208, elapsed_secs=19378, mean=0.605945, stdev=0.081137, best fit=0.702600, best_overall=0.702600, mean_diversity=0.271544,
indivs=8048306, elapsed_secs=19392, mean=0.626903, stdev=0.135764, best fit=0.702600, best_overall=0.702600, mean_diversity=0.210451,
indivs=8058404, elapsed_secs=19416, mean=0.621538, stdev=0.085949, best fit=0.702600, best_overall=0.702600, mean_diversity=0.245054,
indivs=8068502, elapsed_secs=19449, mean=0.658637, stdev=0.094710, best fit=0.702600, best_overall=0.702600, mean_diversity=0.199362,
indivs=8078600, elapsed_secs=19480, mean=0.603935, stdev=0.110501, best fit=0.702600, best_overall=0.702600, mean_diversity=0.089481,
indivs=8088698, elapsed_secs=19500, mean=0.644399, stdev=0.077579, best fit=0.702600, best_overall=0.702600, mean_diversity=0.133753,
indivs=8098796, elapsed_secs=19526, mean=0.588530, stdev=0.107182, best fit=0.702600, best_overall=0.702600, mean_diversity=0.160612,
indivs=8108894, elapsed_secs=19546, mean=0.627654, stdev=0.107724, best fit=0.702600, best_overall=0.702600, mean_diversity=0.196667,
indivs=8118992, elapsed_secs=19565, mean=0.635334, stdev=0.122931, best fit=0.702600, best_overall=0.702600, mean_diversity=0.285961,
indivs=8129090, elapsed_secs=19592, mean=0.607703, stdev=0.089981, best fit=0.702600, best_overall=0.702600, mean_diversity=0.177450,
indivs=8139188, elapsed_secs=19625, mean=0.627008, stdev=0.109630, best fit=0.702600, best_overall=0.702600, mean_diversity=0.165806,
indivs=8149286, elapsed_secs=19647, mean=0.619079, stdev=0.079751, best fit=0.702600, best_overall=0.702600, mean_diversity=0.196450,
indivs=8159384, elapsed_secs=19674, mean=0.626951, stdev=0.137015, best fit=0.702600, best_overall=0.702600, mean_diversity=0.197850,
indivs=8169482, elapsed_secs=19692, mean=0.616704, stdev=0.101727, best fit=0.702600, best_overall=0.702600, mean_diversity=0.168982,
indivs=8179580, elapsed_secs=19713, mean=0.605026, stdev=0.103448, best fit=0.702600, best_overall=0.702600, mean_diversity=0.173671,
indivs=8189678, elapsed_secs=19737, mean=0.654014, stdev=0.079102, best fit=0.702600, best_overall=0.702600, mean_diversity=0.247370,
indivs=8199776, elapsed_secs=19765, mean=0.619900, stdev=0.115573, best fit=0.702600, best_overall=0.702600, mean_diversity=0.193733,
indivs=8209874, elapsed_secs=19787, mean=0.629158, stdev=0.111584, best fit=0.702600, best_overall=0.702600, mean_diversity=0.201728,
indivs=8219972, elapsed_secs=19803, mean=0.586297, stdev=0.122971, best fit=0.702600, best_overall=0.702600, mean_diversity=0.217117,
indivs=8230070, elapsed_secs=19819, mean=0.645068, stdev=0.084441, best fit=0.702600, best_overall=0.702600, mean_diversity=0.149067,
indivs=8240168, elapsed_secs=19840, mean=0.586402, stdev=0.089643, best fit=0.702600, best_overall=0.702600, mean_diversity=0.187102,
indivs=8250266, elapsed_secs=19865, mean=0.581879, stdev=0.138304, best fit=0.702600, best_overall=0.702600, mean_diversity=0.147546,
indivs=8260364, elapsed_secs=19889, mean=0.644303, stdev=0.102062, best fit=0.702600, best_overall=0.702600, mean_diversity=0.157943,
indivs=8270462, elapsed_secs=19917, mean=0.638792, stdev=0.087987, best fit=0.702600, best_overall=0.702600, mean_diversity=0.203640,
indivs=8280560, elapsed_secs=19939, mean=0.630821, stdev=0.076784, best fit=0.702600, best_overall=0.702600, mean_diversity=0.193406,
indivs=8290658, elapsed_secs=19975, mean=0.611420, stdev=0.133988, best fit=0.702600, best_overall=0.702600, mean_diversity=0.172321,
indivs=8300756, elapsed_secs=20020, mean=0.643087, stdev=0.083438, best fit=0.702600, best_overall=0.702600, mean_diversity=0.119073,
indivs=8310854, elapsed_secs=20062, mean=0.605972, stdev=0.193315, best fit=0.702600, best_overall=0.702600, mean_diversity=0.207917,
indivs=8320952, elapsed_secs=20099, mean=0.624217, stdev=0.071624, best fit=0.702600, best_overall=0.702600, mean_diversity=0.214887,
indivs=8331050, elapsed_secs=20114, mean=0.599860, stdev=0.107697, best fit=0.702600, best_overall=0.702600, mean_diversity=0.189638,
indivs=8341148, elapsed_secs=20142, mean=0.576594, stdev=0.134713, best fit=0.702600, best_overall=0.702600, mean_diversity=0.197982,
indivs=8351246, elapsed_secs=20171, mean=0.615518, stdev=0.081117, best fit=0.702600, best_overall=0.702600, mean_diversity=0.172944,
indivs=8361344, elapsed_secs=20196, mean=0.611129, stdev=0.071738, best fit=0.702600, best_overall=0.702600, mean_diversity=0.153754,
indivs=8371442, elapsed_secs=20221, mean=0.610081, stdev=0.162112, best fit=0.702600, best_overall=0.702600, mean_diversity=0.178832,
indivs=8381540, elapsed_secs=20241, mean=0.620139, stdev=0.096114, best fit=0.702600, best_overall=0.702600, mean_diversity=0.142000,
indivs=8391638, elapsed_secs=20274, mean=0.593438, stdev=0.108230, best fit=0.702600, best_overall=0.702600, mean_diversity=0.149522,
indivs=8401736, elapsed_secs=20309, mean=0.584039, stdev=0.202201, best fit=0.702600, best_overall=0.702600, mean_diversity=0.112991,
indivs=8411834, elapsed_secs=20336, mean=0.612220, stdev=0.068856, best fit=0.702600, best_overall=0.702600, mean_diversity=0.122926,
indivs=8421932, elapsed_secs=20357, mean=0.636901, stdev=0.107625, best fit=0.702600, best_overall=0.702600, mean_diversity=0.106982,
indivs=8432030, elapsed_secs=20379, mean=0.623660, stdev=0.065066, best fit=0.702600, best_overall=0.702600, mean_diversity=0.189901,
indivs=8442128, elapsed_secs=20398, mean=0.606206, stdev=0.064693, best fit=0.702600, best_overall=0.702600, mean_diversity=0.113527,
indivs=8452226, elapsed_secs=20421, mean=0.585053, stdev=0.133044, best fit=0.702600, best_overall=0.702600, mean_diversity=0.164755,
indivs=8462324, elapsed_secs=20443, mean=0.634332, stdev=0.121827, best fit=0.702600, best_overall=0.702600, mean_diversity=0.145455,
indivs=8472422, elapsed_secs=20463, mean=0.636048, stdev=0.080820, best fit=0.702600, best_overall=0.702600, mean_diversity=0.180568,
indivs=8482520, elapsed_secs=20487, mean=0.643576, stdev=0.093938, best fit=0.702600, best_overall=0.702600, mean_diversity=0.119170,
indivs=8492618, elapsed_secs=20512, mean=0.570921, stdev=0.203521, best fit=0.702600, best_overall=0.702600, mean_diversity=0.144963,
indivs=8502716, elapsed_secs=20541, mean=0.588605, stdev=0.106623, best fit=0.702600, best_overall=0.702600, mean_diversity=0.184558,
indivs=8512814, elapsed_secs=20563, mean=0.627178, stdev=0.123855, best fit=0.702600, best_overall=0.702600, mean_diversity=0.189610,
indivs=8522912, elapsed_secs=20587, mean=0.634148, stdev=0.099730, best fit=0.702600, best_overall=0.702600, mean_diversity=0.285364,
indivs=8533010, elapsed_secs=20614, mean=0.641459, stdev=0.099006, best fit=0.702600, best_overall=0.702600, mean_diversity=0.225962,
indivs=8543108, elapsed_secs=20642, mean=0.633625, stdev=0.071297, best fit=0.702600, best_overall=0.702600, mean_diversity=0.103451,
indivs=8553206, elapsed_secs=20661, mean=0.615831, stdev=0.072645, best fit=0.702600, best_overall=0.702600, mean_diversity=0.188589,
indivs=8563304, elapsed_secs=20684, mean=0.596270, stdev=0.080621, best fit=0.702600, best_overall=0.702600, mean_diversity=0.165447,
indivs=8573402, elapsed_secs=20705, mean=0.630966, stdev=0.136394, best fit=0.702600, best_overall=0.702600, mean_diversity=0.174488,
indivs=8583500, elapsed_secs=20729, mean=0.626742, stdev=0.090266, best fit=0.702600, best_overall=0.702600, mean_diversity=0.107870,
indivs=8593598, elapsed_secs=20758, mean=0.642457, stdev=0.106881, best fit=0.702600, best_overall=0.702600, mean_diversity=0.133492,
indivs=8603696, elapsed_secs=20787, mean=0.631586, stdev=0.125275, best fit=0.702600, best_overall=0.702600, mean_diversity=0.121606,
indivs=8613794, elapsed_secs=20809, mean=0.572439, stdev=0.165391, best fit=0.702600, best_overall=0.702600, mean_diversity=0.192533,
indivs=8623892, elapsed_secs=20823, mean=0.635553, stdev=0.083186, best fit=0.702600, best_overall=0.702600, mean_diversity=0.184639,
indivs=8633990, elapsed_secs=20843, mean=0.600718, stdev=0.101752, best fit=0.702600, best_overall=0.702600, mean_diversity=0.146047,
indivs=8644088, elapsed_secs=20877, mean=0.621724, stdev=0.118124, best fit=0.702600, best_overall=0.702600, mean_diversity=0.194403,
indivs=8654186, elapsed_secs=20901, mean=0.601737, stdev=0.085486, best fit=0.702600, best_overall=0.702600, mean_diversity=0.124583,
indivs=8664284, elapsed_secs=20921, mean=0.599504, stdev=0.092090, best fit=0.702600, best_overall=0.702600, mean_diversity=0.122562,
indivs=8674382, elapsed_secs=20949, mean=0.653064, stdev=0.101180, best fit=0.702600, best_overall=0.702600, mean_diversity=0.146935,
indivs=8684480, elapsed_secs=20978, mean=0.635246, stdev=0.081171, best fit=0.702600, best_overall=0.702600, mean_diversity=0.081677,
indivs=8694578, elapsed_secs=21009, mean=0.617916, stdev=0.059562, best fit=0.702600, best_overall=0.702600, mean_diversity=0.138886,
indivs=8704676, elapsed_secs=21026, mean=0.617900, stdev=0.074739, best fit=0.702600, best_overall=0.702600, mean_diversity=0.065495,
indivs=8714774, elapsed_secs=21042, mean=0.632837, stdev=0.077472, best fit=0.702600, best_overall=0.702600, mean_diversity=0.152021,
indivs=8724872, elapsed_secs=21066, mean=0.597117, stdev=0.114494, best fit=0.702600, best_overall=0.702600, mean_diversity=0.199963,
indivs=8734970, elapsed_secs=21104, mean=0.594717, stdev=0.180606, best fit=0.702600, best_overall=0.702600, mean_diversity=0.185547,
indivs=8745068, elapsed_secs=21138, mean=0.631281, stdev=0.149244, best fit=0.702600, best_overall=0.702600, mean_diversity=0.187389,
indivs=8755166, elapsed_secs=21162, mean=0.604555, stdev=0.161872, best fit=0.702600, best_overall=0.702600, mean_diversity=0.156503,
indivs=8765264, elapsed_secs=21197, mean=0.632526, stdev=0.116632, best fit=0.702600, best_overall=0.702600, mean_diversity=0.109475,
indivs=8775362, elapsed_secs=21226, mean=0.585664, stdev=0.106210, best fit=0.702600, best_overall=0.702600, mean_diversity=0.131214,
indivs=8785460, elapsed_secs=21258, mean=0.651324, stdev=0.103281, best fit=0.702600, best_overall=0.702600, mean_diversity=0.161877,
indivs=8795558, elapsed_secs=21286, mean=0.601602, stdev=0.137845, best fit=0.702600, best_overall=0.702600, mean_diversity=0.172319,
indivs=8805656, elapsed_secs=21319, mean=0.646422, stdev=0.119261, best fit=0.702600, best_overall=0.702600, mean_diversity=0.168631,
indivs=8815754, elapsed_secs=21348, mean=0.644637, stdev=0.133751, best fit=0.702600, best_overall=0.702600, mean_diversity=0.114559,
indivs=8825852, elapsed_secs=21371, mean=0.603516, stdev=0.088224, best fit=0.702600, best_overall=0.702600, mean_diversity=0.144704,
indivs=8835950, elapsed_secs=21391, mean=0.633469, stdev=0.106640, best fit=0.702600, best_overall=0.702600, mean_diversity=0.143241,
indivs=8846048, elapsed_secs=21420, mean=0.636092, stdev=0.135857, best fit=0.702600, best_overall=0.702600, mean_diversity=0.168321,
indivs=8856146, elapsed_secs=21452, mean=0.601074, stdev=0.071210, best fit=0.702600, best_overall=0.702600, mean_diversity=0.120102,
indivs=8866244, elapsed_secs=21490, mean=0.626898, stdev=0.123654, best fit=0.702600, best_overall=0.702600, mean_diversity=0.290344,
indivs=8876342, elapsed_secs=21514, mean=0.627513, stdev=0.148707, best fit=0.702600, best_overall=0.702600, mean_diversity=0.233868,
indivs=8886440, elapsed_secs=21530, mean=0.657016, stdev=0.078644, best fit=0.702600, best_overall=0.702600, mean_diversity=0.243374,
indivs=8896538, elapsed_secs=21556, mean=0.632946, stdev=0.088565, best fit=0.702600, best_overall=0.702600, mean_diversity=0.192785,
indivs=8906636, elapsed_secs=21580, mean=0.604518, stdev=0.165150, best fit=0.702600, best_overall=0.702600, mean_diversity=0.119165,
indivs=8916734, elapsed_secs=21597, mean=0.598311, stdev=0.088188, best fit=0.702600, best_overall=0.702600, mean_diversity=0.163995,
indivs=8926832, elapsed_secs=21612, mean=0.633685, stdev=0.080385, best fit=0.702600, best_overall=0.702600, mean_diversity=0.168649,
indivs=8936930, elapsed_secs=21632, mean=0.613028, stdev=0.119816, best fit=0.702600, best_overall=0.702600, mean_diversity=0.197452,
indivs=8947028, elapsed_secs=21652, mean=0.621018, stdev=0.085282, best fit=0.702600, best_overall=0.702600, mean_diversity=0.191595,
indivs=8957126, elapsed_secs=21669, mean=0.643759, stdev=0.104029, best fit=0.702600, best_overall=0.702600, mean_diversity=0.179242,
indivs=8967224, elapsed_secs=21689, mean=0.618940, stdev=0.072139, best fit=0.702600, best_overall=0.702600, mean_diversity=0.130428,
indivs=8977322, elapsed_secs=21714, mean=0.641520, stdev=0.118092, best fit=0.702600, best_overall=0.702600, mean_diversity=0.207375,
indivs=8987420, elapsed_secs=21738, mean=0.619229, stdev=0.098011, best fit=0.702600, best_overall=0.702600, mean_diversity=0.109055,
indivs=8997518, elapsed_secs=21756, mean=0.612891, stdev=0.124569, best fit=0.702600, best_overall=0.702600, mean_diversity=0.231849,
indivs=9007616, elapsed_secs=21779, mean=0.605959, stdev=0.094650, best fit=0.702600, best_overall=0.702600, mean_diversity=0.124733,
indivs=9017714, elapsed_secs=21799, mean=0.593239, stdev=0.110629, best fit=0.702600, best_overall=0.702600, mean_diversity=0.235000,
indivs=9027812, elapsed_secs=21822, mean=0.572368, stdev=0.106722, best fit=0.702600, best_overall=0.702600, mean_diversity=0.221754,
indivs=9037910, elapsed_secs=21840, mean=0.581377, stdev=0.124226, best fit=0.702600, best_overall=0.702600, mean_diversity=0.151378,
indivs=9048008, elapsed_secs=21864, mean=0.620087, stdev=0.078314, best fit=0.702600, best_overall=0.702600, mean_diversity=0.117179,
indivs=9058106, elapsed_secs=21888, mean=0.615794, stdev=0.116125, best fit=0.702600, best_overall=0.702600, mean_diversity=0.110615,
indivs=9068204, elapsed_secs=21907, mean=0.639306, stdev=0.088898, best fit=0.702600, best_overall=0.702600, mean_diversity=0.189128,
indivs=9078302, elapsed_secs=21936, mean=0.570413, stdev=0.174627, best fit=0.702600, best_overall=0.702600, mean_diversity=0.158988,
indivs=9088400, elapsed_secs=21960, mean=0.619522, stdev=0.131842, best fit=0.702600, best_overall=0.702600, mean_diversity=0.172876,
indivs=9098498, elapsed_secs=21976, mean=0.649591, stdev=0.098956, best fit=0.702600, best_overall=0.702600, mean_diversity=0.201424,
indivs=9108596, elapsed_secs=21997, mean=0.628106, stdev=0.124515, best fit=0.702600, best_overall=0.702600, mean_diversity=0.158465,
indivs=9118694, elapsed_secs=22018, mean=0.591671, stdev=0.109145, best fit=0.702600, best_overall=0.702600, mean_diversity=0.161197,
indivs=9128792, elapsed_secs=22035, mean=0.603310, stdev=0.082210, best fit=0.702600, best_overall=0.702600, mean_diversity=0.185878,
indivs=9138890, elapsed_secs=22057, mean=0.549655, stdev=0.184300, best fit=0.702600, best_overall=0.702600, mean_diversity=0.125970,
indivs=9148988, elapsed_secs=22076, mean=0.624723, stdev=0.148942, best fit=0.702600, best_overall=0.702600, mean_diversity=0.185523,
indivs=9159086, elapsed_secs=22108, mean=0.613983, stdev=0.078565, best fit=0.702600, best_overall=0.702600, mean_diversity=0.264436,
indivs=9169184, elapsed_secs=22125, mean=0.634378, stdev=0.109282, best fit=0.702600, best_overall=0.702600, mean_diversity=0.108470,
indivs=9179282, elapsed_secs=22140, mean=0.615749, stdev=0.064110, best fit=0.702600, best_overall=0.702600, mean_diversity=0.135574,
indivs=9189380, elapsed_secs=22167, mean=0.585680, stdev=0.091640, best fit=0.702600, best_overall=0.702600, mean_diversity=0.122192,
indivs=9199478, elapsed_secs=22189, mean=0.621644, stdev=0.110181, best fit=0.702600, best_overall=0.702600, mean_diversity=0.138557,
indivs=9209576, elapsed_secs=22211, mean=0.596969, stdev=0.103635, best fit=0.702600, best_overall=0.702600, mean_diversity=0.175837,
indivs=9219674, elapsed_secs=22231, mean=0.606391, stdev=0.132037, best fit=0.702600, best_overall=0.702600, mean_diversity=0.185286,
indivs=9229772, elapsed_secs=22251, mean=0.634687, stdev=0.137736, best fit=0.702600, best_overall=0.702600, mean_diversity=0.176728,
indivs=9239870, elapsed_secs=22273, mean=0.605546, stdev=0.171823, best fit=0.702600, best_overall=0.702600, mean_diversity=0.138254,
indivs=9249968, elapsed_secs=22295, mean=0.594260, stdev=0.103681, best fit=0.702600, best_overall=0.702600, mean_diversity=0.092500,
indivs=9260066, elapsed_secs=22319, mean=0.619167, stdev=0.127057, best fit=0.702600, best_overall=0.702600, mean_diversity=0.131609,
indivs=9270164, elapsed_secs=22343, mean=0.605978, stdev=0.124508, best fit=0.702600, best_overall=0.702600, mean_diversity=0.188259,
indivs=9280262, elapsed_secs=22368, mean=0.601009, stdev=0.154333, best fit=0.702600, best_overall=0.702600, mean_diversity=0.182472,
indivs=9290360, elapsed_secs=22390, mean=0.617324, stdev=0.088634, best fit=0.702600, best_overall=0.702600, mean_diversity=0.258640,
indivs=9300458, elapsed_secs=22410, mean=0.621514, stdev=0.079551, best fit=0.702600, best_overall=0.702600, mean_diversity=0.179198,
indivs=9310556, elapsed_secs=22432, mean=0.628230, stdev=0.116377, best fit=0.702600, best_overall=0.702600, mean_diversity=0.292400,
indivs=9320654, elapsed_secs=22451, mean=0.624886, stdev=0.123070, best fit=0.702600, best_overall=0.702600, mean_diversity=0.158945,
indivs=9330752, elapsed_secs=22474, mean=0.639353, stdev=0.101391, best fit=0.702600, best_overall=0.702600, mean_diversity=0.148072,
indivs=9340850, elapsed_secs=22494, mean=0.599704, stdev=0.121840, best fit=0.702600, best_overall=0.702600, mean_diversity=0.206310,
indivs=9350948, elapsed_secs=22518, mean=0.630164, stdev=0.132050, best fit=0.702600, best_overall=0.702600, mean_diversity=0.186142,
indivs=9361046, elapsed_secs=22542, mean=0.619106, stdev=0.071885, best fit=0.702600, best_overall=0.702600, mean_diversity=0.176598,
indivs=9371144, elapsed_secs=22574, mean=0.602847, stdev=0.141198, best fit=0.702600, best_overall=0.702600, mean_diversity=0.152613,
indivs=9381242, elapsed_secs=22597, mean=0.656262, stdev=0.094283, best fit=0.702600, best_overall=0.702600, mean_diversity=0.150766,
indivs=9391340, elapsed_secs=22622, mean=0.614707, stdev=0.059775, best fit=0.702600, best_overall=0.702600, mean_diversity=0.243217,
indivs=9401438, elapsed_secs=22643, mean=0.626922, stdev=0.140616, best fit=0.702600, best_overall=0.702600, mean_diversity=0.121082,
indivs=9411536, elapsed_secs=22663, mean=0.640842, stdev=0.084503, best fit=0.702600, best_overall=0.702600, mean_diversity=0.140934,
indivs=9421634, elapsed_secs=22689, mean=0.607433, stdev=0.136029, best fit=0.702600, best_overall=0.702600, mean_diversity=0.126038,
indivs=9431732, elapsed_secs=22711, mean=0.644618, stdev=0.086384, best fit=0.702600, best_overall=0.702600, mean_diversity=0.172797,
indivs=9441830, elapsed_secs=22731, mean=0.602838, stdev=0.089899, best fit=0.702600, best_overall=0.702600, mean_diversity=0.150270,
indivs=9451928, elapsed_secs=22760, mean=0.604973, stdev=0.091003, best fit=0.702600, best_overall=0.702600, mean_diversity=0.189277,
indivs=9462026, elapsed_secs=22784, mean=0.644489, stdev=0.075245, best fit=0.702600, best_overall=0.702600, mean_diversity=0.207789,
indivs=9472124, elapsed_secs=22801, mean=0.584613, stdev=0.134275, best fit=0.702600, best_overall=0.702600, mean_diversity=0.156862,
indivs=9482222, elapsed_secs=22829, mean=0.636589, stdev=0.097372, best fit=0.702600, best_overall=0.702600, mean_diversity=0.175123,
indivs=9492320, elapsed_secs=22847, mean=0.622796, stdev=0.087541, best fit=0.702600, best_overall=0.702600, mean_diversity=0.120029,
indivs=9502418, elapsed_secs=22867, mean=0.646266, stdev=0.078648, best fit=0.702600, best_overall=0.702600, mean_diversity=0.179929,
indivs=9512516, elapsed_secs=22883, mean=0.643825, stdev=0.103252, best fit=0.702600, best_overall=0.702600, mean_diversity=0.116589,
indivs=9522614, elapsed_secs=22900, mean=0.615762, stdev=0.093967, best fit=0.702600, best_overall=0.702600, mean_diversity=0.291420,
indivs=9532712, elapsed_secs=22922, mean=0.623970, stdev=0.112179, best fit=0.702600, best_overall=0.702600, mean_diversity=0.239893,
indivs=9542810, elapsed_secs=22946, mean=0.654752, stdev=0.108136, best fit=0.702600, best_overall=0.702600, mean_diversity=0.119506,
indivs=9552908, elapsed_secs=22971, mean=0.613454, stdev=0.091930, best fit=0.702600, best_overall=0.702600, mean_diversity=0.157866,
indivs=9563006, elapsed_secs=22996, mean=0.618593, stdev=0.087160, best fit=0.702600, best_overall=0.702600, mean_diversity=0.202271,
indivs=9573104, elapsed_secs=23021, mean=0.616677, stdev=0.102576, best fit=0.702600, best_overall=0.702600, mean_diversity=0.097519,
indivs=9583202, elapsed_secs=23048, mean=0.624332, stdev=0.078133, best fit=0.702600, best_overall=0.702600, mean_diversity=0.218793,
indivs=9593300, elapsed_secs=23096, mean=0.580915, stdev=0.088427, best fit=0.702600, best_overall=0.702600, mean_diversity=0.157445,
indivs=9603398, elapsed_secs=23115, mean=0.602165, stdev=0.110687, best fit=0.702600, best_overall=0.702600, mean_diversity=0.157845,
indivs=9613496, elapsed_secs=23139, mean=0.595636, stdev=0.133472, best fit=0.702600, best_overall=0.702600, mean_diversity=0.213357,
indivs=9623594, elapsed_secs=23163, mean=0.615162, stdev=0.147942, best fit=0.702600, best_overall=0.702600, mean_diversity=0.199079,
indivs=9633692, elapsed_secs=23180, mean=0.605647, stdev=0.092559, best fit=0.702600, best_overall=0.702600, mean_diversity=0.122449,
indivs=9643790, elapsed_secs=23204, mean=0.627592, stdev=0.122464, best fit=0.702600, best_overall=0.702600, mean_diversity=0.140394,
indivs=9653888, elapsed_secs=23226, mean=0.644041, stdev=0.083884, best fit=0.702600, best_overall=0.702600, mean_diversity=0.195817,
indivs=9663986, elapsed_secs=23248, mean=0.627290, stdev=0.093689, best fit=0.702600, best_overall=0.702600, mean_diversity=0.179529,
indivs=9674084, elapsed_secs=23268, mean=0.630077, stdev=0.106606, best fit=0.702600, best_overall=0.702600, mean_diversity=0.174810,
indivs=9684182, elapsed_secs=23300, mean=0.626446, stdev=0.122364, best fit=0.702600, best_overall=0.702600, mean_diversity=0.103256,
indivs=9694280, elapsed_secs=23346, mean=0.643981, stdev=0.081972, best fit=0.702600, best_overall=0.702600, mean_diversity=0.190739,
indivs=9704378, elapsed_secs=23376, mean=0.613367, stdev=0.072674, best fit=0.702600, best_overall=0.702600, mean_diversity=0.104678,
indivs=9714476, elapsed_secs=23405, mean=0.600347, stdev=0.078663, best fit=0.702600, best_overall=0.702600, mean_diversity=0.132792,
indivs=9724574, elapsed_secs=23425, mean=0.624014, stdev=0.102621, best fit=0.702600, best_overall=0.702600, mean_diversity=0.227167,
indivs=9734672, elapsed_secs=23449, mean=0.631510, stdev=0.076218, best fit=0.702600, best_overall=0.702600, mean_diversity=0.213432,
indivs=9744770, elapsed_secs=23465, mean=0.630681, stdev=0.107027, best fit=0.702600, best_overall=0.702600, mean_diversity=0.187828,
indivs=9754868, elapsed_secs=23489, mean=0.613114, stdev=0.055742, best fit=0.702600, best_overall=0.702600, mean_diversity=0.130088,
indivs=9764966, elapsed_secs=23516, mean=0.648209, stdev=0.101736, best fit=0.702600, best_overall=0.702600, mean_diversity=0.200000,
indivs=9775064, elapsed_secs=23536, mean=0.604225, stdev=0.143081, best fit=0.702600, best_overall=0.702600, mean_diversity=0.146379,
indivs=9785162, elapsed_secs=23554, mean=0.615731, stdev=0.088366, best fit=0.702600, best_overall=0.702600, mean_diversity=0.183000,
indivs=9795260, elapsed_secs=23575, mean=0.650937, stdev=0.098828, best fit=0.702600, best_overall=0.702600, mean_diversity=0.148935,
indivs=9805358, elapsed_secs=23605, mean=0.554097, stdev=0.220164, best fit=0.702800, best_overall=0.702800, mean_diversity=0.093581,
indivs=9815456, elapsed_secs=23630, mean=0.644121, stdev=0.084498, best fit=0.702800, best_overall=0.702800, mean_diversity=0.111361,
indivs=9825554, elapsed_secs=23657, mean=0.601928, stdev=0.128815, best fit=0.702800, best_overall=0.702800, mean_diversity=0.130940,
indivs=9835652, elapsed_secs=23679, mean=0.632701, stdev=0.106657, best fit=0.702800, best_overall=0.702800, mean_diversity=0.135809,
indivs=9845750, elapsed_secs=23709, mean=0.608799, stdev=0.116296, best fit=0.702800, best_overall=0.702800, mean_diversity=0.154943,
indivs=9855848, elapsed_secs=23734, mean=0.598186, stdev=0.085421, best fit=0.702800, best_overall=0.702800, mean_diversity=0.119289,
indivs=9865946, elapsed_secs=23758, mean=0.641313, stdev=0.103811, best fit=0.702800, best_overall=0.702800, mean_diversity=0.266491,
indivs=9876044, elapsed_secs=23785, mean=0.642303, stdev=0.078712, best fit=0.702800, best_overall=0.702800, mean_diversity=0.138946,
indivs=9886142, elapsed_secs=23804, mean=0.610511, stdev=0.052539, best fit=0.702800, best_overall=0.702800, mean_diversity=0.093561,
indivs=9896240, elapsed_secs=23824, mean=0.626738, stdev=0.101578, best fit=0.702800, best_overall=0.702800, mean_diversity=0.111180,
indivs=9906338, elapsed_secs=23846, mean=0.619389, stdev=0.084930, best fit=0.702800, best_overall=0.702800, mean_diversity=0.090881,
indivs=9916436, elapsed_secs=23865, mean=0.627087, stdev=0.059018, best fit=0.702800, best_overall=0.702800, mean_diversity=0.098314,
indivs=9926534, elapsed_secs=23887, mean=0.618646, stdev=0.124207, best fit=0.702800, best_overall=0.702800, mean_diversity=0.087403,
indivs=9936632, elapsed_secs=23907, mean=0.621612, stdev=0.117134, best fit=0.702800, best_overall=0.702800, mean_diversity=0.115093,
indivs=9946730, elapsed_secs=23939, mean=0.636720, stdev=0.118585, best fit=0.702800, best_overall=0.702800, mean_diversity=0.100485,
indivs=9956828, elapsed_secs=23960, mean=0.616165, stdev=0.106496, best fit=0.702800, best_overall=0.702800, mean_diversity=0.114341,
indivs=9966926, elapsed_secs=23983, mean=0.620006, stdev=0.119732, best fit=0.702800, best_overall=0.702800, mean_diversity=0.108859,
indivs=9977024, elapsed_secs=24003, mean=0.641174, stdev=0.118230, best fit=0.702800, best_overall=0.702800, mean_diversity=0.115679,
indivs=9987122, elapsed_secs=24029, mean=0.636666, stdev=0.134195, best fit=0.702800, best_overall=0.702800, mean_diversity=0.135954,
indivs=9997220, elapsed_secs=24054, mean=0.616038, stdev=0.113959, best fit=0.702800, best_overall=0.702800, mean_diversity=0.070181,
indivs=10007318, elapsed_secs=24074, mean=0.636585, stdev=0.098252, best fit=0.702800, best_overall=0.702800, mean_diversity=0.137347,
indivs=10017416, elapsed_secs=24099, mean=0.584227, stdev=0.066944, best fit=0.702800, best_overall=0.702800, mean_diversity=0.103832,
indivs=10027514, elapsed_secs=24128, mean=0.628699, stdev=0.073622, best fit=0.702800, best_overall=0.702800, mean_diversity=0.070321,
indivs=10037612, elapsed_secs=24141, mean=0.646718, stdev=0.072770, best fit=0.702800, best_overall=0.702800, mean_diversity=0.207119,
indivs=10047710, elapsed_secs=24175, mean=0.592806, stdev=0.071478, best fit=0.702800, best_overall=0.702800, mean_diversity=0.124116,
indivs=10057808, elapsed_secs=24200, mean=0.617951, stdev=0.091846, best fit=0.702800, best_overall=0.702800, mean_diversity=0.116568,
indivs=10067906, elapsed_secs=24220, mean=0.614339, stdev=0.121615, best fit=0.702800, best_overall=0.702800, mean_diversity=0.103421,
indivs=10078004, elapsed_secs=24244, mean=0.615984, stdev=0.146385, best fit=0.702800, best_overall=0.702800, mean_diversity=0.114692,
indivs=10088102, elapsed_secs=24268, mean=0.597187, stdev=0.110604, best fit=0.702800, best_overall=0.702800, mean_diversity=0.088689,
indivs=10098200, elapsed_secs=24299, mean=0.634290, stdev=0.083197, best fit=0.702800, best_overall=0.702800, mean_diversity=0.083802,
indivs=10108298, elapsed_secs=24320, mean=0.597161, stdev=0.107912, best fit=0.702800, best_overall=0.702800, mean_diversity=0.114122,
indivs=10118396, elapsed_secs=24345, mean=0.635544, stdev=0.085976, best fit=0.702800, best_overall=0.702800, mean_diversity=0.123217,
indivs=10128494, elapsed_secs=24380, mean=0.628156, stdev=0.124325, best fit=0.702800, best_overall=0.702800, mean_diversity=0.111720,
indivs=10138592, elapsed_secs=24409, mean=0.633750, stdev=0.101348, best fit=0.702800, best_overall=0.702800, mean_diversity=0.074499,
indivs=10148690, elapsed_secs=24438, mean=0.615282, stdev=0.134050, best fit=0.702800, best_overall=0.702800, mean_diversity=0.104814,
indivs=10158788, elapsed_secs=24474, mean=0.631990, stdev=0.123032, best fit=0.702800, best_overall=0.702800, mean_diversity=0.138575,
indivs=10168886, elapsed_secs=24507, mean=0.645619, stdev=0.081474, best fit=0.702800, best_overall=0.702800, mean_diversity=0.153029,
indivs=10178984, elapsed_secs=24533, mean=0.622649, stdev=0.076088, best fit=0.702800, best_overall=0.702800, mean_diversity=0.092598,
indivs=10189082, elapsed_secs=24569, mean=0.643503, stdev=0.083072, best fit=0.702800, best_overall=0.702800, mean_diversity=0.153037,
indivs=10199180, elapsed_secs=24594, mean=0.628531, stdev=0.103122, best fit=0.702800, best_overall=0.702800, mean_diversity=0.126992,
indivs=10209278, elapsed_secs=24611, mean=0.629265, stdev=0.123995, best fit=0.702800, best_overall=0.702800, mean_diversity=0.269061,
indivs=10219376, elapsed_secs=24631, mean=0.634609, stdev=0.093149, best fit=0.702800, best_overall=0.702800, mean_diversity=0.131226,
indivs=10229474, elapsed_secs=24653, mean=0.621508, stdev=0.087514, best fit=0.702800, best_overall=0.702800, mean_diversity=0.141409,
indivs=10239572, elapsed_secs=24678, mean=0.634396, stdev=0.083267, best fit=0.702800, best_overall=0.702800, mean_diversity=0.119218,
indivs=10249670, elapsed_secs=24696, mean=0.620297, stdev=0.066356, best fit=0.702800, best_overall=0.702800, mean_diversity=0.120337,
indivs=10259768, elapsed_secs=24712, mean=0.617865, stdev=0.120072, best fit=0.702800, best_overall=0.702800, mean_diversity=0.063199,
indivs=10269866, elapsed_secs=24730, mean=0.608121, stdev=0.060488, best fit=0.702800, best_overall=0.702800, mean_diversity=0.106574,
indivs=10279964, elapsed_secs=24753, mean=0.630819, stdev=0.137681, best fit=0.702800, best_overall=0.702800, mean_diversity=0.128782,
indivs=10290062, elapsed_secs=24780, mean=0.638791, stdev=0.119090, best fit=0.702800, best_overall=0.702800, mean_diversity=0.078366,
indivs=10300160, elapsed_secs=24804, mean=0.632629, stdev=0.089114, best fit=0.702800, best_overall=0.702800, mean_diversity=0.096952,
indivs=10310258, elapsed_secs=24831, mean=0.626432, stdev=0.092665, best fit=0.702800, best_overall=0.702800, mean_diversity=0.092952,
indivs=10320356, elapsed_secs=24851, mean=0.618765, stdev=0.099901, best fit=0.702800, best_overall=0.702800, mean_diversity=0.187862,
indivs=10330454, elapsed_secs=24865, mean=0.629002, stdev=0.075025, best fit=0.702800, best_overall=0.702800, mean_diversity=0.117508,
indivs=10340552, elapsed_secs=24889, mean=0.638132, stdev=0.085882, best fit=0.702800, best_overall=0.702800, mean_diversity=0.137017,
indivs=10350650, elapsed_secs=24919, mean=0.650428, stdev=0.077292, best fit=0.702800, best_overall=0.702800, mean_diversity=0.229434,
indivs=10360748, elapsed_secs=24944, mean=0.633470, stdev=0.071234, best fit=0.702800, best_overall=0.702800, mean_diversity=0.265061,
indivs=10370846, elapsed_secs=24975, mean=0.649475, stdev=0.104518, best fit=0.702800, best_overall=0.702800, mean_diversity=0.159139,
indivs=10380944, elapsed_secs=25004, mean=0.607716, stdev=0.060146, best fit=0.702800, best_overall=0.702800, mean_diversity=0.165027,
indivs=10391042, elapsed_secs=25023, mean=0.619133, stdev=0.150761, best fit=0.702800, best_overall=0.702800, mean_diversity=0.113549,
indivs=10401140, elapsed_secs=25044, mean=0.579185, stdev=0.122265, best fit=0.702800, best_overall=0.702800, mean_diversity=0.188621,
indivs=10411238, elapsed_secs=25059, mean=0.630506, stdev=0.064749, best fit=0.702800, best_overall=0.702800, mean_diversity=0.077602,
indivs=10421336, elapsed_secs=25081, mean=0.645843, stdev=0.085378, best fit=0.702800, best_overall=0.702800, mean_diversity=0.097319,
indivs=10431434, elapsed_secs=25115, mean=0.612071, stdev=0.082535, best fit=0.702800, best_overall=0.702800, mean_diversity=0.079644,
indivs=10441532, elapsed_secs=25154, mean=0.637552, stdev=0.108884, best fit=0.702800, best_overall=0.702800, mean_diversity=0.106507,
indivs=10451630, elapsed_secs=25173, mean=0.635496, stdev=0.107833, best fit=0.702800, best_overall=0.702800, mean_diversity=0.124668,
indivs=10461728, elapsed_secs=25205, mean=0.613841, stdev=0.073471, best fit=0.702800, best_overall=0.702800, mean_diversity=0.111582,
indivs=10471826, elapsed_secs=25229, mean=0.615175, stdev=0.081868, best fit=0.702800, best_overall=0.702800, mean_diversity=0.117083,
indivs=10481924, elapsed_secs=25261, mean=0.594414, stdev=0.087372, best fit=0.703200, best_overall=0.703200, mean_diversity=0.103342,
indivs=10492022, elapsed_secs=25304, mean=0.642048, stdev=0.080490, best fit=0.704000, best_overall=0.704000, mean_diversity=0.115486,
indivs=10502120, elapsed_secs=25342, mean=0.610477, stdev=0.184187, best fit=0.704500, best_overall=0.704500, mean_diversity=0.126778,
indivs=10512218, elapsed_secs=25384, mean=0.619476, stdev=0.173777, best fit=0.704500, best_overall=0.704500, mean_diversity=0.079242,
indivs=10522316, elapsed_secs=25418, mean=0.632855, stdev=0.134569, best fit=0.704500, best_overall=0.704500, mean_diversity=0.078883,
indivs=10532414, elapsed_secs=25450, mean=0.591604, stdev=0.174135, best fit=0.704500, best_overall=0.704500, mean_diversity=0.096647,
indivs=10542512, elapsed_secs=25484, mean=0.620226, stdev=0.071726, best fit=0.704500, best_overall=0.704500, mean_diversity=0.141899,
indivs=10552610, elapsed_secs=25525, mean=0.585404, stdev=0.187522, best fit=0.704500, best_overall=0.704500, mean_diversity=0.116979,
indivs=10562708, elapsed_secs=25560, mean=0.559573, stdev=0.183706, best fit=0.704500, best_overall=0.704500, mean_diversity=0.135720,
indivs=10572806, elapsed_secs=25598, mean=0.620700, stdev=0.174417, best fit=0.704500, best_overall=0.704500, mean_diversity=0.081260,
indivs=10582904, elapsed_secs=25634, mean=0.610040, stdev=0.159526, best fit=0.704500, best_overall=0.704500, mean_diversity=0.099351,
indivs=10593002, elapsed_secs=25666, mean=0.645063, stdev=0.118771, best fit=0.704500, best_overall=0.704500, mean_diversity=0.180395,
indivs=10603100, elapsed_secs=25695, mean=0.615876, stdev=0.094747, best fit=0.704500, best_overall=0.704500, mean_diversity=0.105732,
indivs=10613198, elapsed_secs=25728, mean=0.592473, stdev=0.117390, best fit=0.704500, best_overall=0.704500, mean_diversity=0.104825,
indivs=10623296, elapsed_secs=25766, mean=0.617688, stdev=0.070361, best fit=0.704500, best_overall=0.704500, mean_diversity=0.111907,
indivs=10633394, elapsed_secs=25807, mean=0.622989, stdev=0.136290, best fit=0.704500, best_overall=0.704500, mean_diversity=0.203120,
indivs=10643492, elapsed_secs=25839, mean=0.593873, stdev=0.171029, best fit=0.704500, best_overall=0.704500, mean_diversity=0.036097,
indivs=10653590, elapsed_secs=25872, mean=0.608222, stdev=0.057694, best fit=0.704500, best_overall=0.704500, mean_diversity=0.096028,
indivs=10663688, elapsed_secs=25912, mean=0.645328, stdev=0.135589, best fit=0.704500, best_overall=0.704500, mean_diversity=0.111038,
indivs=10673786, elapsed_secs=25942, mean=0.631851, stdev=0.148454, best fit=0.704500, best_overall=0.704500, mean_diversity=0.095231,
indivs=10683884, elapsed_secs=25974, mean=0.638926, stdev=0.096711, best fit=0.704500, best_overall=0.704500, mean_diversity=0.114913,
indivs=10693982, elapsed_secs=26009, mean=0.603637, stdev=0.202285, best fit=0.704500, best_overall=0.704500, mean_diversity=0.074955,
indivs=10704080, elapsed_secs=26053, mean=0.580787, stdev=0.233220, best fit=0.704500, best_overall=0.704500, mean_diversity=0.066271,
indivs=10714178, elapsed_secs=26090, mean=0.629854, stdev=0.152659, best fit=0.704500, best_overall=0.704500, mean_diversity=0.137439,
indivs=10724276, elapsed_secs=26130, mean=0.614227, stdev=0.108961, best fit=0.704500, best_overall=0.704500, mean_diversity=0.086729,
indivs=10734374, elapsed_secs=26166, mean=0.611898, stdev=0.112111, best fit=0.704500, best_overall=0.704500, mean_diversity=0.116063,
indivs=10744472, elapsed_secs=26198, mean=0.615655, stdev=0.064735, best fit=0.704500, best_overall=0.704500, mean_diversity=0.262609,
indivs=10754570, elapsed_secs=26233, mean=0.620354, stdev=0.119340, best fit=0.704500, best_overall=0.704500, mean_diversity=0.136295,
indivs=10764668, elapsed_secs=26272, mean=0.595511, stdev=0.128491, best fit=0.704500, best_overall=0.704500, mean_diversity=0.134540,
indivs=10774766, elapsed_secs=26311, mean=0.644369, stdev=0.105963, best fit=0.704500, best_overall=0.704500, mean_diversity=0.200294,
indivs=10784864, elapsed_secs=26345, mean=0.605785, stdev=0.174653, best fit=0.704500, best_overall=0.704500, mean_diversity=0.142026,
indivs=10794962, elapsed_secs=26380, mean=0.611228, stdev=0.109016, best fit=0.704500, best_overall=0.704500, mean_diversity=0.094386,
indivs=10805060, elapsed_secs=26421, mean=0.633306, stdev=0.138637, best fit=0.704500, best_overall=0.704500, mean_diversity=0.161154,
indivs=10815158, elapsed_secs=26446, mean=0.573144, stdev=0.164573, best fit=0.704500, best_overall=0.704500, mean_diversity=0.121209,
indivs=10825256, elapsed_secs=26482, mean=0.575574, stdev=0.156323, best fit=0.704500, best_overall=0.704500, mean_diversity=0.233415,
indivs=10835354, elapsed_secs=26514, mean=0.642812, stdev=0.119406, best fit=0.704500, best_overall=0.704500, mean_diversity=0.142353,
indivs=10845452, elapsed_secs=26545, mean=0.623108, stdev=0.159636, best fit=0.704500, best_overall=0.704500, mean_diversity=0.070898,
indivs=10855550, elapsed_secs=26584, mean=0.613771, stdev=0.182523, best fit=0.704500, best_overall=0.704500, mean_diversity=0.220836,
indivs=10865648, elapsed_secs=26626, mean=0.609686, stdev=0.066046, best fit=0.704500, best_overall=0.704500, mean_diversity=0.088437,
indivs=10875746, elapsed_secs=26659, mean=0.629538, stdev=0.109428, best fit=0.704500, best_overall=0.704500, mean_diversity=0.122954,
indivs=10885844, elapsed_secs=26700, mean=0.645081, stdev=0.137452, best fit=0.704500, best_overall=0.704500, mean_diversity=0.152912,
indivs=10895942, elapsed_secs=26744, mean=0.600293, stdev=0.105938, best fit=0.704500, best_overall=0.704500, mean_diversity=0.100949,
indivs=10906040, elapsed_secs=26776, mean=0.573605, stdev=0.184907, best fit=0.704500, best_overall=0.704500, mean_diversity=0.151560,
indivs=10916138, elapsed_secs=26813, mean=0.604327, stdev=0.137761, best fit=0.704500, best_overall=0.704500, mean_diversity=0.132500,
indivs=10926236, elapsed_secs=26843, mean=0.641594, stdev=0.134878, best fit=0.704500, best_overall=0.704500, mean_diversity=0.052046,
indivs=10936334, elapsed_secs=26876, mean=0.649472, stdev=0.075279, best fit=0.704500, best_overall=0.704500, mean_diversity=0.138511,
indivs=10946432, elapsed_secs=26910, mean=0.642289, stdev=0.134446, best fit=0.704500, best_overall=0.704500, mean_diversity=0.087093,
indivs=10956530, elapsed_secs=26949, mean=0.608636, stdev=0.113314, best fit=0.704500, best_overall=0.704500, mean_diversity=0.133461,
indivs=10966628, elapsed_secs=26982, mean=0.609114, stdev=0.135819, best fit=0.704500, best_overall=0.704500, mean_diversity=0.137234,
indivs=10976726, elapsed_secs=27011, mean=0.613263, stdev=0.116925, best fit=0.704500, best_overall=0.704500, mean_diversity=0.096766,
indivs=10986824, elapsed_secs=27049, mean=0.594060, stdev=0.117537, best fit=0.704500, best_overall=0.704500, mean_diversity=0.104543,
indivs=10996922, elapsed_secs=27088, mean=0.600567, stdev=0.103235, best fit=0.704500, best_overall=0.704500, mean_diversity=0.135601,
indivs=11007020, elapsed_secs=27121, mean=0.603869, stdev=0.162780, best fit=0.704500, best_overall=0.704500, mean_diversity=0.135000,
indivs=11017118, elapsed_secs=27154, mean=0.611582, stdev=0.132482, best fit=0.704500, best_overall=0.704500, mean_diversity=0.209857,
indivs=11027216, elapsed_secs=27185, mean=0.631084, stdev=0.136662, best fit=0.704500, best_overall=0.704500, mean_diversity=0.117543,
indivs=11037314, elapsed_secs=27220, mean=0.623254, stdev=0.153442, best fit=0.704500, best_overall=0.704500, mean_diversity=0.161429,
indivs=11047412, elapsed_secs=27252, mean=0.564442, stdev=0.232243, best fit=0.704500, best_overall=0.704500, mean_diversity=0.097853,
indivs=11057510, elapsed_secs=27285, mean=0.581726, stdev=0.156098, best fit=0.704500, best_overall=0.704500, mean_diversity=0.106531,
indivs=11067608, elapsed_secs=27317, mean=0.608986, stdev=0.129479, best fit=0.704500, best_overall=0.704500, mean_diversity=0.141114,
indivs=11077706, elapsed_secs=27353, mean=0.589734, stdev=0.175382, best fit=0.704500, best_overall=0.704500, mean_diversity=0.085389,
indivs=11087804, elapsed_secs=27396, mean=0.606737, stdev=0.188723, best fit=0.704500, best_overall=0.704500, mean_diversity=0.115238,
indivs=11097902, elapsed_secs=27430, mean=0.606598, stdev=0.120612, best fit=0.704500, best_overall=0.704500, mean_diversity=0.112596,
indivs=11108000, elapsed_secs=27469, mean=0.626671, stdev=0.149749, best fit=0.704500, best_overall=0.704500, mean_diversity=0.108154,
indivs=11118098, elapsed_secs=27509, mean=0.637151, stdev=0.136229, best fit=0.704500, best_overall=0.704500, mean_diversity=0.095920,
indivs=11128196, elapsed_secs=27544, mean=0.615988, stdev=0.111056, best fit=0.704500, best_overall=0.704500, mean_diversity=0.114586,
indivs=11138294, elapsed_secs=27575, mean=0.606730, stdev=0.116461, best fit=0.704500, best_overall=0.704500, mean_diversity=0.111306,
indivs=11148392, elapsed_secs=27617, mean=0.634682, stdev=0.103826, best fit=0.704500, best_overall=0.704500, mean_diversity=0.132206,
indivs=11158490, elapsed_secs=27642, mean=0.588587, stdev=0.148960, best fit=0.704500, best_overall=0.704500, mean_diversity=0.112938,
indivs=11168588, elapsed_secs=27675, mean=0.636253, stdev=0.109933, best fit=0.704500, best_overall=0.704500, mean_diversity=0.183563,
indivs=11178686, elapsed_secs=27709, mean=0.631986, stdev=0.136011, best fit=0.704500, best_overall=0.704500, mean_diversity=0.143178,
indivs=11188784, elapsed_secs=27747, mean=0.614434, stdev=0.076955, best fit=0.704500, best_overall=0.704500, mean_diversity=0.142055,
indivs=11198882, elapsed_secs=27775, mean=0.638924, stdev=0.115368, best fit=0.704500, best_overall=0.704500, mean_diversity=0.080443,
indivs=11208980, elapsed_secs=27813, mean=0.641909, stdev=0.080152, best fit=0.704500, best_overall=0.704500, mean_diversity=0.162738,
indivs=11219078, elapsed_secs=27839, mean=0.648234, stdev=0.117105, best fit=0.704500, best_overall=0.704500, mean_diversity=0.098158,
indivs=11229176, elapsed_secs=27869, mean=0.632364, stdev=0.117239, best fit=0.704500, best_overall=0.704500, mean_diversity=0.104025,
indivs=11239274, elapsed_secs=27909, mean=0.636304, stdev=0.122072, best fit=0.704500, best_overall=0.704500, mean_diversity=0.156140,
indivs=11249372, elapsed_secs=27936, mean=0.600505, stdev=0.129301, best fit=0.704500, best_overall=0.704500, mean_diversity=0.139112,
indivs=11259470, elapsed_secs=27977, mean=0.640976, stdev=0.084174, best fit=0.704500, best_overall=0.704500, mean_diversity=0.123357,
indivs=11269568, elapsed_secs=28017, mean=0.560948, stdev=0.197584, best fit=0.704500, best_overall=0.704500, mean_diversity=0.131429,
indivs=11279666, elapsed_secs=28051, mean=0.640656, stdev=0.135393, best fit=0.704500, best_overall=0.704500, mean_diversity=0.154100,
indivs=11289764, elapsed_secs=28084, mean=0.597262, stdev=0.176658, best fit=0.704500, best_overall=0.704500, mean_diversity=0.062313,
indivs=11299862, elapsed_secs=28116, mean=0.598679, stdev=0.083203, best fit=0.704500, best_overall=0.704500, mean_diversity=0.123677,
indivs=11309960, elapsed_secs=28154, mean=0.610695, stdev=0.183311, best fit=0.704500, best_overall=0.704500, mean_diversity=0.085565,
indivs=11320058, elapsed_secs=28197, mean=0.594926, stdev=0.193692, best fit=0.704500, best_overall=0.704500, mean_diversity=0.135618,
indivs=11330156, elapsed_secs=28237, mean=0.654549, stdev=0.098190, best fit=0.704700, best_overall=0.704700, mean_diversity=0.086021,
indivs=11340254, elapsed_secs=28264, mean=0.622347, stdev=0.132989, best fit=0.704700, best_overall=0.704700, mean_diversity=0.133699,
indivs=11350352, elapsed_secs=28285, mean=0.603595, stdev=0.090978, best fit=0.704700, best_overall=0.704700, mean_diversity=0.102033,
indivs=11360450, elapsed_secs=28322, mean=0.605303, stdev=0.066937, best fit=0.704700, best_overall=0.704700, mean_diversity=0.208978,
indivs=11370548, elapsed_secs=28350, mean=0.618650, stdev=0.073807, best fit=0.704700, best_overall=0.704700, mean_diversity=0.194344,
indivs=11380646, elapsed_secs=28372, mean=0.614089, stdev=0.067444, best fit=0.704700, best_overall=0.704700, mean_diversity=0.256780,
indivs=11390744, elapsed_secs=28398, mean=0.608624, stdev=0.063515, best fit=0.704700, best_overall=0.704700, mean_diversity=0.151726,
indivs=11400842, elapsed_secs=28417, mean=0.619269, stdev=0.110954, best fit=0.704700, best_overall=0.704700, mean_diversity=0.144431,
indivs=11410940, elapsed_secs=28434, mean=0.643589, stdev=0.082948, best fit=0.704700, best_overall=0.704700, mean_diversity=0.112825,
indivs=11421038, elapsed_secs=28460, mean=0.617010, stdev=0.069861, best fit=0.704700, best_overall=0.704700, mean_diversity=0.102488,
indivs=11431136, elapsed_secs=28484, mean=0.599166, stdev=0.085294, best fit=0.704700, best_overall=0.704700, mean_diversity=0.171705,
indivs=11441234, elapsed_secs=28510, mean=0.657778, stdev=0.073732, best fit=0.704700, best_overall=0.704700, mean_diversity=0.176305,
indivs=11451332, elapsed_secs=28532, mean=0.659496, stdev=0.096955, best fit=0.704700, best_overall=0.704700, mean_diversity=0.182871,
indivs=11461430, elapsed_secs=28549, mean=0.620910, stdev=0.083737, best fit=0.704700, best_overall=0.704700, mean_diversity=0.147225,
indivs=11471528, elapsed_secs=28567, mean=0.629730, stdev=0.099899, best fit=0.704700, best_overall=0.704700, mean_diversity=0.167589,
indivs=11481626, elapsed_secs=28582, mean=0.627425, stdev=0.109364, best fit=0.704700, best_overall=0.704700, mean_diversity=0.185202,
indivs=11491724, elapsed_secs=28609, mean=0.609860, stdev=0.055726, best fit=0.704700, best_overall=0.704700, mean_diversity=0.169655,
indivs=11501822, elapsed_secs=28640, mean=0.654524, stdev=0.077893, best fit=0.704700, best_overall=0.704700, mean_diversity=0.156941,
indivs=11511920, elapsed_secs=28658, mean=0.639385, stdev=0.087675, best fit=0.704700, best_overall=0.704700, mean_diversity=0.155587,
indivs=11522018, elapsed_secs=28680, mean=0.613632, stdev=0.094896, best fit=0.704700, best_overall=0.704700, mean_diversity=0.116120,
indivs=11532116, elapsed_secs=28705, mean=0.612115, stdev=0.097478, best fit=0.704700, best_overall=0.704700, mean_diversity=0.206381,
indivs=11542214, elapsed_secs=28734, mean=0.621438, stdev=0.113654, best fit=0.704700, best_overall=0.704700, mean_diversity=0.151567,
indivs=11552312, elapsed_secs=28770, mean=0.619015, stdev=0.090597, best fit=0.704700, best_overall=0.704700, mean_diversity=0.159918,
indivs=11562410, elapsed_secs=28799, mean=0.597666, stdev=0.101930, best fit=0.704700, best_overall=0.704700, mean_diversity=0.258883,
indivs=11572508, elapsed_secs=28824, mean=0.621461, stdev=0.061985, best fit=0.704700, best_overall=0.704700, mean_diversity=0.167573,
indivs=11582606, elapsed_secs=28845, mean=0.601366, stdev=0.076749, best fit=0.704700, best_overall=0.704700, mean_diversity=0.156039,
indivs=11592704, elapsed_secs=28883, mean=0.632552, stdev=0.079458, best fit=0.704700, best_overall=0.704700, mean_diversity=0.113969,
indivs=11602802, elapsed_secs=28917, mean=0.612015, stdev=0.096509, best fit=0.704700, best_overall=0.704700, mean_diversity=0.177744,
indivs=11612900, elapsed_secs=28941, mean=0.648455, stdev=0.077005, best fit=0.704700, best_overall=0.704700, mean_diversity=0.177159,
indivs=11622998, elapsed_secs=28966, mean=0.628495, stdev=0.082801, best fit=0.704700, best_overall=0.704700, mean_diversity=0.117709,
indivs=11633096, elapsed_secs=28990, mean=0.629382, stdev=0.101699, best fit=0.704700, best_overall=0.704700, mean_diversity=0.144683,
indivs=11643194, elapsed_secs=29017, mean=0.627577, stdev=0.088084, best fit=0.704700, best_overall=0.704700, mean_diversity=0.158976,
indivs=11653292, elapsed_secs=29032, mean=0.634580, stdev=0.076707, best fit=0.704700, best_overall=0.704700, mean_diversity=0.177315,
indivs=11663390, elapsed_secs=29059, mean=0.631738, stdev=0.122318, best fit=0.704700, best_overall=0.704700, mean_diversity=0.144000,
indivs=11673488, elapsed_secs=29088, mean=0.651326, stdev=0.076541, best fit=0.704700, best_overall=0.704700, mean_diversity=0.234615,
indivs=11683586, elapsed_secs=29110, mean=0.617635, stdev=0.103394, best fit=0.704700, best_overall=0.704700, mean_diversity=0.178727,
indivs=11693684, elapsed_secs=29135, mean=0.609900, stdev=0.062591, best fit=0.704700, best_overall=0.704700, mean_diversity=0.154844,
indivs=11703782, elapsed_secs=29160, mean=0.610492, stdev=0.059717, best fit=0.704700, best_overall=0.704700, mean_diversity=0.184672,
indivs=11713880, elapsed_secs=29182, mean=0.610377, stdev=0.089476, best fit=0.704700, best_overall=0.704700, mean_diversity=0.118827,
indivs=11723978, elapsed_secs=29205, mean=0.626388, stdev=0.118457, best fit=0.704700, best_overall=0.704700, mean_diversity=0.147868,
indivs=11734076, elapsed_secs=29223, mean=0.633120, stdev=0.104949, best fit=0.704700, best_overall=0.704700, mean_diversity=0.134842,
indivs=11744174, elapsed_secs=29243, mean=0.624450, stdev=0.074978, best fit=0.704700, best_overall=0.704700, mean_diversity=0.199403,
indivs=11754272, elapsed_secs=29262, mean=0.625326, stdev=0.111181, best fit=0.704700, best_overall=0.704700, mean_diversity=0.151608,
indivs=11764370, elapsed_secs=29279, mean=0.605068, stdev=0.084375, best fit=0.704700, best_overall=0.704700, mean_diversity=0.145100,
indivs=11774468, elapsed_secs=29312, mean=0.627341, stdev=0.105667, best fit=0.704700, best_overall=0.704700, mean_diversity=0.114303,
indivs=11784566, elapsed_secs=29342, mean=0.593923, stdev=0.092128, best fit=0.704700, best_overall=0.704700, mean_diversity=0.232697,
indivs=11794664, elapsed_secs=29361, mean=0.626551, stdev=0.102572, best fit=0.704700, best_overall=0.704700, mean_diversity=0.145597,
indivs=11804762, elapsed_secs=29383, mean=0.628413, stdev=0.123220, best fit=0.704700, best_overall=0.704700, mean_diversity=0.117833,
indivs=11814860, elapsed_secs=29409, mean=0.634738, stdev=0.083379, best fit=0.704700, best_overall=0.704700, mean_diversity=0.159482,
indivs=11824958, elapsed_secs=29442, mean=0.619989, stdev=0.074181, best fit=0.704700, best_overall=0.704700, mean_diversity=0.093093,
indivs=11835056, elapsed_secs=29454, mean=0.633712, stdev=0.121098, best fit=0.704700, best_overall=0.704700, mean_diversity=0.086180,
indivs=11845154, elapsed_secs=29465, mean=0.613770, stdev=0.097459, best fit=0.704700, best_overall=0.704700, mean_diversity=0.127930,
indivs=11855252, elapsed_secs=29479, mean=0.595051, stdev=0.108108, best fit=0.704700, best_overall=0.704700, mean_diversity=0.155519,
indivs=11865350, elapsed_secs=29492, mean=0.630442, stdev=0.133359, best fit=0.704700, best_overall=0.704700, mean_diversity=0.120526,
indivs=11875448, elapsed_secs=29508, mean=0.616862, stdev=0.101286, best fit=0.704700, best_overall=0.704700, mean_diversity=0.123187,
indivs=11885546, elapsed_secs=29533, mean=0.626253, stdev=0.119446, best fit=0.704700, best_overall=0.704700, mean_diversity=0.130446,
indivs=11895644, elapsed_secs=29553, mean=0.632291, stdev=0.087671, best fit=0.704700, best_overall=0.704700, mean_diversity=0.142923,
indivs=11905742, elapsed_secs=29570, mean=0.612028, stdev=0.097711, best fit=0.704700, best_overall=0.704700, mean_diversity=0.213507,
indivs=11915840, elapsed_secs=29595, mean=0.604264, stdev=0.060036, best fit=0.704700, best_overall=0.704700, mean_diversity=0.166541,
indivs=11925938, elapsed_secs=29616, mean=0.612477, stdev=0.072949, best fit=0.704700, best_overall=0.704700, mean_diversity=0.198576,
indivs=11936036, elapsed_secs=29648, mean=0.601716, stdev=0.088806, best fit=0.704700, best_overall=0.704700, mean_diversity=0.081750,
indivs=11946134, elapsed_secs=29669, mean=0.619796, stdev=0.079854, best fit=0.704700, best_overall=0.704700, mean_diversity=0.212542,
indivs=11956232, elapsed_secs=29694, mean=0.635087, stdev=0.107610, best fit=0.704700, best_overall=0.704700, mean_diversity=0.178235,
indivs=11966330, elapsed_secs=29718, mean=0.612268, stdev=0.115894, best fit=0.704700, best_overall=0.704700, mean_diversity=0.196731,
indivs=11976428, elapsed_secs=29740, mean=0.649586, stdev=0.077864, best fit=0.704700, best_overall=0.704700, mean_diversity=0.133824,
indivs=11986526, elapsed_secs=29772, mean=0.622058, stdev=0.123652, best fit=0.704700, best_overall=0.704700, mean_diversity=0.129497,
indivs=11996624, elapsed_secs=29800, mean=0.612293, stdev=0.083955, best fit=0.704700, best_overall=0.704700, mean_diversity=0.152931,
indivs=12006722, elapsed_secs=29828, mean=0.651426, stdev=0.071156, best fit=0.704700, best_overall=0.704700, mean_diversity=0.206131,
indivs=12016820, elapsed_secs=29853, mean=0.633622, stdev=0.109395, best fit=0.704700, best_overall=0.704700, mean_diversity=0.134367,
indivs=12026918, elapsed_secs=29886, mean=0.632524, stdev=0.100996, best fit=0.704700, best_overall=0.704700, mean_diversity=0.113531,
indivs=12037016, elapsed_secs=29907, mean=0.626577, stdev=0.123573, best fit=0.704700, best_overall=0.704700, mean_diversity=0.234141,
indivs=12047114, elapsed_secs=29926, mean=0.632042, stdev=0.104038, best fit=0.704700, best_overall=0.704700, mean_diversity=0.111087,
indivs=12057212, elapsed_secs=29945, mean=0.639744, stdev=0.157700, best fit=0.704700, best_overall=0.704700, mean_diversity=0.160129,
indivs=12067310, elapsed_secs=29969, mean=0.599494, stdev=0.066135, best fit=0.704700, best_overall=0.704700, mean_diversity=0.193810,
indivs=12077408, elapsed_secs=29986, mean=0.646854, stdev=0.080779, best fit=0.704700, best_overall=0.704700, mean_diversity=0.127057,
indivs=12087506, elapsed_secs=30010, mean=0.628360, stdev=0.122935, best fit=0.704700, best_overall=0.704700, mean_diversity=0.208595,
indivs=12097604, elapsed_secs=30032, mean=0.636036, stdev=0.086855, best fit=0.704700, best_overall=0.704700, mean_diversity=0.288188,
indivs=12107702, elapsed_secs=30056, mean=0.590735, stdev=0.121758, best fit=0.704700, best_overall=0.704700, mean_diversity=0.207341,
indivs=12117800, elapsed_secs=30078, mean=0.628064, stdev=0.098062, best fit=0.704700, best_overall=0.704700, mean_diversity=0.144639,
indivs=12127898, elapsed_secs=30097, mean=0.630757, stdev=0.122450, best fit=0.704700, best_overall=0.704700, mean_diversity=0.139195,
indivs=12137996, elapsed_secs=30123, mean=0.611063, stdev=0.065475, best fit=0.704700, best_overall=0.704700, mean_diversity=0.146797,
indivs=12148094, elapsed_secs=30153, mean=0.608448, stdev=0.058429, best fit=0.704700, best_overall=0.704700, mean_diversity=0.145073,
indivs=12158192, elapsed_secs=30166, mean=0.621200, stdev=0.066554, best fit=0.704700, best_overall=0.704700, mean_diversity=0.157537,
indivs=12168290, elapsed_secs=30182, mean=0.619404, stdev=0.096016, best fit=0.704700, best_overall=0.704700, mean_diversity=0.135824,
indivs=12178388, elapsed_secs=30200, mean=0.594762, stdev=0.104880, best fit=0.704700, best_overall=0.704700, mean_diversity=0.124071,
indivs=12188486, elapsed_secs=30226, mean=0.611176, stdev=0.079921, best fit=0.704700, best_overall=0.704700, mean_diversity=0.154214,
indivs=12198584, elapsed_secs=30257, mean=0.628849, stdev=0.126254, best fit=0.704700, best_overall=0.704700, mean_diversity=0.139384,
indivs=12208682, elapsed_secs=30285, mean=0.639293, stdev=0.074440, best fit=0.704700, best_overall=0.704700, mean_diversity=0.109936,
indivs=12218780, elapsed_secs=30305, mean=0.602214, stdev=0.116661, best fit=0.704700, best_overall=0.704700, mean_diversity=0.222913,
indivs=12228878, elapsed_secs=30325, mean=0.619706, stdev=0.087152, best fit=0.704700, best_overall=0.704700, mean_diversity=0.158297,
indivs=12238976, elapsed_secs=30352, mean=0.636112, stdev=0.104616, best fit=0.704700, best_overall=0.704700, mean_diversity=0.222846,
indivs=12249074, elapsed_secs=30396, mean=0.601752, stdev=0.105482, best fit=0.704700, best_overall=0.704700, mean_diversity=0.158180,
indivs=12259172, elapsed_secs=30421, mean=0.628225, stdev=0.138439, best fit=0.704700, best_overall=0.704700, mean_diversity=0.114085,
indivs=12269270, elapsed_secs=30443, mean=0.635836, stdev=0.098126, best fit=0.704700, best_overall=0.704700, mean_diversity=0.174074,
indivs=12279368, elapsed_secs=30461, mean=0.617590, stdev=0.100849, best fit=0.704700, best_overall=0.704700, mean_diversity=0.278320,
indivs=12289466, elapsed_secs=30477, mean=0.638918, stdev=0.079903, best fit=0.704700, best_overall=0.704700, mean_diversity=0.198826,
indivs=12299564, elapsed_secs=30502, mean=0.616562, stdev=0.133056, best fit=0.704700, best_overall=0.704700, mean_diversity=0.108627,
indivs=12309662, elapsed_secs=30521, mean=0.621287, stdev=0.151208, best fit=0.704700, best_overall=0.704700, mean_diversity=0.235725,
indivs=12319760, elapsed_secs=30534, mean=0.628952, stdev=0.136949, best fit=0.704700, best_overall=0.704700, mean_diversity=0.118362,
indivs=12329858, elapsed_secs=30561, mean=0.617072, stdev=0.132994, best fit=0.704700, best_overall=0.704700, mean_diversity=0.117217,
indivs=12339956, elapsed_secs=30580, mean=0.611621, stdev=0.150625, best fit=0.704700, best_overall=0.704700, mean_diversity=0.189467,
indivs=12350054, elapsed_secs=30607, mean=0.614318, stdev=0.066750, best fit=0.704700, best_overall=0.704700, mean_diversity=0.101215,
indivs=12360152, elapsed_secs=30643, mean=0.608720, stdev=0.082772, best fit=0.704700, best_overall=0.704700, mean_diversity=0.130788,
indivs=12370250, elapsed_secs=30669, mean=0.623588, stdev=0.123714, best fit=0.704700, best_overall=0.704700, mean_diversity=0.169459,
indivs=12380348, elapsed_secs=30686, mean=0.623929, stdev=0.066662, best fit=0.704700, best_overall=0.704700, mean_diversity=0.124613,
indivs=12390446, elapsed_secs=30718, mean=0.616767, stdev=0.137199, best fit=0.704700, best_overall=0.704700, mean_diversity=0.104588,
indivs=12400544, elapsed_secs=30753, mean=0.628822, stdev=0.135076, best fit=0.704700, best_overall=0.704700, mean_diversity=0.144142,
indivs=12410642, elapsed_secs=30781, mean=0.616212, stdev=0.073665, best fit=0.704700, best_overall=0.704700, mean_diversity=0.121279,
indivs=12420740, elapsed_secs=30803, mean=0.651385, stdev=0.081509, best fit=0.704700, best_overall=0.704700, mean_diversity=0.137797,
indivs=12430838, elapsed_secs=30832, mean=0.615581, stdev=0.059550, best fit=0.704700, best_overall=0.704700, mean_diversity=0.146489,
indivs=12440936, elapsed_secs=30855, mean=0.649377, stdev=0.075874, best fit=0.704700, best_overall=0.704700, mean_diversity=0.210867,
indivs=12451034, elapsed_secs=30889, mean=0.587590, stdev=0.209266, best fit=0.704700, best_overall=0.704700, mean_diversity=0.129804,
indivs=12461132, elapsed_secs=30919, mean=0.633026, stdev=0.135084, best fit=0.704700, best_overall=0.704700, mean_diversity=0.152759,
indivs=12471230, elapsed_secs=30951, mean=0.641236, stdev=0.106409, best fit=0.704700, best_overall=0.704700, mean_diversity=0.136522,
indivs=12481328, elapsed_secs=30977, mean=0.628377, stdev=0.122061, best fit=0.704700, best_overall=0.704700, mean_diversity=0.304364,
indivs=12491426, elapsed_secs=31007, mean=0.625380, stdev=0.111217, best fit=0.704700, best_overall=0.704700, mean_diversity=0.128227,
indivs=12501524, elapsed_secs=31021, mean=0.605779, stdev=0.086972, best fit=0.704700, best_overall=0.704700, mean_diversity=0.167396,
indivs=12511622, elapsed_secs=31040, mean=0.598265, stdev=0.092195, best fit=0.704700, best_overall=0.704700, mean_diversity=0.154511,
indivs=12521720, elapsed_secs=31060, mean=0.645005, stdev=0.102026, best fit=0.704700, best_overall=0.704700, mean_diversity=0.205139,
indivs=12531818, elapsed_secs=31080, mean=0.658573, stdev=0.074242, best fit=0.704700, best_overall=0.704700, mean_diversity=0.153675,
indivs=12541916, elapsed_secs=31106, mean=0.629718, stdev=0.077258, best fit=0.704700, best_overall=0.704700, mean_diversity=0.262935,
indivs=12552014, elapsed_secs=31133, mean=0.609982, stdev=0.089258, best fit=0.704700, best_overall=0.704700, mean_diversity=0.177542,
indivs=12562112, elapsed_secs=31167, mean=0.643892, stdev=0.102613, best fit=0.704700, best_overall=0.704700, mean_diversity=0.268577,
indivs=12572210, elapsed_secs=31190, mean=0.621049, stdev=0.094153, best fit=0.704700, best_overall=0.704700, mean_diversity=0.255171,
indivs=12582308, elapsed_secs=31215, mean=0.623122, stdev=0.159770, best fit=0.704700, best_overall=0.704700, mean_diversity=0.145495,
indivs=12592406, elapsed_secs=31238, mean=0.636839, stdev=0.115332, best fit=0.704700, best_overall=0.704700, mean_diversity=0.089441,
indivs=12602504, elapsed_secs=31258, mean=0.591317, stdev=0.119216, best fit=0.704700, best_overall=0.704700, mean_diversity=0.089893,
indivs=12612602, elapsed_secs=31290, mean=0.566162, stdev=0.253600, best fit=0.704700, best_overall=0.704700, mean_diversity=0.162788,
indivs=12622700, elapsed_secs=31317, mean=0.602778, stdev=0.092974, best fit=0.704700, best_overall=0.704700, mean_diversity=0.148777,
indivs=12632798, elapsed_secs=31345, mean=0.625677, stdev=0.107780, best fit=0.704700, best_overall=0.704700, mean_diversity=0.183753,
indivs=12642896, elapsed_secs=31363, mean=0.617901, stdev=0.082403, best fit=0.704700, best_overall=0.704700, mean_diversity=0.221280,
indivs=12652994, elapsed_secs=31383, mean=0.589348, stdev=0.104518, best fit=0.704700, best_overall=0.704700, mean_diversity=0.114864,
indivs=12663092, elapsed_secs=31414, mean=0.641851, stdev=0.100824, best fit=0.704700, best_overall=0.704700, mean_diversity=0.083649,
indivs=12673190, elapsed_secs=31424, mean=0.597035, stdev=0.086604, best fit=0.704700, best_overall=0.704700, mean_diversity=0.195159,
indivs=12683288, elapsed_secs=31437, mean=0.609953, stdev=0.114828, best fit=0.704700, best_overall=0.704700, mean_diversity=0.143195,
indivs=12693386, elapsed_secs=31463, mean=0.629690, stdev=0.077149, best fit=0.704700, best_overall=0.704700, mean_diversity=0.159352,
indivs=12703484, elapsed_secs=31482, mean=0.613060, stdev=0.090835, best fit=0.704700, best_overall=0.704700, mean_diversity=0.100250,
indivs=12713582, elapsed_secs=31515, mean=0.616497, stdev=0.072912, best fit=0.704700, best_overall=0.704700, mean_diversity=0.138295,
indivs=12723680, elapsed_secs=31539, mean=0.625339, stdev=0.087941, best fit=0.704700, best_overall=0.704700, mean_diversity=0.119177,
indivs=12733778, elapsed_secs=31553, mean=0.630511, stdev=0.068455, best fit=0.704700, best_overall=0.704700, mean_diversity=0.118496,
indivs=12743876, elapsed_secs=31573, mean=0.636598, stdev=0.082470, best fit=0.704700, best_overall=0.704700, mean_diversity=0.134390,
indivs=12753974, elapsed_secs=31601, mean=0.604364, stdev=0.061839, best fit=0.704700, best_overall=0.704700, mean_diversity=0.174860,
indivs=12764072, elapsed_secs=31621, mean=0.611932, stdev=0.069493, best fit=0.704700, best_overall=0.704700, mean_diversity=0.176105,
indivs=12774170, elapsed_secs=31644, mean=0.607199, stdev=0.074984, best fit=0.704700, best_overall=0.704700, mean_diversity=0.121934,
indivs=12784268, elapsed_secs=31677, mean=0.628416, stdev=0.096748, best fit=0.704700, best_overall=0.704700, mean_diversity=0.147598,
indivs=12794366, elapsed_secs=31715, mean=0.594237, stdev=0.100690, best fit=0.704700, best_overall=0.704700, mean_diversity=0.215000,
indivs=12804464, elapsed_secs=31740, mean=0.623478, stdev=0.078759, best fit=0.704700, best_overall=0.704700, mean_diversity=0.098670,
indivs=12814562, elapsed_secs=31780, mean=0.642501, stdev=0.081885, best fit=0.704700, best_overall=0.704700, mean_diversity=0.109181,
indivs=12824660, elapsed_secs=31803, mean=0.560791, stdev=0.244875, best fit=0.704700, best_overall=0.704700, mean_diversity=0.156632,
indivs=12834758, elapsed_secs=31831, mean=0.578404, stdev=0.148948, best fit=0.704700, best_overall=0.704700, mean_diversity=0.109014,
indivs=12844856, elapsed_secs=31854, mean=0.610564, stdev=0.092865, best fit=0.704700, best_overall=0.704700, mean_diversity=0.122938,
indivs=12854954, elapsed_secs=31869, mean=0.639434, stdev=0.087879, best fit=0.704700, best_overall=0.704700, mean_diversity=0.163050,
indivs=12865052, elapsed_secs=31891, mean=0.611307, stdev=0.091925, best fit=0.704700, best_overall=0.704700, mean_diversity=0.143575,
indivs=12875150, elapsed_secs=31923, mean=0.621075, stdev=0.127050, best fit=0.704700, best_overall=0.704700, mean_diversity=0.161728,
indivs=12885248, elapsed_secs=31947, mean=0.609614, stdev=0.089071, best fit=0.704700, best_overall=0.704700, mean_diversity=0.226163,
indivs=12895346, elapsed_secs=31969, mean=0.613691, stdev=0.063969, best fit=0.704700, best_overall=0.704700, mean_diversity=0.217977,
indivs=12905444, elapsed_secs=31990, mean=0.629797, stdev=0.108363, best fit=0.704700, best_overall=0.704700, mean_diversity=0.116046,
indivs=12915542, elapsed_secs=32010, mean=0.638726, stdev=0.132613, best fit=0.704700, best_overall=0.704700, mean_diversity=0.123215,
indivs=12925640, elapsed_secs=32030, mean=0.628752, stdev=0.081211, best fit=0.704700, best_overall=0.704700, mean_diversity=0.141000,
indivs=12935738, elapsed_secs=32052, mean=0.647517, stdev=0.081643, best fit=0.704700, best_overall=0.704700, mean_diversity=0.097660,
indivs=12945836, elapsed_secs=32077, mean=0.618802, stdev=0.071505, best fit=0.704700, best_overall=0.704700, mean_diversity=0.119070,
indivs=12955934, elapsed_secs=32106, mean=0.615476, stdev=0.070435, best fit=0.704700, best_overall=0.704700, mean_diversity=0.109614,
indivs=12966032, elapsed_secs=32137, mean=0.606864, stdev=0.109307, best fit=0.704700, best_overall=0.704700, mean_diversity=0.157847,
indivs=12976130, elapsed_secs=32166, mean=0.637487, stdev=0.085498, best fit=0.704700, best_overall=0.704700, mean_diversity=0.106898,
indivs=12986228, elapsed_secs=32190, mean=0.625022, stdev=0.099397, best fit=0.704700, best_overall=0.704700, mean_diversity=0.102555,
indivs=12996326, elapsed_secs=32217, mean=0.649684, stdev=0.114894, best fit=0.704700, best_overall=0.704700, mean_diversity=0.148477,
indivs=13006424, elapsed_secs=32237, mean=0.605091, stdev=0.109483, best fit=0.704700, best_overall=0.704700, mean_diversity=0.122203,
indivs=13016522, elapsed_secs=32254, mean=0.617576, stdev=0.054928, best fit=0.704700, best_overall=0.704700, mean_diversity=0.119573,
indivs=13026620, elapsed_secs=32270, mean=0.597725, stdev=0.112695, best fit=0.704700, best_overall=0.704700, mean_diversity=0.195378,
indivs=13036718, elapsed_secs=32280, mean=0.610087, stdev=0.085068, best fit=0.704700, best_overall=0.704700, mean_diversity=0.181522,
indivs=13046816, elapsed_secs=32290, mean=0.639588, stdev=0.086198, best fit=0.704700, best_overall=0.704700, mean_diversity=0.145581,
indivs=13056914, elapsed_secs=32320, mean=0.626140, stdev=0.097328, best fit=0.704700, best_overall=0.704700, mean_diversity=0.147963,
indivs=13067012, elapsed_secs=32342, mean=0.609546, stdev=0.061641, best fit=0.704700, best_overall=0.704700, mean_diversity=0.149677,
indivs=13077110, elapsed_secs=32366, mean=0.618539, stdev=0.058602, best fit=0.704700, best_overall=0.704700, mean_diversity=0.173450,
indivs=13087208, elapsed_secs=32391, mean=0.646617, stdev=0.101368, best fit=0.704700, best_overall=0.704700, mean_diversity=0.129545,
indivs=13097306, elapsed_secs=32411, mean=0.624396, stdev=0.102283, best fit=0.704700, best_overall=0.704700, mean_diversity=0.130129,
indivs=13107404, elapsed_secs=32440, mean=0.609735, stdev=0.069628, best fit=0.704700, best_overall=0.704700, mean_diversity=0.154469,
indivs=13117502, elapsed_secs=32464, mean=0.646831, stdev=0.075481, best fit=0.704700, best_overall=0.704700, mean_diversity=0.109299,
indivs=13127600, elapsed_secs=32493, mean=0.612817, stdev=0.066047, best fit=0.704700, best_overall=0.704700, mean_diversity=0.165213,
indivs=13137698, elapsed_secs=32524, mean=0.611365, stdev=0.070160, best fit=0.704700, best_overall=0.704700, mean_diversity=0.097369,
indivs=13147796, elapsed_secs=32550, mean=0.633563, stdev=0.084569, best fit=0.704700, best_overall=0.704700, mean_diversity=0.109644,
indivs=13157894, elapsed_secs=32588, mean=0.600080, stdev=0.076640, best fit=0.704700, best_overall=0.704700, mean_diversity=0.121080,
indivs=13167992, elapsed_secs=32615, mean=0.594313, stdev=0.115789, best fit=0.704700, best_overall=0.704700, mean_diversity=0.132333,
indivs=13178090, elapsed_secs=32629, mean=0.626425, stdev=0.148678, best fit=0.704700, best_overall=0.704700, mean_diversity=0.093718,
indivs=13188188, elapsed_secs=32649, mean=0.662292, stdev=0.071159, best fit=0.704700, best_overall=0.704700, mean_diversity=0.178530,
indivs=13198286, elapsed_secs=32665, mean=0.605873, stdev=0.085999, best fit=0.704700, best_overall=0.704700, mean_diversity=0.145962,
indivs=13208384, elapsed_secs=32696, mean=0.630152, stdev=0.137499, best fit=0.704700, best_overall=0.704700, mean_diversity=0.167215,
indivs=13218482, elapsed_secs=32725, mean=0.627824, stdev=0.104587, best fit=0.704700, best_overall=0.704700, mean_diversity=0.123253,
indivs=13228580, elapsed_secs=32760, mean=0.605604, stdev=0.091532, best fit=0.704700, best_overall=0.704700, mean_diversity=0.180809,
indivs=13238678, elapsed_secs=32778, mean=0.637965, stdev=0.072811, best fit=0.704700, best_overall=0.704700, mean_diversity=0.132774,
indivs=13248776, elapsed_secs=32800, mean=0.602810, stdev=0.108354, best fit=0.704700, best_overall=0.704700, mean_diversity=0.186318,
indivs=13258874, elapsed_secs=32820, mean=0.589728, stdev=0.085903, best fit=0.704700, best_overall=0.704700, mean_diversity=0.234607,
indivs=13268972, elapsed_secs=32844, mean=0.626501, stdev=0.100990, best fit=0.704700, best_overall=0.704700, mean_diversity=0.109976,
indivs=13279070, elapsed_secs=32863, mean=0.600590, stdev=0.085718, best fit=0.704700, best_overall=0.704700, mean_diversity=0.108471,
indivs=13289168, elapsed_secs=32888, mean=0.618400, stdev=0.124512, best fit=0.704700, best_overall=0.704700, mean_diversity=0.086736,
indivs=13299266, elapsed_secs=32906, mean=0.644305, stdev=0.085475, best fit=0.704700, best_overall=0.704700, mean_diversity=0.161712,
indivs=13309364, elapsed_secs=32930, mean=0.590370, stdev=0.107412, best fit=0.704700, best_overall=0.704700, mean_diversity=0.113306,
indivs=13319462, elapsed_secs=32953, mean=0.589128, stdev=0.091221, best fit=0.704700, best_overall=0.704700, mean_diversity=0.169787,
indivs=13329560, elapsed_secs=32983, mean=0.638531, stdev=0.098452, best fit=0.704700, best_overall=0.704700, mean_diversity=0.125892,
indivs=13339658, elapsed_secs=33003, mean=0.593346, stdev=0.074745, best fit=0.704700, best_overall=0.704700, mean_diversity=0.159066,
indivs=13349756, elapsed_secs=33031, mean=0.647646, stdev=0.099313, best fit=0.704700, best_overall=0.704700, mean_diversity=0.171026,
indivs=13359854, elapsed_secs=33059, mean=0.615717, stdev=0.107989, best fit=0.704700, best_overall=0.704700, mean_diversity=0.102632,
indivs=13369952, elapsed_secs=33089, mean=0.628485, stdev=0.084138, best fit=0.704700, best_overall=0.704700, mean_diversity=0.152468,
indivs=13380050, elapsed_secs=33113, mean=0.608195, stdev=0.097444, best fit=0.704700, best_overall=0.704700, mean_diversity=0.171741,
indivs=13390148, elapsed_secs=33141, mean=0.623034, stdev=0.117450, best fit=0.704700, best_overall=0.704700, mean_diversity=0.215787,
indivs=13400246, elapsed_secs=33169, mean=0.625865, stdev=0.107164, best fit=0.704700, best_overall=0.704700, mean_diversity=0.091780,
indivs=13410344, elapsed_secs=33199, mean=0.656625, stdev=0.075501, best fit=0.704700, best_overall=0.704700, mean_diversity=0.192885,
indivs=13420442, elapsed_secs=33223, mean=0.622845, stdev=0.126140, best fit=0.704700, best_overall=0.704700, mean_diversity=0.155562,
indivs=13430540, elapsed_secs=33248, mean=0.636246, stdev=0.106825, best fit=0.704700, best_overall=0.704700, mean_diversity=0.070867,
indivs=13440638, elapsed_secs=33262, mean=0.611299, stdev=0.087550, best fit=0.704700, best_overall=0.704700, mean_diversity=0.135245,
indivs=13450736, elapsed_secs=33284, mean=0.650313, stdev=0.078035, best fit=0.704700, best_overall=0.704700, mean_diversity=0.380667,
indivs=13460834, elapsed_secs=33306, mean=0.631742, stdev=0.132530, best fit=0.704700, best_overall=0.704700, mean_diversity=0.174152,
indivs=13470932, elapsed_secs=33339, mean=0.640006, stdev=0.065777, best fit=0.704700, best_overall=0.704700, mean_diversity=0.080246,
indivs=13481030, elapsed_secs=33376, mean=0.644931, stdev=0.069752, best fit=0.704700, best_overall=0.704700, mean_diversity=0.168174,
indivs=13491128, elapsed_secs=33394, mean=0.588809, stdev=0.158654, best fit=0.704700, best_overall=0.704700, mean_diversity=0.149040,
indivs=13501226, elapsed_secs=33424, mean=0.621334, stdev=0.069351, best fit=0.704700, best_overall=0.704700, mean_diversity=0.090909,
indivs=13511324, elapsed_secs=33454, mean=0.572773, stdev=0.170223, best fit=0.704700, best_overall=0.704700, mean_diversity=0.168056,
indivs=13521422, elapsed_secs=33475, mean=0.628742, stdev=0.071054, best fit=0.704700, best_overall=0.704700, mean_diversity=0.171541,
indivs=13531520, elapsed_secs=33497, mean=0.586190, stdev=0.131179, best fit=0.704700, best_overall=0.704700, mean_diversity=0.127883,
indivs=13541618, elapsed_secs=33516, mean=0.644219, stdev=0.099339, best fit=0.704700, best_overall=0.704700, mean_diversity=0.159368,
indivs=13551716, elapsed_secs=33552, mean=0.607537, stdev=0.111090, best fit=0.704700, best_overall=0.704700, mean_diversity=0.085590,
indivs=13561814, elapsed_secs=33574, mean=0.631631, stdev=0.101386, best fit=0.704700, best_overall=0.704700, mean_diversity=0.152521,
indivs=13571912, elapsed_secs=33597, mean=0.654891, stdev=0.076380, best fit=0.704700, best_overall=0.704700, mean_diversity=0.102053,
indivs=13582010, elapsed_secs=33621, mean=0.625551, stdev=0.057301, best fit=0.704700, best_overall=0.704700, mean_diversity=0.122347,
indivs=13592108, elapsed_secs=33649, mean=0.612358, stdev=0.123019, best fit=0.704700, best_overall=0.704700, mean_diversity=0.109429,
indivs=13602206, elapsed_secs=33684, mean=0.649038, stdev=0.103359, best fit=0.704700, best_overall=0.704700, mean_diversity=0.106951,
indivs=13612304, elapsed_secs=33716, mean=0.606917, stdev=0.091491, best fit=0.704700, best_overall=0.704700, mean_diversity=0.203150,
indivs=13622402, elapsed_secs=33745, mean=0.643998, stdev=0.102902, best fit=0.704700, best_overall=0.704700, mean_diversity=0.118383,
indivs=13632500, elapsed_secs=33769, mean=0.609881, stdev=0.060583, best fit=0.704700, best_overall=0.704700, mean_diversity=0.231905,
indivs=13642598, elapsed_secs=33808, mean=0.628563, stdev=0.124618, best fit=0.704700, best_overall=0.704700, mean_diversity=0.170026,
indivs=13652696, elapsed_secs=33852, mean=0.606922, stdev=0.112385, best fit=0.704700, best_overall=0.704700, mean_diversity=0.082474,
indivs=13662794, elapsed_secs=33876, mean=0.623687, stdev=0.137140, best fit=0.704700, best_overall=0.704700, mean_diversity=0.110559,
indivs=13672892, elapsed_secs=33889, mean=0.640316, stdev=0.072610, best fit=0.704700, best_overall=0.704700, mean_diversity=0.182466,
indivs=13682990, elapsed_secs=33919, mean=0.642915, stdev=0.083385, best fit=0.704700, best_overall=0.704700, mean_diversity=0.134892,
indivs=13693088, elapsed_secs=33941, mean=0.638160, stdev=0.113966, best fit=0.704700, best_overall=0.704700, mean_diversity=0.101680,
indivs=13703186, elapsed_secs=33963, mean=0.607224, stdev=0.077695, best fit=0.704700, best_overall=0.704700, mean_diversity=0.095708,
indivs=13713284, elapsed_secs=33997, mean=0.588625, stdev=0.151678, best fit=0.704700, best_overall=0.704700, mean_diversity=0.164149,
indivs=13723382, elapsed_secs=34037, mean=0.599666, stdev=0.176386, best fit=0.704700, best_overall=0.704700, mean_diversity=0.160343,
indivs=13733480, elapsed_secs=34070, mean=0.649974, stdev=0.084738, best fit=0.704700, best_overall=0.704700, mean_diversity=0.111250,
indivs=13743578, elapsed_secs=34093, mean=0.605524, stdev=0.082750, best fit=0.704700, best_overall=0.704700, mean_diversity=0.347257,
indivs=13753676, elapsed_secs=34120, mean=0.598237, stdev=0.086218, best fit=0.704700, best_overall=0.704700, mean_diversity=0.193878,
indivs=13763774, elapsed_secs=34148, mean=0.606601, stdev=0.102585, best fit=0.704700, best_overall=0.704700, mean_diversity=0.156609,
indivs=13773872, elapsed_secs=34169, mean=0.603008, stdev=0.063039, best fit=0.704700, best_overall=0.704700, mean_diversity=0.103481,
indivs=13783970, elapsed_secs=34190, mean=0.645922, stdev=0.130916, best fit=0.704700, best_overall=0.704700, mean_diversity=0.119720,
indivs=13794068, elapsed_secs=34207, mean=0.618713, stdev=0.102440, best fit=0.704700, best_overall=0.704700, mean_diversity=0.163224,
indivs=13804166, elapsed_secs=34247, mean=0.642053, stdev=0.078007, best fit=0.704700, best_overall=0.704700, mean_diversity=0.110796,
indivs=13814264, elapsed_secs=34277, mean=0.621013, stdev=0.107526, best fit=0.704700, best_overall=0.704700, mean_diversity=0.161567,
indivs=13824362, elapsed_secs=34302, mean=0.589443, stdev=0.135604, best fit=0.704700, best_overall=0.704700, mean_diversity=0.169731,
indivs=13834460, elapsed_secs=34328, mean=0.634681, stdev=0.077090, best fit=0.704700, best_overall=0.704700, mean_diversity=0.176631,
indivs=13844558, elapsed_secs=34347, mean=0.602178, stdev=0.089393, best fit=0.704700, best_overall=0.704700, mean_diversity=0.132299,
indivs=13854656, elapsed_secs=34382, mean=0.636047, stdev=0.148676, best fit=0.704700, best_overall=0.704700, mean_diversity=0.125393,
indivs=13864754, elapsed_secs=34406, mean=0.628749, stdev=0.136407, best fit=0.704700, best_overall=0.704700, mean_diversity=0.152754,
indivs=13874852, elapsed_secs=34438, mean=0.616902, stdev=0.060066, best fit=0.704700, best_overall=0.704700, mean_diversity=0.073385,
indivs=13884950, elapsed_secs=34460, mean=0.642313, stdev=0.101119, best fit=0.704700, best_overall=0.704700, mean_diversity=0.160595,
indivs=13895048, elapsed_secs=34485, mean=0.592730, stdev=0.096334, best fit=0.704700, best_overall=0.704700, mean_diversity=0.104558,
indivs=13905146, elapsed_secs=34513, mean=0.625012, stdev=0.139193, best fit=0.704700, best_overall=0.704700, mean_diversity=0.174439,
indivs=13915244, elapsed_secs=34532, mean=0.649405, stdev=0.097298, best fit=0.704700, best_overall=0.704700, mean_diversity=0.143791,
indivs=13925342, elapsed_secs=34556, mean=0.625473, stdev=0.137920, best fit=0.704700, best_overall=0.704700, mean_diversity=0.181002,
indivs=13935440, elapsed_secs=34576, mean=0.635085, stdev=0.106007, best fit=0.704700, best_overall=0.704700, mean_diversity=0.154499,
indivs=13945538, elapsed_secs=34597, mean=0.618802, stdev=0.126716, best fit=0.704700, best_overall=0.704700, mean_diversity=0.165468,
indivs=13955636, elapsed_secs=34621, mean=0.597587, stdev=0.093309, best fit=0.704700, best_overall=0.704700, mean_diversity=0.118708,
indivs=13965734, elapsed_secs=34642, mean=0.641647, stdev=0.098855, best fit=0.704700, best_overall=0.704700, mean_diversity=0.213333,
indivs=13975832, elapsed_secs=34662, mean=0.641964, stdev=0.082069, best fit=0.704700, best_overall=0.704700, mean_diversity=0.156722,
indivs=13985930, elapsed_secs=34679, mean=0.640603, stdev=0.088372, best fit=0.704700, best_overall=0.704700, mean_diversity=0.155236,
indivs=13996028, elapsed_secs=34699, mean=0.664068, stdev=0.070240, best fit=0.704700, best_overall=0.704700, mean_diversity=0.141633,
indivs=14006126, elapsed_secs=34726, mean=0.646446, stdev=0.103035, best fit=0.704700, best_overall=0.704700, mean_diversity=0.149519,
indivs=14016224, elapsed_secs=34742, mean=0.606706, stdev=0.106688, best fit=0.704700, best_overall=0.704700, mean_diversity=0.182055,
indivs=14026322, elapsed_secs=34771, mean=0.619471, stdev=0.107203, best fit=0.704700, best_overall=0.704700, mean_diversity=0.143122,
indivs=14036420, elapsed_secs=34807, mean=0.543172, stdev=0.207042, best fit=0.704700, best_overall=0.704700, mean_diversity=0.156793,
indivs=14046518, elapsed_secs=34839, mean=0.604398, stdev=0.106868, best fit=0.704700, best_overall=0.704700, mean_diversity=0.168268,
indivs=14056616, elapsed_secs=34864, mean=0.593956, stdev=0.059894, best fit=0.704700, best_overall=0.704700, mean_diversity=0.114074,
indivs=14066714, elapsed_secs=34896, mean=0.638805, stdev=0.119477, best fit=0.704700, best_overall=0.704700, mean_diversity=0.113377,
indivs=14076812, elapsed_secs=34924, mean=0.600082, stdev=0.126352, best fit=0.704700, best_overall=0.704700, mean_diversity=0.098308,
indivs=14086910, elapsed_secs=34956, mean=0.620073, stdev=0.088705, best fit=0.704700, best_overall=0.704700, mean_diversity=0.163658,
indivs=14097008, elapsed_secs=34986, mean=0.625500, stdev=0.150436, best fit=0.704700, best_overall=0.704700, mean_diversity=0.179927,
indivs=14107106, elapsed_secs=35004, mean=0.609743, stdev=0.056222, best fit=0.704700, best_overall=0.704700, mean_diversity=0.222308,
indivs=14117204, elapsed_secs=35032, mean=0.615041, stdev=0.191388, best fit=0.704700, best_overall=0.704700, mean_diversity=0.121996,
indivs=14127302, elapsed_secs=35067, mean=0.613825, stdev=0.086500, best fit=0.704700, best_overall=0.704700, mean_diversity=0.170264,
indivs=14137400, elapsed_secs=35083, mean=0.612377, stdev=0.107649, best fit=0.704700, best_overall=0.704700, mean_diversity=0.218036,
indivs=14147498, elapsed_secs=35099, mean=0.615294, stdev=0.102546, best fit=0.704700, best_overall=0.704700, mean_diversity=0.123437,
indivs=14157596, elapsed_secs=35122, mean=0.605201, stdev=0.068092, best fit=0.704700, best_overall=0.704700, mean_diversity=0.121869,
indivs=14167694, elapsed_secs=35154, mean=0.630343, stdev=0.058547, best fit=0.704700, best_overall=0.704700, mean_diversity=0.184650,
indivs=14177792, elapsed_secs=35182, mean=0.603749, stdev=0.088381, best fit=0.704700, best_overall=0.704700, mean_diversity=0.213884,
indivs=14187890, elapsed_secs=35204, mean=0.620770, stdev=0.088337, best fit=0.704700, best_overall=0.704700, mean_diversity=0.109790,
indivs=14197988, elapsed_secs=35223, mean=0.607512, stdev=0.116128, best fit=0.704700, best_overall=0.704700, mean_diversity=0.224151,
indivs=14208086, elapsed_secs=35242, mean=0.593310, stdev=0.101784, best fit=0.704700, best_overall=0.704700, mean_diversity=0.102616,
indivs=14218184, elapsed_secs=35270, mean=0.597533, stdev=0.148645, best fit=0.704700, best_overall=0.704700, mean_diversity=0.115821,
indivs=14228282, elapsed_secs=35325, mean=0.600027, stdev=0.086769, best fit=0.704700, best_overall=0.704700, mean_diversity=0.131165,
indivs=14238380, elapsed_secs=35352, mean=0.587305, stdev=0.157343, best fit=0.704700, best_overall=0.704700, mean_diversity=0.135778,
indivs=14248478, elapsed_secs=35371, mean=0.629842, stdev=0.101674, best fit=0.704700, best_overall=0.704700, mean_diversity=0.099691,
indivs=14258576, elapsed_secs=35384, mean=0.626788, stdev=0.077322, best fit=0.704700, best_overall=0.704700, mean_diversity=0.176879,
indivs=14268674, elapsed_secs=35402, mean=0.630897, stdev=0.108267, best fit=0.704700, best_overall=0.704700, mean_diversity=0.146242,
indivs=14278772, elapsed_secs=35429, mean=0.636110, stdev=0.138510, best fit=0.704700, best_overall=0.704700, mean_diversity=0.139313,
indivs=14288870, elapsed_secs=35459, mean=0.639703, stdev=0.082044, best fit=0.704700, best_overall=0.704700, mean_diversity=0.166015,
indivs=14298968, elapsed_secs=35477, mean=0.613513, stdev=0.056436, best fit=0.704700, best_overall=0.704700, mean_diversity=0.132601,
indivs=14309066, elapsed_secs=35494, mean=0.609075, stdev=0.076847, best fit=0.704700, best_overall=0.704700, mean_diversity=0.213006,
indivs=14319164, elapsed_secs=35523, mean=0.634405, stdev=0.083119, best fit=0.704700, best_overall=0.704700, mean_diversity=0.193929,
indivs=14329262, elapsed_secs=35547, mean=0.592349, stdev=0.066580, best fit=0.704700, best_overall=0.704700, mean_diversity=0.090977,
indivs=14339360, elapsed_secs=35569, mean=0.641728, stdev=0.072140, best fit=0.704700, best_overall=0.704700, mean_diversity=0.157687,
indivs=14349458, elapsed_secs=35591, mean=0.616352, stdev=0.075310, best fit=0.704700, best_overall=0.704700, mean_diversity=0.089011,
indivs=14359556, elapsed_secs=35612, mean=0.619186, stdev=0.071797, best fit=0.704700, best_overall=0.704700, mean_diversity=0.150000,
indivs=14369654, elapsed_secs=35638, mean=0.633521, stdev=0.108863, best fit=0.704700, best_overall=0.704700, mean_diversity=0.294188,
indivs=14379752, elapsed_secs=35656, mean=0.631761, stdev=0.134376, best fit=0.704700, best_overall=0.704700, mean_diversity=0.104463,
indivs=14389850, elapsed_secs=35676, mean=0.619312, stdev=0.086767, best fit=0.704700, best_overall=0.704700, mean_diversity=0.202764,
indivs=14399948, elapsed_secs=35696, mean=0.606270, stdev=0.107330, best fit=0.704700, best_overall=0.704700, mean_diversity=0.092033,
indivs=14410046, elapsed_secs=35709, mean=0.612289, stdev=0.063587, best fit=0.704700, best_overall=0.704700, mean_diversity=0.152103,
indivs=14420144, elapsed_secs=35738, mean=0.618107, stdev=0.149095, best fit=0.704700, best_overall=0.704700, mean_diversity=0.112696,
indivs=14430242, elapsed_secs=35761, mean=0.590457, stdev=0.121457, best fit=0.704700, best_overall=0.704700, mean_diversity=0.120858,
indivs=14440340, elapsed_secs=35791, mean=0.625219, stdev=0.111348, best fit=0.704700, best_overall=0.704700, mean_diversity=0.134082,
indivs=14450438, elapsed_secs=35822, mean=0.620664, stdev=0.063849, best fit=0.704700, best_overall=0.704700, mean_diversity=0.161950,
indivs=14460536, elapsed_secs=35849, mean=0.601654, stdev=0.064729, best fit=0.704700, best_overall=0.704700, mean_diversity=0.161790,
indivs=14470634, elapsed_secs=35868, mean=0.581014, stdev=0.135216, best fit=0.704700, best_overall=0.704700, mean_diversity=0.149564,
indivs=14480732, elapsed_secs=35894, mean=0.627517, stdev=0.106526, best fit=0.704700, best_overall=0.704700, mean_diversity=0.160171,
indivs=14490830, elapsed_secs=35910, mean=0.639971, stdev=0.085567, best fit=0.704700, best_overall=0.704700, mean_diversity=0.165538,
indivs=14500928, elapsed_secs=35935, mean=0.650340, stdev=0.079284, best fit=0.704700, best_overall=0.704700, mean_diversity=0.132545,
indivs=14511026, elapsed_secs=35969, mean=0.610846, stdev=0.160431, best fit=0.704700, best_overall=0.704700, mean_diversity=0.161945,
indivs=14521124, elapsed_secs=35987, mean=0.616246, stdev=0.145174, best fit=0.704700, best_overall=0.704700, mean_diversity=0.178029,
indivs=14531222, elapsed_secs=36008, mean=0.628045, stdev=0.138890, best fit=0.704700, best_overall=0.704700, mean_diversity=0.136180,
indivs=14541320, elapsed_secs=36027, mean=0.625778, stdev=0.102675, best fit=0.704700, best_overall=0.704700, mean_diversity=0.214429,
indivs=14551418, elapsed_secs=36038, mean=0.636549, stdev=0.110661, best fit=0.704700, best_overall=0.704700, mean_diversity=0.114359,
indivs=14561516, elapsed_secs=36062, mean=0.628519, stdev=0.115823, best fit=0.704700, best_overall=0.704700, mean_diversity=0.138797,
indivs=14571614, elapsed_secs=36091, mean=0.635309, stdev=0.117556, best fit=0.704700, best_overall=0.704700, mean_diversity=0.124683,
indivs=14581712, elapsed_secs=36114, mean=0.616432, stdev=0.150317, best fit=0.704700, best_overall=0.704700, mean_diversity=0.083478,
indivs=14591810, elapsed_secs=36145, mean=0.578095, stdev=0.143362, best fit=0.704700, best_overall=0.704700, mean_diversity=0.210854,
indivs=14601908, elapsed_secs=36167, mean=0.583006, stdev=0.124376, best fit=0.704700, best_overall=0.704700, mean_diversity=0.152958,
indivs=14612006, elapsed_secs=36201, mean=0.599820, stdev=0.068243, best fit=0.704700, best_overall=0.704700, mean_diversity=0.087112,
indivs=14622104, elapsed_secs=36232, mean=0.627149, stdev=0.109820, best fit=0.704700, best_overall=0.704700, mean_diversity=0.172754,
indivs=14632202, elapsed_secs=36257, mean=0.593632, stdev=0.132916, best fit=0.704700, best_overall=0.704700, mean_diversity=0.161494,
indivs=14642300, elapsed_secs=36283, mean=0.600008, stdev=0.088578, best fit=0.704700, best_overall=0.704700, mean_diversity=0.160792,
indivs=14652398, elapsed_secs=36305, mean=0.616629, stdev=0.099696, best fit=0.704700, best_overall=0.704700, mean_diversity=0.116570,
indivs=14662496, elapsed_secs=36328, mean=0.614175, stdev=0.068176, best fit=0.704700, best_overall=0.704700, mean_diversity=0.102933,
indivs=14672594, elapsed_secs=36355, mean=0.600415, stdev=0.172914, best fit=0.704700, best_overall=0.704700, mean_diversity=0.136120,
indivs=14682692, elapsed_secs=36382, mean=0.588079, stdev=0.143816, best fit=0.704700, best_overall=0.704700, mean_diversity=0.120124,
indivs=14692790, elapsed_secs=36408, mean=0.613673, stdev=0.172438, best fit=0.704700, best_overall=0.704700, mean_diversity=0.113946,
indivs=14702888, elapsed_secs=36432, mean=0.618272, stdev=0.096807, best fit=0.704700, best_overall=0.704700, mean_diversity=0.126816,
indivs=14712986, elapsed_secs=36459, mean=0.600888, stdev=0.104923, best fit=0.704700, best_overall=0.704700, mean_diversity=0.176587,
indivs=14723084, elapsed_secs=36488, mean=0.601593, stdev=0.086059, best fit=0.704700, best_overall=0.704700, mean_diversity=0.125227,
indivs=14733182, elapsed_secs=36511, mean=0.626755, stdev=0.099109, best fit=0.704700, best_overall=0.704700, mean_diversity=0.121400,
indivs=14743280, elapsed_secs=36536, mean=0.653763, stdev=0.091898, best fit=0.704700, best_overall=0.704700, mean_diversity=0.162582,
indivs=14753378, elapsed_secs=36566, mean=0.621956, stdev=0.076218, best fit=0.704700, best_overall=0.704700, mean_diversity=0.156946,
indivs=14763476, elapsed_secs=36597, mean=0.633227, stdev=0.103545, best fit=0.704700, best_overall=0.704700, mean_diversity=0.150882,
indivs=14773574, elapsed_secs=36632, mean=0.634647, stdev=0.107741, best fit=0.704700, best_overall=0.704700, mean_diversity=0.157778,
indivs=14783672, elapsed_secs=36668, mean=0.643406, stdev=0.082130, best fit=0.704700, best_overall=0.704700, mean_diversity=0.148289,
indivs=14793770, elapsed_secs=36697, mean=0.632266, stdev=0.124661, best fit=0.704700, best_overall=0.704700, mean_diversity=0.162246,
indivs=14803868, elapsed_secs=36727, mean=0.652920, stdev=0.077345, best fit=0.704700, best_overall=0.704700, mean_diversity=0.161761,
indivs=14813966, elapsed_secs=36756, mean=0.639534, stdev=0.102492, best fit=0.704700, best_overall=0.704700, mean_diversity=0.140724,
indivs=14824064, elapsed_secs=36800, mean=0.622159, stdev=0.125623, best fit=0.704700, best_overall=0.704700, mean_diversity=0.094028,
indivs=14834162, elapsed_secs=36834, mean=0.598238, stdev=0.074867, best fit=0.704700, best_overall=0.704700, mean_diversity=0.261179,
indivs=14844260, elapsed_secs=36862, mean=0.603360, stdev=0.091492, best fit=0.704700, best_overall=0.704700, mean_diversity=0.176160,
indivs=14854358, elapsed_secs=36893, mean=0.632332, stdev=0.107673, best fit=0.704700, best_overall=0.704700, mean_diversity=0.257554,
indivs=14864456, elapsed_secs=36940, mean=0.616018, stdev=0.065544, best fit=0.704700, best_overall=0.704700, mean_diversity=0.131343,
indivs=14874554, elapsed_secs=36979, mean=0.608240, stdev=0.068204, best fit=0.704700, best_overall=0.704700, mean_diversity=0.189263,
indivs=14884652, elapsed_secs=37014, mean=0.626397, stdev=0.152569, best fit=0.704700, best_overall=0.704700, mean_diversity=0.094009,
indivs=14894750, elapsed_secs=37046, mean=0.628654, stdev=0.099314, best fit=0.704700, best_overall=0.704700, mean_diversity=0.143900,
indivs=14904848, elapsed_secs=37069, mean=0.641529, stdev=0.105071, best fit=0.704700, best_overall=0.704700, mean_diversity=0.136242,
indivs=14914946, elapsed_secs=37099, mean=0.609986, stdev=0.115484, best fit=0.704700, best_overall=0.704700, mean_diversity=0.121625,
indivs=14925044, elapsed_secs=37133, mean=0.617915, stdev=0.162137, best fit=0.704700, best_overall=0.704700, mean_diversity=0.155506,
indivs=14935142, elapsed_secs=37157, mean=0.621562, stdev=0.111124, best fit=0.704700, best_overall=0.704700, mean_diversity=0.321176,
indivs=14945240, elapsed_secs=37183, mean=0.604480, stdev=0.110850, best fit=0.704700, best_overall=0.704700, mean_diversity=0.192124,
indivs=14955338, elapsed_secs=37202, mean=0.634946, stdev=0.105623, best fit=0.704700, best_overall=0.704700, mean_diversity=0.133659,
indivs=14965436, elapsed_secs=37227, mean=0.603535, stdev=0.058478, best fit=0.704700, best_overall=0.704700, mean_diversity=0.084131,
indivs=14975534, elapsed_secs=37257, mean=0.578644, stdev=0.139948, best fit=0.704700, best_overall=0.704700, mean_diversity=0.115396,
indivs=14985632, elapsed_secs=37282, mean=0.628788, stdev=0.122257, best fit=0.704700, best_overall=0.704700, mean_diversity=0.114025,
indivs=14995730, elapsed_secs=37314, mean=0.620854, stdev=0.138607, best fit=0.704700, best_overall=0.704700, mean_diversity=0.125163,
indivs=15005828, elapsed_secs=37334, mean=0.641415, stdev=0.105780, best fit=0.704700, best_overall=0.704700, mean_diversity=0.115579,
indivs=15015926, elapsed_secs=37350, mean=0.617481, stdev=0.068125, best fit=0.704700, best_overall=0.704700, mean_diversity=0.163764,
indivs=15026024, elapsed_secs=37369, mean=0.631116, stdev=0.129495, best fit=0.704700, best_overall=0.704700, mean_diversity=0.150319,
indivs=15036122, elapsed_secs=37381, mean=0.603035, stdev=0.085961, best fit=0.704700, best_overall=0.704700, mean_diversity=0.161362,
indivs=15046220, elapsed_secs=37406, mean=0.639987, stdev=0.105590, best fit=0.704700, best_overall=0.704700, mean_diversity=0.126205,
indivs=15056318, elapsed_secs=37426, mean=0.623530, stdev=0.076280, best fit=0.704700, best_overall=0.704700, mean_diversity=0.173735,
indivs=15066416, elapsed_secs=37445, mean=0.591464, stdev=0.066476, best fit=0.704700, best_overall=0.704700, mean_diversity=0.120102,
indivs=15076514, elapsed_secs=37463, mean=0.594615, stdev=0.182550, best fit=0.704700, best_overall=0.704700, mean_diversity=0.137004,
indivs=15086612, elapsed_secs=37489, mean=0.630599, stdev=0.108618, best fit=0.704700, best_overall=0.704700, mean_diversity=0.162845,
indivs=15096710, elapsed_secs=37508, mean=0.589800, stdev=0.088256, best fit=0.704700, best_overall=0.704700, mean_diversity=0.160548,
indivs=15106808, elapsed_secs=37538, mean=0.611669, stdev=0.075913, best fit=0.704700, best_overall=0.704700, mean_diversity=0.153826,
indivs=15116906, elapsed_secs=37560, mean=0.626302, stdev=0.104368, best fit=0.704700, best_overall=0.704700, mean_diversity=0.141805,
indivs=15127004, elapsed_secs=37584, mean=0.661773, stdev=0.071329, best fit=0.704700, best_overall=0.704700, mean_diversity=0.138307,
indivs=15137102, elapsed_secs=37612, mean=0.597307, stdev=0.080215, best fit=0.704700, best_overall=0.704700, mean_diversity=0.144447,
indivs=15147200, elapsed_secs=37646, mean=0.634646, stdev=0.107849, best fit=0.704700, best_overall=0.704700, mean_diversity=0.112447,
indivs=15157298, elapsed_secs=37685, mean=0.648457, stdev=0.101868, best fit=0.704700, best_overall=0.704700, mean_diversity=0.164628,
indivs=15167396, elapsed_secs=37711, mean=0.568763, stdev=0.137914, best fit=0.704700, best_overall=0.704700, mean_diversity=0.175890,
indivs=15177494, elapsed_secs=37733, mean=0.637596, stdev=0.078289, best fit=0.704700, best_overall=0.704700, mean_diversity=0.130163,
indivs=15187592, elapsed_secs=37760, mean=0.615583, stdev=0.162467, best fit=0.704700, best_overall=0.704700, mean_diversity=0.133796,
indivs=15197690, elapsed_secs=37787, mean=0.637317, stdev=0.066674, best fit=0.704700, best_overall=0.704700, mean_diversity=0.170300,
indivs=15207788, elapsed_secs=37817, mean=0.622446, stdev=0.109479, best fit=0.704700, best_overall=0.704700, mean_diversity=0.127179,
indivs=15217886, elapsed_secs=37853, mean=0.616340, stdev=0.113649, best fit=0.704700, best_overall=0.704700, mean_diversity=0.138508,
indivs=15227984, elapsed_secs=37874, mean=0.631680, stdev=0.106522, best fit=0.704700, best_overall=0.704700, mean_diversity=0.211338,
indivs=15238082, elapsed_secs=37905, mean=0.628531, stdev=0.138276, best fit=0.704700, best_overall=0.704700, mean_diversity=0.101652,
indivs=15248180, elapsed_secs=37928, mean=0.608010, stdev=0.080567, best fit=0.704700, best_overall=0.704700, mean_diversity=0.172324,
indivs=15258278, elapsed_secs=37947, mean=0.612292, stdev=0.057745, best fit=0.704700, best_overall=0.704700, mean_diversity=0.168608,
indivs=15268376, elapsed_secs=37974, mean=0.642409, stdev=0.067837, best fit=0.704700, best_overall=0.704700, mean_diversity=0.171450,
indivs=15278474, elapsed_secs=38007, mean=0.605136, stdev=0.087630, best fit=0.704700, best_overall=0.704700, mean_diversity=0.196607,
indivs=15288572, elapsed_secs=38026, mean=0.616734, stdev=0.100428, best fit=0.704700, best_overall=0.704700, mean_diversity=0.135737,
indivs=15298670, elapsed_secs=38049, mean=0.612651, stdev=0.082425, best fit=0.704700, best_overall=0.704700, mean_diversity=0.109713,
indivs=15308768, elapsed_secs=38077, mean=0.642207, stdev=0.102839, best fit=0.704700, best_overall=0.704700, mean_diversity=0.092781,
indivs=15318866, elapsed_secs=38091, mean=0.586656, stdev=0.105492, best fit=0.704700, best_overall=0.704700, mean_diversity=0.140082,
indivs=15328964, elapsed_secs=38113, mean=0.604820, stdev=0.160676, best fit=0.704700, best_overall=0.704700, mean_diversity=0.102428,
indivs=15339062, elapsed_secs=38134, mean=0.640810, stdev=0.123213, best fit=0.704700, best_overall=0.704700, mean_diversity=0.106278,
indivs=15349160, elapsed_secs=38166, mean=0.645092, stdev=0.100854, best fit=0.704700, best_overall=0.704700, mean_diversity=0.182648,
indivs=15359258, elapsed_secs=38197, mean=0.632107, stdev=0.089125, best fit=0.704700, best_overall=0.704700, mean_diversity=0.149071,
indivs=15369356, elapsed_secs=38223, mean=0.613663, stdev=0.089604, best fit=0.704700, best_overall=0.704700, mean_diversity=0.127796,
indivs=15379454, elapsed_secs=38243, mean=0.625866, stdev=0.118836, best fit=0.704700, best_overall=0.704700, mean_diversity=0.136538,
indivs=15389552, elapsed_secs=38264, mean=0.644940, stdev=0.103015, best fit=0.704700, best_overall=0.704700, mean_diversity=0.127043,
indivs=15399650, elapsed_secs=38286, mean=0.650072, stdev=0.115631, best fit=0.704700, best_overall=0.704700, mean_diversity=0.113438,
indivs=15409748, elapsed_secs=38307, mean=0.639977, stdev=0.083520, best fit=0.704700, best_overall=0.704700, mean_diversity=0.143152,
indivs=15419846, elapsed_secs=38333, mean=0.618294, stdev=0.095868, best fit=0.704700, best_overall=0.704700, mean_diversity=0.197690,
indivs=15429944, elapsed_secs=38350, mean=0.633654, stdev=0.106580, best fit=0.704700, best_overall=0.704700, mean_diversity=0.170444,
indivs=15440042, elapsed_secs=38369, mean=0.651303, stdev=0.098568, best fit=0.704700, best_overall=0.704700, mean_diversity=0.117323,
indivs=15450140, elapsed_secs=38401, mean=0.636931, stdev=0.120070, best fit=0.704700, best_overall=0.704700, mean_diversity=0.175032,
indivs=15460238, elapsed_secs=38426, mean=0.610200, stdev=0.071314, best fit=0.704700, best_overall=0.704700, mean_diversity=0.164000,
indivs=15470336, elapsed_secs=38444, mean=0.620885, stdev=0.115390, best fit=0.704700, best_overall=0.704700, mean_diversity=0.205572,
indivs=15480434, elapsed_secs=38469, mean=0.611449, stdev=0.146939, best fit=0.704700, best_overall=0.704700, mean_diversity=0.128294,
indivs=15490532, elapsed_secs=38496, mean=0.596636, stdev=0.080314, best fit=0.704700, best_overall=0.704700, mean_diversity=0.122101,
indivs=15500630, elapsed_secs=38527, mean=0.613326, stdev=0.082523, best fit=0.704700, best_overall=0.704700, mean_diversity=0.182288,
indivs=15510728, elapsed_secs=38557, mean=0.613138, stdev=0.062776, best fit=0.704700, best_overall=0.704700, mean_diversity=0.100405,
indivs=15520826, elapsed_secs=38582, mean=0.621893, stdev=0.139139, best fit=0.704700, best_overall=0.704700, mean_diversity=0.169884,
indivs=15530924, elapsed_secs=38607, mean=0.609797, stdev=0.113513, best fit=0.704700, best_overall=0.704700, mean_diversity=0.142373,
indivs=15541022, elapsed_secs=38631, mean=0.636306, stdev=0.146077, best fit=0.704700, best_overall=0.704700, mean_diversity=0.153648,
indivs=15551120, elapsed_secs=38657, mean=0.612696, stdev=0.101718, best fit=0.704700, best_overall=0.704700, mean_diversity=0.128307,
indivs=15561218, elapsed_secs=38685, mean=0.616612, stdev=0.121194, best fit=0.704700, best_overall=0.704700, mean_diversity=0.148942,
indivs=15571316, elapsed_secs=38728, mean=0.611110, stdev=0.069570, best fit=0.704700, best_overall=0.704700, mean_diversity=0.127563,
indivs=15581414, elapsed_secs=38754, mean=0.632201, stdev=0.108611, best fit=0.704700, best_overall=0.704700, mean_diversity=0.121436,
indivs=15591512, elapsed_secs=38783, mean=0.615486, stdev=0.052770, best fit=0.704700, best_overall=0.704700, mean_diversity=0.144311,
indivs=15601610, elapsed_secs=38822, mean=0.623526, stdev=0.079681, best fit=0.704700, best_overall=0.704700, mean_diversity=0.155696,
indivs=15611708, elapsed_secs=38850, mean=0.631101, stdev=0.085842, best fit=0.704700, best_overall=0.704700, mean_diversity=0.144926,
indivs=15621806, elapsed_secs=38881, mean=0.623054, stdev=0.092746, best fit=0.704700, best_overall=0.704700, mean_diversity=0.148981,
indivs=15631904, elapsed_secs=38907, mean=0.613261, stdev=0.087598, best fit=0.704700, best_overall=0.704700, mean_diversity=0.144378,
indivs=15642002, elapsed_secs=38943, mean=0.637838, stdev=0.105166, best fit=0.704700, best_overall=0.704700, mean_diversity=0.136398,
indivs=15652100, elapsed_secs=38963, mean=0.610932, stdev=0.062956, best fit=0.704700, best_overall=0.704700, mean_diversity=0.100684,
indivs=15662198, elapsed_secs=38996, mean=0.607858, stdev=0.156700, best fit=0.704700, best_overall=0.704700, mean_diversity=0.131505,
indivs=15672296, elapsed_secs=39022, mean=0.634047, stdev=0.131256, best fit=0.704700, best_overall=0.704700, mean_diversity=0.097712,
indivs=15682394, elapsed_secs=39047, mean=0.610785, stdev=0.079811, best fit=0.704700, best_overall=0.704700, mean_diversity=0.139902,
indivs=15692492, elapsed_secs=39079, mean=0.625854, stdev=0.073989, best fit=0.704700, best_overall=0.704700, mean_diversity=0.117200,
indivs=15702590, elapsed_secs=39112, mean=0.625016, stdev=0.074810, best fit=0.704700, best_overall=0.704700, mean_diversity=0.197887,
indivs=15712688, elapsed_secs=39132, mean=0.653367, stdev=0.095406, best fit=0.704700, best_overall=0.704700, mean_diversity=0.155798,
indivs=15722786, elapsed_secs=39147, mean=0.608041, stdev=0.122033, best fit=0.704700, best_overall=0.704700, mean_diversity=0.170351,
indivs=15732884, elapsed_secs=39178, mean=0.636447, stdev=0.058247, best fit=0.704700, best_overall=0.704700, mean_diversity=0.196021,
indivs=15742982, elapsed_secs=39202, mean=0.643003, stdev=0.083061, best fit=0.704700, best_overall=0.704700, mean_diversity=0.161946,
indivs=15753080, elapsed_secs=39220, mean=0.633651, stdev=0.113509, best fit=0.704700, best_overall=0.704700, mean_diversity=0.133622,
indivs=15763178, elapsed_secs=39245, mean=0.634906, stdev=0.120459, best fit=0.704700, best_overall=0.704700, mean_diversity=0.122492,
indivs=15773276, elapsed_secs=39262, mean=0.625414, stdev=0.103261, best fit=0.704700, best_overall=0.704700, mean_diversity=0.167299,
indivs=15783374, elapsed_secs=39293, mean=0.585048, stdev=0.147156, best fit=0.704700, best_overall=0.704700, mean_diversity=0.133416,
indivs=15793472, elapsed_secs=39347, mean=0.604266, stdev=0.183133, best fit=0.704700, best_overall=0.704700, mean_diversity=0.205429,
indivs=15803570, elapsed_secs=39371, mean=0.597390, stdev=0.120207, best fit=0.704700, best_overall=0.704700, mean_diversity=0.128642,
indivs=15813668, elapsed_secs=39408, mean=0.584784, stdev=0.123884, best fit=0.704700, best_overall=0.704700, mean_diversity=0.134262,
indivs=15823766, elapsed_secs=39443, mean=0.636635, stdev=0.127932, best fit=0.704700, best_overall=0.704700, mean_diversity=0.175947,
indivs=15833864, elapsed_secs=39475, mean=0.596011, stdev=0.122573, best fit=0.704700, best_overall=0.704700, mean_diversity=0.163243,
indivs=15843962, elapsed_secs=39502, mean=0.594050, stdev=0.106692, best fit=0.704700, best_overall=0.704700, mean_diversity=0.137363,
indivs=15854060, elapsed_secs=39528, mean=0.622208, stdev=0.161504, best fit=0.704700, best_overall=0.704700, mean_diversity=0.178128,
indivs=15864158, elapsed_secs=39546, mean=0.642214, stdev=0.082777, best fit=0.704700, best_overall=0.704700, mean_diversity=0.115531,
indivs=15874256, elapsed_secs=39572, mean=0.605115, stdev=0.088720, best fit=0.704700, best_overall=0.704700, mean_diversity=0.076558,
indivs=15884354, elapsed_secs=39601, mean=0.608827, stdev=0.084829, best fit=0.704700, best_overall=0.704700, mean_diversity=0.166561,
indivs=15894452, elapsed_secs=39619, mean=0.615343, stdev=0.150471, best fit=0.704700, best_overall=0.704700, mean_diversity=0.161600,
indivs=15904550, elapsed_secs=39645, mean=0.616721, stdev=0.115163, best fit=0.704700, best_overall=0.704700, mean_diversity=0.191319,
indivs=15914648, elapsed_secs=39671, mean=0.621034, stdev=0.137840, best fit=0.704700, best_overall=0.704700, mean_diversity=0.124591,
indivs=15924746, elapsed_secs=39700, mean=0.625061, stdev=0.078895, best fit=0.704700, best_overall=0.704700, mean_diversity=0.167404,
indivs=15934844, elapsed_secs=39726, mean=0.596884, stdev=0.146761, best fit=0.704700, best_overall=0.704700, mean_diversity=0.126742,
indivs=15944942, elapsed_secs=39761, mean=0.636666, stdev=0.122638, best fit=0.704700, best_overall=0.704700, mean_diversity=0.149819,
indivs=15955040, elapsed_secs=39790, mean=0.619741, stdev=0.073928, best fit=0.704700, best_overall=0.704700, mean_diversity=0.155684,
indivs=15965138, elapsed_secs=39815, mean=0.635859, stdev=0.100901, best fit=0.704700, best_overall=0.704700, mean_diversity=0.107674,
indivs=15975236, elapsed_secs=39843, mean=0.621779, stdev=0.065120, best fit=0.704700, best_overall=0.704700, mean_diversity=0.113723,
indivs=15985334, elapsed_secs=39869, mean=0.610304, stdev=0.064995, best fit=0.704700, best_overall=0.704700, mean_diversity=0.116139,
indivs=15995432, elapsed_secs=39905, mean=0.625105, stdev=0.101836, best fit=0.704700, best_overall=0.704700, mean_diversity=0.141895,
Experiment done. Retrieving candidate algorithm.
Search fitness for candidate algorithm = 0.704700
Evaluating candidate algorithm from experiment (on T_select tasks)... 
Select fitness for candidate algorithm = 0.690600
Select fitness is the best so far. 

Final evaluation of best algorithm (on unseen tasks)...
Final evaluation fitness (on unseen data) = 0.687390
Algorithm found: 
def Setup():
  v8 = uniform(0.664421, -0.378324, n_features)
def Predict():
  s1 = dot(v0, v5)
  s1 = dot(v2, v0)
  v7 = v8 + v7
  v3 = dot(m0, v7)
  v2 = v6 + v5
  s1 = s3 + s1
def Learn():
  v5 = v5 + v4
  v3 = s0 * v1
  v5 = heaviside(v5, 1.0)
  s4 = s0 * s3
  v2 = v2 + v7
  s2 = s0 * s1
  v6 = v2 + v3
  m1 = outer(v5, v6)
  v4 = v7 + v1
  v3 = heaviside(v0, 1.0)
  v2 = v7 + v3
  v1 = heaviside(v5, 1.0)
  s2 = s2 - s4
  s4 = s0 - s1
  v8 = v6 + v7
  s3 = s2 + s3
  v8 = s4 * v0
  s2 = s1 + s4

