Random seed = 3869302107
/p/work/rditljtd/automl_zero/baseline_full.db3
evol_id:74211
SQLite Version: 3.4.0

Creating database for run.
/p/work/rditljtd/automl_zero/baseline_full.db3
Running evolution experiment (on the T_search tasks)...
indivs=200, elapsed_secs=0, mean=0.500000, stdev=0.000000, best fit=0.500000, best_overall=0.500000, mean_diversity=0.000000,
indivs=10298, elapsed_secs=5, mean=0.526210, stdev=0.025350, best fit=0.577200, best_overall=0.577200, mean_diversity=0.157467,
indivs=20396, elapsed_secs=12, mean=0.523174, stdev=0.027593, best fit=0.577200, best_overall=0.577200, mean_diversity=0.242312,
indivs=30494, elapsed_secs=17, mean=0.536673, stdev=0.024423, best fit=0.577200, best_overall=0.577200, mean_diversity=0.202206,
indivs=40592, elapsed_secs=24, mean=0.537367, stdev=0.036077, best fit=0.577900, best_overall=0.577900, mean_diversity=0.196502,
indivs=50690, elapsed_secs=41, mean=0.531243, stdev=0.024544, best fit=0.577900, best_overall=0.577900, mean_diversity=0.104865,
indivs=60788, elapsed_secs=48, mean=0.541534, stdev=0.034028, best fit=0.577900, best_overall=0.577900, mean_diversity=0.232723,
indivs=70886, elapsed_secs=57, mean=0.524186, stdev=0.020269, best fit=0.577900, best_overall=0.577900, mean_diversity=0.115232,
indivs=80984, elapsed_secs=63, mean=0.527205, stdev=0.024661, best fit=0.577900, best_overall=0.577900, mean_diversity=0.205205,
indivs=91082, elapsed_secs=71, mean=0.513006, stdev=0.022103, best fit=0.577900, best_overall=0.577900, mean_diversity=0.150932,
indivs=101180, elapsed_secs=77, mean=0.541641, stdev=0.036553, best fit=0.577900, best_overall=0.577900, mean_diversity=0.198087,
indivs=111278, elapsed_secs=84, mean=0.516300, stdev=0.026356, best fit=0.577900, best_overall=0.577900, mean_diversity=0.128586,
indivs=121376, elapsed_secs=92, mean=0.544091, stdev=0.033106, best fit=0.577900, best_overall=0.577900, mean_diversity=0.240000,
indivs=131474, elapsed_secs=100, mean=0.525579, stdev=0.027310, best fit=0.577900, best_overall=0.577900, mean_diversity=0.122903,
indivs=141572, elapsed_secs=107, mean=0.518799, stdev=0.018026, best fit=0.577900, best_overall=0.577900, mean_diversity=0.156946,
indivs=151670, elapsed_secs=115, mean=0.531574, stdev=0.026634, best fit=0.577900, best_overall=0.577900, mean_diversity=0.203427,
indivs=161768, elapsed_secs=123, mean=0.536102, stdev=0.035456, best fit=0.577900, best_overall=0.577900, mean_diversity=0.117315,
indivs=171866, elapsed_secs=134, mean=0.520854, stdev=0.026360, best fit=0.577900, best_overall=0.577900, mean_diversity=0.262281,
indivs=181964, elapsed_secs=143, mean=0.529268, stdev=0.060323, best fit=0.577900, best_overall=0.577900, mean_diversity=0.150929,
indivs=192062, elapsed_secs=152, mean=0.534351, stdev=0.020823, best fit=0.577900, best_overall=0.577900, mean_diversity=0.099607,
indivs=202160, elapsed_secs=158, mean=0.518436, stdev=0.017487, best fit=0.577900, best_overall=0.577900, mean_diversity=0.076726,
indivs=212258, elapsed_secs=164, mean=0.521754, stdev=0.019830, best fit=0.577900, best_overall=0.577900, mean_diversity=0.230330,
indivs=222356, elapsed_secs=175, mean=0.532430, stdev=0.066416, best fit=0.583900, best_overall=0.583900, mean_diversity=0.162308,
indivs=232454, elapsed_secs=192, mean=0.592852, stdev=0.124361, best fit=0.668900, best_overall=0.668900, mean_diversity=0.205482,
indivs=242552, elapsed_secs=205, mean=0.590592, stdev=0.074021, best fit=0.669000, best_overall=0.669000, mean_diversity=0.186700,
indivs=252650, elapsed_secs=221, mean=0.580211, stdev=0.098597, best fit=0.669200, best_overall=0.669200, mean_diversity=0.188132,
indivs=262748, elapsed_secs=232, mean=0.607523, stdev=0.101691, best fit=0.671300, best_overall=0.671300, mean_diversity=0.171945,
indivs=272846, elapsed_secs=246, mean=0.512900, stdev=0.035805, best fit=0.671400, best_overall=0.671400, mean_diversity=0.103181,
indivs=282944, elapsed_secs=259, mean=0.602080, stdev=0.061467, best fit=0.671400, best_overall=0.671400, mean_diversity=0.163242,
indivs=293042, elapsed_secs=270, mean=0.578365, stdev=0.082172, best fit=0.671400, best_overall=0.671400, mean_diversity=0.106355,
indivs=303140, elapsed_secs=283, mean=0.593945, stdev=0.096611, best fit=0.671600, best_overall=0.671600, mean_diversity=0.109842,
indivs=313238, elapsed_secs=298, mean=0.534060, stdev=0.097318, best fit=0.671600, best_overall=0.671600, mean_diversity=0.160673,
indivs=323336, elapsed_secs=311, mean=0.578411, stdev=0.145173, best fit=0.671600, best_overall=0.671600, mean_diversity=0.207540,
indivs=333434, elapsed_secs=322, mean=0.631423, stdev=0.076895, best fit=0.671600, best_overall=0.671600, mean_diversity=0.122352,
indivs=343532, elapsed_secs=335, mean=0.607337, stdev=0.145054, best fit=0.672200, best_overall=0.672200, mean_diversity=0.095638,
indivs=353630, elapsed_secs=354, mean=0.635913, stdev=0.099413, best fit=0.672200, best_overall=0.672200, mean_diversity=0.159966,
indivs=363728, elapsed_secs=366, mean=0.522038, stdev=0.140647, best fit=0.673500, best_overall=0.673500, mean_diversity=0.190565,
indivs=373826, elapsed_secs=379, mean=0.626277, stdev=0.075938, best fit=0.673500, best_overall=0.673500, mean_diversity=0.118084,
indivs=383924, elapsed_secs=393, mean=0.585436, stdev=0.101867, best fit=0.673500, best_overall=0.673500, mean_diversity=0.149875,
indivs=394022, elapsed_secs=406, mean=0.620562, stdev=0.095538, best fit=0.673500, best_overall=0.673500, mean_diversity=0.156117,
indivs=404120, elapsed_secs=419, mean=0.577545, stdev=0.079440, best fit=0.674100, best_overall=0.674100, mean_diversity=0.183675,
indivs=414218, elapsed_secs=434, mean=0.596874, stdev=0.067136, best fit=0.674100, best_overall=0.674100, mean_diversity=0.116302,
indivs=424316, elapsed_secs=448, mean=0.625605, stdev=0.087100, best fit=0.674100, best_overall=0.674100, mean_diversity=0.209840,
indivs=434414, elapsed_secs=466, mean=0.611493, stdev=0.095994, best fit=0.674100, best_overall=0.674100, mean_diversity=0.213924,
indivs=444512, elapsed_secs=483, mean=0.588104, stdev=0.136325, best fit=0.674100, best_overall=0.674100, mean_diversity=0.185000,
indivs=454610, elapsed_secs=498, mean=0.566986, stdev=0.128377, best fit=0.674100, best_overall=0.674100, mean_diversity=0.103723,
indivs=464708, elapsed_secs=514, mean=0.577945, stdev=0.058920, best fit=0.675300, best_overall=0.675300, mean_diversity=0.236955,
indivs=474806, elapsed_secs=531, mean=0.534332, stdev=0.150264, best fit=0.675300, best_overall=0.675300, mean_diversity=0.103977,
indivs=484904, elapsed_secs=544, mean=0.601463, stdev=0.105187, best fit=0.675300, best_overall=0.675300, mean_diversity=0.141815,
indivs=495002, elapsed_secs=564, mean=0.535504, stdev=0.162966, best fit=0.675300, best_overall=0.675300, mean_diversity=0.114672,
indivs=505100, elapsed_secs=580, mean=0.499974, stdev=0.136288, best fit=0.675300, best_overall=0.675300, mean_diversity=0.103296,
indivs=515198, elapsed_secs=593, mean=0.592193, stdev=0.119223, best fit=0.675300, best_overall=0.675300, mean_diversity=0.132968,
indivs=525296, elapsed_secs=608, mean=0.583109, stdev=0.120180, best fit=0.675300, best_overall=0.675300, mean_diversity=0.164777,
indivs=535394, elapsed_secs=623, mean=0.562580, stdev=0.152385, best fit=0.675300, best_overall=0.675300, mean_diversity=0.098425,
indivs=545492, elapsed_secs=638, mean=0.578870, stdev=0.152553, best fit=0.675300, best_overall=0.675300, mean_diversity=0.071893,
indivs=555590, elapsed_secs=653, mean=0.586636, stdev=0.138829, best fit=0.675300, best_overall=0.675300, mean_diversity=0.271632,
indivs=565688, elapsed_secs=666, mean=0.633837, stdev=0.095619, best fit=0.675300, best_overall=0.675300, mean_diversity=0.068198,
indivs=575786, elapsed_secs=681, mean=0.603975, stdev=0.079088, best fit=0.675300, best_overall=0.675300, mean_diversity=0.150054,
indivs=585884, elapsed_secs=698, mean=0.574628, stdev=0.097280, best fit=0.675300, best_overall=0.675300, mean_diversity=0.081957,
indivs=595982, elapsed_secs=712, mean=0.604771, stdev=0.145838, best fit=0.675300, best_overall=0.675300, mean_diversity=0.103659,
indivs=606080, elapsed_secs=726, mean=0.574145, stdev=0.077342, best fit=0.675300, best_overall=0.675300, mean_diversity=0.103515,
indivs=616178, elapsed_secs=743, mean=0.613588, stdev=0.111366, best fit=0.675300, best_overall=0.675300, mean_diversity=0.124444,
indivs=626276, elapsed_secs=755, mean=0.518200, stdev=0.108513, best fit=0.675300, best_overall=0.675300, mean_diversity=0.174279,
indivs=636374, elapsed_secs=768, mean=0.586984, stdev=0.083916, best fit=0.675300, best_overall=0.675300, mean_diversity=0.120680,
indivs=646472, elapsed_secs=782, mean=0.588079, stdev=0.173791, best fit=0.675300, best_overall=0.675300, mean_diversity=0.090782,
indivs=656570, elapsed_secs=796, mean=0.622514, stdev=0.079211, best fit=0.675300, best_overall=0.675300, mean_diversity=0.137640,
indivs=666668, elapsed_secs=809, mean=0.528457, stdev=0.126548, best fit=0.675300, best_overall=0.675300, mean_diversity=0.081193,
indivs=676766, elapsed_secs=822, mean=0.559636, stdev=0.099627, best fit=0.675300, best_overall=0.675300, mean_diversity=0.245274,
indivs=686864, elapsed_secs=836, mean=0.571682, stdev=0.073157, best fit=0.675300, best_overall=0.675300, mean_diversity=0.113518,
indivs=696962, elapsed_secs=851, mean=0.606948, stdev=0.106663, best fit=0.675300, best_overall=0.675300, mean_diversity=0.265356,
indivs=707060, elapsed_secs=868, mean=0.574826, stdev=0.085657, best fit=0.675300, best_overall=0.675300, mean_diversity=0.137697,
indivs=717158, elapsed_secs=901, mean=0.604786, stdev=0.150007, best fit=0.675300, best_overall=0.675300, mean_diversity=0.137005,
indivs=727256, elapsed_secs=935, mean=0.567196, stdev=0.128830, best fit=0.675300, best_overall=0.675300, mean_diversity=0.152642,
indivs=737354, elapsed_secs=949, mean=0.593838, stdev=0.128487, best fit=0.675300, best_overall=0.675300, mean_diversity=0.208807,
indivs=747452, elapsed_secs=961, mean=0.607559, stdev=0.129567, best fit=0.675300, best_overall=0.675300, mean_diversity=0.128457,
indivs=757550, elapsed_secs=978, mean=0.506409, stdev=0.081970, best fit=0.675300, best_overall=0.675300, mean_diversity=0.143151,
indivs=767648, elapsed_secs=992, mean=0.546006, stdev=0.107368, best fit=0.675300, best_overall=0.675300, mean_diversity=0.201258,
indivs=777746, elapsed_secs=1005, mean=0.588053, stdev=0.087115, best fit=0.675300, best_overall=0.675300, mean_diversity=0.120593,
indivs=787844, elapsed_secs=1018, mean=0.502038, stdev=0.107684, best fit=0.675300, best_overall=0.675300, mean_diversity=0.103625,
indivs=797942, elapsed_secs=1037, mean=0.597623, stdev=0.152386, best fit=0.675300, best_overall=0.675300, mean_diversity=0.090076,
indivs=808040, elapsed_secs=1050, mean=0.615560, stdev=0.072280, best fit=0.675300, best_overall=0.675300, mean_diversity=0.143801,
indivs=818138, elapsed_secs=1064, mean=0.570071, stdev=0.115618, best fit=0.675300, best_overall=0.675300, mean_diversity=0.112571,
indivs=828236, elapsed_secs=1077, mean=0.595684, stdev=0.058340, best fit=0.675300, best_overall=0.675300, mean_diversity=0.188127,
indivs=838334, elapsed_secs=1089, mean=0.516096, stdev=0.124133, best fit=0.675300, best_overall=0.675300, mean_diversity=0.135996,
indivs=848432, elapsed_secs=1102, mean=0.582913, stdev=0.100560, best fit=0.675300, best_overall=0.675300, mean_diversity=0.111272,
indivs=858530, elapsed_secs=1115, mean=0.586731, stdev=0.167990, best fit=0.675300, best_overall=0.675300, mean_diversity=0.279555,
indivs=868628, elapsed_secs=1130, mean=0.612614, stdev=0.070390, best fit=0.675300, best_overall=0.675300, mean_diversity=0.104686,
indivs=878726, elapsed_secs=1141, mean=0.615130, stdev=0.106892, best fit=0.675300, best_overall=0.675300, mean_diversity=0.069196,
indivs=888824, elapsed_secs=1157, mean=0.630450, stdev=0.092797, best fit=0.675300, best_overall=0.675300, mean_diversity=0.100321,
indivs=898922, elapsed_secs=1174, mean=0.600698, stdev=0.070905, best fit=0.675300, best_overall=0.675300, mean_diversity=0.273264,
indivs=909020, elapsed_secs=1189, mean=0.574507, stdev=0.080009, best fit=0.675300, best_overall=0.675300, mean_diversity=0.143003,
indivs=919118, elapsed_secs=1207, mean=0.578827, stdev=0.087200, best fit=0.675300, best_overall=0.675300, mean_diversity=0.209705,
indivs=929216, elapsed_secs=1229, mean=0.595629, stdev=0.123125, best fit=0.675300, best_overall=0.675300, mean_diversity=0.202248,
indivs=939314, elapsed_secs=1244, mean=0.579345, stdev=0.125585, best fit=0.675300, best_overall=0.675300, mean_diversity=0.184000,
indivs=949412, elapsed_secs=1258, mean=0.604894, stdev=0.073239, best fit=0.675300, best_overall=0.675300, mean_diversity=0.111270,
indivs=959510, elapsed_secs=1282, mean=0.588248, stdev=0.094468, best fit=0.675300, best_overall=0.675300, mean_diversity=0.228817,
indivs=969608, elapsed_secs=1310, mean=0.589024, stdev=0.076557, best fit=0.675300, best_overall=0.675300, mean_diversity=0.237906,
indivs=979706, elapsed_secs=1330, mean=0.580750, stdev=0.092789, best fit=0.675300, best_overall=0.675300, mean_diversity=0.148130,
indivs=989804, elapsed_secs=1344, mean=0.579858, stdev=0.156953, best fit=0.675300, best_overall=0.675300, mean_diversity=0.114970,
indivs=999902, elapsed_secs=1358, mean=0.607554, stdev=0.096088, best fit=0.675300, best_overall=0.675300, mean_diversity=0.182000,
indivs=1010000, elapsed_secs=1375, mean=0.575449, stdev=0.157463, best fit=0.675300, best_overall=0.675300, mean_diversity=0.158799,
indivs=1020098, elapsed_secs=1390, mean=0.516905, stdev=0.119726, best fit=0.675300, best_overall=0.675300, mean_diversity=0.081563,
indivs=1030196, elapsed_secs=1404, mean=0.622790, stdev=0.095446, best fit=0.675300, best_overall=0.675300, mean_diversity=0.103359,
indivs=1040294, elapsed_secs=1421, mean=0.623831, stdev=0.076451, best fit=0.675300, best_overall=0.675300, mean_diversity=0.205000,
indivs=1050392, elapsed_secs=1438, mean=0.615314, stdev=0.093216, best fit=0.675300, best_overall=0.675300, mean_diversity=0.181419,
indivs=1060490, elapsed_secs=1454, mean=0.618642, stdev=0.097176, best fit=0.675300, best_overall=0.675300, mean_diversity=0.135351,
indivs=1070588, elapsed_secs=1469, mean=0.566283, stdev=0.151126, best fit=0.675300, best_overall=0.675300, mean_diversity=0.136804,
indivs=1080686, elapsed_secs=1480, mean=0.605149, stdev=0.072746, best fit=0.675300, best_overall=0.675300, mean_diversity=0.152646,
indivs=1090784, elapsed_secs=1494, mean=0.545699, stdev=0.142143, best fit=0.675300, best_overall=0.675300, mean_diversity=0.295243,
indivs=1100882, elapsed_secs=1509, mean=0.605056, stdev=0.114416, best fit=0.675300, best_overall=0.675300, mean_diversity=0.079107,
indivs=1110980, elapsed_secs=1525, mean=0.588697, stdev=0.051016, best fit=0.675300, best_overall=0.675300, mean_diversity=0.171357,
indivs=1121078, elapsed_secs=1539, mean=0.619209, stdev=0.064749, best fit=0.675300, best_overall=0.675300, mean_diversity=0.129909,
indivs=1131176, elapsed_secs=1551, mean=0.585263, stdev=0.051559, best fit=0.675300, best_overall=0.675300, mean_diversity=0.192628,
indivs=1141274, elapsed_secs=1564, mean=0.618202, stdev=0.100472, best fit=0.675300, best_overall=0.675300, mean_diversity=0.107255,
indivs=1151372, elapsed_secs=1578, mean=0.583146, stdev=0.142237, best fit=0.675300, best_overall=0.675300, mean_diversity=0.071040,
indivs=1161470, elapsed_secs=1593, mean=0.557632, stdev=0.125055, best fit=0.675300, best_overall=0.675300, mean_diversity=0.215196,
indivs=1171568, elapsed_secs=1608, mean=0.505841, stdev=0.144904, best fit=0.675300, best_overall=0.675300, mean_diversity=0.092918,
indivs=1181666, elapsed_secs=1624, mean=0.593770, stdev=0.101113, best fit=0.675300, best_overall=0.675300, mean_diversity=0.134615,
indivs=1191764, elapsed_secs=1639, mean=0.579330, stdev=0.079620, best fit=0.675300, best_overall=0.675300, mean_diversity=0.184411,
indivs=1201862, elapsed_secs=1651, mean=0.601798, stdev=0.069833, best fit=0.675300, best_overall=0.675300, mean_diversity=0.193043,
indivs=1211960, elapsed_secs=1664, mean=0.615021, stdev=0.107630, best fit=0.675300, best_overall=0.675300, mean_diversity=0.094681,
indivs=1222058, elapsed_secs=1676, mean=0.584839, stdev=0.120728, best fit=0.675300, best_overall=0.675300, mean_diversity=0.122933,
indivs=1232156, elapsed_secs=1690, mean=0.535025, stdev=0.059422, best fit=0.675300, best_overall=0.675300, mean_diversity=0.153021,
indivs=1242254, elapsed_secs=1700, mean=0.603236, stdev=0.153943, best fit=0.675300, best_overall=0.675300, mean_diversity=0.086528,
indivs=1252352, elapsed_secs=1717, mean=0.608993, stdev=0.105439, best fit=0.675300, best_overall=0.675300, mean_diversity=0.199666,
indivs=1262450, elapsed_secs=1733, mean=0.581841, stdev=0.127773, best fit=0.675300, best_overall=0.675300, mean_diversity=0.201535,
indivs=1272548, elapsed_secs=1747, mean=0.586869, stdev=0.081760, best fit=0.675300, best_overall=0.675300, mean_diversity=0.120533,
indivs=1282646, elapsed_secs=1764, mean=0.587600, stdev=0.080177, best fit=0.675300, best_overall=0.675300, mean_diversity=0.112246,
indivs=1292744, elapsed_secs=1779, mean=0.622097, stdev=0.075621, best fit=0.675300, best_overall=0.675300, mean_diversity=0.199498,
indivs=1302842, elapsed_secs=1792, mean=0.556874, stdev=0.112439, best fit=0.675300, best_overall=0.675300, mean_diversity=0.160161,
indivs=1312940, elapsed_secs=1806, mean=0.595545, stdev=0.095372, best fit=0.675300, best_overall=0.675300, mean_diversity=0.197509,
indivs=1323038, elapsed_secs=1820, mean=0.624976, stdev=0.094676, best fit=0.675300, best_overall=0.675300, mean_diversity=0.118149,
indivs=1333136, elapsed_secs=1832, mean=0.551592, stdev=0.113434, best fit=0.675300, best_overall=0.675300, mean_diversity=0.136256,
indivs=1343234, elapsed_secs=1846, mean=0.568857, stdev=0.096020, best fit=0.675300, best_overall=0.675300, mean_diversity=0.137127,
indivs=1353332, elapsed_secs=1860, mean=0.586612, stdev=0.134514, best fit=0.675300, best_overall=0.675300, mean_diversity=0.089329,
indivs=1363430, elapsed_secs=1874, mean=0.540180, stdev=0.168739, best fit=0.675300, best_overall=0.675300, mean_diversity=0.178145,
indivs=1373528, elapsed_secs=1887, mean=0.584197, stdev=0.176325, best fit=0.675300, best_overall=0.675300, mean_diversity=0.129210,
indivs=1383626, elapsed_secs=1900, mean=0.532001, stdev=0.105103, best fit=0.675300, best_overall=0.675300, mean_diversity=0.142765,
indivs=1393724, elapsed_secs=1915, mean=0.452076, stdev=0.271084, best fit=0.675300, best_overall=0.675300, mean_diversity=0.200211,
indivs=1403822, elapsed_secs=1931, mean=0.572751, stdev=0.113706, best fit=0.675300, best_overall=0.675300, mean_diversity=0.162219,
indivs=1413920, elapsed_secs=1947, mean=0.607247, stdev=0.088287, best fit=0.675300, best_overall=0.675300, mean_diversity=0.265592,
indivs=1424018, elapsed_secs=1962, mean=0.580084, stdev=0.123875, best fit=0.675300, best_overall=0.675300, mean_diversity=0.198136,
indivs=1434116, elapsed_secs=1973, mean=0.588323, stdev=0.062141, best fit=0.675300, best_overall=0.675300, mean_diversity=0.142837,
indivs=1444214, elapsed_secs=1987, mean=0.603117, stdev=0.164806, best fit=0.675300, best_overall=0.675300, mean_diversity=0.085440,
indivs=1454312, elapsed_secs=1998, mean=0.603378, stdev=0.113893, best fit=0.675300, best_overall=0.675300, mean_diversity=0.102468,
indivs=1464410, elapsed_secs=2013, mean=0.622436, stdev=0.111841, best fit=0.675300, best_overall=0.675300, mean_diversity=0.072158,
indivs=1474508, elapsed_secs=2031, mean=0.567763, stdev=0.087455, best fit=0.675300, best_overall=0.675300, mean_diversity=0.235320,
indivs=1484606, elapsed_secs=2043, mean=0.542290, stdev=0.144371, best fit=0.675300, best_overall=0.675300, mean_diversity=0.100854,
indivs=1494704, elapsed_secs=2056, mean=0.579205, stdev=0.102909, best fit=0.675300, best_overall=0.675300, mean_diversity=0.117619,
indivs=1504802, elapsed_secs=2066, mean=0.629510, stdev=0.110029, best fit=0.675300, best_overall=0.675300, mean_diversity=0.179257,
indivs=1514900, elapsed_secs=2083, mean=0.626393, stdev=0.094234, best fit=0.675300, best_overall=0.675300, mean_diversity=0.170217,
indivs=1524998, elapsed_secs=2099, mean=0.644706, stdev=0.058593, best fit=0.675300, best_overall=0.675300, mean_diversity=0.178520,
indivs=1535096, elapsed_secs=2111, mean=0.510101, stdev=0.186669, best fit=0.675300, best_overall=0.675300, mean_diversity=0.176478,
indivs=1545194, elapsed_secs=2128, mean=0.576514, stdev=0.182446, best fit=0.675300, best_overall=0.675300, mean_diversity=0.107654,
indivs=1555292, elapsed_secs=2143, mean=0.590394, stdev=0.155379, best fit=0.675300, best_overall=0.675300, mean_diversity=0.115938,
indivs=1565390, elapsed_secs=2157, mean=0.584330, stdev=0.053804, best fit=0.675300, best_overall=0.675300, mean_diversity=0.109766,
indivs=1575488, elapsed_secs=2172, mean=0.646684, stdev=0.061660, best fit=0.675300, best_overall=0.675300, mean_diversity=0.177923,
indivs=1585586, elapsed_secs=2185, mean=0.576543, stdev=0.171540, best fit=0.675300, best_overall=0.675300, mean_diversity=0.141136,
indivs=1595684, elapsed_secs=2199, mean=0.620404, stdev=0.082303, best fit=0.685900, best_overall=0.685900, mean_diversity=0.162737,
indivs=1605782, elapsed_secs=2217, mean=0.594074, stdev=0.108712, best fit=0.685900, best_overall=0.685900, mean_diversity=0.177958,
indivs=1615880, elapsed_secs=2236, mean=0.599631, stdev=0.067604, best fit=0.685900, best_overall=0.685900, mean_diversity=0.127293,
indivs=1625978, elapsed_secs=2250, mean=0.609883, stdev=0.081167, best fit=0.685900, best_overall=0.685900, mean_diversity=0.083839,
indivs=1636076, elapsed_secs=2263, mean=0.617477, stdev=0.064051, best fit=0.685900, best_overall=0.685900, mean_diversity=0.225952,
indivs=1646174, elapsed_secs=2278, mean=0.613339, stdev=0.064186, best fit=0.685900, best_overall=0.685900, mean_diversity=0.162569,
indivs=1656272, elapsed_secs=2292, mean=0.635301, stdev=0.085663, best fit=0.687700, best_overall=0.687700, mean_diversity=0.139211,
indivs=1666370, elapsed_secs=2307, mean=0.588682, stdev=0.053209, best fit=0.687700, best_overall=0.687700, mean_diversity=0.116604,
indivs=1676468, elapsed_secs=2323, mean=0.619854, stdev=0.068265, best fit=0.687700, best_overall=0.687700, mean_diversity=0.108974,
indivs=1686566, elapsed_secs=2339, mean=0.587458, stdev=0.054050, best fit=0.688100, best_overall=0.688100, mean_diversity=0.060137,
indivs=1696664, elapsed_secs=2354, mean=0.606981, stdev=0.065363, best fit=0.688100, best_overall=0.688100, mean_diversity=0.079744,
indivs=1706762, elapsed_secs=2368, mean=0.630904, stdev=0.075322, best fit=0.688100, best_overall=0.688100, mean_diversity=0.152600,
indivs=1716860, elapsed_secs=2385, mean=0.634686, stdev=0.077527, best fit=0.688100, best_overall=0.688100, mean_diversity=0.125850,
indivs=1726958, elapsed_secs=2402, mean=0.611826, stdev=0.086707, best fit=0.688100, best_overall=0.688100, mean_diversity=0.122561,
indivs=1737056, elapsed_secs=2416, mean=0.630100, stdev=0.084633, best fit=0.688100, best_overall=0.688100, mean_diversity=0.193859,
indivs=1747154, elapsed_secs=2433, mean=0.609380, stdev=0.091124, best fit=0.688100, best_overall=0.688100, mean_diversity=0.109969,
indivs=1757252, elapsed_secs=2447, mean=0.574302, stdev=0.100457, best fit=0.688100, best_overall=0.688100, mean_diversity=0.133435,
indivs=1767350, elapsed_secs=2463, mean=0.624288, stdev=0.078073, best fit=0.688100, best_overall=0.688100, mean_diversity=0.187831,
indivs=1777448, elapsed_secs=2478, mean=0.595057, stdev=0.109329, best fit=0.688100, best_overall=0.688100, mean_diversity=0.111740,
indivs=1787546, elapsed_secs=2496, mean=0.618224, stdev=0.119697, best fit=0.688100, best_overall=0.688100, mean_diversity=0.150573,
indivs=1797644, elapsed_secs=2514, mean=0.589034, stdev=0.049982, best fit=0.688100, best_overall=0.688100, mean_diversity=0.102431,
indivs=1807742, elapsed_secs=2531, mean=0.576261, stdev=0.083706, best fit=0.688100, best_overall=0.688100, mean_diversity=0.149535,
indivs=1817840, elapsed_secs=2548, mean=0.632632, stdev=0.076423, best fit=0.688100, best_overall=0.688100, mean_diversity=0.103816,
indivs=1827938, elapsed_secs=2565, mean=0.608742, stdev=0.065384, best fit=0.688100, best_overall=0.688100, mean_diversity=0.094532,
indivs=1838036, elapsed_secs=2579, mean=0.595559, stdev=0.051831, best fit=0.688100, best_overall=0.688100, mean_diversity=0.190000,
indivs=1848134, elapsed_secs=2598, mean=0.605869, stdev=0.096997, best fit=0.688100, best_overall=0.688100, mean_diversity=0.200923,
indivs=1858232, elapsed_secs=2613, mean=0.604022, stdev=0.125406, best fit=0.688100, best_overall=0.688100, mean_diversity=0.142672,
indivs=1868330, elapsed_secs=2629, mean=0.631140, stdev=0.095452, best fit=0.688100, best_overall=0.688100, mean_diversity=0.148000,
indivs=1878428, elapsed_secs=2647, mean=0.631666, stdev=0.076907, best fit=0.688100, best_overall=0.688100, mean_diversity=0.192808,
indivs=1888526, elapsed_secs=2666, mean=0.639696, stdev=0.075398, best fit=0.688100, best_overall=0.688100, mean_diversity=0.173951,
indivs=1898624, elapsed_secs=2688, mean=0.602446, stdev=0.167359, best fit=0.688300, best_overall=0.688300, mean_diversity=0.195868,
indivs=1908722, elapsed_secs=2705, mean=0.579475, stdev=0.057832, best fit=0.688300, best_overall=0.688300, mean_diversity=0.102960,
indivs=1918820, elapsed_secs=2726, mean=0.637023, stdev=0.091807, best fit=0.688300, best_overall=0.688300, mean_diversity=0.143684,
indivs=1928918, elapsed_secs=2742, mean=0.581270, stdev=0.079150, best fit=0.688300, best_overall=0.688300, mean_diversity=0.118738,
indivs=1939016, elapsed_secs=2759, mean=0.621170, stdev=0.091329, best fit=0.688300, best_overall=0.688300, mean_diversity=0.129487,
indivs=1949114, elapsed_secs=2775, mean=0.585017, stdev=0.075226, best fit=0.688300, best_overall=0.688300, mean_diversity=0.182741,
indivs=1959212, elapsed_secs=2787, mean=0.615366, stdev=0.110508, best fit=0.688300, best_overall=0.688300, mean_diversity=0.105847,
indivs=1969310, elapsed_secs=2806, mean=0.637726, stdev=0.075367, best fit=0.688300, best_overall=0.688300, mean_diversity=0.180474,
indivs=1979408, elapsed_secs=2821, mean=0.590781, stdev=0.056831, best fit=0.688300, best_overall=0.688300, mean_diversity=0.078673,
indivs=1989506, elapsed_secs=2841, mean=0.630325, stdev=0.089767, best fit=0.688300, best_overall=0.688300, mean_diversity=0.150213,
indivs=1999604, elapsed_secs=2859, mean=0.620774, stdev=0.098810, best fit=0.688300, best_overall=0.688300, mean_diversity=0.101530,
indivs=2009702, elapsed_secs=2876, mean=0.605055, stdev=0.107015, best fit=0.688300, best_overall=0.688300, mean_diversity=0.112010,
indivs=2019800, elapsed_secs=2896, mean=0.585838, stdev=0.055582, best fit=0.688300, best_overall=0.688300, mean_diversity=0.080431,
indivs=2029898, elapsed_secs=2912, mean=0.610069, stdev=0.060354, best fit=0.688300, best_overall=0.688300, mean_diversity=0.104066,
indivs=2039996, elapsed_secs=2928, mean=0.602135, stdev=0.051402, best fit=0.688300, best_overall=0.688300, mean_diversity=0.118761,
indivs=2050094, elapsed_secs=2944, mean=0.573755, stdev=0.067500, best fit=0.688300, best_overall=0.688300, mean_diversity=0.188043,
indivs=2060192, elapsed_secs=2965, mean=0.628465, stdev=0.062028, best fit=0.688300, best_overall=0.688300, mean_diversity=0.199060,
indivs=2070290, elapsed_secs=2987, mean=0.565637, stdev=0.128705, best fit=0.688300, best_overall=0.688300, mean_diversity=0.167126,
indivs=2080388, elapsed_secs=3004, mean=0.606315, stdev=0.066771, best fit=0.688300, best_overall=0.688300, mean_diversity=0.168119,
indivs=2090486, elapsed_secs=3022, mean=0.648919, stdev=0.067962, best fit=0.688300, best_overall=0.688300, mean_diversity=0.214274,
indivs=2100584, elapsed_secs=3038, mean=0.610185, stdev=0.113158, best fit=0.688300, best_overall=0.688300, mean_diversity=0.144539,
indivs=2110682, elapsed_secs=3054, mean=0.625444, stdev=0.079462, best fit=0.688300, best_overall=0.688300, mean_diversity=0.109294,
indivs=2120780, elapsed_secs=3072, mean=0.632646, stdev=0.097726, best fit=0.688300, best_overall=0.688300, mean_diversity=0.064887,
indivs=2130878, elapsed_secs=3088, mean=0.629402, stdev=0.076328, best fit=0.688300, best_overall=0.688300, mean_diversity=0.089899,
indivs=2140976, elapsed_secs=3110, mean=0.604761, stdev=0.100154, best fit=0.688300, best_overall=0.688300, mean_diversity=0.139938,
indivs=2151074, elapsed_secs=3122, mean=0.634573, stdev=0.075904, best fit=0.688300, best_overall=0.688300, mean_diversity=0.124393,
indivs=2161172, elapsed_secs=3141, mean=0.589779, stdev=0.050978, best fit=0.688300, best_overall=0.688300, mean_diversity=0.158855,
indivs=2171270, elapsed_secs=3161, mean=0.638088, stdev=0.083734, best fit=0.688300, best_overall=0.688300, mean_diversity=0.166305,
indivs=2181368, elapsed_secs=3178, mean=0.597350, stdev=0.057147, best fit=0.688300, best_overall=0.688300, mean_diversity=0.169814,
indivs=2191466, elapsed_secs=3194, mean=0.589888, stdev=0.059744, best fit=0.688300, best_overall=0.688300, mean_diversity=0.177314,
indivs=2201564, elapsed_secs=3211, mean=0.622813, stdev=0.093122, best fit=0.688300, best_overall=0.688300, mean_diversity=0.112210,
indivs=2211662, elapsed_secs=3224, mean=0.585657, stdev=0.054750, best fit=0.688300, best_overall=0.688300, mean_diversity=0.110087,
indivs=2221760, elapsed_secs=3240, mean=0.632103, stdev=0.072795, best fit=0.688300, best_overall=0.688300, mean_diversity=0.145531,
indivs=2231858, elapsed_secs=3259, mean=0.617625, stdev=0.102318, best fit=0.688300, best_overall=0.688300, mean_diversity=0.112730,
indivs=2241956, elapsed_secs=3275, mean=0.600190, stdev=0.060122, best fit=0.688300, best_overall=0.688300, mean_diversity=0.229328,
indivs=2252054, elapsed_secs=3292, mean=0.616553, stdev=0.087759, best fit=0.688300, best_overall=0.688300, mean_diversity=0.139231,
indivs=2262152, elapsed_secs=3305, mean=0.631123, stdev=0.099204, best fit=0.688300, best_overall=0.688300, mean_diversity=0.151232,
indivs=2272250, elapsed_secs=3322, mean=0.585142, stdev=0.095956, best fit=0.688300, best_overall=0.688300, mean_diversity=0.107059,
indivs=2282348, elapsed_secs=3337, mean=0.610714, stdev=0.086627, best fit=0.688300, best_overall=0.688300, mean_diversity=0.172751,
indivs=2292446, elapsed_secs=3352, mean=0.612457, stdev=0.096621, best fit=0.688300, best_overall=0.688300, mean_diversity=0.135562,
indivs=2302544, elapsed_secs=3370, mean=0.636632, stdev=0.066878, best fit=0.688300, best_overall=0.688300, mean_diversity=0.124417,
indivs=2312642, elapsed_secs=3386, mean=0.621772, stdev=0.083263, best fit=0.688300, best_overall=0.688300, mean_diversity=0.101471,
indivs=2322740, elapsed_secs=3404, mean=0.616938, stdev=0.080284, best fit=0.688300, best_overall=0.688300, mean_diversity=0.137533,
indivs=2332838, elapsed_secs=3423, mean=0.623506, stdev=0.091880, best fit=0.688300, best_overall=0.688300, mean_diversity=0.117447,
indivs=2342936, elapsed_secs=3435, mean=0.607421, stdev=0.084216, best fit=0.688300, best_overall=0.688300, mean_diversity=0.199055,
indivs=2353034, elapsed_secs=3450, mean=0.627236, stdev=0.074800, best fit=0.688300, best_overall=0.688300, mean_diversity=0.167289,
indivs=2363132, elapsed_secs=3465, mean=0.643912, stdev=0.066863, best fit=0.688300, best_overall=0.688300, mean_diversity=0.141452,
indivs=2373230, elapsed_secs=3483, mean=0.577669, stdev=0.066250, best fit=0.688300, best_overall=0.688300, mean_diversity=0.069648,
indivs=2383328, elapsed_secs=3502, mean=0.607633, stdev=0.063165, best fit=0.688300, best_overall=0.688300, mean_diversity=0.092769,
indivs=2393426, elapsed_secs=3519, mean=0.624898, stdev=0.101456, best fit=0.688300, best_overall=0.688300, mean_diversity=0.076751,
indivs=2403524, elapsed_secs=3533, mean=0.606159, stdev=0.137287, best fit=0.688300, best_overall=0.688300, mean_diversity=0.131717,
indivs=2413622, elapsed_secs=3548, mean=0.623960, stdev=0.118428, best fit=0.688300, best_overall=0.688300, mean_diversity=0.130723,
indivs=2423720, elapsed_secs=3565, mean=0.610214, stdev=0.069369, best fit=0.688300, best_overall=0.688300, mean_diversity=0.123495,
indivs=2433818, elapsed_secs=3587, mean=0.640213, stdev=0.077402, best fit=0.688300, best_overall=0.688300, mean_diversity=0.127670,
indivs=2443916, elapsed_secs=3602, mean=0.584591, stdev=0.057458, best fit=0.688300, best_overall=0.688300, mean_diversity=0.085348,
indivs=2454014, elapsed_secs=3621, mean=0.603820, stdev=0.098258, best fit=0.688300, best_overall=0.688300, mean_diversity=0.189058,
indivs=2464112, elapsed_secs=3637, mean=0.627895, stdev=0.097072, best fit=0.688300, best_overall=0.688300, mean_diversity=0.087838,
indivs=2474210, elapsed_secs=3651, mean=0.610668, stdev=0.077390, best fit=0.688300, best_overall=0.688300, mean_diversity=0.225269,
indivs=2484308, elapsed_secs=3669, mean=0.592798, stdev=0.046284, best fit=0.688300, best_overall=0.688300, mean_diversity=0.118069,
indivs=2494406, elapsed_secs=3684, mean=0.620819, stdev=0.097038, best fit=0.688300, best_overall=0.688300, mean_diversity=0.108239,
indivs=2504504, elapsed_secs=3708, mean=0.591122, stdev=0.051365, best fit=0.688300, best_overall=0.688300, mean_diversity=0.138863,
indivs=2514602, elapsed_secs=3735, mean=0.600470, stdev=0.092144, best fit=0.688300, best_overall=0.688300, mean_diversity=0.131711,
indivs=2524700, elapsed_secs=3755, mean=0.575463, stdev=0.170793, best fit=0.688300, best_overall=0.688300, mean_diversity=0.144169,
indivs=2534798, elapsed_secs=3780, mean=0.622504, stdev=0.069582, best fit=0.688300, best_overall=0.688300, mean_diversity=0.137821,
indivs=2544896, elapsed_secs=3810, mean=0.639157, stdev=0.093168, best fit=0.688300, best_overall=0.688300, mean_diversity=0.101781,
indivs=2554994, elapsed_secs=3837, mean=0.577768, stdev=0.095163, best fit=0.688300, best_overall=0.688300, mean_diversity=0.157576,
indivs=2565092, elapsed_secs=3862, mean=0.602405, stdev=0.062961, best fit=0.688300, best_overall=0.688300, mean_diversity=0.100364,
indivs=2575190, elapsed_secs=3886, mean=0.583092, stdev=0.089432, best fit=0.689700, best_overall=0.689700, mean_diversity=0.100507,
indivs=2585288, elapsed_secs=3906, mean=0.597841, stdev=0.058036, best fit=0.690100, best_overall=0.690100, mean_diversity=0.257655,
indivs=2595386, elapsed_secs=3923, mean=0.592968, stdev=0.074520, best fit=0.690100, best_overall=0.690100, mean_diversity=0.086035,
indivs=2605484, elapsed_secs=3939, mean=0.616071, stdev=0.081278, best fit=0.690100, best_overall=0.690100, mean_diversity=0.110625,
indivs=2615582, elapsed_secs=3960, mean=0.606863, stdev=0.095488, best fit=0.690100, best_overall=0.690100, mean_diversity=0.147035,
indivs=2625680, elapsed_secs=3979, mean=0.624978, stdev=0.116302, best fit=0.690100, best_overall=0.690100, mean_diversity=0.086466,
indivs=2635778, elapsed_secs=3994, mean=0.582840, stdev=0.080019, best fit=0.690100, best_overall=0.690100, mean_diversity=0.127207,
indivs=2645876, elapsed_secs=4011, mean=0.594435, stdev=0.082498, best fit=0.690100, best_overall=0.690100, mean_diversity=0.135091,
indivs=2655974, elapsed_secs=4034, mean=0.625603, stdev=0.102279, best fit=0.690200, best_overall=0.690200, mean_diversity=0.090371,
indivs=2666072, elapsed_secs=4062, mean=0.636781, stdev=0.100158, best fit=0.690600, best_overall=0.690600, mean_diversity=0.139447,
indivs=2676170, elapsed_secs=4083, mean=0.602486, stdev=0.076715, best fit=0.690600, best_overall=0.690600, mean_diversity=0.119487,
indivs=2686268, elapsed_secs=4101, mean=0.612605, stdev=0.057867, best fit=0.690600, best_overall=0.690600, mean_diversity=0.054687,
indivs=2696366, elapsed_secs=4120, mean=0.591821, stdev=0.069623, best fit=0.690600, best_overall=0.690600, mean_diversity=0.105681,
indivs=2706464, elapsed_secs=4139, mean=0.612946, stdev=0.104318, best fit=0.690600, best_overall=0.690600, mean_diversity=0.114017,
indivs=2716562, elapsed_secs=4160, mean=0.597607, stdev=0.059158, best fit=0.690600, best_overall=0.690600, mean_diversity=0.093333,
indivs=2726660, elapsed_secs=4180, mean=0.613216, stdev=0.067679, best fit=0.690600, best_overall=0.690600, mean_diversity=0.088372,
indivs=2736758, elapsed_secs=4201, mean=0.609878, stdev=0.079414, best fit=0.690600, best_overall=0.690600, mean_diversity=0.103742,
indivs=2746856, elapsed_secs=4221, mean=0.625761, stdev=0.121103, best fit=0.690600, best_overall=0.690600, mean_diversity=0.135833,
indivs=2756954, elapsed_secs=4246, mean=0.610718, stdev=0.087425, best fit=0.691000, best_overall=0.691000, mean_diversity=0.130063,
indivs=2767052, elapsed_secs=4273, mean=0.629999, stdev=0.083373, best fit=0.691000, best_overall=0.691000, mean_diversity=0.131019,
indivs=2777150, elapsed_secs=4295, mean=0.637395, stdev=0.079365, best fit=0.691000, best_overall=0.691000, mean_diversity=0.108737,
indivs=2787248, elapsed_secs=4317, mean=0.622943, stdev=0.073143, best fit=0.691000, best_overall=0.691000, mean_diversity=0.106035,
indivs=2797346, elapsed_secs=4338, mean=0.619914, stdev=0.099129, best fit=0.691000, best_overall=0.691000, mean_diversity=0.158159,
indivs=2807444, elapsed_secs=4362, mean=0.589824, stdev=0.059085, best fit=0.691000, best_overall=0.691000, mean_diversity=0.134871,
indivs=2817542, elapsed_secs=4387, mean=0.636528, stdev=0.083274, best fit=0.691000, best_overall=0.691000, mean_diversity=0.082432,
indivs=2827640, elapsed_secs=4409, mean=0.633433, stdev=0.081950, best fit=0.691000, best_overall=0.691000, mean_diversity=0.142830,
indivs=2837738, elapsed_secs=4428, mean=0.620687, stdev=0.087360, best fit=0.691000, best_overall=0.691000, mean_diversity=0.096401,
indivs=2847836, elapsed_secs=4450, mean=0.598458, stdev=0.062605, best fit=0.691000, best_overall=0.691000, mean_diversity=0.198949,
indivs=2857934, elapsed_secs=4476, mean=0.606099, stdev=0.106514, best fit=0.691000, best_overall=0.691000, mean_diversity=0.155415,
indivs=2868032, elapsed_secs=4499, mean=0.606662, stdev=0.080276, best fit=0.691000, best_overall=0.691000, mean_diversity=0.111730,
indivs=2878130, elapsed_secs=4521, mean=0.637026, stdev=0.074299, best fit=0.691000, best_overall=0.691000, mean_diversity=0.115224,
indivs=2888228, elapsed_secs=4549, mean=0.623747, stdev=0.112846, best fit=0.691000, best_overall=0.691000, mean_diversity=0.115490,
indivs=2898326, elapsed_secs=4571, mean=0.612227, stdev=0.079117, best fit=0.691000, best_overall=0.691000, mean_diversity=0.083227,
indivs=2908424, elapsed_secs=4591, mean=0.574145, stdev=0.119041, best fit=0.691000, best_overall=0.691000, mean_diversity=0.136220,
indivs=2918522, elapsed_secs=4617, mean=0.629027, stdev=0.077714, best fit=0.691000, best_overall=0.691000, mean_diversity=0.117971,
indivs=2928620, elapsed_secs=4641, mean=0.631105, stdev=0.082752, best fit=0.691000, best_overall=0.691000, mean_diversity=0.116667,
indivs=2938718, elapsed_secs=4668, mean=0.615545, stdev=0.067180, best fit=0.691000, best_overall=0.691000, mean_diversity=0.130136,
indivs=2948816, elapsed_secs=4692, mean=0.596079, stdev=0.084848, best fit=0.691000, best_overall=0.691000, mean_diversity=0.174828,
indivs=2958914, elapsed_secs=4712, mean=0.613280, stdev=0.074690, best fit=0.691000, best_overall=0.691000, mean_diversity=0.172543,
indivs=2969012, elapsed_secs=4739, mean=0.600375, stdev=0.053630, best fit=0.691000, best_overall=0.691000, mean_diversity=0.125369,
indivs=2979110, elapsed_secs=4763, mean=0.627940, stdev=0.092659, best fit=0.691000, best_overall=0.691000, mean_diversity=0.071085,
indivs=2989208, elapsed_secs=4785, mean=0.613329, stdev=0.078708, best fit=0.691000, best_overall=0.691000, mean_diversity=0.090023,
indivs=2999306, elapsed_secs=4808, mean=0.591325, stdev=0.059478, best fit=0.691000, best_overall=0.691000, mean_diversity=0.135695,
indivs=3009404, elapsed_secs=4828, mean=0.648798, stdev=0.091217, best fit=0.691000, best_overall=0.691000, mean_diversity=0.099024,
indivs=3019502, elapsed_secs=4848, mean=0.557860, stdev=0.142717, best fit=0.691000, best_overall=0.691000, mean_diversity=0.126685,
indivs=3029600, elapsed_secs=4869, mean=0.624767, stdev=0.101422, best fit=0.691000, best_overall=0.691000, mean_diversity=0.156842,
indivs=3039698, elapsed_secs=4891, mean=0.584412, stdev=0.069014, best fit=0.691000, best_overall=0.691000, mean_diversity=0.202193,
indivs=3049796, elapsed_secs=4914, mean=0.617025, stdev=0.091178, best fit=0.691000, best_overall=0.691000, mean_diversity=0.142679,
indivs=3059894, elapsed_secs=4937, mean=0.624597, stdev=0.072668, best fit=0.691000, best_overall=0.691000, mean_diversity=0.138000,
indivs=3069992, elapsed_secs=4962, mean=0.647742, stdev=0.072205, best fit=0.692600, best_overall=0.692600, mean_diversity=0.079957,
indivs=3080090, elapsed_secs=4987, mean=0.596560, stdev=0.063280, best fit=0.692600, best_overall=0.692600, mean_diversity=0.096997,
indivs=3090188, elapsed_secs=5009, mean=0.604177, stdev=0.063226, best fit=0.692600, best_overall=0.692600, mean_diversity=0.146748,
indivs=3100286, elapsed_secs=5033, mean=0.617382, stdev=0.102596, best fit=0.692600, best_overall=0.692600, mean_diversity=0.087066,
indivs=3110384, elapsed_secs=5054, mean=0.627822, stdev=0.098481, best fit=0.692600, best_overall=0.692600, mean_diversity=0.115552,
indivs=3120482, elapsed_secs=5073, mean=0.614342, stdev=0.133581, best fit=0.692600, best_overall=0.692600, mean_diversity=0.133103,
indivs=3130580, elapsed_secs=5094, mean=0.621057, stdev=0.103829, best fit=0.692600, best_overall=0.692600, mean_diversity=0.103193,
indivs=3140678, elapsed_secs=5116, mean=0.619402, stdev=0.075502, best fit=0.692600, best_overall=0.692600, mean_diversity=0.158276,
indivs=3150776, elapsed_secs=5139, mean=0.602456, stdev=0.057697, best fit=0.692600, best_overall=0.692600, mean_diversity=0.101408,
indivs=3160874, elapsed_secs=5155, mean=0.596162, stdev=0.064160, best fit=0.692600, best_overall=0.692600, mean_diversity=0.211089,
indivs=3170972, elapsed_secs=5176, mean=0.589123, stdev=0.063292, best fit=0.692600, best_overall=0.692600, mean_diversity=0.146067,
indivs=3181070, elapsed_secs=5196, mean=0.626927, stdev=0.075057, best fit=0.692600, best_overall=0.692600, mean_diversity=0.107424,
indivs=3191168, elapsed_secs=5219, mean=0.630730, stdev=0.081409, best fit=0.692600, best_overall=0.692600, mean_diversity=0.080116,
indivs=3201266, elapsed_secs=5240, mean=0.617819, stdev=0.087951, best fit=0.692600, best_overall=0.692600, mean_diversity=0.112548,
indivs=3211364, elapsed_secs=5262, mean=0.631886, stdev=0.075580, best fit=0.692600, best_overall=0.692600, mean_diversity=0.118092,
indivs=3221462, elapsed_secs=5285, mean=0.633523, stdev=0.082284, best fit=0.692600, best_overall=0.692600, mean_diversity=0.132686,
indivs=3231560, elapsed_secs=5306, mean=0.632495, stdev=0.077268, best fit=0.692600, best_overall=0.692600, mean_diversity=0.094926,
indivs=3241658, elapsed_secs=5326, mean=0.622734, stdev=0.130082, best fit=0.692600, best_overall=0.692600, mean_diversity=0.148697,
indivs=3251756, elapsed_secs=5349, mean=0.639608, stdev=0.074914, best fit=0.692600, best_overall=0.692600, mean_diversity=0.106250,
indivs=3261854, elapsed_secs=5371, mean=0.647402, stdev=0.074032, best fit=0.692600, best_overall=0.692600, mean_diversity=0.115772,
indivs=3271952, elapsed_secs=5391, mean=0.629942, stdev=0.086293, best fit=0.692600, best_overall=0.692600, mean_diversity=0.102685,
indivs=3282050, elapsed_secs=5413, mean=0.626482, stdev=0.084472, best fit=0.692600, best_overall=0.692600, mean_diversity=0.084537,
indivs=3292148, elapsed_secs=5436, mean=0.633374, stdev=0.082820, best fit=0.692600, best_overall=0.692600, mean_diversity=0.126906,
indivs=3302246, elapsed_secs=5458, mean=0.621864, stdev=0.085153, best fit=0.692600, best_overall=0.692600, mean_diversity=0.113029,
indivs=3312344, elapsed_secs=5481, mean=0.621353, stdev=0.086099, best fit=0.692600, best_overall=0.692600, mean_diversity=0.093780,
indivs=3322442, elapsed_secs=5500, mean=0.616295, stdev=0.078467, best fit=0.692600, best_overall=0.692600, mean_diversity=0.106024,
indivs=3332540, elapsed_secs=5523, mean=0.637598, stdev=0.085346, best fit=0.692600, best_overall=0.692600, mean_diversity=0.095337,
indivs=3342638, elapsed_secs=5542, mean=0.612956, stdev=0.080204, best fit=0.692600, best_overall=0.692600, mean_diversity=0.124630,
indivs=3352736, elapsed_secs=5560, mean=0.607537, stdev=0.088867, best fit=0.694400, best_overall=0.694400, mean_diversity=0.121588,
indivs=3362834, elapsed_secs=5596, mean=0.615145, stdev=0.111967, best fit=0.694400, best_overall=0.694400, mean_diversity=0.097584,
indivs=3372932, elapsed_secs=5623, mean=0.613606, stdev=0.082029, best fit=0.694400, best_overall=0.694400, mean_diversity=0.112556,
indivs=3383030, elapsed_secs=5645, mean=0.604077, stdev=0.108624, best fit=0.694400, best_overall=0.694400, mean_diversity=0.100231,
indivs=3393128, elapsed_secs=5672, mean=0.620609, stdev=0.077543, best fit=0.694400, best_overall=0.694400, mean_diversity=0.114211,
indivs=3403226, elapsed_secs=5695, mean=0.608563, stdev=0.087668, best fit=0.694400, best_overall=0.694400, mean_diversity=0.141645,
indivs=3413324, elapsed_secs=5718, mean=0.614869, stdev=0.086909, best fit=0.694400, best_overall=0.694400, mean_diversity=0.112355,
indivs=3423422, elapsed_secs=5741, mean=0.585424, stdev=0.057389, best fit=0.694400, best_overall=0.694400, mean_diversity=0.098042,
indivs=3433520, elapsed_secs=5762, mean=0.600238, stdev=0.101784, best fit=0.694400, best_overall=0.694400, mean_diversity=0.069799,
indivs=3443618, elapsed_secs=5782, mean=0.630895, stdev=0.084508, best fit=0.694400, best_overall=0.694400, mean_diversity=0.089896,
indivs=3453716, elapsed_secs=5805, mean=0.604616, stdev=0.091009, best fit=0.694400, best_overall=0.694400, mean_diversity=0.127839,
indivs=3463814, elapsed_secs=5831, mean=0.634771, stdev=0.077384, best fit=0.694400, best_overall=0.694400, mean_diversity=0.099438,
indivs=3473912, elapsed_secs=5854, mean=0.583218, stdev=0.070606, best fit=0.694400, best_overall=0.694400, mean_diversity=0.104843,
indivs=3484010, elapsed_secs=5869, mean=0.560341, stdev=0.142608, best fit=0.694400, best_overall=0.694400, mean_diversity=0.117515,
indivs=3494108, elapsed_secs=5892, mean=0.626718, stdev=0.082102, best fit=0.694400, best_overall=0.694400, mean_diversity=0.115660,
indivs=3504206, elapsed_secs=5915, mean=0.573515, stdev=0.097182, best fit=0.694400, best_overall=0.694400, mean_diversity=0.153992,
indivs=3514304, elapsed_secs=5940, mean=0.591392, stdev=0.062400, best fit=0.694400, best_overall=0.694400, mean_diversity=0.110000,
indivs=3524402, elapsed_secs=5967, mean=0.614035, stdev=0.103495, best fit=0.694400, best_overall=0.694400, mean_diversity=0.133917,
indivs=3534500, elapsed_secs=5989, mean=0.588550, stdev=0.053370, best fit=0.694400, best_overall=0.694400, mean_diversity=0.079848,
indivs=3544598, elapsed_secs=6010, mean=0.613430, stdev=0.083786, best fit=0.694400, best_overall=0.694400, mean_diversity=0.116118,
indivs=3554696, elapsed_secs=6031, mean=0.567413, stdev=0.058095, best fit=0.694400, best_overall=0.694400, mean_diversity=0.127148,
indivs=3564794, elapsed_secs=6056, mean=0.603846, stdev=0.089802, best fit=0.694400, best_overall=0.694400, mean_diversity=0.071637,
indivs=3574892, elapsed_secs=6081, mean=0.619250, stdev=0.120238, best fit=0.694400, best_overall=0.694400, mean_diversity=0.136623,
indivs=3584990, elapsed_secs=6107, mean=0.616635, stdev=0.103108, best fit=0.694400, best_overall=0.694400, mean_diversity=0.086525,
indivs=3595088, elapsed_secs=6136, mean=0.616721, stdev=0.090013, best fit=0.694400, best_overall=0.694400, mean_diversity=0.247984,
indivs=3605186, elapsed_secs=6170, mean=0.645736, stdev=0.096008, best fit=0.694400, best_overall=0.694400, mean_diversity=0.070097,
indivs=3615284, elapsed_secs=6193, mean=0.608065, stdev=0.070181, best fit=0.694400, best_overall=0.694400, mean_diversity=0.111311,
indivs=3625382, elapsed_secs=6217, mean=0.614991, stdev=0.090257, best fit=0.694400, best_overall=0.694400, mean_diversity=0.151658,
indivs=3635480, elapsed_secs=6242, mean=0.623339, stdev=0.098546, best fit=0.694400, best_overall=0.694400, mean_diversity=0.093795,
indivs=3645578, elapsed_secs=6268, mean=0.605747, stdev=0.093020, best fit=0.694400, best_overall=0.694400, mean_diversity=0.117018,
indivs=3655676, elapsed_secs=6294, mean=0.623157, stdev=0.085767, best fit=0.694400, best_overall=0.694400, mean_diversity=0.096150,
indivs=3665774, elapsed_secs=6317, mean=0.605033, stdev=0.100657, best fit=0.694400, best_overall=0.694400, mean_diversity=0.146169,
indivs=3675872, elapsed_secs=6349, mean=0.598003, stdev=0.103473, best fit=0.694400, best_overall=0.694400, mean_diversity=0.071945,
indivs=3685970, elapsed_secs=6375, mean=0.600224, stdev=0.080967, best fit=0.694400, best_overall=0.694400, mean_diversity=0.102222,
indivs=3696068, elapsed_secs=6407, mean=0.610175, stdev=0.075069, best fit=0.694400, best_overall=0.694400, mean_diversity=0.148649,
indivs=3706166, elapsed_secs=6440, mean=0.607662, stdev=0.105213, best fit=0.694400, best_overall=0.694400, mean_diversity=0.093966,
indivs=3716264, elapsed_secs=6463, mean=0.621235, stdev=0.132307, best fit=0.694400, best_overall=0.694400, mean_diversity=0.140774,
indivs=3726362, elapsed_secs=6490, mean=0.607917, stdev=0.133961, best fit=0.694400, best_overall=0.694400, mean_diversity=0.124281,
indivs=3736460, elapsed_secs=6523, mean=0.608538, stdev=0.101986, best fit=0.694400, best_overall=0.694400, mean_diversity=0.117908,
indivs=3746558, elapsed_secs=6546, mean=0.600476, stdev=0.062651, best fit=0.694400, best_overall=0.694400, mean_diversity=0.197710,
indivs=3756656, elapsed_secs=6572, mean=0.599899, stdev=0.092331, best fit=0.694400, best_overall=0.694400, mean_diversity=0.081549,
indivs=3766754, elapsed_secs=6598, mean=0.580472, stdev=0.056161, best fit=0.694400, best_overall=0.694400, mean_diversity=0.103164,
indivs=3776852, elapsed_secs=6620, mean=0.581673, stdev=0.062272, best fit=0.694400, best_overall=0.694400, mean_diversity=0.098939,
indivs=3786950, elapsed_secs=6642, mean=0.621529, stdev=0.094072, best fit=0.694400, best_overall=0.694400, mean_diversity=0.077952,
indivs=3797048, elapsed_secs=6669, mean=0.611281, stdev=0.105575, best fit=0.694400, best_overall=0.694400, mean_diversity=0.156833,
indivs=3807146, elapsed_secs=6697, mean=0.590944, stdev=0.108106, best fit=0.694400, best_overall=0.694400, mean_diversity=0.093844,
indivs=3817244, elapsed_secs=6719, mean=0.614000, stdev=0.105667, best fit=0.694400, best_overall=0.694400, mean_diversity=0.128110,
indivs=3827342, elapsed_secs=6738, mean=0.606534, stdev=0.097584, best fit=0.694400, best_overall=0.694400, mean_diversity=0.182646,
indivs=3837440, elapsed_secs=6763, mean=0.622290, stdev=0.068313, best fit=0.694400, best_overall=0.694400, mean_diversity=0.148458,
indivs=3847538, elapsed_secs=6792, mean=0.576468, stdev=0.082492, best fit=0.694400, best_overall=0.694400, mean_diversity=0.090331,
indivs=3857636, elapsed_secs=6816, mean=0.621252, stdev=0.102793, best fit=0.694400, best_overall=0.694400, mean_diversity=0.116560,
indivs=3867734, elapsed_secs=6844, mean=0.622851, stdev=0.120614, best fit=0.694400, best_overall=0.694400, mean_diversity=0.148956,
indivs=3877832, elapsed_secs=6870, mean=0.575596, stdev=0.059237, best fit=0.694400, best_overall=0.694400, mean_diversity=0.124609,
indivs=3887930, elapsed_secs=6894, mean=0.624984, stdev=0.084596, best fit=0.694400, best_overall=0.694400, mean_diversity=0.056700,
indivs=3898028, elapsed_secs=6918, mean=0.577423, stdev=0.058375, best fit=0.694400, best_overall=0.694400, mean_diversity=0.091111,
indivs=3908126, elapsed_secs=6945, mean=0.618070, stdev=0.101438, best fit=0.694400, best_overall=0.694400, mean_diversity=0.128992,
indivs=3918224, elapsed_secs=6974, mean=0.640096, stdev=0.099173, best fit=0.694400, best_overall=0.694400, mean_diversity=0.120000,
indivs=3928322, elapsed_secs=7004, mean=0.626852, stdev=0.103453, best fit=0.694400, best_overall=0.694400, mean_diversity=0.116885,
indivs=3938420, elapsed_secs=7027, mean=0.616614, stdev=0.102248, best fit=0.694400, best_overall=0.694400, mean_diversity=0.102391,
indivs=3948518, elapsed_secs=7056, mean=0.630742, stdev=0.102543, best fit=0.694400, best_overall=0.694400, mean_diversity=0.150124,
indivs=3958616, elapsed_secs=7087, mean=0.642237, stdev=0.116072, best fit=0.694400, best_overall=0.694400, mean_diversity=0.136535,
indivs=3968714, elapsed_secs=7117, mean=0.583051, stdev=0.078567, best fit=0.694400, best_overall=0.694400, mean_diversity=0.237075,
indivs=3978812, elapsed_secs=7141, mean=0.575725, stdev=0.061644, best fit=0.694400, best_overall=0.694400, mean_diversity=0.149231,
indivs=3988910, elapsed_secs=7166, mean=0.625027, stdev=0.069838, best fit=0.694400, best_overall=0.694400, mean_diversity=0.103103,
indivs=3999008, elapsed_secs=7192, mean=0.610316, stdev=0.077029, best fit=0.694400, best_overall=0.694400, mean_diversity=0.132552,
indivs=4009106, elapsed_secs=7220, mean=0.592509, stdev=0.082300, best fit=0.694400, best_overall=0.694400, mean_diversity=0.138399,
indivs=4019204, elapsed_secs=7246, mean=0.600986, stdev=0.059318, best fit=0.694400, best_overall=0.694400, mean_diversity=0.127277,
indivs=4029302, elapsed_secs=7269, mean=0.614923, stdev=0.091108, best fit=0.694400, best_overall=0.694400, mean_diversity=0.098566,
indivs=4039400, elapsed_secs=7299, mean=0.610115, stdev=0.074903, best fit=0.694400, best_overall=0.694400, mean_diversity=0.119086,
indivs=4049498, elapsed_secs=7326, mean=0.576256, stdev=0.059857, best fit=0.694400, best_overall=0.694400, mean_diversity=0.090789,
indivs=4059596, elapsed_secs=7345, mean=0.607299, stdev=0.094514, best fit=0.694400, best_overall=0.694400, mean_diversity=0.136270,
indivs=4069694, elapsed_secs=7372, mean=0.623455, stdev=0.085546, best fit=0.694400, best_overall=0.694400, mean_diversity=0.075779,
indivs=4079792, elapsed_secs=7410, mean=0.591297, stdev=0.126346, best fit=0.694400, best_overall=0.694400, mean_diversity=0.128281,
indivs=4089890, elapsed_secs=7442, mean=0.600950, stdev=0.065367, best fit=0.694400, best_overall=0.694400, mean_diversity=0.106235,
indivs=4099988, elapsed_secs=7469, mean=0.596706, stdev=0.099097, best fit=0.694400, best_overall=0.694400, mean_diversity=0.108571,
indivs=4110086, elapsed_secs=7495, mean=0.630580, stdev=0.109220, best fit=0.694400, best_overall=0.694400, mean_diversity=0.119129,
indivs=4120184, elapsed_secs=7518, mean=0.561885, stdev=0.096801, best fit=0.694400, best_overall=0.694400, mean_diversity=0.090451,
indivs=4130282, elapsed_secs=7539, mean=0.583545, stdev=0.081464, best fit=0.694400, best_overall=0.694400, mean_diversity=0.091671,
indivs=4140380, elapsed_secs=7563, mean=0.605336, stdev=0.069303, best fit=0.694400, best_overall=0.694400, mean_diversity=0.090466,
indivs=4150478, elapsed_secs=7586, mean=0.625792, stdev=0.099874, best fit=0.694400, best_overall=0.694400, mean_diversity=0.158093,
indivs=4160576, elapsed_secs=7612, mean=0.613526, stdev=0.100768, best fit=0.694400, best_overall=0.694400, mean_diversity=0.065299,
indivs=4170674, elapsed_secs=7632, mean=0.620718, stdev=0.114503, best fit=0.694400, best_overall=0.694400, mean_diversity=0.097037,
indivs=4180772, elapsed_secs=7655, mean=0.582783, stdev=0.080737, best fit=0.694400, best_overall=0.694400, mean_diversity=0.128910,
indivs=4190870, elapsed_secs=7680, mean=0.594019, stdev=0.067491, best fit=0.694400, best_overall=0.694400, mean_diversity=0.129584,
indivs=4200968, elapsed_secs=7705, mean=0.615591, stdev=0.105953, best fit=0.694400, best_overall=0.694400, mean_diversity=0.148870,
indivs=4211066, elapsed_secs=7727, mean=0.574466, stdev=0.157714, best fit=0.694400, best_overall=0.694400, mean_diversity=0.157273,
indivs=4221164, elapsed_secs=7755, mean=0.612107, stdev=0.104844, best fit=0.694400, best_overall=0.694400, mean_diversity=0.063760,
indivs=4231262, elapsed_secs=7777, mean=0.621920, stdev=0.099787, best fit=0.694400, best_overall=0.694400, mean_diversity=0.101608,
indivs=4241360, elapsed_secs=7805, mean=0.621832, stdev=0.099858, best fit=0.694400, best_overall=0.694400, mean_diversity=0.106970,
indivs=4251458, elapsed_secs=7829, mean=0.634925, stdev=0.074873, best fit=0.694400, best_overall=0.694400, mean_diversity=0.148605,
indivs=4261556, elapsed_secs=7859, mean=0.609109, stdev=0.074350, best fit=0.694400, best_overall=0.694400, mean_diversity=0.119637,
indivs=4271654, elapsed_secs=7881, mean=0.604596, stdev=0.063613, best fit=0.694400, best_overall=0.694400, mean_diversity=0.128769,
indivs=4281752, elapsed_secs=7905, mean=0.625039, stdev=0.102412, best fit=0.694400, best_overall=0.694400, mean_diversity=0.115733,
indivs=4291850, elapsed_secs=7928, mean=0.584688, stdev=0.069926, best fit=0.694400, best_overall=0.694400, mean_diversity=0.114334,
indivs=4301948, elapsed_secs=7958, mean=0.633785, stdev=0.100358, best fit=0.694400, best_overall=0.694400, mean_diversity=0.108163,
indivs=4312046, elapsed_secs=7982, mean=0.636551, stdev=0.082285, best fit=0.694400, best_overall=0.694400, mean_diversity=0.117106,
indivs=4322144, elapsed_secs=8000, mean=0.612660, stdev=0.102718, best fit=0.694400, best_overall=0.694400, mean_diversity=0.196509,
indivs=4332242, elapsed_secs=8019, mean=0.625673, stdev=0.082545, best fit=0.694400, best_overall=0.694400, mean_diversity=0.247414,
indivs=4342340, elapsed_secs=8043, mean=0.571738, stdev=0.084273, best fit=0.694400, best_overall=0.694400, mean_diversity=0.106867,
indivs=4352438, elapsed_secs=8071, mean=0.625445, stdev=0.113923, best fit=0.694400, best_overall=0.694400, mean_diversity=0.099135,
indivs=4362536, elapsed_secs=8099, mean=0.615054, stdev=0.108374, best fit=0.694400, best_overall=0.694400, mean_diversity=0.095788,
indivs=4372634, elapsed_secs=8123, mean=0.618603, stdev=0.087255, best fit=0.694400, best_overall=0.694400, mean_diversity=0.112051,
indivs=4382732, elapsed_secs=8150, mean=0.606807, stdev=0.099357, best fit=0.694400, best_overall=0.694400, mean_diversity=0.079871,
indivs=4392830, elapsed_secs=8175, mean=0.592872, stdev=0.074435, best fit=0.694400, best_overall=0.694400, mean_diversity=0.101433,
indivs=4402928, elapsed_secs=8201, mean=0.632418, stdev=0.079234, best fit=0.694400, best_overall=0.694400, mean_diversity=0.103780,
indivs=4413026, elapsed_secs=8227, mean=0.633236, stdev=0.083042, best fit=0.694400, best_overall=0.694400, mean_diversity=0.113384,
indivs=4423124, elapsed_secs=8254, mean=0.574243, stdev=0.054358, best fit=0.694400, best_overall=0.694400, mean_diversity=0.137576,
indivs=4433222, elapsed_secs=8281, mean=0.599831, stdev=0.076077, best fit=0.694400, best_overall=0.694400, mean_diversity=0.103102,
indivs=4443320, elapsed_secs=8302, mean=0.610755, stdev=0.089115, best fit=0.694400, best_overall=0.694400, mean_diversity=0.065277,
indivs=4453418, elapsed_secs=8327, mean=0.608916, stdev=0.111071, best fit=0.694400, best_overall=0.694400, mean_diversity=0.126144,
indivs=4463516, elapsed_secs=8355, mean=0.613882, stdev=0.107905, best fit=0.694400, best_overall=0.694400, mean_diversity=0.205782,
indivs=4473614, elapsed_secs=8375, mean=0.600107, stdev=0.081547, best fit=0.694400, best_overall=0.694400, mean_diversity=0.092523,
indivs=4483712, elapsed_secs=8399, mean=0.588889, stdev=0.083143, best fit=0.694400, best_overall=0.694400, mean_diversity=0.121912,
indivs=4493810, elapsed_secs=8422, mean=0.600975, stdev=0.074738, best fit=0.694400, best_overall=0.694400, mean_diversity=0.091755,
indivs=4503908, elapsed_secs=8448, mean=0.572715, stdev=0.171222, best fit=0.694400, best_overall=0.694400, mean_diversity=0.131379,
indivs=4514006, elapsed_secs=8482, mean=0.607952, stdev=0.086266, best fit=0.694400, best_overall=0.694400, mean_diversity=0.197922,
indivs=4524104, elapsed_secs=8507, mean=0.595986, stdev=0.116733, best fit=0.694400, best_overall=0.694400, mean_diversity=0.113610,
indivs=4534202, elapsed_secs=8538, mean=0.629676, stdev=0.084389, best fit=0.694400, best_overall=0.694400, mean_diversity=0.081686,
indivs=4544300, elapsed_secs=8570, mean=0.614136, stdev=0.119680, best fit=0.694400, best_overall=0.694400, mean_diversity=0.090278,
indivs=4554398, elapsed_secs=8593, mean=0.593151, stdev=0.062781, best fit=0.694400, best_overall=0.694400, mean_diversity=0.114562,
indivs=4564496, elapsed_secs=8620, mean=0.592233, stdev=0.076193, best fit=0.694400, best_overall=0.694400, mean_diversity=0.186273,
indivs=4574594, elapsed_secs=8647, mean=0.619212, stdev=0.078800, best fit=0.694400, best_overall=0.694400, mean_diversity=0.134208,
indivs=4584692, elapsed_secs=8679, mean=0.616475, stdev=0.107550, best fit=0.695800, best_overall=0.695800, mean_diversity=0.122467,
indivs=4594790, elapsed_secs=8714, mean=0.625785, stdev=0.116781, best fit=0.695800, best_overall=0.695800, mean_diversity=0.112532,
indivs=4604888, elapsed_secs=8747, mean=0.604552, stdev=0.131990, best fit=0.695800, best_overall=0.695800, mean_diversity=0.130071,
indivs=4614986, elapsed_secs=8762, mean=0.587366, stdev=0.068659, best fit=0.695800, best_overall=0.695800, mean_diversity=0.168408,
indivs=4625084, elapsed_secs=8788, mean=0.609652, stdev=0.123888, best fit=0.695800, best_overall=0.695800, mean_diversity=0.104805,
indivs=4635182, elapsed_secs=8820, mean=0.597731, stdev=0.067373, best fit=0.695800, best_overall=0.695800, mean_diversity=0.119433,
indivs=4645280, elapsed_secs=8857, mean=0.630407, stdev=0.081141, best fit=0.695800, best_overall=0.695800, mean_diversity=0.154453,
indivs=4655378, elapsed_secs=8894, mean=0.599578, stdev=0.132994, best fit=0.695800, best_overall=0.695800, mean_diversity=0.097769,
indivs=4665476, elapsed_secs=8924, mean=0.613286, stdev=0.087359, best fit=0.695800, best_overall=0.695800, mean_diversity=0.157594,
indivs=4675574, elapsed_secs=8954, mean=0.589220, stdev=0.064348, best fit=0.695800, best_overall=0.695800, mean_diversity=0.171569,
indivs=4685672, elapsed_secs=8981, mean=0.596777, stdev=0.127485, best fit=0.695800, best_overall=0.695800, mean_diversity=0.142268,
indivs=4695770, elapsed_secs=9019, mean=0.581069, stdev=0.091043, best fit=0.695800, best_overall=0.695800, mean_diversity=0.132068,
indivs=4705868, elapsed_secs=9056, mean=0.599558, stdev=0.099975, best fit=0.695800, best_overall=0.695800, mean_diversity=0.135477,
indivs=4715966, elapsed_secs=9082, mean=0.611039, stdev=0.105959, best fit=0.695800, best_overall=0.695800, mean_diversity=0.122851,
indivs=4726064, elapsed_secs=9116, mean=0.599777, stdev=0.110379, best fit=0.695800, best_overall=0.695800, mean_diversity=0.123605,
indivs=4736162, elapsed_secs=9156, mean=0.610231, stdev=0.070924, best fit=0.695800, best_overall=0.695800, mean_diversity=0.105556,
indivs=4746260, elapsed_secs=9191, mean=0.586246, stdev=0.059836, best fit=0.695800, best_overall=0.695800, mean_diversity=0.108984,
indivs=4756358, elapsed_secs=9225, mean=0.633473, stdev=0.078716, best fit=0.695800, best_overall=0.695800, mean_diversity=0.183307,
indivs=4766456, elapsed_secs=9260, mean=0.630064, stdev=0.075082, best fit=0.695800, best_overall=0.695800, mean_diversity=0.116545,
indivs=4776554, elapsed_secs=9294, mean=0.537355, stdev=0.215104, best fit=0.695800, best_overall=0.695800, mean_diversity=0.111354,
indivs=4786652, elapsed_secs=9333, mean=0.613495, stdev=0.094019, best fit=0.695800, best_overall=0.695800, mean_diversity=0.149963,
indivs=4796750, elapsed_secs=9362, mean=0.594591, stdev=0.153557, best fit=0.695800, best_overall=0.695800, mean_diversity=0.140646,
indivs=4806848, elapsed_secs=9390, mean=0.618044, stdev=0.112322, best fit=0.695800, best_overall=0.695800, mean_diversity=0.109346,
indivs=4816946, elapsed_secs=9420, mean=0.591744, stdev=0.063229, best fit=0.695800, best_overall=0.695800, mean_diversity=0.118995,
indivs=4827044, elapsed_secs=9455, mean=0.602706, stdev=0.082765, best fit=0.695800, best_overall=0.695800, mean_diversity=0.107500,
indivs=4837142, elapsed_secs=9485, mean=0.604546, stdev=0.073777, best fit=0.695800, best_overall=0.695800, mean_diversity=0.149570,
indivs=4847240, elapsed_secs=9514, mean=0.607072, stdev=0.096801, best fit=0.695800, best_overall=0.695800, mean_diversity=0.116136,
indivs=4857338, elapsed_secs=9557, mean=0.587881, stdev=0.110265, best fit=0.695800, best_overall=0.695800, mean_diversity=0.144239,
indivs=4867436, elapsed_secs=9589, mean=0.622973, stdev=0.085265, best fit=0.695800, best_overall=0.695800, mean_diversity=0.078740,
indivs=4877534, elapsed_secs=9620, mean=0.606562, stdev=0.104309, best fit=0.695800, best_overall=0.695800, mean_diversity=0.173472,
indivs=4887632, elapsed_secs=9659, mean=0.607936, stdev=0.088917, best fit=0.695800, best_overall=0.695800, mean_diversity=0.099032,
indivs=4897730, elapsed_secs=9690, mean=0.612285, stdev=0.109044, best fit=0.695800, best_overall=0.695800, mean_diversity=0.163780,
indivs=4907828, elapsed_secs=9719, mean=0.618162, stdev=0.088091, best fit=0.695800, best_overall=0.695800, mean_diversity=0.101538,
indivs=4917926, elapsed_secs=9753, mean=0.613082, stdev=0.081986, best fit=0.695800, best_overall=0.695800, mean_diversity=0.078214,
indivs=4928024, elapsed_secs=9792, mean=0.602541, stdev=0.087204, best fit=0.695800, best_overall=0.695800, mean_diversity=0.059071,
indivs=4938122, elapsed_secs=9819, mean=0.620780, stdev=0.102424, best fit=0.695800, best_overall=0.695800, mean_diversity=0.092206,
indivs=4948220, elapsed_secs=9854, mean=0.576733, stdev=0.082654, best fit=0.695800, best_overall=0.695800, mean_diversity=0.112645,
indivs=4958318, elapsed_secs=9889, mean=0.585356, stdev=0.111576, best fit=0.695800, best_overall=0.695800, mean_diversity=0.121157,
indivs=4968416, elapsed_secs=9924, mean=0.573416, stdev=0.081770, best fit=0.695800, best_overall=0.695800, mean_diversity=0.113934,
indivs=4978514, elapsed_secs=9957, mean=0.561416, stdev=0.097197, best fit=0.695800, best_overall=0.695800, mean_diversity=0.100984,
indivs=4988612, elapsed_secs=9987, mean=0.618885, stdev=0.088981, best fit=0.695800, best_overall=0.695800, mean_diversity=0.128395,
indivs=4998710, elapsed_secs=10026, mean=0.596868, stdev=0.057935, best fit=0.695800, best_overall=0.695800, mean_diversity=0.101790,
indivs=5008808, elapsed_secs=10057, mean=0.594980, stdev=0.096687, best fit=0.695800, best_overall=0.695800, mean_diversity=0.140468,
indivs=5018906, elapsed_secs=10090, mean=0.602621, stdev=0.100142, best fit=0.695800, best_overall=0.695800, mean_diversity=0.134021,
indivs=5029004, elapsed_secs=10122, mean=0.596572, stdev=0.118581, best fit=0.695800, best_overall=0.695800, mean_diversity=0.136895,
indivs=5039102, elapsed_secs=10154, mean=0.619531, stdev=0.107667, best fit=0.695800, best_overall=0.695800, mean_diversity=0.139252,
indivs=5049200, elapsed_secs=10188, mean=0.607563, stdev=0.103962, best fit=0.695800, best_overall=0.695800, mean_diversity=0.154698,
indivs=5059298, elapsed_secs=10221, mean=0.607315, stdev=0.135026, best fit=0.695800, best_overall=0.695800, mean_diversity=0.153716,
indivs=5069396, elapsed_secs=10253, mean=0.611472, stdev=0.108226, best fit=0.695800, best_overall=0.695800, mean_diversity=0.168731,
indivs=5079494, elapsed_secs=10287, mean=0.605998, stdev=0.108082, best fit=0.695800, best_overall=0.695800, mean_diversity=0.133887,
indivs=5089592, elapsed_secs=10318, mean=0.598088, stdev=0.084363, best fit=0.695800, best_overall=0.695800, mean_diversity=0.130220,
indivs=5099690, elapsed_secs=10352, mean=0.593392, stdev=0.074871, best fit=0.695800, best_overall=0.695800, mean_diversity=0.107485,
indivs=5109788, elapsed_secs=10385, mean=0.589384, stdev=0.144725, best fit=0.695800, best_overall=0.695800, mean_diversity=0.142529,
indivs=5119886, elapsed_secs=10418, mean=0.622696, stdev=0.091662, best fit=0.695800, best_overall=0.695800, mean_diversity=0.142541,
indivs=5129984, elapsed_secs=10453, mean=0.612172, stdev=0.109776, best fit=0.695800, best_overall=0.695800, mean_diversity=0.093391,
indivs=5140082, elapsed_secs=10486, mean=0.580348, stdev=0.148999, best fit=0.695800, best_overall=0.695800, mean_diversity=0.159855,
indivs=5150180, elapsed_secs=10520, mean=0.604526, stdev=0.144042, best fit=0.695800, best_overall=0.695800, mean_diversity=0.252436,
indivs=5160278, elapsed_secs=10566, mean=0.587499, stdev=0.139640, best fit=0.695800, best_overall=0.695800, mean_diversity=0.215541,
indivs=5170376, elapsed_secs=10601, mean=0.599808, stdev=0.123797, best fit=0.695800, best_overall=0.695800, mean_diversity=0.163164,
indivs=5180474, elapsed_secs=10634, mean=0.625689, stdev=0.082674, best fit=0.695800, best_overall=0.695800, mean_diversity=0.277047,
indivs=5190572, elapsed_secs=10669, mean=0.566246, stdev=0.062259, best fit=0.695800, best_overall=0.695800, mean_diversity=0.200217,
indivs=5200670, elapsed_secs=10704, mean=0.609378, stdev=0.084687, best fit=0.695800, best_overall=0.695800, mean_diversity=0.088849,
indivs=5210768, elapsed_secs=10739, mean=0.585310, stdev=0.080839, best fit=0.695800, best_overall=0.695800, mean_diversity=0.151284,
indivs=5220866, elapsed_secs=10773, mean=0.603891, stdev=0.050585, best fit=0.695800, best_overall=0.695800, mean_diversity=0.116830,
indivs=5230964, elapsed_secs=10810, mean=0.594591, stdev=0.095478, best fit=0.695800, best_overall=0.695800, mean_diversity=0.124143,
indivs=5241062, elapsed_secs=10846, mean=0.572273, stdev=0.065953, best fit=0.695800, best_overall=0.695800, mean_diversity=0.150612,
indivs=5251160, elapsed_secs=10886, mean=0.602366, stdev=0.084133, best fit=0.695800, best_overall=0.695800, mean_diversity=0.143505,
indivs=5261258, elapsed_secs=10915, mean=0.610705, stdev=0.076894, best fit=0.695800, best_overall=0.695800, mean_diversity=0.167079,
indivs=5271356, elapsed_secs=10953, mean=0.594114, stdev=0.111222, best fit=0.695800, best_overall=0.695800, mean_diversity=0.140361,
indivs=5281454, elapsed_secs=10987, mean=0.594356, stdev=0.078674, best fit=0.695800, best_overall=0.695800, mean_diversity=0.189956,
indivs=5291552, elapsed_secs=11021, mean=0.592219, stdev=0.075897, best fit=0.695800, best_overall=0.695800, mean_diversity=0.090115,
indivs=5301650, elapsed_secs=11053, mean=0.611059, stdev=0.078234, best fit=0.695800, best_overall=0.695800, mean_diversity=0.214751,
indivs=5311748, elapsed_secs=11085, mean=0.610065, stdev=0.085678, best fit=0.695800, best_overall=0.695800, mean_diversity=0.143057,
indivs=5321846, elapsed_secs=11117, mean=0.601427, stdev=0.112941, best fit=0.695800, best_overall=0.695800, mean_diversity=0.106416,
indivs=5331944, elapsed_secs=11149, mean=0.619525, stdev=0.100503, best fit=0.695800, best_overall=0.695800, mean_diversity=0.129636,
indivs=5342042, elapsed_secs=11179, mean=0.624890, stdev=0.078027, best fit=0.695800, best_overall=0.695800, mean_diversity=0.104568,
indivs=5352140, elapsed_secs=11215, mean=0.604709, stdev=0.091665, best fit=0.695800, best_overall=0.695800, mean_diversity=0.108429,
indivs=5362238, elapsed_secs=11249, mean=0.615415, stdev=0.082627, best fit=0.695800, best_overall=0.695800, mean_diversity=0.110343,
indivs=5372336, elapsed_secs=11288, mean=0.614304, stdev=0.085680, best fit=0.695800, best_overall=0.695800, mean_diversity=0.132979,
indivs=5382434, elapsed_secs=11323, mean=0.615998, stdev=0.130186, best fit=0.695800, best_overall=0.695800, mean_diversity=0.124608,
indivs=5392532, elapsed_secs=11357, mean=0.626488, stdev=0.108241, best fit=0.695800, best_overall=0.695800, mean_diversity=0.147483,
indivs=5402630, elapsed_secs=11393, mean=0.617744, stdev=0.109443, best fit=0.695800, best_overall=0.695800, mean_diversity=0.100154,
indivs=5412728, elapsed_secs=11426, mean=0.604137, stdev=0.105461, best fit=0.695800, best_overall=0.695800, mean_diversity=0.132293,
indivs=5422826, elapsed_secs=11459, mean=0.585507, stdev=0.106606, best fit=0.695800, best_overall=0.695800, mean_diversity=0.158966,
indivs=5432924, elapsed_secs=11492, mean=0.573890, stdev=0.074593, best fit=0.695800, best_overall=0.695800, mean_diversity=0.113639,
indivs=5443022, elapsed_secs=11530, mean=0.620437, stdev=0.079637, best fit=0.695800, best_overall=0.695800, mean_diversity=0.154378,
indivs=5453120, elapsed_secs=11563, mean=0.623832, stdev=0.080033, best fit=0.695800, best_overall=0.695800, mean_diversity=0.105685,
indivs=5463218, elapsed_secs=11598, mean=0.608065, stdev=0.105220, best fit=0.695800, best_overall=0.695800, mean_diversity=0.146918,
indivs=5473316, elapsed_secs=11630, mean=0.567905, stdev=0.083107, best fit=0.695800, best_overall=0.695800, mean_diversity=0.146926,
indivs=5483414, elapsed_secs=11660, mean=0.597977, stdev=0.074878, best fit=0.695800, best_overall=0.695800, mean_diversity=0.125027,
indivs=5493512, elapsed_secs=11695, mean=0.575525, stdev=0.121252, best fit=0.695800, best_overall=0.695800, mean_diversity=0.166712,
indivs=5503610, elapsed_secs=11725, mean=0.576616, stdev=0.098618, best fit=0.695800, best_overall=0.695800, mean_diversity=0.122542,
indivs=5513708, elapsed_secs=11760, mean=0.622228, stdev=0.101895, best fit=0.695800, best_overall=0.695800, mean_diversity=0.141463,
indivs=5523806, elapsed_secs=11790, mean=0.602994, stdev=0.073560, best fit=0.695800, best_overall=0.695800, mean_diversity=0.088760,
indivs=5533904, elapsed_secs=11823, mean=0.616446, stdev=0.110793, best fit=0.695800, best_overall=0.695800, mean_diversity=0.080806,
indivs=5544002, elapsed_secs=11854, mean=0.589065, stdev=0.084374, best fit=0.695800, best_overall=0.695800, mean_diversity=0.214377,
indivs=5554100, elapsed_secs=11885, mean=0.549577, stdev=0.202831, best fit=0.695800, best_overall=0.695800, mean_diversity=0.149558,
indivs=5564198, elapsed_secs=11925, mean=0.572613, stdev=0.126560, best fit=0.695800, best_overall=0.695800, mean_diversity=0.117975,
indivs=5574296, elapsed_secs=11958, mean=0.620207, stdev=0.087460, best fit=0.695800, best_overall=0.695800, mean_diversity=0.108707,
indivs=5584394, elapsed_secs=11999, mean=0.582648, stdev=0.140062, best fit=0.695800, best_overall=0.695800, mean_diversity=0.148719,
indivs=5594492, elapsed_secs=12027, mean=0.582749, stdev=0.063824, best fit=0.695800, best_overall=0.695800, mean_diversity=0.118510,
indivs=5604590, elapsed_secs=12067, mean=0.631134, stdev=0.086749, best fit=0.695800, best_overall=0.695800, mean_diversity=0.235878,
indivs=5614688, elapsed_secs=12100, mean=0.597009, stdev=0.099761, best fit=0.695800, best_overall=0.695800, mean_diversity=0.140367,
indivs=5624786, elapsed_secs=12127, mean=0.623166, stdev=0.107346, best fit=0.695800, best_overall=0.695800, mean_diversity=0.135520,
indivs=5634884, elapsed_secs=12162, mean=0.594380, stdev=0.099686, best fit=0.695800, best_overall=0.695800, mean_diversity=0.104077,
indivs=5644982, elapsed_secs=12198, mean=0.609638, stdev=0.122901, best fit=0.695800, best_overall=0.695800, mean_diversity=0.178327,
indivs=5655080, elapsed_secs=12239, mean=0.608708, stdev=0.102680, best fit=0.695800, best_overall=0.695800, mean_diversity=0.142149,
indivs=5665178, elapsed_secs=12271, mean=0.621502, stdev=0.080126, best fit=0.695800, best_overall=0.695800, mean_diversity=0.137527,
indivs=5675276, elapsed_secs=12304, mean=0.580171, stdev=0.086721, best fit=0.695800, best_overall=0.695800, mean_diversity=0.117778,
indivs=5685374, elapsed_secs=12336, mean=0.613991, stdev=0.087742, best fit=0.695800, best_overall=0.695800, mean_diversity=0.086859,
indivs=5695472, elapsed_secs=12371, mean=0.593607, stdev=0.092895, best fit=0.695800, best_overall=0.695800, mean_diversity=0.121171,
indivs=5705570, elapsed_secs=12405, mean=0.604499, stdev=0.114836, best fit=0.695800, best_overall=0.695800, mean_diversity=0.151705,
indivs=5715668, elapsed_secs=12438, mean=0.601621, stdev=0.093923, best fit=0.695800, best_overall=0.695800, mean_diversity=0.085710,
indivs=5725766, elapsed_secs=12458, mean=0.596495, stdev=0.115729, best fit=0.695800, best_overall=0.695800, mean_diversity=0.197104,
indivs=5735864, elapsed_secs=12490, mean=0.588871, stdev=0.122949, best fit=0.695800, best_overall=0.695800, mean_diversity=0.120537,
indivs=5745962, elapsed_secs=12518, mean=0.602837, stdev=0.109207, best fit=0.695800, best_overall=0.695800, mean_diversity=0.133814,
indivs=5756060, elapsed_secs=12550, mean=0.596881, stdev=0.059753, best fit=0.695800, best_overall=0.695800, mean_diversity=0.133364,
indivs=5766158, elapsed_secs=12580, mean=0.604859, stdev=0.082081, best fit=0.695800, best_overall=0.695800, mean_diversity=0.119406,
indivs=5776256, elapsed_secs=12608, mean=0.629159, stdev=0.081863, best fit=0.695800, best_overall=0.695800, mean_diversity=0.126205,
indivs=5786354, elapsed_secs=12643, mean=0.607950, stdev=0.086625, best fit=0.695800, best_overall=0.695800, mean_diversity=0.083964,
indivs=5796452, elapsed_secs=12670, mean=0.594101, stdev=0.128905, best fit=0.695800, best_overall=0.695800, mean_diversity=0.113191,
indivs=5806550, elapsed_secs=12700, mean=0.594934, stdev=0.126241, best fit=0.695800, best_overall=0.695800, mean_diversity=0.139419,
indivs=5816648, elapsed_secs=12733, mean=0.641282, stdev=0.077700, best fit=0.695800, best_overall=0.695800, mean_diversity=0.142050,
indivs=5826746, elapsed_secs=12762, mean=0.591261, stdev=0.076545, best fit=0.695800, best_overall=0.695800, mean_diversity=0.145874,
indivs=5836844, elapsed_secs=12793, mean=0.615369, stdev=0.097171, best fit=0.695800, best_overall=0.695800, mean_diversity=0.115581,
indivs=5846942, elapsed_secs=12822, mean=0.595285, stdev=0.102038, best fit=0.695800, best_overall=0.695800, mean_diversity=0.106531,
indivs=5857040, elapsed_secs=12856, mean=0.600708, stdev=0.120541, best fit=0.695800, best_overall=0.695800, mean_diversity=0.115698,
indivs=5867138, elapsed_secs=12893, mean=0.635148, stdev=0.078691, best fit=0.695800, best_overall=0.695800, mean_diversity=0.134686,
indivs=5877236, elapsed_secs=12928, mean=0.570321, stdev=0.143737, best fit=0.695800, best_overall=0.695800, mean_diversity=0.178697,
indivs=5887334, elapsed_secs=12956, mean=0.562795, stdev=0.117110, best fit=0.695800, best_overall=0.695800, mean_diversity=0.118651,
indivs=5897432, elapsed_secs=12989, mean=0.607763, stdev=0.167836, best fit=0.695800, best_overall=0.695800, mean_diversity=0.125134,
indivs=5907530, elapsed_secs=13020, mean=0.640380, stdev=0.079958, best fit=0.695800, best_overall=0.695800, mean_diversity=0.225207,
indivs=5917628, elapsed_secs=13048, mean=0.617458, stdev=0.105556, best fit=0.695800, best_overall=0.695800, mean_diversity=0.139350,
indivs=5927726, elapsed_secs=13081, mean=0.626825, stdev=0.083176, best fit=0.695800, best_overall=0.695800, mean_diversity=0.101828,
indivs=5937824, elapsed_secs=13115, mean=0.593091, stdev=0.071448, best fit=0.695800, best_overall=0.695800, mean_diversity=0.115728,
indivs=5947922, elapsed_secs=13149, mean=0.574693, stdev=0.102292, best fit=0.695800, best_overall=0.695800, mean_diversity=0.203633,
indivs=5958020, elapsed_secs=13192, mean=0.618799, stdev=0.075444, best fit=0.695800, best_overall=0.695800, mean_diversity=0.071551,
indivs=5968118, elapsed_secs=13225, mean=0.597270, stdev=0.064824, best fit=0.695800, best_overall=0.695800, mean_diversity=0.187524,
indivs=5978216, elapsed_secs=13260, mean=0.606523, stdev=0.097147, best fit=0.695800, best_overall=0.695800, mean_diversity=0.090363,
indivs=5988314, elapsed_secs=13303, mean=0.585886, stdev=0.167840, best fit=0.695800, best_overall=0.695800, mean_diversity=0.129084,
indivs=5998412, elapsed_secs=13339, mean=0.594411, stdev=0.075076, best fit=0.695800, best_overall=0.695800, mean_diversity=0.164058,
indivs=6008510, elapsed_secs=13371, mean=0.593419, stdev=0.135058, best fit=0.695800, best_overall=0.695800, mean_diversity=0.139805,
indivs=6018608, elapsed_secs=13403, mean=0.573339, stdev=0.074972, best fit=0.695800, best_overall=0.695800, mean_diversity=0.123636,
indivs=6028706, elapsed_secs=13434, mean=0.626464, stdev=0.080827, best fit=0.695800, best_overall=0.695800, mean_diversity=0.124530,
indivs=6038804, elapsed_secs=13469, mean=0.595831, stdev=0.053989, best fit=0.695800, best_overall=0.695800, mean_diversity=0.126052,
indivs=6048902, elapsed_secs=13510, mean=0.574730, stdev=0.172095, best fit=0.695800, best_overall=0.695800, mean_diversity=0.168073,
indivs=6059000, elapsed_secs=13544, mean=0.604632, stdev=0.168819, best fit=0.695800, best_overall=0.695800, mean_diversity=0.170658,
indivs=6069098, elapsed_secs=13577, mean=0.635512, stdev=0.095919, best fit=0.695800, best_overall=0.695800, mean_diversity=0.113759,
indivs=6079196, elapsed_secs=13615, mean=0.622519, stdev=0.083969, best fit=0.695800, best_overall=0.695800, mean_diversity=0.134330,
indivs=6089294, elapsed_secs=13653, mean=0.605144, stdev=0.130259, best fit=0.695800, best_overall=0.695800, mean_diversity=0.139458,
indivs=6099392, elapsed_secs=13681, mean=0.587974, stdev=0.099155, best fit=0.695800, best_overall=0.695800, mean_diversity=0.102157,
indivs=6109490, elapsed_secs=13718, mean=0.608473, stdev=0.119655, best fit=0.695800, best_overall=0.695800, mean_diversity=0.083034,
indivs=6119588, elapsed_secs=13751, mean=0.589045, stdev=0.066896, best fit=0.695800, best_overall=0.695800, mean_diversity=0.114160,
indivs=6129686, elapsed_secs=13783, mean=0.587570, stdev=0.058578, best fit=0.695800, best_overall=0.695800, mean_diversity=0.135326,
indivs=6139784, elapsed_secs=13820, mean=0.596319, stdev=0.067191, best fit=0.695800, best_overall=0.695800, mean_diversity=0.122559,
indivs=6149882, elapsed_secs=13854, mean=0.558817, stdev=0.100798, best fit=0.695800, best_overall=0.695800, mean_diversity=0.120697,
indivs=6159980, elapsed_secs=13890, mean=0.602844, stdev=0.098317, best fit=0.695800, best_overall=0.695800, mean_diversity=0.104403,
indivs=6170078, elapsed_secs=13923, mean=0.582734, stdev=0.160783, best fit=0.695800, best_overall=0.695800, mean_diversity=0.162441,
indivs=6180176, elapsed_secs=13957, mean=0.598149, stdev=0.079909, best fit=0.695800, best_overall=0.695800, mean_diversity=0.172103,
indivs=6190274, elapsed_secs=13987, mean=0.597161, stdev=0.071942, best fit=0.695800, best_overall=0.695800, mean_diversity=0.102612,
indivs=6200372, elapsed_secs=14019, mean=0.621635, stdev=0.103552, best fit=0.695800, best_overall=0.695800, mean_diversity=0.107096,
indivs=6210470, elapsed_secs=14059, mean=0.585372, stdev=0.087855, best fit=0.695800, best_overall=0.695800, mean_diversity=0.132219,
indivs=6220568, elapsed_secs=14089, mean=0.603761, stdev=0.069268, best fit=0.695800, best_overall=0.695800, mean_diversity=0.170000,
indivs=6230666, elapsed_secs=14130, mean=0.604648, stdev=0.118146, best fit=0.695800, best_overall=0.695800, mean_diversity=0.238376,
indivs=6240764, elapsed_secs=14158, mean=0.596978, stdev=0.079996, best fit=0.695800, best_overall=0.695800, mean_diversity=0.189902,
indivs=6250862, elapsed_secs=14191, mean=0.628567, stdev=0.078938, best fit=0.695800, best_overall=0.695800, mean_diversity=0.137864,
indivs=6260960, elapsed_secs=14227, mean=0.596962, stdev=0.069163, best fit=0.695800, best_overall=0.695800, mean_diversity=0.132374,
indivs=6271058, elapsed_secs=14262, mean=0.574741, stdev=0.116605, best fit=0.695800, best_overall=0.695800, mean_diversity=0.177172,
indivs=6281156, elapsed_secs=14299, mean=0.559346, stdev=0.160081, best fit=0.695800, best_overall=0.695800, mean_diversity=0.117720,
indivs=6291254, elapsed_secs=14338, mean=0.597980, stdev=0.121982, best fit=0.695800, best_overall=0.695800, mean_diversity=0.167613,
indivs=6301352, elapsed_secs=14376, mean=0.604659, stdev=0.119006, best fit=0.695800, best_overall=0.695800, mean_diversity=0.132573,
indivs=6311450, elapsed_secs=14415, mean=0.597052, stdev=0.124978, best fit=0.695800, best_overall=0.695800, mean_diversity=0.143439,
indivs=6321548, elapsed_secs=14454, mean=0.611137, stdev=0.116534, best fit=0.695800, best_overall=0.695800, mean_diversity=0.150265,
indivs=6331646, elapsed_secs=14493, mean=0.620747, stdev=0.106133, best fit=0.695800, best_overall=0.695800, mean_diversity=0.082201,
indivs=6341744, elapsed_secs=14534, mean=0.602407, stdev=0.102461, best fit=0.695800, best_overall=0.695800, mean_diversity=0.122583,
indivs=6351842, elapsed_secs=14573, mean=0.591160, stdev=0.115939, best fit=0.695800, best_overall=0.695800, mean_diversity=0.123123,
indivs=6361940, elapsed_secs=14604, mean=0.615646, stdev=0.103264, best fit=0.695800, best_overall=0.695800, mean_diversity=0.100612,
indivs=6372038, elapsed_secs=14641, mean=0.602564, stdev=0.097169, best fit=0.695800, best_overall=0.695800, mean_diversity=0.156154,
indivs=6382136, elapsed_secs=14673, mean=0.585555, stdev=0.125632, best fit=0.695800, best_overall=0.695800, mean_diversity=0.266111,
indivs=6392234, elapsed_secs=14703, mean=0.604587, stdev=0.095367, best fit=0.695800, best_overall=0.695800, mean_diversity=0.119843,
indivs=6402332, elapsed_secs=14736, mean=0.568014, stdev=0.178039, best fit=0.695800, best_overall=0.695800, mean_diversity=0.165989,
indivs=6412430, elapsed_secs=14770, mean=0.595042, stdev=0.096030, best fit=0.695800, best_overall=0.695800, mean_diversity=0.108943,
indivs=6422528, elapsed_secs=14801, mean=0.585854, stdev=0.086355, best fit=0.695800, best_overall=0.695800, mean_diversity=0.125881,
indivs=6432626, elapsed_secs=14835, mean=0.590517, stdev=0.077506, best fit=0.695800, best_overall=0.695800, mean_diversity=0.083744,
indivs=6442724, elapsed_secs=14868, mean=0.590278, stdev=0.157117, best fit=0.695800, best_overall=0.695800, mean_diversity=0.144080,
indivs=6452822, elapsed_secs=14900, mean=0.598247, stdev=0.117921, best fit=0.695800, best_overall=0.695800, mean_diversity=0.146277,
indivs=6462920, elapsed_secs=14936, mean=0.597912, stdev=0.108394, best fit=0.695800, best_overall=0.695800, mean_diversity=0.137020,
indivs=6473018, elapsed_secs=14980, mean=0.612634, stdev=0.131888, best fit=0.695800, best_overall=0.695800, mean_diversity=0.101451,
indivs=6483116, elapsed_secs=15010, mean=0.573580, stdev=0.083173, best fit=0.695800, best_overall=0.695800, mean_diversity=0.083724,
indivs=6493214, elapsed_secs=15038, mean=0.581044, stdev=0.090103, best fit=0.695800, best_overall=0.695800, mean_diversity=0.121765,
indivs=6503312, elapsed_secs=15077, mean=0.614955, stdev=0.102044, best fit=0.695800, best_overall=0.695800, mean_diversity=0.143208,
indivs=6513410, elapsed_secs=15117, mean=0.594759, stdev=0.087315, best fit=0.695800, best_overall=0.695800, mean_diversity=0.128444,
indivs=6523508, elapsed_secs=15147, mean=0.606860, stdev=0.089914, best fit=0.695800, best_overall=0.695800, mean_diversity=0.265316,
indivs=6533606, elapsed_secs=15187, mean=0.596494, stdev=0.124481, best fit=0.695800, best_overall=0.695800, mean_diversity=0.130783,
indivs=6543704, elapsed_secs=15223, mean=0.602003, stdev=0.072270, best fit=0.695800, best_overall=0.695800, mean_diversity=0.112809,
indivs=6553802, elapsed_secs=15254, mean=0.577171, stdev=0.098620, best fit=0.695800, best_overall=0.695800, mean_diversity=0.124518,
indivs=6563900, elapsed_secs=15290, mean=0.616619, stdev=0.107651, best fit=0.695800, best_overall=0.695800, mean_diversity=0.146728,
indivs=6573998, elapsed_secs=15328, mean=0.597991, stdev=0.126728, best fit=0.695800, best_overall=0.695800, mean_diversity=0.073944,
indivs=6584096, elapsed_secs=15367, mean=0.577426, stdev=0.121474, best fit=0.695800, best_overall=0.695800, mean_diversity=0.112915,
indivs=6594194, elapsed_secs=15400, mean=0.564817, stdev=0.212517, best fit=0.695800, best_overall=0.695800, mean_diversity=0.147808,
indivs=6604292, elapsed_secs=15429, mean=0.630606, stdev=0.075692, best fit=0.695800, best_overall=0.695800, mean_diversity=0.137083,
indivs=6614390, elapsed_secs=15466, mean=0.597998, stdev=0.066031, best fit=0.695800, best_overall=0.695800, mean_diversity=0.127170,
indivs=6624488, elapsed_secs=15497, mean=0.587708, stdev=0.060238, best fit=0.695800, best_overall=0.695800, mean_diversity=0.177323,
indivs=6634586, elapsed_secs=15530, mean=0.591908, stdev=0.107873, best fit=0.695800, best_overall=0.695800, mean_diversity=0.214161,
indivs=6644684, elapsed_secs=15564, mean=0.566267, stdev=0.100858, best fit=0.695800, best_overall=0.695800, mean_diversity=0.149700,
indivs=6654782, elapsed_secs=15605, mean=0.597673, stdev=0.103508, best fit=0.695800, best_overall=0.695800, mean_diversity=0.152989,
indivs=6664880, elapsed_secs=15637, mean=0.619501, stdev=0.076849, best fit=0.695800, best_overall=0.695800, mean_diversity=0.113436,
indivs=6674978, elapsed_secs=15674, mean=0.618411, stdev=0.083118, best fit=0.695800, best_overall=0.695800, mean_diversity=0.133451,
indivs=6685076, elapsed_secs=15707, mean=0.624350, stdev=0.082365, best fit=0.695800, best_overall=0.695800, mean_diversity=0.110485,
indivs=6695174, elapsed_secs=15741, mean=0.630991, stdev=0.098188, best fit=0.695800, best_overall=0.695800, mean_diversity=0.133252,
indivs=6705272, elapsed_secs=15774, mean=0.592929, stdev=0.098167, best fit=0.695800, best_overall=0.695800, mean_diversity=0.170749,
indivs=6715370, elapsed_secs=15808, mean=0.556733, stdev=0.113166, best fit=0.695800, best_overall=0.695800, mean_diversity=0.084176,
indivs=6725468, elapsed_secs=15836, mean=0.529199, stdev=0.212418, best fit=0.695800, best_overall=0.695800, mean_diversity=0.095183,
indivs=6735566, elapsed_secs=15876, mean=0.607412, stdev=0.098079, best fit=0.695800, best_overall=0.695800, mean_diversity=0.124708,
indivs=6745664, elapsed_secs=15906, mean=0.560717, stdev=0.110452, best fit=0.695800, best_overall=0.695800, mean_diversity=0.119140,
indivs=6755762, elapsed_secs=15940, mean=0.619706, stdev=0.103462, best fit=0.695800, best_overall=0.695800, mean_diversity=0.118079,
indivs=6765860, elapsed_secs=15975, mean=0.568357, stdev=0.083805, best fit=0.695800, best_overall=0.695800, mean_diversity=0.105646,
indivs=6775958, elapsed_secs=16020, mean=0.597503, stdev=0.091011, best fit=0.695800, best_overall=0.695800, mean_diversity=0.219948,
indivs=6786056, elapsed_secs=16058, mean=0.615985, stdev=0.124571, best fit=0.695800, best_overall=0.695800, mean_diversity=0.126164,
indivs=6796154, elapsed_secs=16090, mean=0.594946, stdev=0.107206, best fit=0.695800, best_overall=0.695800, mean_diversity=0.128996,
indivs=6806252, elapsed_secs=16128, mean=0.571943, stdev=0.120374, best fit=0.695800, best_overall=0.695800, mean_diversity=0.163263,
indivs=6816350, elapsed_secs=16162, mean=0.587692, stdev=0.064266, best fit=0.695800, best_overall=0.695800, mean_diversity=0.171266,
indivs=6826448, elapsed_secs=16198, mean=0.578606, stdev=0.083539, best fit=0.695800, best_overall=0.695800, mean_diversity=0.135440,
indivs=6836546, elapsed_secs=16234, mean=0.616327, stdev=0.112942, best fit=0.695800, best_overall=0.695800, mean_diversity=0.122749,
indivs=6846644, elapsed_secs=16270, mean=0.588960, stdev=0.120941, best fit=0.695800, best_overall=0.695800, mean_diversity=0.139435,
indivs=6856742, elapsed_secs=16303, mean=0.580919, stdev=0.149677, best fit=0.695800, best_overall=0.695800, mean_diversity=0.164388,
indivs=6866840, elapsed_secs=16337, mean=0.574353, stdev=0.060458, best fit=0.695800, best_overall=0.695800, mean_diversity=0.135284,
indivs=6876938, elapsed_secs=16375, mean=0.583170, stdev=0.070408, best fit=0.695800, best_overall=0.695800, mean_diversity=0.143669,
indivs=6887036, elapsed_secs=16406, mean=0.622525, stdev=0.101568, best fit=0.695800, best_overall=0.695800, mean_diversity=0.135045,
indivs=6897134, elapsed_secs=16439, mean=0.607414, stdev=0.101543, best fit=0.695800, best_overall=0.695800, mean_diversity=0.132334,
indivs=6907232, elapsed_secs=16472, mean=0.607548, stdev=0.086110, best fit=0.695800, best_overall=0.695800, mean_diversity=0.089314,
indivs=6917330, elapsed_secs=16504, mean=0.614968, stdev=0.086312, best fit=0.695800, best_overall=0.695800, mean_diversity=0.128851,
indivs=6927428, elapsed_secs=16537, mean=0.591815, stdev=0.134795, best fit=0.695800, best_overall=0.695800, mean_diversity=0.108350,
indivs=6937526, elapsed_secs=16562, mean=0.621838, stdev=0.075989, best fit=0.695800, best_overall=0.695800, mean_diversity=0.115432,
indivs=6947624, elapsed_secs=16600, mean=0.632169, stdev=0.075570, best fit=0.695800, best_overall=0.695800, mean_diversity=0.126364,
indivs=6957722, elapsed_secs=16630, mean=0.595269, stdev=0.096231, best fit=0.695800, best_overall=0.695800, mean_diversity=0.116226,
indivs=6967820, elapsed_secs=16663, mean=0.589945, stdev=0.077745, best fit=0.695800, best_overall=0.695800, mean_diversity=0.266331,
indivs=6977918, elapsed_secs=16695, mean=0.603066, stdev=0.125854, best fit=0.695800, best_overall=0.695800, mean_diversity=0.148688,
indivs=6988016, elapsed_secs=16728, mean=0.571804, stdev=0.065859, best fit=0.695800, best_overall=0.695800, mean_diversity=0.174632,
indivs=6998114, elapsed_secs=16767, mean=0.594664, stdev=0.091188, best fit=0.695800, best_overall=0.695800, mean_diversity=0.166260,
indivs=7008212, elapsed_secs=16796, mean=0.607315, stdev=0.115565, best fit=0.695800, best_overall=0.695800, mean_diversity=0.139250,
indivs=7018310, elapsed_secs=16834, mean=0.572610, stdev=0.095111, best fit=0.695800, best_overall=0.695800, mean_diversity=0.171974,
indivs=7028408, elapsed_secs=16877, mean=0.567571, stdev=0.105899, best fit=0.695800, best_overall=0.695800, mean_diversity=0.097098,
indivs=7038506, elapsed_secs=16910, mean=0.590639, stdev=0.107076, best fit=0.695800, best_overall=0.695800, mean_diversity=0.113659,
indivs=7048604, elapsed_secs=16943, mean=0.597037, stdev=0.077470, best fit=0.695800, best_overall=0.695800, mean_diversity=0.104831,
indivs=7058702, elapsed_secs=16983, mean=0.610193, stdev=0.139896, best fit=0.695800, best_overall=0.695800, mean_diversity=0.208373,
indivs=7068800, elapsed_secs=17012, mean=0.570459, stdev=0.088243, best fit=0.695800, best_overall=0.695800, mean_diversity=0.129080,
indivs=7078898, elapsed_secs=17048, mean=0.569741, stdev=0.058508, best fit=0.695800, best_overall=0.695800, mean_diversity=0.136971,
indivs=7088996, elapsed_secs=17081, mean=0.587188, stdev=0.066588, best fit=0.695800, best_overall=0.695800, mean_diversity=0.115865,
indivs=7099094, elapsed_secs=17111, mean=0.602494, stdev=0.094618, best fit=0.695800, best_overall=0.695800, mean_diversity=0.117719,
indivs=7109192, elapsed_secs=17147, mean=0.601495, stdev=0.062690, best fit=0.695800, best_overall=0.695800, mean_diversity=0.177077,
indivs=7119290, elapsed_secs=17179, mean=0.595259, stdev=0.064188, best fit=0.695800, best_overall=0.695800, mean_diversity=0.183091,
indivs=7129388, elapsed_secs=17213, mean=0.614503, stdev=0.078409, best fit=0.695800, best_overall=0.695800, mean_diversity=0.105525,
indivs=7139486, elapsed_secs=17249, mean=0.511898, stdev=0.162158, best fit=0.695800, best_overall=0.695800, mean_diversity=0.162510,
indivs=7149584, elapsed_secs=17286, mean=0.579242, stdev=0.096596, best fit=0.695800, best_overall=0.695800, mean_diversity=0.113082,
indivs=7159682, elapsed_secs=17313, mean=0.582986, stdev=0.072012, best fit=0.695800, best_overall=0.695800, mean_diversity=0.120649,
indivs=7169780, elapsed_secs=17343, mean=0.569914, stdev=0.117285, best fit=0.695800, best_overall=0.695800, mean_diversity=0.151839,
indivs=7179878, elapsed_secs=17371, mean=0.574066, stdev=0.079252, best fit=0.695800, best_overall=0.695800, mean_diversity=0.079852,
indivs=7189976, elapsed_secs=17404, mean=0.603210, stdev=0.072441, best fit=0.695800, best_overall=0.695800, mean_diversity=0.113058,
indivs=7200074, elapsed_secs=17432, mean=0.634539, stdev=0.084336, best fit=0.695800, best_overall=0.695800, mean_diversity=0.132974,
indivs=7210172, elapsed_secs=17464, mean=0.596333, stdev=0.093753, best fit=0.695800, best_overall=0.695800, mean_diversity=0.086788,
indivs=7220270, elapsed_secs=17499, mean=0.568734, stdev=0.092348, best fit=0.695800, best_overall=0.695800, mean_diversity=0.150030,
indivs=7230368, elapsed_secs=17529, mean=0.602726, stdev=0.098263, best fit=0.695800, best_overall=0.695800, mean_diversity=0.121409,
indivs=7240466, elapsed_secs=17563, mean=0.620940, stdev=0.083252, best fit=0.695800, best_overall=0.695800, mean_diversity=0.085989,
indivs=7250564, elapsed_secs=17593, mean=0.628530, stdev=0.081608, best fit=0.695800, best_overall=0.695800, mean_diversity=0.075558,
indivs=7260662, elapsed_secs=17627, mean=0.610152, stdev=0.106436, best fit=0.695800, best_overall=0.695800, mean_diversity=0.152952,
indivs=7270760, elapsed_secs=17661, mean=0.579217, stdev=0.110300, best fit=0.695800, best_overall=0.695800, mean_diversity=0.154491,
indivs=7280858, elapsed_secs=17696, mean=0.572531, stdev=0.065068, best fit=0.695800, best_overall=0.695800, mean_diversity=0.142235,
indivs=7290956, elapsed_secs=17725, mean=0.628441, stdev=0.104714, best fit=0.695800, best_overall=0.695800, mean_diversity=0.139018,
indivs=7301054, elapsed_secs=17762, mean=0.611353, stdev=0.116804, best fit=0.695800, best_overall=0.695800, mean_diversity=0.087329,
indivs=7311152, elapsed_secs=17791, mean=0.596823, stdev=0.068429, best fit=0.695800, best_overall=0.695800, mean_diversity=0.187814,
indivs=7321250, elapsed_secs=17825, mean=0.592418, stdev=0.108608, best fit=0.695800, best_overall=0.695800, mean_diversity=0.192161,
indivs=7331348, elapsed_secs=17864, mean=0.630255, stdev=0.076353, best fit=0.695800, best_overall=0.695800, mean_diversity=0.190549,
indivs=7341446, elapsed_secs=17899, mean=0.583258, stdev=0.101053, best fit=0.695800, best_overall=0.695800, mean_diversity=0.147095,
indivs=7351544, elapsed_secs=17928, mean=0.604646, stdev=0.085207, best fit=0.695800, best_overall=0.695800, mean_diversity=0.105449,
indivs=7361642, elapsed_secs=17964, mean=0.627667, stdev=0.118925, best fit=0.695800, best_overall=0.695800, mean_diversity=0.139195,
indivs=7371740, elapsed_secs=17993, mean=0.603367, stdev=0.086361, best fit=0.695800, best_overall=0.695800, mean_diversity=0.191315,
indivs=7381838, elapsed_secs=18023, mean=0.623934, stdev=0.080223, best fit=0.695800, best_overall=0.695800, mean_diversity=0.111162,
indivs=7391936, elapsed_secs=18060, mean=0.624821, stdev=0.095490, best fit=0.695800, best_overall=0.695800, mean_diversity=0.083161,
indivs=7402034, elapsed_secs=18092, mean=0.569063, stdev=0.091892, best fit=0.695800, best_overall=0.695800, mean_diversity=0.121792,
indivs=7412132, elapsed_secs=18123, mean=0.612696, stdev=0.117320, best fit=0.695800, best_overall=0.695800, mean_diversity=0.140623,
indivs=7422230, elapsed_secs=18157, mean=0.594047, stdev=0.128136, best fit=0.695800, best_overall=0.695800, mean_diversity=0.121603,
indivs=7432328, elapsed_secs=18193, mean=0.610971, stdev=0.101965, best fit=0.695800, best_overall=0.695800, mean_diversity=0.103785,
indivs=7442426, elapsed_secs=18232, mean=0.609737, stdev=0.102228, best fit=0.695800, best_overall=0.695800, mean_diversity=0.093161,
indivs=7452524, elapsed_secs=18269, mean=0.617601, stdev=0.109448, best fit=0.695800, best_overall=0.695800, mean_diversity=0.153922,
indivs=7462622, elapsed_secs=18302, mean=0.614509, stdev=0.099877, best fit=0.695800, best_overall=0.695800, mean_diversity=0.124631,
indivs=7472720, elapsed_secs=18337, mean=0.604397, stdev=0.103088, best fit=0.695800, best_overall=0.695800, mean_diversity=0.176919,
indivs=7482818, elapsed_secs=18370, mean=0.616835, stdev=0.122380, best fit=0.695800, best_overall=0.695800, mean_diversity=0.119870,
indivs=7492916, elapsed_secs=18401, mean=0.604018, stdev=0.107756, best fit=0.695800, best_overall=0.695800, mean_diversity=0.141655,
indivs=7503014, elapsed_secs=18440, mean=0.598045, stdev=0.150505, best fit=0.695800, best_overall=0.695800, mean_diversity=0.189088,
indivs=7513112, elapsed_secs=18481, mean=0.582699, stdev=0.059842, best fit=0.695800, best_overall=0.695800, mean_diversity=0.066496,
indivs=7523210, elapsed_secs=18516, mean=0.595625, stdev=0.119769, best fit=0.695800, best_overall=0.695800, mean_diversity=0.162309,
indivs=7533308, elapsed_secs=18552, mean=0.595032, stdev=0.122322, best fit=0.695800, best_overall=0.695800, mean_diversity=0.152359,
indivs=7543406, elapsed_secs=18588, mean=0.599017, stdev=0.107339, best fit=0.695800, best_overall=0.695800, mean_diversity=0.078289,
indivs=7553504, elapsed_secs=18619, mean=0.604040, stdev=0.079636, best fit=0.695800, best_overall=0.695800, mean_diversity=0.139553,
indivs=7563602, elapsed_secs=18656, mean=0.609969, stdev=0.122637, best fit=0.695800, best_overall=0.695800, mean_diversity=0.106221,
indivs=7573700, elapsed_secs=18684, mean=0.572978, stdev=0.067362, best fit=0.695800, best_overall=0.695800, mean_diversity=0.146097,
indivs=7583798, elapsed_secs=18715, mean=0.598763, stdev=0.118673, best fit=0.695800, best_overall=0.695800, mean_diversity=0.101021,
indivs=7593896, elapsed_secs=18744, mean=0.623527, stdev=0.086491, best fit=0.695800, best_overall=0.695800, mean_diversity=0.122235,
indivs=7603994, elapsed_secs=18776, mean=0.587217, stdev=0.088350, best fit=0.695800, best_overall=0.695800, mean_diversity=0.136213,
indivs=7614092, elapsed_secs=18816, mean=0.630411, stdev=0.097395, best fit=0.695800, best_overall=0.695800, mean_diversity=0.126156,
indivs=7624190, elapsed_secs=18850, mean=0.595378, stdev=0.061521, best fit=0.695800, best_overall=0.695800, mean_diversity=0.137508,
indivs=7634288, elapsed_secs=18884, mean=0.585949, stdev=0.105668, best fit=0.695800, best_overall=0.695800, mean_diversity=0.117642,
indivs=7644386, elapsed_secs=18920, mean=0.602418, stdev=0.108403, best fit=0.695800, best_overall=0.695800, mean_diversity=0.134021,
indivs=7654484, elapsed_secs=18959, mean=0.600982, stdev=0.084086, best fit=0.695800, best_overall=0.695800, mean_diversity=0.118776,
indivs=7664582, elapsed_secs=18996, mean=0.584757, stdev=0.088831, best fit=0.695800, best_overall=0.695800, mean_diversity=0.100861,
indivs=7674680, elapsed_secs=19036, mean=0.634140, stdev=0.080622, best fit=0.695800, best_overall=0.695800, mean_diversity=0.173031,
indivs=7684778, elapsed_secs=19070, mean=0.585321, stdev=0.059862, best fit=0.695800, best_overall=0.695800, mean_diversity=0.107317,
indivs=7694876, elapsed_secs=19098, mean=0.598545, stdev=0.160173, best fit=0.695800, best_overall=0.695800, mean_diversity=0.148738,
indivs=7704974, elapsed_secs=19133, mean=0.600580, stdev=0.098827, best fit=0.695800, best_overall=0.695800, mean_diversity=0.168874,
indivs=7715072, elapsed_secs=19169, mean=0.593804, stdev=0.150602, best fit=0.695800, best_overall=0.695800, mean_diversity=0.177500,
indivs=7725170, elapsed_secs=19201, mean=0.594872, stdev=0.073737, best fit=0.695800, best_overall=0.695800, mean_diversity=0.179812,
indivs=7735268, elapsed_secs=19237, mean=0.628188, stdev=0.070763, best fit=0.695800, best_overall=0.695800, mean_diversity=0.202520,
indivs=7745366, elapsed_secs=19271, mean=0.614009, stdev=0.076950, best fit=0.695800, best_overall=0.695800, mean_diversity=0.132167,
indivs=7755464, elapsed_secs=19306, mean=0.616976, stdev=0.073499, best fit=0.695800, best_overall=0.695800, mean_diversity=0.140101,
indivs=7765562, elapsed_secs=19340, mean=0.605346, stdev=0.083330, best fit=0.695800, best_overall=0.695800, mean_diversity=0.105533,
indivs=7775660, elapsed_secs=19370, mean=0.631526, stdev=0.099786, best fit=0.695800, best_overall=0.695800, mean_diversity=0.179143,
indivs=7785758, elapsed_secs=19401, mean=0.588318, stdev=0.130085, best fit=0.695800, best_overall=0.695800, mean_diversity=0.112840,
indivs=7795856, elapsed_secs=19443, mean=0.604595, stdev=0.129298, best fit=0.695800, best_overall=0.695800, mean_diversity=0.126525,
indivs=7805954, elapsed_secs=19479, mean=0.615634, stdev=0.082645, best fit=0.695800, best_overall=0.695800, mean_diversity=0.095261,
indivs=7816052, elapsed_secs=19510, mean=0.599933, stdev=0.059192, best fit=0.695800, best_overall=0.695800, mean_diversity=0.100113,
indivs=7826150, elapsed_secs=19544, mean=0.563225, stdev=0.163187, best fit=0.695800, best_overall=0.695800, mean_diversity=0.197314,
indivs=7836248, elapsed_secs=19579, mean=0.606249, stdev=0.102087, best fit=0.695800, best_overall=0.695800, mean_diversity=0.194555,
indivs=7846346, elapsed_secs=19605, mean=0.583721, stdev=0.068887, best fit=0.695800, best_overall=0.695800, mean_diversity=0.097737,
indivs=7856444, elapsed_secs=19635, mean=0.622139, stdev=0.071096, best fit=0.695800, best_overall=0.695800, mean_diversity=0.106490,
indivs=7866542, elapsed_secs=19671, mean=0.598216, stdev=0.106333, best fit=0.695800, best_overall=0.695800, mean_diversity=0.095467,
indivs=7876640, elapsed_secs=19704, mean=0.586312, stdev=0.125413, best fit=0.695800, best_overall=0.695800, mean_diversity=0.135527,
indivs=7886738, elapsed_secs=19741, mean=0.598986, stdev=0.078848, best fit=0.695800, best_overall=0.695800, mean_diversity=0.092440,
indivs=7896836, elapsed_secs=19772, mean=0.592534, stdev=0.065355, best fit=0.695800, best_overall=0.695800, mean_diversity=0.130528,
indivs=7906934, elapsed_secs=19805, mean=0.588772, stdev=0.093876, best fit=0.695800, best_overall=0.695800, mean_diversity=0.160711,
indivs=7917032, elapsed_secs=19837, mean=0.622272, stdev=0.072644, best fit=0.695800, best_overall=0.695800, mean_diversity=0.104821,
indivs=7927130, elapsed_secs=19863, mean=0.608351, stdev=0.087282, best fit=0.695800, best_overall=0.695800, mean_diversity=0.097937,
indivs=7937228, elapsed_secs=19902, mean=0.608616, stdev=0.095327, best fit=0.695800, best_overall=0.695800, mean_diversity=0.105070,
indivs=7947326, elapsed_secs=19935, mean=0.620575, stdev=0.102272, best fit=0.695800, best_overall=0.695800, mean_diversity=0.148763,
indivs=7957424, elapsed_secs=19972, mean=0.607946, stdev=0.085756, best fit=0.695800, best_overall=0.695800, mean_diversity=0.107847,
indivs=7967522, elapsed_secs=20001, mean=0.583090, stdev=0.061938, best fit=0.695800, best_overall=0.695800, mean_diversity=0.139087,
indivs=7977620, elapsed_secs=20034, mean=0.591995, stdev=0.074151, best fit=0.695800, best_overall=0.695800, mean_diversity=0.120818,
indivs=7987718, elapsed_secs=20073, mean=0.613878, stdev=0.094854, best fit=0.695800, best_overall=0.695800, mean_diversity=0.121890,
indivs=7997816, elapsed_secs=20104, mean=0.608067, stdev=0.077285, best fit=0.696200, best_overall=0.696200, mean_diversity=0.159238,
indivs=8007914, elapsed_secs=20129, mean=0.578682, stdev=0.098940, best fit=0.696200, best_overall=0.696200, mean_diversity=0.142593,
indivs=8018012, elapsed_secs=20153, mean=0.588038, stdev=0.085066, best fit=0.696200, best_overall=0.696200, mean_diversity=0.142755,
indivs=8028110, elapsed_secs=20181, mean=0.572496, stdev=0.098456, best fit=0.696200, best_overall=0.696200, mean_diversity=0.126822,
indivs=8038208, elapsed_secs=20213, mean=0.606145, stdev=0.110473, best fit=0.696200, best_overall=0.696200, mean_diversity=0.116355,
indivs=8048306, elapsed_secs=20237, mean=0.593993, stdev=0.141740, best fit=0.696200, best_overall=0.696200, mean_diversity=0.111233,
indivs=8058404, elapsed_secs=20271, mean=0.594792, stdev=0.148303, best fit=0.696200, best_overall=0.696200, mean_diversity=0.134505,
indivs=8068502, elapsed_secs=20305, mean=0.610956, stdev=0.046801, best fit=0.696200, best_overall=0.696200, mean_diversity=0.098012,
indivs=8078600, elapsed_secs=20338, mean=0.608284, stdev=0.097036, best fit=0.696200, best_overall=0.696200, mean_diversity=0.077443,
indivs=8088698, elapsed_secs=20368, mean=0.603599, stdev=0.164358, best fit=0.696200, best_overall=0.696200, mean_diversity=0.141189,
indivs=8098796, elapsed_secs=20400, mean=0.567355, stdev=0.193860, best fit=0.696200, best_overall=0.696200, mean_diversity=0.078023,
indivs=8108894, elapsed_secs=20427, mean=0.611151, stdev=0.096101, best fit=0.696200, best_overall=0.696200, mean_diversity=0.214888,
indivs=8118992, elapsed_secs=20461, mean=0.601586, stdev=0.061017, best fit=0.696200, best_overall=0.696200, mean_diversity=0.108239,
indivs=8129090, elapsed_secs=20491, mean=0.600524, stdev=0.059382, best fit=0.696200, best_overall=0.696200, mean_diversity=0.103298,
indivs=8139188, elapsed_secs=20524, mean=0.589595, stdev=0.118314, best fit=0.696200, best_overall=0.696200, mean_diversity=0.095564,
indivs=8149286, elapsed_secs=20557, mean=0.600113, stdev=0.065836, best fit=0.696200, best_overall=0.696200, mean_diversity=0.078524,
indivs=8159384, elapsed_secs=20584, mean=0.615962, stdev=0.093515, best fit=0.696200, best_overall=0.696200, mean_diversity=0.084091,
indivs=8169482, elapsed_secs=20616, mean=0.578476, stdev=0.178856, best fit=0.696200, best_overall=0.696200, mean_diversity=0.124952,
indivs=8179580, elapsed_secs=20646, mean=0.539355, stdev=0.216814, best fit=0.696200, best_overall=0.696200, mean_diversity=0.151875,
indivs=8189678, elapsed_secs=20678, mean=0.613074, stdev=0.127939, best fit=0.696200, best_overall=0.696200, mean_diversity=0.101480,
indivs=8199776, elapsed_secs=20710, mean=0.522437, stdev=0.190797, best fit=0.696200, best_overall=0.696200, mean_diversity=0.090734,
indivs=8209874, elapsed_secs=20741, mean=0.608614, stdev=0.088928, best fit=0.696200, best_overall=0.696200, mean_diversity=0.114407,
indivs=8219972, elapsed_secs=20773, mean=0.584261, stdev=0.106329, best fit=0.696200, best_overall=0.696200, mean_diversity=0.106688,
indivs=8230070, elapsed_secs=20802, mean=0.573039, stdev=0.081152, best fit=0.696200, best_overall=0.696200, mean_diversity=0.162471,
indivs=8240168, elapsed_secs=20836, mean=0.587844, stdev=0.087056, best fit=0.696200, best_overall=0.696200, mean_diversity=0.106749,
indivs=8250266, elapsed_secs=20865, mean=0.604976, stdev=0.087824, best fit=0.696200, best_overall=0.696200, mean_diversity=0.110124,
indivs=8260364, elapsed_secs=20895, mean=0.613451, stdev=0.093041, best fit=0.696200, best_overall=0.696200, mean_diversity=0.106585,
indivs=8270462, elapsed_secs=20923, mean=0.618044, stdev=0.118241, best fit=0.696200, best_overall=0.696200, mean_diversity=0.074873,
indivs=8280560, elapsed_secs=20951, mean=0.585534, stdev=0.149110, best fit=0.696200, best_overall=0.696200, mean_diversity=0.083810,
indivs=8290658, elapsed_secs=20980, mean=0.585653, stdev=0.080550, best fit=0.696200, best_overall=0.696200, mean_diversity=0.080187,
indivs=8300756, elapsed_secs=21011, mean=0.592240, stdev=0.154944, best fit=0.696200, best_overall=0.696200, mean_diversity=0.125788,
indivs=8310854, elapsed_secs=21039, mean=0.621003, stdev=0.100417, best fit=0.696200, best_overall=0.696200, mean_diversity=0.118686,
indivs=8320952, elapsed_secs=21066, mean=0.624838, stdev=0.073595, best fit=0.696200, best_overall=0.696200, mean_diversity=0.093298,
indivs=8331050, elapsed_secs=21097, mean=0.572340, stdev=0.111521, best fit=0.696200, best_overall=0.696200, mean_diversity=0.097130,
indivs=8341148, elapsed_secs=21134, mean=0.605176, stdev=0.113017, best fit=0.696200, best_overall=0.696200, mean_diversity=0.107759,
indivs=8351246, elapsed_secs=21161, mean=0.603896, stdev=0.122203, best fit=0.696200, best_overall=0.696200, mean_diversity=0.141600,
indivs=8361344, elapsed_secs=21189, mean=0.581249, stdev=0.114891, best fit=0.696200, best_overall=0.696200, mean_diversity=0.099155,
indivs=8371442, elapsed_secs=21220, mean=0.616335, stdev=0.076080, best fit=0.696200, best_overall=0.696200, mean_diversity=0.125328,
indivs=8381540, elapsed_secs=21252, mean=0.597671, stdev=0.157395, best fit=0.696200, best_overall=0.696200, mean_diversity=0.123451,
indivs=8391638, elapsed_secs=21284, mean=0.623508, stdev=0.101132, best fit=0.696200, best_overall=0.696200, mean_diversity=0.079727,
indivs=8401736, elapsed_secs=21309, mean=0.602425, stdev=0.116112, best fit=0.696200, best_overall=0.696200, mean_diversity=0.141151,
indivs=8411834, elapsed_secs=21336, mean=0.569747, stdev=0.129911, best fit=0.696200, best_overall=0.696200, mean_diversity=0.102538,
indivs=8421932, elapsed_secs=21368, mean=0.608015, stdev=0.086538, best fit=0.696200, best_overall=0.696200, mean_diversity=0.117176,
indivs=8432030, elapsed_secs=21404, mean=0.585943, stdev=0.100200, best fit=0.696200, best_overall=0.696200, mean_diversity=0.081616,
indivs=8442128, elapsed_secs=21436, mean=0.612956, stdev=0.120928, best fit=0.696200, best_overall=0.696200, mean_diversity=0.179630,
indivs=8452226, elapsed_secs=21464, mean=0.624309, stdev=0.100821, best fit=0.696200, best_overall=0.696200, mean_diversity=0.138440,
indivs=8462324, elapsed_secs=21494, mean=0.624062, stdev=0.079407, best fit=0.696200, best_overall=0.696200, mean_diversity=0.113206,
indivs=8472422, elapsed_secs=21526, mean=0.625866, stdev=0.065354, best fit=0.696200, best_overall=0.696200, mean_diversity=0.138622,
indivs=8482520, elapsed_secs=21555, mean=0.537250, stdev=0.196121, best fit=0.696200, best_overall=0.696200, mean_diversity=0.179466,
indivs=8492618, elapsed_secs=21584, mean=0.577883, stdev=0.115292, best fit=0.696200, best_overall=0.696200, mean_diversity=0.062380,
indivs=8502716, elapsed_secs=21612, mean=0.586631, stdev=0.057766, best fit=0.696200, best_overall=0.696200, mean_diversity=0.185431,
indivs=8512814, elapsed_secs=21644, mean=0.617578, stdev=0.127284, best fit=0.696200, best_overall=0.696200, mean_diversity=0.106268,
indivs=8522912, elapsed_secs=21677, mean=0.624278, stdev=0.073690, best fit=0.696200, best_overall=0.696200, mean_diversity=0.146291,
indivs=8533010, elapsed_secs=21710, mean=0.626444, stdev=0.076909, best fit=0.696200, best_overall=0.696200, mean_diversity=0.136500,
indivs=8543108, elapsed_secs=21740, mean=0.596698, stdev=0.114555, best fit=0.696200, best_overall=0.696200, mean_diversity=0.113456,
indivs=8553206, elapsed_secs=21772, mean=0.606830, stdev=0.055946, best fit=0.696200, best_overall=0.696200, mean_diversity=0.108195,
indivs=8563304, elapsed_secs=21801, mean=0.605151, stdev=0.093629, best fit=0.696200, best_overall=0.696200, mean_diversity=0.174293,
indivs=8573402, elapsed_secs=21830, mean=0.616765, stdev=0.134432, best fit=0.696200, best_overall=0.696200, mean_diversity=0.082346,
indivs=8583500, elapsed_secs=21862, mean=0.613165, stdev=0.106865, best fit=0.696200, best_overall=0.696200, mean_diversity=0.137625,
indivs=8593598, elapsed_secs=21895, mean=0.589079, stdev=0.124214, best fit=0.696200, best_overall=0.696200, mean_diversity=0.069881,
indivs=8603696, elapsed_secs=21920, mean=0.607824, stdev=0.096421, best fit=0.696200, best_overall=0.696200, mean_diversity=0.159718,
indivs=8613794, elapsed_secs=21950, mean=0.580262, stdev=0.077687, best fit=0.696200, best_overall=0.696200, mean_diversity=0.087632,
indivs=8623892, elapsed_secs=21987, mean=0.630578, stdev=0.074231, best fit=0.696200, best_overall=0.696200, mean_diversity=0.248665,
indivs=8633990, elapsed_secs=22019, mean=0.597438, stdev=0.055180, best fit=0.696200, best_overall=0.696200, mean_diversity=0.091196,
indivs=8644088, elapsed_secs=22053, mean=0.558643, stdev=0.150696, best fit=0.696200, best_overall=0.696200, mean_diversity=0.107966,
indivs=8654186, elapsed_secs=22087, mean=0.594029, stdev=0.068467, best fit=0.696200, best_overall=0.696200, mean_diversity=0.142734,
indivs=8664284, elapsed_secs=22117, mean=0.598899, stdev=0.087219, best fit=0.696200, best_overall=0.696200, mean_diversity=0.187125,
indivs=8674382, elapsed_secs=22153, mean=0.587765, stdev=0.072453, best fit=0.696200, best_overall=0.696200, mean_diversity=0.161487,
indivs=8684480, elapsed_secs=22191, mean=0.608751, stdev=0.072215, best fit=0.696200, best_overall=0.696200, mean_diversity=0.153358,
indivs=8694578, elapsed_secs=22221, mean=0.584038, stdev=0.178172, best fit=0.696200, best_overall=0.696200, mean_diversity=0.131424,
indivs=8704676, elapsed_secs=22252, mean=0.623575, stdev=0.115703, best fit=0.696200, best_overall=0.696200, mean_diversity=0.110551,
indivs=8714774, elapsed_secs=22280, mean=0.591215, stdev=0.058465, best fit=0.696200, best_overall=0.696200, mean_diversity=0.118847,
indivs=8724872, elapsed_secs=22315, mean=0.623867, stdev=0.092766, best fit=0.696200, best_overall=0.696200, mean_diversity=0.066667,
indivs=8734970, elapsed_secs=22346, mean=0.559237, stdev=0.218072, best fit=0.696200, best_overall=0.696200, mean_diversity=0.083667,
indivs=8745068, elapsed_secs=22376, mean=0.595868, stdev=0.128781, best fit=0.696200, best_overall=0.696200, mean_diversity=0.163983,
indivs=8755166, elapsed_secs=22409, mean=0.606649, stdev=0.075081, best fit=0.696200, best_overall=0.696200, mean_diversity=0.174307,
indivs=8765264, elapsed_secs=22439, mean=0.570865, stdev=0.130363, best fit=0.696200, best_overall=0.696200, mean_diversity=0.166736,
indivs=8775362, elapsed_secs=22470, mean=0.574677, stdev=0.088021, best fit=0.696200, best_overall=0.696200, mean_diversity=0.088694,
indivs=8785460, elapsed_secs=22498, mean=0.626241, stdev=0.113608, best fit=0.696200, best_overall=0.696200, mean_diversity=0.105734,
indivs=8795558, elapsed_secs=22529, mean=0.637895, stdev=0.076780, best fit=0.696200, best_overall=0.696200, mean_diversity=0.170762,
indivs=8805656, elapsed_secs=22550, mean=0.604518, stdev=0.051051, best fit=0.696200, best_overall=0.696200, mean_diversity=0.110417,
indivs=8815754, elapsed_secs=22580, mean=0.578613, stdev=0.104384, best fit=0.696200, best_overall=0.696200, mean_diversity=0.148587,
indivs=8825852, elapsed_secs=22613, mean=0.626725, stdev=0.099290, best fit=0.696200, best_overall=0.696200, mean_diversity=0.136732,
indivs=8835950, elapsed_secs=22645, mean=0.598293, stdev=0.052936, best fit=0.696200, best_overall=0.696200, mean_diversity=0.099633,
indivs=8846048, elapsed_secs=22669, mean=0.584482, stdev=0.167175, best fit=0.696200, best_overall=0.696200, mean_diversity=0.129275,
indivs=8856146, elapsed_secs=22699, mean=0.584494, stdev=0.197621, best fit=0.696200, best_overall=0.696200, mean_diversity=0.151140,
indivs=8866244, elapsed_secs=22732, mean=0.581998, stdev=0.084917, best fit=0.696200, best_overall=0.696200, mean_diversity=0.178364,
indivs=8876342, elapsed_secs=22763, mean=0.586841, stdev=0.099317, best fit=0.696200, best_overall=0.696200, mean_diversity=0.205328,
indivs=8886440, elapsed_secs=22801, mean=0.593505, stdev=0.080641, best fit=0.696200, best_overall=0.696200, mean_diversity=0.154718,
indivs=8896538, elapsed_secs=22839, mean=0.616719, stdev=0.076607, best fit=0.696200, best_overall=0.696200, mean_diversity=0.091471,
indivs=8906636, elapsed_secs=22868, mean=0.583331, stdev=0.115469, best fit=0.696200, best_overall=0.696200, mean_diversity=0.124882,
indivs=8916734, elapsed_secs=22900, mean=0.587257, stdev=0.081976, best fit=0.696200, best_overall=0.696200, mean_diversity=0.103526,
indivs=8926832, elapsed_secs=22932, mean=0.594621, stdev=0.128215, best fit=0.696200, best_overall=0.696200, mean_diversity=0.150584,
indivs=8936930, elapsed_secs=22963, mean=0.615708, stdev=0.104036, best fit=0.696200, best_overall=0.696200, mean_diversity=0.082388,
indivs=8947028, elapsed_secs=22995, mean=0.615837, stdev=0.135404, best fit=0.696200, best_overall=0.696200, mean_diversity=0.128443,
indivs=8957126, elapsed_secs=23028, mean=0.628143, stdev=0.096999, best fit=0.696200, best_overall=0.696200, mean_diversity=0.185633,
indivs=8967224, elapsed_secs=23055, mean=0.633289, stdev=0.069742, best fit=0.696200, best_overall=0.696200, mean_diversity=0.070206,
indivs=8977322, elapsed_secs=23082, mean=0.594628, stdev=0.063439, best fit=0.696200, best_overall=0.696200, mean_diversity=0.140996,
indivs=8987420, elapsed_secs=23114, mean=0.598911, stdev=0.061942, best fit=0.696200, best_overall=0.696200, mean_diversity=0.121331,
indivs=8997518, elapsed_secs=23149, mean=0.603107, stdev=0.070521, best fit=0.696200, best_overall=0.696200, mean_diversity=0.105627,
indivs=9007616, elapsed_secs=23177, mean=0.610874, stdev=0.155815, best fit=0.696200, best_overall=0.696200, mean_diversity=0.073978,
indivs=9017714, elapsed_secs=23210, mean=0.587699, stdev=0.167589, best fit=0.696200, best_overall=0.696200, mean_diversity=0.097319,
indivs=9027812, elapsed_secs=23239, mean=0.547130, stdev=0.194885, best fit=0.696200, best_overall=0.696200, mean_diversity=0.107611,
indivs=9037910, elapsed_secs=23275, mean=0.627565, stdev=0.069117, best fit=0.696200, best_overall=0.696200, mean_diversity=0.149650,
indivs=9048008, elapsed_secs=23307, mean=0.608229, stdev=0.094224, best fit=0.696200, best_overall=0.696200, mean_diversity=0.129007,
indivs=9058106, elapsed_secs=23340, mean=0.586119, stdev=0.123381, best fit=0.696200, best_overall=0.696200, mean_diversity=0.095180,
indivs=9068204, elapsed_secs=23368, mean=0.601148, stdev=0.058143, best fit=0.696200, best_overall=0.696200, mean_diversity=0.190345,
indivs=9078302, elapsed_secs=23400, mean=0.576634, stdev=0.129148, best fit=0.696200, best_overall=0.696200, mean_diversity=0.069567,
indivs=9088400, elapsed_secs=23429, mean=0.574130, stdev=0.125929, best fit=0.696200, best_overall=0.696200, mean_diversity=0.149532,
indivs=9098498, elapsed_secs=23462, mean=0.622142, stdev=0.081671, best fit=0.696200, best_overall=0.696200, mean_diversity=0.135246,
indivs=9108596, elapsed_secs=23493, mean=0.605745, stdev=0.077920, best fit=0.696200, best_overall=0.696200, mean_diversity=0.121935,
indivs=9118694, elapsed_secs=23519, mean=0.582085, stdev=0.106467, best fit=0.696200, best_overall=0.696200, mean_diversity=0.101295,
indivs=9128792, elapsed_secs=23553, mean=0.594786, stdev=0.125591, best fit=0.696200, best_overall=0.696200, mean_diversity=0.110364,
indivs=9138890, elapsed_secs=23586, mean=0.611459, stdev=0.070091, best fit=0.696200, best_overall=0.696200, mean_diversity=0.143617,
indivs=9148988, elapsed_secs=23619, mean=0.580597, stdev=0.190084, best fit=0.696200, best_overall=0.696200, mean_diversity=0.123435,
indivs=9159086, elapsed_secs=23657, mean=0.601191, stdev=0.095684, best fit=0.696200, best_overall=0.696200, mean_diversity=0.167087,
indivs=9169184, elapsed_secs=23687, mean=0.612741, stdev=0.133399, best fit=0.696200, best_overall=0.696200, mean_diversity=0.089502,
indivs=9179282, elapsed_secs=23725, mean=0.646340, stdev=0.074719, best fit=0.696200, best_overall=0.696200, mean_diversity=0.147933,
indivs=9189380, elapsed_secs=23750, mean=0.623022, stdev=0.076320, best fit=0.696200, best_overall=0.696200, mean_diversity=0.133066,
indivs=9199478, elapsed_secs=23782, mean=0.618041, stdev=0.099608, best fit=0.696200, best_overall=0.696200, mean_diversity=0.138269,
indivs=9209576, elapsed_secs=23818, mean=0.605898, stdev=0.090021, best fit=0.696200, best_overall=0.696200, mean_diversity=0.119890,
indivs=9219674, elapsed_secs=23846, mean=0.571521, stdev=0.120316, best fit=0.696200, best_overall=0.696200, mean_diversity=0.145279,
indivs=9229772, elapsed_secs=23871, mean=0.587694, stdev=0.133948, best fit=0.696200, best_overall=0.696200, mean_diversity=0.192698,
indivs=9239870, elapsed_secs=23898, mean=0.551365, stdev=0.170569, best fit=0.696200, best_overall=0.696200, mean_diversity=0.135809,
indivs=9249968, elapsed_secs=23930, mean=0.609598, stdev=0.146447, best fit=0.696200, best_overall=0.696200, mean_diversity=0.168826,
indivs=9260066, elapsed_secs=23957, mean=0.632407, stdev=0.095649, best fit=0.696200, best_overall=0.696200, mean_diversity=0.079594,
indivs=9270164, elapsed_secs=23981, mean=0.598401, stdev=0.103144, best fit=0.696200, best_overall=0.696200, mean_diversity=0.101004,
indivs=9280262, elapsed_secs=24014, mean=0.588525, stdev=0.113642, best fit=0.696200, best_overall=0.696200, mean_diversity=0.118411,
indivs=9290360, elapsed_secs=24046, mean=0.589677, stdev=0.067164, best fit=0.696200, best_overall=0.696200, mean_diversity=0.170000,
indivs=9300458, elapsed_secs=24073, mean=0.607577, stdev=0.075649, best fit=0.696200, best_overall=0.696200, mean_diversity=0.147571,
indivs=9310556, elapsed_secs=24096, mean=0.597534, stdev=0.064900, best fit=0.696200, best_overall=0.696200, mean_diversity=0.102107,
indivs=9320654, elapsed_secs=24127, mean=0.595853, stdev=0.176108, best fit=0.696200, best_overall=0.696200, mean_diversity=0.090342,
indivs=9330752, elapsed_secs=24155, mean=0.600995, stdev=0.147384, best fit=0.696200, best_overall=0.696200, mean_diversity=0.115495,
indivs=9340850, elapsed_secs=24191, mean=0.622336, stdev=0.102007, best fit=0.696200, best_overall=0.696200, mean_diversity=0.150143,
indivs=9350948, elapsed_secs=24219, mean=0.578466, stdev=0.087111, best fit=0.696200, best_overall=0.696200, mean_diversity=0.121957,
indivs=9361046, elapsed_secs=24253, mean=0.622059, stdev=0.103465, best fit=0.696200, best_overall=0.696200, mean_diversity=0.170333,
indivs=9371144, elapsed_secs=24281, mean=0.592904, stdev=0.096957, best fit=0.696200, best_overall=0.696200, mean_diversity=0.098511,
indivs=9381242, elapsed_secs=24316, mean=0.582969, stdev=0.056349, best fit=0.696200, best_overall=0.696200, mean_diversity=0.091810,
indivs=9391340, elapsed_secs=24350, mean=0.623698, stdev=0.115133, best fit=0.696200, best_overall=0.696200, mean_diversity=0.156000,
indivs=9401438, elapsed_secs=24383, mean=0.611927, stdev=0.126474, best fit=0.696200, best_overall=0.696200, mean_diversity=0.131660,
indivs=9411536, elapsed_secs=24413, mean=0.632748, stdev=0.098491, best fit=0.696200, best_overall=0.696200, mean_diversity=0.127667,
indivs=9421634, elapsed_secs=24443, mean=0.615427, stdev=0.081670, best fit=0.696200, best_overall=0.696200, mean_diversity=0.149177,
indivs=9431732, elapsed_secs=24474, mean=0.611535, stdev=0.059995, best fit=0.696200, best_overall=0.696200, mean_diversity=0.161352,
indivs=9441830, elapsed_secs=24505, mean=0.622844, stdev=0.091380, best fit=0.696200, best_overall=0.696200, mean_diversity=0.094903,
indivs=9451928, elapsed_secs=24539, mean=0.617617, stdev=0.096127, best fit=0.696200, best_overall=0.696200, mean_diversity=0.090000,
indivs=9462026, elapsed_secs=24562, mean=0.585255, stdev=0.103832, best fit=0.696200, best_overall=0.696200, mean_diversity=0.107963,
indivs=9472124, elapsed_secs=24593, mean=0.591990, stdev=0.066125, best fit=0.696200, best_overall=0.696200, mean_diversity=0.091695,
indivs=9482222, elapsed_secs=24619, mean=0.607085, stdev=0.073406, best fit=0.696200, best_overall=0.696200, mean_diversity=0.114620,
indivs=9492320, elapsed_secs=24650, mean=0.580110, stdev=0.098143, best fit=0.696200, best_overall=0.696200, mean_diversity=0.173319,
indivs=9502418, elapsed_secs=24680, mean=0.571199, stdev=0.100026, best fit=0.696200, best_overall=0.696200, mean_diversity=0.121187,
indivs=9512516, elapsed_secs=24703, mean=0.604988, stdev=0.086151, best fit=0.696200, best_overall=0.696200, mean_diversity=0.086979,
indivs=9522614, elapsed_secs=24734, mean=0.594707, stdev=0.121686, best fit=0.696200, best_overall=0.696200, mean_diversity=0.080588,
indivs=9532712, elapsed_secs=24768, mean=0.574920, stdev=0.102932, best fit=0.696200, best_overall=0.696200, mean_diversity=0.110649,
indivs=9542810, elapsed_secs=24798, mean=0.578188, stdev=0.132952, best fit=0.696200, best_overall=0.696200, mean_diversity=0.073061,
indivs=9552908, elapsed_secs=24828, mean=0.624884, stdev=0.098171, best fit=0.696200, best_overall=0.696200, mean_diversity=0.181396,
indivs=9563006, elapsed_secs=24866, mean=0.607110, stdev=0.097625, best fit=0.696200, best_overall=0.696200, mean_diversity=0.165000,
indivs=9573104, elapsed_secs=24897, mean=0.609588, stdev=0.133328, best fit=0.696200, best_overall=0.696200, mean_diversity=0.147897,
indivs=9583202, elapsed_secs=24936, mean=0.588940, stdev=0.109766, best fit=0.696200, best_overall=0.696200, mean_diversity=0.159535,
indivs=9593300, elapsed_secs=24967, mean=0.610178, stdev=0.114619, best fit=0.696200, best_overall=0.696200, mean_diversity=0.076179,
indivs=9603398, elapsed_secs=24989, mean=0.630401, stdev=0.115373, best fit=0.696200, best_overall=0.696200, mean_diversity=0.115213,
indivs=9613496, elapsed_secs=25005, mean=0.588636, stdev=0.149506, best fit=0.696200, best_overall=0.696200, mean_diversity=0.170129,
indivs=9623594, elapsed_secs=25033, mean=0.620911, stdev=0.084713, best fit=0.696200, best_overall=0.696200, mean_diversity=0.154498,
indivs=9633692, elapsed_secs=25057, mean=0.577217, stdev=0.109057, best fit=0.696200, best_overall=0.696200, mean_diversity=0.106573,
indivs=9643790, elapsed_secs=25087, mean=0.611049, stdev=0.084269, best fit=0.696200, best_overall=0.696200, mean_diversity=0.147417,
indivs=9653888, elapsed_secs=25121, mean=0.615538, stdev=0.099900, best fit=0.696200, best_overall=0.696200, mean_diversity=0.162387,
indivs=9663986, elapsed_secs=25151, mean=0.607295, stdev=0.114826, best fit=0.696200, best_overall=0.696200, mean_diversity=0.091157,
indivs=9674084, elapsed_secs=25178, mean=0.574056, stdev=0.187429, best fit=0.696200, best_overall=0.696200, mean_diversity=0.122201,
indivs=9684182, elapsed_secs=25209, mean=0.601754, stdev=0.092327, best fit=0.696200, best_overall=0.696200, mean_diversity=0.142640,
indivs=9694280, elapsed_secs=25233, mean=0.608907, stdev=0.117990, best fit=0.696200, best_overall=0.696200, mean_diversity=0.226983,
indivs=9704378, elapsed_secs=25261, mean=0.590012, stdev=0.068585, best fit=0.696200, best_overall=0.696200, mean_diversity=0.170648,
indivs=9714476, elapsed_secs=25298, mean=0.591716, stdev=0.101783, best fit=0.696200, best_overall=0.696200, mean_diversity=0.122128,
indivs=9724574, elapsed_secs=25332, mean=0.611006, stdev=0.064264, best fit=0.696200, best_overall=0.696200, mean_diversity=0.162369,
indivs=9734672, elapsed_secs=25360, mean=0.602643, stdev=0.074215, best fit=0.696200, best_overall=0.696200, mean_diversity=0.115455,
indivs=9744770, elapsed_secs=25398, mean=0.617364, stdev=0.123720, best fit=0.696200, best_overall=0.696200, mean_diversity=0.120841,
indivs=9754868, elapsed_secs=25457, mean=0.566398, stdev=0.152940, best fit=0.696200, best_overall=0.696200, mean_diversity=0.293775,
indivs=9764966, elapsed_secs=25502, mean=0.596414, stdev=0.091043, best fit=0.696200, best_overall=0.696200, mean_diversity=0.097143,
indivs=9775064, elapsed_secs=25536, mean=0.624980, stdev=0.118283, best fit=0.696200, best_overall=0.696200, mean_diversity=0.156506,
indivs=9785162, elapsed_secs=25571, mean=0.615059, stdev=0.077455, best fit=0.696200, best_overall=0.696200, mean_diversity=0.077616,
indivs=9795260, elapsed_secs=25609, mean=0.596629, stdev=0.054433, best fit=0.696200, best_overall=0.696200, mean_diversity=0.181024,
indivs=9805358, elapsed_secs=25642, mean=0.623685, stdev=0.077453, best fit=0.696200, best_overall=0.696200, mean_diversity=0.119479,
indivs=9815456, elapsed_secs=25675, mean=0.573298, stdev=0.147149, best fit=0.696200, best_overall=0.696200, mean_diversity=0.115207,
indivs=9825554, elapsed_secs=25704, mean=0.640965, stdev=0.068626, best fit=0.696200, best_overall=0.696200, mean_diversity=0.162233,
indivs=9835652, elapsed_secs=25734, mean=0.615378, stdev=0.102993, best fit=0.696200, best_overall=0.696200, mean_diversity=0.177710,
indivs=9845750, elapsed_secs=25766, mean=0.601950, stdev=0.089515, best fit=0.696200, best_overall=0.696200, mean_diversity=0.082466,
indivs=9855848, elapsed_secs=25801, mean=0.568011, stdev=0.220803, best fit=0.696200, best_overall=0.696200, mean_diversity=0.141117,
indivs=9865946, elapsed_secs=25833, mean=0.570789, stdev=0.140037, best fit=0.696200, best_overall=0.696200, mean_diversity=0.133866,
indivs=9876044, elapsed_secs=25863, mean=0.625188, stdev=0.092219, best fit=0.696200, best_overall=0.696200, mean_diversity=0.117365,
indivs=9886142, elapsed_secs=25898, mean=0.590680, stdev=0.091502, best fit=0.696200, best_overall=0.696200, mean_diversity=0.205153,
indivs=9896240, elapsed_secs=25938, mean=0.613816, stdev=0.143640, best fit=0.696200, best_overall=0.696200, mean_diversity=0.122967,
indivs=9906338, elapsed_secs=25972, mean=0.574817, stdev=0.116704, best fit=0.696200, best_overall=0.696200, mean_diversity=0.134076,
indivs=9916436, elapsed_secs=26010, mean=0.588257, stdev=0.170208, best fit=0.696200, best_overall=0.696200, mean_diversity=0.093110,
indivs=9926534, elapsed_secs=26042, mean=0.612421, stdev=0.144819, best fit=0.696200, best_overall=0.696200, mean_diversity=0.199674,
indivs=9936632, elapsed_secs=26071, mean=0.604344, stdev=0.045266, best fit=0.696200, best_overall=0.696200, mean_diversity=0.101658,
indivs=9946730, elapsed_secs=26100, mean=0.589385, stdev=0.102056, best fit=0.696200, best_overall=0.696200, mean_diversity=0.096139,
indivs=9956828, elapsed_secs=26125, mean=0.601152, stdev=0.060270, best fit=0.696200, best_overall=0.696200, mean_diversity=0.161196,
indivs=9966926, elapsed_secs=26151, mean=0.604567, stdev=0.167005, best fit=0.696200, best_overall=0.696200, mean_diversity=0.100297,
indivs=9977024, elapsed_secs=26181, mean=0.603393, stdev=0.154708, best fit=0.696200, best_overall=0.696200, mean_diversity=0.297415,
indivs=9987122, elapsed_secs=26219, mean=0.641103, stdev=0.097908, best fit=0.696200, best_overall=0.696200, mean_diversity=0.102305,
indivs=9997220, elapsed_secs=26247, mean=0.606267, stdev=0.064017, best fit=0.696200, best_overall=0.696200, mean_diversity=0.148247,
indivs=10007318, elapsed_secs=26273, mean=0.575538, stdev=0.078905, best fit=0.696200, best_overall=0.696200, mean_diversity=0.171525,
indivs=10017416, elapsed_secs=26304, mean=0.608827, stdev=0.097452, best fit=0.696200, best_overall=0.696200, mean_diversity=0.120043,
indivs=10027514, elapsed_secs=26331, mean=0.592198, stdev=0.112768, best fit=0.696200, best_overall=0.696200, mean_diversity=0.147960,
indivs=10037612, elapsed_secs=26361, mean=0.635379, stdev=0.078974, best fit=0.696200, best_overall=0.696200, mean_diversity=0.131229,
indivs=10047710, elapsed_secs=26386, mean=0.607373, stdev=0.068605, best fit=0.696200, best_overall=0.696200, mean_diversity=0.086393,
indivs=10057808, elapsed_secs=26419, mean=0.573460, stdev=0.118324, best fit=0.696200, best_overall=0.696200, mean_diversity=0.112977,
indivs=10067906, elapsed_secs=26455, mean=0.610544, stdev=0.101696, best fit=0.696200, best_overall=0.696200, mean_diversity=0.115936,
indivs=10078004, elapsed_secs=26482, mean=0.609032, stdev=0.145613, best fit=0.696200, best_overall=0.696200, mean_diversity=0.226377,
indivs=10088102, elapsed_secs=26515, mean=0.619430, stdev=0.093793, best fit=0.696200, best_overall=0.696200, mean_diversity=0.080945,
indivs=10098200, elapsed_secs=26543, mean=0.635123, stdev=0.077515, best fit=0.696200, best_overall=0.696200, mean_diversity=0.118145,
indivs=10108298, elapsed_secs=26578, mean=0.598596, stdev=0.165673, best fit=0.696200, best_overall=0.696200, mean_diversity=0.133301,
indivs=10118396, elapsed_secs=26606, mean=0.589447, stdev=0.142944, best fit=0.696200, best_overall=0.696200, mean_diversity=0.153345,
indivs=10128494, elapsed_secs=26636, mean=0.593768, stdev=0.109003, best fit=0.696200, best_overall=0.696200, mean_diversity=0.133781,
indivs=10138592, elapsed_secs=26667, mean=0.585356, stdev=0.091677, best fit=0.696200, best_overall=0.696200, mean_diversity=0.109096,
indivs=10148690, elapsed_secs=26698, mean=0.616075, stdev=0.116052, best fit=0.696200, best_overall=0.696200, mean_diversity=0.099879,
indivs=10158788, elapsed_secs=26732, mean=0.596628, stdev=0.118650, best fit=0.696200, best_overall=0.696200, mean_diversity=0.138671,
indivs=10168886, elapsed_secs=26766, mean=0.603766, stdev=0.088842, best fit=0.696200, best_overall=0.696200, mean_diversity=0.108000,
indivs=10178984, elapsed_secs=26794, mean=0.609400, stdev=0.135636, best fit=0.696200, best_overall=0.696200, mean_diversity=0.061233,
indivs=10189082, elapsed_secs=26830, mean=0.585679, stdev=0.130436, best fit=0.696200, best_overall=0.696200, mean_diversity=0.139134,
indivs=10199180, elapsed_secs=26864, mean=0.588472, stdev=0.077367, best fit=0.696200, best_overall=0.696200, mean_diversity=0.124314,
indivs=10209278, elapsed_secs=26897, mean=0.591449, stdev=0.080190, best fit=0.696200, best_overall=0.696200, mean_diversity=0.091397,
indivs=10219376, elapsed_secs=26927, mean=0.615993, stdev=0.108009, best fit=0.696200, best_overall=0.696200, mean_diversity=0.110295,
indivs=10229474, elapsed_secs=26960, mean=0.591856, stdev=0.166451, best fit=0.696200, best_overall=0.696200, mean_diversity=0.106811,
indivs=10239572, elapsed_secs=26992, mean=0.622023, stdev=0.123805, best fit=0.696200, best_overall=0.696200, mean_diversity=0.070841,
indivs=10249670, elapsed_secs=27034, mean=0.581951, stdev=0.109016, best fit=0.696200, best_overall=0.696200, mean_diversity=0.162772,
indivs=10259768, elapsed_secs=27060, mean=0.585252, stdev=0.077384, best fit=0.696200, best_overall=0.696200, mean_diversity=0.080418,
indivs=10269866, elapsed_secs=27102, mean=0.605922, stdev=0.072733, best fit=0.696200, best_overall=0.696200, mean_diversity=0.097560,
indivs=10279964, elapsed_secs=27139, mean=0.609188, stdev=0.089652, best fit=0.696200, best_overall=0.696200, mean_diversity=0.239144,
indivs=10290062, elapsed_secs=27166, mean=0.595429, stdev=0.074209, best fit=0.696200, best_overall=0.696200, mean_diversity=0.181271,
indivs=10300160, elapsed_secs=27190, mean=0.603021, stdev=0.132274, best fit=0.696200, best_overall=0.696200, mean_diversity=0.110000,
indivs=10310258, elapsed_secs=27225, mean=0.630010, stdev=0.108505, best fit=0.696200, best_overall=0.696200, mean_diversity=0.129672,
indivs=10320356, elapsed_secs=27254, mean=0.624027, stdev=0.066217, best fit=0.696200, best_overall=0.696200, mean_diversity=0.097523,
indivs=10330454, elapsed_secs=27276, mean=0.616169, stdev=0.116055, best fit=0.696200, best_overall=0.696200, mean_diversity=0.106394,
indivs=10340552, elapsed_secs=27306, mean=0.583884, stdev=0.132653, best fit=0.696200, best_overall=0.696200, mean_diversity=0.118774,
indivs=10350650, elapsed_secs=27335, mean=0.583294, stdev=0.127758, best fit=0.696200, best_overall=0.696200, mean_diversity=0.099324,
indivs=10360748, elapsed_secs=27359, mean=0.634282, stdev=0.083123, best fit=0.696200, best_overall=0.696200, mean_diversity=0.101981,
indivs=10370846, elapsed_secs=27396, mean=0.583542, stdev=0.135094, best fit=0.696200, best_overall=0.696200, mean_diversity=0.188430,
indivs=10380944, elapsed_secs=27433, mean=0.561799, stdev=0.139619, best fit=0.696200, best_overall=0.696200, mean_diversity=0.132289,
indivs=10391042, elapsed_secs=27466, mean=0.638330, stdev=0.068848, best fit=0.696200, best_overall=0.696200, mean_diversity=0.183071,
indivs=10401140, elapsed_secs=27498, mean=0.591511, stdev=0.060609, best fit=0.696200, best_overall=0.696200, mean_diversity=0.124817,
indivs=10411238, elapsed_secs=27526, mean=0.618226, stdev=0.146555, best fit=0.696200, best_overall=0.696200, mean_diversity=0.083388,
indivs=10421336, elapsed_secs=27550, mean=0.570957, stdev=0.157363, best fit=0.696200, best_overall=0.696200, mean_diversity=0.097500,
indivs=10431434, elapsed_secs=27576, mean=0.617644, stdev=0.102112, best fit=0.696200, best_overall=0.696200, mean_diversity=0.121056,
indivs=10441532, elapsed_secs=27603, mean=0.586446, stdev=0.088708, best fit=0.696200, best_overall=0.696200, mean_diversity=0.132616,
indivs=10451630, elapsed_secs=27632, mean=0.588589, stdev=0.168684, best fit=0.696200, best_overall=0.696200, mean_diversity=0.109253,
indivs=10461728, elapsed_secs=27659, mean=0.614146, stdev=0.130536, best fit=0.696200, best_overall=0.696200, mean_diversity=0.144191,
indivs=10471826, elapsed_secs=27690, mean=0.575687, stdev=0.146619, best fit=0.696200, best_overall=0.696200, mean_diversity=0.151475,
indivs=10481924, elapsed_secs=27720, mean=0.583606, stdev=0.114670, best fit=0.696200, best_overall=0.696200, mean_diversity=0.075920,
indivs=10492022, elapsed_secs=27752, mean=0.597580, stdev=0.150020, best fit=0.696200, best_overall=0.696200, mean_diversity=0.098729,
indivs=10502120, elapsed_secs=27784, mean=0.605865, stdev=0.081444, best fit=0.696200, best_overall=0.696200, mean_diversity=0.176863,
indivs=10512218, elapsed_secs=27814, mean=0.596978, stdev=0.127864, best fit=0.696200, best_overall=0.696200, mean_diversity=0.092633,
indivs=10522316, elapsed_secs=27861, mean=0.599328, stdev=0.085284, best fit=0.696200, best_overall=0.696200, mean_diversity=0.132404,
indivs=10532414, elapsed_secs=27893, mean=0.615975, stdev=0.089104, best fit=0.696200, best_overall=0.696200, mean_diversity=0.168161,
indivs=10542512, elapsed_secs=27919, mean=0.624007, stdev=0.080365, best fit=0.696200, best_overall=0.696200, mean_diversity=0.121372,
indivs=10552610, elapsed_secs=27950, mean=0.629413, stdev=0.067760, best fit=0.696200, best_overall=0.696200, mean_diversity=0.155560,
indivs=10562708, elapsed_secs=27981, mean=0.615415, stdev=0.123856, best fit=0.696200, best_overall=0.696200, mean_diversity=0.164326,
indivs=10572806, elapsed_secs=28009, mean=0.596612, stdev=0.091215, best fit=0.696200, best_overall=0.696200, mean_diversity=0.114752,
indivs=10582904, elapsed_secs=28038, mean=0.546809, stdev=0.214749, best fit=0.696200, best_overall=0.696200, mean_diversity=0.094608,
indivs=10593002, elapsed_secs=28072, mean=0.594585, stdev=0.152142, best fit=0.696200, best_overall=0.696200, mean_diversity=0.069112,
indivs=10603100, elapsed_secs=28104, mean=0.613052, stdev=0.073383, best fit=0.696200, best_overall=0.696200, mean_diversity=0.161692,
indivs=10613198, elapsed_secs=28136, mean=0.618077, stdev=0.135445, best fit=0.696200, best_overall=0.696200, mean_diversity=0.126180,
indivs=10623296, elapsed_secs=28161, mean=0.618461, stdev=0.121900, best fit=0.696200, best_overall=0.696200, mean_diversity=0.099354,
indivs=10633394, elapsed_secs=28192, mean=0.606787, stdev=0.079277, best fit=0.696200, best_overall=0.696200, mean_diversity=0.086636,
indivs=10643492, elapsed_secs=28217, mean=0.614817, stdev=0.110347, best fit=0.696200, best_overall=0.696200, mean_diversity=0.137047,
indivs=10653590, elapsed_secs=28251, mean=0.591854, stdev=0.084361, best fit=0.696200, best_overall=0.696200, mean_diversity=0.166011,
indivs=10663688, elapsed_secs=28279, mean=0.611077, stdev=0.089836, best fit=0.696200, best_overall=0.696200, mean_diversity=0.103590,
indivs=10673786, elapsed_secs=28311, mean=0.604016, stdev=0.131065, best fit=0.696200, best_overall=0.696200, mean_diversity=0.091908,
indivs=10683884, elapsed_secs=28347, mean=0.591612, stdev=0.084717, best fit=0.696200, best_overall=0.696200, mean_diversity=0.151167,
indivs=10693982, elapsed_secs=28376, mean=0.597705, stdev=0.120987, best fit=0.696200, best_overall=0.696200, mean_diversity=0.090523,
indivs=10704080, elapsed_secs=28412, mean=0.628680, stdev=0.099302, best fit=0.696200, best_overall=0.696200, mean_diversity=0.112329,
indivs=10714178, elapsed_secs=28445, mean=0.606844, stdev=0.145366, best fit=0.696200, best_overall=0.696200, mean_diversity=0.093370,
indivs=10724276, elapsed_secs=28483, mean=0.609972, stdev=0.098140, best fit=0.696200, best_overall=0.696200, mean_diversity=0.207432,
indivs=10734374, elapsed_secs=28514, mean=0.564788, stdev=0.130637, best fit=0.696200, best_overall=0.696200, mean_diversity=0.087105,
indivs=10744472, elapsed_secs=28544, mean=0.547143, stdev=0.171946, best fit=0.696200, best_overall=0.696200, mean_diversity=0.109151,
indivs=10754570, elapsed_secs=28574, mean=0.610699, stdev=0.096776, best fit=0.696200, best_overall=0.696200, mean_diversity=0.133640,
indivs=10764668, elapsed_secs=28609, mean=0.609969, stdev=0.063636, best fit=0.696200, best_overall=0.696200, mean_diversity=0.131950,
indivs=10774766, elapsed_secs=28642, mean=0.596468, stdev=0.069624, best fit=0.696200, best_overall=0.696200, mean_diversity=0.120246,
indivs=10784864, elapsed_secs=28671, mean=0.618936, stdev=0.091877, best fit=0.696200, best_overall=0.696200, mean_diversity=0.209365,
indivs=10794962, elapsed_secs=28701, mean=0.624472, stdev=0.076652, best fit=0.696200, best_overall=0.696200, mean_diversity=0.221441,
indivs=10805060, elapsed_secs=28726, mean=0.599585, stdev=0.094948, best fit=0.696200, best_overall=0.696200, mean_diversity=0.084691,
indivs=10815158, elapsed_secs=28752, mean=0.591182, stdev=0.104726, best fit=0.696200, best_overall=0.696200, mean_diversity=0.088220,
indivs=10825256, elapsed_secs=28781, mean=0.567788, stdev=0.176254, best fit=0.696200, best_overall=0.696200, mean_diversity=0.094204,
indivs=10835354, elapsed_secs=28816, mean=0.610492, stdev=0.157508, best fit=0.696200, best_overall=0.696200, mean_diversity=0.078431,
indivs=10845452, elapsed_secs=28843, mean=0.609869, stdev=0.125328, best fit=0.696200, best_overall=0.696200, mean_diversity=0.089554,
indivs=10855550, elapsed_secs=28876, mean=0.622419, stdev=0.073860, best fit=0.696200, best_overall=0.696200, mean_diversity=0.240480,
indivs=10865648, elapsed_secs=28905, mean=0.599180, stdev=0.157401, best fit=0.696200, best_overall=0.696200, mean_diversity=0.157313,
indivs=10875746, elapsed_secs=28938, mean=0.617986, stdev=0.129057, best fit=0.696200, best_overall=0.696200, mean_diversity=0.180400,
indivs=10885844, elapsed_secs=28960, mean=0.598609, stdev=0.144014, best fit=0.696200, best_overall=0.696200, mean_diversity=0.094831,
indivs=10895942, elapsed_secs=28987, mean=0.600366, stdev=0.096268, best fit=0.696200, best_overall=0.696200, mean_diversity=0.109329,
indivs=10906040, elapsed_secs=29017, mean=0.622703, stdev=0.099009, best fit=0.696200, best_overall=0.696200, mean_diversity=0.101353,
indivs=10916138, elapsed_secs=29047, mean=0.606810, stdev=0.136043, best fit=0.696200, best_overall=0.696200, mean_diversity=0.186536,
indivs=10926236, elapsed_secs=29078, mean=0.627918, stdev=0.090503, best fit=0.696200, best_overall=0.696200, mean_diversity=0.256852,
indivs=10936334, elapsed_secs=29107, mean=0.604841, stdev=0.109289, best fit=0.696200, best_overall=0.696200, mean_diversity=0.180230,
indivs=10946432, elapsed_secs=29133, mean=0.571671, stdev=0.086932, best fit=0.696200, best_overall=0.696200, mean_diversity=0.156609,
indivs=10956530, elapsed_secs=29165, mean=0.629341, stdev=0.099206, best fit=0.696200, best_overall=0.696200, mean_diversity=0.092462,
indivs=10966628, elapsed_secs=29199, mean=0.615513, stdev=0.070120, best fit=0.696200, best_overall=0.696200, mean_diversity=0.111089,
indivs=10976726, elapsed_secs=29223, mean=0.584191, stdev=0.105848, best fit=0.696200, best_overall=0.696200, mean_diversity=0.086789,
indivs=10986824, elapsed_secs=29257, mean=0.599320, stdev=0.084117, best fit=0.696200, best_overall=0.696200, mean_diversity=0.074972,
indivs=10996922, elapsed_secs=29290, mean=0.606887, stdev=0.095251, best fit=0.696200, best_overall=0.696200, mean_diversity=0.099857,
indivs=11007020, elapsed_secs=29323, mean=0.624026, stdev=0.129320, best fit=0.696200, best_overall=0.696200, mean_diversity=0.143913,
indivs=11017118, elapsed_secs=29360, mean=0.578211, stdev=0.126079, best fit=0.696200, best_overall=0.696200, mean_diversity=0.151558,
indivs=11027216, elapsed_secs=29390, mean=0.586636, stdev=0.124386, best fit=0.696200, best_overall=0.696200, mean_diversity=0.158370,
indivs=11037314, elapsed_secs=29420, mean=0.611951, stdev=0.097668, best fit=0.696200, best_overall=0.696200, mean_diversity=0.114904,
indivs=11047412, elapsed_secs=29451, mean=0.605872, stdev=0.119775, best fit=0.696200, best_overall=0.696200, mean_diversity=0.159150,
indivs=11057510, elapsed_secs=29490, mean=0.627718, stdev=0.098340, best fit=0.696200, best_overall=0.696200, mean_diversity=0.118804,
indivs=11067608, elapsed_secs=29522, mean=0.616429, stdev=0.105280, best fit=0.696200, best_overall=0.696200, mean_diversity=0.117596,
indivs=11077706, elapsed_secs=29554, mean=0.610720, stdev=0.133018, best fit=0.696200, best_overall=0.696200, mean_diversity=0.142432,
indivs=11087804, elapsed_secs=29584, mean=0.584165, stdev=0.068696, best fit=0.696200, best_overall=0.696200, mean_diversity=0.114821,
indivs=11097902, elapsed_secs=29609, mean=0.609785, stdev=0.131411, best fit=0.696200, best_overall=0.696200, mean_diversity=0.188402,
indivs=11108000, elapsed_secs=29634, mean=0.586484, stdev=0.141087, best fit=0.696200, best_overall=0.696200, mean_diversity=0.115331,
indivs=11118098, elapsed_secs=29667, mean=0.600537, stdev=0.137381, best fit=0.696200, best_overall=0.696200, mean_diversity=0.152101,
indivs=11128196, elapsed_secs=29699, mean=0.594629, stdev=0.087286, best fit=0.696200, best_overall=0.696200, mean_diversity=0.065333,
indivs=11138294, elapsed_secs=29731, mean=0.621648, stdev=0.074633, best fit=0.696200, best_overall=0.696200, mean_diversity=0.298784,
indivs=11148392, elapsed_secs=29760, mean=0.585070, stdev=0.080698, best fit=0.696200, best_overall=0.696200, mean_diversity=0.180305,
indivs=11158490, elapsed_secs=29793, mean=0.603538, stdev=0.141699, best fit=0.696200, best_overall=0.696200, mean_diversity=0.112594,
indivs=11168588, elapsed_secs=29837, mean=0.607009, stdev=0.112021, best fit=0.696200, best_overall=0.696200, mean_diversity=0.127788,
indivs=11178686, elapsed_secs=29867, mean=0.596529, stdev=0.084336, best fit=0.696200, best_overall=0.696200, mean_diversity=0.076804,
indivs=11188784, elapsed_secs=29895, mean=0.587876, stdev=0.072210, best fit=0.696200, best_overall=0.696200, mean_diversity=0.122381,
indivs=11198882, elapsed_secs=29921, mean=0.582575, stdev=0.106309, best fit=0.696200, best_overall=0.696200, mean_diversity=0.109630,
indivs=11208980, elapsed_secs=29962, mean=0.634321, stdev=0.098614, best fit=0.696200, best_overall=0.696200, mean_diversity=0.168718,
indivs=11219078, elapsed_secs=29996, mean=0.565607, stdev=0.185394, best fit=0.696200, best_overall=0.696200, mean_diversity=0.099965,
indivs=11229176, elapsed_secs=30032, mean=0.612388, stdev=0.087009, best fit=0.696200, best_overall=0.696200, mean_diversity=0.127226,
indivs=11239274, elapsed_secs=30065, mean=0.599430, stdev=0.177891, best fit=0.696200, best_overall=0.696200, mean_diversity=0.054306,
indivs=11249372, elapsed_secs=30099, mean=0.561568, stdev=0.226269, best fit=0.696200, best_overall=0.696200, mean_diversity=0.178790,
indivs=11259470, elapsed_secs=30131, mean=0.605131, stdev=0.132215, best fit=0.696200, best_overall=0.696200, mean_diversity=0.113300,
indivs=11269568, elapsed_secs=30166, mean=0.579454, stdev=0.113293, best fit=0.696200, best_overall=0.696200, mean_diversity=0.116204,
indivs=11279666, elapsed_secs=30194, mean=0.610589, stdev=0.129149, best fit=0.696200, best_overall=0.696200, mean_diversity=0.095907,
indivs=11289764, elapsed_secs=30229, mean=0.563698, stdev=0.149024, best fit=0.696200, best_overall=0.696200, mean_diversity=0.122199,
indivs=11299862, elapsed_secs=30261, mean=0.613242, stdev=0.144667, best fit=0.696200, best_overall=0.696200, mean_diversity=0.097971,
indivs=11309960, elapsed_secs=30294, mean=0.598332, stdev=0.127202, best fit=0.696200, best_overall=0.696200, mean_diversity=0.124477,
indivs=11320058, elapsed_secs=30325, mean=0.580032, stdev=0.129365, best fit=0.696200, best_overall=0.696200, mean_diversity=0.156568,
indivs=11330156, elapsed_secs=30355, mean=0.570208, stdev=0.115219, best fit=0.696200, best_overall=0.696200, mean_diversity=0.141245,
indivs=11340254, elapsed_secs=30380, mean=0.619641, stdev=0.100364, best fit=0.696200, best_overall=0.696200, mean_diversity=0.143305,
indivs=11350352, elapsed_secs=30410, mean=0.597477, stdev=0.117451, best fit=0.696200, best_overall=0.696200, mean_diversity=0.183292,
indivs=11360450, elapsed_secs=30437, mean=0.601763, stdev=0.106904, best fit=0.696200, best_overall=0.696200, mean_diversity=0.129593,
indivs=11370548, elapsed_secs=30469, mean=0.577085, stdev=0.196079, best fit=0.696200, best_overall=0.696200, mean_diversity=0.130208,
indivs=11380646, elapsed_secs=30508, mean=0.640146, stdev=0.096271, best fit=0.696200, best_overall=0.696200, mean_diversity=0.141701,
indivs=11390744, elapsed_secs=30537, mean=0.599474, stdev=0.082901, best fit=0.696200, best_overall=0.696200, mean_diversity=0.125586,
indivs=11400842, elapsed_secs=30567, mean=0.585885, stdev=0.083786, best fit=0.696200, best_overall=0.696200, mean_diversity=0.088616,
indivs=11410940, elapsed_secs=30596, mean=0.605085, stdev=0.099517, best fit=0.696200, best_overall=0.696200, mean_diversity=0.099822,
indivs=11421038, elapsed_secs=30620, mean=0.602122, stdev=0.103721, best fit=0.696200, best_overall=0.696200, mean_diversity=0.111062,
indivs=11431136, elapsed_secs=30648, mean=0.605637, stdev=0.069066, best fit=0.696200, best_overall=0.696200, mean_diversity=0.070593,
indivs=11441234, elapsed_secs=30672, mean=0.575901, stdev=0.094613, best fit=0.696200, best_overall=0.696200, mean_diversity=0.125946,
indivs=11451332, elapsed_secs=30702, mean=0.596161, stdev=0.061900, best fit=0.696200, best_overall=0.696200, mean_diversity=0.109438,
indivs=11461430, elapsed_secs=30725, mean=0.615808, stdev=0.072864, best fit=0.696200, best_overall=0.696200, mean_diversity=0.179330,
indivs=11471528, elapsed_secs=30758, mean=0.587339, stdev=0.072359, best fit=0.696200, best_overall=0.696200, mean_diversity=0.152112,
indivs=11481626, elapsed_secs=30787, mean=0.601690, stdev=0.081192, best fit=0.696200, best_overall=0.696200, mean_diversity=0.146163,
indivs=11491724, elapsed_secs=30814, mean=0.575995, stdev=0.146190, best fit=0.696200, best_overall=0.696200, mean_diversity=0.150163,
indivs=11501822, elapsed_secs=30841, mean=0.561070, stdev=0.125381, best fit=0.696200, best_overall=0.696200, mean_diversity=0.165687,
indivs=11511920, elapsed_secs=30868, mean=0.613354, stdev=0.123177, best fit=0.696200, best_overall=0.696200, mean_diversity=0.204233,
indivs=11522018, elapsed_secs=30899, mean=0.597302, stdev=0.085549, best fit=0.696200, best_overall=0.696200, mean_diversity=0.098528,
indivs=11532116, elapsed_secs=30930, mean=0.615682, stdev=0.066815, best fit=0.696200, best_overall=0.696200, mean_diversity=0.181993,
indivs=11542214, elapsed_secs=30962, mean=0.616884, stdev=0.122760, best fit=0.696200, best_overall=0.696200, mean_diversity=0.146087,
indivs=11552312, elapsed_secs=30989, mean=0.609642, stdev=0.103428, best fit=0.696200, best_overall=0.696200, mean_diversity=0.070554,
indivs=11562410, elapsed_secs=31022, mean=0.631265, stdev=0.079664, best fit=0.696200, best_overall=0.696200, mean_diversity=0.117745,
indivs=11572508, elapsed_secs=31056, mean=0.587994, stdev=0.157035, best fit=0.696200, best_overall=0.696200, mean_diversity=0.080456,
indivs=11582606, elapsed_secs=31087, mean=0.620540, stdev=0.099400, best fit=0.696200, best_overall=0.696200, mean_diversity=0.109412,
indivs=11592704, elapsed_secs=31123, mean=0.602804, stdev=0.149216, best fit=0.696200, best_overall=0.696200, mean_diversity=0.107969,
indivs=11602802, elapsed_secs=31156, mean=0.594332, stdev=0.101793, best fit=0.696200, best_overall=0.696200, mean_diversity=0.136288,
indivs=11612900, elapsed_secs=31185, mean=0.577225, stdev=0.132535, best fit=0.696200, best_overall=0.696200, mean_diversity=0.095359,
indivs=11622998, elapsed_secs=31217, mean=0.627272, stdev=0.076018, best fit=0.696200, best_overall=0.696200, mean_diversity=0.123908,
indivs=11633096, elapsed_secs=31251, mean=0.630219, stdev=0.101902, best fit=0.696200, best_overall=0.696200, mean_diversity=0.176772,
indivs=11643194, elapsed_secs=31282, mean=0.626949, stdev=0.078948, best fit=0.696200, best_overall=0.696200, mean_diversity=0.119900,
indivs=11653292, elapsed_secs=31310, mean=0.590467, stdev=0.082831, best fit=0.696200, best_overall=0.696200, mean_diversity=0.278122,
indivs=11663390, elapsed_secs=31344, mean=0.608265, stdev=0.156940, best fit=0.696200, best_overall=0.696200, mean_diversity=0.072091,
indivs=11673488, elapsed_secs=31375, mean=0.608088, stdev=0.096225, best fit=0.696200, best_overall=0.696200, mean_diversity=0.095046,
indivs=11683586, elapsed_secs=31406, mean=0.609725, stdev=0.081782, best fit=0.696200, best_overall=0.696200, mean_diversity=0.155661,
indivs=11693684, elapsed_secs=31430, mean=0.563077, stdev=0.177222, best fit=0.696200, best_overall=0.696200, mean_diversity=0.129286,
indivs=11703782, elapsed_secs=31456, mean=0.617449, stdev=0.168312, best fit=0.696200, best_overall=0.696200, mean_diversity=0.073729,
indivs=11713880, elapsed_secs=31484, mean=0.592855, stdev=0.094909, best fit=0.696200, best_overall=0.696200, mean_diversity=0.114186,
indivs=11723978, elapsed_secs=31520, mean=0.578069, stdev=0.132965, best fit=0.696200, best_overall=0.696200, mean_diversity=0.230231,
indivs=11734076, elapsed_secs=31555, mean=0.585666, stdev=0.105294, best fit=0.696200, best_overall=0.696200, mean_diversity=0.176807,
indivs=11744174, elapsed_secs=31588, mean=0.574653, stdev=0.172933, best fit=0.696200, best_overall=0.696200, mean_diversity=0.124167,
indivs=11754272, elapsed_secs=31623, mean=0.578886, stdev=0.137624, best fit=0.696200, best_overall=0.696200, mean_diversity=0.123307,
indivs=11764370, elapsed_secs=31649, mean=0.617217, stdev=0.102857, best fit=0.696200, best_overall=0.696200, mean_diversity=0.096653,
indivs=11774468, elapsed_secs=31676, mean=0.557537, stdev=0.165175, best fit=0.696200, best_overall=0.696200, mean_diversity=0.097457,
indivs=11784566, elapsed_secs=31704, mean=0.584353, stdev=0.071913, best fit=0.696200, best_overall=0.696200, mean_diversity=0.167687,
indivs=11794664, elapsed_secs=31737, mean=0.588784, stdev=0.121178, best fit=0.696200, best_overall=0.696200, mean_diversity=0.186047,
indivs=11804762, elapsed_secs=31770, mean=0.599519, stdev=0.080249, best fit=0.696200, best_overall=0.696200, mean_diversity=0.091624,
indivs=11814860, elapsed_secs=31800, mean=0.629993, stdev=0.072847, best fit=0.696200, best_overall=0.696200, mean_diversity=0.121760,
indivs=11824958, elapsed_secs=31830, mean=0.610394, stdev=0.055605, best fit=0.696200, best_overall=0.696200, mean_diversity=0.131967,
indivs=11835056, elapsed_secs=31858, mean=0.615906, stdev=0.132100, best fit=0.696200, best_overall=0.696200, mean_diversity=0.065329,
indivs=11845154, elapsed_secs=31894, mean=0.598872, stdev=0.140862, best fit=0.696200, best_overall=0.696200, mean_diversity=0.164894,
indivs=11855252, elapsed_secs=31932, mean=0.631586, stdev=0.070611, best fit=0.696200, best_overall=0.696200, mean_diversity=0.109249,
indivs=11865350, elapsed_secs=31965, mean=0.589218, stdev=0.104928, best fit=0.696200, best_overall=0.696200, mean_diversity=0.100120,
indivs=11875448, elapsed_secs=31992, mean=0.618773, stdev=0.081179, best fit=0.696200, best_overall=0.696200, mean_diversity=0.110210,
indivs=11885546, elapsed_secs=32016, mean=0.602357, stdev=0.081279, best fit=0.696200, best_overall=0.696200, mean_diversity=0.076694,
indivs=11895644, elapsed_secs=32051, mean=0.611463, stdev=0.103255, best fit=0.696200, best_overall=0.696200, mean_diversity=0.083399,
indivs=11905742, elapsed_secs=32076, mean=0.594627, stdev=0.060617, best fit=0.696200, best_overall=0.696200, mean_diversity=0.085863,
indivs=11915840, elapsed_secs=32108, mean=0.621715, stdev=0.131510, best fit=0.696200, best_overall=0.696200, mean_diversity=0.171685,
indivs=11925938, elapsed_secs=32146, mean=0.608059, stdev=0.081649, best fit=0.696200, best_overall=0.696200, mean_diversity=0.116636,
indivs=11936036, elapsed_secs=32178, mean=0.586208, stdev=0.116681, best fit=0.696200, best_overall=0.696200, mean_diversity=0.124435,
indivs=11946134, elapsed_secs=32215, mean=0.594560, stdev=0.134676, best fit=0.696200, best_overall=0.696200, mean_diversity=0.146690,
indivs=11956232, elapsed_secs=32249, mean=0.603476, stdev=0.095758, best fit=0.696200, best_overall=0.696200, mean_diversity=0.062434,
indivs=11966330, elapsed_secs=32272, mean=0.612418, stdev=0.121808, best fit=0.696200, best_overall=0.696200, mean_diversity=0.213488,
indivs=11976428, elapsed_secs=32297, mean=0.642182, stdev=0.067159, best fit=0.696200, best_overall=0.696200, mean_diversity=0.209434,
indivs=11986526, elapsed_secs=32326, mean=0.621956, stdev=0.089410, best fit=0.696200, best_overall=0.696200, mean_diversity=0.115688,
indivs=11996624, elapsed_secs=32360, mean=0.627809, stdev=0.114725, best fit=0.696200, best_overall=0.696200, mean_diversity=0.097804,
indivs=12006722, elapsed_secs=32393, mean=0.587927, stdev=0.136889, best fit=0.696200, best_overall=0.696200, mean_diversity=0.151680,
indivs=12016820, elapsed_secs=32422, mean=0.629312, stdev=0.089468, best fit=0.696200, best_overall=0.696200, mean_diversity=0.111703,
indivs=12026918, elapsed_secs=32459, mean=0.607550, stdev=0.069899, best fit=0.696200, best_overall=0.696200, mean_diversity=0.108689,
indivs=12037016, elapsed_secs=32491, mean=0.572066, stdev=0.118594, best fit=0.696200, best_overall=0.696200, mean_diversity=0.106981,
indivs=12047114, elapsed_secs=32518, mean=0.586518, stdev=0.083615, best fit=0.696200, best_overall=0.696200, mean_diversity=0.234758,
indivs=12057212, elapsed_secs=32547, mean=0.611726, stdev=0.149140, best fit=0.696200, best_overall=0.696200, mean_diversity=0.144699,
indivs=12067310, elapsed_secs=32580, mean=0.592532, stdev=0.062602, best fit=0.696200, best_overall=0.696200, mean_diversity=0.124281,
indivs=12077408, elapsed_secs=32609, mean=0.597370, stdev=0.059671, best fit=0.696200, best_overall=0.696200, mean_diversity=0.149847,
indivs=12087506, elapsed_secs=32647, mean=0.614756, stdev=0.087064, best fit=0.696200, best_overall=0.696200, mean_diversity=0.097312,
indivs=12097604, elapsed_secs=32675, mean=0.609115, stdev=0.083123, best fit=0.696200, best_overall=0.696200, mean_diversity=0.101753,
indivs=12107702, elapsed_secs=32703, mean=0.570523, stdev=0.095956, best fit=0.696200, best_overall=0.696200, mean_diversity=0.099303,
indivs=12117800, elapsed_secs=32731, mean=0.574076, stdev=0.115735, best fit=0.696200, best_overall=0.696200, mean_diversity=0.093899,
indivs=12127898, elapsed_secs=32759, mean=0.585540, stdev=0.085516, best fit=0.696200, best_overall=0.696200, mean_diversity=0.162156,
indivs=12137996, elapsed_secs=32787, mean=0.560569, stdev=0.161628, best fit=0.696200, best_overall=0.696200, mean_diversity=0.154848,
indivs=12148094, elapsed_secs=32816, mean=0.613846, stdev=0.113135, best fit=0.696200, best_overall=0.696200, mean_diversity=0.116552,
indivs=12158192, elapsed_secs=32848, mean=0.614405, stdev=0.104097, best fit=0.696200, best_overall=0.696200, mean_diversity=0.112288,
indivs=12168290, elapsed_secs=32875, mean=0.600229, stdev=0.089826, best fit=0.696200, best_overall=0.696200, mean_diversity=0.171622,
indivs=12178388, elapsed_secs=32904, mean=0.610889, stdev=0.097626, best fit=0.696200, best_overall=0.696200, mean_diversity=0.158593,
indivs=12188486, elapsed_secs=32933, mean=0.600076, stdev=0.077221, best fit=0.696200, best_overall=0.696200, mean_diversity=0.110119,
indivs=12198584, elapsed_secs=32961, mean=0.611311, stdev=0.143255, best fit=0.696200, best_overall=0.696200, mean_diversity=0.107670,
indivs=12208682, elapsed_secs=32989, mean=0.622945, stdev=0.097241, best fit=0.696200, best_overall=0.696200, mean_diversity=0.088478,
indivs=12218780, elapsed_secs=33024, mean=0.601123, stdev=0.053882, best fit=0.696200, best_overall=0.696200, mean_diversity=0.090034,
indivs=12228878, elapsed_secs=33055, mean=0.612769, stdev=0.134343, best fit=0.696200, best_overall=0.696200, mean_diversity=0.129118,
indivs=12238976, elapsed_secs=33086, mean=0.610523, stdev=0.101657, best fit=0.696200, best_overall=0.696200, mean_diversity=0.194947,
indivs=12249074, elapsed_secs=33111, mean=0.594916, stdev=0.072235, best fit=0.696200, best_overall=0.696200, mean_diversity=0.113429,
indivs=12259172, elapsed_secs=33137, mean=0.573114, stdev=0.130190, best fit=0.696200, best_overall=0.696200, mean_diversity=0.156538,
indivs=12269270, elapsed_secs=33169, mean=0.585123, stdev=0.101344, best fit=0.696200, best_overall=0.696200, mean_diversity=0.125259,
indivs=12279368, elapsed_secs=33193, mean=0.588446, stdev=0.117343, best fit=0.696200, best_overall=0.696200, mean_diversity=0.143194,
indivs=12289466, elapsed_secs=33225, mean=0.611308, stdev=0.066863, best fit=0.696200, best_overall=0.696200, mean_diversity=0.115427,
indivs=12299564, elapsed_secs=33263, mean=0.604136, stdev=0.142191, best fit=0.696200, best_overall=0.696200, mean_diversity=0.125843,
indivs=12309662, elapsed_secs=33296, mean=0.603489, stdev=0.158339, best fit=0.696200, best_overall=0.696200, mean_diversity=0.249320,
indivs=12319760, elapsed_secs=33328, mean=0.570560, stdev=0.160894, best fit=0.696200, best_overall=0.696200, mean_diversity=0.095677,
indivs=12329858, elapsed_secs=33369, mean=0.589239, stdev=0.123571, best fit=0.696200, best_overall=0.696200, mean_diversity=0.168248,
indivs=12339956, elapsed_secs=33410, mean=0.644006, stdev=0.085182, best fit=0.696200, best_overall=0.696200, mean_diversity=0.112560,
indivs=12350054, elapsed_secs=33440, mean=0.624524, stdev=0.083394, best fit=0.696200, best_overall=0.696200, mean_diversity=0.106618,
indivs=12360152, elapsed_secs=33479, mean=0.599034, stdev=0.113530, best fit=0.696200, best_overall=0.696200, mean_diversity=0.193057,
indivs=12370250, elapsed_secs=33513, mean=0.594521, stdev=0.150108, best fit=0.696200, best_overall=0.696200, mean_diversity=0.089387,
indivs=12380348, elapsed_secs=33548, mean=0.584996, stdev=0.085815, best fit=0.696200, best_overall=0.696200, mean_diversity=0.127185,
indivs=12390446, elapsed_secs=33581, mean=0.563423, stdev=0.184771, best fit=0.696200, best_overall=0.696200, mean_diversity=0.096287,
indivs=12400544, elapsed_secs=33610, mean=0.558015, stdev=0.153502, best fit=0.696200, best_overall=0.696200, mean_diversity=0.106926,
indivs=12410642, elapsed_secs=33640, mean=0.602222, stdev=0.139335, best fit=0.696200, best_overall=0.696200, mean_diversity=0.105121,
indivs=12420740, elapsed_secs=33673, mean=0.573458, stdev=0.103960, best fit=0.696200, best_overall=0.696200, mean_diversity=0.097228,
indivs=12430838, elapsed_secs=33707, mean=0.604294, stdev=0.088864, best fit=0.696200, best_overall=0.696200, mean_diversity=0.152470,
indivs=12440936, elapsed_secs=33730, mean=0.577987, stdev=0.117850, best fit=0.696200, best_overall=0.696200, mean_diversity=0.098893,
indivs=12451034, elapsed_secs=33762, mean=0.597836, stdev=0.057544, best fit=0.696200, best_overall=0.696200, mean_diversity=0.131327,
indivs=12461132, elapsed_secs=33792, mean=0.620651, stdev=0.114745, best fit=0.696200, best_overall=0.696200, mean_diversity=0.088506,
indivs=12471230, elapsed_secs=33824, mean=0.620018, stdev=0.119951, best fit=0.696200, best_overall=0.696200, mean_diversity=0.132139,
indivs=12481328, elapsed_secs=33856, mean=0.601786, stdev=0.093737, best fit=0.696200, best_overall=0.696200, mean_diversity=0.119767,
indivs=12491426, elapsed_secs=33882, mean=0.581309, stdev=0.118365, best fit=0.696200, best_overall=0.696200, mean_diversity=0.127242,
indivs=12501524, elapsed_secs=33904, mean=0.591046, stdev=0.087337, best fit=0.696200, best_overall=0.696200, mean_diversity=0.160187,
indivs=12511622, elapsed_secs=33933, mean=0.627205, stdev=0.103191, best fit=0.696200, best_overall=0.696200, mean_diversity=0.154414,
indivs=12521720, elapsed_secs=33966, mean=0.631167, stdev=0.094484, best fit=0.696200, best_overall=0.696200, mean_diversity=0.102799,
indivs=12531818, elapsed_secs=33997, mean=0.635356, stdev=0.105182, best fit=0.696200, best_overall=0.696200, mean_diversity=0.142626,
indivs=12541916, elapsed_secs=34024, mean=0.606543, stdev=0.076795, best fit=0.696200, best_overall=0.696200, mean_diversity=0.201951,
indivs=12552014, elapsed_secs=34055, mean=0.587222, stdev=0.130251, best fit=0.696200, best_overall=0.696200, mean_diversity=0.220568,
indivs=12562112, elapsed_secs=34085, mean=0.628819, stdev=0.083921, best fit=0.696200, best_overall=0.696200, mean_diversity=0.169188,
indivs=12572210, elapsed_secs=34114, mean=0.583325, stdev=0.102009, best fit=0.696200, best_overall=0.696200, mean_diversity=0.086561,
indivs=12582308, elapsed_secs=34145, mean=0.619640, stdev=0.076006, best fit=0.696200, best_overall=0.696200, mean_diversity=0.152772,
indivs=12592406, elapsed_secs=34173, mean=0.619371, stdev=0.088398, best fit=0.696200, best_overall=0.696200, mean_diversity=0.127654,
indivs=12602504, elapsed_secs=34202, mean=0.582485, stdev=0.106218, best fit=0.696200, best_overall=0.696200, mean_diversity=0.100297,
indivs=12612602, elapsed_secs=34236, mean=0.569332, stdev=0.118703, best fit=0.696200, best_overall=0.696200, mean_diversity=0.162781,
indivs=12622700, elapsed_secs=34279, mean=0.596339, stdev=0.074807, best fit=0.696200, best_overall=0.696200, mean_diversity=0.108222,
indivs=12632798, elapsed_secs=34313, mean=0.637674, stdev=0.071602, best fit=0.696200, best_overall=0.696200, mean_diversity=0.276168,
indivs=12642896, elapsed_secs=34348, mean=0.590991, stdev=0.109898, best fit=0.696200, best_overall=0.696200, mean_diversity=0.162323,
indivs=12652994, elapsed_secs=34380, mean=0.601555, stdev=0.147322, best fit=0.696200, best_overall=0.696200, mean_diversity=0.127571,
indivs=12663092, elapsed_secs=34409, mean=0.609521, stdev=0.064094, best fit=0.696200, best_overall=0.696200, mean_diversity=0.168922,
indivs=12673190, elapsed_secs=34444, mean=0.618887, stdev=0.138024, best fit=0.696200, best_overall=0.696200, mean_diversity=0.150896,
indivs=12683288, elapsed_secs=34479, mean=0.619640, stdev=0.087653, best fit=0.696200, best_overall=0.696200, mean_diversity=0.172255,
indivs=12693386, elapsed_secs=34509, mean=0.607843, stdev=0.144461, best fit=0.696200, best_overall=0.696200, mean_diversity=0.112457,
indivs=12703484, elapsed_secs=34540, mean=0.628064, stdev=0.102005, best fit=0.696200, best_overall=0.696200, mean_diversity=0.109254,
indivs=12713582, elapsed_secs=34565, mean=0.595568, stdev=0.088873, best fit=0.696200, best_overall=0.696200, mean_diversity=0.097284,
indivs=12723680, elapsed_secs=34593, mean=0.623303, stdev=0.114614, best fit=0.696200, best_overall=0.696200, mean_diversity=0.142018,
indivs=12733778, elapsed_secs=34621, mean=0.593910, stdev=0.080882, best fit=0.696200, best_overall=0.696200, mean_diversity=0.084277,
indivs=12743876, elapsed_secs=34658, mean=0.606895, stdev=0.098157, best fit=0.696200, best_overall=0.696200, mean_diversity=0.114837,
indivs=12753974, elapsed_secs=34690, mean=0.623158, stdev=0.113990, best fit=0.696200, best_overall=0.696200, mean_diversity=0.184254,
indivs=12764072, elapsed_secs=34722, mean=0.587923, stdev=0.059318, best fit=0.696200, best_overall=0.696200, mean_diversity=0.182698,
indivs=12774170, elapsed_secs=34747, mean=0.622466, stdev=0.119605, best fit=0.696200, best_overall=0.696200, mean_diversity=0.405217,
indivs=12784268, elapsed_secs=34777, mean=0.624266, stdev=0.097430, best fit=0.696200, best_overall=0.696200, mean_diversity=0.123343,
indivs=12794366, elapsed_secs=34803, mean=0.604911, stdev=0.063299, best fit=0.696200, best_overall=0.696200, mean_diversity=0.150282,
indivs=12804464, elapsed_secs=34824, mean=0.587242, stdev=0.189720, best fit=0.696200, best_overall=0.696200, mean_diversity=0.138609,
indivs=12814562, elapsed_secs=34852, mean=0.551355, stdev=0.163085, best fit=0.696200, best_overall=0.696200, mean_diversity=0.075987,
indivs=12824660, elapsed_secs=34881, mean=0.620274, stdev=0.111264, best fit=0.696200, best_overall=0.696200, mean_diversity=0.149873,
indivs=12834758, elapsed_secs=34904, mean=0.605328, stdev=0.161542, best fit=0.696200, best_overall=0.696200, mean_diversity=0.119339,
indivs=12844856, elapsed_secs=34936, mean=0.571851, stdev=0.142931, best fit=0.696200, best_overall=0.696200, mean_diversity=0.175472,
indivs=12854954, elapsed_secs=34971, mean=0.566874, stdev=0.147829, best fit=0.696200, best_overall=0.696200, mean_diversity=0.139355,
indivs=12865052, elapsed_secs=34996, mean=0.610134, stdev=0.154838, best fit=0.696200, best_overall=0.696200, mean_diversity=0.074948,
indivs=12875150, elapsed_secs=35026, mean=0.623395, stdev=0.095509, best fit=0.696200, best_overall=0.696200, mean_diversity=0.083492,
indivs=12885248, elapsed_secs=35056, mean=0.629659, stdev=0.092171, best fit=0.696200, best_overall=0.696200, mean_diversity=0.168554,
indivs=12895346, elapsed_secs=35085, mean=0.598407, stdev=0.059110, best fit=0.696200, best_overall=0.696200, mean_diversity=0.086555,
indivs=12905444, elapsed_secs=35117, mean=0.583807, stdev=0.095693, best fit=0.696200, best_overall=0.696200, mean_diversity=0.149219,
indivs=12915542, elapsed_secs=35146, mean=0.565700, stdev=0.159314, best fit=0.696200, best_overall=0.696200, mean_diversity=0.130462,
indivs=12925640, elapsed_secs=35175, mean=0.603545, stdev=0.131576, best fit=0.696200, best_overall=0.696200, mean_diversity=0.073634,
indivs=12935738, elapsed_secs=35207, mean=0.603549, stdev=0.096264, best fit=0.696200, best_overall=0.696200, mean_diversity=0.148672,
indivs=12945836, elapsed_secs=35236, mean=0.614371, stdev=0.077162, best fit=0.696200, best_overall=0.696200, mean_diversity=0.082478,
indivs=12955934, elapsed_secs=35265, mean=0.616989, stdev=0.095911, best fit=0.696200, best_overall=0.696200, mean_diversity=0.217333,
indivs=12966032, elapsed_secs=35296, mean=0.594284, stdev=0.178884, best fit=0.696200, best_overall=0.696200, mean_diversity=0.084316,
indivs=12976130, elapsed_secs=35324, mean=0.629349, stdev=0.076792, best fit=0.696200, best_overall=0.696200, mean_diversity=0.176871,
indivs=12986228, elapsed_secs=35363, mean=0.599531, stdev=0.062120, best fit=0.696200, best_overall=0.696200, mean_diversity=0.160780,
indivs=12996326, elapsed_secs=35391, mean=0.572147, stdev=0.092123, best fit=0.696200, best_overall=0.696200, mean_diversity=0.204523,
indivs=13006424, elapsed_secs=35423, mean=0.618282, stdev=0.110234, best fit=0.696200, best_overall=0.696200, mean_diversity=0.128767,
indivs=13016522, elapsed_secs=35454, mean=0.619063, stdev=0.112230, best fit=0.696200, best_overall=0.696200, mean_diversity=0.099806,
indivs=13026620, elapsed_secs=35484, mean=0.627728, stdev=0.071841, best fit=0.696200, best_overall=0.696200, mean_diversity=0.117933,
indivs=13036718, elapsed_secs=35520, mean=0.594032, stdev=0.080388, best fit=0.696200, best_overall=0.696200, mean_diversity=0.129752,
indivs=13046816, elapsed_secs=35544, mean=0.609554, stdev=0.140051, best fit=0.696200, best_overall=0.696200, mean_diversity=0.138320,
indivs=13056914, elapsed_secs=35570, mean=0.616075, stdev=0.123551, best fit=0.696200, best_overall=0.696200, mean_diversity=0.168596,
indivs=13067012, elapsed_secs=35603, mean=0.591377, stdev=0.099048, best fit=0.696200, best_overall=0.696200, mean_diversity=0.135078,
indivs=13077110, elapsed_secs=35639, mean=0.601461, stdev=0.146128, best fit=0.696200, best_overall=0.696200, mean_diversity=0.109974,
indivs=13087208, elapsed_secs=35672, mean=0.613265, stdev=0.133740, best fit=0.696200, best_overall=0.696200, mean_diversity=0.114545,
indivs=13097306, elapsed_secs=35704, mean=0.610196, stdev=0.146965, best fit=0.696200, best_overall=0.696200, mean_diversity=0.072799,
indivs=13107404, elapsed_secs=35733, mean=0.622992, stdev=0.102698, best fit=0.696200, best_overall=0.696200, mean_diversity=0.095955,
indivs=13117502, elapsed_secs=35765, mean=0.591299, stdev=0.081909, best fit=0.696200, best_overall=0.696200, mean_diversity=0.131388,
indivs=13127600, elapsed_secs=35794, mean=0.623181, stdev=0.128458, best fit=0.696200, best_overall=0.696200, mean_diversity=0.097721,
indivs=13137698, elapsed_secs=35829, mean=0.599210, stdev=0.069679, best fit=0.696200, best_overall=0.696200, mean_diversity=0.172595,
indivs=13147796, elapsed_secs=35861, mean=0.638228, stdev=0.108564, best fit=0.696200, best_overall=0.696200, mean_diversity=0.163905,
indivs=13157894, elapsed_secs=35887, mean=0.616948, stdev=0.116566, best fit=0.696200, best_overall=0.696200, mean_diversity=0.235422,
indivs=13167992, elapsed_secs=35914, mean=0.588644, stdev=0.092130, best fit=0.696200, best_overall=0.696200, mean_diversity=0.104410,
indivs=13178090, elapsed_secs=35955, mean=0.624010, stdev=0.063389, best fit=0.696200, best_overall=0.696200, mean_diversity=0.084795,
indivs=13188188, elapsed_secs=35988, mean=0.598587, stdev=0.059357, best fit=0.696200, best_overall=0.696200, mean_diversity=0.133094,
indivs=13198286, elapsed_secs=36020, mean=0.619500, stdev=0.111108, best fit=0.696200, best_overall=0.696200, mean_diversity=0.088800,
indivs=13208384, elapsed_secs=36051, mean=0.636663, stdev=0.069209, best fit=0.696200, best_overall=0.696200, mean_diversity=0.148328,
indivs=13218482, elapsed_secs=36077, mean=0.637327, stdev=0.091746, best fit=0.696200, best_overall=0.696200, mean_diversity=0.088711,
indivs=13228580, elapsed_secs=36106, mean=0.596808, stdev=0.057021, best fit=0.696200, best_overall=0.696200, mean_diversity=0.167824,
indivs=13238678, elapsed_secs=36138, mean=0.595999, stdev=0.058161, best fit=0.696200, best_overall=0.696200, mean_diversity=0.104891,
indivs=13248776, elapsed_secs=36164, mean=0.603279, stdev=0.062228, best fit=0.696200, best_overall=0.696200, mean_diversity=0.097848,
indivs=13258874, elapsed_secs=36197, mean=0.607197, stdev=0.156367, best fit=0.696200, best_overall=0.696200, mean_diversity=0.106790,
indivs=13268972, elapsed_secs=36223, mean=0.623947, stdev=0.071171, best fit=0.696200, best_overall=0.696200, mean_diversity=0.147967,
indivs=13279070, elapsed_secs=36250, mean=0.602028, stdev=0.090953, best fit=0.696200, best_overall=0.696200, mean_diversity=0.166549,
indivs=13289168, elapsed_secs=36279, mean=0.589762, stdev=0.087606, best fit=0.696200, best_overall=0.696200, mean_diversity=0.135709,
indivs=13299266, elapsed_secs=36312, mean=0.599490, stdev=0.100778, best fit=0.696200, best_overall=0.696200, mean_diversity=0.174548,
indivs=13309364, elapsed_secs=36337, mean=0.610255, stdev=0.107478, best fit=0.696200, best_overall=0.696200, mean_diversity=0.120127,
indivs=13319462, elapsed_secs=36369, mean=0.598397, stdev=0.087816, best fit=0.696200, best_overall=0.696200, mean_diversity=0.161631,
indivs=13329560, elapsed_secs=36397, mean=0.599318, stdev=0.100359, best fit=0.696200, best_overall=0.696200, mean_diversity=0.179139,
indivs=13339658, elapsed_secs=36423, mean=0.566903, stdev=0.165031, best fit=0.696200, best_overall=0.696200, mean_diversity=0.124225,
indivs=13349756, elapsed_secs=36454, mean=0.638107, stdev=0.078067, best fit=0.696200, best_overall=0.696200, mean_diversity=0.143953,
indivs=13359854, elapsed_secs=36485, mean=0.600851, stdev=0.111437, best fit=0.696200, best_overall=0.696200, mean_diversity=0.093620,
indivs=13369952, elapsed_secs=36522, mean=0.597639, stdev=0.095167, best fit=0.696200, best_overall=0.696200, mean_diversity=0.126753,
indivs=13380050, elapsed_secs=36552, mean=0.595208, stdev=0.061116, best fit=0.696200, best_overall=0.696200, mean_diversity=0.087054,
indivs=13390148, elapsed_secs=36585, mean=0.620129, stdev=0.131800, best fit=0.696200, best_overall=0.696200, mean_diversity=0.118129,
indivs=13400246, elapsed_secs=36615, mean=0.549833, stdev=0.224698, best fit=0.696200, best_overall=0.696200, mean_diversity=0.115668,
indivs=13410344, elapsed_secs=36646, mean=0.610165, stdev=0.093268, best fit=0.696200, best_overall=0.696200, mean_diversity=0.148707,
indivs=13420442, elapsed_secs=36674, mean=0.611183, stdev=0.074390, best fit=0.696200, best_overall=0.696200, mean_diversity=0.156400,
indivs=13430540, elapsed_secs=36707, mean=0.607623, stdev=0.105490, best fit=0.696200, best_overall=0.696200, mean_diversity=0.123388,
indivs=13440638, elapsed_secs=36740, mean=0.641753, stdev=0.087885, best fit=0.696200, best_overall=0.696200, mean_diversity=0.115765,
indivs=13450736, elapsed_secs=36776, mean=0.586461, stdev=0.105098, best fit=0.696200, best_overall=0.696200, mean_diversity=0.146533,
indivs=13460834, elapsed_secs=36808, mean=0.608316, stdev=0.078657, best fit=0.696200, best_overall=0.696200, mean_diversity=0.156719,
indivs=13470932, elapsed_secs=36836, mean=0.589298, stdev=0.141220, best fit=0.696200, best_overall=0.696200, mean_diversity=0.109146,
indivs=13481030, elapsed_secs=36872, mean=0.605893, stdev=0.128380, best fit=0.696200, best_overall=0.696200, mean_diversity=0.130855,
indivs=13491128, elapsed_secs=36909, mean=0.635199, stdev=0.074508, best fit=0.696200, best_overall=0.696200, mean_diversity=0.200076,
indivs=13501226, elapsed_secs=36941, mean=0.625921, stdev=0.083536, best fit=0.696200, best_overall=0.696200, mean_diversity=0.218258,
indivs=13511324, elapsed_secs=36969, mean=0.586065, stdev=0.083613, best fit=0.696200, best_overall=0.696200, mean_diversity=0.113594,
indivs=13521422, elapsed_secs=37000, mean=0.584077, stdev=0.100134, best fit=0.696200, best_overall=0.696200, mean_diversity=0.093743,
indivs=13531520, elapsed_secs=37032, mean=0.559638, stdev=0.140596, best fit=0.696200, best_overall=0.696200, mean_diversity=0.102644,
indivs=13541618, elapsed_secs=37062, mean=0.582268, stdev=0.100000, best fit=0.696200, best_overall=0.696200, mean_diversity=0.134777,
indivs=13551716, elapsed_secs=37092, mean=0.602195, stdev=0.064062, best fit=0.696200, best_overall=0.696200, mean_diversity=0.141994,
indivs=13561814, elapsed_secs=37123, mean=0.635008, stdev=0.072765, best fit=0.696200, best_overall=0.696200, mean_diversity=0.093233,
indivs=13571912, elapsed_secs=37154, mean=0.619294, stdev=0.118302, best fit=0.696200, best_overall=0.696200, mean_diversity=0.151841,
indivs=13582010, elapsed_secs=37190, mean=0.630769, stdev=0.078133, best fit=0.696200, best_overall=0.696200, mean_diversity=0.281823,
indivs=13592108, elapsed_secs=37225, mean=0.621861, stdev=0.068873, best fit=0.696200, best_overall=0.696200, mean_diversity=0.160543,
indivs=13602206, elapsed_secs=37252, mean=0.595161, stdev=0.134966, best fit=0.696200, best_overall=0.696200, mean_diversity=0.126392,
indivs=13612304, elapsed_secs=37276, mean=0.586540, stdev=0.088122, best fit=0.696200, best_overall=0.696200, mean_diversity=0.130714,
indivs=13622402, elapsed_secs=37306, mean=0.576422, stdev=0.134008, best fit=0.696200, best_overall=0.696200, mean_diversity=0.084400,
indivs=13632500, elapsed_secs=37340, mean=0.616269, stdev=0.092085, best fit=0.696200, best_overall=0.696200, mean_diversity=0.149516,
indivs=13642598, elapsed_secs=37368, mean=0.578158, stdev=0.081760, best fit=0.696200, best_overall=0.696200, mean_diversity=0.162382,
indivs=13652696, elapsed_secs=37397, mean=0.641516, stdev=0.073414, best fit=0.696200, best_overall=0.696200, mean_diversity=0.092492,
indivs=13662794, elapsed_secs=37431, mean=0.594439, stdev=0.178976, best fit=0.696200, best_overall=0.696200, mean_diversity=0.174211,
indivs=13672892, elapsed_secs=37463, mean=0.598979, stdev=0.158842, best fit=0.696200, best_overall=0.696200, mean_diversity=0.071079,
indivs=13682990, elapsed_secs=37494, mean=0.611360, stdev=0.080270, best fit=0.696200, best_overall=0.696200, mean_diversity=0.119012,
indivs=13693088, elapsed_secs=37520, mean=0.585694, stdev=0.124629, best fit=0.696200, best_overall=0.696200, mean_diversity=0.112650,
indivs=13703186, elapsed_secs=37557, mean=0.557865, stdev=0.175494, best fit=0.696200, best_overall=0.696200, mean_diversity=0.109683,
indivs=13713284, elapsed_secs=37587, mean=0.598039, stdev=0.082730, best fit=0.696200, best_overall=0.696200, mean_diversity=0.130488,
indivs=13723382, elapsed_secs=37619, mean=0.575238, stdev=0.099151, best fit=0.696200, best_overall=0.696200, mean_diversity=0.202302,
indivs=13733480, elapsed_secs=37650, mean=0.618857, stdev=0.080533, best fit=0.696200, best_overall=0.696200, mean_diversity=0.124008,
indivs=13743578, elapsed_secs=37679, mean=0.619077, stdev=0.086044, best fit=0.696200, best_overall=0.696200, mean_diversity=0.164979,
indivs=13753676, elapsed_secs=37707, mean=0.559612, stdev=0.137043, best fit=0.696200, best_overall=0.696200, mean_diversity=0.115172,
indivs=13763774, elapsed_secs=37741, mean=0.592756, stdev=0.138873, best fit=0.696200, best_overall=0.696200, mean_diversity=0.093980,
indivs=13773872, elapsed_secs=37773, mean=0.604332, stdev=0.114070, best fit=0.696200, best_overall=0.696200, mean_diversity=0.134529,
indivs=13783970, elapsed_secs=37805, mean=0.617492, stdev=0.091181, best fit=0.696200, best_overall=0.696200, mean_diversity=0.205342,
indivs=13794068, elapsed_secs=37835, mean=0.596722, stdev=0.160286, best fit=0.696200, best_overall=0.696200, mean_diversity=0.135798,
indivs=13804166, elapsed_secs=37867, mean=0.586019, stdev=0.102859, best fit=0.696200, best_overall=0.696200, mean_diversity=0.143473,
indivs=13814264, elapsed_secs=37903, mean=0.597098, stdev=0.106485, best fit=0.696200, best_overall=0.696200, mean_diversity=0.111536,
indivs=13824362, elapsed_secs=37932, mean=0.561298, stdev=0.162265, best fit=0.696200, best_overall=0.696200, mean_diversity=0.097716,
indivs=13834460, elapsed_secs=37962, mean=0.588885, stdev=0.188292, best fit=0.696200, best_overall=0.696200, mean_diversity=0.066000,
indivs=13844558, elapsed_secs=37990, mean=0.566227, stdev=0.167384, best fit=0.696200, best_overall=0.696200, mean_diversity=0.109773,
indivs=13854656, elapsed_secs=38020, mean=0.605094, stdev=0.125512, best fit=0.696200, best_overall=0.696200, mean_diversity=0.088286,
indivs=13864754, elapsed_secs=38053, mean=0.622641, stdev=0.084843, best fit=0.696200, best_overall=0.696200, mean_diversity=0.169552,
indivs=13874852, elapsed_secs=38079, mean=0.611717, stdev=0.111464, best fit=0.696200, best_overall=0.696200, mean_diversity=0.211336,
indivs=13884950, elapsed_secs=38105, mean=0.626289, stdev=0.097463, best fit=0.696200, best_overall=0.696200, mean_diversity=0.219793,
indivs=13895048, elapsed_secs=38138, mean=0.601136, stdev=0.148845, best fit=0.696200, best_overall=0.696200, mean_diversity=0.101947,
indivs=13905146, elapsed_secs=38170, mean=0.593653, stdev=0.167298, best fit=0.696200, best_overall=0.696200, mean_diversity=0.103518,
indivs=13915244, elapsed_secs=38198, mean=0.618887, stdev=0.081082, best fit=0.696200, best_overall=0.696200, mean_diversity=0.117034,
indivs=13925342, elapsed_secs=38232, mean=0.542559, stdev=0.237984, best fit=0.696200, best_overall=0.696200, mean_diversity=0.127806,
indivs=13935440, elapsed_secs=38263, mean=0.585400, stdev=0.124176, best fit=0.696200, best_overall=0.696200, mean_diversity=0.128277,
indivs=13945538, elapsed_secs=38296, mean=0.617319, stdev=0.099582, best fit=0.696200, best_overall=0.696200, mean_diversity=0.079091,
indivs=13955636, elapsed_secs=38324, mean=0.618081, stdev=0.092597, best fit=0.696200, best_overall=0.696200, mean_diversity=0.133130,
indivs=13965734, elapsed_secs=38360, mean=0.587397, stdev=0.102924, best fit=0.696200, best_overall=0.696200, mean_diversity=0.144805,
indivs=13975832, elapsed_secs=38388, mean=0.583154, stdev=0.112230, best fit=0.696200, best_overall=0.696200, mean_diversity=0.128208,
indivs=13985930, elapsed_secs=38413, mean=0.588764, stdev=0.051083, best fit=0.696200, best_overall=0.696200, mean_diversity=0.193576,
indivs=13996028, elapsed_secs=38442, mean=0.583335, stdev=0.096467, best fit=0.696200, best_overall=0.696200, mean_diversity=0.156623,
indivs=14006126, elapsed_secs=38467, mean=0.554826, stdev=0.182916, best fit=0.696200, best_overall=0.696200, mean_diversity=0.086697,
indivs=14016224, elapsed_secs=38501, mean=0.621427, stdev=0.096842, best fit=0.696200, best_overall=0.696200, mean_diversity=0.128509,
indivs=14026322, elapsed_secs=38531, mean=0.598562, stdev=0.072573, best fit=0.696200, best_overall=0.696200, mean_diversity=0.138641,
indivs=14036420, elapsed_secs=38568, mean=0.597712, stdev=0.113594, best fit=0.696200, best_overall=0.696200, mean_diversity=0.152625,
indivs=14046518, elapsed_secs=38596, mean=0.598105, stdev=0.167501, best fit=0.696200, best_overall=0.696200, mean_diversity=0.101739,
indivs=14056616, elapsed_secs=38633, mean=0.623504, stdev=0.100931, best fit=0.696200, best_overall=0.696200, mean_diversity=0.112264,
indivs=14066714, elapsed_secs=38667, mean=0.616311, stdev=0.067252, best fit=0.696200, best_overall=0.696200, mean_diversity=0.109784,
indivs=14076812, elapsed_secs=38690, mean=0.614206, stdev=0.070187, best fit=0.696200, best_overall=0.696200, mean_diversity=0.087805,
indivs=14086910, elapsed_secs=38723, mean=0.582594, stdev=0.167290, best fit=0.696200, best_overall=0.696200, mean_diversity=0.111185,
indivs=14097008, elapsed_secs=38757, mean=0.602941, stdev=0.144747, best fit=0.696200, best_overall=0.696200, mean_diversity=0.086808,
indivs=14107106, elapsed_secs=38791, mean=0.593359, stdev=0.085091, best fit=0.696200, best_overall=0.696200, mean_diversity=0.124362,
indivs=14117204, elapsed_secs=38818, mean=0.614458, stdev=0.069897, best fit=0.696200, best_overall=0.696200, mean_diversity=0.142744,
indivs=14127302, elapsed_secs=38850, mean=0.590075, stdev=0.060038, best fit=0.696200, best_overall=0.696200, mean_diversity=0.062824,
indivs=14137400, elapsed_secs=38884, mean=0.577331, stdev=0.099900, best fit=0.696200, best_overall=0.696200, mean_diversity=0.233196,
indivs=14147498, elapsed_secs=38912, mean=0.618336, stdev=0.084727, best fit=0.696200, best_overall=0.696200, mean_diversity=0.171004,
indivs=14157596, elapsed_secs=38944, mean=0.619213, stdev=0.094783, best fit=0.696200, best_overall=0.696200, mean_diversity=0.114406,
indivs=14167694, elapsed_secs=38971, mean=0.598257, stdev=0.166959, best fit=0.696200, best_overall=0.696200, mean_diversity=0.088048,
indivs=14177792, elapsed_secs=39000, mean=0.583939, stdev=0.054130, best fit=0.696200, best_overall=0.696200, mean_diversity=0.153451,
indivs=14187890, elapsed_secs=39034, mean=0.614193, stdev=0.069366, best fit=0.696200, best_overall=0.696200, mean_diversity=0.127569,
indivs=14197988, elapsed_secs=39067, mean=0.609698, stdev=0.077623, best fit=0.696200, best_overall=0.696200, mean_diversity=0.138720,
indivs=14208086, elapsed_secs=39097, mean=0.587405, stdev=0.082022, best fit=0.696200, best_overall=0.696200, mean_diversity=0.111786,
indivs=14218184, elapsed_secs=39131, mean=0.639526, stdev=0.072259, best fit=0.696200, best_overall=0.696200, mean_diversity=0.108055,
indivs=14228282, elapsed_secs=39169, mean=0.617534, stdev=0.100517, best fit=0.696200, best_overall=0.696200, mean_diversity=0.110141,
indivs=14238380, elapsed_secs=39194, mean=0.610018, stdev=0.126929, best fit=0.696200, best_overall=0.696200, mean_diversity=0.078034,
indivs=14248478, elapsed_secs=39226, mean=0.575228, stdev=0.213323, best fit=0.696200, best_overall=0.696200, mean_diversity=0.112143,
indivs=14258576, elapsed_secs=39251, mean=0.580556, stdev=0.130433, best fit=0.696200, best_overall=0.696200, mean_diversity=0.143737,
indivs=14268674, elapsed_secs=39279, mean=0.623378, stdev=0.082662, best fit=0.696200, best_overall=0.696200, mean_diversity=0.111046,
indivs=14278772, elapsed_secs=39311, mean=0.610090, stdev=0.104292, best fit=0.696200, best_overall=0.696200, mean_diversity=0.178216,
indivs=14288870, elapsed_secs=39347, mean=0.624140, stdev=0.118356, best fit=0.696200, best_overall=0.696200, mean_diversity=0.223493,
indivs=14298968, elapsed_secs=39382, mean=0.571889, stdev=0.131185, best fit=0.696200, best_overall=0.696200, mean_diversity=0.240402,
indivs=14309066, elapsed_secs=39407, mean=0.621907, stdev=0.101999, best fit=0.696200, best_overall=0.696200, mean_diversity=0.085777,
indivs=14319164, elapsed_secs=39452, mean=0.619701, stdev=0.074251, best fit=0.696200, best_overall=0.696200, mean_diversity=0.080234,
indivs=14329262, elapsed_secs=39484, mean=0.615313, stdev=0.132213, best fit=0.696200, best_overall=0.696200, mean_diversity=0.118859,
indivs=14339360, elapsed_secs=39517, mean=0.587808, stdev=0.144347, best fit=0.696200, best_overall=0.696200, mean_diversity=0.135188,
indivs=14349458, elapsed_secs=39553, mean=0.612203, stdev=0.053788, best fit=0.696200, best_overall=0.696200, mean_diversity=0.197192,
indivs=14359556, elapsed_secs=39584, mean=0.526177, stdev=0.249927, best fit=0.696200, best_overall=0.696200, mean_diversity=0.086868,
indivs=14369654, elapsed_secs=39611, mean=0.568550, stdev=0.166644, best fit=0.696200, best_overall=0.696200, mean_diversity=0.074826,
indivs=14379752, elapsed_secs=39648, mean=0.594652, stdev=0.083769, best fit=0.696200, best_overall=0.696200, mean_diversity=0.104559,
indivs=14389850, elapsed_secs=39680, mean=0.607844, stdev=0.119372, best fit=0.696200, best_overall=0.696200, mean_diversity=0.107633,
indivs=14399948, elapsed_secs=39716, mean=0.581623, stdev=0.118003, best fit=0.696200, best_overall=0.696200, mean_diversity=0.117939,
indivs=14410046, elapsed_secs=39747, mean=0.568177, stdev=0.165592, best fit=0.696200, best_overall=0.696200, mean_diversity=0.125901,
indivs=14420144, elapsed_secs=39780, mean=0.599797, stdev=0.056234, best fit=0.696200, best_overall=0.696200, mean_diversity=0.208381,
indivs=14430242, elapsed_secs=39817, mean=0.593707, stdev=0.119863, best fit=0.696200, best_overall=0.696200, mean_diversity=0.129173,
indivs=14440340, elapsed_secs=39860, mean=0.585400, stdev=0.196535, best fit=0.696200, best_overall=0.696200, mean_diversity=0.138204,
indivs=14450438, elapsed_secs=39890, mean=0.608162, stdev=0.096302, best fit=0.696200, best_overall=0.696200, mean_diversity=0.131590,
indivs=14460536, elapsed_secs=39919, mean=0.611208, stdev=0.098211, best fit=0.696200, best_overall=0.696200, mean_diversity=0.198516,
indivs=14470634, elapsed_secs=39951, mean=0.602046, stdev=0.074546, best fit=0.696200, best_overall=0.696200, mean_diversity=0.125915,
indivs=14480732, elapsed_secs=39981, mean=0.611722, stdev=0.097056, best fit=0.696200, best_overall=0.696200, mean_diversity=0.216026,
indivs=14490830, elapsed_secs=40010, mean=0.596228, stdev=0.054039, best fit=0.696200, best_overall=0.696200, mean_diversity=0.068783,
indivs=14500928, elapsed_secs=40037, mean=0.609407, stdev=0.136845, best fit=0.696200, best_overall=0.696200, mean_diversity=0.107013,
indivs=14511026, elapsed_secs=40071, mean=0.583559, stdev=0.077282, best fit=0.696200, best_overall=0.696200, mean_diversity=0.185545,
indivs=14521124, elapsed_secs=40101, mean=0.623112, stdev=0.077319, best fit=0.696200, best_overall=0.696200, mean_diversity=0.210776,
indivs=14531222, elapsed_secs=40134, mean=0.619386, stdev=0.093413, best fit=0.696200, best_overall=0.696200, mean_diversity=0.083880,
indivs=14541320, elapsed_secs=40166, mean=0.569669, stdev=0.098403, best fit=0.696200, best_overall=0.696200, mean_diversity=0.072056,
indivs=14551418, elapsed_secs=40195, mean=0.608621, stdev=0.132564, best fit=0.696200, best_overall=0.696200, mean_diversity=0.137570,
indivs=14561516, elapsed_secs=40226, mean=0.621794, stdev=0.090072, best fit=0.696200, best_overall=0.696200, mean_diversity=0.210760,
indivs=14571614, elapsed_secs=40260, mean=0.601085, stdev=0.070796, best fit=0.696200, best_overall=0.696200, mean_diversity=0.244721,
indivs=14581712, elapsed_secs=40295, mean=0.602158, stdev=0.115984, best fit=0.696200, best_overall=0.696200, mean_diversity=0.099052,
indivs=14591810, elapsed_secs=40323, mean=0.593696, stdev=0.131233, best fit=0.696200, best_overall=0.696200, mean_diversity=0.123213,
indivs=14601908, elapsed_secs=40355, mean=0.617263, stdev=0.084876, best fit=0.696200, best_overall=0.696200, mean_diversity=0.103577,
indivs=14612006, elapsed_secs=40386, mean=0.614006, stdev=0.127054, best fit=0.696200, best_overall=0.696200, mean_diversity=0.174640,
indivs=14622104, elapsed_secs=40425, mean=0.604297, stdev=0.136137, best fit=0.696200, best_overall=0.696200, mean_diversity=0.112947,
indivs=14632202, elapsed_secs=40464, mean=0.605014, stdev=0.065801, best fit=0.696200, best_overall=0.696200, mean_diversity=0.090714,
indivs=14642300, elapsed_secs=40494, mean=0.570969, stdev=0.181861, best fit=0.696200, best_overall=0.696200, mean_diversity=0.218629,
indivs=14652398, elapsed_secs=40523, mean=0.611716, stdev=0.103924, best fit=0.696200, best_overall=0.696200, mean_diversity=0.152263,
indivs=14662496, elapsed_secs=40556, mean=0.631837, stdev=0.096699, best fit=0.696200, best_overall=0.696200, mean_diversity=0.086824,
indivs=14672594, elapsed_secs=40591, mean=0.617797, stdev=0.105701, best fit=0.696200, best_overall=0.696200, mean_diversity=0.093897,
indivs=14682692, elapsed_secs=40616, mean=0.609063, stdev=0.119031, best fit=0.696200, best_overall=0.696200, mean_diversity=0.090169,
indivs=14692790, elapsed_secs=40647, mean=0.601287, stdev=0.125192, best fit=0.696200, best_overall=0.696200, mean_diversity=0.081814,
indivs=14702888, elapsed_secs=40674, mean=0.614618, stdev=0.143790, best fit=0.696200, best_overall=0.696200, mean_diversity=0.103642,
indivs=14712986, elapsed_secs=40704, mean=0.598008, stdev=0.058152, best fit=0.696200, best_overall=0.696200, mean_diversity=0.149026,
indivs=14723084, elapsed_secs=40734, mean=0.628587, stdev=0.100384, best fit=0.696200, best_overall=0.696200, mean_diversity=0.095735,
indivs=14733182, elapsed_secs=40763, mean=0.617429, stdev=0.078889, best fit=0.696200, best_overall=0.696200, mean_diversity=0.250209,
indivs=14743280, elapsed_secs=40791, mean=0.633970, stdev=0.074633, best fit=0.696200, best_overall=0.696200, mean_diversity=0.106420,
indivs=14753378, elapsed_secs=40817, mean=0.630021, stdev=0.099298, best fit=0.696200, best_overall=0.696200, mean_diversity=0.136624,
indivs=14763476, elapsed_secs=40847, mean=0.605235, stdev=0.088304, best fit=0.696200, best_overall=0.696200, mean_diversity=0.153281,
indivs=14773574, elapsed_secs=40873, mean=0.613886, stdev=0.077953, best fit=0.696200, best_overall=0.696200, mean_diversity=0.216449,
indivs=14783672, elapsed_secs=40910, mean=0.608438, stdev=0.095440, best fit=0.696200, best_overall=0.696200, mean_diversity=0.192230,
indivs=14793770, elapsed_secs=40940, mean=0.594001, stdev=0.132321, best fit=0.696200, best_overall=0.696200, mean_diversity=0.173817,
indivs=14803868, elapsed_secs=40970, mean=0.572628, stdev=0.170374, best fit=0.696200, best_overall=0.696200, mean_diversity=0.124081,
indivs=14813966, elapsed_secs=40997, mean=0.617120, stdev=0.114374, best fit=0.696200, best_overall=0.696200, mean_diversity=0.136037,
indivs=14824064, elapsed_secs=41021, mean=0.576674, stdev=0.171929, best fit=0.696200, best_overall=0.696200, mean_diversity=0.166075,
indivs=14834162, elapsed_secs=41052, mean=0.586961, stdev=0.054315, best fit=0.696200, best_overall=0.696200, mean_diversity=0.176515,
indivs=14844260, elapsed_secs=41085, mean=0.573455, stdev=0.129593, best fit=0.696200, best_overall=0.696200, mean_diversity=0.112238,
indivs=14854358, elapsed_secs=41122, mean=0.632478, stdev=0.115088, best fit=0.696200, best_overall=0.696200, mean_diversity=0.111826,
indivs=14864456, elapsed_secs=41152, mean=0.572525, stdev=0.130763, best fit=0.696200, best_overall=0.696200, mean_diversity=0.099637,
indivs=14874554, elapsed_secs=41199, mean=0.581858, stdev=0.102932, best fit=0.696200, best_overall=0.696200, mean_diversity=0.095385,
indivs=14884652, elapsed_secs=41240, mean=0.585495, stdev=0.078960, best fit=0.696200, best_overall=0.696200, mean_diversity=0.086199,
indivs=14894750, elapsed_secs=41268, mean=0.618496, stdev=0.076304, best fit=0.696200, best_overall=0.696200, mean_diversity=0.096379,
indivs=14904848, elapsed_secs=41298, mean=0.604050, stdev=0.062074, best fit=0.696200, best_overall=0.696200, mean_diversity=0.098383,
indivs=14914946, elapsed_secs=41328, mean=0.614814, stdev=0.102893, best fit=0.696200, best_overall=0.696200, mean_diversity=0.186013,
indivs=14925044, elapsed_secs=41362, mean=0.614225, stdev=0.117216, best fit=0.696200, best_overall=0.696200, mean_diversity=0.190038,
indivs=14935142, elapsed_secs=41392, mean=0.573642, stdev=0.107534, best fit=0.696200, best_overall=0.696200, mean_diversity=0.171051,
indivs=14945240, elapsed_secs=41421, mean=0.609751, stdev=0.155450, best fit=0.696200, best_overall=0.696200, mean_diversity=0.086791,
indivs=14955338, elapsed_secs=41452, mean=0.527532, stdev=0.218364, best fit=0.696200, best_overall=0.696200, mean_diversity=0.107852,
indivs=14965436, elapsed_secs=41480, mean=0.625299, stdev=0.116767, best fit=0.696200, best_overall=0.696200, mean_diversity=0.120909,
indivs=14975534, elapsed_secs=41512, mean=0.624893, stdev=0.101966, best fit=0.696200, best_overall=0.696200, mean_diversity=0.157273,
indivs=14985632, elapsed_secs=41544, mean=0.601129, stdev=0.096785, best fit=0.696200, best_overall=0.696200, mean_diversity=0.137792,
indivs=14995730, elapsed_secs=41572, mean=0.629744, stdev=0.098352, best fit=0.696200, best_overall=0.696200, mean_diversity=0.118475,
indivs=15005828, elapsed_secs=41602, mean=0.621603, stdev=0.116599, best fit=0.696200, best_overall=0.696200, mean_diversity=0.103375,
indivs=15015926, elapsed_secs=41633, mean=0.607012, stdev=0.157606, best fit=0.696200, best_overall=0.696200, mean_diversity=0.090536,
indivs=15026024, elapsed_secs=41661, mean=0.642858, stdev=0.092337, best fit=0.696200, best_overall=0.696200, mean_diversity=0.130866,
indivs=15036122, elapsed_secs=41694, mean=0.649157, stdev=0.071458, best fit=0.696200, best_overall=0.696200, mean_diversity=0.097026,
indivs=15046220, elapsed_secs=41722, mean=0.594395, stdev=0.082515, best fit=0.696200, best_overall=0.696200, mean_diversity=0.126187,
indivs=15056318, elapsed_secs=41745, mean=0.582746, stdev=0.076122, best fit=0.696200, best_overall=0.696200, mean_diversity=0.141644,
indivs=15066416, elapsed_secs=41776, mean=0.590911, stdev=0.120517, best fit=0.696200, best_overall=0.696200, mean_diversity=0.146631,
indivs=15076514, elapsed_secs=41808, mean=0.609704, stdev=0.128759, best fit=0.696200, best_overall=0.696200, mean_diversity=0.166375,
indivs=15086612, elapsed_secs=41843, mean=0.584256, stdev=0.185796, best fit=0.696200, best_overall=0.696200, mean_diversity=0.114043,
indivs=15096710, elapsed_secs=41876, mean=0.635898, stdev=0.114074, best fit=0.696200, best_overall=0.696200, mean_diversity=0.110964,
indivs=15106808, elapsed_secs=41909, mean=0.587110, stdev=0.104140, best fit=0.696200, best_overall=0.696200, mean_diversity=0.110420,
indivs=15116906, elapsed_secs=41946, mean=0.611505, stdev=0.138098, best fit=0.696200, best_overall=0.696200, mean_diversity=0.079669,
indivs=15127004, elapsed_secs=41976, mean=0.591867, stdev=0.128027, best fit=0.696200, best_overall=0.696200, mean_diversity=0.247247,
indivs=15137102, elapsed_secs=42006, mean=0.585504, stdev=0.066432, best fit=0.696200, best_overall=0.696200, mean_diversity=0.200041,
indivs=15147200, elapsed_secs=42036, mean=0.587990, stdev=0.158316, best fit=0.696200, best_overall=0.696200, mean_diversity=0.088299,
indivs=15157298, elapsed_secs=42070, mean=0.534633, stdev=0.245043, best fit=0.696200, best_overall=0.696200, mean_diversity=0.084868,
indivs=15167396, elapsed_secs=42101, mean=0.609398, stdev=0.122260, best fit=0.696200, best_overall=0.696200, mean_diversity=0.166891,
indivs=15177494, elapsed_secs=42134, mean=0.588065, stdev=0.074288, best fit=0.696200, best_overall=0.696200, mean_diversity=0.148881,
indivs=15187592, elapsed_secs=42167, mean=0.558995, stdev=0.201104, best fit=0.696200, best_overall=0.696200, mean_diversity=0.119543,
indivs=15197690, elapsed_secs=42195, mean=0.616677, stdev=0.119293, best fit=0.696200, best_overall=0.696200, mean_diversity=0.089723,
indivs=15207788, elapsed_secs=42223, mean=0.547388, stdev=0.191900, best fit=0.696200, best_overall=0.696200, mean_diversity=0.130244,
indivs=15217886, elapsed_secs=42253, mean=0.561085, stdev=0.153986, best fit=0.696200, best_overall=0.696200, mean_diversity=0.106519,
indivs=15227984, elapsed_secs=42287, mean=0.571005, stdev=0.098969, best fit=0.696200, best_overall=0.696200, mean_diversity=0.292545,
indivs=15238082, elapsed_secs=42311, mean=0.618419, stdev=0.114215, best fit=0.696200, best_overall=0.696200, mean_diversity=0.099971,
indivs=15248180, elapsed_secs=42340, mean=0.568139, stdev=0.103670, best fit=0.696200, best_overall=0.696200, mean_diversity=0.097826,
indivs=15258278, elapsed_secs=42376, mean=0.629549, stdev=0.093737, best fit=0.696200, best_overall=0.696200, mean_diversity=0.103594,
indivs=15268376, elapsed_secs=42403, mean=0.594803, stdev=0.110857, best fit=0.696200, best_overall=0.696200, mean_diversity=0.172676,
indivs=15278474, elapsed_secs=42430, mean=0.600004, stdev=0.060144, best fit=0.696200, best_overall=0.696200, mean_diversity=0.199664,
indivs=15288572, elapsed_secs=42474, mean=0.588786, stdev=0.106944, best fit=0.696200, best_overall=0.696200, mean_diversity=0.100351,
indivs=15298670, elapsed_secs=42506, mean=0.625312, stdev=0.086077, best fit=0.696200, best_overall=0.696200, mean_diversity=0.118116,
indivs=15308768, elapsed_secs=42539, mean=0.592114, stdev=0.059835, best fit=0.696200, best_overall=0.696200, mean_diversity=0.101715,
indivs=15318866, elapsed_secs=42581, mean=0.593375, stdev=0.137710, best fit=0.696200, best_overall=0.696200, mean_diversity=0.138344,
indivs=15328964, elapsed_secs=42616, mean=0.589924, stdev=0.108491, best fit=0.696200, best_overall=0.696200, mean_diversity=0.183684,
indivs=15339062, elapsed_secs=42648, mean=0.643545, stdev=0.071331, best fit=0.696200, best_overall=0.696200, mean_diversity=0.082611,
indivs=15349160, elapsed_secs=42680, mean=0.602644, stdev=0.131965, best fit=0.696200, best_overall=0.696200, mean_diversity=0.142803,
indivs=15359258, elapsed_secs=42711, mean=0.611175, stdev=0.102482, best fit=0.696200, best_overall=0.696200, mean_diversity=0.187931,
indivs=15369356, elapsed_secs=42741, mean=0.594493, stdev=0.066154, best fit=0.696200, best_overall=0.696200, mean_diversity=0.119210,
indivs=15379454, elapsed_secs=42775, mean=0.585484, stdev=0.159947, best fit=0.696200, best_overall=0.696200, mean_diversity=0.116429,
indivs=15389552, elapsed_secs=42808, mean=0.579742, stdev=0.103430, best fit=0.696200, best_overall=0.696200, mean_diversity=0.119153,
indivs=15399650, elapsed_secs=42840, mean=0.613075, stdev=0.099413, best fit=0.696200, best_overall=0.696200, mean_diversity=0.103632,
indivs=15409748, elapsed_secs=42871, mean=0.584883, stdev=0.130282, best fit=0.696200, best_overall=0.696200, mean_diversity=0.104974,
indivs=15419846, elapsed_secs=42901, mean=0.612956, stdev=0.132481, best fit=0.696200, best_overall=0.696200, mean_diversity=0.104708,
indivs=15429944, elapsed_secs=42932, mean=0.622293, stdev=0.079739, best fit=0.696200, best_overall=0.696200, mean_diversity=0.189006,
indivs=15440042, elapsed_secs=42962, mean=0.595246, stdev=0.152122, best fit=0.696200, best_overall=0.696200, mean_diversity=0.111417,
indivs=15450140, elapsed_secs=42995, mean=0.624234, stdev=0.080275, best fit=0.696200, best_overall=0.696200, mean_diversity=0.210563,
indivs=15460238, elapsed_secs=43030, mean=0.619962, stdev=0.075857, best fit=0.696200, best_overall=0.696200, mean_diversity=0.175129,
indivs=15470336, elapsed_secs=43062, mean=0.613165, stdev=0.094170, best fit=0.696200, best_overall=0.696200, mean_diversity=0.164556,
indivs=15480434, elapsed_secs=43092, mean=0.591083, stdev=0.153512, best fit=0.696200, best_overall=0.696200, mean_diversity=0.176416,
indivs=15490532, elapsed_secs=43124, mean=0.575332, stdev=0.099470, best fit=0.696200, best_overall=0.696200, mean_diversity=0.140520,
indivs=15500630, elapsed_secs=43154, mean=0.612926, stdev=0.081761, best fit=0.696200, best_overall=0.696200, mean_diversity=0.312928,
indivs=15510728, elapsed_secs=43183, mean=0.592396, stdev=0.124155, best fit=0.696200, best_overall=0.696200, mean_diversity=0.110810,
indivs=15520826, elapsed_secs=43215, mean=0.621767, stdev=0.095613, best fit=0.696200, best_overall=0.696200, mean_diversity=0.075229,
indivs=15530924, elapsed_secs=43251, mean=0.602510, stdev=0.176258, best fit=0.696200, best_overall=0.696200, mean_diversity=0.065464,
indivs=15541022, elapsed_secs=43269, mean=0.590607, stdev=0.085580, best fit=0.696200, best_overall=0.696200, mean_diversity=0.116343,
indivs=15551120, elapsed_secs=43294, mean=0.599145, stdev=0.080338, best fit=0.696200, best_overall=0.696200, mean_diversity=0.109028,
indivs=15561218, elapsed_secs=43327, mean=0.608676, stdev=0.087809, best fit=0.696200, best_overall=0.696200, mean_diversity=0.208423,
indivs=15571316, elapsed_secs=43355, mean=0.632260, stdev=0.079572, best fit=0.696200, best_overall=0.696200, mean_diversity=0.133792,
indivs=15581414, elapsed_secs=43388, mean=0.606554, stdev=0.067587, best fit=0.696200, best_overall=0.696200, mean_diversity=0.114343,
indivs=15591512, elapsed_secs=43420, mean=0.602295, stdev=0.146263, best fit=0.696200, best_overall=0.696200, mean_diversity=0.161019,
indivs=15601610, elapsed_secs=43457, mean=0.594415, stdev=0.089271, best fit=0.696200, best_overall=0.696200, mean_diversity=0.105833,
indivs=15611708, elapsed_secs=43495, mean=0.604711, stdev=0.125572, best fit=0.696200, best_overall=0.696200, mean_diversity=0.125824,
indivs=15621806, elapsed_secs=43528, mean=0.590751, stdev=0.178506, best fit=0.696200, best_overall=0.696200, mean_diversity=0.108486,
indivs=15631904, elapsed_secs=43560, mean=0.630146, stdev=0.079159, best fit=0.696200, best_overall=0.696200, mean_diversity=0.135491,
indivs=15642002, elapsed_secs=43591, mean=0.588063, stdev=0.058780, best fit=0.696200, best_overall=0.696200, mean_diversity=0.209261,
indivs=15652100, elapsed_secs=43620, mean=0.635725, stdev=0.090105, best fit=0.696200, best_overall=0.696200, mean_diversity=0.105026,
indivs=15662198, elapsed_secs=43655, mean=0.605766, stdev=0.123805, best fit=0.696200, best_overall=0.696200, mean_diversity=0.105329,
indivs=15672296, elapsed_secs=43687, mean=0.617036, stdev=0.098255, best fit=0.696200, best_overall=0.696200, mean_diversity=0.083939,
indivs=15682394, elapsed_secs=43720, mean=0.624168, stdev=0.079920, best fit=0.696200, best_overall=0.696200, mean_diversity=0.182407,
indivs=15692492, elapsed_secs=43754, mean=0.642348, stdev=0.069815, best fit=0.696200, best_overall=0.696200, mean_diversity=0.098780,
indivs=15702590, elapsed_secs=43780, mean=0.617729, stdev=0.110422, best fit=0.696200, best_overall=0.696200, mean_diversity=0.147928,
indivs=15712688, elapsed_secs=43816, mean=0.589693, stdev=0.122265, best fit=0.696200, best_overall=0.696200, mean_diversity=0.082862,
indivs=15722786, elapsed_secs=43843, mean=0.606392, stdev=0.156181, best fit=0.696200, best_overall=0.696200, mean_diversity=0.120150,
indivs=15732884, elapsed_secs=43871, mean=0.625343, stdev=0.111402, best fit=0.696200, best_overall=0.696200, mean_diversity=0.153320,
indivs=15742982, elapsed_secs=43903, mean=0.586982, stdev=0.058271, best fit=0.696200, best_overall=0.696200, mean_diversity=0.164917,
indivs=15753080, elapsed_secs=43933, mean=0.618963, stdev=0.077980, best fit=0.696200, best_overall=0.696200, mean_diversity=0.087512,
indivs=15763178, elapsed_secs=43965, mean=0.585133, stdev=0.078677, best fit=0.696200, best_overall=0.696200, mean_diversity=0.103801,
indivs=15773276, elapsed_secs=43995, mean=0.572955, stdev=0.121214, best fit=0.696200, best_overall=0.696200, mean_diversity=0.133382,
indivs=15783374, elapsed_secs=44029, mean=0.544302, stdev=0.196719, best fit=0.696200, best_overall=0.696200, mean_diversity=0.124756,
indivs=15793472, elapsed_secs=44060, mean=0.642918, stdev=0.076163, best fit=0.696200, best_overall=0.696200, mean_diversity=0.167199,
indivs=15803570, elapsed_secs=44096, mean=0.593007, stdev=0.063935, best fit=0.696200, best_overall=0.696200, mean_diversity=0.095846,
indivs=15813668, elapsed_secs=44127, mean=0.612924, stdev=0.084117, best fit=0.696200, best_overall=0.696200, mean_diversity=0.105609,
indivs=15823766, elapsed_secs=44156, mean=0.568127, stdev=0.143262, best fit=0.696200, best_overall=0.696200, mean_diversity=0.169765,
indivs=15833864, elapsed_secs=44186, mean=0.617283, stdev=0.086726, best fit=0.696200, best_overall=0.696200, mean_diversity=0.128698,
indivs=15843962, elapsed_secs=44219, mean=0.581620, stdev=0.192009, best fit=0.696200, best_overall=0.696200, mean_diversity=0.168838,
indivs=15854060, elapsed_secs=44249, mean=0.616585, stdev=0.095285, best fit=0.696200, best_overall=0.696200, mean_diversity=0.186439,
indivs=15864158, elapsed_secs=44285, mean=0.587377, stdev=0.136903, best fit=0.696200, best_overall=0.696200, mean_diversity=0.093169,
indivs=15874256, elapsed_secs=44311, mean=0.618609, stdev=0.118412, best fit=0.696200, best_overall=0.696200, mean_diversity=0.088571,
indivs=15884354, elapsed_secs=44343, mean=0.546377, stdev=0.182160, best fit=0.696200, best_overall=0.696200, mean_diversity=0.085732,
indivs=15894452, elapsed_secs=44367, mean=0.612519, stdev=0.115572, best fit=0.696200, best_overall=0.696200, mean_diversity=0.112292,
indivs=15904550, elapsed_secs=44396, mean=0.608861, stdev=0.122232, best fit=0.696200, best_overall=0.696200, mean_diversity=0.066707,
indivs=15914648, elapsed_secs=44431, mean=0.584672, stdev=0.129889, best fit=0.696200, best_overall=0.696200, mean_diversity=0.111346,
indivs=15924746, elapsed_secs=44466, mean=0.608542, stdev=0.098010, best fit=0.696200, best_overall=0.696200, mean_diversity=0.090774,
indivs=15934844, elapsed_secs=44501, mean=0.612138, stdev=0.103827, best fit=0.696200, best_overall=0.696200, mean_diversity=0.127937,
indivs=15944942, elapsed_secs=44529, mean=0.587080, stdev=0.056217, best fit=0.696200, best_overall=0.696200, mean_diversity=0.096722,
indivs=15955040, elapsed_secs=44556, mean=0.627221, stdev=0.077995, best fit=0.696200, best_overall=0.696200, mean_diversity=0.096951,
indivs=15965138, elapsed_secs=44593, mean=0.606258, stdev=0.079229, best fit=0.696200, best_overall=0.696200, mean_diversity=0.097681,
indivs=15975236, elapsed_secs=44620, mean=0.588881, stdev=0.065459, best fit=0.696200, best_overall=0.696200, mean_diversity=0.196424,
indivs=15985334, elapsed_secs=44652, mean=0.586656, stdev=0.092483, best fit=0.696200, best_overall=0.696200, mean_diversity=0.208088,
indivs=15995432, elapsed_secs=44682, mean=0.598661, stdev=0.097069, best fit=0.696200, best_overall=0.696200, mean_diversity=0.113915,
indivs=16005530, elapsed_secs=44707, mean=0.581861, stdev=0.150968, best fit=0.696200, best_overall=0.696200, mean_diversity=0.170382,
indivs=16015628, elapsed_secs=44735, mean=0.568672, stdev=0.099414, best fit=0.696200, best_overall=0.696200, mean_diversity=0.114528,
indivs=16025726, elapsed_secs=44765, mean=0.619798, stdev=0.096756, best fit=0.696200, best_overall=0.696200, mean_diversity=0.192698,
indivs=16035824, elapsed_secs=44794, mean=0.564317, stdev=0.220243, best fit=0.696200, best_overall=0.696200, mean_diversity=0.099315,
indivs=16045922, elapsed_secs=44821, mean=0.585760, stdev=0.079976, best fit=0.696200, best_overall=0.696200, mean_diversity=0.098464,
indivs=16056020, elapsed_secs=44845, mean=0.619361, stdev=0.118886, best fit=0.696200, best_overall=0.696200, mean_diversity=0.119268,
indivs=16066118, elapsed_secs=44871, mean=0.557159, stdev=0.133112, best fit=0.696200, best_overall=0.696200, mean_diversity=0.145057,
indivs=16076216, elapsed_secs=44911, mean=0.619097, stdev=0.144995, best fit=0.696200, best_overall=0.696200, mean_diversity=0.134518,
indivs=16086314, elapsed_secs=44942, mean=0.542373, stdev=0.188792, best fit=0.696200, best_overall=0.696200, mean_diversity=0.296102,
indivs=16096412, elapsed_secs=44973, mean=0.610083, stdev=0.093483, best fit=0.696200, best_overall=0.696200, mean_diversity=0.092362,
indivs=16106510, elapsed_secs=45008, mean=0.649178, stdev=0.076095, best fit=0.696200, best_overall=0.696200, mean_diversity=0.083274,
indivs=16116608, elapsed_secs=45037, mean=0.590142, stdev=0.098652, best fit=0.696200, best_overall=0.696200, mean_diversity=0.155062,
indivs=16126706, elapsed_secs=45063, mean=0.614058, stdev=0.063841, best fit=0.696200, best_overall=0.696200, mean_diversity=0.123438,
indivs=16136804, elapsed_secs=45093, mean=0.597871, stdev=0.065810, best fit=0.696200, best_overall=0.696200, mean_diversity=0.125620,
indivs=16146902, elapsed_secs=45136, mean=0.626186, stdev=0.113002, best fit=0.696200, best_overall=0.696200, mean_diversity=0.129127,
indivs=16157000, elapsed_secs=45166, mean=0.611651, stdev=0.127525, best fit=0.696200, best_overall=0.696200, mean_diversity=0.081782,
indivs=16167098, elapsed_secs=45198, mean=0.609409, stdev=0.072357, best fit=0.696200, best_overall=0.696200, mean_diversity=0.195219,
indivs=16177196, elapsed_secs=45230, mean=0.625864, stdev=0.080878, best fit=0.696200, best_overall=0.696200, mean_diversity=0.110026,
indivs=16187294, elapsed_secs=45257, mean=0.605943, stdev=0.134668, best fit=0.696200, best_overall=0.696200, mean_diversity=0.182251,
indivs=16197392, elapsed_secs=45281, mean=0.544107, stdev=0.223704, best fit=0.696200, best_overall=0.696200, mean_diversity=0.109722,
indivs=16207490, elapsed_secs=45313, mean=0.623773, stdev=0.097556, best fit=0.696200, best_overall=0.696200, mean_diversity=0.280857,
indivs=16217588, elapsed_secs=45342, mean=0.564730, stdev=0.147096, best fit=0.696200, best_overall=0.696200, mean_diversity=0.111009,
indivs=16227686, elapsed_secs=45374, mean=0.602360, stdev=0.119326, best fit=0.696200, best_overall=0.696200, mean_diversity=0.126978,
indivs=16237784, elapsed_secs=45403, mean=0.574921, stdev=0.071404, best fit=0.696200, best_overall=0.696200, mean_diversity=0.127172,
indivs=16247882, elapsed_secs=45432, mean=0.632394, stdev=0.075733, best fit=0.696200, best_overall=0.696200, mean_diversity=0.092111,
indivs=16257980, elapsed_secs=45455, mean=0.601083, stdev=0.110106, best fit=0.696200, best_overall=0.696200, mean_diversity=0.058680,
indivs=16268078, elapsed_secs=45484, mean=0.594834, stdev=0.088684, best fit=0.696200, best_overall=0.696200, mean_diversity=0.125888,
indivs=16278176, elapsed_secs=45513, mean=0.585096, stdev=0.084598, best fit=0.696200, best_overall=0.696200, mean_diversity=0.126802,
indivs=16288274, elapsed_secs=45546, mean=0.616525, stdev=0.131795, best fit=0.696200, best_overall=0.696200, mean_diversity=0.141144,
indivs=16298372, elapsed_secs=45579, mean=0.596335, stdev=0.117824, best fit=0.696200, best_overall=0.696200, mean_diversity=0.146631,
indivs=16308470, elapsed_secs=45611, mean=0.620419, stdev=0.112960, best fit=0.696200, best_overall=0.696200, mean_diversity=0.147487,
indivs=16318568, elapsed_secs=45633, mean=0.596253, stdev=0.040830, best fit=0.696200, best_overall=0.696200, mean_diversity=0.117103,
indivs=16328666, elapsed_secs=45662, mean=0.625056, stdev=0.118860, best fit=0.696200, best_overall=0.696200, mean_diversity=0.174866,
indivs=16338764, elapsed_secs=45691, mean=0.593746, stdev=0.180231, best fit=0.696200, best_overall=0.696200, mean_diversity=0.232460,
indivs=16348862, elapsed_secs=45722, mean=0.617626, stdev=0.123577, best fit=0.696200, best_overall=0.696200, mean_diversity=0.093914,
indivs=16358960, elapsed_secs=45753, mean=0.582764, stdev=0.060783, best fit=0.696200, best_overall=0.696200, mean_diversity=0.080871,
indivs=16369058, elapsed_secs=45785, mean=0.584446, stdev=0.203206, best fit=0.696200, best_overall=0.696200, mean_diversity=0.129896,
indivs=16379156, elapsed_secs=45819, mean=0.600582, stdev=0.062597, best fit=0.697500, best_overall=0.697500, mean_diversity=0.084591,
indivs=16389254, elapsed_secs=45848, mean=0.641565, stdev=0.076927, best fit=0.697500, best_overall=0.697500, mean_diversity=0.134631,
indivs=16399352, elapsed_secs=45875, mean=0.574085, stdev=0.124110, best fit=0.697500, best_overall=0.697500, mean_diversity=0.084988,
indivs=16409450, elapsed_secs=45901, mean=0.582085, stdev=0.116157, best fit=0.697500, best_overall=0.697500, mean_diversity=0.090988,
indivs=16419548, elapsed_secs=45934, mean=0.631176, stdev=0.095339, best fit=0.697500, best_overall=0.697500, mean_diversity=0.138450,
indivs=16429646, elapsed_secs=45960, mean=0.627736, stdev=0.098040, best fit=0.697500, best_overall=0.697500, mean_diversity=0.107090,
indivs=16439744, elapsed_secs=45987, mean=0.595054, stdev=0.052801, best fit=0.697500, best_overall=0.697500, mean_diversity=0.095763,
indivs=16449842, elapsed_secs=46011, mean=0.608401, stdev=0.083524, best fit=0.697500, best_overall=0.697500, mean_diversity=0.108503,
indivs=16459940, elapsed_secs=46038, mean=0.621972, stdev=0.071287, best fit=0.697500, best_overall=0.697500, mean_diversity=0.087305,
indivs=16470038, elapsed_secs=46072, mean=0.587853, stdev=0.094092, best fit=0.697500, best_overall=0.697500, mean_diversity=0.156285,
indivs=16480136, elapsed_secs=46106, mean=0.615019, stdev=0.096091, best fit=0.697500, best_overall=0.697500, mean_diversity=0.128211,
indivs=16490234, elapsed_secs=46130, mean=0.612529, stdev=0.080198, best fit=0.697500, best_overall=0.697500, mean_diversity=0.097694,
indivs=16500332, elapsed_secs=46154, mean=0.583164, stdev=0.106026, best fit=0.697500, best_overall=0.697500, mean_diversity=0.102256,
indivs=16510430, elapsed_secs=46182, mean=0.618185, stdev=0.076257, best fit=0.697500, best_overall=0.697500, mean_diversity=0.097831,
indivs=16520528, elapsed_secs=46206, mean=0.623145, stdev=0.093423, best fit=0.697500, best_overall=0.697500, mean_diversity=0.077238,
indivs=16530626, elapsed_secs=46236, mean=0.604493, stdev=0.093058, best fit=0.697500, best_overall=0.697500, mean_diversity=0.121429,
indivs=16540724, elapsed_secs=46262, mean=0.631893, stdev=0.083728, best fit=0.697500, best_overall=0.697500, mean_diversity=0.118836,
indivs=16550822, elapsed_secs=46287, mean=0.625195, stdev=0.082907, best fit=0.697500, best_overall=0.697500, mean_diversity=0.136143,
indivs=16560920, elapsed_secs=46315, mean=0.605193, stdev=0.096917, best fit=0.697500, best_overall=0.697500, mean_diversity=0.129448,
indivs=16571018, elapsed_secs=46343, mean=0.626816, stdev=0.104806, best fit=0.697500, best_overall=0.697500, mean_diversity=0.119731,
indivs=16581116, elapsed_secs=46368, mean=0.598391, stdev=0.069443, best fit=0.697500, best_overall=0.697500, mean_diversity=0.078904,
indivs=16591214, elapsed_secs=46394, mean=0.595994, stdev=0.109339, best fit=0.698000, best_overall=0.698000, mean_diversity=0.137951,
indivs=16601312, elapsed_secs=46431, mean=0.598813, stdev=0.080566, best fit=0.698000, best_overall=0.698000, mean_diversity=0.092044,
indivs=16611410, elapsed_secs=46455, mean=0.620650, stdev=0.099275, best fit=0.698000, best_overall=0.698000, mean_diversity=0.153788,
indivs=16621508, elapsed_secs=46480, mean=0.644622, stdev=0.078133, best fit=0.698000, best_overall=0.698000, mean_diversity=0.180310,
indivs=16631606, elapsed_secs=46503, mean=0.634827, stdev=0.074456, best fit=0.698000, best_overall=0.698000, mean_diversity=0.174848,
indivs=16641704, elapsed_secs=46527, mean=0.575723, stdev=0.116401, best fit=0.698000, best_overall=0.698000, mean_diversity=0.254901,
indivs=16651802, elapsed_secs=46556, mean=0.593182, stdev=0.102072, best fit=0.698000, best_overall=0.698000, mean_diversity=0.105796,
indivs=16661900, elapsed_secs=46580, mean=0.565327, stdev=0.198166, best fit=0.698000, best_overall=0.698000, mean_diversity=0.113918,
indivs=16671998, elapsed_secs=46616, mean=0.626008, stdev=0.101391, best fit=0.698000, best_overall=0.698000, mean_diversity=0.195526,
indivs=16682096, elapsed_secs=46645, mean=0.601533, stdev=0.052001, best fit=0.698000, best_overall=0.698000, mean_diversity=0.071970,
indivs=16692194, elapsed_secs=46672, mean=0.626691, stdev=0.110378, best fit=0.698000, best_overall=0.698000, mean_diversity=0.167017,
indivs=16702292, elapsed_secs=46694, mean=0.583481, stdev=0.176601, best fit=0.698000, best_overall=0.698000, mean_diversity=0.126822,
indivs=16712390, elapsed_secs=46722, mean=0.589114, stdev=0.066629, best fit=0.698000, best_overall=0.698000, mean_diversity=0.141329,
indivs=16722488, elapsed_secs=46753, mean=0.620442, stdev=0.095021, best fit=0.698000, best_overall=0.698000, mean_diversity=0.097758,
indivs=16732586, elapsed_secs=46780, mean=0.577093, stdev=0.097247, best fit=0.698000, best_overall=0.698000, mean_diversity=0.066971,
indivs=16742684, elapsed_secs=46803, mean=0.613802, stdev=0.116727, best fit=0.698000, best_overall=0.698000, mean_diversity=0.125142,
indivs=16752782, elapsed_secs=46828, mean=0.631452, stdev=0.079238, best fit=0.698000, best_overall=0.698000, mean_diversity=0.120836,
indivs=16762880, elapsed_secs=46858, mean=0.632032, stdev=0.107876, best fit=0.698000, best_overall=0.698000, mean_diversity=0.098312,
indivs=16772978, elapsed_secs=46885, mean=0.637241, stdev=0.078947, best fit=0.698000, best_overall=0.698000, mean_diversity=0.193980,
indivs=16783076, elapsed_secs=46911, mean=0.631170, stdev=0.103415, best fit=0.698000, best_overall=0.698000, mean_diversity=0.135046,
indivs=16793174, elapsed_secs=46940, mean=0.602104, stdev=0.107665, best fit=0.698000, best_overall=0.698000, mean_diversity=0.111144,
indivs=16803272, elapsed_secs=46969, mean=0.618515, stdev=0.179325, best fit=0.698000, best_overall=0.698000, mean_diversity=0.122600,
indivs=16813370, elapsed_secs=46998, mean=0.622396, stdev=0.106036, best fit=0.698000, best_overall=0.698000, mean_diversity=0.115978,
indivs=16823468, elapsed_secs=47025, mean=0.611259, stdev=0.117227, best fit=0.698000, best_overall=0.698000, mean_diversity=0.141826,
indivs=16833566, elapsed_secs=47046, mean=0.631082, stdev=0.098198, best fit=0.698000, best_overall=0.698000, mean_diversity=0.114020,
indivs=16843664, elapsed_secs=47077, mean=0.607665, stdev=0.125595, best fit=0.698000, best_overall=0.698000, mean_diversity=0.113594,
indivs=16853762, elapsed_secs=47109, mean=0.599649, stdev=0.109782, best fit=0.698000, best_overall=0.698000, mean_diversity=0.114603,
indivs=16863860, elapsed_secs=47136, mean=0.566768, stdev=0.169872, best fit=0.698000, best_overall=0.698000, mean_diversity=0.093096,
indivs=16873958, elapsed_secs=47164, mean=0.619264, stdev=0.107817, best fit=0.698000, best_overall=0.698000, mean_diversity=0.103647,
indivs=16884056, elapsed_secs=47189, mean=0.591234, stdev=0.164895, best fit=0.698000, best_overall=0.698000, mean_diversity=0.142743,
indivs=16894154, elapsed_secs=47211, mean=0.612670, stdev=0.069537, best fit=0.698000, best_overall=0.698000, mean_diversity=0.119654,
indivs=16904252, elapsed_secs=47242, mean=0.627147, stdev=0.119777, best fit=0.698000, best_overall=0.698000, mean_diversity=0.087014,
indivs=16914350, elapsed_secs=47276, mean=0.638063, stdev=0.120437, best fit=0.698000, best_overall=0.698000, mean_diversity=0.104890,
indivs=16924448, elapsed_secs=47300, mean=0.611332, stdev=0.150787, best fit=0.698000, best_overall=0.698000, mean_diversity=0.222669,
indivs=16934546, elapsed_secs=47321, mean=0.624504, stdev=0.085638, best fit=0.698000, best_overall=0.698000, mean_diversity=0.085028,
indivs=16944644, elapsed_secs=47351, mean=0.605440, stdev=0.099481, best fit=0.698000, best_overall=0.698000, mean_diversity=0.105897,
indivs=16954742, elapsed_secs=47375, mean=0.631496, stdev=0.102707, best fit=0.698000, best_overall=0.698000, mean_diversity=0.121790,
indivs=16964840, elapsed_secs=47401, mean=0.610073, stdev=0.124208, best fit=0.698000, best_overall=0.698000, mean_diversity=0.092983,
indivs=16974938, elapsed_secs=47429, mean=0.634997, stdev=0.098499, best fit=0.698000, best_overall=0.698000, mean_diversity=0.119004,
indivs=16985036, elapsed_secs=47461, mean=0.603479, stdev=0.098144, best fit=0.698000, best_overall=0.698000, mean_diversity=0.082154,
indivs=16995134, elapsed_secs=47489, mean=0.633608, stdev=0.116101, best fit=0.698000, best_overall=0.698000, mean_diversity=0.089711,
indivs=17005232, elapsed_secs=47525, mean=0.581806, stdev=0.131768, best fit=0.698000, best_overall=0.698000, mean_diversity=0.101800,
indivs=17015330, elapsed_secs=47555, mean=0.632228, stdev=0.093924, best fit=0.698000, best_overall=0.698000, mean_diversity=0.083729,
indivs=17025428, elapsed_secs=47582, mean=0.605158, stdev=0.077538, best fit=0.698000, best_overall=0.698000, mean_diversity=0.146281,
indivs=17035526, elapsed_secs=47610, mean=0.609430, stdev=0.097072, best fit=0.698000, best_overall=0.698000, mean_diversity=0.183333,
indivs=17045624, elapsed_secs=47633, mean=0.611413, stdev=0.109489, best fit=0.698000, best_overall=0.698000, mean_diversity=0.144161,
indivs=17055722, elapsed_secs=47667, mean=0.612746, stdev=0.104525, best fit=0.698000, best_overall=0.698000, mean_diversity=0.139249,
indivs=17065820, elapsed_secs=47696, mean=0.627689, stdev=0.104847, best fit=0.698000, best_overall=0.698000, mean_diversity=0.214061,
indivs=17075918, elapsed_secs=47718, mean=0.625320, stdev=0.131566, best fit=0.698000, best_overall=0.698000, mean_diversity=0.211735,
indivs=17086016, elapsed_secs=47745, mean=0.600436, stdev=0.091484, best fit=0.698000, best_overall=0.698000, mean_diversity=0.140393,
indivs=17096114, elapsed_secs=47772, mean=0.578538, stdev=0.118071, best fit=0.698000, best_overall=0.698000, mean_diversity=0.152684,
indivs=17106212, elapsed_secs=47799, mean=0.604343, stdev=0.051029, best fit=0.698000, best_overall=0.698000, mean_diversity=0.069367,
indivs=17116310, elapsed_secs=47823, mean=0.594594, stdev=0.105714, best fit=0.698000, best_overall=0.698000, mean_diversity=0.117203,
indivs=17126408, elapsed_secs=47849, mean=0.602314, stdev=0.066800, best fit=0.698000, best_overall=0.698000, mean_diversity=0.107697,
indivs=17136506, elapsed_secs=47874, mean=0.633398, stdev=0.103998, best fit=0.698000, best_overall=0.698000, mean_diversity=0.181373,
indivs=17146604, elapsed_secs=47900, mean=0.568953, stdev=0.127588, best fit=0.698000, best_overall=0.698000, mean_diversity=0.066421,
indivs=17156702, elapsed_secs=47927, mean=0.627620, stdev=0.099133, best fit=0.698000, best_overall=0.698000, mean_diversity=0.099626,
indivs=17166800, elapsed_secs=47959, mean=0.593724, stdev=0.060842, best fit=0.698000, best_overall=0.698000, mean_diversity=0.211522,
indivs=17176898, elapsed_secs=47983, mean=0.607057, stdev=0.067692, best fit=0.698000, best_overall=0.698000, mean_diversity=0.094311,
indivs=17186996, elapsed_secs=48012, mean=0.591077, stdev=0.091508, best fit=0.698000, best_overall=0.698000, mean_diversity=0.129970,
indivs=17197094, elapsed_secs=48042, mean=0.612868, stdev=0.098159, best fit=0.698000, best_overall=0.698000, mean_diversity=0.097377,
indivs=17207192, elapsed_secs=48077, mean=0.589151, stdev=0.192536, best fit=0.698000, best_overall=0.698000, mean_diversity=0.089413,
indivs=17217290, elapsed_secs=48103, mean=0.623974, stdev=0.077586, best fit=0.698000, best_overall=0.698000, mean_diversity=0.101610,
indivs=17227388, elapsed_secs=48131, mean=0.619085, stdev=0.101450, best fit=0.698000, best_overall=0.698000, mean_diversity=0.128514,
indivs=17237486, elapsed_secs=48162, mean=0.622122, stdev=0.098994, best fit=0.698000, best_overall=0.698000, mean_diversity=0.141795,
indivs=17247584, elapsed_secs=48189, mean=0.607723, stdev=0.083099, best fit=0.698000, best_overall=0.698000, mean_diversity=0.127581,
indivs=17257682, elapsed_secs=48218, mean=0.627971, stdev=0.083444, best fit=0.698000, best_overall=0.698000, mean_diversity=0.075048,
indivs=17267780, elapsed_secs=48244, mean=0.646537, stdev=0.075170, best fit=0.698000, best_overall=0.698000, mean_diversity=0.075247,
indivs=17277878, elapsed_secs=48272, mean=0.579336, stdev=0.167709, best fit=0.698000, best_overall=0.698000, mean_diversity=0.126024,
indivs=17287976, elapsed_secs=48303, mean=0.590431, stdev=0.167774, best fit=0.698000, best_overall=0.698000, mean_diversity=0.115988,
indivs=17298074, elapsed_secs=48337, mean=0.629373, stdev=0.115183, best fit=0.698000, best_overall=0.698000, mean_diversity=0.103916,
indivs=17308172, elapsed_secs=48369, mean=0.598246, stdev=0.110796, best fit=0.698000, best_overall=0.698000, mean_diversity=0.091608,
indivs=17318270, elapsed_secs=48404, mean=0.623895, stdev=0.102407, best fit=0.698000, best_overall=0.698000, mean_diversity=0.081009,
indivs=17328368, elapsed_secs=48441, mean=0.610790, stdev=0.094822, best fit=0.698000, best_overall=0.698000, mean_diversity=0.108516,
indivs=17338466, elapsed_secs=48466, mean=0.624588, stdev=0.065750, best fit=0.698000, best_overall=0.698000, mean_diversity=0.116395,
indivs=17348564, elapsed_secs=48496, mean=0.587728, stdev=0.084020, best fit=0.698000, best_overall=0.698000, mean_diversity=0.077756,
indivs=17358662, elapsed_secs=48521, mean=0.627293, stdev=0.070840, best fit=0.698000, best_overall=0.698000, mean_diversity=0.097929,
indivs=17368760, elapsed_secs=48546, mean=0.620715, stdev=0.079469, best fit=0.698000, best_overall=0.698000, mean_diversity=0.105757,
indivs=17378858, elapsed_secs=48574, mean=0.609030, stdev=0.124746, best fit=0.698000, best_overall=0.698000, mean_diversity=0.088076,
indivs=17388956, elapsed_secs=48600, mean=0.621015, stdev=0.121536, best fit=0.698000, best_overall=0.698000, mean_diversity=0.099821,
indivs=17399054, elapsed_secs=48629, mean=0.626658, stdev=0.144081, best fit=0.698000, best_overall=0.698000, mean_diversity=0.080947,
indivs=17409152, elapsed_secs=48662, mean=0.621182, stdev=0.077543, best fit=0.698000, best_overall=0.698000, mean_diversity=0.224811,
indivs=17419250, elapsed_secs=48694, mean=0.613701, stdev=0.084166, best fit=0.698000, best_overall=0.698000, mean_diversity=0.092941,
indivs=17429348, elapsed_secs=48719, mean=0.626897, stdev=0.130001, best fit=0.698000, best_overall=0.698000, mean_diversity=0.139835,
indivs=17439446, elapsed_secs=48750, mean=0.606477, stdev=0.098459, best fit=0.698000, best_overall=0.698000, mean_diversity=0.147159,
indivs=17449544, elapsed_secs=48779, mean=0.627370, stdev=0.098173, best fit=0.698000, best_overall=0.698000, mean_diversity=0.089472,
indivs=17459642, elapsed_secs=48812, mean=0.636114, stdev=0.119365, best fit=0.698000, best_overall=0.698000, mean_diversity=0.129934,
indivs=17469740, elapsed_secs=48837, mean=0.643456, stdev=0.098918, best fit=0.698000, best_overall=0.698000, mean_diversity=0.097847,
indivs=17479838, elapsed_secs=48864, mean=0.583574, stdev=0.087363, best fit=0.698000, best_overall=0.698000, mean_diversity=0.114475,
indivs=17489936, elapsed_secs=48888, mean=0.650562, stdev=0.070263, best fit=0.698000, best_overall=0.698000, mean_diversity=0.344400,
indivs=17500034, elapsed_secs=48916, mean=0.620327, stdev=0.089421, best fit=0.698000, best_overall=0.698000, mean_diversity=0.109531,
indivs=17510132, elapsed_secs=48942, mean=0.618217, stdev=0.093438, best fit=0.698000, best_overall=0.698000, mean_diversity=0.120261,
indivs=17520230, elapsed_secs=48962, mean=0.615144, stdev=0.131839, best fit=0.698000, best_overall=0.698000, mean_diversity=0.082593,
indivs=17530328, elapsed_secs=48989, mean=0.597760, stdev=0.093764, best fit=0.698000, best_overall=0.698000, mean_diversity=0.099504,
indivs=17540426, elapsed_secs=49018, mean=0.624757, stdev=0.117762, best fit=0.698000, best_overall=0.698000, mean_diversity=0.181245,
indivs=17550524, elapsed_secs=49044, mean=0.592177, stdev=0.121501, best fit=0.698000, best_overall=0.698000, mean_diversity=0.166868,
indivs=17560622, elapsed_secs=49069, mean=0.637484, stdev=0.097518, best fit=0.698000, best_overall=0.698000, mean_diversity=0.118647,
indivs=17570720, elapsed_secs=49093, mean=0.602802, stdev=0.103051, best fit=0.698000, best_overall=0.698000, mean_diversity=0.205023,
indivs=17580818, elapsed_secs=49120, mean=0.643521, stdev=0.076575, best fit=0.698000, best_overall=0.698000, mean_diversity=0.288261,
indivs=17590916, elapsed_secs=49146, mean=0.586301, stdev=0.081403, best fit=0.698000, best_overall=0.698000, mean_diversity=0.131680,
indivs=17601014, elapsed_secs=49176, mean=0.620418, stdev=0.081300, best fit=0.698000, best_overall=0.698000, mean_diversity=0.146746,
indivs=17611112, elapsed_secs=49200, mean=0.632270, stdev=0.110255, best fit=0.698000, best_overall=0.698000, mean_diversity=0.076565,
indivs=17621210, elapsed_secs=49235, mean=0.622037, stdev=0.078902, best fit=0.698000, best_overall=0.698000, mean_diversity=0.160028,
indivs=17631308, elapsed_secs=49264, mean=0.599875, stdev=0.051564, best fit=0.698000, best_overall=0.698000, mean_diversity=0.111834,
indivs=17641406, elapsed_secs=49299, mean=0.622676, stdev=0.097798, best fit=0.698000, best_overall=0.698000, mean_diversity=0.091099,
indivs=17651504, elapsed_secs=49326, mean=0.590536, stdev=0.068727, best fit=0.698000, best_overall=0.698000, mean_diversity=0.060644,
indivs=17661602, elapsed_secs=49358, mean=0.583617, stdev=0.100778, best fit=0.698000, best_overall=0.698000, mean_diversity=0.189145,
indivs=17671700, elapsed_secs=49385, mean=0.593927, stdev=0.089668, best fit=0.698000, best_overall=0.698000, mean_diversity=0.085739,
indivs=17681798, elapsed_secs=49411, mean=0.625376, stdev=0.081062, best fit=0.698000, best_overall=0.698000, mean_diversity=0.151374,
indivs=17691896, elapsed_secs=49439, mean=0.630980, stdev=0.082637, best fit=0.698000, best_overall=0.698000, mean_diversity=0.094015,
indivs=17701994, elapsed_secs=49469, mean=0.626163, stdev=0.132971, best fit=0.698000, best_overall=0.698000, mean_diversity=0.105105,
indivs=17712092, elapsed_secs=49500, mean=0.522293, stdev=0.210394, best fit=0.698000, best_overall=0.698000, mean_diversity=0.145979,
indivs=17722190, elapsed_secs=49526, mean=0.640880, stdev=0.071061, best fit=0.698000, best_overall=0.698000, mean_diversity=0.104656,
indivs=17732288, elapsed_secs=49556, mean=0.638882, stdev=0.080614, best fit=0.698000, best_overall=0.698000, mean_diversity=0.117598,
indivs=17742386, elapsed_secs=49587, mean=0.623747, stdev=0.133989, best fit=0.698000, best_overall=0.698000, mean_diversity=0.147607,
indivs=17752484, elapsed_secs=49610, mean=0.583252, stdev=0.111933, best fit=0.698000, best_overall=0.698000, mean_diversity=0.159699,
indivs=17762582, elapsed_secs=49638, mean=0.586536, stdev=0.186175, best fit=0.698000, best_overall=0.698000, mean_diversity=0.096387,
indivs=17772680, elapsed_secs=49664, mean=0.586730, stdev=0.080246, best fit=0.698000, best_overall=0.698000, mean_diversity=0.083141,
indivs=17782778, elapsed_secs=49693, mean=0.588914, stdev=0.084208, best fit=0.698000, best_overall=0.698000, mean_diversity=0.133717,
indivs=17792876, elapsed_secs=49724, mean=0.605559, stdev=0.099053, best fit=0.698000, best_overall=0.698000, mean_diversity=0.121905,
indivs=17802974, elapsed_secs=49750, mean=0.583805, stdev=0.098509, best fit=0.698000, best_overall=0.698000, mean_diversity=0.107913,
indivs=17813072, elapsed_secs=49770, mean=0.612940, stdev=0.066333, best fit=0.698000, best_overall=0.698000, mean_diversity=0.081733,
indivs=17823170, elapsed_secs=49798, mean=0.595583, stdev=0.063815, best fit=0.698000, best_overall=0.698000, mean_diversity=0.126875,
indivs=17833268, elapsed_secs=49820, mean=0.602260, stdev=0.120627, best fit=0.698000, best_overall=0.698000, mean_diversity=0.144809,
indivs=17843366, elapsed_secs=49850, mean=0.598305, stdev=0.064244, best fit=0.698000, best_overall=0.698000, mean_diversity=0.120231,
indivs=17853464, elapsed_secs=49881, mean=0.607971, stdev=0.068179, best fit=0.698000, best_overall=0.698000, mean_diversity=0.203823,
indivs=17863562, elapsed_secs=49912, mean=0.599573, stdev=0.161617, best fit=0.698000, best_overall=0.698000, mean_diversity=0.122853,
indivs=17873660, elapsed_secs=49941, mean=0.594919, stdev=0.147095, best fit=0.698000, best_overall=0.698000, mean_diversity=0.102472,
indivs=17883758, elapsed_secs=49965, mean=0.617469, stdev=0.100753, best fit=0.698000, best_overall=0.698000, mean_diversity=0.128858,
indivs=17893856, elapsed_secs=49994, mean=0.635801, stdev=0.082619, best fit=0.698000, best_overall=0.698000, mean_diversity=0.105994,
indivs=17903954, elapsed_secs=50020, mean=0.606832, stdev=0.120310, best fit=0.698000, best_overall=0.698000, mean_diversity=0.382431,
indivs=17914052, elapsed_secs=50046, mean=0.615155, stdev=0.089100, best fit=0.698000, best_overall=0.698000, mean_diversity=0.092526,
indivs=17924150, elapsed_secs=50074, mean=0.613938, stdev=0.079895, best fit=0.698000, best_overall=0.698000, mean_diversity=0.083788,
indivs=17934248, elapsed_secs=50104, mean=0.626566, stdev=0.091961, best fit=0.698000, best_overall=0.698000, mean_diversity=0.096348,
indivs=17944346, elapsed_secs=50124, mean=0.617741, stdev=0.135130, best fit=0.698000, best_overall=0.698000, mean_diversity=0.127133,
indivs=17954444, elapsed_secs=50152, mean=0.623154, stdev=0.113888, best fit=0.698000, best_overall=0.698000, mean_diversity=0.115000,
indivs=17964542, elapsed_secs=50178, mean=0.610548, stdev=0.086799, best fit=0.698000, best_overall=0.698000, mean_diversity=0.119373,
indivs=17974640, elapsed_secs=50207, mean=0.584891, stdev=0.115470, best fit=0.698000, best_overall=0.698000, mean_diversity=0.126547,
indivs=17984738, elapsed_secs=50236, mean=0.534897, stdev=0.198862, best fit=0.698000, best_overall=0.698000, mean_diversity=0.171496,
indivs=17994836, elapsed_secs=50261, mean=0.621406, stdev=0.118587, best fit=0.698000, best_overall=0.698000, mean_diversity=0.081777,
indivs=18004934, elapsed_secs=50290, mean=0.623247, stdev=0.081354, best fit=0.698000, best_overall=0.698000, mean_diversity=0.131297,
indivs=18015032, elapsed_secs=50325, mean=0.639433, stdev=0.084999, best fit=0.698000, best_overall=0.698000, mean_diversity=0.096131,
indivs=18025130, elapsed_secs=50349, mean=0.608052, stdev=0.058273, best fit=0.698000, best_overall=0.698000, mean_diversity=0.089944,
indivs=18035228, elapsed_secs=50373, mean=0.617496, stdev=0.088090, best fit=0.698000, best_overall=0.698000, mean_diversity=0.120860,
indivs=18045326, elapsed_secs=50406, mean=0.638811, stdev=0.075492, best fit=0.698000, best_overall=0.698000, mean_diversity=0.135576,
indivs=18055424, elapsed_secs=50432, mean=0.607803, stdev=0.089232, best fit=0.698000, best_overall=0.698000, mean_diversity=0.097890,
indivs=18065522, elapsed_secs=50460, mean=0.627517, stdev=0.130293, best fit=0.698000, best_overall=0.698000, mean_diversity=0.145068,
indivs=18075620, elapsed_secs=50484, mean=0.612724, stdev=0.080642, best fit=0.698000, best_overall=0.698000, mean_diversity=0.112909,
indivs=18085718, elapsed_secs=50515, mean=0.634333, stdev=0.101760, best fit=0.698000, best_overall=0.698000, mean_diversity=0.100404,
Experiment done. Retrieving candidate algorithm.
Search fitness for candidate algorithm = 0.698000
Evaluating candidate algorithm from experiment (on T_select tasks)... 
Select fitness for candidate algorithm = 0.680700
Select fitness is the best so far. 

Final evaluation of best algorithm (on unseen tasks)...
Final evaluation fitness (on unseen data) = 0.678100
Algorithm found: 
def Setup():
  v6 = gaussian(-0.558532, 0.999738, n_features)
  m1 = gaussian(0.72049, 0.949976, (n_features, n_features))
  v5 = gaussian(-0.998084, 0.00173833, n_features)
  s2 = gaussian(0.0757788, 0.111004)
  v6 = uniform(-0.244464, 0.443659, n_features)
  s4 = gaussian(-0.0434023, 0.105147)
def Predict():
  s3 = s0 + s4
  s3 = s4 + s1
  v7 = v8 + v1
  v5 = v2 + v0
  v8 = v7 + v6
  s3 = s1 + s3
  v6 = maximum(v2, v2)
  s1 = dot(v3, v0)
  v6 = v5 + v5
  v7 = maximum(v8, v4)
def Learn():
  s4 = s3 - s1
  v4 = s0 * v5
  v8 = s4 * v7
  s4 = s0 - s4
  s4 = s2 - s4
  s2 = s3 + s2
  v3 = v1 + v3
  s4 = s4 * s1
  m1 = outer(v8, v2)
  v5 = v8 + v7
  s2 = s2 - s3
  s3 = s3 + s3
  s3 = s0 + s0
  v6 = heaviside(v5, 1.0)
  m0 = outer(v1, v1)
  v1 = v6 * v4
  m1 = outer(v7, v0)

